FLUXO;PERIODO;NIF;REF;NC;PAIS;PORIGEM;REGIAO;CODENT;NATTRA;MODTRA;AERPOR;MASSA;UNSUP;VALFAC;"VAL ESTAT";ADQNIF;ERRO
INTRA-EX;202612;513881387;VWR12G7R600FO;84213100;HU;PT;10;EXW;11;3;;0,5;1;87;;QV999999999999;
INTRA-EX;202612;513881387;PP1895;84213100;ES;PT;10;EXW;11;3;;0,5;1;33;;ESB76323815;
INTRA-EX;202612;513881387;613182.654150;87089997;ES;PT;10;EXW;11;3;;0,5;2;125;;ESB76323815;
INTRA-EX;202612;513881387;MMTS-GLF-15;90321020;ES;PT;10;EXW;11;3;;0,2;1;47;;ESB76323815;
INTRA-EX;202612;513881387;ATIKVAG19-BL;84213100;ES;PT;10;EXW;11;3;;4,9;1;197;;ES44739907P;
INTRA-EX;202612;513881387;VWR810000;87089997;ES;PT;10;EXW;11;3;;0,2;1;24;;ES44739907P;
INTRA-EX;202612;513881387;VWR180002;87089997;ES;PT;10;EXW;11;3;;0,1;1;25;;ES44739907P;
INTRA-EX;202612;513881387;420103485B;70102000;ES;PT;10;EXW;11;3;;0,1;1;23;;ES44739907P;
INTRA-EX;202612;513881387;BKR8EIX-4;85111000;ES;PT;10;EXW;11;3;;0,3;1;43;;ES44739907P;
INTRA-EX;202612;513881387;CTS-HW-0242;70102000;ES;PT;10;EXW;11;3;;0,5;1;62;;ES44739907P;
INTRA-EX;202612;513881387;AC-200-PP;84198998;ES;PT;10;EXW;11;3;;0,5;1;82;;ES44739907P;
INTRA-EX;202612;513881387;MS100210-4;84099100;ES;PT;10;EXW;11;3;;1,7;1;127;;ES44739907P;
INTRA-EX;202612;513881387;SAU0432-4P-EB;87083091;ES;PT;10;EXW;11;3;;0,5;1;77;;ES44739907P;
INTRA-EX;202612;513881387;CTS-IT-500;40091100;ES;PT;10;EXW;11;3;;1,6;1;149;;ES44739907P;
INTRA-EX;202612;513881387;30-3300;87089997;ES;PT;10;EXW;11;3;;4,9;1;481;;ES44739907P;
INTRA-EX;202612;513881387;PP2045;84213100;ES;PT;10;EXW;11;3;;0,5;1;33;;QV999999999999;
INTRA-EX;202612;513881387;SMNX014;84099100;ES;PT;10;EXW;11;3;;8,7;2;1078;;ESF21716261;
INTRA-EX;202612;513881387;SMNC011;87089235;ES;PT;10;EXW;11;3;;3;2;275;;ESF21716261;
INTRA-EX;202612;513881387;SMNC014;87089997;ES;PT;10;EXW;11;3;;8,2;1;368;;ESF21716261;
INTRA-EX;202612;513881387;UR-RL8-3013;87088055;FR;PT;10;EXW;11;3;;6,5;1;163;;QV999999999999;
INTRA-EX;202612;513881387;UR-LA6-3012;87088055;FR;PT;10;EXW;11;3;;6,8;1;161;;QV999999999999;
INTRA-EX;202612;513881387;UR-RL2-3014;87088055;FR;PT;10;EXW;11;3;;1,5;1;66;;QV999999999999;
INTRA-EX;202612;513881387;10.127.203T;87089997;FR;PT;10;EXW;11;3;;0,1;1;14;;QV999999999999;
INTRA-EX;202612;513881387;FMEDV103R;84814090;FR;PT;10;EXW;11;3;;0,5;1;200;;QV999999999999;
INTRA-EX;202612;513881387;SILZKBR8D8S-6;84099100;FR;PT;10;EXW;11;3;;0,4;1;68;;QV999999999999;
INTRA-EX;202612;513881387;PF04;85444290;DK;PT;10;EXW;11;3;;0,2;1;156;;DK44139332;
INTRA-EX;202612;513881387;EVE-G63AMG-CF-INT;84099100;BG;PT;10;EXW;11;3;;8,8;1;2392;;BG204171399;
INTRA-EX;202612;513881387;FMDV008-BLA;84814090;CY;PT;10;EXW;11;3;;0,5;1;107;;CY00781748Y;
INTRA-EX;202612;513881387;216BFWABOSM;90262020;CY;PT;10;EXW;11;3;;0,3;2;44;;CY00781748Y;
INTRA-EX;202612;513881387;9-201-1000;84133080;CY;PT;10;EXW;11;3;;0,5;2;141;;CY00781748Y;
INTRA-EX;202612;513881387;MB674-6CDC;87089235;RO;PT;10;EXW;11;3;;7,8;1;1206;;RO44155538;
INTRA-EX;202612;513881387;EVE-C8HTC-CF-INT;10;SI;PT;10;EXW;11;3;;9,6;1;1710;;SI84452412;
INTRA-EX;202612;513881387;SBW0270-4P-BK;87083091;SI;PT;10;EXW;11;3;;0,5;2;151;;SI84452412;
INTRA-EX;202612;513881387;SP-124;32081090;SI;PT;10;EXW;11;3;;0,5;1;13;;SI84452412;
INTRA-EX;202612;513881387;SP-128;32081090;SI;PT;10;EXW;11;3;;0,5;1;13;;SI84452412;
INTRA-EX;202612;513881387;SP-670;32081090;SI;PT;10;EXW;11;3;;0,8;1;12;;SI84452412;
INTRA-EX;202612;513881387;SP-102;32081090;SI;PT;10;EXW;11;3;;0,5;1;15;;SI84452412;
INTRA-EX;202612;513881387;SP-671;32081090;SI;PT;10;EXW;11;3;;0,8;1;12;;SI84452412;
INTRA-EX;202612;513881387;SP-824;32081090;SI;PT;10;EXW;11;3;;0,5;1;14;;SI84452412;
INTRA-EX;202612;513881387;SP-999;32081090;SI;PT;10;EXW;11;3;;0,5;1;20;;SI84452412;
INTRA-EX;202612;513881387;SP-204;32081090;SI;PT;10;EXW;11;3;;0,5;1;16;;SI84452412;
INTRA-EX;202612;513881387;SP-201;32081090;SI;PT;10;EXW;11;3;;0,5;1;16;;SI84452412;
INTRA-EX;202612;513881387;VWR120000;84213100;SI;PT;10;EXW;11;3;;1;3;92;;SI84452412;
INTRA-EX;202612;513881387;CTS-IT-341;40091100;HR;PT;10;EXW;11;3;;1,4;1;164;;HR09842419742;
INTRA-EX;202612;513881387;AC-B58.2-DP;87089235;SK;PT;10;EXW;11;3;;4,4;1;131;;SK2120270581;
INTRA-EX;202612;513881387;KTA216A;87088035;DE;PT;10;EXW;11;3;;4,3;1;240;;DE359821210;
INTRA-EX;202612;513881387;MMFS-BRZ-13P;84149000;DE;PT;10;EXW;11;3;;5,4;1;209;;DE359821210;
INTRA-EX;202612;513881387;MMRAD-BRZ-13;87089135;DE;PT;10;EXW;11;3;;6,4;1;241;;DE359821210;
INTRA-EX;202612;513881387;VSTD8-C1SA4;87089997;DE;PT;10;EXW;11;3;;26,5;2;1568;;DE359821210;
INTRA-EX;202612;513881387;L3P3SFRX;87089997;DE;PT;10;EXW;11;3;;0,6;1;264;;DE359821210;
INTRA-EX;202612;513881387;KDT925;87089997;DE;PT;10;EXW;11;3;;0,5;1;41;;DE359821210;
INTRA-EX;202612;513881387;SRNPC027;87089235;PL;PT;10;EXW;11;3;;8;1;275;;PL8141683531;
INTRA-EX;202612;513881387;CTS-IT-256;40091100;PL;PT;10;EXW;11;3;;2,3;2;299;;PL8141683531;
INTRA-EX;202612;513881387;VWR900003;85111000;PL;PT;10;EXW;11;3;;0,3;4;122;;PL8141683531;
INTRA-EX;202612;513881387;CTS-HW-380;40091100;PL;PT;10;EXW;11;3;;0,6;1;74;;PL8141683531;
INTRA-EX;202612;513881387;9-354-1025;84133080;GR;PT;10;EXW;11;3;;0,8;1;161;;GREL802913609;
INTRA-EX;202612;513881387;9-307-1060;84133080;GR;PT;10;EXW;11;3;;0,6;1;122;;GREL802913609;
INTRA-EX;202612;513881387;03K906051;90269000;GR;PT;10;EXW;11;3;;0,1;1;13;;GREL802913609;
INTRA-EX;202612;513881387;9-654-1025;84133080;GR;PT;10;EXW;11;3;;0,8;1;129;;GREL802913609;
INTRA-EX;202612;513881387;9-355-1025;84133080;GR;PT;10;EXW;11;3;;0,8;1;161;;GREL802913609;
INTRA-EX;202612;513881387;AC-200-PCVD;87089997;GR;PT;10;EXW;11;3;;0,5;3;98;;GREL802913609;
INTRA-EX;202612;513881387;mmai-cla45-14bk;84213100;GR;PT;10;EXW;11;3;;4,1;2;626;;GREL115989483;
INTRA-EX;202612;513881387;RF100018;84099100;GR;PT;10;EXW;11;3;;1;1;123;;GREL802913609;
INTRA-EX;202612;513881387;MMIG-FOST-1204;85111000;GR;PT;10;EXW;11;3;;2;1;132;;GREL802913609;
INTRA-EX;202612;513881387;MMRAD-RX8-04;87089135;GR;PT;10;EXW;11;3;;7;1;209;;GREL108534505;
INTRA-EX;202612;513881387;D650-0010;84099100;GR;PT;10;EXW;11;3;;0,3;6;151;;GREL802913609;
INTRA-EX;202612;513881387;MMSD-G80-21WBK;87089135;BE;PT;10;EXW;11;3;;4,8;1;291;;BE0897648094;
INTRA-EX;202612;513881387;06F103483E;87089235;NL;PT;10;EXW;11;3;;0,1;3;12;;NL866996473B01;
INTRA-EX;202612;513881387;AC-211-CFA;87089997;NL;PT;10;EXW;11;3;;0,1;2;33;;NL866996473B01;
INTRA-EX;202612;513881387;VWR160001;87089997;NL;PT;10;EXW;11;3;;0,4;2;171;;NL866996473B01;
INTRA-EX;202612;513881387;VWR1210R600EG;84213100;NL;PT;10;EXW;11;3;;5,2;1;458;;NL866996473B01;
INTRA-EX;202612;513881387;VWR12UPGTCOMP;84213100;NL;PT;10;EXW;11;3;;2,4;1;352;;NL866996473B01;
INTRA-EX;202612;513881387;VWR640012;87089997;NL;PT;10;EXW;11;3;;2,2;1;62;;NL866996473B01;
INTRA-EX;202612;513881387;VWR12G7R600ITBLA;84213100;NL;PT;10;EXW;11;3;;0,8;2;152;;NL866996473B01;
INTRA-EX;202612;513881387;VWR180004;87089997;NL;PT;10;EXW;11;3;;0,1;1;26;;NL866996473B01;
INTRA-EX;202612;513881387;BKR8EIX;85111000;NL;PT;10;EXW;11;3;;0,1;32;291;;NL866996473B01;
INTRA-EX;202612;513881387;ILZTR6A8G;85111000;NL;PT;10;EXW;11;3;;0,1;8;56;;NL866996473B01;
INTRA-EX;202612;513881387;BKR7EIX;85111000;NL;PT;10;EXW;11;3;;0,1;4;34;;NL866996473B01;
INTRA-EX;202612;513881387;VWR12G7R600ITRED;84213100;NL;PT;10;EXW;11;3;;0,8;1;76;;NL866996473B01;
INTRA-EX;202612;513881387;CTS-HW-031;87089235;NL;PT;10;EXW;11;3;;0,1;1;82;;NL866996473B01;
INTRA-EX;202612;513881387;SILZKGR8C8S;85111000;NL;PT;10;EXW;11;3;;0,1;6;93;;NL866860666B01;
INTRA-EX;202612;513881387;EM100050;84213100;NL;PT;10;EXW;11;3;;0,4;1;226;;NL866860666B01;
INTRA-EX;202612;513881387;CI100056D;84213100;NL;PT;10;EXW;11;3;;5,5;1;821;;NL866860666B01;
INTRA-EX;202612;513881387;CTS-TR-1070;87089997;NL;PT;10;EXW;11;3;;12,3;1;1124;;NL866860666B01;
INTRA-EX;202612;513881387;EVE-S1-CF-INT;84213100;IT;PT;10;EXW;11;3;;3;1;456;;IT08839490011;
INTRA-EX;202612;513881387;EVE-2TFSI-CF-INT;84213100;IT;PT;10;EXW;11;3;;3,1;1;663;;IT08839490011;
INTRA-EX;202612;513881387;EVE-EA8884-R-INT;84213100;IT;PT;10;EXW;11;3;;5;1;999;;IT08839490011;
INTRA-EX;202612;513881387;MMHOSE-BRZ-13BL;40091100;IT;PT;10;EXW;11;3;;1,5;1;89;;IT08839490011;
INTRA-EX;202612;513881387;SVWX060;87089235;IT;PT;10;EXW;11;3;;10,8;1;498;;IT02710790060;
INTRA-EX;202612;513881387;KLC179;87089235;IT;PT;10;EXW;11;3;;1,2;1;103;;IT03656931205;
INTRA-EX;202612;513881387;KLC182;87088055;IT;PT;10;EXW;11;3;;1;1;100;;IT03656931205;
INTRA-EX;202612;513881387;10.127.100K;84132000;ES;PT;10;EXW;11;3;;0,3;1;314;;ES45733962a;
INTRA-EX;202612;513881387;AC-Z33-DP;87089235;ES;PT;10;EXW;11;3;;4,5;1;75;;ESB04855516;
INTRA-EX;202612;513881387;MS100204;85111000;ES;PT;10;EXW;11;3;;0,3;2;82;;ESB04855516;
INTRA-EX;202612;513881387;CTS-IT-275;87089235;ES;PT;10;EXW;11;3;;1,9;1;149;;ESB04855516;
INTRA-EX;202612;513881387;VWR1200R601E;84213100;ES;PT;10;EXW;11;3;;4,9;1;338;;ES33558767L;
INTRA-EX;202612;513881387;VWR12G7R600ITBLA;84213100;ES;PT;10;EXW;11;3;;0,8;1;76;;ES33558767L;
INTRA-EX;202612;513881387;VWR17G7R600;40091100;ES;PT;10;EXW;11;3;;0,2;1;38;;ES33558767L;
INTRA-EX;202612;513881387;VWR800001;58109210;ES;PT;10;EXW;11;3;;0,1;1;7;;ES33558767L;
INTRA-EX;202612;513881387;ATINTVAG15;87089135;ES;PT;10;EXW;11;3;;10,2;1;473;;ES33558767L;
INTRA-EX;202612;513881387;FMINLS1-BLA;40091100;ES;PT;10;EXW;11;3;;0,8;1;56;;ES33558767L;
INTRA-EX;202612;513881387;FMEDV103A;84818040;ES;PT;10;EXW;11;3;;0,5;1;149;;ESB36049757;
INTRA-EX;202612;513881387;EVE-A35-CF-INT;84213100;ES;PT;10;EXW;11;3;;4,2;1;928;;ESB04855516;
INTRA-EX;202612;513881387;FMINDDS3-RED;84213100;ES;PT;10;EXW;11;3;;1,2;1;93;;ESB36049757;
INTRA-EX;202612;513881387;4B5562H-STD;40091100;ES;PT;10;EXW;11;3;;0,2;1;51;;ES44719365M;
INTRA-EX;202612;513881387;353840;87082910;ES;PT;10;EXW;11;3;;2,2;1;554;;ES44719365M;
INTRA-EX;202612;513881387;SBMP086;87089235;ES;PT;10;EXW;11;3;;11,8;1;275;;ES38873546G;
INTRA-EX;202612;513881387;EVE-F56-CF-INT;84213100;ES;PT;10;EXW;11;3;;4,9;1;1156;;ESB19296938;
INTRA-EX;202612;513881387;MMOC-F;87089997;ES;PT;10;EXW;11;3;;2,1;1;109;;ES38873546G;
INTRA-EX;202612;513881387;SVW0630-4P-BK;87083091;ES;PT;10;EXW;11;3;;0,5;1;75;;ESB04886776;
INTRA-EX;202612;513881387;DILKAR8A8;85111000;ES;PT;10;EXW;11;3;;0,1;6;128;;ES72815006L;
INTRA-EX;202612;513881387;SAUC074;87089235;ES;PT;10;EXW;11;3;;12;1;277;;ESB19296938;
INTRA-EX;202612;513881387;SAUS074;87089235;ES;PT;10;EXW;11;3;;19,6;1;486;;ESB19296938;
INTRA-EX;202612;513881387;FMDV33A-BLA;87089997;ES;PT;10;EXW;11;3;;0,7;1;158;;ESB42954230;
INTRA-EX;202612;513881387;10.127.203K;84132000;ES;PT;10;EXW;11;3;;0,3;2;454;;ESB42954230;
INTRA-EX;202612;513881387;10.127.203T;87089997;ES;PT;10;EXW;11;3;;0,1;2;21;;ESB42954230;
INTRA-EX;202612;513881387;AC-MK7-MD;87089997;ES;PT;10;EXW;11;3;;0,4;1;43;;ESB42954230;
INTRA-EX;202612;513881387;VWR12P2GTG;84213100;ES;PT;10;EXW;11;3;;2,1;1;444;;ESB42954230;
INTRA-EX;202612;513881387;VWR180002;87089997;ES;PT;10;EXW;11;3;;0,1;1;21;;ESB42954230;
INTRA-EX;202612;513881387;VWR180003;87089997;ES;PT;10;EXW;11;3;;0,1;1;21;;ESB42954230;
INTRA-EX;202612;513881387;VWR810006;87089997;ES;PT;10;EXW;11;3;;1,5;1;200;;ESB42954230;
INTRA-EX;202612;513881387;VWR630000;87141030;ES;PT;10;EXW;11;3;;1,9;1;114;;ESB42954230;
INTRA-EX;202612;513881387;VWR12G7R600ITRED;84213100;ES;PT;10;EXW;11;3;;0,8;1;76;;ESB42954230;
INTRA-EX;202612;513881387;CTS-CC-MK5FSI;84099100;ES;PT;10;EXW;11;3;;1,9;1;262;;ESB42954230;
INTRA-EX;202612;513881387;EVE-A45S-CF-INT;84213100;ES;PT;10;EXW;11;3;;3,9;1;999;;ESB42954230;
INTRA-EX;202612;513881387;MMRAD-MAC-06;87089135;ES;PT;10;EXW;11;3;;9,1;1;196;;ESB42954230;
INTRA-EX;202612;513881387;VWR12G7R600ITBLA;84213100;ES;PT;10;EXW;11;3;;0,8;3;229;;ESB42954230;
INTRA-EX;202612;513881387;VWR12G7R600ITINLET;87089997;ES;PT;10;EXW;11;3;;0,4;3;300;;ESB42954230;
INTRA-EX;202612;513881387;VWR13G700;84099100;ES;PT;10;EXW;11;3;;3;1;468;;ESB42954230;
INTRA-EX;202612;513881387;VWR13G700RFK;87089997;ES;PT;10;EXW;11;3;;0,5;1;46;;ESB42954230;
INTRA-EX;202612;513881387;VWR160001;87089997;ES;PT;10;EXW;11;3;;0,4;4;343;;ESB42954230;
INTRA-EX;202612;513881387;VWR1130RS;84213100;ES;PT;10;EXW;11;3;;0,4;2;105;;ESB42954230;
INTRA-EX;202612;513881387;VWR1200R601E;84213100;ES;PT;10;EXW;11;3;;4,9;2;676;;ESB42954230;
INTRA-EX;202612;513881387;AC-MK8-DP;87089235;ES;PT;10;EXW;11;3;;8,3;1;155;;ESB94171030;
INTRA-EX;202612;513881387;AC-MQB-IC;84198998;ES;PT;10;EXW;11;3;;16,3;1;281;;ESB94171030;
INTRA-EX;202612;513881387;VWR900001;85111000;ES;PT;10;EXW;11;3;;0,3;4;122;;ESB94171030;
INTRA-EX;202612;513881387;AC-MK7-DP;87089235;ES;PT;10;EXW;11;3;;9,2;1;155;;ESB94171030;
INTRA-EX;202612;513881387;R7437-9;85111000;ES;PT;10;EXW;11;3;;0,1;4;145;;ES33551947F;
INTRA-EX;202612;513881387;SILFER8C7ES;85111000;ES;PT;10;EXW;11;3;;0,1;4;42;;ES50902109G;
INTRA-EX;202612;513881387;VWR1200R601E;84213100;ES;PT;10;EXW;11;3;;4,9;1;338;;ES50902109G;
INTRA-EX;202612;513881387;EVE-2TFSI-CF-INT;84213100;ES;PT;10;EXW;11;3;;3,1;1;663;;ES29524079Z;
INTRA-EX;202612;513881387;VWR120000;84213100;ES;PT;10;EXW;11;3;;1;1;30;;ES29524079Z;
INTRA-EX;202612;513881387;VWR31G80R;73209090;ES;PT;10;EXW;11;3;;8;1;161;;ES29524079Z;
INTRA-EX;202612;513881387;U5055;85111000;ES;PT;10;EXW;11;3;;0,3;6;111;;ES29524079Z;
INTRA-EX;202612;513881387;MS100247;85111000;ES;PT;10;EXW;11;3;;0,4;4;114;;ES29524079Z;
INTRA-EX;202612;513881387;AC-200-HPFP;87089997;ES;PT;10;EXW;11;3;;1;1;323;;ES29524079Z;
INTRA-EX;202612;513881387;10.127.100K;84132000;FR;PT;10;EXW;11;3;;0,3;1;227;;FR82530667591;
INTRA-EX;202612;513881387;R7437-8;85111000;FR;PT;10;EXW;11;3;;0,1;4;136;;FR09800029712;
INTRA-EX;202612;513881387;R7437-9;85111000;FR;PT;10;EXW;11;3;;0,1;5;181;;FR09800029712;
INTRA-EX;202612;513881387;UR-TW2-3212;87088055;FR;PT;10;EXW;11;3;;3,2;1;81;;FR82530667591;
INTRA-EX;202612;513881387;ARAB65CRS200;84213100;FR;PT;10;EXW;11;3;;2,4;1;170;;FR82530667591;
INTRA-EX;202612;513881387;UR-RE4-3213A;87088055;FR;PT;10;EXW;11;3;;6;1;98;;FR82530667591;
INTRA-EX;202612;513881387;EVE-G8XCSL-CF-KIT;84213100;FR;PT;10;EXW;11;3;;4;1;465;;FR86498478304;
INTRA-EX;202612;513881387;EVE-F8xM-PF;84212300;FR;PT;10;EXW;11;3;;1,5;1;85;;FR86498478304;
INTRA-EX;202612;513881387;EVE-E36M3-CF-INT;84213100;FR;PT;10;EXW;11;3;;2,7;1;682;;FR71791829385;
INTRA-EX;202612;513881387;VWR90000;85111000;FR;PT;10;EXW;11;3;;0,3;4;122;;FR71791829385;
INTRA-EX;202612;513881387;SILZKBR8D8S;85111000;FR;PT;10;EXW;11;3;;0,1;48;470;;FR35504243288;
INTRA-EX;202612;513881387;6B1584H-STD;40091100;FR;PT;10;EXW;11;3;;0,4;2;214;;FR35504243288;
INTRA-EX;202612;513881387;U5055;85111000;FR;PT;10;EXW;11;3;;0,3;6;111;;FR19980130553;
INTRA-EX;202612;513881387;10.127.100K;84132000;FR;PT;10;EXW;11;3;;0,3;1;227;;FR19980130553;
INTRA-EX;202612;513881387;ATMSBMW13;87089199;FR;PT;10;EXW;11;3;;1,9;1;186;;FR35504243288;
INTRA-EX;202612;513881387;EVE-F56-CF-INT;84213100;IT;PT;10;EXW;11;3;;4,9;1;1156;;IT03656931205;
INTRA-EX;202612;513881387;VWR682000;87089997;FR;PT;10;EXW;11;3;;15,5;1;187;;FR46821372117;
INTRA-EX;202612;513881387;SAU0631-4C-RD;87083091;FR;PT;10;EXW;11;3;;0,5;1;94;;FR46821372117;
INTRA-EX;202612;513881387;AC-MK7-RL;87088055;FR;PT;10;EXW;11;3;;0,5;1;40;;FR46821372117;
INTRA-EX;202612;513881387;FMINT32;87089997;FR;PT;10;EXW;11;3;;16,7;1;502;;FR39833105364;
INTRA-EX;202612;513881387;FRI-0194;84213100;FR;PT;10;EXW;11;3;;3,8;1;725;;FR71791829385;
INTRA-EX;202612;513881387;EVE-FK2-CF-MAF;40091100;FR;PT;10;EXW;11;3;;2;1;178;;FR86498478304;
INTRA-EX;202612;513881387;CTS-IT-805;40091100;FR;PT;10;EXW;11;3;;2,5;1;164;;FR94827543661;
INTRA-EX;202612;513881387;SBMP082;87089235;FR;PT;10;EXW;11;3;;9,5;1;157;;FR43935269613;
INTRA-EX;202612;513881387;10.127.101K;84133080;FR;PT;10;EXW;11;3;;0,3;1;227;;FR94827543661;
INTRA-EX;202612;513881387;PK380;84213100;RO;PT;10;EXW;11;3;;5,8;1;276;;QV999999999999;
INTRA-EX;202612;513881387;PK424;84213100;SI;PT;10;EXW;11;3;;4,6;1;288;;QV999999999999;
INTRA-EX;202612;513881387;ATINTFO42;87089997;SI;PT;10;EXW;11;3;;9,6;1;294;;QV999999999999;
INTRA-EX;202612;513881387;SSK1140-4P-BK;87083091;SK;PT;10;EXW;11;3;;0,5;1;68;;SK2121638398;
INTRA-EX;202612;513881387;AC-200-IT;84198998;SK;PT;10;EXW;11;3;;5;1;187;;SK2121638398;
INTRA-EX;202612;513881387;SILZKGR8C8S-6;85111000;HR;PT;10;EXW;11;3;;0,4;1;104;;QV999999999999;
INTRA-EX;202612;513881387;ATMSHYU5;87089997;HR;PT;10;EXW;11;3;;3,9;1;176;;QV999999999999;
INTRA-EX;202612;513881387;FMSS3;87089997;HR;PT;10;EXW;11;3;;0,3;1;95;;QV999999999999;
INTRA-EX;202612;513881387;SNN0910-1C-BK;40093100;DE;PT;10;EXW;11;3;;0,3;1;34;;QV999999999999;
INTRA-EX;202612;513881387;MMTS-350Z-03L;90321020;DE;PT;10;EXW;11;3;;0,3;1;46;;QV999999999999;
INTRA-EX;202612;513881387;UR-ML2-1258;87088055;DE;PT;10;EXW;11;3;;1;1;64;;QV999999999999;
INTRA-EX;202612;513881387;UR-LA2-1256;87088055;DE;PT;10;EXW;11;3;;1,7;1;73;;QV999999999999;
INTRA-EX;202612;513881387;UR-LA8-1257;87088055;DE;PT;10;EXW;11;3;;5,3;1;164;;QV999999999999;
INTRA-EX;202612;513881387;PF05;90262020;DE;PT;10;EXW;11;3;;0,2;1;226;;QV999999999999;
INTRA-EX;202612;513881387;VWR12G6GTFOC;84213100;GR;PT;10;EXW;11;3;;0,5;1;92;;GREL802913609;
INTRA-EX;202612;513881387;EVO9202;84213100;GR;PT;10;EXW;11;3;;5,6;1;279;;GREL802913609;
INTRA-EX;202612;513881387;SMN011;87089235;GR;PT;10;EXW;11;3;;25,5;1;532;;GREL802913609;
INTRA-EX;202612;513881387;VWR810009;87089997;GR;PT;10;EXW;11;3;;0,2;1;47;;QV999999999999;
INTRA-EX;202612;513881387;VWR19G701;87089997;GR;PT;10;EXW;11;3;;0,2;1;56;;QV999999999999;
INTRA-EX;202612;513881387;VWR140014;87089997;GR;PT;10;EXW;11;3;;0,1;1;25;;QV999999999999;
INTRA-EX;202612;513881387;VWR190000;87089997;GR;PT;10;EXW;11;3;;0,3;1;89;;QV999999999999;
INTRA-EX;202612;513881387;VWR180000;87089997;GR;PT;10;EXW;11;3;;0,1;1;12;;QV999999999999;
INTRA-EX;202612;513881387;EVE-EA8884-R-INT;84213100;BE;PT;10;EXW;11;3;;5;1;1057;;QV999999999999;
INTRA-EX;202612;513881387;EVE-661-G2-FTR;84213100;NL;PT;10;EXW;11;3;;0,6;1;63;;NL859866403B01;
INTRA-EX;202612;513881387;AC-C7RS-DP;87089997;NL;PT;10;EXW;11;3;;8,8;1;275;;NL866860666B01;
INTRA-EX;202612;513881387;CI100039-B;40091100;NL;PT;10;EXW;11;3;;1,7;1;151;;QV999999999999;
INTRA-EX;202612;513881387;R7437-9-8;84099100;NL;PT;10;EXW;11;3;;0,5;1;339;;QV999999999999;
INTRA-EX;202612;513881387;AC-MK7-MD;87089997;NL;PT;10;EXW;11;3;;0,4;1;65;;QV999999999999;
INTRA-EX;202612;513881387;AC-MK45-RU-RD;87088055;IT;PT;10;EXW;11;3;;3;1;53;;IT12072620011;
INTRA-EX;202612;513881387;UR-TW2-1212;87088055;IT;PT;10;EXW;11;3;;1,7;4;275;;IT12072620011;
INTRA-EX;202612;513881387;KTA260;87088055;IT;PT;10;EXW;11;3;;3;1;160;;IT02710790060;
INTRA-EX;202612;513881387;FMFSITAT-BLK;87089997;IT;PT;10;EXW;11;3;;0,7;1;134;;IT02330960994;
INTRA-EX;202612;513881387;DILKAR7C9H;85111000;IT;PT;10;EXW;11;3;;0,1;4;44;;IT12072620011;
INTRA-EX;202612;513881387;FMBH10-PERFBLUE;40093100;IT;PT;10;EXW;11;3;;0,3;1;29;;QV999999999999;
INTRA-EX;202612;513881387;ATMSHYU6;87089997;IT;PT;10;EXW;11;3;;0,2;1;53;;QV999999999999;
INTRA-EX;202612;513881387;FMDV37-BLACK;84818040;IT;PT;10;EXW;11;3;;0,6;1;167;;QV999999999999;
INTRA-EX;202612;513881387;AC-211-CFA;87089997;IT;PT;10;EXW;11;3;;0,1;1;24;;QV999999999999;
INTRA-EX;202612;513881387;VWR12UPITINLET;84213100;ES;PT;10;EXW;11;3;;0,4;1;95;;ES49409667d;
INTRA-EX;202612;513881387;VWR90000-4;84099100;ES;PT;10;EXW;11;3;;1,8;1;148;;ES77406264V;
INTRA-EX;202612;513881387;EVE-G20B48-V2-INT;84213100;ES;PT;10;EXW;11;3;;4,2;1;999;;ES16610275C;
INTRA-EX;202612;513881387;VWR180000;87089997;ES;PT;10;EXW;11;3;;0,1;1;9;;ES50902109G;
INTRA-EX;202612;513881387;FMDVR60A;84814090;ES;PT;10;EXW;11;3;;0,7;1;158;;ES38873546G;
INTRA-EX;202612;513881387;CTS-IT-963;84213100;ES;PT;10;EXW;11;3;;7;1;365;;ES44719365M;
INTRA-EX;202612;513881387;BKR8EIX;85111000;ES;PT;10;EXW;11;3;;0,1;4;36;;ES44719365M;
INTRA-EX;202612;513881387;AC-C7RS-DPHS;87089997;ES;PT;10;EXW;11;3;;8,8;1;335;;ES44719365M;
INTRA-EX;202612;513881387;VWR1200R601E;84213100;ES;PT;10;EXW;11;3;;4,9;1;338;;ES50902109G;
INTRA-EX;202612;513881387;5M8174H-STD;40091100;ES;PT;10;EXW;11;3;;0,4;1;82;;QV999999999999;
INTRA-EX;202612;513881387;4B8172H-STD;40091100;ES;PT;10;EXW;11;3;;0,2;1;60;;QV999999999999;
INTRA-EX;202612;513881387;ATMSP2083;87089997;ES;PT;10;EXW;11;3;;0,6;1;115;;QV999999999999;
INTRA-EX;202612;513881387;E10-82-097-02-22;73209090;ES;PT;10;EXW;11;3;;7,2;1;220;;QV999999999999;
INTRA-EX;202612;513881387;AMS-00.06.0108-1;87089997;ES;PT;10;EXW;11;3;;0,1;1;4;;QV999999999999;
INTRA-EX;202612;513881387;ASAF;33030010;ES;PT;10;EXW;11;3;;0,1;1;1;;QV999999999999;
INTRA-EX;202612;513881387;AC-VAG-BC;87089997;ES;PT;10;EXW;11;3;;0,2;1;22;;QV999999999999;
INTRA-EX;202612;513881387;SAU0433-4P-BK;87083091;ES;PT;10;EXW;11;3;;0,5;1;77;;QV999999999999;
INTRA-EX;202612;513881387;50003-MR45HLZ-4;87089997;ES;PT;10;EXW;11;3;;0,3;1;130;;QV999999999999;
INTRA-EX;202612;513881387;DV100001;84213100;ES;PT;10;EXW;11;3;;0,5;1;245;;QV999999999999;
INTRA-EX;202612;513881387;URKR-TW2-4201;87088055;ES;PT;10;EXW;11;3;;3;1;131;;QV999999999999;
INTRA-EX;202612;513881387;SHYSP102;87089997;ES;PT;10;EXW;11;3;;3;1;156;;QV999999999999;
INTRA-EX;202612;513881387;SHY0900-4P-BK;87083091;ES;PT;10;EXW;11;3;;0,8;1;96;;QV999999999999;
INTRA-EX;202612;513881387;KLC141;87088055;ES;PT;10;EXW;11;3;;1;1;113;;QV999999999999;
INTRA-EX;202612;513881387;SBW0271-4P-BK;87083091;ES;PT;10;EXW;11;3;;0,4;1;83;;QV999999999999;
INTRA-EX;202612;513881387;VWR900001-4;84099100;ES;PT;10;EXW;11;3;;1,8;1;178;;QV999999999999;
INTRA-EX;202612;513881387;CTS-IGN-008;84099100;ES;PT;10;EXW;11;3;;0,3;4;139;;QV999999999999;
INTRA-EX;202612;513881387;RBF700;27101999;ES;PT;10;EXW;11;3;;0,6;4;57;;QV999999999999;
INTRA-EX;202612;513881387;ACSP1;84099100;ES;PT;10;EXW;11;3;;0,5;1;22;;QV999999999999;
INTRA-EX;202612;513881387;VWR31G70RW;87088035;ES;PT;10;EXW;11;3;;9,1;1;228;;ES53284853V;
INTRA-EX;202612;513881387;ATMSREN8;87089997;ES;PT;10;EXW;11;3;;1,1;1;114;;QV999999999999;
INTRA-EX;202612;513881387;SFDC066;87089235;ES;PT;10;EXW;11;3;;4,2;1;151;;ESB72435332;
INTRA-EX;202612;513881387;R7438-9-5;85111000;ES;PT;10;EXW;11;3;;0,3;1;203;;ESB72435332;
INTRA-EX;202612;513881387;ES-335161;87089997;ES;PT;10;EXW;11;3;;1;1;45;;QV999999999999;
INTRA-EX;202612;513881387;50003-M45-XL-4;84213100;ES;PT;10;EXW;11;3;;0,3;1;80;;QV999999999999;
INTRA-EX;202612;513881387;FMINDK20;84213100;ES;PT;10;EXW;11;3;;0,8;1;165;;QV999999999999;
INTRA-EX;202612;513881387;CTS-TM-MK4-60D;87089235;ES;PT;10;EXW;11;3;;2;1;107;;QV999999999999;
INTRA-EX;202612;513881387;FMRMBHT-RED;40091100;ES;PT;10;EXW;11;3;;0,3;1;42;;QV999999999999;
INTRA-EX;202612;513881387;EVE-F12-CF-INT;87089997;FR;PT;10;EXW;11;3;;5,5;1;2025;;FR71791829385;
INTRA-EX;202612;513881387;ATRADHON02;87089135;FR;PT;10;EXW;11;3;;4,1;1;353;;FR80888340023;
INTRA-EX;202612;513881387;ATMSHON7;87089135;FR;PT;10;EXW;11;3;;4,9;1;384;;FR80888340023;
INTRA-EX;202612;513881387;EVE-FK2V3-CF-CHG;40091100;FR;PT;10;EXW;11;3;;2,1;3;1496;;FR80888340023;
INTRA-EX;202612;513881387;EVE-FK8-CF-INT;84213100;FR;PT;10;EXW;11;3;;5;1;1035;;FR80888340023;
INTRA-EX;202612;513881387;EVE-FK8V3-CF-CHG;40091100;FR;PT;10;EXW;11;3;;2;1;498;;FR80888340023;
INTRA-EX;202612;513881387;EVE-FK2V2-CF-LHD-INT;84213100;FR;PT;10;EXW;11;3;;3,7;1;906;;FR80888340023;
INTRA-EX;202612;513881387;U5001-4;84099100;FR;PT;10;EXW;11;3;;1,5;1;79;;QV999999999999;
INTRA-EX;202612;513881387;D640-0001-6;85111000;FR;PT;10;EXW;11;3;;0,4;1;119;;FR95817660202;
INTRA-EX;202612;513881387;CTS-IT-105R;84213100;FR;PT;10;EXW;11;3;;4,6;1;256;;QV999999999999;
INTRA-EX;202612;513881387;"CTS-HW-036 ARP";87089997;FR;PT;10;EXW;11;3;;0,7;1;141;;QV999999999999;
INTRA-EX;202612;513881387;FMACVAG05;84099100;FR;PT;10;EXW;11;3;;0,5;1;136;;QV999999999999;
INTRA-EX;202612;513881387;SAUP087;87089997;FR;PT;10;EXW;11;3;;12,4;1;289;;QV999999999999;
INTRA-EX;202612;513881387;ES-355270;87089997;FR;PT;10;EXW;11;3;;1;1;61;;QV999999999999;
INTRA-EX;202612;513881387;CTS-IT-105R;84213100;FR;PT;10;EXW;11;3;;4,6;1;256;;QV999999999999;
INTRA-EX;202612;513881387;EVE-661-G2-FTR;84213100;FR;PT;10;EXW;11;3;;0,6;1;68;;QV999999999999;
INTRA-EX;202612;513881387;ATMSVAG17;87089997;FR;PT;10;EXW;11;3;;1,9;1;150;;QV999999999999;
INTRA-EX;202612;513881387;U5055-6;84099100;FR;PT;10;EXW;11;3;;2,1;1;132;;QV999999999999;
INTRA-EX;202612;513881387;FMACVAG06;84099100;FR;PT;10;EXW;11;3;;0,6;1;136;;QV999999999999;
INTRA-EX;202612;513881387;VWR12G7R601FO;84213100;FR;PT;10;EXW;11;3;;0,9;1;127;;QV999999999999;
INTRA-EX;202612;513881387;VWR800001;58109210;FR;PT;10;EXW;11;3;;0,1;1;8;;QV999999999999;
INTRA-EX;202612;513881387;VWR12G7R600OS;84213100;FR;PT;10;EXW;11;3;;0,3;1;26;;QV999999999999;
INTRA-EX;202612;513881387;KTA137;87088055;FR;PT;10;EXW;11;3;;3;2;419;;FR68915024525;
INTRA-EX;202612;513881387;AC-B58-DPHS;87089235;FR;PT;10;EXW;11;3;;3,8;1;254;;QV999999999999;
INTRA-EX;202612;513881387;ATINTFO42;87089997;FR;PT;10;EXW;11;3;;9,6;1;299;;QV999999999999;
INTRA-EX;202612;513881387;17U-01-0550-4;87089997;FR;PT;10;EXW;11;3;;0,3;1;299;;QV999999999999;
INTRA-EX;202612;513881387;R7437-9-5;85111000;FR;PT;10;EXW;11;3;;0,3;1;213;;QV999999999999;
INTRA-EX;202612;513881387;06E898001-5;84099100;FR;PT;10;EXW;11;3;;1,9;1;127;;QV999999999999;
INTRA-EX;202612;513881387;PP1895;84213100;FR;PT;10;EXW;11;3;;0,5;1;33;;QV999999999999;
INTRA-EX;202612;513881387;VWR150000;87089997;FR;PT;10;EXW;11;3;;0,2;1;96;;QV999999999999;
INTRA-EX;202612;513881387;DBA42809S-2;87089997;FR;PT;10;EXW;11;3;;15;1;246;;QV999999999999;
INTRA-EX;202612;513881387;VWR810000;87089997;FR;PT;10;EXW;11;3;;0,2;1;24;;QV999999999999;
INTRA-EX;202612;513881387;IKR9J8-4;87089997;FR;PT;10;EXW;11;3;;0,3;1;45;;QV999999999999;
INTRA-EX;202612;513881387;CTS-IT-500;40091100;FR;PT;10;EXW;11;3;;1,6;1;149;;QV999999999999;
INTRA-EX;202612;513881387;SILZKGR8B8S-6;85111000;FR;PT;10;EXW;11;3;;0,4;1;59;;QV999999999999;
INTRA-EX;202612;513881387;10.127.100K;84132000;FR;PT;10;EXW;11;3;;0,3;1;314;;QV999999999999;
INTRA-EX;202612;513881387;FMSCPS53T;87089997;FR;PT;10;EXW;11;3;;0,7;1;178;;FR89952596609;
INTRA-EX;202612;513881387;MMHOSE-MS3-10BL;40091100;FR;PT;10;EXW;11;3;;3;1;126;;QV999999999999;
INTRA-EX;202612;513881387;SMA0380-4P-EB;87083091;FR;PT;10;EXW;11;3;;0,5;1;84;;QV999999999999;
INTRA-EX;202612;513881387;ILFR7H-5;85111000;FR;PT;10;EXW;11;3;;0,3;1;68;;QV999999999999;
INTRA-EX;202612;513881387;KCA416;87141030;FR;PT;10;EXW;11;3;;0,6;1;30;;QV999999999999;
INTRA-EX;202612;513881387;VWR12G5GT;84213100;FR;PT;10;EXW;11;3;;3,1;1;404;;QV999999999999;
INTRA-EX;202612;513881387;TTE780;84099100;FR;PT;10;EXW;11;3;;14,8;1;3559;;FR25879288967;
INTRA-EX;202612;513881387;CTS-HX-007;87089135;GR;PT;10;EXW;11;3;;6,5;1;279;;GREL802913609;
INTRA-EX;202612;513881387;CI100039;40091100;GR;PT;10;EXW;11;3;;2;1;226;;GREL802913609;
INTRA-EX;202612;513881387;9-355-1025;84133080;GR;PT;10;EXW;11;3;;0,8;1;161;;GREL802913609;
INTRA-EX;202612;513881387;EVE-ST38Y-CF-INT;84213100;GR;PT;10;EXW;11;3;;7;1;1285;;GREL802913609;
INTRA-EX;202612;513881387;EVE-TRB8V8S-LHD-NIL;85111000;GR;PT;10;EXW;11;3;;1,7;1;428;;GREL802913609;
INTRA-EX;202612;513881387;ATMSFO108;87089997;GR;PT;10;EXW;11;3;;0,2;1;102;;GREL802913609;
INTRA-EX;202612;513881387;SBMP086;87089235;BE;PT;10;EXW;11;3;;11,8;1;275;;BE0740963105;
INTRA-EX;202612;513881387;PP1895;84213100;NL;PT;10;EXW;11;3;;0,5;1;20;;NL866860666B01;
INTRA-EX;202612;513881387;AC-MK8-DP;87089235;NL;PT;10;EXW;11;3;;8,3;1;155;;NL866860666B01;
INTRA-EX;202612;513881387;BMR78XZ;87088055;NL;PT;10;EXW;11;3;;3;1;152;;NL866860666B01;
INTRA-EX;202612;513881387;R7437-9;85111000;NL;PT;10;EXW;11;3;;0,1;7;254;;NL866860666B01;
INTRA-EX;202612;513881387;R7437-8;85111000;NL;PT;10;EXW;11;3;;0,1;8;272;;NL866860666B01;
INTRA-EX;202612;513881387;U5014;84099100;NL;PT;10;EXW;11;3;;0,3;10;217;;NL866860666B01;
INTRA-EX;202612;513881387;CI100054;40091100;IT;PT;10;EXW;11;3;;4,3;1;226;;IT04146110160;
INTRA-EX;202612;513881387;SHY0900-4P-RD;87083091;IT;PT;10;EXW;11;3;;0,8;1;75;;IT03656931205;
INTRA-EX;202612;513881387;CTS-IGN-007;84099100;IT;PT;10;EXW;11;3;;0,3;5;149;;IT17514761000;
INTRA-EX;202612;513881387;MS100244;85111000;IT;PT;10;EXW;11;3;;0,3;6;172;;IT12072620011;
INTRA-EX;202612;513881387;AC-200-OSA;87089997;IT;PT;10;EXW;11;3;;0,2;1;19;;IT12072620011;
INTRA-EX;202612;513881387;EVE-F56-LCI-CF-INT;84213100;IT;PT;10;EXW;11;3;;4,9;1;1156;;IT08839490011;
INTRA-EX;202612;513881387;EVE-2TFSI-CF-INT;84213100;IT;PT;10;EXW;11;3;;3,1;1;663;;IT08839490011;
INTRA-EX;202612;513881387;CTS-HW-0151;84099100;IT;PT;10;EXW;11;3;;1;1;149;;IT08839490011;
INTRA-EX;202612;513881387;VWR640015;87089997;IT;PT;10;EXW;11;3;;2,2;1;65;;IT08839490011;
INTRA-EX;202612;513881387;VWR12G7R600ITRED;84213100;IT;PT;10;EXW;11;3;;0,8;1;76;;IT08839490011;
INTRA-EX;202612;513881387;BKR8EIX;85111000;IT;PT;10;EXW;11;3;;0,1;4;36;;IT08839490011;
INTRA-EX;202612;513881387;R7437-9;85111000;IT;PT;10;EXW;11;3;;0,1;4;145;;IT08839490011;
INTRA-EX;202612;513881387;9-651-1017;84133080;IT;PT;10;EXW;11;3;;0,5;1;103;;IT08839490011;
INTRA-EX;202612;513881387;FMINDK14-GTE-BLA;87089997;IT;PT;10;EXW;11;3;;8;1;373;;IT02710790060;
INTRA-EX;202612;513881387;FMDV1-GTE-BLU;84814090;IT;PT;10;EXW;11;3;;1;1;183;;IT02710790060;
INTRA-EX;202612;513881387;VWR800003;58109210;IT;PT;10;EXW;11;3;;0,1;1;7;;IT02710790060;
INTRA-EX;202612;513881387;L3P3SFR2;87089997;IT;PT;10;EXW;11;3;;0,2;1;271;;IT02710790060;
INTRA-EX;202612;513881387;1J0253115A;84099100;IT;PT;10;EXW;11;3;;0,1;1;2;;IT02710790060;
INTRA-EX;202612;513881387;078253039G;84099100;IT;PT;10;EXW;11;3;;0,1;1;2;;IT02710790060;
INTRA-EX;202612;513881387;VWR11G503;84213100;ES;PT;10;EXW;11;3;;0,4;1;47;;ES50902109G;
INTRA-EX;202612;513881387;VWR13G800RFK;87089997;ES;PT;10;EXW;11;3;;0,5;1;42;;ES50902109G;
INTRA-EX;202612;513881387;10.127.203T;87089997;ES;PT;10;EXW;11;3;;0,1;1;10;;ES50902109G;
INTRA-EX;202612;513881387;10.127.203K;84132000;ES;PT;10;EXW;11;3;;0,3;1;227;;ES50902109G;
INTRA-EX;202612;513881387;VWR12G7R600ITINLET;87089997;ES;PT;10;EXW;11;3;;0,4;3;300;;ESB42954230;
INTRA-EX;202612;513881387;VWR160001;87089997;ES;PT;10;EXW;11;3;;0,4;4;343;;ESB42954230;
INTRA-EX;202612;513881387;VWR1200R601E;84213100;ES;PT;10;EXW;11;3;;4,9;2;676;;ESB42954230;
INTRA-EX;202612;513881387;VWR19G703;70102000;ES;PT;10;EXW;11;3;;0,2;3;171;;ESB42954230;
INTRA-EX;202612;513881387;MS100204;85111000;ES;PT;10;EXW;11;3;;0,3;16;656;;ESB42954230;
INTRA-EX;202612;513881387;VWR1200R600E;84213100;ES;PT;10;EXW;11;3;;4,9;1;309;;ESB42954230;
INTRA-EX;202612;513881387;VWR12G7R600ITRED;84213100;ES;PT;10;EXW;11;3;;0,8;3;229;;ESB42954230;
INTRA-EX;202612;513881387;EVE-RS5-CF-INT;84213100;FR;PT;10;EXW;11;3;;6;1;1818;;FR71791829385;
INTRA-EX;202612;513881387;CTS-HW-0271;84099100;FR;PT;10;EXW;11;3;;0,4;1;52;;FR35504243288;
INTRA-EX;202612;513881387;MMIG-BMW-0206;85111000;FR;PT;10;EXW;11;3;;2;1;102;;FR35504243288;
INTRA-EX;202612;513881387;SILZKGR8B8S;85111000;FR;PT;10;EXW;11;3;;0,1;18;152;;FR35504243288;
INTRA-EX;202612;513881387;ILZKBR7B8G;85111000;FR;PT;10;EXW;11;3;;0,1;12;102;;FR35504243288;
INTRA-EX;202612;513881387;EVE-GR4-CFM-INT;84213100;FR;PT;10;EXW;11;3;;4,7;1;975;;FR80888340023;
INTRA-EX;202612;513881387;EVE-ST38Y-CF-INT;84213100;FR;PT;10;EXW;11;3;;7;1;1285;;FR80888340023;
INTRA-EX;202612;513881387;EVE-FK2V2-CF-LHD-INT;84213100;FR;PT;10;EXW;11;3;;3,7;3;2720;;FR80888340023;
INTRA-EX;202612;513881387;EVE-GR4-CF-INT;84213100;FR;PT;10;EXW;11;3;;4,9;1;975;;FR80888340023;
INTRA-EX;202612;513881387;VSH64-B1DS2;84099100;FR;PT;10;EXW;11;3;;14,7;1;385;;FR80888340023;
INTRA-EX;202612;513881387;ATMSFK802;87089997;FR;PT;10;EXW;11;3;;4;1;382;;FR80888340023;
INTRA-EX;202612;513881387;ATIKHYU5;87089997;FR;PT;10;EXW;11;3;;3;1;260;;FR80888340023;
INTRA-EX;202612;513881387;VWR1200R601E;84213100;LU;PT;10;EXW;11;3;;4,9;1;338;;LU28446117;
INTRA-EX;202612;513881387;CI100040;84213100;HU;PT;10;EXW;11;3;;3,2;1;346;;HU25464285;
INTRA-EX;202612;513881387;CTS-IT-250;84213100;HU;PT;10;EXW;11;3;;6,6;1;284;;HU25464285;
INTRA-EX;202612;513881387;CTS-IT-285;40091100;HU;PT;10;EXW;11;3;;0,3;1;59;;HU25464285;
INTRA-EX;202612;513881387;CTS-IT-290R;84213100;GR;PT;10;EXW;11;3;;4;1;224;;GREL801324798;
INTRA-EX;202612;513881387;VWRA10000;87089997;GR;PT;10;EXW;11;3;;0,1;1;6;;GREL801324798;
INTRA-EX;202612;513881387;ATINTREN8;87089997;GR;PT;10;EXW;11;3;;12,2;1;491;;GREL802913609;
INTRA-EX;202612;513881387;AC-200K04-OT;87089997;IT;PT;10;EXW;11;3;;1,4;1;75;;IT12072620011;
INTRA-EX;202612;513881387;EVE-S1-CF-INT;84213100;IT;PT;10;EXW;11;3;;3;1;456;;IT12072620011;
INTRA-EX;202612;513881387;SFDC089;87089235;IT;PT;10;EXW;11;3;;3;1;214;;IT12034500012;
INTRA-EX;202612;513881387;AC-211-HPFP;84132000;IT;PT;10;EXW;11;3;;1,5;1;326;;IT03656931205;
INTRA-EX;202612;513881387;EVO1106;84213100;IT;PT;10;EXW;11;3;;4,6;1;239;;IT02710790060;
INTRA-EX;202612;513881387;VSM58-C1SA3;73209090;ES;PT;10;EXW;11;3;;24,5;1;752;;ESF21716261;
INTRA-EX;202612;513881387;MMRAD-RX8-04;87089135;ES;PT;10;EXW;11;3;;7;1;209;;ESF21716261;
INTRA-EX;202612;513881387;MMFS-RX8-04;84149000;ES;PT;10;EXW;11;3;;5,1;1;140;;ESF21716261;
INTRA-EX;202612;513881387;RE8C-L;85111000;ES;PT;10;EXW;11;3;;0,1;2;42;;ESF21716261;
INTRA-EX;202612;513881387;RE9B-T;85111000;ES;PT;10;EXW;11;3;;0,1;2;46;;ESF21716261;
INTRA-EX;202612;513881387;AC-MK7-CP;84099100;ES;PT;10;EXW;11;3;;0,3;4;71;;ESB24786139;
INTRA-EX;202612;513881387;MMHOSE-GLF-99BL;40091100;ES;PT;10;EXW;11;3;;2,5;1;171;;ESB01715598;
INTRA-EX;202612;513881387;SFDC066;87089235;ES;PT;10;EXW;11;3;;4,2;1;120;;ESB19296938;
INTRA-EX;202612;513881387;SILFER8C7ES;85111000;ES;PT;10;EXW;11;3;;0,1;4;42;;ES50902109G;
INTRA-EX;202612;513881387;AC-N55-TP;40091100;ES;PT;10;EXW;11;3;;1,7;1;107;;ESB94171030;
INTRA-EX;202612;513881387;AC-200K03-OT;84198998;ES;PT;10;EXW;11;3;;1,4;1;75;;ESB94171030;
INTRA-EX;202612;513881387;AC-MK8R-DP;87089235;ES;PT;10;EXW;11;3;;10,2;1;203;;ESB94171030;
INTRA-EX;202612;513881387;AC-G8X-DPHS;87089997;ES;PT;10;EXW;11;3;;6,2;1;329;;ESB94171030;
INTRA-EX;202612;513881387;FMDVF20R;84814090;ES;PT;10;EXW;11;3;;0,7;1;141;;ESB94171030;
INTRA-EX;202612;513881387;FMEDV104A;84814090;ES;PT;10;EXW;11;3;;0,5;1;149;;ESB94171030;
INTRA-EX;202612;513881387;Z1003101;85111000;FR;PT;10;EXW;11;3;;0,1;8;131;;FR09800029712;
INTRA-EX;202612;513881387;CTS-IT-220R;84213100;FR;PT;10;EXW;11;3;;4,5;1;247;;FR09800029712;
INTRA-EX;202612;513881387;EVE-F8xM-PF;84212300;FR;PT;10;EXW;11;3;;1,5;2;171;;FR86498478304;
INTRA-EX;202612;513881387;10.127.100K;84132000;FR;PT;10;EXW;11;3;;0,3;1;227;;FR82530667591;
INTRA-EX;202612;513881387;ARAB65CRS200;84213100;FR;PT;10;EXW;11;3;;2,4;1;170;;FR94827543661;
INTRA-EX;202612;513881387;CTS-IT-105R;84213100;FR;PT;10;EXW;11;3;;4,6;1;224;;FR94827543661;
INTRA-EX;202612;513881387;VWR800001;58109210;LU;PT;10;EXW;11;3;;0,1;1;10;;QV999999999999;
INTRA-EX;202612;513881387;VWR12G7R600ITBLA;84213100;LU;PT;10;EXW;11;3;;0,8;1;112;;QV999999999999;
INTRA-EX;202612;513881387;VWR160001;87089997;LU;PT;10;EXW;11;3;;0,4;1;126;;QV999999999999;
INTRA-EX;202612;513881387;VWR12G7R600ITINLET;87089997;LU;PT;10;EXW;11;3;;0,4;1;147;;QV999999999999;
INTRA-EX;202612;513881387;FMINDK28-BLU-FOA;84213100;SK;PT;10;EXW;11;3;;5,9;1;231;;SK2120270581;
INTRA-EX;202612;513881387;CTS-IT-290R;84213100;SK;PT;10;EXW;11;3;;4;1;276;;SK2121638398;
INTRA-EX;202612;513881387;FMWS11;87088099;SK;PT;10;EXW;11;3;;0,8;1;52;;SK2121638398;
INTRA-EX;202612;513881387;BWF22Z;87088055;SK;PT;10;EXW;11;3;;6,7;1;199;;SK2121638398;
INTRA-EX;202612;513881387;BWR25XZ;87088055;SK;PT;10;EXW;11;3;;5;1;199;;SK2121638398;
INTRA-EX;202612;513881387;VWR120000;84213100;SK;PT;10;EXW;11;3;;1;1;34;;SK2121638398;
INTRA-EX;202612;513881387;UR-LA4-3053;87088055;HR;PT;10;EXW;11;3;;3,6;1;118;;QV999999999999;
INTRA-EX;202612;513881387;UR-TW2-3051;87088055;HR;PT;10;EXW;11;3;;1,7;1;126;;QV999999999999;
INTRA-EX;202612;513881387;GTHSB-5;87089997;HR;PT;10;EXW;11;3;;0,1;2;38;;QV999999999999;
INTRA-EX;202612;513881387;VWR150000;87089997;HU;PT;10;EXW;11;3;;0,2;1;79;;HU25464285;
INTRA-EX;202612;513881387;AC-C7RS-DP;87089997;HU;PT;10;EXW;11;3;;8,8;2;551;;HU25464285;
INTRA-EX;202612;513881387;KLC167A;87088055;DE;PT;10;EXW;11;3;;1,4;1;100;;DE181881308;
INTRA-EX;202612;513881387;VWR29G7250;87089135;PL;PT;10;EXW;11;3;;5,5;1;501;;PL8141683531;
INTRA-EX;202612;513881387;ECA1578WR;84213100;PL;PT;10;EXW;11;3;;4,1;1;236;;PL6112557567;
INTRA-EX;202612;513881387;AC-27-CB;87089235;GR;PT;10;EXW;11;3;;21,2;1;232;;GREL802913609;
INTRA-EX;202612;513881387;FRI-0194;84213100;GR;PT;10;EXW;11;3;;3,8;1;725;;GREL802913609;
INTRA-EX;202612;513881387;WB-350;84213100;GR;PT;10;EXW;11;3;;0,2;1;27;;GREL802913609;
INTRA-EX;202612;513881387;9-654-1025;84133080;GR;PT;10;EXW;11;3;;0,8;1;129;;GREL802913609;
INTRA-EX;202612;513881387;VWR12G7R601FO;84213100;GR;PT;10;EXW;11;3;;0,9;1;112;;GREL802913609;
INTRA-EX;202612;513881387;ATMSSUZ3;87089997;GR;PT;10;EXW;11;3;;2,4;1;252;;GREL802913609;
INTRA-EX;202612;513881387;ATIKSUZ1;84213100;GR;PT;10;EXW;11;3;;4,6;1;326;;GREL802913609;
INTRA-EX;202612;513881387;FRI-0311;84213100;GR;PT;10;EXW;11;3;;7,8;1;1551;;GREL802913609;
INTRA-EX;202612;513881387;KLC242;87088055;BE;PT;10;EXW;11;3;;0,7;1;103;;QV999999999999;
INTRA-EX;202612;513881387;FMEDV101A;84814090;BE;PT;10;EXW;11;3;;0,4;1;210;;QV999999999999;
INTRA-EX;202612;513881387;R7437-8;85111000;NL;PT;10;EXW;11;3;;0,1;4;136;;NL866860666B01;
INTRA-EX;202612;513881387;VWR180002;87089997;NL;PT;10;EXW;11;3;;0,1;1;21;;NL866860666B01;
INTRA-EX;202612;513881387;MMEXH-MUS4-15;87089235;NL;PT;10;EXW;11;3;;21,7;1;651;;NL866860666B01;
INTRA-EX;202612;513881387;CI100054;40091100;NL;PT;10;EXW;11;3;;4,3;2;452;;NL866996473B01;
INTRA-EX;202612;513881387;06K103484F;87089997;NL;PT;10;EXW;11;3;;0,1;1;4;;NL866860666B01;
INTRA-EX;202612;513881387;VWR180002;87089997;NL;PT;10;EXW;11;3;;0,1;1;21;;NL866996473B01;
INTRA-EX;202612;513881387;R7437-9;85111000;NL;PT;10;EXW;11;3;;0,1;5;181;;NL866996473B01;
INTRA-EX;202612;513881387;VWR1210R600EG;84213100;NL;PT;10;EXW;11;3;;5,2;1;458;;NL866996473B01;
INTRA-EX;202612;513881387;VWR120010;40091100;NL;PT;10;EXW;11;3;;1,4;2;357;;NL866996473B01;
INTRA-EX;202612;513881387;VWR17G7R600;40091100;NL;PT;10;EXW;11;3;;0,2;1;38;;NL866996473B01;
INTRA-EX;202612;513881387;ILZKBR7B8G;85111000;NL;PT;10;EXW;11;3;;0,1;12;102;;NL866996473B01;
INTRA-EX;202612;513881387;CG85-02-0023;84213100;NL;PT;10;EXW;11;3;;4;1;228;;NL866860666B01;
INTRA-EX;202612;513881387;ATMSFO104;87089997;NL;PT;10;EXW;11;3;;0,1;1;43;;NL866860666B01;
INTRA-EX;202612;513881387;CTS-IGN-009;84099100;NL;PT;10;EXW;11;3;;0,3;8;206;;NL866860666B01;
INTRA-EX;202612;513881387;CTS-IGN-009;84099100;NL;PT;10;EXW;11;3;;0,3;4;103;;NL866860666B01;
INTRA-EX;202612;513881387;SILZKGR8C8S;85111000;NL;PT;10;EXW;11;3;;0,1;4;62;;NL866860666B01;
INTRA-EX;202612;513881387;U5014;84099100;NL;PT;10;EXW;11;3;;0,3;4;86;;NL866860666B01;
INTRA-EX;202612;513881387;CTS-IT-300R;84213100;NL;PT;10;EXW;11;3;;4,1;1;247;;NL866860666B01;
INTRA-EX;202612;513881387;VSMD0-CUSA3;87089997;IT;PT;10;EXW;11;3;;24;1;736;;IT02710790060;
INTRA-EX;202612;513881387;CTS-EXH-DP-0029-CAT;87089235;IT;PT;10;EXW;11;3;;5,4;1;419;;IT03656931205;
INTRA-EX;202612;513881387;KTA282;87088055;IT;PT;10;EXW;11;3;;4;1;215;;IT02710790060;
INTRA-EX;202612;513881387;FRI-0194;84213100;IT;PT;10;EXW;11;3;;3,8;1;725;;IT12072620011;
INTRA-EX;202612;513881387;CTS-FPK-004-450;87089235;IT;PT;10;EXW;11;3;;0,8;1;277;;IT03656931205;
INTRA-EX;202612;513881387;MS100180;87089997;IT;PT;10;EXW;11;3;;1;1;287;;IT03656931205;
INTRA-EX;202612;513881387;VWR143000;87089997;ES;PT;10;EXW;11;3;;14,9;1;728;;ES29524079Z;
INTRA-EX;202612;513881387;CTS-HW-540;40091100;ES;PT;10;EXW;11;3;;2;1;224;;ES29524079Z;
INTRA-EX;202612;513881387;CTS-IT-963;84213100;ES;PT;10;EXW;11;3;;7;1;374;;ES29524079Z;
INTRA-EX;202612;513881387;AC-200-CP;84099100;ES;PT;10;EXW;11;3;;0,3;4;54;;ESB94171030;
INTRA-EX;202612;513881387;AC-MK8-DP;87089235;ES;PT;10;EXW;11;3;;8,3;1;155;;ESB94171030;
INTRA-EX;202612;513881387;PICK-UP;;ES;PT;10;EXW;11;3;;0,1;1;0;;ESB94171030;
INTRA-EX;202612;513881387;SP1128WB;84213100;ES;PT;10;EXW;11;3;;4,7;1;301;;ES29524079Z;
INTRA-EX;202612;513881387;EVE-W210-FTR;84213100;ES;PT;10;EXW;11;3;;0,6;1;71;;ESB65945743;
INTRA-EX;202612;513881387;MMAI-MK7-TI;84213100;ES;PT;10;EXW;11;3;;0,7;1;99;;ESB88553946;
INTRA-EX;202612;513881387;SVWC061;87089235;ES;PT;10;EXW;11;3;;9,1;1;272;;ESB67497925;
INTRA-EX;202612;513881387;06J103600AF;84099100;ES;PT;10;EXW;11;3;;2,5;2;28;;ESB67497925;
INTRA-EX;202612;513881387;VWR420000;87089997;ES;PT;10;EXW;11;3;;2;1;159;;ES16610275C;
INTRA-EX;202612;513881387;VWR90000;85111000;ES;PT;10;EXW;11;3;;0,3;8;244;;ES44719365M;
INTRA-EX;202612;513881387;CTS-IT-166;84213100;ES;PT;10;EXW;11;3;;3;1;194;;ES29524079Z;
INTRA-EX;202612;513881387;AC-MK8R-DP;87089235;ES;PT;10;EXW;11;3;;10,2;1;203;;ES44719365M;
INTRA-EX;202612;513881387;FMINDK45-PLEATED;84213100;ES;PT;10;EXW;11;3;;6,2;1;153;;ES44719365M;
INTRA-EX;202612;513881387;BKR7EIX;85111000;ES;PT;10;EXW;11;3;;0,1;4;34;;ES44719365M;
INTRA-EX;202612;513881387;KLC163;87088035;ES;PT;10;EXW;11;3;;0,9;1;100;;ES47354753F;
INTRA-EX;202612;513881387;AC-200-HPFP;87089997;ES;PT;10;EXW;11;3;;1;1;323;;ES29524079Z;
INTRA-EX;202612;513881387;D650-0002;84099100;ES;PT;10;EXW;11;3;;0,3;6;139;;ES44719365M;
INTRA-EX;202612;513881387;AC-MK5-FU-BL;;ES;PT;10;EXW;11;3;;0,1;1;59;;ES18062887K;
INTRA-EX;202612;513881387;PF04;85444290;ES;PT;10;EXW;11;3;;0,2;1;156;;ESB19296938;
INTRA-EX;202612;513881387;AC-200-PCVCC;87089997;ES;PT;10;EXW;11;3;;0,5;1;41;;ES44719365M;
INTRA-EX;202612;513881387;SAU0437-4P-BK;87083091;ES;PT;10;EXW;11;3;;0,5;1;75;;ES50902109G;
INTRA-EX;202612;513881387;VWR90000-4;84099100;ES;PT;10;EXW;11;3;;1,8;1;173;;ESJ06963581;
INTRA-EX;202612;513881387;R7437-8-4;84099100;ES;PT;10;EXW;11;3;;0,3;1;164;;ESJ06963581;
INTRA-EX;202612;513881387;CTS-DB-MK4-60D;84099100;ES;PT;10;EXW;11;3;;1,2;1;46;;QV999999999999;
INTRA-EX;202612;513881387;ATMSFO132;87089997;ES;PT;10;EXW;11;3;;5,2;1;281;;QV999999999999;
INTRA-EX;202612;513881387;SVW0630-4P-BK;87083091;ES;PT;10;EXW;11;3;;0,5;1;77;;QV999999999999;
INTRA-EX;202612;513881387;DILKAR8R9HS-4;85111000;ES;PT;10;EXW;11;3;;0,3;1;62;;QV999999999999;
INTRA-EX;202612;513881387;06L115466C;84213100;ES;PT;10;EXW;11;3;;0,2;2;11;;ESB15501539;
INTRA-EX;202612;513881387;VWR12G7R601FO;84213100;ES;PT;10;EXW;11;3;;0,9;1;150;;ESB15501539;
INTRA-EX;202612;513881387;03K906051;90269000;ES;PT;10;EXW;11;3;;0,1;1;19;;ESB15501539;
INTRA-EX;202612;513881387;VWR900001-4;84099100;ES;PT;10;EXW;11;3;;1,8;1;174;;ESB15501539;
INTRA-EX;202612;513881387;SILZKGR8C8S-6;85111000;ES;PT;10;EXW;11;3;;0,4;1;108;;ESB15501539;
INTRA-EX;202612;513881387;EVE-G8XMV2-CF-INT;84213100;ES;PT;10;EXW;11;3;;7,7;1;2650;;ESB15501539;
INTRA-EX;202612;513881387;ATMSFO124;87089997;ES;PT;10;EXW;11;3;;3;1;177;;QV999999999999;
INTRA-EX;202612;513881387;AC-180-CPA;87089997;ES;PT;10;EXW;11;3;;0,5;1;44;;ESE94201142;
INTRA-EX;202612;513881387;SHDC015;87089235;ES;PT;10;EXW;11;3;;3,5;1;256;;QV999999999999;
INTRA-EX;202612;513881387;FMGOLFIND-BLU;40093100;ES;PT;10;EXW;11;3;;1,2;1;193;;ESE94201142;
INTRA-EX;202612;513881387;E10-85-008-02-22;73202081;ES;PT;10;EXW;11;3;;8,2;1;121;;QV999999999999;
INTRA-EX;202612;513881387;BTR84Z;87088055;ES;PT;10;EXW;11;3;;3;1;161;;QV999999999999;
INTRA-EX;202612;513881387;DILKAR7C9H-4;85111000;ES;PT;10;EXW;11;3;;0,3;1;52;;QV999999999999;
INTRA-EX;202612;513881387;X-1056-BB;84213100;ES;PT;10;EXW;11;3;;0,7;1;60;;QV999999999999;
INTRA-EX;202612;513881387;PFR7B-4;84099100;ES;PT;10;EXW;11;3;;0,3;1;47;;ESB47771084;
INTRA-EX;202612;513881387;SBW0261-4P-BK;87083091;ES;PT;10;EXW;11;3;;0,5;1;83;;QV999999999999;
INTRA-EX;202612;513881387;SBW1170-4P-RD;87083091;ES;PT;10;EXW;11;3;;0,5;1;96;;QV999999999999;
INTRA-EX;202612;513881387;FMWS16;87088099;ES;PT;10;EXW;11;3;;0,8;1;62;;QV999999999999;
INTRA-EX;202612;513881387;FMWS11;87088099;ES;PT;10;EXW;11;3;;0,8;1;51;;QV999999999999;
INTRA-EX;202612;513881387;MS100208-4;84099100;ES;PT;10;EXW;11;3;;1,7;1;126;;QV999999999999;
INTRA-EX;202612;513881387;SVWC061;87089235;FR;PT;10;EXW;11;3;;9,1;1;272;;FR95799460480;
INTRA-EX;202612;513881387;MMRAD-E36-92;87089135;FR;PT;10;EXW;11;3;;6,2;1;200;;FR43935269613;
INTRA-EX;202612;513881387;CTS-IGN-009;84099100;FR;PT;10;EXW;11;3;;0,3;6;155;;FR35504243288;
INTRA-EX;202612;513881387;SILZKGR8B8S;85111000;FR;PT;10;EXW;11;3;;0,1;6;50;;FR35504243288;
INTRA-EX;202612;513881387;CTS-IT-800;84213100;FR;PT;10;EXW;11;3;;4,3;1;247;;FR35504243288;
INTRA-EX;202612;513881387;CTS-IGN-009;84099100;FR;PT;10;EXW;11;3;;0,3;6;155;;FR35504243288;
INTRA-EX;202612;513881387;AC-BM-ODP;87089997;FR;PT;10;EXW;11;3;;0,1;2;16;;FR35504243288;
INTRA-EX;202612;513881387;CTS-IGN-008;84099100;FR;PT;10;EXW;11;3;;0,3;18;346;;FR35504243288;
INTRA-EX;202612;513881387;MMIG-BMW-0206;85111000;FR;PT;10;EXW;11;3;;2;1;102;;FR35504243288;
INTRA-EX;202612;513881387;SILZKGR8B8S;85111000;FR;PT;10;EXW;11;3;;0,1;6;50;;FR35504243288;
INTRA-EX;202612;513881387;SILZKBR8D8S;85111000;FR;PT;10;EXW;11;3;;0,1;12;117;;FR35504243288;
INTRA-EX;202612;513881387;BBF44Z;87088055;FR;PT;10;EXW;11;3;;8,7;1;184;;FR35504243288;
INTRA-EX;202612;513881387;ATINTSUZ1;87089199;FR;PT;10;EXW;11;3;;10;1;405;;FR94827543661;
INTRA-EX;202612;513881387;ATIKSUZ1;84213100;FR;PT;10;EXW;11;3;;4,6;1;326;;FR94827543661;
INTRA-EX;202612;513881387;25-302BK;87089997;FR;PT;10;EXW;11;3;;0,4;3;336;;FR55524167806;
INTRA-EX;202612;513881387;EVE-2TFSI-CF-INT;84213100;FR;PT;10;EXW;11;3;;3,1;1;663;;FR86498478304;
INTRA-EX;202612;513881387;EVE-E36M3-CF-INT;84213100;FR;PT;10;EXW;11;3;;2,7;1;682;;FR86498478304;
INTRA-EX;202612;513881387;SAU0631-4C-BK;87083091;FR;PT;10;EXW;11;3;;0,5;1;94;;FR82530667591;
INTRA-EX;202612;513881387;SAUC093;87089235;FR;PT;10;EXW;11;3;;11,5;1;336;;FR82530667591;
INTRA-EX;202612;513881387;AC-200-CFA-KIT;87089997;FR;PT;10;EXW;11;3;;0,1;1;32;;QV999999999999;
INTRA-EX;202612;513881387;SBM105B;87088055;FR;PT;10;EXW;11;3;;1,6;1;76;;FR39933491052;
INTRA-EX;202612;513881387;BKR7EIX-4;84099100;FR;PT;10;EXW;11;3;;0,3;1;40;;QV999999999999;
INTRA-EX;202612;513881387;ATINTVAG46;87089135;FR;PT;10;EXW;11;3;;1,9;1;292;;QV999999999999;
INTRA-EX;202612;513881387;BKR8EIX-4;85111000;FR;PT;10;EXW;11;3;;0,3;1;43;;QV999999999999;
INTRA-EX;202612;513881387;AC-MK7R-DP;87089235;FR;PT;10;EXW;11;3;;11,6;1;277;;QV999999999999;
INTRA-EX;202612;513881387;VWR640015;87089997;FR;PT;10;EXW;11;3;;2,2;1;93;;QV999999999999;
INTRA-EX;202612;513881387;VWR630301;87089997;FR;PT;10;EXW;11;3;;0,3;1;41;;QV999999999999;
INTRA-EX;202612;513881387;AC-200-IC;84198998;FR;PT;10;EXW;11;3;;11,9;1;397;;QV999999999999;
INTRA-EX;202612;513881387;FSBS-38030B27L/26R;87089997;FR;PT;10;EXW;11;3;;28;1;905;;FR76419594635;
INTRA-EX;202612;513881387;Z-9910017;87089997;FR;PT;10;EXW;11;3;;4,6;1;253;;FR76419594635;
INTRA-EX;202612;513881387;FS-38034B24R/25L;87089997;FR;PT;10;EXW;11;3;;20,6;1;606;;FR76419594635;
INTRA-EX;202612;513881387;EVO1106;84213100;FR;PT;10;EXW;11;3;;4,6;1;305;;QV999999999999;
INTRA-EX;202612;513881387;204-5404;87089997;FR;PT;10;EXW;11;3;;1,1;1;155;;FR53750449761;
INTRA-EX;202612;513881387;204-4708;87089997;FR;PT;10;EXW;11;3;;1,6;1;313;;FR53750449761;
INTRA-EX;202612;513881387;UR-TW2-3909;87088055;FR;PT;10;EXW;11;3;;1,9;1;125;;FR55508218096;
INTRA-EX;202612;513881387;5B5562H-STD;40091100;FR;PT;10;EXW;11;3;;0,2;1;78;;FR53750449761;
INTRA-EX;202612;513881387;6M5587H-STD;40091100;FR;PT;10;EXW;11;3;;0,4;1;118;;FR53750449761;
INTRA-EX;202612;513881387;330117R;87089235;FR;PT;10;EXW;11;3;;1,5;1;184;;FR53750449761;
INTRA-EX;202612;513881387;R-AUD-010-I-5;84099100;FR;PT;10;EXW;11;3;;3,5;1;604;;FR53750449761;
INTRA-EX;202612;513881387;06K103484F;87089997;FR;PT;10;EXW;11;3;;0,1;1;6;;QV999999999999;
INTRA-EX;202612;513881387;420121321;84099100;FR;PT;10;EXW;11;3;;0,1;1;29;;QV999999999999;
INTRA-EX;202612;513881387;ATMSVAG17;87089997;FR;PT;10;EXW;11;3;;1,9;1;176;;FR73985258573;
INTRA-EX;202612;513881387;CTS-IT-250;84213100;FR;PT;10;EXW;11;3;;6,6;1;322;;QV999999999999;
INTRA-EX;202612;513881387;R7437-9-4;87089997;FR;PT;10;EXW;11;3;;0,3;1;171;;QV999999999999;
INTRA-EX;202612;513881387;T4100004;40091100;FR;PT;10;EXW;11;3;;13,7;1;3228;;FR65814317475;
INTRA-EX;202612;513881387;SILZKGR8C8S-6;85111000;FR;PT;10;EXW;11;3;;0,4;1;108;;QV999999999999;
INTRA-EX;202612;513881387;D650-0010-6;84099100;FR;PT;10;EXW;11;3;;2,4;1;187;;QV999999999999;
INTRA-EX;202612;513881387;10.127.101TK;87089997;FR;PT;10;EXW;11;3;;0,3;1;23;;QV999999999999;
INTRA-EX;202612;513881387;UR-LA4-4265;87088055;FR;PT;10;EXW;11;3;;2,5;1;145;;QV999999999999;
INTRA-EX;202612;513881387;UR-TW-4261;87088055;FR;PT;10;EXW;11;3;;3;1;143;;QV999999999999;
INTRA-EX;202612;513881387;BWR20XZ;87088055;FR;PT;10;EXW;11;3;;5,8;1;181;;FR76852864438;
INTRA-EX;202612;513881387;CTS-HW-031;87089235;FR;PT;10;EXW;11;3;;0,1;1;99;;QV999999999999;
INTRA-EX;202612;513881387;BKR7EIX-4;84099100;FR;PT;10;EXW;11;3;;0,3;1;40;;QV999999999999;
INTRA-EX;202612;513881387;1K1819653B;84099100;FR;PT;10;EXW;11;3;;0,5;1;8;;QV999999999999;
INTRA-EX;202612;513881387;BFF95Z;87088055;FR;PT;10;EXW;11;3;;6,2;1;209;;QV999999999999;
INTRA-EX;202612;513881387;BFR68Z;87088055;FR;PT;10;EXW;11;3;;3,9;1;193;;QV999999999999;
INTRA-EX;202612;513881387;L3P3S7SX;87089997;FR;PT;10;EXW;11;3;;0,3;1;322;;QV999999999999;
INTRA-EX;202612;513881387;PFR8S8EG-6;87089997;FR;PT;10;EXW;11;3;;0,4;1;68;;QV999999999999;
INTRA-EX;202612;513881387;PX1806;84213100;FR;PT;10;EXW;11;3;;1,9;1;66;;QV999999999999;
INTRA-EX;202612;513881387;AC-200-CP-6;84099100;FR;PT;10;EXW;11;3;;1,6;1;122;;QV999999999999;
INTRA-EX;202612;513881387;CTS-HW-0133;84099100;FR;PT;10;EXW;11;3;;0,5;1;135;;QV999999999999;
INTRA-EX;202612;513881387;AC-200-PCVD;87089997;FR;PT;10;EXW;11;3;;0,5;1;48;;QV999999999999;
INTRA-EX;202612;513881387;FMCCHMK5-BLU;;FR;PT;10;EXW;11;3;;0,1;1;44;;QV999999999999;
INTRA-EX;202612;513881387;VWR140014;87089997;FR;PT;10;EXW;11;3;;0,1;1;31;;QV999999999999;
INTRA-EX;202612;513881387;06J103600AFKIT;84099100;EE;PT;10;EXW;11;3;;2,5;1;48;;QV999999999999;
INTRA-EX;202612;513881387;VWR19G706;87089997;EE;PT;10;EXW;11;3;;0,4;1;80;;QV999999999999;
INTRA-EX;202612;513881387;VWR12G7R600ITINLET;87089997;EE;PT;10;EXW;11;3;;0,4;1;138;;QV999999999999;
INTRA-EX;202612;513881387;FMMK7INDH-BLU;40093100;EE;PT;10;EXW;11;3;;0,8;1;65;;QV999999999999;
INTRA-EX;202612;513881387;SILZKGR8B8S-6;85111000;LT;PT;10;EXW;11;3;;0,4;1;59;;QV999999999999;
INTRA-EX;202612;513881387;UR-TW2-729;87088055;LT;PT;10;EXW;11;3;;3;1;97;;QV999999999999;
INTRA-EX;202612;513881387;UR-RL2-732;87088055;LT;PT;10;EXW;11;3;;2,3;1;72;;QV999999999999;
INTRA-EX;202612;513881387;MMOP-TPS;84099100;LT;PT;10;EXW;11;3;;0,4;1;54;;QV999999999999;
INTRA-EX;202612;513881387;FMTUBL4;87089997;CY;PT;10;EXW;11;3;;0,8;1;133;;QV999999999999;
INTRA-EX;202612;513881387;PP2062;84213100;CY;PT;10;EXW;11;3;;0,8;1;91;;CY10187883D;
INTRA-EX;202612;513881387;MMRAD-240-89KA;87089135;CY;PT;10;EXW;11;3;;8,5;1;234;;QV999999999999;
INTRA-EX;202612;513881387;71008-AS013;84213100;CY;PT;10;EXW;11;3;;1,8;1;285;;QV999999999999;
INTRA-EX;202612;513881387;11004-AM008;84213100;CY;PT;10;EXW;11;3;;12;1;2104;;CY10257164V;
INTRA-EX;202612;513881387;PF04;85444290;LU;PT;10;EXW;11;3;;0,2;1;211;;QV999999999999;
INTRA-EX;202612;513881387;BWF19XZ;87088055;RO;PT;10;EXW;11;3;;5,5;1;182;;QV999999999999;
INTRA-EX;202612;513881387;KDT924;87088055;RO;PT;10;EXW;11;3;;1;1;91;;QV999999999999;
INTRA-EX;202612;513881387;VWR140014;87089997;RO;PT;10;EXW;11;3;;0,1;1;26;;QV999999999999;
INTRA-EX;202612;513881387;PP1931;84213100;HR;PT;10;EXW;11;3;;0,7;1;32;;QV999999999999;
INTRA-EX;202612;513881387;VWR420001;87089997;SK;PT;10;EXW;11;3;;2;2;386;;SK2121645570;
INTRA-EX;202612;513881387;VWR520000;87089997;SK;PT;10;EXW;11;3;;0,7;2;324;;SK2121645570;
INTRA-EX;202612;513881387;KCA472;87088035;SK;PT;10;EXW;11;3;;2;1;181;;SK2121645570;
INTRA-EX;202612;513881387;VWR180004;87089997;SK;PT;10;EXW;11;3;;0,1;2;64;;SK2121645570;
INTRA-EX;202612;513881387;SBW1010-6P-BK;87083091;HR;PT;10;EXW;11;3;;0,7;1;90;;QV999999999999;
INTRA-EX;202612;513881387;FMINDF500-BLA-PLE;84213100;HR;PT;10;EXW;11;3;;3;1;245;;QV999999999999;
INTRA-EX;202612;513881387;FMINLH11-BLA;40091100;HR;PT;10;EXW;11;3;;0,6;1;96;;QV999999999999;
INTRA-EX;202612;513881387;MMIG-FOST-1204;85111000;HU;PT;10;EXW;11;3;;2;1;158;;QV999999999999;
INTRA-EX;202612;513881387;AC-200-CFA-KIT;87089997;HU;PT;10;EXW;11;3;;0,1;2;61;;QV999999999999;
INTRA-EX;202612;513881387;FMTIA8-STOCK;87089997;HU;PT;10;EXW;11;3;;3,2;1;250;;HU14655919;
INTRA-EX;202612;513881387;ATINTYGR1;87089997;HU;PT;10;EXW;11;3;;13,2;1;625;;HU14655919;
INTRA-EX;202612;513881387;VWR140011;87089235;DE;PT;10;EXW;11;3;;3;1;229;;DE181881308;
INTRA-EX;202612;513881387;PF04;85444290;DE;PT;10;EXW;11;3;;0,2;2;313;;DE181881308;
INTRA-EX;202612;513881387;AC-200-CP-6;84099100;DE;PT;10;EXW;11;3;;1,6;1;124;;QV999999999999;
INTRA-EX;202612;513881387;VWR130006;84099100;PL;PT;10;EXW;11;3;;0,3;1;40;;PL6972395288;
INTRA-EX;202612;513881387;VWR13G700RFK;87089997;PL;PT;10;EXW;11;3;;0,5;1;46;;PL6972395288;
INTRA-EX;202612;513881387;VWR13G700;84099100;PL;PT;10;EXW;11;3;;3;1;468;;PL6972395288;
INTRA-EX;202612;513881387;AC-200-CP-4;84099100;PL;PT;10;EXW;11;3;;1;1;80;;QV999999999999;
INTRA-EX;202612;513881387;AC-200-IC;84198998;PL;PT;10;EXW;11;3;;11,9;1;387;;QV999999999999;
INTRA-EX;202612;513881387;06J103600AFKIT;84099100;PL;PT;10;EXW;11;3;;2,5;1;48;;QV999999999999;
INTRA-EX;202612;513881387;FMR56IND-BLA;40093100;GR;PT;10;EXW;11;3;;0,8;1;88;;GREL802913609;
INTRA-EX;202612;513881387;U3P3A8VX;87089997;GR;PT;10;EXW;11;3;;1;1;271;;GREL802913609;
INTRA-EX;202612;513881387;PM100332;87089997;GR;PT;10;EXW;11;3;;0,2;1;16;;QV999999999999;
INTRA-EX;202612;513881387;AC-MK8-DP;87089235;BE;PT;10;EXW;11;3;;8,3;1;155;;BE0670639687;
INTRA-EX;202612;513881387;BKR8EIX-4;85111000;BE;PT;10;EXW;11;3;;0,3;1;42;;QV999999999999;
INTRA-EX;202612;513881387;E10-20-052-03-22;87088035;BE;PT;10;EXW;11;3;;11,3;1;233;;QV999999999999;
INTRA-EX;202612;513881387;SILZKBR8D8S-8;85111000;BE;PT;10;EXW;11;3;;0,5;1;90;;QV999999999999;
INTRA-EX;202612;513881387;ATMSFO124;87089997;BE;PT;10;EXW;11;3;;3;1;177;;QV999999999999;
INTRA-EX;202612;513881387;CTS-IT-250;84213100;BE;PT;10;EXW;11;3;;6,6;1;322;;BE0804863735;
INTRA-EX;202612;513881387;ILZKAR8H8S-4;85111000;BE;PT;10;EXW;11;3;;0,3;1;72;;QV999999999999;
INTRA-EX;202612;513881387;SILZKGR8B8S-4;84099100;BE;PT;10;EXW;11;3;;0,3;1;40;;BE0666624976;
INTRA-EX;202612;513881387;D650-0010-4;84099100;BE;PT;10;EXW;11;3;;1,7;1;124;;BE0666624976;
INTRA-EX;202612;513881387;SBW1176-4P-BK;87083091;BE;PT;10;EXW;11;3;;0,5;1;77;;BE0666624976;
INTRA-EX;202612;513881387;52006-AK003;84213100;BE;PT;10;EXW;11;3;;1;1;14;;BE0666624976;
INTRA-EX;202612;513881387;RBF600;27101999;BE;PT;10;EXW;11;3;;0,6;2;19;;BE0666624976;
INTRA-EX;202612;513881387;CTS-IGN-010;85111000;NL;PT;10;EXW;11;3;;6,8;8;223;;NL866860666B01;
INTRA-EX;202612;513881387;MMICP-FOST-13HP;84213100;NL;PT;10;EXW;11;3;;3;1;150;;NL866860666B01;
INTRA-EX;202612;513881387;KTA253;87089235;NL;PT;10;EXW;11;3;;7,5;1;396;;QV999999999999;
INTRA-EX;202612;513881387;EVE-FK2-CF-MAF;40091100;NL;PT;10;EXW;11;3;;2;1;188;;QV999999999999;
INTRA-EX;202612;513881387;AC-E46-FU;87088055;IT;PT;10;EXW;11;3;;4,3;1;104;;IT12072620011;
INTRA-EX;202612;513881387;UR-TW2-1362;87088055;IT;PT;10;EXW;11;3;;3;1;90;;IT12072620011;
INTRA-EX;202612;513881387;UR-TW2-071;87088055;IT;PT;10;EXW;11;3;;2;1;68;;IT12072620011;
INTRA-EX;202612;513881387;AC-R56-TB;87089997;IT;PT;10;EXW;11;3;;0,4;1;39;;IT12072620011;
INTRA-EX;202612;513881387;PF04;85444290;IT;PT;10;EXW;11;3;;0,2;1;156;;IT03656931205;
INTRA-EX;202612;513881387;MMTS-FIST-14;87089997;IT;PT;10;EXW;11;3;;0,1;1;49;;QV999999999999;
INTRA-EX;202612;513881387;MMRT-FIST-14EBK;87089199;IT;PT;10;EXW;11;3;;3;1;183;;QV999999999999;
INTRA-EX;202612;513881387;107920;27101999;IT;PT;10;EXW;11;3;;1,2;3;46;;QV999999999999;
INTRA-EX;202612;513881387;1K0121407A;87089997;IT;PT;10;EXW;11;3;;0,8;1;9;;QV999999999999;
INTRA-EX;202612;513881387;1K0253144AE;87089997;IT;PT;10;EXW;11;3;;1;1;8;;QV999999999999;
INTRA-EX;202612;513881387;UR-LA8-1257;87088055;IT;PT;10;EXW;11;3;;5,3;1;160;;QV999999999999;
INTRA-EX;202612;513881387;CTS-HW-540;40091100;IT;PT;10;EXW;11;3;;2;1;265;;QV999999999999;
INTRA-EX;202612;513881387;C-FIA-003L;87089997;IT;PT;10;EXW;11;3;;11,1;1;1482;;IT02643740026;
INTRA-EX;202612;513881387;AC-MQB-IC;84198998;IT;PT;10;EXW;11;3;;16,3;1;419;;IT03528320785;
INTRA-EX;202612;513881387;VWR640112;87089997;IT;PT;10;EXW;11;3;;2,2;2;146;;QV999999999999;
INTRA-EX;202612;513881387;AC-Z33-DP;87089235;ES;PT;10;EXW;11;3;;4,5;1;75;;ES18062887K;
INTRA-EX;202612;513881387;06J103600AF;84099100;ES;PT;10;EXW;11;3;;2,5;1;14;;ES50902109G;
INTRA-EX;202612;513881387;MS100204;85111000;ES;PT;10;EXW;11;3;;0,3;1;41;;ES50902109G;
INTRA-EX;202612;513881387;VWR180000;87089997;ES;PT;10;EXW;11;3;;0,1;1;9;;ES50902109G;
INTRA-EX;202612;513881387;AC-200-CP;84099100;ES;PT;10;EXW;11;3;;0,3;4;54;;ESB94171030;
INTRA-EX;202612;513881387;AC-B58-DP;87089235;ES;PT;10;EXW;11;3;;3,8;1;119;;ESB94171030;
INTRA-EX;202612;513881387;AC-MK7-CP;84099100;ES;PT;10;EXW;11;3;;0,3;16;287;;ESB94171030;
INTRA-EX;202612;513881387;MMRAD-E36-92;87089135;ES;PT;10;EXW;11;3;;6,2;1;200;;ES18062887K;
INTRA-EX;202612;513881387;VWR501001;87089997;ES;PT;10;EXW;11;3;;3,2;2;549;;ESB24786139;
INTRA-EX;202612;513881387;VWR130006;84099100;ES;PT;10;EXW;11;3;;0,3;2;81;;ESB42954230;
INTRA-EX;202612;513881387;VWR12G7R600OS;84213100;ES;PT;10;EXW;11;3;;0,3;2;43;;ESB42954230;
INTRA-EX;202612;513881387;VWR120000;84213100;ES;PT;10;EXW;11;3;;1;1;30;;ESB42954230;
INTRA-EX;202612;513881387;VWR1200R600E;84213100;ES;PT;10;EXW;11;3;;4,9;2;619;;ESB42954230;
INTRA-EX;202612;513881387;VWR12G7R600ITBLA;84213100;ES;PT;10;EXW;11;3;;0,8;2;152;;ESB42954230;
INTRA-EX;202612;513881387;VWR12G7R600ITINLET;87089997;ES;PT;10;EXW;11;3;;0,4;2;200;;ESB42954230;
INTRA-EX;202612;513881387;VWR160001;87089997;ES;PT;10;EXW;11;3;;0,4;2;171;;ESB42954230;
INTRA-EX;202612;513881387;AC-W205-DPHS;87089997;ES;PT;10;EXW;11;3;;9,3;1;341;;ESB42954230;
INTRA-EX;202612;513881387;CI100039;40091100;ES;PT;10;EXW;11;3;;2;1;226;;ESB42954230;
INTRA-EX;202612;513881387;VWR1200R601E;84213100;ES;PT;10;EXW;11;3;;4,9;1;338;;ESB42954230;
INTRA-EX;202612;513881387;KLC139;87088035;ES;PT;10;EXW;11;3;;0,7;1;103;;QV999999999999;
INTRA-EX;202612;513881387;KLC141;87088055;ES;PT;10;EXW;11;3;;1;1;113;;QV999999999999;
INTRA-EX;202612;513881387;AC-WS-12-BT;87088099;ES;PT;10;EXW;11;3;;2,3;2;92;;QV999999999999;
INTRA-EX;202612;513881387;SBMP082;87089235;ES;PT;10;EXW;11;3;;9,5;1;216;;QV999999999999;
INTRA-EX;202612;513881387;AC-200-PCVD;87089997;ES;PT;10;EXW;11;3;;0,5;1;48;;QV999999999999;
INTRA-EX;202612;513881387;CTS-HW-0484;87089997;ES;PT;10;EXW;11;3;;5,2;1;674;;ES79004383G;
INTRA-EX;202612;513881387;CTS-IT-277;87089235;ES;PT;10;EXW;11;3;;1,7;1;190;;ES79004383G;
INTRA-EX;202612;513881387;SA000439;87089235;ES;PT;10;EXW;11;3;;0,1;1;33;;ES79004383G;
INTRA-EX;202612;513881387;CTS-IT-280;87089235;ES;PT;10;EXW;11;3;;1,5;1;169;;ES79004383G;
INTRA-EX;202612;513881387;CTS-20T-MQB-DF;87089199;ES;PT;10;EXW;11;3;;16;1;719;;ES79004383G;
INTRA-EX;202612;513881387;03H971921;84099100;ES;PT;10;EXW;11;3;;0,1;1;23;;QV999999999999;
INTRA-EX;202612;513881387;FMDVSUB01;84814090;ES;PT;10;EXW;11;3;;0,6;1;159;;QV999999999999;
INTRA-EX;202612;513881387;AC-MK7-CP-4;84099100;ES;PT;10;EXW;11;3;;1;1;111;;QV999999999999;
INTRA-EX;202612;513881387;CTS-IT-270R;84213100;ES;PT;10;EXW;11;3;;4,3;1;277;;QV999999999999;
INTRA-EX;202612;513881387;FMINDF500-RED-PLE;84213100;ES;PT;10;EXW;11;3;;3;1;298;;QV999999999999;
INTRA-EX;202612;513881387;CTS-HW-361;87089997;ES;PT;10;EXW;11;3;;0,5;1;79;;ESB60872124;
INTRA-EX;202612;513881387;FMINDK47;84213100;ES;PT;10;EXW;11;3;;5,8;1;631;;ESB60872124;
INTRA-EX;202612;513881387;ES-311366;87089997;ES;PT;10;EXW;11;3;;1,3;1;68;;QV999999999999;
INTRA-EX;202612;513881387;FMDVATSI-POL;84814090;ES;PT;10;EXW;11;3;;0,7;1;218;;QV999999999999;
INTRA-EX;202612;513881387;FMCCHMK5-BLU;;ES;PT;10;EXW;11;3;;0,1;1;44;;QV999999999999;
INTRA-EX;202612;513881387;FMKT010-BLU;40093100;ES;PT;10;EXW;11;3;;1,7;1;178;;QV999999999999;
INTRA-EX;202612;513881387;SILZKGR8B8S-6;85111000;ES;PT;10;EXW;11;3;;0,4;1;59;;QV999999999999;
INTRA-EX;202612;513881387;CTS-HW-0151;84099100;ES;PT;10;EXW;11;3;;1;1;148;;QV999999999999;
INTRA-EX;202612;513881387;FMTIA6-BLACK;87089997;ES;PT;10;EXW;11;3;;1,1;1;154;;QV999999999999;
INTRA-EX;202612;513881387;UR-LA4-3887;87088055;ES;PT;10;EXW;11;3;;3,4;1;109;;QV999999999999;
INTRA-EX;202612;513881387;U5001-4;84099100;ES;PT;10;EXW;11;3;;1,5;1;78;;QV999999999999;
INTRA-EX;202612;513881387;IFR7X8G-4;84099100;ES;PT;10;EXW;11;3;;0,3;1;63;;QV999999999999;
INTRA-EX;202612;513881387;9-654-1025;84133080;ES;PT;10;EXW;11;3;;0,8;1;163;;QV999999999999;
INTRA-EX;202612;513881387;BKR7EIX-4;84099100;ES;PT;10;EXW;11;3;;0,3;1;40;;QV999999999999;
INTRA-EX;202612;513881387;MS100208-4;84099100;ES;PT;10;EXW;11;3;;1,7;1;126;;QV999999999999;
INTRA-EX;202612;513881387;Z1003101-4;85111000;ES;PT;10;EXW;11;3;;0,4;1;74;;QV999999999999;
INTRA-EX;202612;513881387;ATINTFO25;87089199;ES;PT;10;EXW;11;3;;10;1;281;;QV999999999999;
INTRA-EX;202612;513881387;AC-MK7-CP-4;84099100;ES;PT;10;EXW;11;3;;1;1;111;;QV999999999999;
INTRA-EX;202612;513881387;06L115466C;84213100;ES;PT;10;EXW;11;3;;0,2;1;5;;QV999999999999;
INTRA-EX;202612;513881387;1K0253144AE;87089997;ES;PT;10;EXW;11;3;;1;1;8;;QV999999999999;
INTRA-EX;202612;513881387;216EVOWGAFRWB4.9-WO;87089997;ES;PT;10;EXW;11;3;;1,1;1;159;;QV999999999999;
INTRA-EX;202612;513881387;238EVOOP-PK-R;87089997;ES;PT;10;EXW;11;3;;0,6;1;92;;QV999999999999;
INTRA-EX;202612;513881387;50003-M45-XL-4;84213100;ES;PT;10;EXW;11;3;;0,3;1;80;;QV999999999999;
INTRA-EX;202612;513881387;Z-1382491;87089997;ES;PT;10;EXW;11;3;;3,1;1;334;;QV999999999999;
INTRA-EX;202612;513881387;D401-0047;84213100;ES;PT;10;EXW;11;3;;2,3;1;66;;QV999999999999;
INTRA-EX;202612;513881387;SILZKGR8B8S-6;85111000;ES;PT;10;EXW;11;3;;0,4;1;59;;QV999999999999;
INTRA-EX;202612;513881387;AC-B58-TP;40091100;ES;PT;10;EXW;11;3;;1,7;1;152;;QV999999999999;
INTRA-EX;202612;513881387;SILFER8C7ES-8;85111000;ES;PT;10;EXW;11;3;;0,5;2;194;;QV999999999999;
INTRA-EX;202612;513881387;AC-45-TB;84198998;ES;PT;10;EXW;11;3;;0,3;1;92;;QV999999999999;
INTRA-EX;202612;513881387;PFR7G-11S-4;85111000;ES;PT;10;EXW;11;3;;0,3;1;47;;QV999999999999;
INTRA-EX;202612;513881387;BKR7EIX-4;84099100;ES;PT;10;EXW;11;3;;0,3;1;40;;QV999999999999;
INTRA-EX;202612;513881387;UR-ROC4-1260A;87088055;ES;PT;10;EXW;11;3;;5;1;168;;QV999999999999;
INTRA-EX;202612;513881387;50003-MR45XLZ-4;87089997;ES;PT;10;EXW;11;3;;0,3;2;264;;ES73575914H;
INTRA-EX;202612;513881387;JSK-103-80;84213100;ES;PT;10;EXW;11;3;;1,3;1;122;;QV999999999999;
INTRA-EX;202612;513881387;9-301-1020;84133080;ES;PT;10;EXW;11;3;;0,5;1;139;;QV999999999999;
INTRA-EX;202612;513881387;PK447;84213100;ES;PT;10;EXW;11;3;;3,8;1;218;;QV999999999999;
INTRA-EX;202612;513881387;MMSK-BK;87084099;ES;PT;10;EXW;11;3;;0,5;1;31;;QV999999999999;
INTRA-EX;202612;513881387;MMFS-B4-90;84149000;ES;PT;10;EXW;11;3;;5,3;1;176;;ES40364940D;
INTRA-EX;202612;513881387;DBA42224S-2;87089997;ES;PT;10;EXW;11;3;;24,1;1;350;;ES40364940D;
INTRA-EX;202612;513881387;FMINDMK7F-FOA;;ES;PT;10;EXW;11;3;;0,1;1;75;;QV999999999999;
INTRA-EX;202612;513881387;AC-200-CP-4;84099100;ES;PT;10;EXW;11;3;;1;1;82;;ESE94201142;
INTRA-EX;202612;513881387;SCEXVDM;87089235;ES;PT;10;EXW;11;3;;0,1;1;24;;QV999999999999;
INTRA-EX;202612;513881387;DBA42809S-2;87089997;ES;PT;10;EXW;11;3;;15;1;244;;QV999999999999;
INTRA-EX;202612;513881387;VWR670007;87089997;ES;PT;10;EXW;11;3;;1,1;1;84;;QV999999999999;
INTRA-EX;202612;513881387;R7437-8-4;84099100;ES;PT;10;EXW;11;3;;0,3;1;165;;ESB15046238;
INTRA-EX;202612;513881387;06J103600AFKIT;84099100;ES;PT;10;EXW;11;3;;2,5;1;49;;QV999999999999;
INTRA-EX;202612;513881387;MMRAD-GLF-99;87089135;ES;PT;10;EXW;11;3;;8;1;246;;QV999999999999;
INTRA-EX;202612;513881387;SHYP105;87089235;ES;PT;10;EXW;11;3;;4,9;1;179;;QV999999999999;
INTRA-EX;202612;513881387;PP2045;84213100;ES;PT;10;EXW;11;3;;0,5;1;33;;QV999999999999;
INTRA-EX;202612;513881387;WA302R+L;87088055;ES;PT;10;EXW;11;3;;5,5;1;177;;QV999999999999;
INTRA-EX;202612;513881387;CTS-EM-MQB-60D;87089235;ES;PT;10;EXW;11;3;;1,5;1;115;;QV999999999999;
INTRA-EX;202612;513881387;UR-TW4-786;87088055;ES;PT;10;EXW;11;3;;3,8;1;147;;QV999999999999;
INTRA-EX;202612;513881387;BKR7EIX-4;84099100;ES;PT;10;EXW;11;3;;0,3;1;40;;QV999999999999;
INTRA-EX;202612;513881387;AC-200-CP-4;84099100;ES;PT;10;EXW;11;3;;1;1;81;;QV999999999999;
INTRA-EX;202612;513881387;KDT914;87088020;ES;PT;10;EXW;11;3;;0,4;1;21;;QV999999999999;
INTRA-EX;202612;513881387;WA302R+L;87088055;ES;PT;10;EXW;11;3;;5,5;1;179;;ESB01792068;
INTRA-EX;202612;513881387;UR-TW2-990;87088055;ES;PT;10;EXW;11;3;;3,4;1;102;;QV999999999999;
INTRA-EX;202612;513881387;BKR8EIX-4;85111000;ES;PT;10;EXW;11;3;;0,3;1;42;;QV999999999999;
INTRA-EX;202612;513881387;5M1644H-STD;40091100;ES;PT;10;EXW;11;3;;0,4;1;52;;QV999999999999;
INTRA-EX;202612;513881387;4B1609H-STD;40091100;ES;PT;10;EXW;11;3;;0,5;1;46;;QV999999999999;
INTRA-EX;202612;513881387;204-5408;87089997;ES;PT;10;EXW;11;3;;1;1;144;;ESB70870076;
INTRA-EX;202612;513881387;BMF51X;87088055;ES;PT;10;EXW;11;3;;7,9;1;143;;QV999999999999;
INTRA-EX;202612;513881387;FMIHF500-BLA;40093100;ES;PT;10;EXW;11;3;;0,7;1;115;;ESB65880908;
INTRA-EX;202612;513881387;FMCCHMK5-RED;40093100;ES;PT;10;EXW;11;3;;0,2;1;43;;QV999999999999;
INTRA-EX;202612;513881387;ASAF;33030010;ES;PT;10;EXW;11;3;;0,1;1;1;;QV999999999999;
INTRA-EX;202612;513881387;MMEXH-MUS8-15HP;87089235;ES;PT;10;EXW;11;3;;5;1;235;;QV999999999999;
INTRA-EX;202612;513881387;U5055-6;84099100;ES;PT;10;EXW;11;3;;2,1;1;131;;QV999999999999;
INTRA-EX;202612;513881387;VWR030000-F3RSQ3OPF;85444290;ES;PT;10;EXW;11;3;;1,2;1;934;;ES71515770F;
INTRA-EX;202612;513881387;CTS-EM-B567-50D;87089997;ES;PT;10;EXW;11;3;;0,9;2;227;;ES71631297M;
INTRA-EX;202612;513881387;PP1443;84213100;ES;PT;10;EXW;11;3;;0,5;1;40;;ES71631297M;
INTRA-EX;202612;513881387;MMTS-S4-00L;90321020;ES;PT;10;EXW;11;3;;0,1;1;57;;ES71631297M;
INTRA-EX;202612;513881387;001423.000685;84836080;ES;PT;10;EXW;11;3;;6,7;1;669;;ES71631297M;
INTRA-EX;202612;513881387;043151.271937;84836080;ES;PT;10;EXW;11;3;;0,2;1;59;;ES71631297M;
INTRA-EX;202612;513881387;SAU0650-6P-BK;87083091;ES;PT;10;EXW;11;3;;0,5;1;153;;ES71631297M;
INTRA-EX;202612;513881387;COMBO-NOV-MQB;84213100;ES;PT;10;EXW;11;3;;5,5;2;1098;;ES72144645Q;
INTRA-EX;202612;513881387;E90-81-010-02-22;87088020;ES;PT;10;EXW;11;3;;22,2;1;805;;ES72815006L;
INTRA-EX;202612;513881387;BHR100Z;87088055;ES;PT;10;EXW;11;3;;5;1;314;;ES74871058D;
INTRA-EX;202612;513881387;BHF100Z;87088055;ES;PT;10;EXW;11;3;;6;1;266;;ES74871058D;
INTRA-EX;202612;513881387;DBA2472S-2;87089997;ES;PT;10;EXW;11;3;;19;1;282;;ES74871058D;
INTRA-EX;202612;513881387;Z1003100-4;85111000;ES;PT;10;EXW;11;3;;0,4;1;129;;ES78914993S;
INTRA-EX;202612;513881387;ATMSBMW7;87089997;ES;PT;10;EXW;11;3;;2,5;1;358;;ES78914993S;
INTRA-EX;202612;513881387;AC-B58-DPHS;87089235;ES;PT;10;EXW;11;3;;3,8;1;305;;ES78914993S;
INTRA-EX;202612;513881387;EUPD4002112R;84099100;ES;PT;10;EXW;11;3;;1,4;1;868;;ESB66526328;
INTRA-EX;202612;513881387;SFDP090;87089997;ES;PT;10;EXW;11;3;;8,2;1;337;;ESB67377143;
INTRA-EX;202612;513881387;ATMSFO134;87089997;ES;PT;10;EXW;11;3;;2,3;1;207;;ESB67377143;
INTRA-EX;202612;513881387;PK430;84213100;ES;PT;10;EXW;11;3;;3;2;519;;ESB67377143;
INTRA-EX;202612;513881387;AC-W204-DP;87089997;ES;PT;10;EXW;11;3;;15;1;485;;ESB67497925;
INTRA-EX;202612;513881387;PP1667;84213100;ES;PT;10;EXW;11;3;;0,7;1;89;;ESB67497925;
INTRA-EX;202612;513881387;SME0863-4P-BK;87083091;ES;PT;10;EXW;11;3;;0,5;1;94;;ESB67497925;
INTRA-EX;202612;513881387;VWR190000;87089997;ES;PT;10;EXW;11;3;;0,3;1;131;;ESB67497925;
INTRA-EX;202612;513881387;1J0121407E;87089997;ES;PT;10;EXW;11;3;;0,9;1;12;;ESB67497925;
INTRA-EX;202612;513881387;SVW064D;87089235;ES;PT;10;EXW;11;3;;19,8;1;1103;;ESB86280039;
INTRA-EX;202612;513881387;MMRAD-MK7-15;87089135;ES;PT;10;EXW;11;3;;11;1;688;;ESB86420924;
INTRA-EX;202612;513881387;VWR29DQ381;87089997;ES;PT;10;EXW;11;3;;6,2;1;899;;ESB86420924;
INTRA-EX;202612;513881387;FR-0522;84213100;ES;PT;10;EXW;11;3;;6,5;1;1054;;ESB87803904;
INTRA-EX;202612;513881387;VWR190000;87089997;ES;PT;10;EXW;11;3;;0,3;1;131;;ESB91582494;
INTRA-EX;202612;513881387;WSK-VWN002;87088035;ES;PT;10;EXW;11;3;;10,6;1;164;;ESB91582494;
INTRA-EX;202612;513881387;VWR30G500;87088035;ES;PT;10;EXW;11;3;;14,5;1;511;;ESB91582494;
INTRA-EX;202612;513881387;3797806545SP;87087099;ES;PT;10;EXW;11;3;;10;4;1423;;ESB75758177;
INTRA-EX;202612;513881387;001422.999502;84836080;ES;PT;10;EXW;11;3;;7;1;683;;ESF09552761;
INTRA-EX;202612;513881387;E40-85-008-01-10;87088035;ES;PT;10;EXW;11;3;;9,4;1;252;;ESF09552761;
INTRA-EX;202612;513881387;613182.654150;87089997;ES;PT;10;EXW;11;3;;0,5;1;75;;ESF09552761;
INTRA-EX;202612;513881387;EVE-GR4-CF-INT;84213100;ES;PT;10;EXW;11;3;;4,9;1;1560;;ES12764811H;
INTRA-EX;202612;513881387;FRI-0228;84213100;ES;PT;10;EXW;11;3;;4;1;1297;;ESB12863981;
INTRA-EX;202612;513881387;PM100333;87089997;ES;PT;10;EXW;11;3;;0,2;1;19;;ESA60479078;
INTRA-EX;202612;513881387;VWR13G700;84099100;ES;PT;10;EXW;11;3;;3;1;762;;ESA60479078;
INTRA-EX;202612;513881387;VWR130006;84099100;ES;PT;10;EXW;11;3;;0,3;1;69;;ESA60479078;
INTRA-EX;202612;513881387;SFDS091D;87089235;ES;PT;10;EXW;11;3;;24,4;1;827;;ES71155708X;
INTRA-EX;202612;513881387;SFDS091D;87089235;ES;PT;10;EXW;11;3;;24,4;1;827;;ESF21229786;
INTRA-EX;202612;513881387;SFDP091;87089235;ES;PT;10;EXW;11;3;;8,1;1;139;;ESF21229786;
INTRA-EX;202612;513881387;MS100144;84132000;ES;PT;10;EXW;11;3;;1,6;1;1091;;ESB42771618;
INTRA-EX;202612;513881387;A1000008;87089997;ES;PT;10;EXW;11;3;;0,1;1;23;;ESB42771618;
INTRA-EX;202612;513881387;MMOP-TPS;84099100;ES;PT;10;EXW;11;3;;0,4;1;65;;ES04842987S;
INTRA-EX;202612;513881387;SMA0600-4P-BK;87083091;ES;PT;10;EXW;11;3;;0,5;1;93;;ES04842987S;
INTRA-EX;202612;513881387;KLC141;87088055;ES;PT;10;EXW;11;3;;1;1;164;;ES04842987S;
INTRA-EX;202612;513881387;KLC144;87088055;ES;PT;10;EXW;11;3;;1;1;129;;ES04842987S;
INTRA-EX;202612;513881387;BMR77Z;87088055;ES;PT;10;EXW;11;3;;3;1;197;;ES04842987S;
INTRA-EX;202612;513881387;BMF49Z;87088055;ES;PT;10;EXW;11;3;;6,1;1;261;;ES04842987S;
INTRA-EX;202612;513881387;MMRAD-RX8-04;87089135;ES;PT;10;EXW;11;3;;7;1;337;;ES04842987S;
INTRA-EX;202612;513881387;MMFS-RX8-04;84149000;ES;PT;10;EXW;11;3;;5,1;1;225;;ES04842987S;
INTRA-EX;202612;513881387;TP-CS/1;87089997;FR;PT;10;EXW;11;3;;2,1;1;584;;FR71791829385;
INTRA-EX;202612;513881387;M-FI/SS/1H/1;87089235;FR;PT;10;EXW;11;3;;13,9;1;766;;FR71791829385;
INTRA-EX;202612;513881387;AC-200-DP;87089235;FR;PT;10;EXW;11;3;;10;1;131;;FR82530667591;
INTRA-EX;202612;513881387;CTS-HW-0091;84099100;FR;PT;10;EXW;11;3;;0,8;1;155;;QV999999999999;
INTRA-EX;202612;513881387;FMCCSCI-BK;40091100;FR;PT;10;EXW;11;3;;0,2;1;22;;QV999999999999;
INTRA-EX;202612;513881387;KLC167A;87088055;FR;PT;10;EXW;11;3;;1,4;1;113;;FR36852855436;
INTRA-EX;202612;513881387;DBA52844SLVS-2;87089997;FR;PT;10;EXW;11;3;;24;1;889;;FR36852855436;
INTRA-EX;202612;513881387;1K0121407A;87089997;FR;PT;10;EXW;11;3;;0,8;1;9;;QV999999999999;
INTRA-EX;202612;513881387;AC-MK7-MD;87089997;FR;PT;10;EXW;11;3;;0,4;1;65;;QV999999999999;
INTRA-EX;202612;513881387;058253039L;87089997;FR;PT;10;EXW;11;3;;0,1;1;5;;QV999999999999;
INTRA-EX;202612;513881387;CTS-IGN-008;84099100;FR;PT;10;EXW;11;3;;0,3;4;140;;QV999999999999;
INTRA-EX;202612;513881387;SILZKBR8D8S-6;84099100;FR;PT;10;EXW;11;3;;0,4;1;68;;QV999999999999;
INTRA-EX;202612;513881387;4B5562H-.25;40091100;FR;PT;10;EXW;11;3;;0,2;Uni.;68;;QV999999999999;
INTRA-EX;202612;513881387;PX1974;84213100;FR;PT;10;EXW;11;3;;2,5;1;190;;QV999999999999;
INTRA-EX;202612;513881387;06L115466C;84213100;FR;PT;10;EXW;11;3;;0,2;1;5;;QV999999999999;
INTRA-EX;202612;513881387;SVW0630-4P-RD;87083091;FR;PT;10;EXW;11;3;;0,5;1;77;;QV999999999999;
INTRA-EX;202612;513881387;SILZKBR8D8S-6;84099100;FR;PT;10;EXW;11;3;;0,4;1;68;;QV999999999999;
INTRA-EX;202612;513881387;CTS-HW-0242;70102000;FR;PT;10;EXW;11;3;;0,5;1;62;;QV999999999999;
INTRA-EX;202612;513881387;EVO9202;84213100;FR;PT;10;EXW;11;3;;5,6;1;356;;QV999999999999;
INTRA-EX;202612;513881387;SILZKBR8D8S-6;84099100;FR;PT;10;EXW;11;3;;0,4;1;68;;QV999999999999;
INTRA-EX;202612;513881387;U5055-6;84099100;FR;PT;10;EXW;11;3;;2,1;1;132;;QV999999999999;
INTRA-EX;202612;513881387;UR-TW2-1212;87088055;FR;PT;10;EXW;11;3;;1,7;1;92;;QV999999999999;
INTRA-EX;202612;513881387;PKR7A-6;85111000;FR;PT;10;EXW;11;3;;0,4;1;72;;QV999999999999;
INTRA-EX;202612;513881387;ILFR7H-5;85111000;FR;PT;10;EXW;11;3;;0,3;1;68;;QV999999999999;
INTRA-EX;202612;513881387;CI100042;84213100;FR;PT;10;EXW;11;3;;4,8;1;1349;;FR91803933472;
INTRA-EX;202612;513881387;FMMKV1-BLA;40091100;FR;PT;10;EXW;11;3;;0,3;1;33;;QV999999999999;
INTRA-EX;202612;513881387;CTS-IT-190;87089997;FR;PT;10;EXW;11;3;;6;1;254;;QV999999999999;
INTRA-EX;202612;513881387;10.127.100K;84132000;FR;PT;10;EXW;11;3;;0,3;1;314;;QV999999999999;
INTRA-EX;202612;513881387;034-1ZZ-0001;87089997;FR;PT;10;EXW;11;3;;0,8;1;163;;QV999999999999;
INTRA-EX;202612;513881387;SAU0495-4P-BK;87083091;FR;PT;10;EXW;11;3;;0,5;1;78;;QV999999999999;
INTRA-EX;202612;513881387;216BFWGOPSM;90269000;FR;PT;10;EXW;11;3;;0,4;1;46;;QV999999999999;
INTRA-EX;202612;513881387;ACSP1;84099100;FR;PT;10;EXW;11;3;;0,5;1;22;;QV999999999999;
INTRA-EX;202612;513881387;SILZKBR8D8S-8;85111000;FR;PT;10;EXW;11;3;;0,5;1;90;;QV999999999999;
INTRA-EX;202612;513881387;AC-MK7-DI.A;87089997;FR;PT;10;EXW;11;3;;0,1;1;32;;QV999999999999;
INTRA-EX;202612;513881387;PP1895;84213100;FR;PT;10;EXW;11;3;;0,5;1;33;;QV999999999999;
INTRA-EX;202612;513881387;C9000;87089997;FR;PT;10;EXW;11;3;;1;1;10;;QV999999999999;
INTRA-EX;202612;513881387;SILZKBR8D8S-6;84099100;FR;PT;10;EXW;11;3;;0,4;1;68;;QV999999999999;
INTRA-EX;202612;513881387;U5055-6;84099100;FR;PT;10;EXW;11;3;;2,1;1;132;;QV999999999999;
INTRA-EX;202612;513881387;KTA253;87089235;FR;PT;10;EXW;11;3;;7,5;1;400;;FR96808300834;
INTRA-EX;202612;513881387;"CTS-HW-036 ARP";87089997;FR;PT;10;EXW;11;3;;0,7;1;141;;FR96808300834;
INTRA-EX;202612;513881387;KLC167A;87088055;FR;PT;10;EXW;11;3;;1,4;1;113;;FR96808300834;
INTRA-EX;202612;513881387;KCA472;87088035;FR;PT;10;EXW;11;3;;2;1;181;;FR96808300834;
INTRA-EX;202612;513881387;VWR19G704;70102000;FR;PT;10;EXW;11;3;;0,1;1;81;;QV999999999999;
INTRA-EX;202612;513881387;AC-MK7-CH-BL;40091100;FR;PT;10;EXW;11;3;;0,7;1;48;;QV999999999999;
INTRA-EX;202612;513881387;FMSS9;87089997;FR;PT;10;EXW;11;3;;1;1;140;;QV999999999999;
INTRA-EX;202612;513881387;AC-WS-12-BT;87088099;FR;PT;10;EXW;11;3;;2,3;1;46;;QV999999999999;
INTRA-EX;202612;513881387;SILZKBR8D8S-6;84099100;FR;PT;10;EXW;11;3;;0,4;1;68;;QV999999999999;
INTRA-EX;202612;513881387;SILKGR9A7ES-6;85111000;FR;PT;10;EXW;11;3;;0,3;1;94;;QV999999999999;
INTRA-EX;202612;513881387;SILZKFR8D7S-4;85111000;FR;PT;10;EXW;11;3;;0,3;1;34;;QV999999999999;
INTRA-EX;202612;513881387;FMINLH9-STO;40093100;FR;PT;10;EXW;11;3;;1,5;1;202;;QV999999999999;
INTRA-EX;202612;513881387;BMF58X;87088055;FR;PT;10;EXW;11;3;;7,9;1;223;;QV999999999999;
INTRA-EX;202612;513881387;AC-200-CFA-KIT;87089997;FR;PT;10;EXW;11;3;;0,1;1;32;;QV999999999999;
INTRA-EX;202612;513881387;VWR800001;58109210;FR;PT;10;EXW;11;3;;0,1;1;10;;QV999999999999;
INTRA-EX;202612;513881387;AC-WS-12-BT;87088099;FR;PT;10;EXW;11;3;;2,3;2;93;;QV999999999999;
INTRA-EX;202612;513881387;VWR180006;87089997;FR;PT;10;EXW;11;3;;0,1;1;17;;QV999999999999;
INTRA-EX;202612;513881387;BWF20XZ;87089997;FR;PT;10;EXW;11;3;;6;1;181;;QV999999999999;
INTRA-EX;202612;513881387;022905715B-6;84099100;FR;PT;10;EXW;11;3;;2,1;1;162;;QV999999999999;
INTRA-EX;202612;513881387;06J103600AFKIT;84099100;FR;PT;10;EXW;11;3;;2,5;1;49;;QV999999999999;
INTRA-EX;202612;513881387;AC-VAG-ODP;70102000;FR;PT;10;EXW;11;3;;0,2;1;8;;QV999999999999;
INTRA-EX;202612;513881387;AC-200-TB;87088055;FR;PT;10;EXW;11;3;;0,5;1;63;;QV999999999999;
INTRA-EX;202612;513881387;CTS-DP-IK1;87089997;FR;PT;10;EXW;11;3;;0,3;1;13;;QV999999999999;
INTRA-EX;202612;513881387;SFD1216-4P-BK;87083091;FR;PT;10;EXW;11;3;;0,5;1;77;;QV999999999999;
INTRA-EX;202612;513881387;AC-300-CP-4;84099100;FR;PT;10;EXW;11;3;;1;1;71;;QV999999999999;
INTRA-EX;202612;513881387;MS100219-8;85111000;FR;PT;10;EXW;11;3;;3,4;1;401;;QV999999999999;
INTRA-EX;202612;513881387;UR-AR19-644;87088055;FR;PT;10;EXW;11;3;;5;1;166;;QV999999999999;
INTRA-EX;202612;513881387;URTW-TW2-3688;87088055;FR;PT;10;EXW;11;3;;2,5;1;123;;QV999999999999;
INTRA-EX;202612;513881387;001422.999502;84836080;FR;PT;10;EXW;11;3;;7;1;569;;FR14412010928;
INTRA-EX;202612;513881387;613182.654150;87089997;FR;PT;10;EXW;11;3;;0,5;1;62;;FR14412010928;
INTRA-EX;202612;513881387;FMTIA4-RED;40093100;FR;PT;10;EXW;11;3;;0,6;1;138;;QV999999999999;
INTRA-EX;202612;513881387;FMINDK31;84213100;FR;PT;10;EXW;11;3;;3,5;1;250;;QV999999999999;
INTRA-EX;202612;513881387;MMFS-MIA-90;84149000;FR;PT;10;EXW;11;3;;5,1;1;190;;QV999999999999;
INTRA-EX;202612;513881387;MMTS-MIA-90L;90321020;FR;PT;10;EXW;11;3;;0,1;1;47;;QV999999999999;
INTRA-EX;202612;513881387;R7437-9-5;85111000;FR;PT;10;EXW;11;3;;0,3;1;213;;QV999999999999;
INTRA-EX;202612;513881387;058198025A;87089997;FR;PT;10;EXW;11;3;;0,3;1;8;;QV999999999999;
INTRA-EX;202612;513881387;E10-35-016-09-22;73202081;FR;PT;10;EXW;11;3;;11,5;1;189;;QV999999999999;
INTRA-EX;202612;513881387;14035-JP00A;87089235;FR;PT;10;EXW;11;3;;0,1;1;8;;QV999999999999;
INTRA-EX;202612;513881387;CTS-HS-150;87089997;FR;PT;10;EXW;11;3;;0,6;1;36;;QV999999999999;
INTRA-EX;202612;513881387;420121321;84099100;FR;PT;10;EXW;11;3;;0,1;1;29;;QV999999999999;
INTRA-EX;202612;513881387;VWR130006;84099100;FR;PT;10;EXW;11;3;;0,3;1;49;;QV999999999999;
INTRA-EX;202612;513881387;FMBPVXA;87089997;FR;PT;10;EXW;11;3;;0,1;1;30;;QV999999999999;
INTRA-EX;202612;513881387;MMBCC-FOST-13PBE2;87089997;FR;PT;10;EXW;11;3;;1,8;1;177;;QV999999999999;
INTRA-EX;202612;513881387;FMRLH-RED;40093100;FR;PT;10;EXW;11;3;;0,7;1;59;;QV999999999999;
INTRA-EX;202612;513881387;SILZKBR8D8S-6;84099100;FR;PT;10;EXW;11;3;;0,4;1;68;;QV999999999999;
INTRA-EX;202612;513881387;UR-TW2-3744;87088055;FR;PT;10;EXW;11;3;;3;1;116;;QV999999999999;
INTRA-EX;202612;513881387;FM225TH;40091100;FR;PT;10;EXW;11;3;;0,3;1;81;;QV999999999999;
INTRA-EX;202612;513881387;FM225AH-BLU;40093100;FR;PT;10;EXW;11;3;;0,3;1;43;;QV999999999999;
INTRA-EX;202612;513881387;PX1974;84213100;FR;PT;10;EXW;11;3;;2,5;1;190;;QV999999999999;
INTRA-EX;202612;513881387;VWR12G7R601FO;84213100;FR;PT;10;EXW;11;3;;0,9;1;127;;QV999999999999;
INTRA-EX;202612;513881387;EVO9204;84213100;FR;PT;10;EXW;11;3;;7,5;1;328;;QV999999999999;
INTRA-EX;202612;513881387;VWR12G7R601FO;84213100;FR;PT;10;EXW;11;3;;0,9;1;127;;FR15848407300;
INTRA-EX;202612;513881387;VWR810006;87089997;FR;PT;10;EXW;11;3;;1,5;1;243;;QV999999999999;
INTRA-EX;202612;513881387;VWR140014;87089997;FR;PT;10;EXW;11;3;;0,1;1;26;;QV999999999999;
INTRA-EX;202612;513881387;CTS-IT-110;40091100;FR;PT;10;EXW;11;3;;1,3;1;190;;QV999999999999;
INTRA-EX;202612;513881387;BKR8EIX-4;85111000;FR;PT;10;EXW;11;3;;0,3;1;43;;QV999999999999;
INTRA-EX;202612;513881387;FMFOCSTDV-RED;84814090;FR;PT;10;EXW;11;3;;0,7;1;147;;QV999999999999;
INTRA-EX;202612;513881387;ATINTFO42;87089997;FR;PT;10;EXW;11;3;;9,6;1;299;;QV999999999999;
INTRA-EX;202612;513881387;SBMC073;87089235;FR;PT;10;EXW;11;3;;11,4;1;285;;QV999999999999;
INTRA-EX;202612;513881387;FMIHF500-BLA;40093100;FR;PT;10;EXW;11;3;;0,7;1;115;;QV999999999999;
INTRA-EX;202612;513881387;IKR9J8-4;87089997;FR;PT;10;EXW;11;3;;0,3;1;45;;QV999999999999;
INTRA-EX;202612;513881387;AC-500-VRH-BK;40093100;FR;PT;10;EXW;11;3;;0,2;1;19;;QV999999999999;
INTRA-EX;202612;513881387;SBM098CF;87089235;FR;PT;10;EXW;11;3;;31;1;1815;;FR27841226103;
INTRA-EX;202612;513881387;SBMP098;87089997;FR;PT;10;EXW;11;3;;17,7;1;659;;FR27841226103;
INTRA-EX;202612;513881387;SBMXP098;87089235;FR;PT;10;EXW;11;3;;4,5;1;257;;FR27841226103;
INTRA-EX;202612;513881387;SBM098B;87089997;FR;PT;10;EXW;11;3;;2;1;69;;FR27841226103;
INTRA-EX;202612;513881387;SFDP089;87089997;FR;PT;10;EXW;11;3;;8,2;1;212;;QV999999999999;
INTRA-EX;202612;513881387;ATMSFO104;87089997;FR;PT;10;EXW;11;3;;0,1;1;42;;QV999999999999;
INTRA-EX;202612;513881387;06E898001-4;85111000;FR;PT;10;EXW;11;3;;1,5;1;102;;QV999999999999;
INTRA-EX;202612;513881387;BKR8EIX-4;85111000;FR;PT;10;EXW;11;3;;0,3;1;43;;QV999999999999;
INTRA-EX;202612;513881387;CTS-HW-506;84213100;FR;PT;10;EXW;11;3;;12;1;116;;QV999999999999;
INTRA-EX;202612;513881387;SBW0261-4P-BK;87083091;FR;PT;10;EXW;11;3;;0,5;1;84;;QV999999999999;
INTRA-EX;202612;513881387;9-355-1025;84133080;FR;PT;10;EXW;11;3;;0,8;1;206;;QV999999999999;
INTRA-EX;202612;513881387;AG-K8-C;87089997;FR;PT;10;EXW;11;3;;4,4;1;879;;FR44843962317;
INTRA-EX;202612;513881387;MP-WAZA;87089997;FR;PT;10;EXW;11;3;;0,1;1;12;;FR44843962317;
INTRA-EX;202612;513881387;AG-K8-TREM;87089997;FR;PT;10;EXW;11;3;;0,1;1;81;;FR44843962317;
INTRA-EX;202612;513881387;32018-AZ010;84213100;FR;PT;10;EXW;11;3;;13;1;891;;FR46810264259;
INTRA-EX;202612;513881387;034-106-3039;87089997;FR;PT;10;EXW;11;3;;0,2;1;384;;FR47503616963;
INTRA-EX;202612;513881387;VWR143000;87089997;FR;PT;10;EXW;11;3;;14,9;1;1062;;FR47503616963;
INTRA-EX;202612;513881387;FMINT32;87089997;FR;PT;10;EXW;11;3;;16,7;1;804;;FR48881778997;
INTRA-EX;202612;513881387;AC-180-DP;87089235;FR;PT;10;EXW;11;3;;8,3;1;251;;FR51825111792;
INTRA-EX;202612;513881387;CTS-DB-MK4-60D;84099100;FR;PT;10;EXW;11;3;;1,2;1;55;;FR51825111792;
INTRA-EX;202612;513881387;8E0971824S-RD;84099100;FR;PT;10;EXW;11;3;;0,2;1;16;;FR51825111792;
INTRA-EX;202612;513881387;AC-180-CPA;87089997;FR;PT;10;EXW;11;3;;0,5;1;53;;FR51825111792;
INTRA-EX;202612;513881387;FMVWQS;87089997;FR;PT;10;EXW;11;3;;0,7;1;100;;FR51825111792;
INTRA-EX;202612;513881387;ATINTVAG14;87089199;FR;PT;10;EXW;11;3;;15,7;1;744;;FR51825111792;
INTRA-EX;202612;513881387;MS100255;84213100;FR;PT;10;EXW;11;3;;3;1;907;;FR52839374543;
INTRA-EX;202612;513881387;CTS-EXH-CB-0015;87089235;FR;PT;10;EXW;11;3;;28;1;1394;;FR53830473112;
INTRA-EX;202612;513881387;VWR19G711;84213100;FR;PT;10;EXW;11;3;;0,3;1;111;;FR54423658087;
INTRA-EX;202612;513881387;VWR19G703;70102000;FR;PT;10;EXW;11;3;;0,2;1;97;;FR54423658087;
INTRA-EX;202612;513881387;VWR140014;87089997;FR;PT;10;EXW;11;3;;0,1;1;31;;FR54423658087;
INTRA-EX;202612;513881387;VWR190002;87089997;FR;PT;10;EXW;11;3;;0,2;2;167;;FR54423658087;
INTRA-EX;202612;513881387;VWR19G704;70102000;FR;PT;10;EXW;11;3;;0,1;1;83;;FR54423658087;
INTRA-EX;202612;513881387;VWR19G707;84213100;FR;PT;10;EXW;11;3;;0,1;1;83;;FR54423658087;
INTRA-EX;202612;513881387;VWR81G700;87088055;FR;PT;10;EXW;11;3;;2,6;1;465;;FR54423658087;
INTRA-EX;202612;513881387;VWR19G701;87089997;FR;PT;10;EXW;11;3;;0,2;1;69;;FR54423658087;
INTRA-EX;202612;513881387;P3PSEN;87089997;FR;PT;10;EXW;11;3;;0,1;1;71;;FR56810999102;
INTRA-EX;202612;513881387;MMOP-TPS;84099100;FR;PT;10;EXW;11;3;;0,4;1;65;;FR56810999102;
INTRA-EX;202612;513881387;U3P3MX5D;87089997;FR;PT;10;EXW;11;3;;0,4;1;397;;FR56810999102;
INTRA-EX;202612;513881387;MMBCC-MIA-16PBE;84099100;FR;PT;10;EXW;11;3;;1,6;1;264;;FR56810999102;
INTRA-EX;202612;513881387;MMIG-MAZ-1204;85111000;FR;PT;10;EXW;11;3;;1,5;1;118;;FR56810999102;
INTRA-EX;202612;513881387;ILKAR7L11-4;85111000;FR;PT;10;EXW;11;3;;0,3;1;82;;FR56810999102;
INTRA-EX;202612;513881387;FRI-0350;84213100;FR;PT;10;EXW;11;3;;3,6;1;1200;;FR57798802872;
INTRA-EX;202612;513881387;31029-AF001;87089235;FR;PT;10;EXW;11;3;;19,2;1;1414;;FR57838267516;
INTRA-EX;202612;513881387;ATIKBMW2;84213100;FR;PT;10;EXW;11;3;;3,9;1;477;;FR63813526019;
INTRA-EX;202612;513881387;ATINTBMW4;87089997;FR;PT;10;EXW;11;3;;13,3;1;643;;FR63813526019;
INTRA-EX;202612;513881387;SVWS038;87089235;FR;PT;10;EXW;11;3;;21;1;859;;FR67823735238;
INTRA-EX;202612;513881387;SAUX044;87089235;FR;PT;10;EXW;11;3;;20;1;1377;;FR71538891409;
INTRA-EX;202612;513881387;FMACVAG06;84099100;FR;PT;10;EXW;11;3;;0,6;1;163;;FR72812143675;
INTRA-EX;202612;513881387;PK380;84213100;FR;PT;10;EXW;11;3;;5,8;1;328;;FR72812143675;
INTRA-EX;202612;513881387;FMMK5CTC;87089135;FR;PT;10;EXW;11;3;;1,6;1;483;;FR72812143675;
INTRA-EX;202612;513881387;AC-200-HS;87089997;FR;PT;10;EXW;11;3;;0,5;1;26;;FR72812143675;
INTRA-EX;202612;513881387;MMOC-RS-16TBK;87089135;FR;PT;10;EXW;11;3;;6;1;864;;FR77537634776;
INTRA-EX;202612;513881387;MMBCC-350Z-03PBE;84099100;FR;PT;10;EXW;11;3;;1,5;1;336;;FR84750466617;
INTRA-EX;202612;513881387;MMRAD-350Z-03;87089135;FR;PT;10;EXW;11;3;;10,9;1;328;;FR84750466617;
INTRA-EX;202612;513881387;MMTS-350Z-03L;90321020;FR;PT;10;EXW;11;3;;0,3;1;57;;FR84750466617;
INTRA-EX;202612;513881387;SP1986BLK;84213100;FR;PT;10;EXW;11;3;;4;1;460;;FR84750466617;
INTRA-EX;202612;513881387;AC-Z33-EM;87089235;FR;PT;10;EXW;11;3;;8,2;1;341;;FR84750466617;
INTRA-EX;202612;513881387;14036-AG010;84099100;FR;PT;10;EXW;11;3;;0,2;1;9;;FR84750466617;
INTRA-EX;202612;513881387;33002-BT001;84213100;FR;PT;10;EXW;11;3;;9,5;1;947;;FR84813706058;
INTRA-EX;202612;513881387;883089.000046;84836080;FR;PT;10;EXW;11;3;;15,5;1;1340;;FR85800015349;
INTRA-EX;202612;513881387;613182.654150;87089997;FR;PT;10;EXW;11;3;;0,5;1;75;;FR85800015349;
INTRA-EX;202612;513881387;70999-AT002;84213100;FR;PT;10;EXW;11;3;;0,6;1;149;;FR89530098268;
INTRA-EX;202612;513881387;70026-AT001;84213100;FR;PT;10;EXW;11;3;;0,9;1;452;;FR89530098268;
INTRA-EX;202612;513881387;14011-AT001;84213100;FR;PT;10;EXW;11;3;;3;1;359;;FR89530098268;
INTRA-EX;202612;513881387;VWR682001;87089997;FR;PT;10;EXW;11;3;;13;1;1199;;FR89841571961;
INTRA-EX;202612;513881387;VWR682000;87089997;FR;PT;10;EXW;11;3;;15,5;1;299;;FR89841571961;
INTRA-EX;202612;513881387;EUPD5002115R;85111000;FR;PT;10;EXW;11;3;;1,5;1;1129;;FR90833667108;
INTRA-EX;202612;513881387;883089.000126;84836080;FR;PT;10;EXW;11;3;;15,5;1;1379;;FR91853808350;
INTRA-EX;202612;513881387;613182.654150;87089997;FR;PT;10;EXW;11;3;;0,5;1;75;;FR91853808350;
INTRA-EX;202612;513881387;E90-35-020-02-22;73202081;FR;PT;10;EXW;11;3;;23,3;1;940;;FR92815251400;
INTRA-EX;202612;513881387;50003-MR45XLZ-4;87089997;FR;PT;10;EXW;11;3;;0,3;1;158;;FR92852993906;
INTRA-EX;202612;513881387;31019-AS109;84213100;FR;PT;10;EXW;11;3;;14;1;1244;;FR92852993906;
INTRA-EX;202612;513881387;ATMSFO134;87089997;FR;PT;10;EXW;11;3;;2,3;1;207;;FR94327703922;
INTRA-EX;202612;513881387;ATINTFO52;87089997;FR;PT;10;EXW;11;3;;16,2;1;571;;FR94327703922;
INTRA-EX;202612;513881387;ATMSFO108;87089997;FR;PT;10;EXW;11;3;;0,2;1;122;;FR94327703922;
INTRA-EX;202612;513881387;CTS-TR-1000;87089997;FR;PT;10;EXW;11;3;;10;1;999;;FR94843535469;
INTRA-EX;202612;513881387;06L253039C;87089997;FR;PT;10;EXW;11;3;;0,1;1;9;;FR94843535469;
INTRA-EX;202612;513881387;TFSI4xx-BK;39199080;FR;PT;10;EXW;11;3;;0,1;1;3;;FR94843535469;
INTRA-EX;202612;513881387;06L115466C;84213100;FR;PT;10;EXW;11;3;;0,2;1;7;;FR94843535469;
INTRA-EX;202612;513881387;AMS-00.06.0108-1;87089997;FR;PT;10;EXW;11;3;;0,1;1;4;;FR94843535469;
INTRA-EX;202612;513881387;06K103495AC;87089997;FR;PT;10;EXW;11;3;;0,6;1;38;;FR94843535469;
INTRA-EX;202612;513881387;CTS-IGN-007;84099100;FR;PT;10;EXW;11;3;;0,3;4;168;;FR94843535469;
INTRA-EX;202612;513881387;FMOCRS4;87089135;FR;PT;10;EXW;11;3;;5;1;1168;;FR95849530522;
INTRA-EX;202612;513881387;883089.000046;84836080;FR;PT;10;EXW;11;3;;15,5;1;1340;;FR96811318310;
INTRA-EX;202612;513881387;AC-211-CFA;87089997;FR;PT;10;EXW;11;3;;0,1;1;29;;FR96811318310;
INTRA-EX;202612;513881387;WHT005184;40091100;FR;PT;10;EXW;11;3;;0,1;1;9;;FR96811318310;
INTRA-EX;202612;513881387;MMTS-VR6-93L;87089235;FR;PT;10;EXW;11;3;;0,1;1;60;;FR96845021542;
INTRA-EX;202612;513881387;MMRAD-MK5-08;87089235;FR;PT;10;EXW;11;3;;11,2;1;316;;FR96845021542;
INTRA-EX;202612;513881387;AC-MQB-IC;84198998;FR;PT;10;EXW;11;3;;16,3;1;503;;FR96845021542;
INTRA-EX;202612;513881387;AC-200-IC;84198998;FR;PT;10;EXW;11;3;;11,9;1;476;;FR96845021542;
INTRA-EX;202612;513881387;AC-MK5-FU-RD;;FR;PT;10;EXW;11;3;;0,1;2;233;;FR96845021542;
INTRA-EX;202612;513881387;FMPK383;84212300;DK;PT;10;EXW;11;3;;0,7;1;115;;QV999999999999;
INTRA-EX;202612;513881387;AC-8V5RS-OP;87089997;DK;PT;10;EXW;11;3;;5;1;439;;QV999999999999;
INTRA-EX;202612;513881387;MMRAD-E36-92;87089135;IE;PT;10;EXW;11;3;;6,2;1;246;;QV999999999999;
INTRA-EX;202612;513881387;PKR7A-6;85111000;IE;PT;10;EXW;11;3;;0,4;1;70;;QV999999999999;
INTRA-EX;202612;513881387;EVE-S1-CF-INT;84213100;SE;PT;10;EXW;11;3;;3;1;486;;SE559371780301;
INTRA-EX;202612;513881387;9-301-1000;84133080;CY;PT;10;EXW;11;3;;0,5;1;109;;CY00781748Y;
INTRA-EX;202612;513881387;24999-AF001;84213100;CY;PT;10;EXW;11;3;;0,6;1;144;;CY00781748Y;
INTRA-EX;202612;513881387;24999-AM001;84213100;CY;PT;10;EXW;11;3;;0,5;1;119;;CY00781748Y;
INTRA-EX;202612;513881387;U5014;84099100;CY;PT;10;EXW;11;3;;0,3;4;86;;CY00781748Y;
INTRA-EX;202612;513881387;VWR13G700;84099100;CY;PT;10;EXW;11;3;;3;1;468;;CY00781748Y;
INTRA-EX;202612;513881387;9-201-1000;84133080;CY;PT;10;EXW;11;3;;0,5;2;141;;CY00781748Y;
INTRA-EX;202612;513881387;9-201-0846;87089997;CY;PT;10;EXW;11;3;;0,6;1;70;;CY00781748Y;
INTRA-EX;202612;513881387;CTS-IT-312;87089997;LU;PT;10;EXW;11;3;;0,6;1;132;;QV999999999999;
INTRA-EX;202612;513881387;CTS-IT-288;84213100;LU;PT;10;EXW;11;3;;2,2;1;307;;QV999999999999;
INTRA-EX;202612;513881387;STYP011;87089235;RO;PT;10;EXW;11;3;;10,8;1;392;;QV999999999999;
INTRA-EX;202612;513881387;FMINT30-BLACK;84198998;RO;PT;10;EXW;11;3;;13;1;432;;QV999999999999;
INTRA-EX;202612;513881387;FMDV32R-POL;87089997;SI;PT;10;EXW;11;3;;0,6;1;207;;SI31023223;
INTRA-EX;202612;513881387;FMDV20-BLA;84818040;SI;PT;10;EXW;11;3;;0,6;1;177;;QV999999999999;
INTRA-EX;202612;513881387;KLC233;87089997;SI;PT;10;EXW;11;3;;0,9;1;113;;SI47031816;
INTRA-EX;202612;513881387;KCA472;87088035;SI;PT;10;EXW;11;3;;2;1;178;;QV999999999999;
INTRA-EX;202612;513881387;FMINDK28-BLA-FOA;84213100;SK;PT;10;EXW;11;3;;5,9;1;231;;SK2120270581;
INTRA-EX;202612;513881387;KLC231;87088055;HR;PT;10;EXW;11;3;;1;1;147;;QV999999999999;
INTRA-EX;202612;513881387;KLC32;87088055;HR;PT;10;EXW;11;3;;0,8;1;92;;QV999999999999;
INTRA-EX;202612;513881387;ATINTHYU1;87089997;HR;PT;10;EXW;11;3;;15,5;1;491;;QV999999999999;
INTRA-EX;202612;513881387;74150000401BK;87089997;HR;PT;10;EXW;11;3;;0,1;1;7;;QV999999999999;
INTRA-EX;202612;513881387;KCF-4;87089997;HR;PT;10;EXW;11;3;;0,3;1;3;;QV999999999999;
INTRA-EX;202612;513881387;VWR180002;87089997;HU;PT;10;EXW;11;3;;0,1;2;51;;HU23431760;
INTRA-EX;202612;513881387;330117R;87089235;HU;PT;10;EXW;11;3;;1,5;1;184;;HU23431760;
INTRA-EX;202612;513881387;R7437-9-5;85111000;HU;PT;10;EXW;11;3;;0,3;3;641;;HU23431760;
INTRA-EX;202612;513881387;MS100187;85111000;HU;PT;10;EXW;11;3;;0,9;1;314;;HU23431760;
INTRA-EX;202612;513881387;6M5587H-STD;40091100;HU;PT;10;EXW;11;3;;0,4;1;118;;HU23431760;
INTRA-EX;202612;513881387;ATINTMB02;87089135;HU;PT;10;EXW;11;3;;4,2;1;467;;QV999999999999;
INTRA-EX;202612;513881387;D158-A001;87089997;DE;PT;10;EXW;11;3;;0,2;1;22;;QV999999999999;
INTRA-EX;202612;513881387;D155-A001;87089997;DE;PT;10;EXW;11;3;;1,1;1;160;;QV999999999999;
INTRA-EX;202612;513881387;WB-568;84213100;DE;PT;10;EXW;11;3;;0,4;1;52;;QV999999999999;
INTRA-EX;202612;513881387;EVE-C8RS6-CF-INT;84213100;PL;PT;10;EXW;11;3;;4,8;1;1987;;PL6972395288;
INTRA-EX;202612;513881387;EVE-E9X-CF-PLM;84213100;PL;PT;10;EXW;11;3;;5,6;1;1678;;PL8141683531;
INTRA-EX;202612;513881387;EVE-E9X-CF-INT;84213100;PL;PT;10;EXW;11;3;;2,5;1;621;;PL8141683531;
INTRA-EX;202612;513881387;EVE-E9X-CF-ARB;87089235;PL;PT;10;EXW;11;3;;1,3;1;428;;PL8141683531;
INTRA-EX;202612;513881387;EVE-E9X-CF-DCT;84213100;PL;PT;10;EXW;11;3;;1,1;1;502;;PL8141683531;
INTRA-EX;202612;513881387;VWR652000-RED;87089997;GR;PT;10;EXW;11;3;;36,1;1;1510;;GREL802913609;
INTRA-EX;202612;513881387;VWR800001;58109210;GR;PT;10;EXW;11;3;;0,1;1;7;;GREL802913609;
INTRA-EX;202612;513881387;VWR120001;87089997;GR;PT;10;EXW;11;3;;0,1;1;4;;GREL802913609;
INTRA-EX;202612;513881387;A1000004;87089997;GR;PT;10;EXW;11;3;;0,1;1;8;;GREL802913609;
INTRA-EX;202612;513881387;MS100128;84213100;GR;PT;10;EXW;11;3;;4;1;739;;GREL802913609;
INTRA-EX;202612;513881387;10.127.101K;84133080;GR;PT;10;EXW;11;3;;0,3;1;227;;GREL802913609;
INTRA-EX;202612;513881387;UR-TW2-986;87088055;GR;PT;10;EXW;11;3;;3,4;1;92;;GREL108534505;
INTRA-EX;202612;513881387;MMRAD-WRX-01;87089135;GR;PT;10;EXW;11;3;;7,2;1;209;;GREL108534505;
INTRA-EX;202612;513881387;BSR33Z;87088055;GR;PT;10;EXW;11;3;;5,2;1;140;;QV999999999999;
INTRA-EX;202612;513881387;BSF33Z;87088055;GR;PT;10;EXW;11;3;;4,4;1;140;;QV999999999999;
INTRA-EX;202612;513881387;KLC26;87088055;GR;PT;10;EXW;11;3;;0,9;1;90;;QV999999999999;
INTRA-EX;202612;513881387;AC-GD-FU-BL;87088055;GR;PT;10;EXW;11;3;;2,4;1;72;;QV999999999999;
INTRA-EX;202612;513881387;MMSBH-RX8-04K;40093100;GR;PT;10;EXW;11;3;;3,7;1;405;;QV999999999999;
INTRA-EX;202612;513881387;VWR670006;87089235;BE;PT;10;EXW;11;3;;3;1;143;;QV999999999999;
INTRA-EX;202612;513881387;FMINDF56;84213100;BE;PT;10;EXW;11;3;;2,3;1;293;;QV999999999999;
INTRA-EX;202612;513881387;FMHFIP1;87089235;BE;PT;10;EXW;11;3;;3;1;222;;QV999999999999;
INTRA-EX;202612;513881387;10.127.203T;87089997;NL;PT;10;EXW;11;3;;0,1;2;21;;NL866996473B01;
INTRA-EX;202612;513881387;CI100054;40091100;NL;PT;10;EXW;11;3;;4,3;1;226;;NL866996473B01;
INTRA-EX;202612;513881387;VWR180004;87089997;NL;PT;10;EXW;11;3;;0,1;1;26;;NL866996473B01;
INTRA-EX;202612;513881387;MMTS-CTR-17;90321020;NL;PT;10;EXW;11;3;;0,2;1;33;;NL857445832B01;
INTRA-EX;202612;513881387;UR-RE2-066;87088055;NL;PT;10;EXW;11;3;;2,1;1;74;;NL857445832B01;
INTRA-EX;202612;513881387;MMRT-CAWBK;87089997;NL;PT;10;EXW;11;3;;0,8;1;55;;NL857445832B01;
INTRA-EX;202612;513881387;MMRC-13L;87089997;NL;PT;10;EXW;11;3;;0,3;1;14;;NL857445832B01;
INTRA-EX;202612;513881387;MMRAD-CIV-92;87089135;NL;PT;10;EXW;11;3;;4,2;1;145;;NL857445832B01;
INTRA-EX;202612;513881387;MMRT-CA;87089997;NL;PT;10;EXW;11;3;;0,8;1;55;;NL857445832B01;
INTRA-EX;202612;513881387;MMFS-CIV-92;87089997;NL;PT;10;EXW;11;3;;3,3;1;104;;NL857445832B01;
INTRA-EX;202612;513881387;UR-RE2-3933A;87088055;NL;PT;10;EXW;11;3;;3;1;98;;NL857445832B01;
INTRA-EX;202612;513881387;MMAI-FOST-13WBK;84213100;NL;PT;10;EXW;11;3;;6,9;1;336;;QV999999999999;
INTRA-EX;202612;513881387;R7437-9-5;85111000;NL;PT;10;EXW;11;3;;0,3;1;212;;QV999999999999;
INTRA-EX;202612;513881387;VWR160001;87089997;NL;PT;10;EXW;11;3;;0,4;2;171;;NL866996473B01;
INTRA-EX;202612;513881387;VWR180000;87089997;NL;PT;10;EXW;11;3;;0,1;3;27;;NL866996473B01;
INTRA-EX;202612;513881387;VWR17G7R600;40091100;NL;PT;10;EXW;11;3;;0,2;1;38;;NL866996473B01;
INTRA-EX;202612;513881387;VWR12G7R600ITBLA;84213100;NL;PT;10;EXW;11;3;;0,8;1;76;;NL866996473B01;
INTRA-EX;202612;513881387;VWR12G7R600ITINLET;87089997;NL;PT;10;EXW;11;3;;0,4;1;100;;NL866996473B01;
INTRA-EX;202612;513881387;SILZKGR8B8S;85111000;NL;PT;10;EXW;11;3;;0,1;22;186;;NL866996473B01;
INTRA-EX;202612;513881387;CTS-IGN-009;84099100;NL;PT;10;EXW;11;3;;0,3;27;698;;NL866996473B01;
INTRA-EX;202612;513881387;VWR31G70R;87088035;NL;PT;10;EXW;11;3;;9,5;1;161;;NL866996473B01;
INTRA-EX;202612;513881387;R7438-9;85111000;NL;PT;10;EXW;11;3;;0,1;4;138;;NL866996473B01;
INTRA-EX;202612;513881387;VWR670006;87089235;NL;PT;10;EXW;11;3;;3;1;119;;NL866996473B01;
INTRA-EX;202612;513881387;CTS-IGN-007;84099100;NL;PT;10;EXW;11;3;;0,3;20;599;;NL866996473B01;
INTRA-EX;202612;513881387;VWR810000;87089997;NL;PT;10;EXW;11;3;;0,2;8;137;;NL866996473B01;
INTRA-EX;202612;513881387;FMINLH21-RED;40093100;NL;PT;10;EXW;11;3;;0,6;1;48;;NL866996473B01;
INTRA-EX;202612;513881387;FMEDV103R;84814090;NL;PT;10;EXW;11;3;;0,5;8;1199;;NL866996473B01;
INTRA-EX;202612;513881387;MMBCC-CTR-17PBEBK2;87089997;NL;PT;10;EXW;11;3;;1,1;1;149;;NL857445832B01;
INTRA-EX;202612;513881387;MMTS-CIV-06;87089997;NL;PT;10;EXW;11;3;;0,4;1;48;;NL857445832B01;
INTRA-EX;202612;513881387;UR-RE2-1107;87088055;NL;PT;10;EXW;11;3;;3;1;63;;NL857445832B01;
INTRA-EX;202612;513881387;MMTS-CTR-17;90321020;NL;PT;10;EXW;11;3;;0,2;2;67;;NL857445832B01;
INTRA-EX;202612;513881387;SP-201;32081090;NL;PT;10;EXW;11;3;;0,5;10;163;;NL857445832B01;
INTRA-EX;202612;513881387;UR-TW2-1106;87088055;NL;PT;10;EXW;11;3;;2,1;1;74;;NL857445832B01;
INTRA-EX;202612;513881387;MMRT-CA;87089997;NL;PT;10;EXW;11;3;;0,8;1;55;;NL857445832B01;
INTRA-EX;202612;513881387;EVE-FL5-CF-INT;84213100;NL;PT;10;EXW;11;3;;3,8;1;1087;;NL857445832B01;
INTRA-EX;202612;513881387;33002-AH001;84213100;NL;PT;10;EXW;11;3;;7,3;1;1053;;NL857445832B01;
INTRA-EX;202612;513881387;UR-RL2-686;87088055;NL;PT;10;EXW;11;3;;0,9;1;41;;NL857445832B01;
INTRA-EX;202612;513881387;BHR97Z;87088055;NL;PT;10;EXW;11;3;;3;1;119;;NL857445832B01;
INTRA-EX;202612;513881387;MMHOSE-HON-K20BK;40091100;NL;PT;10;EXW;11;3;;1,5;2;118;;NL857445832B01;
INTRA-EX;202612;513881387;MMINT-CIV-16SL;87089199;NL;PT;10;EXW;11;3;;10,8;1;430;;NL857445832B01;
INTRA-EX;202612;513881387;UR-RE2-081;87088055;NL;PT;10;EXW;11;3;;2,5;1;73;;NL857445832B01;
INTRA-EX;202612;513881387;MMRAD-CIV-02SI;87089135;NL;PT;10;EXW;11;3;;8,7;1;196;;NL857445832B01;
INTRA-EX;202612;513881387;MMAI-CIV-16BK;84213100;NL;PT;10;EXW;11;3;;5;2;419;;NL857445832B01;
INTRA-EX;202612;513881387;PP1319;84213100;NL;PT;10;EXW;11;3;;0,4;1;20;;NL857445832B01;
INTRA-EX;202612;513881387;SP-734;32081090;NL;PT;10;EXW;11;3;;1;2;25;;NL857445832B01;
INTRA-EX;202612;513881387;EVE-F8XMV2-CF-INT;84213100;NL;PT;10;EXW;11;3;;6,2;1;1794;;NL866860666B01;
INTRA-EX;202612;513881387;MMSBH-F80-15;40093100;NL;PT;10;EXW;11;3;;1,5;1;253;;NL866860666B01;
INTRA-EX;202612;513881387;U5014;84099100;NL;PT;10;EXW;11;3;;0,3;4;86;;NL866860666B01;
INTRA-EX;202612;513881387;BKR7EIX;85111000;NL;PT;10;EXW;11;3;;0,1;4;34;;NL866860666B01;
INTRA-EX;202612;513881387;ATINTP&C7;87089997;NL;PT;10;EXW;11;3;;12,9;1;523;;QV999999999999;
INTRA-EX;202612;513881387;D650-0010-6;84099100;NL;PT;10;EXW;11;3;;2,4;1;185;;QV999999999999;
INTRA-EX;202612;513881387;SILZKGR8B8S-6;85111000;NL;PT;10;EXW;11;3;;0,4;1;59;;QV999999999999;
INTRA-EX;202612;513881387;AC-B58-TP;40091100;NL;PT;10;EXW;11;3;;1,7;1;152;;QV999999999999;
INTRA-EX;202612;513881387;CTS-HS-360;87089997;NL;PT;10;EXW;11;3;;2,6;1;133;;QV999999999999;
INTRA-EX;202612;513881387;ATINTFO26;87089135;NL;PT;10;EXW;11;3;;15;1;501;;QV999999999999;
INTRA-EX;202612;513881387;ATMSFO179;87089997;NL;PT;10;EXW;11;3;;5;1;327;;QV999999999999;
INTRA-EX;202612;513881387;AC-FIST7-BAD;87089997;NL;PT;10;EXW;11;3;;0,5;1;59;;QV999999999999;
INTRA-EX;202612;513881387;AC-KC-FO-01-RD;87089997;NL;PT;10;EXW;11;3;;0,1;1;12;;QV999999999999;
INTRA-EX;202612;513881387;ATMSFO71;40091100;NL;PT;10;EXW;11;3;;0,3;1;110;;QV999999999999;
INTRA-EX;202612;513881387;CTS-IGN-008;84099100;IT;PT;10;EXW;11;3;;0,3;4;82;;IT02710790060;
INTRA-EX;202612;513881387;FMFSITAT-BLK;87089997;IT;PT;10;EXW;11;3;;0,7;1;134;;IT03002640732;
INTRA-EX;202612;513881387;AC-MK8-DP;87089235;IT;PT;10;EXW;11;3;;8,3;1;155;;IT03002640732;
INTRA-EX;202612;513881387;SVWC060;87089235;IT;PT;10;EXW;11;3;;10;1;276;;IT02710790060;
INTRA-EX;202612;513881387;U5055;85111000;IT;PT;10;EXW;11;3;;0,3;4;74;;IT02710790060;
INTRA-EX;202612;513881387;647AU;84814090;IT;PT;10;EXW;11;3;;5;1;191;;IT10491230966;
INTRA-EX;202612;513881387;AC-250-CH-BK;40093100;IT;PT;10;EXW;11;3;;2,4;1;194;;IT04685420160;
INTRA-EX;202612;513881387;ATINTREN1;87089135;IT;PT;10;EXW;11;3;;11,8;1;364;;IT12072620011;
INTRA-EX;202612;513881387;FMHPRM-BLU;40091100;IT;PT;10;EXW;11;3;;3,5;1;121;;IT12072620011;
INTRA-EX;202612;513881387;FMRMCLMP;87089997;IT;PT;10;EXW;11;3;;0,1;1;20;;IT12072620011;
INTRA-EX;202612;513881387;AC-30N-CP;85111000;IT;PT;10;EXW;11;3;;0,3;4;55;;IT12072620011;
INTRA-EX;202612;513881387;AC-MK7-CP;84099100;IT;PT;10;EXW;11;3;;0,3;12;215;;IT12072620011;
INTRA-EX;202612;513881387;AC-200-CP;84099100;IT;PT;10;EXW;11;3;;0,3;20;274;;IT12072620011;
INTRA-EX;202612;513881387;MS100247;85111000;IT;PT;10;EXW;11;3;;0,4;4;114;;IT12072620011;
INTRA-EX;202612;513881387;MMBCC-FOST-13PBE2;87089997;IT;PT;10;EXW;11;3;;1,8;1;140;;IT02710790060;
INTRA-EX;202612;513881387;SSZ0205-6P-BK;87083091;IT;PT;10;EXW;11;3;;0,6;1;91;;IT02710790060;
INTRA-EX;202612;513881387;CTS-IGN-008;84099100;IT;PT;10;EXW;11;3;;0,3;4;119;;IT02710790060;
INTRA-EX;202612;513881387;VWR900003;85111000;IT;PT;10;EXW;11;3;;0,3;4;122;;IT08908800967;
INTRA-EX;202612;513881387;ATINTVAG7;87089135;IT;PT;10;EXW;11;3;;18,1;1;569;;IT08908800967;
INTRA-EX;202612;513881387;AC-MK7-MD;87089997;IT;PT;10;EXW;11;3;;0,4;1;43;;IT02710790060;
INTRA-EX;202612;513881387;VWR140012;87089199;IT;PT;10;EXW;11;3;;3;1;240;;IT02710790060;
INTRA-EX;202612;513881387;CTS-IT-285;40091100;IT;PT;10;EXW;11;3;;0,3;1;59;;IT02710790060;
INTRA-EX;202612;513881387;AC-MK7R-DP;87089235;IT;PT;10;EXW;11;3;;11,6;1;185;;IT14481871003;
INTRA-EX;202612;513881387;1K0121407A;87089997;IT;PT;10;EXW;11;3;;0,8;5;35;;IT14481871003;
INTRA-EX;202612;513881387;2Q0121321A;87089997;IT;PT;10;EXW;11;3;;0,2;5;28;;IT14481871003;
INTRA-EX;202612;513881387;FMINDK47;84213100;ES;PT;10;EXW;11;3;;5,8;1;446;;ESB76260033;
INTRA-EX;202612;513881387;CTS-HW-360;40091100;ES;PT;10;EXW;11;3;;1,4;1;224;;ESB76260033;
INTRA-EX;202612;513881387;CTS-IT-270R;84213100;ES;PT;10;EXW;11;3;;4,3;1;247;;ESB76260033;
INTRA-EX;202612;513881387;9-355-1025;84133080;ES;PT;10;EXW;11;3;;0,8;1;161;;ESB76260033;
INTRA-EX;202612;513881387;SP-204;32081090;ES;PT;10;EXW;11;3;;0,5;2;32;;ESB76260033;
INTRA-EX;202612;513881387;6-1002-FRB;84133080;ES;PT;10;EXW;11;3;;0,4;1;97;;ESB76260033;
INTRA-EX;202612;513881387;9-307-1026;84133080;ES;PT;10;EXW;11;3;;0,5;1;122;;ES18062887K;
INTRA-EX;202612;513881387;MMRAD-240-89KA;87089135;ES;PT;10;EXW;11;3;;8,5;1;184;;ESB66283003;
INTRA-EX;202612;513881387;MMFS-240-89KA;84149000;ES;PT;10;EXW;11;3;;5,2;1;140;;ESB66283003;
INTRA-EX;202612;513881387;CTS-EXH-TP-0004-B8;87089235;ES;PT;10;EXW;11;3;;7,4;1;149;;ES48924146H;
INTRA-EX;202612;513881387;CTS-DB-MK4-60D;84099100;ES;PT;10;EXW;11;3;;1,2;1;29;;ES48924146H;
INTRA-EX;202612;513881387;CTS-TM-MK4-60D;87089235;ES;PT;10;EXW;11;3;;2;1;89;;ES48924146H;
INTRA-EX;202612;513881387;CTS-EM-MK456-4-60D;84099100;ES;PT;10;EXW;11;3;;2,5;1;89;;ES48924146H;
INTRA-EX;202612;513881387;VWR520000;87089997;ES;PT;10;EXW;11;3;;0,7;1;133;;ES48924146H;
INTRA-EX;202612;513881387;VWR420000;87089997;ES;PT;10;EXW;11;3;;2;1;159;;ES48924146H;
INTRA-EX;202612;513881387;R7438-9;85111000;ES;PT;10;EXW;11;3;;0,1;4;138;;ES48924146H;
INTRA-EX;202612;513881387;AC-MK8R-DP;87089235;ES;PT;10;EXW;11;3;;10,2;1;203;;ES71155708X;
INTRA-EX;202612;513881387;AC-MK8-IC;87089199;ES;PT;10;EXW;11;3;;16,5;1;349;;ES71155708X;
INTRA-EX;202612;513881387;SILFER8C7ES;85111000;ES;PT;10;EXW;11;3;;0,1;4;42;;ES50902109G;
INTRA-EX;202612;513881387;VWR1200R600E;84213100;ES;PT;10;EXW;11;3;;4,9;1;309;;ES38873546G;
INTRA-EX;202612;513881387;VWR120010;40091100;ES;PT;10;EXW;11;3;;1,4;1;178;;ES38873546G;
INTRA-EX;202612;513881387;VWR31G70R;87088035;ES;PT;10;EXW;11;3;;9,5;1;161;;ESB36049757;
INTRA-EX;202612;513881387;AC-MK7-CP;84099100;ES;PT;10;EXW;11;3;;0,3;8;143;;ESB36049757;
INTRA-EX;202612;513881387;IMS-8V-DCCB;87089997;ES;PT;10;EXW;11;3;;1,3;1;406;;ES52704232P;
INTRA-EX;202612;513881387;KLC151;87088055;ES;PT;10;EXW;11;3;;1;1;100;;QV999999999999;
INTRA-EX;202612;513881387;022905715B-6;84099100;ES;PT;10;EXW;11;3;;2,1;1;161;;QV999999999999;
INTRA-EX;202612;513881387;DBA2472S-2;87089997;ES;PT;10;EXW;11;3;;19;1;233;;QV999999999999;
INTRA-EX;202612;513881387;SVW0630-4P-RD;87083091;ES;PT;10;EXW;11;3;;0,5;1;77;;QV999999999999;
INTRA-EX;202612;513881387;KTA293;87089997;ES;PT;10;EXW;11;3;;3,3;1;145;;QV999999999999;
INTRA-EX;202612;513881387;420121321;84099100;ES;PT;10;EXW;11;3;;0,1;1;28;;QV999999999999;
INTRA-EX;202612;513881387;IZKR7B-6;85111000;ES;PT;10;EXW;11;3;;0,4;1;59;;QV999999999999;
INTRA-EX;202612;513881387;420103485B;70102000;ES;PT;10;EXW;11;3;;0,1;1;23;;QV999999999999;
INTRA-EX;202612;513881387;SAUX089;87089235;ES;PT;10;EXW;11;3;;11;1;1133;;ESB44699973;
INTRA-EX;202612;513881387;BKR8EIX-4;85111000;ES;PT;10;EXW;11;3;;0,3;1;42;;QV999999999999;
INTRA-EX;202612;513881387;KCA472;87088035;ES;PT;10;EXW;11;3;;2;1;179;;QV999999999999;
INTRA-EX;202612;513881387;AC-MK7-DP;87089235;ES;PT;10;EXW;11;3;;9,2;1;224;;ESB15046238;
INTRA-EX;202612;513881387;R7437-9-4;87089997;ES;PT;10;EXW;11;3;;0,3;1;171;;ESB15046238;
INTRA-EX;202612;513881387;R7437-9-5;85111000;ES;PT;10;EXW;11;3;;0,3;1;212;;QV999999999999;
INTRA-EX;202612;513881387;EVE-E9X-CFM-INT;84213100;ES;PT;10;EXW;11;3;;3;1;662;;ESB01569045;
INTRA-EX;202612;513881387;D640-0002-6;85111000;ES;PT;10;EXW;11;3;;0,4;1;119;;QV999999999999;
INTRA-EX;202612;513881387;IZKR7B-6;85111000;ES;PT;10;EXW;11;3;;0,4;1;59;;QV999999999999;
INTRA-EX;202612;513881387;SSE0433-4P-BK;87083091;ES;PT;10;EXW;11;3;;0,5;1;77;;QV999999999999;
INTRA-EX;202612;513881387;VWR900002-4;84099100;ES;PT;10;EXW;11;3;;1,8;1;147;;QV999999999999;
INTRA-EX;202612;513881387;AC-S55-DPHS;87089235;ES;PT;10;EXW;11;3;;5,2;1;382;;QV999999999999;
INTRA-EX;202612;513881387;DBA2808S-2;87089997;ES;PT;10;EXW;11;3;;25,2;1;205;;QV999999999999;
INTRA-EX;202612;513881387;ASAF;33030010;ES;PT;10;EXW;11;3;;0,1;1;1;;QV999999999999;
INTRA-EX;202612;513881387;BWR24Z;87088055;ES;PT;10;EXW;11;3;;3,6;1;179;;QV999999999999;
INTRA-EX;202612;513881387;MMIG-350Z-0306;85111000;ES;PT;10;EXW;11;3;;2;1;182;;QV999999999999;
INTRA-EX;202612;513881387;AC-200-PCVD;87089997;ES;PT;10;EXW;11;3;;0,5;1;48;;ESB37313558;
INTRA-EX;202612;513881387;PF04;85444290;ES;PT;10;EXW;11;3;;0,2;1;204;;QV999999999999;
INTRA-EX;202612;513881387;SSE0427-4P-BK;87083091;ES;PT;10;EXW;11;3;;0,5;1;83;;QV999999999999;
INTRA-EX;202612;513881387;PP1981;84213100;ES;PT;10;EXW;11;3;;0,5;1;33;;QV999999999999;
INTRA-EX;202612;513881387;SHDC014;87089235;ES;PT;10;EXW;11;3;;5,3;1;313;;QV999999999999;
INTRA-EX;202612;513881387;CTS-IT-256;40091100;ES;PT;10;EXW;11;3;;2,3;1;178;;QV999999999999;
INTRA-EX;202612;513881387;FMSBCVXR;87088055;ES;PT;10;EXW;11;3;;1,3;1;36;;QV999999999999;
INTRA-EX;202612;513881387;9-654-1025;84133080;ES;PT;10;EXW;11;3;;0,8;1;163;;QV999999999999;
INTRA-EX;202612;513881387;VWR13G700RFK;87089997;ES;PT;10;EXW;11;3;;0,5;1;46;;QV999999999999;
INTRA-EX;202612;513881387;AC-211-CFA;87089997;ES;PT;10;EXW;11;3;;0,1;1;24;;QV999999999999;
INTRA-EX;202612;513881387;PF04;85444290;ES;PT;10;EXW;11;3;;0,2;1;204;;QV999999999999;
INTRA-EX;202612;513881387;420103485B;70102000;ES;PT;10;EXW;11;3;;0,1;1;23;;QV999999999999;
INTRA-EX;202612;513881387;SFD0121-4P-BK;87083091;ES;PT;10;EXW;11;3;;0,5;1;77;;QV999999999999;
INTRA-EX;202612;513881387;KLC141;87088055;ES;PT;10;EXW;11;3;;1;1;113;;QV999999999999;
INTRA-EX;202612;513881387;AC-FU-E36;87088055;ES;PT;10;EXW;11;3;;3,8;1;59;;ESB94171030;
INTRA-EX;202612;513881387;AC-200K03-OT;84198998;ES;PT;10;EXW;11;3;;1,4;1;75;;ESB94171030;
INTRA-EX;202612;513881387;VWR900001;85111000;ES;PT;10;EXW;11;3;;0,3;4;122;;ESB94171030;
INTRA-EX;202612;513881387;AC-200-IT;84198998;ES;PT;10;EXW;11;3;;5;1;125;;ESB94171030;
INTRA-EX;202612;513881387;CTS-IT-220R;84213100;ES;PT;10;EXW;11;3;;4,5;1;247;;ESB94171030;
INTRA-EX;202612;513881387;AC-N55-TP;40091100;ES;PT;10;EXW;11;3;;1,7;1;107;;ESB94171030;
INTRA-EX;202612;513881387;AC-MK7-CP;84099100;ES;PT;10;EXW;11;3;;0,3;4;71;;ESB94171030;
INTRA-EX;202612;513881387;AC-N54-TP;40091100;ES;PT;10;EXW;11;3;;1,7;1;80;;ESB94171030;
INTRA-EX;202612;513881387;AC-200-IC;84198998;ES;PT;10;EXW;11;3;;11,9;1;263;;ESB94171030;
INTRA-EX;202612;513881387;CTS-IGN-008;84099100;ES;PT;10;EXW;11;3;;0,3;6;179;;ES29524079Z;
INTRA-EX;202612;513881387;SILFER8C7ES;85111000;ES;PT;10;EXW;11;3;;0,1;8;84;;ES29524079Z;
INTRA-EX;202612;513881387;VWR1200R601E;84213100;ES;PT;10;EXW;11;3;;4,9;1;338;;ES29524079Z;
INTRA-EX;202612;513881387;ATMSYGR01;87089997;ES;PT;10;EXW;11;3;;1,2;1;147;;ESB88553946;
INTRA-EX;202612;513881387;AC-40T-DPHS;87089997;ES;PT;10;EXW;11;3;;8,9;1;360;;ESB88553946;
INTRA-EX;202612;513881387;ATMSYGR24;87089997;ES;PT;10;EXW;11;3;;2,3;1;112;;ESB88553946;
INTRA-EX;202612;513881387;VWR130010;84099100;ES;PT;10;EXW;11;3;;3,3;1;510;;ES50902109G;
INTRA-EX;202612;513881387;VWR130006;84099100;ES;PT;10;EXW;11;3;;0,3;1;40;;ES50902109G;
INTRA-EX;202612;513881387;MMODP-1415B;87089997;ES;PT;10;EXW;11;3;;0,1;1;11;;ES50902109G;
INTRA-EX;202612;513881387;VWR81G700;87088055;ES;PT;10;EXW;11;3;;2,6;1;319;;ESB42954230;
INTRA-EX;202612;513881387;VWR682000;87089997;ES;PT;10;EXW;11;3;;15,5;1;187;;ESB42954230;
INTRA-EX;202612;513881387;EVE-661-G2-FTR;84213100;ES;PT;10;EXW;11;3;;0,6;1;63;;ESB42954230;
INTRA-EX;202612;513881387;VWR900002;85111000;ES;PT;10;EXW;11;3;;0,3;4;122;;ESB42954230;
INTRA-EX;202612;513881387;VWR810000;87089997;ES;PT;10;EXW;11;3;;0,2;1;17;;ESB42954230;
INTRA-EX;202612;513881387;VWR1200R601E;84213100;ES;PT;10;EXW;11;3;;4,9;2;676;;ESB42954230;
INTRA-EX;202612;513881387;10.127.203K;84132000;ES;PT;10;EXW;11;3;;0,3;1;227;;ESB42954230;
INTRA-EX;202612;513881387;CTS-IT-277;87089235;ES;PT;10;EXW;11;3;;1,7;1;172;;ESB42954230;
INTRA-EX;202612;513881387;VWR900004;85111000;ES;PT;10;EXW;11;3;;0,3;4;131;;ESB42954230;
INTRA-EX;202612;513881387;CTS-IT-270R;84213100;ES;PT;10;EXW;11;3;;4,3;1;247;;ESB42954230;
INTRA-EX;202612;513881387;VWR120010;40091100;ES;PT;10;EXW;11;3;;1,4;2;357;;ESB42954230;
INTRA-EX;202612;513881387;VWR160001;87089997;ES;PT;10;EXW;11;3;;0,4;1;86;;ESB42954230;
INTRA-EX;202612;513881387;MS100204;85111000;ES;PT;10;EXW;11;3;;0,3;4;164;;ESB42954230;
INTRA-EX;202612;513881387;R7437-9;85111000;ES;PT;10;EXW;11;3;;0,1;4;145;;ESB24786139;
INTRA-EX;202612;513881387;VWR120001;87089997;ES;PT;10;EXW;11;3;;0,1;1;4;;ESB24786139;
INTRA-EX;202612;513881387;VWR13G700-SERV;87089997;ES;PT;10;EXW;11;3;;0,1;1;21;;ESB24786139;
INTRA-EX;202612;513881387;4B1609H-STD;40091100;ES;PT;10;EXW;11;3;;0,5;1;35;;ESB70870076;
INTRA-EX;202612;513881387;5M1644H-STD;40091100;ES;PT;10;EXW;11;3;;0,4;1;39;;ESB70870076;
INTRA-EX;202612;513881387;MMAI-BRZ-13BBL;84213100;ES;PT;10;EXW;11;3;;4,4;1;233;;ESB66283003;
INTRA-EX;202612;513881387;MMAI-STI-08WRD;84213100;ES;PT;10;EXW;11;3;;3,7;1;219;;ESB66283003;
INTRA-EX;202612;513881387;MMRAD-240-89KA;87089135;ES;PT;10;EXW;11;3;;8,5;1;184;;ESB66283003;
INTRA-EX;202612;513881387;ATINTVAG28;87089997;ES;PT;10;EXW;11;3;;16;1;716;;ESB19406420;
INTRA-EX;202612;513881387;VWR810004;87088055;ES;PT;10;EXW;11;3;;0,7;1;172;;QV999999999999;
INTRA-EX;202612;513881387;VWR810005;87082990;ES;PT;10;EXW;11;3;;0,4;1;149;;QV999999999999;
INTRA-EX;202612;513881387;VWR810006;87089997;ES;PT;10;EXW;11;3;;1,5;1;241;;QV999999999999;
INTRA-EX;202612;513881387;ATMSFO132;87089997;ES;PT;10;EXW;11;3;;5,2;1;239;;QV999999999999;
INTRA-EX;202612;513881387;FMEDV105R;84814090;ES;PT;10;EXW;11;3;;0,5;1;198;;QV999999999999;
INTRA-EX;202612;513881387;COMBO-NOV-MQB;84213100;ES;PT;10;EXW;11;3;;5,5;1;454;;QV999999999999;
INTRA-EX;202612;513881387;ATMSFO174;87089997;ES;PT;10;EXW;11;3;;9,2;1;397;;QV999999999999;
INTRA-EX;202612;513881387;SFD091B;87088055;ES;PT;10;EXW;11;3;;1,2;1;67;;QV999999999999;
INTRA-EX;202612;513881387;MMICP-MK7-15KWBK;87089199;ES;PT;10;EXW;11;3;;5,1;1;289;;QV999999999999;
INTRA-EX;202612;513881387;VWR130006;84099100;ES;PT;10;EXW;11;3;;0,3;1;48;;QV999999999999;
INTRA-EX;202612;513881387;VWR12G7R601FO;84213100;ES;PT;10;EXW;11;3;;0,9;1;126;;QV999999999999;
INTRA-EX;202612;513881387;VWR630300;87089997;ES;PT;10;EXW;11;3;;0,3;1;35;;QV999999999999;
INTRA-EX;202612;513881387;CTS-DB-MK4-60D;84099100;ES;PT;10;EXW;11;3;;1,2;1;46;;QV999999999999;
INTRA-EX;202612;513881387;AC-180-EM;87089997;ES;PT;10;EXW;11;3;;2,3;1;66;;QV999999999999;
INTRA-EX;202612;513881387;CTS-TM-MK4-60D;87089235;ES;PT;10;EXW;11;3;;2;1;107;;QV999999999999;
INTRA-EX;202612;513881387;204-3901;87089997;ES;PT;10;EXW;11;3;;1,1;1;159;;QV999999999999;
INTRA-EX;202612;513881387;AC-VAG-ODP;70102000;ES;PT;10;EXW;11;3;;0,2;1;8;;QV999999999999;
INTRA-EX;202612;513881387;W13203;87088035;ES;PT;10;EXW;11;3;;0,1;1;13;;QV999999999999;
INTRA-EX;202612;513881387;PPF-1512;84099100;ES;PT;10;EXW;11;3;;0,7;1;34;;QV999999999999;
INTRA-EX;202612;513881387;ATINTMB02;87089135;ES;PT;10;EXW;11;3;;4,2;1;417;;QV999999999999;
INTRA-EX;202612;513881387;ATINTSUZ1;87089199;ES;PT;10;EXW;11;3;;10;1;447;;QV999999999999;
INTRA-EX;202612;513881387;ATINTHYU3;87089199;ES;PT;10;EXW;11;3;;14,8;1;508;;QV999999999999;
INTRA-EX;202612;513881387;AC-8V5RS-DPHS;87089235;ES;PT;10;EXW;11;3;;13,1;1;557;;QV999999999999;
INTRA-EX;202612;513881387;SILZKFR8D7S-4;85111000;ES;PT;10;EXW;11;3;;0,3;1;34;;QV999999999999;
INTRA-EX;202612;513881387;RBF600;27101999;ES;PT;10;EXW;11;3;;0,6;2;19;;QV999999999999;
INTRA-EX;202612;513881387;SME0455-4P-RD;87083091;ES;PT;10;EXW;11;3;;0,5;1;78;;QV999999999999;
INTRA-EX;202612;513881387;mmai-cla45-14bk;84213100;ES;PT;10;EXW;11;3;;4,1;1;391;;QV999999999999;
INTRA-EX;202612;513881387;001422.999502;84836080;ES;PT;10;EXW;11;3;;7;1;565;;QV999999999999;
INTRA-EX;202612;513881387;COMBO-NOV-MQB;84213100;ES;PT;10;EXW;11;3;;5,5;1;454;;QV999999999999;
INTRA-EX;202612;513881387;KLC140-335;87089997;ES;PT;10;EXW;11;3;;1;1;113;;QV999999999999;
INTRA-EX;202612;513881387;KLC233;87089997;ES;PT;10;EXW;11;3;;0,9;1;113;;QV999999999999;
INTRA-EX;202612;513881387;D640-0002-6;85111000;ES;PT;10;EXW;11;3;;0,4;1;119;;QV999999999999;
INTRA-EX;202612;513881387;CTS-IGN-008;84099100;ES;PT;10;EXW;11;3;;0,3;6;208;;QV999999999999;
INTRA-EX;202612;513881387;EVE-X56M-CF-INT;84213100;FR;PT;10;EXW;11;3;;7;1;1856;;FR31895072130;
INTRA-EX;202612;513881387;EVE-X56M-CHG;84213100;FR;PT;10;EXW;11;3;;1,3;1;472;;FR31895072130;
INTRA-EX;202612;513881387;FMINT4-ACC;87089997;FR;PT;10;EXW;11;3;;20,5;1;897;;FR55524167806;
INTRA-EX;202612;513881387;VWR180001;84212300;FR;PT;10;EXW;11;3;;0,2;1;51;;FR01821481033;
INTRA-EX;202612;513881387;Z1003101-4;85111000;FR;PT;10;EXW;11;3;;0,4;1;74;;QV999999999999;
INTRA-EX;202612;513881387;AC-211-CFA;87089997;FR;PT;10;EXW;11;3;;0,1;1;24;;QV999999999999;
INTRA-EX;202612;513881387;BKR8EIX-4;85111000;FR;PT;10;EXW;11;3;;0,3;1;43;;QV999999999999;
INTRA-EX;202612;513881387;VWR180000;87089997;FR;PT;10;EXW;11;3;;0,1;1;15;;QV999999999999;
INTRA-EX;202612;513881387;AC-MK8R-DP;87089235;FR;PT;10;EXW;11;3;;10,2;1;307;;FR36852855436;
INTRA-EX;202612;513881387;CTS-IT-255R-2;87089135;FR;PT;10;EXW;11;3;;8;1;322;;FR36852855436;
INTRA-EX;202612;513881387;RF100029;84099100;FR;PT;10;EXW;11;3;;0,5;1;49;;FR36852855436;
INTRA-EX;202612;513881387;SILZKGR8B8S-6;85111000;FR;PT;10;EXW;11;3;;0,4;1;59;;QV999999999999;
INTRA-EX;202612;513881387;SBW0261-4P-RD;87083091;FR;PT;10;EXW;11;3;;0,5;1;84;;QV999999999999;
INTRA-EX;202612;513881387;WHT005184;40091100;FR;PT;10;EXW;11;3;;0,1;1;8;;QV999999999999;
INTRA-EX;202612;513881387;UR-TW2-3300;87088055;FR;PT;10;EXW;11;3;;3,5;1;129;;QV999999999999;
INTRA-EX;202612;513881387;10.127.203T;87089997;FR;PT;10;EXW;11;3;;0,1;1;14;;QV999999999999;
INTRA-EX;202612;513881387;DBA2806S-2;87089997;FR;PT;10;EXW;11;3;;17,8;1;160;;QV999999999999;
INTRA-EX;202612;513881387;ATIKP2081;84213100;FR;PT;10;EXW;11;3;;2;1;165;;FR16827501149;
INTRA-EX;202612;513881387;SPGS022;87089235;FR;PT;10;EXW;11;3;;20,5;1;623;;FR16827501149;
INTRA-EX;202612;513881387;FMTUBL4;87089997;FR;PT;10;EXW;11;3;;0,8;1;125;;FR16827501149;
INTRA-EX;202612;513881387;TS-0203-1264;87089997;FR;PT;10;EXW;11;3;;0,4;1;118;;QV999999999999;
INTRA-EX;202612;513881387;CTS-IGN-008;84099100;FR;PT;10;EXW;11;3;;0,3;2;70;;QV999999999999;
INTRA-EX;202612;513881387;U5055-6;84099100;FR;PT;10;EXW;11;3;;2,1;1;132;;QV999999999999;
INTRA-EX;202612;513881387;SILZKBR8D8S-6;84099100;FR;PT;10;EXW;11;3;;0,4;1;68;;QV999999999999;
INTRA-EX;202612;513881387;SVW0630-4P-RD;87083091;FR;PT;10;EXW;11;3;;0,5;1;77;;QV999999999999;
INTRA-EX;202612;513881387;RBF700;27101999;FR;PT;10;EXW;11;3;;0,6;2;29;;QV999999999999;
INTRA-EX;202612;513881387;SILZKGR8B8S-4;84099100;FR;PT;10;EXW;11;3;;0,3;1;40;;QV999999999999;
INTRA-EX;202612;513881387;BKR7EIX-4;84099100;FR;PT;10;EXW;11;3;;0,3;1;40;;QV999999999999;
INTRA-EX;202612;513881387;AC-WS-NI-20;87088099;FR;PT;10;EXW;11;3;;1,6;1;56;;QV999999999999;
INTRA-EX;202612;513881387;AC-WS-NI-15;87088099;FR;PT;10;EXW;11;3;;1,6;1;52;;QV999999999999;
INTRA-EX;202612;513881387;CTS-HW-506;84213100;FR;PT;10;EXW;11;3;;12;1;116;;QV999999999999;
INTRA-EX;202612;513881387;SRNC032;87089235;FR;PT;10;EXW;11;3;;5,2;1;258;;QV999999999999;
INTRA-EX;202612;513881387;SME0455-4P-RD;87083091;FR;PT;10;EXW;11;3;;0,5;1;78;;QV999999999999;
INTRA-EX;202612;513881387;SILZKBR8D8S-6;84099100;FR;PT;10;EXW;11;3;;0,4;1;68;;QV999999999999;
INTRA-EX;202612;513881387;UR-RL2-2434;87088055;FR;PT;10;EXW;11;3;;3;1;66;;QV999999999999;
INTRA-EX;202612;513881387;UR-LA4-2433;87088055;FR;PT;10;EXW;11;3;;4,4;1;110;;QV999999999999;
INTRA-EX;202612;513881387;BKR7EIX-4;84099100;FR;PT;10;EXW;11;3;;0,3;1;40;;QV999999999999;
INTRA-EX;202612;513881387;ATINTP&C4;40091100;FR;PT;10;EXW;11;3;;1,7;1;138;;QV999999999999;
INTRA-EX;202612;513881387;AC-S55-UDT;87089997;FR;PT;10;EXW;11;3;;3,2;1;179;;QV999999999999;
INTRA-EX;202612;513881387;VWR150004;90269000;FR;PT;10;EXW;11;3;;0,4;1;88;;QV999999999999;
INTRA-EX;202612;513881387;AC-MK45-RU-RD;87088055;FR;PT;10;EXW;11;3;;3;1;74;;QV999999999999;
INTRA-EX;202612;513881387;ATMSP2083;87089997;FR;PT;10;EXW;11;3;;0,6;1;116;;QV999999999999;
INTRA-EX;202612;513881387;AC-MK7-MD;87089997;FR;PT;10;EXW;11;3;;0,4;1;65;;FR48502507833;
INTRA-EX;202612;513881387;AC-MK7R-DPHS;87089235;FR;PT;10;EXW;11;3;;11,6;1;359;;FR48502507833;
INTRA-EX;202612;513881387;CTS-IT-285;40091100;FR;PT;10;EXW;11;3;;0,3;1;83;;FR48502507833;
INTRA-EX;202612;513881387;VWR180002;87089997;FR;PT;10;EXW;11;3;;0,1;1;25;;QV999999999999;
INTRA-EX;202612;513881387;VWR180003;87089997;FR;PT;10;EXW;11;3;;0,1;1;25;;QV999999999999;
INTRA-EX;202612;513881387;AC-RX8-RU;87088055;FR;PT;10;EXW;11;3;;2,5;1;82;;QV999999999999;
INTRA-EX;202612;513881387;MS100210-5;85111000;FR;PT;10;EXW;11;3;;2,2;1;159;;QV999999999999;
INTRA-EX;202612;513881387;ATIKMAZ01;84213100;FR;PT;10;EXW;11;3;;3,6;1;197;;QV999999999999;
INTRA-EX;202612;513881387;UR-TW2-1345;87088055;FR;PT;10;EXW;11;3;;2,5;1;110;;QV999999999999;
INTRA-EX;202612;513881387;06E898001-4;85111000;FR;PT;10;EXW;11;3;;1,5;1;102;;QV999999999999;
INTRA-EX;202612;513881387;BKR8EIX-4;85111000;FR;PT;10;EXW;11;3;;0,3;1;43;;QV999999999999;
INTRA-EX;202612;513881387;8E0971824S-RD;84099100;FR;PT;10;EXW;11;3;;0,2;1;14;;QV999999999999;
INTRA-EX;202612;513881387;VWR180001;84212300;FR;PT;10;EXW;11;3;;0,2;1;43;;QV999999999999;
INTRA-EX;202612;513881387;R7437-9-4;87089997;FR;PT;10;EXW;11;3;;0,3;1;171;;QV999999999999;
INTRA-EX;202612;513881387;VWR900001-4;84099100;FR;PT;10;EXW;11;3;;1,8;1;148;;QV999999999999;
INTRA-EX;202612;513881387;SAUP044;87089235;FR;PT;10;EXW;11;3;;11,2;1;389;;QV999999999999;
INTRA-EX;202612;513881387;RBF600;27101999;FR;PT;10;EXW;11;3;;0,6;1;9;;QV999999999999;
INTRA-EX;202612;513881387;PP1619;84213100;FR;PT;10;EXW;11;3;;0,4;1;33;;QV999999999999;
INTRA-EX;202612;513881387;FMTUBL16;70102000;FR;PT;10;EXW;11;3;;0,6;1;75;;QV999999999999;
INTRA-EX;202612;513881387;MMGP-RS-16BK;87089997;FR;PT;10;EXW;11;3;;0,5;1;72;;QV999999999999;
INTRA-EX;202612;513881387;AC-200-IC;84198998;FR;PT;10;EXW;11;3;;11,9;1;397;;QV999999999999;
INTRA-EX;202612;513881387;LTR7IX-11-8;84099100;FR;PT;10;EXW;11;3;;0,5;1;73;;QV999999999999;
INTRA-EX;202612;513881387;CTS-EM-MQB-60D;87089235;FR;PT;10;EXW;11;3;;1,5;1;116;;FR55508218096;
INTRA-EX;202612;513881387;VWR420000;87089997;FR;PT;10;EXW;11;3;;2;1;193;;FR55508218096;
INTRA-EX;202612;513881387;SVWCS045;87089235;FR;PT;10;EXW;11;3;;9,2;1;336;;QV999999999999;
INTRA-EX;202612;513881387;VWR12G7R600;84213100;FR;PT;10;EXW;11;3;;5,2;1;375;;QV999999999999;
INTRA-EX;202612;513881387;SFDC082;87089235;FR;PT;10;EXW;11;3;;5,6;1;203;;QV999999999999;
INTRA-EX;202612;513881387;SCEXVDM;87089235;FR;PT;10;EXW;11;3;;0,1;1;21;;QV999999999999;
INTRA-EX;202612;513881387;110859;27101999;FR;PT;10;EXW;11;3;;2,1;4;116;;QV999999999999;
INTRA-EX;202612;513881387;VWR19G706;87089997;FR;PT;10;EXW;11;3;;0,4;1;71;;QV999999999999;
INTRA-EX;202612;513881387;VWR180004;87089997;FR;PT;10;EXW;11;3;;0,1;1;32;;QV999999999999;
INTRA-EX;202612;513881387;VWR13G700-SERV;87089997;FR;PT;10;EXW;11;3;;0,1;1;26;;QV999999999999;
INTRA-EX;202612;513881387;06L115466C;84213100;FR;PT;10;EXW;11;3;;0,2;1;5;;QV999999999999;
INTRA-EX;202612;513881387;BKR8EIX-4;85111000;FR;PT;10;EXW;11;3;;0,3;1;43;;QV999999999999;
INTRA-EX;202612;513881387;UR-TW2-3744;87088055;FR;PT;10;EXW;11;3;;3;1;116;;QV999999999999;
INTRA-EX;202612;513881387;EVE-E9X-CFM-PLM;10;FR;PT;10;EXW;11;3;;6,7;1;1678;;FR86498478304;
INTRA-EX;202612;513881387;EVE-E9X-CFM-INT;84213100;FR;PT;10;EXW;11;3;;3;1;621;;FR86498478304;
INTRA-EX;202612;513881387;EVE-FK2V3-CF-CHG;40091100;FR;PT;10;EXW;11;3;;2,1;1;498;;FR80888340023;
INTRA-EX;202612;513881387;EVE-FK2V2-CF-LHD-INT;84213100;FR;PT;10;EXW;11;3;;3,7;1;906;;FR80888340023;
INTRA-EX;202612;513881387;EVE-GR4-CF-INT;84213100;FR;PT;10;EXW;11;3;;4,9;1;975;;FR80888340023;
INTRA-EX;202612;513881387;FMINDK53-RED;87089997;FR;PT;10;EXW;11;3;;5;1;213;;FR80888340023;
INTRA-EX;202612;513881387;FMTIA14-BLACK;40091100;FR;PT;10;EXW;11;3;;1,5;1;68;;FR80888340023;
INTRA-EX;202612;513881387;EVE-FK2V3-CF-CHG;40091100;FR;PT;10;EXW;11;3;;2,1;1;498;;FR80888340023;
INTRA-EX;202612;513881387;CTS-IT-300R;84213100;FR;PT;10;EXW;11;3;;4,1;1;247;;FR09800029712;
INTRA-EX;202612;513881387;CTS-IT-220R;84213100;FR;PT;10;EXW;11;3;;4,5;1;247;;FR09800029712;
INTRA-EX;202612;513881387;BKR8EIX-4;85111000;FR;PT;10;EXW;11;3;;0,3;4;172;;QV999999999999;
INTRA-EX;202612;513881387;4B1609H-STD;40091100;FR;PT;10;EXW;11;3;;0,5;3;142;;QV999999999999;
INTRA-EX;202612;513881387;5M1644H-STD;40091100;FR;PT;10;EXW;11;3;;0,4;3;158;;QV999999999999;
INTRA-EX;202612;513881387;COMBO-NOV-MQB;84213100;FR;PT;10;EXW;11;3;;5,5;1;457;;QV999999999999;
INTRA-EX;202612;513881387;ATMSFO124;87089997;FR;PT;10;EXW;11;3;;3;1;152;;QV999999999999;
INTRA-EX;202612;513881387;ATMSFO108;87089997;FR;PT;10;EXW;11;3;;0,2;1;100;;QV999999999999;
INTRA-EX;202612;513881387;FMINLH21-BLACK;40093100;FR;PT;10;EXW;11;3;;0,6;1;59;;QV999999999999;
INTRA-EX;202612;513881387;ATMSFO134;87089997;FR;PT;10;EXW;11;3;;2,3;1;147;;QV999999999999;
INTRA-EX;202612;513881387;E25-85-051-19-22;73209090;FR;PT;10;EXW;11;3;;11,6;1;548;;QV999999999999;
INTRA-EX;202612;513881387;KLC106;87089997;FR;PT;10;EXW;11;3;;0,8;1;113;;QV999999999999;
INTRA-EX;202612;513881387;KLC142;87088035;FR;PT;10;EXW;11;3;;0,8;1;101;;QV999999999999;
INTRA-EX;202612;513881387;ATMSFO4;87089997;FR;PT;10;EXW;11;3;;1,2;1;86;;QV999999999999;
INTRA-EX;202612;513881387;KCA428;87088055;FR;PT;10;EXW;11;3;;3;1;199;;QV999999999999;
INTRA-EX;202612;513881387;AC-VAG-ODP;70102000;FR;PT;10;EXW;11;3;;0,2;1;8;;QV999999999999;
INTRA-EX;202612;513881387;420121321;84099100;FR;PT;10;EXW;11;3;;0,1;2;58;;QV999999999999;
INTRA-EX;202612;513881387;CTS-ACC-005;87089997;FR;PT;10;EXW;11;3;;0,2;2;133;;QV999999999999;
INTRA-EX;202612;513881387;VWR190000;87089997;FR;PT;10;EXW;11;3;;0,3;2;185;;QV999999999999;
INTRA-EX;202612;513881387;VWR180000;87089997;FR;PT;10;EXW;11;3;;0,1;1;12;;QV999999999999;
INTRA-EX;202612;513881387;420103485B;70102000;FR;PT;10;EXW;11;3;;0,1;1;23;;QV999999999999;
INTRA-EX;202612;513881387;002352.999502;84836080;FR;PT;10;EXW;11;3;;6,8;1;560;;QV999999999999;
INTRA-EX;202612;513881387;ATINTVAG11;87089199;FR;PT;10;EXW;11;3;;12,7;1;478;;QV999999999999;
INTRA-EX;202612;513881387;ATINTVAG10-BL;87089199;FR;PT;10;EXW;11;3;;15,5;1;536;;QV999999999999;
INTRA-EX;202612;513881387;4B1606H-STD;84833080;FR;PT;10;EXW;11;3;;0,2;1;39;;QV999999999999;
INTRA-EX;202612;513881387;CTS-DB-MK4-60D;84099100;FR;PT;10;EXW;11;3;;1,2;1;46;;QV999999999999;
INTRA-EX;202612;513881387;5M1644H-STD;40091100;FR;PT;10;EXW;11;3;;0,4;1;52;;QV999999999999;
INTRA-EX;202612;513881387;AC-180-EM;87089997;FR;PT;10;EXW;11;3;;2,3;1;67;;QV999999999999;
INTRA-EX;202612;513881387;FMBSMP18T;87089997;FR;PT;10;EXW;11;3;;3,5;1;225;;QV999999999999;
INTRA-EX;202612;513881387;AC-200-HPFP;87089997;FR;PT;10;EXW;11;3;;1;1;479;;QV999999999999;
INTRA-EX;202612;513881387;AC-W205-DP;87089997;FR;PT;10;EXW;11;3;;9,3;1;427;;QV999999999999;
INTRA-EX;202612;513881387;VWR81G700;87088055;FR;PT;10;EXW;11;3;;2,6;1;455;;QV999999999999;
INTRA-EX;202612;513881387;CTS-HW-266-187;87089997;FR;PT;10;EXW;11;3;;3,4;1;322;;QV999999999999;
INTRA-EX;202612;513881387;06E898001-6;85111000;FR;PT;10;EXW;11;3;;2,1;1;153;;QV999999999999;
INTRA-EX;202612;513881387;BKR8EIX-6;85111000;FR;PT;10;EXW;11;3;;0,4;1;64;;QV999999999999;
INTRA-EX;202612;513881387;SSE0433-4P-BK;87083091;FR;PT;10;EXW;11;3;;0,5;1;77;;QV999999999999;
INTRA-EX;202612;513881387;AC-MK7-HPFP;87089997;FR;PT;10;EXW;11;3;;1,6;1;494;;QV999999999999;
INTRA-EX;202612;513881387;001394.999502;84836080;FR;PT;10;EXW;11;3;;6,7;1;569;;QV999999999999;
INTRA-EX;202612;513881387;ATINTFO52;87089997;FR;PT;10;EXW;11;3;;16,2;1;476;;QV999999999999;
INTRA-EX;202612;513881387;COMBO-NOV-MQB;84213100;FR;PT;10;EXW;11;3;;5,5;1;457;;QV999999999999;
INTRA-EX;202612;513881387;CTS-IT-256;40091100;FR;PT;10;EXW;11;3;;2,3;1;179;;QV999999999999;
INTRA-EX;202612;513881387;CTS-HW-360;40091100;FR;PT;10;EXW;11;3;;1,4;1;249;;QV999999999999;
INTRA-EX;202612;513881387;COMBO-NOV-MQB;84213100;FR;PT;10;EXW;11;3;;5,5;1;457;;QV999999999999;
INTRA-EX;202612;513881387;06J103600AFKIT;84099100;FR;PT;10;EXW;11;3;;2,5;1;49;;QV999999999999;
INTRA-EX;202612;513881387;VWR12G7R600OS;84213100;FR;PT;10;EXW;11;3;;0,3;1;31;;QV999999999999;
INTRA-EX;202612;513881387;1K0253144AE;87089997;FR;PT;10;EXW;11;3;;1;1;8;;QV999999999999;
INTRA-EX;202612;513881387;COMBO-NOV-MQB;84213100;FR;PT;10;EXW;11;3;;5,5;1;457;;QV999999999999;
INTRA-EX;202612;513881387;FD107;87089235;FR;PT;10;EXW;11;3;;17,5;1;520;;QV999999999999;
INTRA-EX;202612;513881387;KLC202;87088035;BE;PT;10;EXW;11;3;;1;1;136;;BE1028978869;
INTRA-EX;202612;513881387;SFDP090;87089997;IT;PT;10;EXW;11;3;;8,2;1;206;;IT02710790060;
INTRA-EX;202612;513881387;AC-200K04-OT;87089997;IT;PT;10;EXW;11;3;;1,4;1;75;;IT02710790060;
INTRA-EX;202612;513881387;CTS-HW-0090;84099100;IT;PT;10;EXW;11;3;;0,5;1;134;;IT02710790060;
INTRA-EX;202612;513881387;CTS-IT-500;40091100;IT;PT;10;EXW;11;3;;1,6;1;127;;IT02710790060;
INTRA-EX;202612;513881387;SBMC098;87089235;ES;PT;10;EXW;11;3;;7,3;1;409;;ESB94171030;
INTRA-EX;202612;513881387;AC-B58-DP;87089235;ES;PT;10;EXW;11;3;;3,8;1;119;;ESB94171030;
INTRA-EX;202612;513881387;TOGRZ-6DD;87089235;FR;PT;10;EXW;11;3;;2,5;1;401;;FR08518657770;
INTRA-EX;202612;513881387;FMINDK43;84213100;FR;PT;10;EXW;11;3;;3,1;1;350;;FR08879651321;
INTRA-EX;202612;513881387;FRI-0227;84213100;FR;PT;10;EXW;11;3;;4,5;1;1606;;FR56881616460;
INTRA-EX;202612;513881387;20FO29003X-RD;87083099;FR;PT;10;EXW;11;3;;15;1;1223;;FR56788432052;
INTRA-EX;202612;513881387;60FO06;87083091;FR;PT;10;EXW;11;3;;25;1;459;;FR56788432052;
INTRA-EX;202612;513881387;EVE-FK8-CF-INT;84213100;FR;PT;10;EXW;11;3;;5;1;1656;;FR96322604471;
INTRA-EX;202612;513881387;CTS-TR-1050;87089997;FR;PT;10;EXW;11;3;;13,6;1;1619;;FR75853251791;
INTRA-EX;202612;513881387;SP1987BLK;84213100;FR;PT;10;EXW;11;3;;6,4;1;551;;FR66847706686;
INTRA-EX;202612;513881387;MMRAD-350Z-07;87089135;FR;PT;10;EXW;11;3;;7,2;1;335;;FR66847706686;
INTRA-EX;202612;513881387;MMTS-350Z-07;90321020;FR;PT;10;EXW;11;3;;0,3;1;57;;FR66847706686;
INTRA-EX;202612;513881387;9-421s-1005;84133080;FR;PT;10;EXW;11;3;;0,6;1;188;;FR66847706686;
INTRA-EX;202612;513881387;UR-ROC4-1260A;87088055;FR;PT;10;EXW;11;3;;5;1;229;;FR66847706686;
INTRA-EX;202612;513881387;6-45-M54;84133080;FR;PT;10;EXW;11;3;;0,5;1;43;;FR66847706686;
INTRA-EX;202612;513881387;SNN0910-6P-RD;87083091;FR;PT;10;EXW;11;3;;0,9;1;195;;FR66847706686;
INTRA-EX;202612;513881387;CTS-20T-MK5-DF;87089997;FR;PT;10;EXW;11;3;;18,2;1;815;;FR79889743548;
INTRA-EX;202612;513881387;CTS-CC-GolfR;84099100;FR;PT;10;EXW;11;3;;2;1;431;;FR79889743548;
INTRA-EX;202612;513881387;CTS-IT-500;40091100;FR;PT;10;EXW;11;3;;1,6;1;179;;FR79889743548;
INTRA-EX;202612;513881387;CTS-IT-110;40091100;FR;PT;10;EXW;11;3;;1,3;1;228;;FR79889743548;
INTRA-EX;202612;513881387;353849;;FR;PT;10;EXW;11;3;;0,1;1;822;;FR72794112151;
INTRA-EX;202612;513881387;F2177P+F2179P;87082910;FR;PT;10;EXW;11;3;;1,5;1;641;;FR72794112151;
INTRA-EX;202612;513881387;204-4302;87089997;FR;PT;10;EXW;11;3;;1,5;1;227;;FR72794112151;
INTRA-EX;202612;513881387;CTS-TR-1050;87089997;FR;PT;10;EXW;11;3;;13,6;1;1619;;FR03839398906;
INTRA-EX;202612;513881387;CTS-TR-1050;87089997;FR;PT;10;EXW;11;3;;13,6;1;1619;;FR29793777616;
INTRA-EX;202612;513881387;CTS-TR-1050;87089997;FR;PT;10;EXW;11;3;;13,6;1;1619;;FR29831444559;
INTRA-EX;202612;513881387;AU94R-DS45M;87089235;ES;PT;10;EXW;11;3;;42,6;1;5095;;QV999999999999;
INTRA-EX;202612;513881387;TTE535;84099900;ES;PT;10;EXW;11;3;;13;1;3391;;QV999999999999;
INTRA-EX;202612;513881387;M-BM/T/8H+E-BM/T/3+TP-CT/;;ES;PT;10;EXW;11;3;;0,1;1;6223;;QV999999999999;
INTRA-EX;202612;513881387;E10-20-031-09-22;73202081;ES;PT;10;EXW;11;3;;9,2;1;206;;QV999999999999;
INTRA-EX;202612;513881387;CTS-SIL-0019;40091100;BG;PT;10;EXW;11;3;;0,7;1;60;;QV999999999999;
INTRA-EX;202612;513881387;BTF81Z;87088055;RO;PT;10;EXW;11;3;;4,2;1;175;;QV999999999999;
INTRA-EX;202612;513881387;KLC198;87088055;SK;PT;10;EXW;11;3;;0,8;1;98;;QV999999999999;
INTRA-EX;202612;513881387;10.127.203T;87089997;GR;PT;10;EXW;11;3;;0,1;1;10;;GREL802913609;
INTRA-EX;202612;513881387;AC-8V5RS-DPHS;87089235;GR;PT;10;EXW;11;3;;13,1;1;375;;GREL802913609;
INTRA-EX;202612;513881387;MMRAD-CTR-17S;84198998;GR;PT;10;EXW;11;3;;4,2;1;307;;GREL802913609;
INTRA-EX;202612;513881387;BMR96Z;87088055;GR;PT;10;EXW;11;3;;5,2;1;160;;GREL802913609;
INTRA-EX;202612;513881387;UR-TW2-2989;87088055;GR;PT;10;EXW;11;3;;3,4;1;100;;GREL802913609;
INTRA-EX;202612;513881387;BMF67Z;87088055;GR;PT;10;EXW;11;3;;6,5;1;176;;GREL802913609;
INTRA-EX;202612;513881387;FMDVA45A;84814090;GR;PT;10;EXW;11;3;;0,6;1;116;;GREL802913609;
INTRA-EX;202612;513881387;PX1974;84213100;GR;PT;10;EXW;11;3;;2,5;1;116;;GREL802913609;
INTRA-EX;202612;513881387;BKR7EIX;85111000;GR;PT;10;EXW;11;3;;0,1;4;34;;GREL802913609;
INTRA-EX;202612;513881387;CTS-IGN-007;84099100;GR;PT;10;EXW;11;3;;0,3;4;119;;GREL802913609;
INTRA-EX;202612;513881387;FMINLST180-BLU;40091100;GR;PT;10;EXW;11;3;;0,9;1;63;;GREL802913609;
INTRA-EX;202612;513881387;CTS-IT-300R;84213100;GR;PT;10;EXW;11;3;;4,1;1;247;;GREL802913609;
INTRA-EX;202612;513881387;FMINDK20-RF;84213100;GR;PT;10;EXW;11;3;;0,7;1;35;;GREL802913609;
INTRA-EX;202612;513881387;BHR75Z;87088055;GR;PT;10;EXW;11;3;;8,8;1;193;;QV999999999999;
INTRA-EX;202612;513881387;ES-335161;87089997;BE;PT;10;EXW;11;3;;1;1;45;;QV999999999999;
INTRA-EX;202612;513881387;MMOFC-HN-HOONRD;70102000;BE;PT;10;EXW;11;3;;0,3;1;24;;QV999999999999;
INTRA-EX;202612;513881387;EVE-TRB8V8S-LHD-NIL;85111000;BE;PT;10;EXW;11;3;;1,7;1;428;;BE0740963105;
INTRA-EX;202612;513881387;SAU0755-4P-BK;87083091;BE;PT;10;EXW;11;3;;0,5;1;75;;BE0740963105;
INTRA-EX;202612;513881387;FMEDV103A;84818040;BE;PT;10;EXW;11;3;;0,5;1;149;;BE0740963105;
INTRA-EX;202612;513881387;5M8312H-STD;40091100;BE;PT;10;EXW;11;3;;0,6;1;70;;BE0740963105;
INTRA-EX;202612;513881387;4B8310H-STD;40091100;BE;PT;10;EXW;11;3;;0,2;1;34;;BE0740963105;
INTRA-EX;202612;513881387;HS-1214801;87089997;BE;PT;10;EXW;11;3;;24,3;1;259;;BE0740963105;
INTRA-EX;202612;513881387;U5014;84099100;NL;PT;10;EXW;11;3;;0,3;4;86;;NL866860666B01;
INTRA-EX;202612;513881387;CTS-HW-205-4;87089997;NL;PT;10;EXW;11;3;;0,3;1;59;;NL866860666B01;
INTRA-EX;202612;513881387;MMHOSE-FOST-13RD;40091100;NL;PT;10;EXW;11;3;;1,1;1;102;;NL866860666B01;
INTRA-EX;202612;513881387;R7437-9;85111000;NL;PT;10;EXW;11;3;;0,1;4;145;;NL866860666B01;
INTRA-EX;202612;513881387;U5014;84099100;NL;PT;10;EXW;11;3;;0,3;4;86;;NL866860666B01;
INTRA-EX;202612;513881387;U5014;84099100;NL;PT;10;EXW;11;3;;0,3;4;86;;NL866860666B01;
INTRA-EX;202612;513881387;U5014;84099100;NL;PT;10;EXW;11;3;;0,3;4;86;;NL866860666B01;
INTRA-EX;202612;513881387;U5014;84099100;NL;PT;10;EXW;11;3;;0,3;4;86;;NL866860666B01;
INTRA-EX;202612;513881387;03K906051;90269000;IT;PT;10;EXW;11;3;;0,1;1;18;;QV999999999999;
INTRA-EX;202612;513881387;06K103213A;40091100;IT;PT;10;EXW;11;3;;0,1;1;16;;QV999999999999;
INTRA-EX;202612;513881387;MMAI-FOST-13WBK;84213100;IT;PT;10;EXW;11;3;;6,9;1;269;;IT02710790060;
INTRA-EX;202612;513881387;UR-RL4-1259;87088055;IT;PT;10;EXW;11;3;;5;1;106;;IT02710790060;
INTRA-EX;202612;513881387;UR-RE2-4262;87088055;IT;PT;10;EXW;11;3;;2,1;1;67;;IT02710790060;
INTRA-EX;202612;513881387;E10-35-046-01-22;73202081;IT;PT;10;EXW;11;3;;8,2;1;153;;IT12072620011;
INTRA-EX;202612;513881387;CTS-IGN-008;84099100;IT;PT;10;EXW;11;3;;0,3;1;20;;IT03656931205;
INTRA-EX;202612;513881387;FMPCVD1;87089997;IT;PT;10;EXW;11;3;;0,3;1;62;;IT03656931205;
INTRA-EX;202612;513881387;L3P3S7SX;87089997;IT;PT;10;EXW;11;3;;0,3;1;264;;IT03656931205;
INTRA-EX;202612;513881387;FMINDK45-FOAM;84213100;IT;PT;10;EXW;11;3;;6,2;1;153;;IT12034500012;
INTRA-EX;202612;513881387;VWR1200R600E;84213100;IT;PT;10;EXW;11;3;;4,9;2;619;;IT12034500012;
INTRA-EX;202612;513881387;VWR1200R601E;84213100;IT;PT;10;EXW;11;3;;4,9;2;676;;IT12034500012;
INTRA-EX;202612;513881387;CI100054;40091100;IT;PT;10;EXW;11;3;;4,3;2;452;;IT12034500012;
INTRA-EX;202612;513881387;FMACVAG06;84099100;IT;PT;10;EXW;11;3;;0,6;1;103;;IT12034500012;
INTRA-EX;202612;513881387;VWR900001;85111000;IT;PT;10;EXW;11;3;;0,3;7;214;;IT12034500012;
INTRA-EX;202612;513881387;ATINTFO42;87089997;IT;PT;10;EXW;11;3;;9,6;1;268;;IT12034500012;
INTRA-EX;202612;513881387;FMDV37-BLACK;84818040;ES;PT;10;EXW;11;3;;0,6;1;179;;QV999999999999;
INTRA-EX;202612;513881387;FMBH7-BLACK;40093100;ES;PT;10;EXW;11;3;;0,5;1;57;;QV999999999999;
INTRA-EX;202612;513881387;SVW0610-4P-BK;87083091;ES;PT;10;EXW;11;3;;0,5;1;83;;QV999999999999;
INTRA-EX;202612;513881387;BF20500;87083091;ES;PT;10;EXW;11;3;;0,5;3;23;;QV999999999999;
INTRA-EX;202612;513881387;KCA362;87089997;ES;PT;10;EXW;11;3;;3;1;176;;QV999999999999;
INTRA-EX;202612;513881387;70017-AF101;84213100;ES;PT;10;EXW;11;3;;0,4;1;41;;QV999999999999;
INTRA-EX;202612;513881387;204-4302;87089997;ES;PT;10;EXW;11;3;;1,5;1;174;;QV999999999999;
INTRA-EX;202612;513881387;KLC167A;87088055;ES;PT;10;EXW;11;3;;1,4;1;113;;QV999999999999;
INTRA-EX;202612;513881387;06K103484F;87089997;ES;PT;10;EXW;11;3;;0,1;1;6;;QV999999999999;
INTRA-EX;202612;513881387;PPF-1826;84213100;ES;PT;10;EXW;11;3;;1;1;42;;QV999999999999;
INTRA-EX;202612;513881387;52006-AK003;84213100;ES;PT;10;EXW;11;3;;1;1;14;;QV999999999999;
INTRA-EX;202612;513881387;52006-AK004;84213100;ES;PT;10;EXW;11;3;;0,6;2;26;;QV999999999999;
INTRA-EX;202612;513881387;06E898001-4;85111000;ES;PT;10;EXW;11;3;;1,5;1;101;;QV999999999999;
INTRA-EX;202612;513881387;FM225TH;40091100;ES;PT;10;EXW;11;3;;0,3;1;93;;ESE24731622;
INTRA-EX;202612;513881387;FM225TH;40091100;ES;PT;10;EXW;11;3;;0,3;1;60;;ESE24731622;
INTRA-EX;202612;513881387;FMDV008-BLA;84814090;ES;PT;10;EXW;11;3;;0,5;1;107;;ESE24731622;
INTRA-EX;202612;513881387;FM225IND-RED;40093100;ES;PT;10;EXW;11;3;;1;1;134;;ESB70870076;
INTRA-EX;202612;513881387;SSE0630-4P-BK;87083091;ES;PT;10;EXW;11;3;;0,5;1;75;;ES50902109G;
INTRA-EX;202612;513881387;SILZKBR8D8S-6;84099100;ES;PT;10;EXW;11;3;;0,4;1;67;;QV999999999999;
INTRA-EX;202612;513881387;AC-MK5-FU-BL;;ES;PT;10;EXW;11;3;;0,1;1;96;;QV999999999999;
INTRA-EX;202612;513881387;CTS-HW-567;87089997;FR;PT;10;EXW;11;3;;4,6;1;172;;FR27841226103;
INTRA-EX;202612;513881387;PP2062;84213100;FR;PT;10;EXW;11;3;;0,8;1;91;;FR27841226103;
INTRA-EX;202612;513881387;IZKR7B-6;85111000;FR;PT;10;EXW;11;3;;0,4;1;60;;QV999999999999;
INTRA-EX;202612;513881387;VWRM026-XL;90292031;FR;PT;10;EXW;11;3;;0,5;5;100;;QV999999999999;
INTRA-EX;202612;513881387;058198025A;87089997;FR;PT;10;EXW;11;3;;0,3;1;8;;QV999999999999;
INTRA-EX;202612;513881387;8E0971824S-RD;84099100;FR;PT;10;EXW;11;3;;0,2;1;14;;QV999999999999;
INTRA-EX;202612;513881387;SMBC004;87089235;FR;PT;10;EXW;11;3;;8,9;1;436;;QV999999999999;
INTRA-EX;202612;513881387;FMKC022-RED;40091100;FR;PT;10;EXW;11;3;;0,6;1;78;;QV999999999999;
INTRA-EX;202612;513881387;AC-200-THK-BL;40093100;FR;PT;10;EXW;11;3;;1,8;1;127;;QV999999999999;
INTRA-EX;202612;513881387;AC-200-IC;84198998;FR;PT;10;EXW;11;3;;11,9;1;397;;QV999999999999;
INTRA-EX;202612;513881387;AC-200-DP;87089235;FR;PT;10;EXW;11;3;;10;1;194;;QV999999999999;
INTRA-EX;202612;513881387;1J0201511A;84099100;FR;PT;10;EXW;11;3;;0,4;1;5;;QV999999999999;
INTRA-EX;202612;513881387;058198025A;87089997;FR;PT;10;EXW;11;3;;0,3;1;8;;QV999999999999;
INTRA-EX;202612;513881387;CTS-DB-MK4-60D;84099100;FR;PT;10;EXW;11;3;;1,2;1;46;;QV999999999999;
INTRA-EX;202612;513881387;CTS-HW-205-4;87089997;FR;PT;10;EXW;11;3;;0,3;1;74;;QV999999999999;
INTRA-EX;202612;513881387;06E898001-4;85111000;FR;PT;10;EXW;11;3;;1,5;1;102;;QV999999999999;
INTRA-EX;202612;513881387;06K129717A;87089235;FR;PT;10;EXW;11;3;;0,1;1;6;;QV999999999999;
INTRA-EX;202612;513881387;AC-MK7-CP-4;84099100;FR;PT;10;EXW;11;3;;1;1;112;;QV999999999999;
INTRA-EX;202612;513881387;Z1003100-4;85111000;FR;PT;10;EXW;11;3;;0,4;1;108;;QV999999999999;
INTRA-EX;202612;513881387;S90-2-10-004-B-BT;87087050;FR;PT;10;EXW;11;3;;1,8;2;209;;QV999999999999;
INTRA-EX;202612;513881387;ILFR6B-5;84099100;FR;PT;10;EXW;11;3;;0,3;1;46;;QV999999999999;
INTRA-EX;202612;513881387;AC-KC-FO-02-BK;87089997;FR;PT;10;EXW;11;3;;0,1;1;12;;QV999999999999;
INTRA-EX;202612;513881387;FMCTMK5;84099100;FR;PT;10;EXW;11;3;;1,6;1;370;;QV999999999999;
INTRA-EX;202612;513881387;FMEDV108A;84814090;FR;PT;10;EXW;11;3;;1;1;212;;QV999999999999;
INTRA-EX;202612;513881387;FMINLH14-BLK;40093100;FR;PT;10;EXW;11;3;;0,6;1;87;;QV999999999999;
INTRA-EX;202612;513881387;MS100204-4;84099100;FR;PT;10;EXW;11;3;;1,7;1;183;;FR53750449761;
INTRA-EX;202612;513881387;CI100065;84213100;FR;PT;10;EXW;11;3;;1,9;1;253;;FR53750449761;
INTRA-EX;202612;513881387;CI100040;84213100;FR;PT;10;EXW;11;3;;3,2;1;359;;FR53750449761;
INTRA-EX;202612;513881387;AC-MK8-IC;87089199;FR;PT;10;EXW;11;3;;16,5;1;524;;FR53750449761;
INTRA-EX;202612;513881387;SILZKBR8D8S-6;84099100;FR;PT;10;EXW;11;3;;0,4;1;68;;QV999999999999;
INTRA-EX;202612;513881387;U5055-6;84099100;FR;PT;10;EXW;11;3;;2,1;1;132;;QV999999999999;
INTRA-EX;202612;513881387;BKR8EIX-4;85111000;FR;PT;10;EXW;11;3;;0,3;1;43;;QV999999999999;
INTRA-EX;202612;513881387;MS100208-4;84099100;FR;PT;10;EXW;11;3;;1,7;1;127;;QV999999999999;
INTRA-EX;202612;513881387;WB-384;84213100;FR;PT;10;EXW;11;3;;0,3;1;43;;QV999999999999;
INTRA-EX;202612;513881387;AC-S55-CC;87089997;FR;PT;10;EXW;11;3;;1;1;82;;QV999999999999;
INTRA-EX;202612;513881387;CTS-HW-540;40091100;FR;PT;10;EXW;11;3;;2;1;269;;QV999999999999;
INTRA-EX;202612;513881387;ATMSBMW10;40091100;FR;PT;10;EXW;11;3;;0,8;1;137;;FR35504243288;
INTRA-EX;202612;513881387;UR-RL8-3013;87088055;FR;PT;10;EXW;11;3;;6,5;1;123;;FR35504243288;
INTRA-EX;202612;513881387;UR-RE2-3015A;87088055;FR;PT;10;EXW;11;3;;3;1;90;;FR35504243288;
INTRA-EX;202612;513881387;UR-RL2-3014;87088055;FR;PT;10;EXW;11;3;;1,5;1;49;;FR35504243288;
INTRA-EX;202612;513881387;EVE-C8RS6-CF-INT;84213100;FR;PT;10;EXW;11;3;;4,8;1;1987;;FR71791829385;
INTRA-EX;202612;513881387;CTS-IT-805;40091100;FR;PT;10;EXW;11;3;;2,5;1;164;;FR94827543661;
INTRA-EX;202612;513881387;EVE-S1-CF-INT;84213100;FR;PT;10;EXW;11;3;;3;1;456;;FR81842659005;
INTRA-EX;202612;513881387;EVE-F56-PL-INT;84213100;FR;PT;10;EXW;11;3;;4,8;1;714;;FR31895072130;
INTRA-EX;202612;513881387;VWR31G70R;87088035;FR;PT;10;EXW;11;3;;9,5;1;161;;FR94827543661;
INTRA-EX;202612;513881387;PK409;84213100;FR;PT;10;EXW;11;3;;3;1;214;;FR31895072130;
INTRA-EX;202612;513881387;RBF660;27101999;FR;PT;10;EXW;11;3;;0,6;5;60;;QV999999999999;
INTRA-EX;202612;513881387;SD-3212037;87089997;FR;PT;10;EXW;11;3;;27,5;1;201;;QV999999999999;
INTRA-EX;202612;513881387;ES-321467;87089997;FR;PT;10;EXW;11;3;;2,2;1;61;;QV999999999999;
INTRA-EX;202612;513881387;GTHSB-5;87089997;FR;PT;10;EXW;11;3;;0,1;1;20;;QV999999999999;
INTRA-EX;202612;513881387;AC-500-THK-BK;40093100;FR;PT;10;EXW;11;3;;0,8;1;54;;QV999999999999;
INTRA-EX;202612;513881387;AC-MK5-FU-BL;;FR;PT;10;EXW;11;3;;0,1;1;97;;QV999999999999;
INTRA-EX;202612;513881387;AC-200-ND;87089997;FR;PT;10;EXW;11;3;;0,1;1;16;;QV999999999999;
INTRA-EX;202612;513881387;8E0971824S-RD;84099100;FR;PT;10;EXW;11;3;;0,2;1;14;;QV999999999999;
INTRA-EX;202612;513881387;CTS-HS-150;87089997;FR;PT;10;EXW;11;3;;0,6;1;36;;QV999999999999;
INTRA-EX;202612;513881387;SD-3252028;87089997;FR;PT;10;EXW;11;3;;17;1;292;;QV999999999999;
INTRA-EX;202612;513881387;ES-325499;87089997;FR;PT;10;EXW;11;3;;1;1;46;;QV999999999999;
INTRA-EX;202612;513881387;AC-200-CFA;87089997;FR;PT;10;EXW;11;3;;0,1;1;24;;QV999999999999;
INTRA-EX;202612;513881387;KCA395;87088055;FR;PT;10;EXW;11;3;;2;1;172;;QV999999999999;
INTRA-EX;202612;513881387;CTS-IT-938;84213100;FR;PT;10;EXW;11;3;;3,6;1;366;;QV999999999999;
INTRA-EX;202612;513881387;CI100054;40091100;DK;PT;10;EXW;11;3;;4,3;1;237;;QV999999999999;
INTRA-EX;202612;513881387;MS100097;84213100;DK;PT;10;EXW;11;3;;0,3;1;95;;QV999999999999;
INTRA-EX;202612;513881387;CTS-IT-285;40091100;DK;PT;10;EXW;11;3;;0,3;1;79;;QV999999999999;
INTRA-EX;202612;513881387;10.127.113K;84133080;CZ;PT;10;EXW;11;3;;0,3;1;314;;CZ7402115149;
INTRA-EX;202612;513881387;10.127.113T;87089997;CZ;PT;10;EXW;11;3;;0,2;1;24;;CZ7402115149;
INTRA-EX;202612;513881387;SAU0531-4P-BK;87083091;CZ;PT;10;EXW;11;3;;0,5;1;94;;CZ7402115149;
INTRA-EX;202612;513881387;PF04;85444290;CZ;PT;10;EXW;11;3;;0,2;1;156;;CZ05681197;
INTRA-EX;202612;513881387;8E0971824S-RD;84099100;CZ;PT;10;EXW;11;3;;0,2;10;76;;CZ05681197;
INTRA-EX;202612;513881387;8E0971824S-BL;84099100;CZ;PT;10;EXW;11;3;;0,2;5;50;;CZ05681197;
INTRA-EX;202612;513881387;PK380;84213100;CZ;PT;10;EXW;11;3;;5,8;2;401;;CZ05681197;
INTRA-EX;202612;513881387;Z1003101;85111000;CZ;PT;10;EXW;11;3;;0,1;5;81;;CZ05681197;
INTRA-EX;202612;513881387;STT-P3;87089997;FI;PT;10;EXW;11;3;;0,7;1;51;;QV999999999999;
INTRA-EX;202612;513881387;FM225CCHA-BLA;40091100;FI;PT;10;EXW;11;3;;0,2;1;41;;QV999999999999;
INTRA-EX;202612;513881387;FMBH10-RED;40093100;FI;PT;10;EXW;11;3;;0,3;1;31;;QV999999999999;
INTRA-EX;202612;513881387;FMBH7-RED;40093100;FI;PT;10;EXW;11;3;;0,5;1;56;;QV999999999999;
INTRA-EX;202612;513881387;URKR-TW2-4201;87088055;HR;PT;10;EXW;11;3;;3;1;143;;QV999999999999;
INTRA-EX;202612;513881387;SP3087BLK;84213100;HR;PT;10;EXW;11;3;;2,5;1;251;;HR59018407849;
INTRA-EX;202612;513881387;CTS-HW-380;40091100;HU;PT;10;EXW;11;3;;0,6;1;74;;HU25464285;
INTRA-EX;202612;513881387;CTS-HW-205-4;87089997;DE;PT;10;EXW;11;3;;0,3;1;59;;DE181881308;
INTRA-EX;202612;513881387;CTS-IT-932;84213100;DE;PT;10;EXW;11;3;;1,4;1;279;;DE181881308;
INTRA-EX;202612;513881387;CTS-IGN-007;84099100;DE;PT;10;EXW;11;3;;0,3;2;59;;DE181881308;
INTRA-EX;202612;513881387;199-N007;87089235;DE;PT;10;EXW;11;3;;1;1;167;;QV999999999999;
INTRA-EX;202612;513881387;AC-MK7-DP;87089235;DE;PT;10;EXW;11;3;;9,2;1;226;;QV999999999999;
INTRA-EX;202612;513881387;JSK-123-BL;84213100;DE;PT;10;EXW;11;3;;2;1;205;;QV999999999999;
INTRA-EX;202612;513881387;EVE-ST38Y-CF-INT;84213100;PL;PT;10;EXW;11;3;;7;1;1285;;PL8141683531;
INTRA-EX;202612;513881387;ATMSBMW22;87089997;PL;PT;10;EXW;11;3;;8,7;1;224;;PL6972395288;
INTRA-EX;202612;513881387;KLC154;87088055;PL;PT;10;EXW;11;3;;1;1;88;;PL6972395288;
INTRA-EX;202612;513881387;SFTC006;87089235;PL;PT;10;EXW;11;3;;3;1;196;;PL8141683531;
INTRA-EX;202612;513881387;VWR1200R601E;84213100;PL;PT;10;EXW;11;3;;4,9;2;676;;PL8141683531;
INTRA-EX;202612;513881387;EVE-8YS3-CF-INT;84213100;PL;PT;10;EXW;11;3;;4,9;1;999;;PL8141683531;
INTRA-EX;202612;513881387;CI100050;84213100;PL;PT;10;EXW;11;3;;4,2;1;1396;;PL8141683531;
INTRA-EX;202612;513881387;Z1003100;85111000;PL;PT;10;EXW;11;3;;0,1;4;98;;PL8141683531;
INTRA-EX;202612;513881387;CTS-HW-380;40091100;PL;PT;10;EXW;11;3;;0,6;3;224;;PL8141683531;
INTRA-EX;202612;513881387;10.127.100K;84132000;PL;PT;10;EXW;11;3;;0,3;4;909;;PL8141683531;
INTRA-EX;202612;513881387;10.127.203K;84132000;PL;PT;10;EXW;11;3;;0,3;5;1137;;PL8141683531;
INTRA-EX;202612;513881387;10.127.113K;84133080;PL;PT;10;EXW;11;3;;0,3;5;1268;;PL8141683531;
INTRA-EX;202612;513881387;10.127.101K;84133080;PL;PT;10;EXW;11;3;;0,3;5;1137;;PL8141683531;
INTRA-EX;202612;513881387;9-201-1000;84133080;PL;PT;10;EXW;11;3;;0,5;5;354;;PL8141683531;
INTRA-EX;202612;513881387;VWR900003;85111000;PL;PT;10;EXW;11;3;;0,3;8;244;;PL8141683531;
INTRA-EX;202612;513881387;CTS-HW-360;40091100;PL;PT;10;EXW;11;3;;1,4;2;449;;PL8141683531;
INTRA-EX;202612;513881387;CTS-IT-256;40091100;PL;PT;10;EXW;11;3;;2,3;2;299;;PL8141683531;
INTRA-EX;202612;513881387;VWR900001;85111000;PL;PT;10;EXW;11;3;;0,3;50;1530;;PL8141683531;
INTRA-EX;202612;513881387;VWR120010;40091100;PL;PT;10;EXW;11;3;;1,4;8;1429;;PL8141683531;
INTRA-EX;202612;513881387;VWR1200R601E;84213100;PL;PT;10;EXW;11;3;;4,9;4;1352;;PL8141683531;
INTRA-EX;202612;513881387;VWR1200R600E;84213100;PL;PT;10;EXW;11;3;;4,9;2;619;;PL8141683531;
INTRA-EX;202612;513881387;VWR120000;84213100;PL;PT;10;EXW;11;3;;1;2;61;;PL8141683531;
INTRA-EX;202612;513881387;VWR12G7R600ITINLET;87089997;PL;PT;10;EXW;11;3;;0,4;5;501;;PL8141683531;
INTRA-EX;202612;513881387;VWR12G7R600ITBLA;84213100;PL;PT;10;EXW;11;3;;0,8;5;382;;PL8141683531;
INTRA-EX;202612;513881387;EVE-E60V2-CF-INT;84213100;PL;PT;10;EXW;11;3;;4,6;1;1087;;PL8141683531;
INTRA-EX;202612;513881387;EVE-F9XM5M8-CF-INT;84213100;PL;PT;10;EXW;11;3;;5,3;1;1571;;PL8141683531;
INTRA-EX;202612;513881387;EVE-F9XM5M8-CHG;84212300;PL;PT;10;EXW;11;3;;1,2;1;472;;PL8141683531;
INTRA-EX;202612;513881387;EVE-G8XMV2-CF-INT;84213100;PL;PT;10;EXW;11;3;;7,7;2;3975;;PL8141683531;
INTRA-EX;202612;513881387;EVE-GR4-CF-INT;84213100;PL;PT;10;EXW;11;3;;4,9;1;975;;PL8141683531;
INTRA-EX;202612;513881387;SP3082WB;84213100;PL;PT;10;EXW;11;3;;3;1;277;;PL8141683531;
INTRA-EX;202612;513881387;VWR13G700;84099100;PL;PT;10;EXW;11;3;;3;3;1404;;PL8141683531;
INTRA-EX;202612;513881387;VWR18G700;87089997;PL;PT;10;EXW;11;3;;4;2;840;;PL8141683531;
INTRA-EX;202612;513881387;AC-B9S-DPHS;87089235;PL;PT;10;EXW;11;3;;5;1;257;;PL8141683531;
INTRA-EX;202612;513881387;AC-180S-DVH-BL;40093100;GR;PT;10;EXW;11;3;;0,4;1;17;;GREL137646504;
INTRA-EX;202612;513881387;AC-MK7-TO;87089997;GR;PT;10;EXW;11;3;;2,1;1;59;;GREL137646504;
INTRA-EX;202612;513881387;AC-180S-DVH-RD;40093100;GR;PT;10;EXW;11;3;;0,4;1;17;;GREL137646504;
INTRA-EX;202612;513881387;CTS-IT-280;87089235;GR;PT;10;EXW;11;3;;1,5;1;127;;GREL137646504;
INTRA-EX;202612;513881387;AC-200-CP;84099100;GR;PT;10;EXW;11;3;;0,3;4;54;;GREL137646504;
INTRA-EX;202612;513881387;AC-MK7R-DPHS;87089235;GR;PT;10;EXW;11;3;;11,6;1;245;;GREL137646504;
INTRA-EX;202612;513881387;AC-200-EVAP;87089997;GR;PT;10;EXW;11;3;;0,3;1;13;;GREL137646504;
INTRA-EX;202612;513881387;AC-200-PCVD;87089997;GR;PT;10;EXW;11;3;;0,5;1;32;;GREL137646504;
INTRA-EX;202612;513881387;VWR670007;87089997;GR;PT;10;EXW;11;3;;1,1;1;82;;QV999999999999;
INTRA-EX;202612;513881387;06L115466C;84213100;GR;PT;10;EXW;11;3;;0,2;3;17;;QV999999999999;
INTRA-EX;202612;513881387;VWR190007;87141030;GR;PT;10;EXW;11;3;;0,3;1;17;;GREL802913609;
INTRA-EX;202612;513881387;EVE-C8BMC-FTR;84213100;GR;PT;10;EXW;11;3;;0,7;1;189;;GREL802913609;
INTRA-EX;202612;513881387;VWR800000;58109210;GR;PT;10;EXW;11;3;;0,1;1;7;;GREL802913609;
INTRA-EX;202612;513881387;ATINTVAG48;87089135;GR;PT;10;EXW;11;3;;23;1;862;;GREL802913609;
INTRA-EX;202612;513881387;MMICP-FOST-13HP;84213100;GR;PT;10;EXW;11;3;;3;1;150;;GREL802913609;
INTRA-EX;202612;513881387;MMICP-FOST-13CBK;84213100;GR;PT;10;EXW;11;3;;2;1;150;;GREL802913609;
INTRA-EX;202612;513881387;KLC102;87088055;GR;PT;10;EXW;11;3;;0,8;1;85;;GREL163940830;
INTRA-EX;202612;513881387;BMF48;87088055;GR;PT;10;EXW;11;3;;6,3;1;143;;GREL163940830;
INTRA-EX;202612;513881387;BMR65XXZ;87088055;GR;PT;10;EXW;11;3;;7,9;1;167;;GREL163940830;
INTRA-EX;202612;513881387;KLC139;87088035;GR;PT;10;EXW;11;3;;0,7;1;103;;GREL163940830;
INTRA-EX;202612;513881387;VWR130006;84099100;GR;PT;10;EXW;11;3;;0,3;1;40;;GREL163940830;
INTRA-EX;202612;513881387;VWR13G700RFK;87089997;GR;PT;10;EXW;11;3;;0,5;1;46;;GREL163940830;
INTRA-EX;202612;513881387;R7437-8;85111000;NL;PT;10;EXW;11;3;;0,1;4;136;;NL866996473B01;
INTRA-EX;202612;513881387;R7437-9;85111000;NL;PT;10;EXW;11;3;;0,1;3;108;;NL866996473B01;
INTRA-EX;202612;513881387;AC-211-CFA;87089997;NL;PT;10;EXW;11;3;;0,1;1;16;;NL866996473B01;
INTRA-EX;202612;513881387;VWR810002;87089997;NL;PT;10;EXW;11;3;;0,5;2;112;;NL866996473B01;
INTRA-EX;202612;513881387;VWR800002;58109210;NL;PT;10;EXW;11;3;;0,1;1;7;;NL866996473B01;
INTRA-EX;202612;513881387;VWR12G7R602ITBLA;84213100;NL;PT;10;EXW;11;3;;0,6;1;76;;NL866996473B01;
INTRA-EX;202612;513881387;VWR160001;87089997;NL;PT;10;EXW;11;3;;0,4;1;86;;NL866996473B01;
INTRA-EX;202612;513881387;VWR640012;87089997;NL;PT;10;EXW;11;3;;2,2;1;62;;NL866996473B01;
INTRA-EX;202612;513881387;VWR12G7R600ITINLET;87089997;NL;PT;10;EXW;11;3;;0,4;1;100;;NL866996473B01;
INTRA-EX;202612;513881387;R7437-9;85111000;NL;PT;10;EXW;11;3;;0,1;8;290;;NL866860666B01;
INTRA-EX;202612;513881387;EVE-661-G2-FTR;84213100;NL;PT;10;EXW;11;3;;0,6;1;63;;NL866860666B01;
INTRA-EX;202612;513881387;R7437-9-8;84099100;NL;PT;10;EXW;11;3;;0,5;1;342;;NL865367012B01;
INTRA-EX;202612;513881387;R7437-8;85111000;NL;PT;10;EXW;11;3;;0,1;4;136;;NL866860666B01;
INTRA-EX;202612;513881387;CTS-IGN-007;84099100;NL;PT;10;EXW;11;3;;0,3;4;119;;NL866860666B01;
INTRA-EX;202612;513881387;EVE-151-G2-FTR;84213100;NL;PT;10;EXW;11;3;;0,5;1;63;;NL866996473B01;
INTRA-EX;202612;513881387;CI100054;40091100;NL;PT;10;EXW;11;3;;4,3;1;226;;NL866996473B01;
INTRA-EX;202612;513881387;LTR7IX-11;85111000;NL;PT;10;EXW;11;3;;0,2;3;23;;NL866996473B01;
INTRA-EX;202612;513881387;VWR900001;85111000;NL;PT;10;EXW;11;3;;0,3;4;122;;NL866996473B01;
INTRA-EX;202612;513881387;AC-200-CFA;87089997;NL;PT;10;EXW;11;3;;0,1;30;487;;NL866996473B01;
INTRA-EX;202612;513881387;VWR19G711;84213100;NL;PT;10;EXW;11;3;;0,3;2;131;;NL866996473B01;
INTRA-EX;202612;513881387;VWR12G7R600ITINLET;87089997;NL;PT;10;EXW;11;3;;0,4;4;401;;NL866996473B01;
INTRA-EX;202612;513881387;AC-VAG-ODP;70102000;NL;PT;10;EXW;11;3;;0,2;1;5;;NL866860666B01;
INTRA-EX;202612;513881387;VWR11UPGT;84213100;NL;PT;10;EXW;11;3;;0,4;1;63;;NL866860666B01;
INTRA-EX;202612;513881387;CTS-IGN-009;84099100;IT;PT;10;EXW;11;3;;0,3;4;103;;IT02710790060;
INTRA-EX;202612;513881387;PF04;85444290;IT;PT;10;EXW;11;3;;0,2;1;156;;IT02710790060;
INTRA-EX;202612;513881387;CTS-HW-360;40091100;IT;PT;10;EXW;11;3;;1,4;1;224;;IT02710790060;
INTRA-EX;202612;513881387;AC-S1-CH-RD;40091100;IT;PT;10;EXW;11;3;;3;1;94;;IT12072620011;
INTRA-EX;202612;513881387;CTS-IGN-009;84099100;IT;PT;10;EXW;11;3;;0,3;4;103;;IT03656931205;
INTRA-EX;202612;513881387;UR-TW2-3047;87088055;IT;PT;10;EXW;11;3;;3;1;75;;IT02710790060;
INTRA-EX;202612;513881387;9-437-7290;84132000;IT;PT;10;EXW;11;3;;1,3;3;1168;;IT04227541200;
INTRA-EX;202612;513881387;VWR12G5GT;84213100;IT;PT;10;EXW;11;3;;3,1;1;333;;IT04227541200;
INTRA-EX;202612;513881387;SVW0607-4P-BK;87083091;IT;PT;10;EXW;11;3;;0,5;1;61;;IT12072620011;
INTRA-EX;202612;513881387;SVWX064;87089235;IT;PT;10;EXW;11;3;;10;1;500;;IT02710790060;
INTRA-EX;202612;513881387;1J0253115A;84099100;IT;PT;10;EXW;11;3;;0,1;1;2;;IT02710790060;
INTRA-EX;202612;513881387;058129717D;87089235;IT;PT;10;EXW;11;3;;0,1;1;2;;IT02710790060;
INTRA-EX;202612;513881387;EVE-FLC;87084099;IT;PT;10;EXW;11;3;;0,6;10;210;;IT12072620011;
INTRA-EX;202612;513881387;AC-MK7-RL;87088055;IT;PT;10;EXW;11;3;;0,5;2;80;;IT12072620011;
INTRA-EX;202612;513881387;AC-200-PCVD;87089997;IT;PT;10;EXW;11;3;;0,5;2;65;;IT12072620011;
INTRA-EX;202612;513881387;SILFER8C7ES;85111000;IT;PT;10;EXW;11;3;;0,1;8;84;;IT14481871003;
INTRA-EX;202612;513881387;10.127.100K;84132000;IT;PT;10;EXW;11;3;;0,3;1;227;;IT14481871003;
INTRA-EX;202612;513881387;AC-MK7-IT;84198998;IT;PT;10;EXW;11;3;;4,3;1;144;;IT14481871003;
INTRA-EX;202612;513881387;EVE-EA8884-R-INT;84213100;IT;PT;10;EXW;11;3;;5;1;999;;IT04227541200;
INTRA-EX;202612;513881387;10.127.100K;84132000;IT;PT;10;EXW;11;3;;0,3;1;227;;IT04227541200;
INTRA-EX;202612;513881387;VWR160000;87089997;IT;PT;10;EXW;11;3;;0,7;3;343;;IT04227541200;
INTRA-EX;202612;513881387;VWR121003;84213100;IT;PT;10;EXW;11;3;;3;1;247;;IT04227541200;
INTRA-EX;202612;513881387;VWR121000;84213100;IT;PT;10;EXW;11;3;;2;1;247;;IT04227541200;
INTRA-EX;202612;513881387;VWR120003;87089997;IT;PT;10;EXW;11;3;;1,3;2;357;;IT04227541200;
INTRA-EX;202612;513881387;EVO1502;84213100;IT;PT;10;EXW;11;3;;5,3;1;271;;IT04227541200;
INTRA-EX;202612;513881387;AC-200-IT;84198998;IT;PT;10;EXW;11;3;;5;2;250;;IT04227541200;
INTRA-EX;202612;513881387;EVE-EA8884-R-INT;84213100;IT;PT;10;EXW;11;3;;5;1;999;;IT08839490011;
INTRA-EX;202612;513881387;EVE-ST38Y-CF-INT;84213100;IT;PT;10;EXW;11;3;;7;1;1285;;IT08839490011;
INTRA-EX;202612;513881387;FMKT026-BLA;40093100;IT;PT;10;EXW;11;3;;1,5;1;134;;IT08839490011;
INTRA-EX;202612;513881387;FMINLH20-BLACK;87089997;IT;PT;10;EXW;11;3;;0,7;1;54;;IT08839490011;
INTRA-EX;202612;513881387;U5014;84099100;IT;PT;10;EXW;11;3;;0,3;8;173;;IT08839490011;
INTRA-EX;202612;513881387;PP2041;84213100;IT;PT;10;EXW;11;3;;0,6;2;129;;IT04227541200;
INTRA-EX;202612;513881387;VWR190002;87089997;IT;PT;10;EXW;11;3;;0,2;2;98;;IT04227541200;
INTRA-EX;202612;513881387;VWR1200R600E;84213100;IT;PT;10;EXW;11;3;;4,9;2;619;;IT04227541200;
INTRA-EX;202612;513881387;9-309-1008;84133080;IT;PT;10;EXW;11;3;;0,4;1;122;;IT02710790060;
INTRA-EX;202612;513881387;17U-07-0750-4;84133080;IT;PT;10;EXW;11;3;;0,3;1;329;;IT02710790060;
INTRA-EX;202612;513881387;R18-10-2;87089235;IT;PT;10;EXW;11;3;;0,3;1;52;;IT02710790060;
INTRA-EX;202612;513881387;UR-ML6-3719;87088055;IT;PT;10;EXW;11;3;;4;1;121;;IT02710790060;
INTRA-EX;202612;513881387;BNR30Z;87088055;IT;PT;10;EXW;11;3;;3,9;1;152;;IT02710790060;
INTRA-EX;202612;513881387;BNF33Z;87088055;IT;PT;10;EXW;11;3;;9,2;1;168;;IT02710790060;
INTRA-EX;202612;513881387;VWR800003;58109210;IT;PT;10;EXW;11;3;;0,1;1;7;;IT02710790060;
INTRA-EX;202612;513881387;S90-4-20-013;87087050;ES;PT;10;EXW;11;3;;2,1;1;120;;ES44749766T;
INTRA-EX;202612;513881387;S90-4-25-029;87087050;ES;PT;10;EXW;11;3;;2,1;1;125;;ES44749766T;
INTRA-EX;202612;513881387;CTS-IT-805;40091100;ES;PT;10;EXW;11;3;;2,5;1;164;;ES18062887K;
INTRA-EX;202612;513881387;BSR49XZ;87088055;ES;PT;10;EXW;11;3;;6;1;160;;ES18062887K;
INTRA-EX;202612;513881387;BSF39Z;87088055;ES;PT;10;EXW;11;3;;4,3;1;143;;ES18062887K;
INTRA-EX;202612;513881387;MMRAD-E46-323;87089997;ES;PT;10;EXW;11;3;;7,2;1;280;;ES18062887K;
INTRA-EX;202612;513881387;216BFWAOPSM;90269000;ES;PT;10;EXW;11;3;;0,4;1;34;;ES43179343V;
INTRA-EX;202612;513881387;216BFWAOTSM;90269000;ES;PT;10;EXW;11;3;;0,3;1;29;;ES43179343V;
INTRA-EX;202612;513881387;PF04;85444290;ES;PT;10;EXW;11;3;;0,2;1;156;;ES43179343V;
INTRA-EX;202612;513881387;VWR31G5GT;87088035;ES;PT;10;EXW;11;3;;11;1;174;;ES43179343V;
INTRA-EX;202612;513881387;VWR1200R601E;84213100;ES;PT;10;EXW;11;3;;4,9;1;338;;ES16610275C;
INTRA-EX;202612;513881387;AC-MQB-IC;84198998;ES;PT;10;EXW;11;3;;16,3;1;281;;ESB94171030;
INTRA-EX;202612;513881387;AC-R56-IC;84198998;ES;PT;10;EXW;11;3;;10,5;1;167;;ESB94171030;
INTRA-EX;202612;513881387;AC-200-CP;84099100;ES;PT;10;EXW;11;3;;0,3;4;54;;ESB94171030;
INTRA-EX;202612;513881387;D650-0011;85111000;ES;PT;10;EXW;11;3;;0,3;6;186;;ESB04855516;
INTRA-EX;202612;513881387;D640-0001;85111000;ES;PT;10;EXW;11;3;;0,1;6;98;;ESB04855516;
INTRA-EX;202612;513881387;AC-MK7-DP;87089235;ES;PT;10;EXW;11;3;;9,2;1;155;;ES50902109G;
INTRA-EX;202612;513881387;10.127.101K;84133080;ES;PT;10;EXW;11;3;;0,3;1;227;;ESB24786139;
INTRA-EX;202612;513881387;22002-AN038;84213100;ES;PT;10;EXW;11;3;;9,4;1;1785;;ESB19406420;
INTRA-EX;202612;513881387;50003-M50-HL;84213100;ES;PT;10;EXW;11;3;;0,1;6;88;;ESB19406420;
INTRA-EX;202612;513881387;VWR81G700;87088055;ES;PT;10;EXW;11;3;;2,6;1;319;;ESB42954230;
INTRA-EX;202612;513881387;EVE-2TFSI-CF-INT;84213100;ES;PT;10;EXW;11;3;;3,1;1;663;;ESB42954230;
INTRA-EX;202612;513881387;VWR180000;87089997;ES;PT;10;EXW;11;3;;0,1;5;45;;ESB42954230;
INTRA-EX;202612;513881387;MMAI-MK7-15X;84213100;ES;PT;10;EXW;11;3;;4,7;1;264;;ESB42954230;
INTRA-EX;202612;513881387;FMIND5R32-BLA;84213100;ES;PT;10;EXW;11;3;;4,1;1;202;;ESB42954230;
INTRA-EX;202612;513881387;MS100204;85111000;ES;PT;10;EXW;11;3;;0,3;12;492;;ESB42954230;
INTRA-EX;202612;513881387;VWR31G7GT;87088035;ES;PT;10;EXW;11;3;;8,5;2;322;;ESB42954230;
INTRA-EX;202612;513881387;VWR900001;85111000;ES;PT;10;EXW;11;3;;0,3;4;122;;ESB42954230;
INTRA-EX;202612;513881387;FMFSITAT-BLK;87089997;ES;PT;10;EXW;11;3;;0,7;1;134;;ESB42954230;
INTRA-EX;202612;513881387;VWR12G7R601FO;84213100;ES;PT;10;EXW;11;3;;0,9;1;112;;ES50902109G;
INTRA-EX;202612;513881387;FMDV008PA-BLA;87089997;ES;PT;10;EXW;11;3;;0,5;1;107;;ESB42771618;
INTRA-EX;202612;513881387;8E0971824S-RD;84099100;ES;PT;10;EXW;11;3;;0,2;8;61;;ESB42771618;
INTRA-EX;202612;513881387;216BFWABOSM;90262020;ES;PT;10;EXW;11;3;;0,3;3;67;;ESB42771618;
INTRA-EX;202612;513881387;AC-200K04-OT;87089997;ES;PT;10;EXW;11;3;;1,4;1;111;;QV999999999999;
INTRA-EX;202612;513881387;238EVOOT-PK-R;90269000;ES;PT;10;EXW;11;3;;0,6;1;66;;ESB42771618;
INTRA-EX;202612;513881387;238EVOOP-PK-R;87089997;ES;PT;10;EXW;11;3;;0,6;1;93;;ESB42771618;
INTRA-EX;202612;513881387;238EVOBO-PK-R;90262020;ES;PT;10;EXW;11;3;;0,6;1;79;;ESB42771618;
INTRA-EX;202612;513881387;216EVOWT-C;90262020;ES;PT;10;EXW;11;3;;0,2;1;51;;ESB42771618;
INTRA-EX;202612;513881387;BKR7EIX-4;84099100;ES;PT;10;EXW;11;3;;0,3;1;40;;ESB13735162;
INTRA-EX;202612;513881387;CTS-IT-020;84213100;ES;PT;10;EXW;11;3;;3,1;1;166;;ESB13735162;
INTRA-EX;202612;513881387;AC-200-CP-4;84099100;ES;PT;10;EXW;11;3;;1;2;164;;ESB13735162;
INTRA-EX;202612;513881387;ATMSHYU17;87089997;ES;PT;10;EXW;11;3;;1,5;1;128;;QV999999999999;
INTRA-EX;202612;513881387;F2234P+F2236P;87082910;ES;PT;10;EXW;11;3;;1,3;1;822;;ESB19406420;
INTRA-EX;202612;513881387;ATMSREN3;87089997;ES;PT;10;EXW;11;3;;5;1;398;;QV999999999999;
INTRA-EX;202612;513881387;SHY0900-4P-EB;87083091;ES;PT;10;EXW;11;3;;0,8;1;96;;QV999999999999;
INTRA-EX;202612;513881387;RBF600;27101999;ES;PT;10;EXW;11;3;;0,6;1;9;;QV999999999999;
INTRA-EX;202612;513881387;D650-0004-4;84099100;ES;PT;10;EXW;11;3;;1,7;1;115;;QV999999999999;
INTRA-EX;202612;513881387;ILZKBR7B8G-4;87089997;ES;PT;10;EXW;11;3;;0,3;1;38;;QV999999999999;
INTRA-EX;202612;513881387;PFR7Z-TG-4;84099100;ES;PT;10;EXW;11;3;;0,3;1;36;;ES53284853V;
INTRA-EX;202612;513881387;RD1560BLK;84213100;ES;PT;10;EXW;11;3;;3,5;1;288;;QV999999999999;
INTRA-EX;202612;513881387;SAU0431-4P-BK;87083091;ES;PT;10;EXW;11;3;;0,5;1;78;;ESB72435332;
INTRA-EX;202612;513881387;71008-AH009;84213100;ES;PT;10;EXW;11;3;;2,5;1;330;;ESB66224692;
INTRA-EX;202612;513881387;VWR120010;40091100;ES;PT;10;EXW;11;3;;1,4;1;178;;ES33558767L;
INTRA-EX;202612;513881387;VWR1200R601E;84213100;ES;PT;10;EXW;11;3;;4,9;1;338;;ES33558767L;
INTRA-EX;202612;513881387;AC-45-DP;87089235;ES;PT;10;EXW;11;3;;9,2;3;611;;ESB70550694;
INTRA-EX;202612;513881387;VWR12G7R600ITBLA;84213100;ES;PT;10;EXW;11;3;;0,8;3;229;;ESB70550694;
INTRA-EX;202612;513881387;VWR12G7R600ITINLET;87089997;ES;PT;10;EXW;11;3;;0,4;3;300;;ESB70550694;
INTRA-EX;202612;513881387;U5014;84099100;ES;PT;10;EXW;11;3;;0,3;32;695;;ESB70550694;
INTRA-EX;202612;513881387;BKR8EIX;85111000;ES;PT;10;EXW;11;3;;0,1;28;254;;ESB70550694;
INTRA-EX;202612;513881387;SHYP107;87089997;ES;PT;10;EXW;11;3;;3,7;2;229;;ESB70550694;
INTRA-EX;202612;513881387;FMTIA11-BLACK;87089997;ES;PT;10;EXW;11;3;;2,1;1;149;;ESB70550694;
INTRA-EX;202612;513881387;VWR1200R601E;84213100;ES;PT;10;EXW;11;3;;4,9;2;676;;ESB70550694;
INTRA-EX;202612;513881387;VWR1200R600E;84213100;ES;PT;10;EXW;11;3;;4,9;5;1547;;ESB70550694;
INTRA-EX;202612;513881387;FMINDK20;84213100;ES;PT;10;EXW;11;3;;0,8;4;560;;ESB70550694;
INTRA-EX;202612;513881387;CTS-TR-1000;87089997;ES;PT;10;EXW;11;3;;10;3;1799;;ESB70550694;
INTRA-EX;202612;513881387;FMINDK28-BLA-FOA;84213100;ES;PT;10;EXW;11;3;;5,9;2;462;;ESB70550694;
INTRA-EX;202612;513881387;SHYSP102;87089997;ES;PT;10;EXW;11;3;;3;2;250;;ESB70550694;
INTRA-EX;202612;513881387;10.127.100K;84132000;ES;PT;10;EXW;11;3;;0,3;1;227;;ESB70550694;
INTRA-EX;202612;513881387;FMTIA2-BLA;40091100;ES;PT;10;EXW;11;3;;1,5;2;193;;ESB70550694;
INTRA-EX;202612;513881387;FMDV20-BLA;84818040;ES;PT;10;EXW;11;3;;0,6;2;255;;ESB70550694;
INTRA-EX;202612;513881387;CTS-TR-1050;87089997;ES;PT;10;EXW;11;3;;13,6;1;1124;;ESB70550694;
INTRA-EX;202612;513881387;SILZKFR8D7S;85111000;ES;PT;10;EXW;11;3;;0,2;12;90;;ESB70550694;
INTRA-EX;202612;513881387;SILZKGR8B8S;85111000;ES;PT;10;EXW;11;3;;0,1;8;67;;ESB70550694;
INTRA-EX;202612;513881387;R7438-9;85111000;ES;PT;10;EXW;11;3;;0,1;12;415;;ESB70550694;
INTRA-EX;202612;513881387;VWR160001;87089997;ES;PT;10;EXW;11;3;;0,4;3;257;;ESB70550694;
INTRA-EX;202612;513881387;50003-M45-XL;84213100;ES;PT;10;EXW;11;3;;0,2;16;235;;ESB70550694;
INTRA-EX;202612;513881387;FMINDK45-FOAM;84213100;ES;PT;10;EXW;11;3;;6,2;1;153;;ESB70550694;
INTRA-EX;202612;513881387;VWR12G7R602ITBLA;84213100;ES;PT;10;EXW;11;3;;0,6;1;76;;ESB70550694;
INTRA-EX;202612;513881387;VWR12G7R602;84213100;ES;PT;10;EXW;11;3;;4,5;1;338;;ESB70550694;
INTRA-EX;202612;513881387;SHYC103;87089235;ES;PT;10;EXW;11;3;;4,5;1;212;;ESB70550694;
INTRA-EX;202612;513881387;ATINTVAG47;87089199;ES;PT;10;EXW;11;3;;19,5;1;971;;ESB04855516;
INTRA-EX;202612;513881387;CI100054;40091100;ES;PT;10;EXW;11;3;;4,3;1;226;;ESB04855516;
INTRA-EX;202612;513881387;CI100033-B;87089235;ES;PT;10;EXW;11;3;;1;1;189;;ESB04855516;
INTRA-EX;202612;513881387;CI100038-A;84213100;ES;PT;10;EXW;11;3;;2,6;1;451;;ESB04855516;
INTRA-EX;202612;513881387;AC-MK7R-DP;87089235;ES;PT;10;EXW;11;3;;11,6;1;185;;ESB04855516;
INTRA-EX;202612;513881387;AC-MK8R-DPHS;87089235;ES;PT;10;EXW;11;3;;10,2;1;257;;ESB04855516;
INTRA-EX;202612;513881387;AC-MK7-DP;87089235;ES;PT;10;EXW;11;3;;9,2;1;155;;ESB04855516;
INTRA-EX;202612;513881387;AC-MK8-IC;87089199;ES;PT;10;EXW;11;3;;16,5;1;349;;ESB04855516;
INTRA-EX;202612;513881387;AC-MK8-DPHS;87089235;ES;PT;10;EXW;11;3;;8,3;1;209;;ESB04855516;
INTRA-EX;202612;513881387;JE-353849;87082910;ES;PT;10;EXW;11;3;;2,5;2;961;;ESB04855516;
INTRA-EX;202612;513881387;4B5562H-STD;40091100;ES;PT;10;EXW;11;3;;0,2;2;102;;ESB04855516;
INTRA-EX;202612;513881387;R-AUD-010-I;84833080;ES;PT;10;EXW;11;3;;3,3;2;721;;ESB04855516;
INTRA-EX;202612;513881387;330148R;87089235;ES;PT;10;EXW;11;3;;1;2;231;;ESB04855516;
INTRA-EX;202612;513881387;330072R;87089997;ES;PT;10;EXW;11;3;;1;2;269;;ESB04855516;
INTRA-EX;202612;513881387;10.127.203K;84132000;ES;PT;10;EXW;11;3;;0,3;2;454;;ESB04855516;
INTRA-EX;202612;513881387;AC-MQB-IC;84198998;ES;PT;10;EXW;11;3;;16,3;1;281;;ESB04855516;
INTRA-EX;202612;513881387;5B5562H-STD;40091100;ES;PT;10;EXW;11;3;;0,2;2;116;;ESB04855516;
INTRA-EX;202612;513881387;CI100039;40091100;ES;PT;10;EXW;11;3;;2;1;226;;ESB04855516;
INTRA-EX;202612;513881387;CI100039-B;40091100;ES;PT;10;EXW;11;3;;1,7;1;138;;ESB04855516;
INTRA-EX;202612;513881387;MS100204;85111000;ES;PT;10;EXW;11;3;;0,3;8;328;;ESB04855516;
INTRA-EX;202612;513881387;VWR31G70RW;87088035;ES;PT;10;EXW;11;3;;9,1;1;161;;ES50902109G;
INTRA-EX;202612;513881387;SSE0426-4P-BK;87083091;ES;PT;10;EXW;11;3;;0,5;1;61;;ES50902109G;
INTRA-EX;202612;513881387;VWR12G7R600ITBLA;84213100;ES;PT;10;EXW;11;3;;0,8;1;76;;ES38873546G;
INTRA-EX;202612;513881387;VWR1200R601E;84213100;ES;PT;10;EXW;11;3;;4,9;1;338;;ES38873546G;
INTRA-EX;202612;513881387;VWR13G700-SERV;87089997;ES;PT;10;EXW;11;3;;0,1;2;43;;ES38873546G;
INTRA-EX;202612;513881387;VWR120003;87089997;ES;PT;10;EXW;11;3;;1,3;1;178;;ES50902109G;
INTRA-EX;202612;513881387;CI100033-B;87089235;ES;PT;10;EXW;11;3;;1;1;189;;ES50902109G;
INTRA-EX;202612;513881387;VWR630300;87089997;ES;PT;10;EXW;11;3;;0,3;1;29;;ES50902109G;
INTRA-EX;202612;513881387;10.127.203K;84132000;ES;PT;10;EXW;11;3;;0,3;1;227;;ESB24786139;
INTRA-EX;202612;513881387;CTS-FPK-004-450;87089235;ES;PT;10;EXW;11;3;;0,8;1;277;;ESB24786139;
INTRA-EX;202612;513881387;VWR12G7R600FO;84213100;ES;PT;10;EXW;11;3;;0,5;2;172;;ESB24786139;
INTRA-EX;202612;513881387;VWR150000;87089997;ES;PT;10;EXW;11;3;;0,2;1;79;;ESB24786139;
INTRA-EX;202612;513881387;VWR120001;87089997;ES;PT;10;EXW;11;3;;0,1;2;9;;ESB24786139;
INTRA-EX;202612;513881387;AC-180-DP;87089235;ES;PT;10;EXW;11;3;;8,3;1;143;;ES44719365M;
INTRA-EX;202612;513881387;9-655-1025;84133080;ES;PT;10;EXW;11;3;;0,8;1;129;;ES44719365M;
INTRA-EX;202612;513881387;FMDV001GTI-POL;84814090;ES;PT;10;EXW;11;3;;0,4;1;77;;ESB72996382;
INTRA-EX;202612;513881387;VWR19G701;87089997;ES;PT;10;EXW;11;3;;0,2;1;51;;ESB72996382;
INTRA-EX;202612;513881387;VWR121000;84213100;ES;PT;10;EXW;11;3;;2;1;247;;ESB72996382;
INTRA-EX;202612;513881387;EVE-GR4-CF-INT;84213100;ES;PT;10;EXW;11;3;;4,9;1;975;;ESB72996382;
INTRA-EX;202612;513881387;FMBPVXA;87089997;ES;PT;10;EXW;11;3;;0,1;1;23;;ESB72996382;
INTRA-EX;202612;513881387;MMODP-1415B;87089997;ES;PT;10;EXW;11;3;;0,1;1;11;;ESB72996382;
INTRA-EX;202612;513881387;KLC150;87088035;ES;PT;10;EXW;11;3;;1;1;100;;ES18062887K;
INTRA-EX;202612;513881387;CTS-EM-MK456-4-60D;84099100;ES;PT;10;EXW;11;3;;2,5;1;89;;ES18062887K;
INTRA-EX;202612;513881387;CTS-TM-MK4-60D;87089235;ES;PT;10;EXW;11;3;;2;1;89;;ES18062887K;
INTRA-EX;202612;513881387;MMHOSE-STI-08BK;40091100;ES;PT;10;EXW;11;3;;0,7;1;78;;ESB66283003;
INTRA-EX;202612;513881387;MMRAD-MIA-99;87089135;ES;PT;10;EXW;11;3;;8,4;1;179;;ESB66283003;
INTRA-EX;202612;513881387;MMRAD-CIV-92;87089135;ES;PT;10;EXW;11;3;;4,2;1;145;;ESB66283003;
INTRA-EX;202612;513881387;MMRAD-350Z-03;87089135;ES;PT;10;EXW;11;3;;10,9;1;209;;ESB66283003;
INTRA-EX;202612;513881387;MMOC-BRZ-13T;87089135;ES;PT;10;EXW;11;3;;5,4;1;473;;ESB66283003;
INTRA-EX;202612;513881387;MMOP-TPS;84099100;ES;PT;10;EXW;11;3;;0,4;1;40;;ESB66283003;
INTRA-EX;202612;513881387;MMRAD-240-89KA;87089135;ES;PT;10;EXW;11;3;;8,5;1;184;;ESB66283003;
INTRA-EX;202612;513881387;MMRAD-K20-EG;87089135;ES;PT;10;EXW;11;3;;3,6;1;231;;ESB66283003;
INTRA-EX;202612;513881387;MMRC-13-ONWY;84073410;ES;PT;10;EXW;11;3;;0,5;1;14;;ESB66283003;
INTRA-EX;202612;513881387;MMRC-13-SM;84073410;ES;PT;10;EXW;11;3;;0,2;1;14;;ESB66283003;
INTRA-EX;202612;513881387;MMODP-1615B;70102000;ES;PT;10;EXW;11;3;;0,1;3;35;;ESF21716261;
INTRA-EX;202612;513881387;UR-TW2-3051;87088055;ES;PT;10;EXW;11;3;;1,7;4;370;;ESF21716261;
INTRA-EX;202612;513881387;SILZKGR8C8S;85111000;ES;PT;10;EXW;11;3;;0,1;4;62;;ESF21716261;
INTRA-EX;202612;513881387;UR-TW2-305;84099100;ES;PT;10;EXW;11;3;;2,5;1;92;;ESF21716261;
INTRA-EX;202612;513881387;EVE-ST38Y-CF-INT;84213100;ES;PT;10;EXW;11;3;;7;1;1285;;ESB65650301;
INTRA-EX;202612;513881387;EVE-ST38V8S-CF-ENG;87089997;ES;PT;10;EXW;11;3;;1,3;1;428;;ESB65650301;
INTRA-EX;202612;513881387;VWR630000;87141030;ES;PT;10;EXW;11;3;;1,9;1;114;;ES50902109G;
INTRA-EX;202612;513881387;VWR13G700;84099100;ES;PT;10;EXW;11;3;;3;1;468;;ES50902109G;
INTRA-EX;202612;513881387;VWR630001;87141030;ES;PT;10;EXW;11;3;;1,9;1;114;;ES50902109G;
INTRA-EX;202612;513881387;VWR630300;87089997;ES;PT;10;EXW;11;3;;0,3;1;29;;ES50902109G;
INTRA-EX;202612;513881387;VWR1200R600E;84213100;ES;PT;10;EXW;11;3;;4,9;1;309;;ES43179343V;
INTRA-EX;202612;513881387;MMFS-E36-92P;84149000;ES;PT;10;EXW;11;3;;5;1;183;;ES43179343V;
INTRA-EX;202612;513881387;MMRT-E36-92EBK;87089199;ES;PT;10;EXW;11;3;;2,2;1;120;;ES43179343V;
INTRA-EX;202612;513881387;VWR630001;87141030;ES;PT;10;EXW;11;3;;1,9;1;114;;ES50902109G;
INTRA-EX;202612;513881387;VWR630300;87089997;ES;PT;10;EXW;11;3;;0,3;1;29;;ES50902109G;
INTRA-EX;202612;513881387;AC-40T-DPHS;87089997;ES;PT;10;EXW;11;3;;8,9;1;360;;ES44719365M;
INTRA-EX;202612;513881387;EVE-4V8TT-CF-INT;84213100;ES;PT;10;EXW;11;3;;7,3;1;2039;;ES44719365M;
INTRA-EX;202612;513881387;AC-200-IC;84198998;ES;PT;10;EXW;11;3;;11,9;1;263;;ES44719365M;
INTRA-EX;202612;513881387;VWR900001;85111000;ES;PT;10;EXW;11;3;;0,3;4;122;;ESB65650301;
INTRA-EX;202612;513881387;VWR12G7R600ITINLET;87089997;ES;PT;10;EXW;11;3;;0,4;1;100;;ESB65650301;
INTRA-EX;202612;513881387;VWR160001;87089997;ES;PT;10;EXW;11;3;;0,4;1;86;;ESB65650301;
INTRA-EX;202612;513881387;VWR900003;85111000;ES;PT;10;EXW;11;3;;0,3;4;122;;ESB65650301;
INTRA-EX;202612;513881387;FMPCVD1;87089997;ES;PT;10;EXW;11;3;;0,3;2;125;;ESB65650301;
INTRA-EX;202612;513881387;FMFSITVR-BLK;84814090;ES;PT;10;EXW;11;3;;0,7;1;134;;ESB65650301;
INTRA-EX;202612;513881387;SSZ0205-6P-BK;87083091;ES;PT;10;EXW;11;3;;0,6;1;116;;QV999999999999;
INTRA-EX;202612;513881387;BF30500;87083091;ES;PT;10;EXW;11;3;;0,5;1;12;;QV999999999999;
INTRA-EX;202612;513881387;FMOC11-BLA;87089997;ES;PT;10;EXW;11;3;;3,6;1;359;;ES29524079Z;
INTRA-EX;202612;513881387;SILFER8C7ES;85111000;ES;PT;10;EXW;11;3;;0,1;4;42;;ES29524079Z;
INTRA-EX;202612;513881387;MS100247;85111000;ES;PT;10;EXW;11;3;;0,4;4;114;;ES29524079Z;
INTRA-EX;202612;513881387;AC-N54-TP;40091100;ES;PT;10;EXW;11;3;;1,7;1;80;;ESB94171030;
INTRA-EX;202612;513881387;AC-MQB-IC;84198998;ES;PT;10;EXW;11;3;;16,3;1;281;;ESB94171030;
INTRA-EX;202612;513881387;AC-MK8R-DPHS;87089235;ES;PT;10;EXW;11;3;;10,2;1;257;;ESB94171030;
INTRA-EX;202612;513881387;AC-G8X-DPHS;87089997;ES;PT;10;EXW;11;3;;6,2;1;329;;ESB94171030;
INTRA-EX;202612;513881387;AC-B9S-DPHS;87089235;ES;PT;10;EXW;11;3;;5;1;257;;ESB94171030;
INTRA-EX;202612;513881387;AC-MK7-IT;84198998;ES;PT;10;EXW;11;3;;4,3;3;434;;ESB94171030;
INTRA-EX;202612;513881387;VWR1200R601E;84213100;ES;PT;10;EXW;11;3;;4,9;1;338;;ES50902109G;
INTRA-EX;202612;513881387;MS100204;85111000;ES;PT;10;EXW;11;3;;0,3;4;164;;ES50902109G;
INTRA-EX;202612;513881387;VWR12G7R600ITBLU;84213100;ES;PT;10;EXW;11;3;;0,8;1;76;;ES50902109G;
INTRA-EX;202612;513881387;R7437-8;85111000;ES;PT;10;EXW;11;3;;0,1;4;136;;ES50902109G;
INTRA-EX;202612;513881387;VWR160001;87089997;ES;PT;10;EXW;11;3;;0,4;1;86;;ES50902109G;
INTRA-EX;202612;513881387;VWR12G7R600ITINLET;87089997;ES;PT;10;EXW;11;3;;0,4;1;100;;ES50902109G;
INTRA-EX;202612;513881387;CTS-TR-1050;87089997;ES;PT;10;EXW;11;3;;13,6;1;1124;;ESB04855516;
INTRA-EX;202612;513881387;AC-S55-IC;84198998;ES;PT;10;EXW;11;3;;7,3;1;299;;ESB04855516;
INTRA-EX;202612;513881387;AC-30N-CP;85111000;ES;PT;10;EXW;11;3;;0,3;12;167;;ESB04855516;
INTRA-EX;202612;513881387;VWR652000-BLU;87089997;ES;PT;10;EXW;11;3;;36,1;1;1510;;ESB42954230;
INTRA-EX;202612;513881387;VWR13G500;84099100;ES;PT;10;EXW;11;3;;2;1;332;;ESB42954230;
INTRA-EX;202612;513881387;VWR13G700;84099100;ES;PT;10;EXW;11;3;;3;2;936;;ESB42954230;
INTRA-EX;202612;513881387;VWR13G700RFK;87089997;ES;PT;10;EXW;11;3;;0,5;1;46;;ESB42954230;
INTRA-EX;202612;513881387;VWR130006;84099100;ES;PT;10;EXW;11;3;;0,3;1;40;;ESB42954230;
INTRA-EX;202612;513881387;VWR1200R601E;84213100;ES;PT;10;EXW;11;3;;4,9;1;338;;ESB42954230;
INTRA-EX;202612;513881387;VWR31G7GT;87088035;ES;PT;10;EXW;11;3;;8,5;1;161;;ESB42954230;
INTRA-EX;202612;513881387;E10-15-022-02-22;73202081;ES;PT;10;EXW;11;3;;8,3;1;216;;QV999999999999;
INTRA-EX;202612;513881387;03K906051;90269000;ES;PT;10;EXW;11;3;;0,1;1;19;;QV999999999999;
INTRA-EX;202612;513881387;FMEDV103A;84818040;ES;PT;10;EXW;11;3;;0,5;1;210;;QV999999999999;
INTRA-EX;202612;513881387;PP1895;84213100;ES;PT;10;EXW;11;3;;0,5;1;33;;QV999999999999;
INTRA-EX;202612;513881387;SBMP081;87089235;FR;PT;10;EXW;11;3;;11,3;1;271;;FR82530667591;
INTRA-EX;202612;513881387;EVE-W210-FTR;84213100;FR;PT;10;EXW;11;3;;0,6;25;1662;;FR82530667591;
INTRA-EX;202612;513881387;W13204;87089997;FR;PT;10;EXW;11;3;;0,1;1;19;;QV999999999999;
INTRA-EX;202612;513881387;AC-MK7-CP-4;84099100;FR;PT;10;EXW;11;3;;1;1;112;;QV999999999999;
INTRA-EX;202612;513881387;SBMP075;87089235;FR;PT;10;EXW;11;3;;10;1;213;;QV999999999999;
INTRA-EX;202612;513881387;UR-TW2-110;87088055;FR;PT;10;EXW;11;3;;3;1;136;;QV999999999999;
INTRA-EX;202612;513881387;CTS-IGN-007;84099100;FR;PT;10;EXW;11;3;;0,3;4;140;;QV999999999999;
INTRA-EX;202612;513881387;FMINLH8-BLA;76042100;FR;PT;10;EXW;11;3;;2;1;191;;QV999999999999;
INTRA-EX;202612;513881387;CLPT-SET1;87088035;FR;PT;10;EXW;11;3;;3,4;1;196;;QV999999999999;
INTRA-EX;202612;513881387;UR-TW2-3909;87088055;FR;PT;10;EXW;11;3;;1,9;1;125;;QV999999999999;
INTRA-EX;202612;513881387;4B5562H-STD;40091100;FR;PT;10;EXW;11;3;;0,2;1;51;;FR43935269613;
INTRA-EX;202612;513881387;10.127.203K;84132000;FR;PT;10;EXW;11;3;;0,3;1;227;;FR43935269613;
INTRA-EX;202612;513881387;10.127.203T;87089997;FR;PT;10;EXW;11;3;;0,1;1;10;;FR43935269613;
INTRA-EX;202612;513881387;EVE-F8xM-PF;84212300;FR;PT;10;EXW;11;3;;1,5;2;171;;FR35504243288;
INTRA-EX;202612;513881387;SNN0801-6P-BK;87083091;FR;PT;10;EXW;11;3;;0,9;1;137;;FR35504243288;
INTRA-EX;202612;513881387;HMP-526;84099100;FR;PT;10;EXW;11;3;;0,2;2;106;;FR35504243288;
INTRA-EX;202612;513881387;CTS-IGN-008;84099100;FR;PT;10;EXW;11;3;;0,3;26;779;;FR35504243288;
INTRA-EX;202612;513881387;SBW1170-4P-BK;87083091;FR;PT;10;EXW;11;3;;0,5;1;75;;FR43935269613;
INTRA-EX;202612;513881387;SBW1171-4P-BK;87083091;FR;PT;10;EXW;11;3;;0,5;3;227;;FR43935269613;
INTRA-EX;202612;513881387;ATIKBMW2;84213100;FR;PT;10;EXW;11;3;;3,9;1;324;;FR43935269613;
INTRA-EX;202612;513881387;EVE-B58-CF-INT;84213100;FR;PT;10;EXW;11;3;;4,2;1;928;;FR43935269613;
INTRA-EX;202612;513881387;EVE-N55V2-CF-INT;84213100;FR;PT;10;EXW;11;3;;5,1;1;985;;FR43935269613;
INTRA-EX;202612;513881387;SBW0261-4P-BK;87083091;FR;PT;10;EXW;11;3;;0,5;1;75;;FR43935269613;
INTRA-EX;202612;513881387;SBW1162-4P-BK;87083091;FR;PT;10;EXW;11;3;;0,5;1;75;;FR43935269613;
INTRA-EX;202612;513881387;6B1584H-STD;40091100;FR;PT;10;EXW;11;3;;0,4;3;321;;FR43935269613;
INTRA-EX;202612;513881387;MMTL-FT-RLR;87089997;FR;PT;10;EXW;11;3;;6,7;1;51;;QV999999999999;
INTRA-EX;202612;513881387;EVE-E9X-CF-INT;84213100;FR;PT;10;EXW;11;3;;2,5;1;621;;FR82530667591;
INTRA-EX;202612;513881387;EVE-E9X-CF-PLM;84213100;FR;PT;10;EXW;11;3;;5,6;1;1678;;FR82530667591;
INTRA-EX;202612;513881387;AC-B58-DPHS;87089235;FR;PT;10;EXW;11;3;;3,8;1;173;;FR19980130553;
INTRA-EX;202612;513881387;SILZKGR8B8S;85111000;FR;PT;10;EXW;11;3;;0,1;6;50;;FR19980130553;
INTRA-EX;202612;513881387;AC-B58-IND;40093100;FR;PT;10;EXW;11;3;;1;1;29;;FR19980130553;
INTRA-EX;202612;513881387;CTS-IT-341;40091100;FR;PT;10;EXW;11;3;;1,4;1;164;;FR19980130553;
INTRA-EX;202612;513881387;DBA42809S-2;87089997;FR;PT;10;EXW;11;3;;15;1;295;;FR32827601808;
INTRA-EX;202612;513881387;DBA53912SLVS-2;87089997;FR;PT;10;EXW;11;3;;24;1;1249;;FR32827601808;
INTRA-EX;202612;513881387;8E0971824S-BL;84099100;FR;PT;10;EXW;11;3;;0,2;1;22;;FR60843587288;
INTRA-EX;202612;513881387;8E0971824S-RD;84099100;FR;PT;10;EXW;11;3;;0,2;1;16;;FR60843587288;
INTRA-EX;202612;513881387;VWRM026-XL;90292031;FR;PT;10;EXW;11;3;;0,5;1;24;;FR60843587288;
INTRA-EX;202612;513881387;BKR8EIX-4;85111000;FR;PT;10;EXW;11;3;;0,3;6;309;;FR60843587288;
INTRA-EX;202612;513881387;5M1644H-STD;40091100;FR;PT;10;EXW;11;3;;0,4;3;190;;FR60843587288;
INTRA-EX;202612;513881387;4B1609H-STD;40091100;FR;PT;10;EXW;11;3;;0,5;3;170;;FR60843587288;
INTRA-EX;202612;513881387;AWVSR-DDC;87089235;FR;PT;10;EXW;11;3;;9,5;1;1142;;FR93901613281;
INTRA-EX;202612;513881387;EUPD6002209R;84099100;FR;PT;10;EXW;11;3;;2,2;1;1136;;FR03828884494;
INTRA-EX;202612;513881387;ATINTVAG6;87089135;FR;PT;10;EXW;11;3;;12,7;1;744;;FR29851163592;
INTRA-EX;202612;513881387;CTS-20T-MQB-DF;87089199;FR;PT;10;EXW;11;3;;16;1;863;;FR68818227837;
INTRA-EX;202612;513881387;302300;87082910;FR;PT;10;EXW;11;3;;1,6;1;776;;FR28824546048;
INTRA-EX;202612;513881387;50-1200;87089997;FR;PT;10;EXW;11;3;;0,5;1;104;;FR55524167806;
INTRA-EX;202612;513881387;SILFER8C7ES;85111000;FR;PT;10;EXW;11;3;;0,1;4;42;;FR55524167806;
INTRA-EX;202612;513881387;VWR120000;84213100;FR;PT;10;EXW;11;3;;1;2;61;;FR55524167806;
INTRA-EX;202612;513881387;EVE-E9X-CF-INT;84213100;FR;PT;10;EXW;11;3;;2,5;1;621;;FR86498478304;
INTRA-EX;202612;513881387;EVE-FLC;87084099;FR;PT;10;EXW;11;3;;0,6;5;105;;FR86498478304;
INTRA-EX;202612;513881387;RIP-007-BL;40093100;FR;PT;10;EXW;11;3;;1;1;52;;QV999999999999;
INTRA-EX;202612;513881387;AC-MK7-MD;87089997;FR;PT;10;EXW;11;3;;0,4;1;65;;QV999999999999;
INTRA-EX;202612;513881387;10.127.203K;84132000;FR;PT;10;EXW;11;3;;0,3;1;314;;QV999999999999;
INTRA-EX;202612;513881387;CTS-IT-285;40091100;FR;PT;10;EXW;11;3;;0,3;1;83;;QV999999999999;
INTRA-EX;202612;513881387;KTA291;87088055;FR;PT;10;EXW;11;3;;8;1;515;;QV999999999999;
INTRA-EX;202612;513881387;337924;87082910;FR;PT;10;EXW;11;3;;2,3;1;615;;QV999999999999;
INTRA-EX;202612;513881387;EVO300E;84213100;FR;PT;10;EXW;11;3;;5,8;1;413;;FR22892227505;
INTRA-EX;202612;513881387;AC-MQB-IC;84198998;FR;PT;10;EXW;11;3;;16,3;1;503;;FR22892227505;
INTRA-EX;202612;513881387;MMTH-F80-15RD;87089997;FR;PT;10;EXW;11;3;;0,8;1;155;;FR64540045739;
INTRA-EX;202612;513881387;D760-0038;84099100;FR;PT;10;EXW;11;3;;4;1;572;;FR64540045739;
INTRA-EX;202612;513881387;FS-3617039;87089997;FR;PT;10;EXW;11;3;;16;1;257;;FR21828177758;
INTRA-EX;202612;513881387;FS-3657024;87089997;FR;PT;10;EXW;11;3;;13;1;240;;FR21828177758;
INTRA-EX;202612;513881387;Z-361055;87089997;FR;PT;10;EXW;11;3;;2;1;202;;FR21828177758;
INTRA-EX;202612;513881387;Z-365085;87089997;FR;PT;10;EXW;11;3;;2;1;184;;FR21828177758;
INTRA-EX;202612;513881387;SVWX061;87089235;FR;PT;10;EXW;11;3;;12,9;1;822;;FR40844842138;
INTRA-EX;202612;513881387;SFDX089;87089235;FR;PT;10;EXW;11;3;;4;1;756;;FR21914749676;
INTRA-EX;202612;513881387;SBW1176-4P-BK;87083091;FR;PT;10;EXW;11;3;;0,5;1;93;;FR55524167806;
INTRA-EX;202612;513881387;SILZKGR8B8S-4;84099100;FR;PT;10;EXW;11;3;;0,3;1;48;;FR55524167806;
INTRA-EX;202612;513881387;D650-0010-4;84099100;FR;PT;10;EXW;11;3;;1,7;1;149;;FR55524167806;
INTRA-EX;202612;513881387;FMINT7;87089997;FR;PT;10;EXW;11;3;;16,4;1;641;;FR55524167806;
INTRA-EX;202612;513881387;FR-0513;84213100;FR;PT;10;EXW;11;3;;6;1;851;;FR83904691896;
INTRA-EX;202612;513881387;EVE-A45S-CF-INT;84213100;FR;PT;10;EXW;11;3;;3,9;1;1439;;FR16901974451;
INTRA-EX;202612;513881387;SFD086;87089235;FR;PT;10;EXW;11;3;;17,4;1;1136;;FR54892354036;
INTRA-EX;202612;513881387;LTR7IX-11-8;84099100;FR;PT;10;EXW;11;3;;0,5;1;88;;FR54892354036;
INTRA-EX;202612;513881387;540-770-4938;87087000;FR;PT;10;EXW;11;3;;9,5;4;1195;;FR10527861066;
INTRA-EX;202612;513881387;AC-MK7R-DP;87089235;FR;PT;10;EXW;11;3;;11,6;1;332;;FR75833253107;
INTRA-EX;202612;513881387;AC-MQB-IC;84198998;FR;PT;10;EXW;11;3;;16,3;1;503;;FR75833253107;
INTRA-EX;202612;513881387;SAU0433-4P-RD;87083091;FR;PT;10;EXW;11;3;;0,5;1;93;;FR56894681972;
INTRA-EX;202612;513881387;06E898001-4;85111000;FR;PT;10;EXW;11;3;;1,5;1;122;;FR56894681972;
INTRA-EX;202612;513881387;VWR190000;87089997;FR;PT;10;EXW;11;3;;0,3;1;111;;FR56894681972;
INTRA-EX;202612;513881387;VWR19G703;70102000;FR;PT;10;EXW;11;3;;0,2;1;97;;FR56894681972;
INTRA-EX;202612;513881387;FMCCHMK5-RED;40093100;FR;PT;10;EXW;11;3;;0,2;1;52;;FR56894681972;
INTRA-EX;202612;513881387;BKR8EIX-4;85111000;FR;PT;10;EXW;11;3;;0,3;1;51;;FR56894681972;
INTRA-EX;202612;513881387;VWR640120;87089997;FR;PT;10;EXW;11;3;;2,2;1;107;;FR56894681972;
INTRA-EX;202612;513881387;VWR640112;87089997;FR;PT;10;EXW;11;3;;2,2;1;89;;FR56894681972;
INTRA-EX;202612;513881387;3797806535SP;87087099;FR;PT;10;EXW;11;3;;10;4;1474;;FR78902172287;
INTRA-EX;202612;513881387;MMTMIC-STI-08SLBK;87089997;FR;PT;10;EXW;11;3;;12;1;698;;FR08889693925;
INTRA-EX;202612;513881387;51007-AK553;87089997;FR;PT;10;EXW;11;3;;0,3;1;6;;FR08889693925;
INTRA-EX;202612;513881387;SAUX044;87089235;FR;PT;10;EXW;11;3;;20;1;1377;;FR93900444431;
INTRA-EX;202612;513881387;W13204;87089997;FR;PT;10;EXW;11;3;;0,1;1;19;;FR70842707275;
INTRA-EX;202612;513881387;BWF19XZ;87088055;FR;PT;10;EXW;11;3;;5,5;2;435;;FR70842707275;
INTRA-EX;202612;513881387;BWR20XZ;87088055;FR;PT;10;EXW;11;3;;5,8;2;435;;FR70842707275;
INTRA-EX;202612;513881387;AC-211-TP;40091100;FR;PT;10;EXW;11;3;;3;1;98;;FR70842707275;
INTRA-EX;202612;513881387;1K1819653B;84099100;FR;PT;10;EXW;11;3;;0,5;2;19;;FR70842707275;
INTRA-EX;202612;513881387;ATMSFO149;87089997;FR;PT;10;EXW;11;3;;11,6;1;436;;FR32882576267;
INTRA-EX;202612;513881387;ASCDISC3;87089997;FR;PT;10;EXW;11;3;;22,4;1;546;;FR32882576267;
INTRA-EX;202612;513881387;VWR30G700;87089997;FR;PT;10;EXW;11;3;;17;1;549;;FR05904077666;
INTRA-EX;202612;513881387;VWR810005;87082990;FR;PT;10;EXW;11;3;;0,4;1;181;;FR05904077666;
INTRA-EX;202612;513881387;VWR810004;87088055;FR;PT;10;EXW;11;3;;0,7;1;208;;FR05904077666;
INTRA-EX;202612;513881387;VWR810006;87089997;FR;PT;10;EXW;11;3;;1,5;1;292;;FR05904077666;
INTRA-EX;202612;513881387;VWR150000;87089997;FR;PT;10;EXW;11;3;;0,2;1;116;;FR05904077666;
INTRA-EX;202612;513881387;ATRADBMW12;87089135;FR;PT;10;EXW;11;3;;7;1;741;;FR46519920755;
INTRA-EX;202612;513881387;ATMSYGR32;87089997;FR;PT;10;EXW;11;3;;7,8;1;490;;FR42888238128;
INTRA-EX;202612;513881387;KCA417;87089997;FR;PT;10;EXW;11;3;;0,4;1;36;;FR42888238128;
INTRA-EX;202612;513881387;ATMSYGR06;87089997;FR;PT;10;EXW;11;3;;3,9;1;328;;FR42888238128;
INTRA-EX;202612;513881387;FMTIA8-STOCK;87089997;FR;PT;10;EXW;11;3;;3,2;1;300;;FR42888238128;
INTRA-EX;202612;513881387;SVA0714-4P-BK;87083091;FR;PT;10;EXW;11;3;;0,5;1;94;;FR62903775724;
INTRA-EX;202612;513881387;ATINTVAUX7-BL;87089199;FR;PT;10;EXW;11;3;;13,8;1;632;;FR62903775724;
INTRA-EX;202612;513881387;10.127.1012K;84133080;FR;PT;10;EXW;11;3;;0,6;1;755;;FR49832293930;
INTRA-EX;202612;513881387;EVE-FK2V3-CF-CHG;40091100;FR;PT;10;EXW;11;3;;2,1;1;638;;FR33503105736;
INTRA-EX;202612;513881387;EVE-151-G2-FTR;84213100;FR;PT;10;EXW;11;3;;0,5;1;81;;FR33503105736;
INTRA-EX;202612;513881387;MMHP-ASHB-2424;87089997;FR;PT;10;EXW;11;3;;0,3;1;38;;FR93849668132;
INTRA-EX;202612;513881387;199-N007;87089235;FR;PT;10;EXW;11;3;;1;1;199;;FR93849668132;
INTRA-EX;202612;513881387;MMSK-TDP-BK;87084099;FR;PT;10;EXW;11;3;;0,3;1;82;;FR93849668132;
INTRA-EX;202612;513881387;MMAI-BRZ-13BBL;84213100;FR;PT;10;EXW;11;3;;4,4;1;353;;FR93849668132;
INTRA-EX;202612;513881387;MMAF-REOIL-RD;84213100;FR;PT;10;EXW;11;3;;0,9;1;23;;FR93849668132;
INTRA-EX;202612;513881387;EVE-FK2V2-CF-LHD-INT;84213100;FR;PT;10;EXW;11;3;;3,7;1;1160;;FR34920191251;
INTRA-EX;202612;513881387;EVE-E36M3-CF-INT;84213100;FR;PT;10;EXW;11;3;;2,7;1;873;;FR96912130895;
INTRA-EX;202612;513881387;ATINTFT1;87089199;FR;PT;10;EXW;11;3;;16,7;1;632;;FR34897942652;
INTRA-EX;202612;513881387;ATMSFT1;87089997;FR;PT;10;EXW;11;3;;4;1;426;;FR34897942652;
INTRA-EX;202612;513881387;ATINTBMW2;87089199;FR;PT;10;EXW;11;3;;10,6;1;574;;FR77978902617;
INTRA-EX;202612;513881387;MMRAD-E90-07;87089135;FR;PT;10;EXW;11;3;;6,4;1;466;;FR77978902617;
INTRA-EX;202612;513881387;RBF660;27101999;FR;PT;10;EXW;11;3;;0,6;1;14;;FR77978902617;
INTRA-EX;202612;513881387;KLC167A;87088055;FR;PT;10;EXW;11;3;;1,4;1;136;;FR53839757952;
INTRA-EX;202612;513881387;CTS-CC-MK7GRS3;84099100;FR;PT;10;EXW;11;3;;3;1;562;;FR53839757952;
INTRA-EX;202612;513881387;VWR12G7R600FO;84213100;FR;PT;10;EXW;11;3;;0,5;1;110;;FR53839757952;
INTRA-EX;202612;513881387;BFF96Z;87088055;FR;PT;10;EXW;11;3;;6,9;1;217;;FR79919917435;
INTRA-EX;202612;513881387;BFR78Z;87088055;FR;PT;10;EXW;11;3;;7,5;1;217;;FR79919917435;
INTRA-EX;202612;513881387;MMBCC-RS-16PBE2;84099100;FR;PT;10;EXW;11;3;;2;1;248;;FR79919917435;
INTRA-EX;202612;513881387;KLC140-295;87088055;FR;PT;10;EXW;11;3;;1;1;136;;FR79919917435;
INTRA-EX;202612;513881387;KLC198;87088055;FR;PT;10;EXW;11;3;;0,8;1;121;;FR79919917435;
INTRA-EX;202612;513881387;ATMSFO4;87089997;FR;PT;10;EXW;11;3;;1,2;1;103;;FR79919917435;
INTRA-EX;202612;513881387;33005-AF018;84213100;FR;PT;10;EXW;11;3;;9;1;1584;;FR84912296761;
INTRA-EX;202612;513881387;MMICP-SUP-20BK;87089997;FR;PT;10;EXW;11;3;;2,5;1;300;;FR22921291324;
INTRA-EX;202612;513881387;CTS-HW-450;87089997;FR;PT;10;EXW;11;3;;0,8;1;164;;FR22921291324;
INTRA-EX;202612;513881387;EVO2300;84213100;FR;PT;10;EXW;11;3;;4,8;1;368;;FR22921291324;
INTRA-EX;202612;513881387;ATMSREN3;87089997;FR;PT;10;EXW;11;3;;5;1;410;;FR68915024525;
INTRA-EX;202612;513881387;ATINTREN8;87089997;FR;PT;10;EXW;11;3;;12,2;1;657;;FR68915024525;
INTRA-EX;202612;513881387;AC-27-TI;84198998;SE;PT;10;EXW;11;3;;3;1;143;;QV999999999999;
INTRA-EX;202612;513881387;AC-MK7-DI.B;87089997;DE;PT;10;EXW;11;3;;0,1;1;32;;QV999999999999;
INTRA-EX;202612;513881387;R7437-9-4;87089997;BE;PT;10;EXW;11;3;;0,3;1;169;;QV999999999999;
INTRA-EX;202612;513881387;AC-200-PCVD;87089997;GR;PT;10;EXW;11;3;;0,5;1;32;;GREL802913609;
INTRA-EX;202612;513881387;30-0306;87089997;GR;PT;10;EXW;11;3;;0,7;1;157;;GREL802913609;
INTRA-EX;202612;513881387;216CLSDWAOP-R;87089997;GR;PT;10;EXW;11;3;;0,4;1;67;;GREL802913609;
INTRA-EX;202612;513881387;MS100204;85111000;NL;PT;10;EXW;11;3;;0,3;4;164;;NL866860666B01;
INTRA-EX;202612;513881387;VWR1210R601EG;84213100;NL;PT;10;EXW;11;3;;5,2;1;505;;NL866996473B01;
INTRA-EX;202612;513881387;AC-MK7-HPFP;87089997;NL;PT;10;EXW;11;3;;1,6;1;335;;NL866860666B01;
INTRA-EX;202612;513881387;VWR12G7R600ITBLU;84213100;IT;PT;10;EXW;11;3;;0,8;1;76;;IT14481871003;
INTRA-EX;202612;513881387;VWR120010;40091100;IT;PT;10;EXW;11;3;;1,4;1;178;;IT14481871003;
INTRA-EX;202612;513881387;VWR1210R601EM;84213100;IT;PT;10;EXW;11;3;;5,2;1;505;;IT14481871003;
INTRA-EX;202612;513881387;EVE-ST38Y-CF-INT;84213100;IT;PT;10;EXW;11;3;;7;1;1285;;IT02710790060;
INTRA-EX;202612;513881387;EVE-TRB8V8S-LHD-NIL;85111000;IT;PT;10;EXW;11;3;;1,7;1;428;;IT02710790060;
INTRA-EX;202612;513881387;EVE-TRB8V8S-FLG-STK;85111000;IT;PT;10;EXW;11;3;;0,2;1;35;;IT02710790060;
INTRA-EX;202612;513881387;FMTIA14-BLACK;40091100;IT;PT;10;EXW;11;3;;1,5;1;68;;IT02710790060;
INTRA-EX;202612;513881387;FMINLH11-BLU;40091100;IT;PT;10;EXW;11;3;;0,6;1;74;;IT02710790060;
INTRA-EX;202612;513881387;BKR7EIX;85111000;IT;PT;10;EXW;11;3;;0,1;4;34;;IT02710790060;
INTRA-EX;202612;513881387;SILFER8C7ES;85111000;IT;PT;10;EXW;11;3;;0,1;5;52;;IT12072620011;
INTRA-EX;202612;513881387;PP1683;84213100;IT;PT;10;EXW;11;3;;0,7;1;20;;IT12072620011;
INTRA-EX;202612;513881387;SD-3315007;87089997;ES;PT;10;EXW;11;3;;14,5;1;119;;ESB76731736;
INTRA-EX;202612;513881387;SD-3355008;87089997;ES;PT;10;EXW;11;3;;9,4;1;99;;ESB76731736;
INTRA-EX;202612;513881387;SHD1010-1C-BK;87083091;ES;PT;10;EXW;11;3;;0,2;1;33;;ESB76731736;
INTRA-EX;202612;513881387;MMOC-S2K-00T;87089135;ES;PT;10;EXW;11;3;;4,7;1;381;;ESB76731736;
INTRA-EX;202612;513881387;MMTS-S2K-00L;90321020;ES;PT;10;EXW;11;3;;0,2;1;37;;ESB76731736;
INTRA-EX;202612;513881387;9-201-1000;84133080;ES;PT;10;EXW;11;3;;0,5;2;141;;ESB76731736;
INTRA-EX;202612;513881387;SPR1000-4P-BK;87083091;ES;PT;10;EXW;11;3;;0,5;1;61;;ESB76731736;
INTRA-EX;202612;513881387;7-404;84133080;ES;PT;10;EXW;11;3;;1;1;118;;ESB76731736;
INTRA-EX;202612;513881387;52009-AK005;;ES;PT;10;EXW;11;3;;0,1;1;12;;ESB76731736;
INTRA-EX;202612;513881387;UR-RL2-1295;87088055;ES;PT;10;EXW;11;3;;2,4;1;60;;ESB76731736;
INTRA-EX;202612;513881387;UR-RL4-1294;87088055;ES;PT;10;EXW;11;3;;4,2;1;88;;ESB76731736;
INTRA-EX;202612;513881387;UR-LA2-1291;87088055;ES;PT;10;EXW;11;3;;3;1;53;;ESB76731736;
INTRA-EX;202612;513881387;UR-ML2-1293;87088055;ES;PT;10;EXW;11;3;;0,5;1;47;;ESB76731736;
INTRA-EX;202612;513881387;AC-211-CFA;87089997;ES;PT;10;EXW;11;3;;0,1;4;66;;ESB19781145;
INTRA-EX;202612;513881387;AC-200-CP;84099100;ES;PT;10;EXW;11;3;;0,3;4;54;;ESB19781145;
INTRA-EX;202612;513881387;1K0253144BD;40091100;ES;PT;10;EXW;11;3;;0,2;3;18;;ESB19781145;
INTRA-EX;202612;513881387;AC-200-CP;84099100;ES;PT;10;EXW;11;3;;0,3;12;164;;ESB94171030;
INTRA-EX;202612;513881387;AC-B58-DP;87089235;ES;PT;10;EXW;11;3;;3,8;1;119;;ESB94171030;
INTRA-EX;202612;513881387;AC-MK7-CP;84099100;ES;PT;10;EXW;11;3;;0,3;12;215;;ESB94171030;
INTRA-EX;202612;513881387;AC-180-DP;87089235;ES;PT;10;EXW;11;3;;8,3;1;143;;ESB42771618;
INTRA-EX;202612;513881387;CTS-HW-046;87089997;ES;PT;10;EXW;11;3;;0,3;1;89;;ESB42771618;
INTRA-EX;202612;513881387;CTS-TM-MK4-60D;87089235;ES;PT;10;EXW;11;3;;2;1;89;;ESB42771618;
INTRA-EX;202612;513881387;CTS-EM-MK456-4-60D;84099100;ES;PT;10;EXW;11;3;;2,5;1;89;;ESB42771618;
INTRA-EX;202612;513881387;CTS-DB-MK4-60D;84099100;ES;PT;10;EXW;11;3;;1,2;1;29;;ESB42771618;
INTRA-EX;202612;513881387;CTS-FPK-004-450;87089235;ES;PT;10;EXW;11;3;;0,8;1;277;;ESB24786139;
INTRA-EX;202612;513881387;10.127.203K;84132000;ES;PT;10;EXW;11;3;;0,3;1;227;;ESB24786139;
INTRA-EX;202612;513881387;10.127.203K;84132000;ES;PT;10;EXW;11;3;;0,3;1;227;;ESB42954230;
INTRA-EX;202612;513881387;VWR12G7R600FO;84213100;ES;PT;10;EXW;11;3;;0,5;1;86;;ESB42954230;
INTRA-EX;202612;513881387;FMFSITAT-BLK;87089997;ES;PT;10;EXW;11;3;;0,7;2;269;;ESB42954230;
INTRA-EX;202612;513881387;VWR11G701;84213100;ES;PT;10;EXW;11;3;;0,3;2;114;;ESB42954230;
INTRA-EX;202612;513881387;VWR810005;87082990;ES;PT;10;EXW;11;3;;0,4;1;124;;ESB42954230;
INTRA-EX;202612;513881387;VWR120010;40091100;ES;PT;10;EXW;11;3;;1,4;1;178;;ESB42954230;
INTRA-EX;202612;513881387;VWR31G8GT;87089997;ES;PT;10;EXW;11;3;;8,5;2;322;;ESB42954230;
INTRA-EX;202612;513881387;06J103600AF;84099100;ES;PT;10;EXW;11;3;;2,5;1;14;;ES50902109G;
INTRA-EX;202612;513881387;VWR180000;87089997;ES;PT;10;EXW;11;3;;0,1;1;9;;ES50902109G;
INTRA-EX;202612;513881387;UR-TW2-323;87088055;ES;PT;10;EXW;11;3;;3;1;105;;QV999999999999;
INTRA-EX;202612;513881387;FMACTTRS;87089997;ES;PT;10;EXW;11;3;;0,5;1;134;;ESB55581565;
INTRA-EX;202612;513881387;SBW0261-4P-BK;87083091;ES;PT;10;EXW;11;3;;0,5;1;83;;QV999999999999;
INTRA-EX;202612;513881387;FMSS3;87089997;ES;PT;10;EXW;11;3;;0,3;1;104;;QV999999999999;
INTRA-EX;202612;513881387;AC-30N-CP-4;85111000;ES;PT;10;EXW;11;3;;1,2;1;92;;QV999999999999;
INTRA-EX;202612;513881387;SBW0261-4P-BK;87083091;ES;PT;10;EXW;11;3;;0,5;1;83;;QV999999999999;
INTRA-EX;202612;513881387;SVW0630-4P-BK;87083091;ES;PT;10;EXW;11;3;;0,5;1;77;;QV999999999999;
INTRA-EX;202612;513881387;216BFWAWTSM;90262020;ES;PT;10;EXW;11;3;;0,3;1;39;;QV999999999999;
INTRA-EX;202612;513881387;216BFWABOSM;90262020;ES;PT;10;EXW;11;3;;0,3;2;70;;QV999999999999;
INTRA-EX;202612;513881387;06E898001-4;85111000;ES;PT;10;EXW;11;3;;1,5;1;101;;QV999999999999;
INTRA-EX;202612;513881387;AC-VAG-ODP;70102000;ES;PT;10;EXW;11;3;;0,2;1;8;;QV999999999999;
INTRA-EX;202612;513881387;N91130801-5;87089997;ES;PT;10;EXW;11;3;;0,1;3;22;;QV999999999999;
INTRA-EX;202612;513881387;216BFWGOTSM;90269000;ES;PT;10;EXW;11;3;;0,3;2;79;;QV999999999999;
INTRA-EX;202612;513881387;MMTS-GTI-99;90321020;ES;PT;10;EXW;11;3;;0,1;1;50;;QV999999999999;
INTRA-EX;202612;513881387;BKR7EIX-4;84099100;ES;PT;10;EXW;11;3;;0,3;1;40;;QV999999999999;
INTRA-EX;202612;513881387;1J0201511A;84099100;ES;PT;10;EXW;11;3;;0,4;1;5;;QV999999999999;
INTRA-EX;202612;513881387;9-654-1025;84133080;ES;PT;10;EXW;11;3;;0,8;1;163;;QV999999999999;
INTRA-EX;202612;513881387;FMACF14;87089997;ES;PT;10;EXW;11;3;;0,5;1;142;;QV999999999999;
INTRA-EX;202612;513881387;TTE700;87089997;ES;PT;10;EXW;11;3;;16,8;1;3748;;QV999999999999;
INTRA-EX;202612;513881387;06858953995KR;87087099;ES;PT;10;EXW;11;3;;12,7;4;2599;;QV999999999999;
INTRA-EX;202612;513881387;VWR69G7KIT;87083091;FR;PT;10;EXW;11;3;;0,5;1;105;;FR43935269613;
INTRA-EX;202612;513881387;EVE-B9RS5-CF-INT;84213100;FR;PT;10;EXW;11;3;;3,9;1;1178;;FR93514546712;
INTRA-EX;202612;513881387;E10-20-035-01-22;87088035;FR;PT;10;EXW;11;3;;11,2;1;217;;QV999999999999;
INTRA-EX;202612;513881387;DBA42809S-2;87089997;FR;PT;10;EXW;11;3;;15;1;246;;QV999999999999;
INTRA-EX;202612;513881387;AC-WS-12-BT;87088099;FR;PT;10;EXW;11;3;;2,3;1;46;;QV999999999999;
INTRA-EX;202612;513881387;FMDVA45A;84814090;FR;PT;10;EXW;11;3;;0,6;1;165;;QV999999999999;
INTRA-EX;202612;513881387;RF100029;84099100;FR;PT;10;EXW;11;3;;0,5;1;49;;QV999999999999;
INTRA-EX;202612;513881387;AC-27-DEL;87089997;FR;PT;10;EXW;11;3;;0,1;1;20;;QV999999999999;
INTRA-EX;202612;513881387;FMINDDS3-BLU;84213100;FR;PT;10;EXW;11;3;;1,2;1;132;;QV999999999999;
INTRA-EX;202612;513881387;BKR7EIX-4;84099100;FR;PT;10;EXW;11;3;;0,3;1;40;;QV999999999999;
INTRA-EX;202612;513881387;CTS-IGN-006;84099100;FR;PT;10;EXW;11;3;;0,3;4;140;;QV999999999999;
INTRA-EX;202612;513881387;8E0971824S-RD;84099100;FR;PT;10;EXW;11;3;;0,2;1;14;;QV999999999999;
INTRA-EX;202612;513881387;UR-TW2-3909;87088055;FR;PT;10;EXW;11;3;;1,9;1;125;;QV999999999999;
INTRA-EX;202612;513881387;WKE365M795;87082910;FR;PT;10;EXW;11;3;;2;1;559;;QV999999999999;
INTRA-EX;202612;513881387;ATINTVAUX7;87089199;FR;PT;10;EXW;11;3;;13,8;1;527;;QV999999999999;
INTRA-EX;202612;513881387;SVXC059;87089235;FR;PT;10;EXW;11;3;;2,2;1;215;;QV999999999999;
INTRA-EX;202612;513881387;SVXC060;87089235;FR;PT;10;EXW;11;3;;6,8;1;189;;QV999999999999;
INTRA-EX;202612;513881387;R-OPE-005-I;84099100;FR;PT;10;EXW;11;3;;2,3;1;441;;QV999999999999;
INTRA-EX;202612;513881387;4B1355H-STD;40091100;FR;PT;10;EXW;11;3;;0,2;1;51;;QV999999999999;
INTRA-EX;202612;513881387;5M1338H-STD;40091100;FR;PT;10;EXW;11;3;;0,4;1;90;;QV999999999999;
INTRA-EX;202612;513881387;338286R;87089235;FR;PT;10;EXW;11;3;;1;1;103;;QV999999999999;
INTRA-EX;202612;513881387;001267.001683;84836080;FR;PT;10;EXW;11;3;;4,8;1;569;;QV999999999999;
INTRA-EX;202612;513881387;FMSBCVXR;87088055;FR;PT;10;EXW;11;3;;1,3;1;37;;QV999999999999;
INTRA-EX;202612;513881387;3182654196;84836080;FR;PT;10;EXW;11;3;;0,5;1;161;;QV999999999999;
INTRA-EX;202612;513881387;WB-350;84213100;FR;PT;10;EXW;11;3;;0,2;1;39;;QV999999999999;
INTRA-EX;202612;513881387;RBF700;27101999;FR;PT;10;EXW;11;3;;0,6;3;43;;QV999999999999;
INTRA-EX;202612;513881387;ATINTVAG46;87089135;FR;PT;10;EXW;11;3;;1,9;1;248;;QV999999999999;
INTRA-EX;202612;513881387;4B5562H-STD;40091100;FR;PT;10;EXW;11;3;;0,2;1;68;;QV999999999999;
INTRA-EX;202612;513881387;5M5585H-STD;40091100;FR;PT;10;EXW;11;3;;0,3;1;97;;QV999999999999;
INTRA-EX;202612;513881387;204-5408;87089997;FR;PT;10;EXW;11;3;;1;1;144;;QV999999999999;
INTRA-EX;202612;513881387;VWR900002-4;84099100;FR;PT;10;EXW;11;3;;1,8;1;148;;QV999999999999;
INTRA-EX;202612;513881387;R7437-9-4;87089997;FR;PT;10;EXW;11;3;;0,3;1;171;;QV999999999999;
INTRA-EX;202612;513881387;VWR810006;87089997;FR;PT;10;EXW;11;3;;1,5;1;243;;QV999999999999;
INTRA-EX;202612;513881387;VWR19G708;87089997;FR;PT;10;EXW;11;3;;0,5;1;81;;QV999999999999;
INTRA-EX;202612;513881387;VWR810005;87082990;FR;PT;10;EXW;11;3;;0,4;1;150;;QV999999999999;
INTRA-EX;202612;513881387;VWR810004;87088055;FR;PT;10;EXW;11;3;;0,7;1;174;;QV999999999999;
INTRA-EX;202612;513881387;9-307-1060;84133080;FR;PT;10;EXW;11;3;;0,6;1;148;;QV999999999999;
INTRA-EX;202612;513881387;JSK-332-BK;84213100;ES;PT;10;EXW;11;3;;1,4;1;189;;ESX8716174w;
INTRA-EX;202612;513881387;MMIG-BMW-0206;85111000;ES;PT;10;EXW;11;3;;2;1;102;;ES78832668F;
INTRA-EX;202612;513881387;CTS-IGN-007;84099100;ES;PT;10;EXW;11;3;;0,3;4;119;;ES78832668F;
INTRA-EX;202612;513881387;VWR900002;85111000;ES;PT;10;EXW;11;3;;0,3;4;122;;ES78832668F;
INTRA-EX;202612;513881387;AC-MK45-RU-RD;87088055;ES;PT;10;EXW;11;3;;3;1;53;;ES78832668F;
INTRA-EX;202612;513881387;R7437-8;85111000;ES;PT;10;EXW;11;3;;0,1;4;136;;ES78832668F;
INTRA-EX;202612;513881387;AC-MK7-CP;84099100;ES;PT;10;EXW;11;3;;0,3;8;143;;ES78832668F;
INTRA-EX;202612;513881387;AC-200-CP;84099100;ES;PT;10;EXW;11;3;;0,3;8;109;;ES78832668F;
INTRA-EX;202612;513881387;AC-UNI-WD;87089997;ES;PT;10;EXW;11;3;;0,2;2;15;;ES78832668F;
INTRA-EX;202612;513881387;WB-427;84213100;CZ;PT;10;EXW;11;3;;0,3;4;135;;CZ05681197;
INTRA-EX;202612;513881387;DV100001;84213100;DE;PT;10;EXW;11;3;;0,5;1;249;;QV999999999999;
INTRA-EX;202612;513881387;MMRAD-WRX-01X;87089135;DE;PT;10;EXW;11;3;;7,2;1;362;;QV999999999999;
INTRA-EX;202612;513881387;EVE-G20B58-V2-INT;84213100;PL;PT;10;EXW;11;3;;4,5;1;999;;PL8141683531;
INTRA-EX;202612;513881387;VWR810006;87089997;PL;PT;10;EXW;11;3;;1,5;1;200;;PL8141683531;
INTRA-EX;202612;513881387;CTS-IT-255R-2;87089135;PL;PT;10;EXW;11;3;;8;1;284;;PL6972395288;
INTRA-EX;202612;513881387;MMOC-G80-21;87089997;BE;PT;10;EXW;11;3;;5,4;1;449;;BE0667689206;
INTRA-EX;202612;513881387;EVE-G8XM-CF-SC;87089997;BE;PT;10;EXW;11;3;;1;1;465;;BE0667689206;
INTRA-EX;202612;513881387;R-AUD-013-I;84833080;BE;PT;10;EXW;11;3;;4,5;1;692;;BE0699682081;
INTRA-EX;202612;513881387;50003-MR45XLZ-4;87089997;BE;PT;10;EXW;11;3;;0,3;1;130;;QV999999999999;
INTRA-EX;202612;513881387;BMR12Z;87088055;GR;PT;10;EXW;11;3;;2,1;1;143;;GREL802913609;
INTRA-EX;202612;513881387;CI100072;84213100;GR;PT;10;EXW;11;3;;4,8;1;451;;GREL802913609;
INTRA-EX;202612;513881387;D650-0002;84099100;GR;PT;10;EXW;11;3;;0,3;6;122;;GREL802913609;
INTRA-EX;202612;513881387;CBK0053;87089997;GR;PT;10;EXW;11;3;;32;1;1806;;GREL802913609;
INTRA-EX;202612;513881387;50-1000;87089997;GR;PT;10;EXW;11;3;;0,7;1;80;;GREL163940830;
INTRA-EX;202612;513881387;AC-200-CP;84099100;GR;PT;10;EXW;11;3;;0,3;4;54;;GREL163940830;
INTRA-EX;202612;513881387;PP1221;84213100;GR;PT;10;EXW;11;3;;0,5;1;32;;GREL802741776;
INTRA-EX;202612;513881387;AC-E46-FU;87088055;GR;PT;10;EXW;11;3;;4,3;1;145;;GREL802741776;
INTRA-EX;202612;513881387;MMHOSE-370Z-09BK;40091100;NL;PT;10;EXW;11;3;;1,5;1;43;;NL866860666B01;
INTRA-EX;202612;513881387;MMHOSE-E36-92IBBK;40091100;NL;PT;10;EXW;11;3;;0,5;1;55;;NL866860666B01;
INTRA-EX;202612;513881387;FMINDIB12-BLA;87089997;NL;PT;10;EXW;11;3;;1,6;1;131;;NL866996473B01;
INTRA-EX;202612;513881387;FMINDP14-BLA;87089910;NL;PT;10;EXW;11;3;;3,4;1;217;;NL866996473B01;
INTRA-EX;202612;513881387;VWR140014;87089997;NL;PT;10;EXW;11;3;;0,1;2;37;;NL866996473B01;
INTRA-EX;202612;513881387;VWR120010;40091100;NL;PT;10;EXW;11;3;;1,4;1;178;;NL866996473B01;
INTRA-EX;202612;513881387;SILZKGR8C8S;85111000;NL;PT;10;EXW;11;3;;0,1;9;140;;NL866996473B01;
INTRA-EX;202612;513881387;VWR12G7R600ITBLA;84213100;NL;PT;10;EXW;11;3;;0,8;1;76;;NL866996473B01;
INTRA-EX;202612;513881387;BHR36XZ;87088055;NL;PT;10;EXW;11;3;;5,8;1;160;;NL857445832B01;
INTRA-EX;202612;513881387;BHF53Z;84213100;NL;PT;10;EXW;11;3;;6,9;1;147;;NL857445832B01;
INTRA-EX;202612;513881387;VWR810006;87089997;IT;PT;10;EXW;11;3;;1,5;1;200;;IT08839490011;
INTRA-EX;202612;513881387;VWR520000;87089997;IT;PT;10;EXW;11;3;;0,7;1;133;;IT08839490011;
INTRA-EX;202612;513881387;R7437-9;85111000;IT;PT;10;EXW;11;3;;0,1;4;145;;IT08839490011;
INTRA-EX;202612;513881387;SILFER8C7ES;85111000;IT;PT;10;EXW;11;3;;0,1;5;52;;IT08839490011;
INTRA-EX;202612;513881387;VWR493000;87084099;IT;PT;10;EXW;11;3;;0,1;1;131;;IT08839490011;
INTRA-EX;202612;513881387;COASFST16T3;40091100;IT;PT;10;EXW;11;3;;1,7;1;210;;IT08839490011;
INTRA-EX;202612;513881387;SHY0900-4P-BK;87083091;IT;PT;10;EXW;11;3;;0,8;1;75;;IT03656931205;
INTRA-EX;202612;513881387;SUS00027;87088055;IT;PT;10;EXW;11;3;;3,5;1;267;;IT03656931205;
INTRA-EX;202612;513881387;338476R;87089235;IT;PT;10;EXW;11;3;;1;1;76;;IT03656931205;
INTRA-EX;202612;513881387;5M7788H-STD;40091100;IT;PT;10;EXW;11;3;;0,2;1;82;;IT03656931205;
INTRA-EX;202612;513881387;4B7787H-STD;40091100;IT;PT;10;EXW;11;3;;0,3;1;65;;IT03656931205;
INTRA-EX;202612;513881387;ATMSVAG17;87089997;IT;PT;10;EXW;11;3;;1,9;1;152;;IT03656931205;
INTRA-EX;202612;513881387;AC-30N-CP;85111000;IT;PT;10;EXW;11;3;;0,3;4;55;;IT02710790060;
INTRA-EX;202612;513881387;STY0014-4P-BK;87083091;IT;PT;10;EXW;11;3;;0,5;1;75;;IT03656931205;
INTRA-EX;202612;513881387;STYP009;87089997;IT;PT;10;EXW;11;3;;7,8;1;211;;IT02710790060;
INTRA-EX;202612;513881387;STY009;87089235;IT;PT;10;EXW;11;3;;19,8;1;751;;IT02710790060;
INTRA-EX;202612;513881387;VWR12G7R600ITINLET;87089997;IT;PT;10;EXW;11;3;;0,4;1;100;;IT02710790060;
INTRA-EX;202612;513881387;VWR12G7R600ITBLA;84213100;IT;PT;10;EXW;11;3;;0,8;1;76;;IT02710790060;
INTRA-EX;202612;513881387;VWR160001;87089997;IT;PT;10;EXW;11;3;;0,4;1;86;;IT02710790060;
INTRA-EX;202612;513881387;ILZKBR7B8G;85111000;IT;PT;10;EXW;11;3;;0,1;4;34;;IT03656931205;
INTRA-EX;202612;513881387;ATINTYGR1;87089997;IT;PT;10;EXW;11;3;;13,2;1;477;;IT02330960994;
INTRA-EX;202612;513881387;20VW33002X-RD;87083091;ES;PT;10;EXW;11;3;;30;1;1049;;ES44289456N;
INTRA-EX;202612;513881387;ES-331238;87089997;ES;PT;10;EXW;11;3;;1,6;1;39;;ESB76731736;
INTRA-EX;202612;513881387;CTS-IT-945;84213100;ES;PT;10;EXW;11;3;;5,6;1;337;;ES44719365M;
INTRA-EX;202612;513881387;VWR1200R600E;84213100;ES;PT;10;EXW;11;3;;4,9;1;309;;ES33558767L;
INTRA-EX;202612;513881387;VWR160001;87089997;ES;PT;10;EXW;11;3;;0,4;1;86;;ES33558767L;
INTRA-EX;202612;513881387;R7437-8;85111000;ES;PT;10;EXW;11;3;;0,1;4;136;;ES33558767L;
INTRA-EX;202612;513881387;VWR12G7R600ITBLA;84213100;ES;PT;10;EXW;11;3;;0,8;1;76;;ES33558767L;
INTRA-EX;202612;513881387;VWR12G7R600ITINLET;87089997;ES;PT;10;EXW;11;3;;0,4;1;100;;ES33558767L;
INTRA-EX;202612;513881387;FM225TH;40091100;ES;PT;10;EXW;11;3;;0,3;1;60;;ESB65945743;
INTRA-EX;202612;513881387;EVE-GR4-CF-INT;84213100;ES;PT;10;EXW;11;3;;4,9;1;975;;ES33558767L;
INTRA-EX;202612;513881387;AC-MK7-CP;84099100;ES;PT;10;EXW;11;3;;0,3;32;575;;ESB04855516;
INTRA-EX;202612;513881387;E-TY/SS/4;87089235;ES;PT;10;EXW;11;3;;8,7;1;407;;ESB55258800;
INTRA-EX;202612;513881387;S-TY/T/3;87089235;ES;PT;10;EXW;11;3;;13;1;2137;;ESB55258800;
INTRA-EX;202612;513881387;BHR97Z;87088055;ES;PT;10;EXW;11;3;;3;1;119;;ESB01715598;
INTRA-EX;202612;513881387;BKR8EIX;85111000;ES;PT;10;EXW;11;3;;0,1;4;36;;ES18062887K;
INTRA-EX;202612;513881387;4B1606H-STD;84833080;ES;PT;10;EXW;11;3;;0,2;1;29;;ES18062887K;
INTRA-EX;202612;513881387;4B1609H-STD;40091100;ES;PT;10;EXW;11;3;;0,5;2;70;;ES18062887K;
INTRA-EX;202612;513881387;6-1002-FRB;84133080;ES;PT;10;EXW;11;3;;0,4;1;97;;ESB42547083;
INTRA-EX;202612;513881387;9-307-1026;84133080;ES;PT;10;EXW;11;3;;0,5;2;245;;ESB42547083;
INTRA-EX;202612;513881387;7M1532H-STD;40091100;ES;PT;10;EXW;11;3;;0,6;2;215;;ESB09771205;
INTRA-EX;202612;513881387;MMOCF-BMW;87089997;ES;PT;10;EXW;11;3;;0,3;2;97;;ESB09771205;
INTRA-EX;202612;513881387;FMEDV103A;84818040;ES;PT;10;EXW;11;3;;0,5;1;149;;ESB72996382;
INTRA-EX;202612;513881387;UR-TW2-1269;87088055;ES;PT;10;EXW;11;3;;3,1;1;68;;ESB72996382;
INTRA-EX;202612;513881387;FMDV35;84814090;ES;PT;10;EXW;11;3;;2;1;160;;ESB72996382;
INTRA-EX;202612;513881387;EVE-ST38V8S-CF-INT;84213100;ES;PT;10;EXW;11;3;;6,5;1;1285;;ESB42954230;
INTRA-EX;202612;513881387;VWR3130RS;87088035;ES;PT;10;EXW;11;3;;9,2;1;161;;ESB42954230;
INTRA-EX;202612;513881387;CTS-HW-567;87089997;ES;PT;10;EXW;11;3;;4,6;1;142;;ESB42954230;
INTRA-EX;202612;513881387;VWR19G702;70102000;ES;PT;10;EXW;11;3;;0,1;2;98;;ESB42954230;
INTRA-EX;202612;513881387;VWR810000;87089997;ES;PT;10;EXW;11;3;;0,2;2;34;;ESB42954230;
INTRA-EX;202612;513881387;VWR420000;87089997;ES;PT;10;EXW;11;3;;2;1;159;;ESB42954230;
INTRA-EX;202612;513881387;VWR12G7R600ITBLA;84213100;ES;PT;10;EXW;11;3;;0,8;2;152;;ESB42954230;
INTRA-EX;202612;513881387;VWR17G7R600;40091100;ES;PT;10;EXW;11;3;;0,2;2;76;;ESB42954230;
INTRA-EX;202612;513881387;AC-MK8R-DPHS;87089235;ES;PT;10;EXW;11;3;;10,2;1;257;;ESB94171030;
INTRA-EX;202612;513881387;VWR13G700RFK;87089997;ES;PT;10;EXW;11;3;;0,5;1;46;;ES71155708X;
INTRA-EX;202612;513881387;VWR13G700;84099100;ES;PT;10;EXW;11;3;;3;1;468;;ES71155708X;
INTRA-EX;202612;513881387;EVE-GR4-CF-ENG;84213100;ES;PT;10;EXW;11;3;;2,2;1;427;;ES33558767L;
INTRA-EX;202612;513881387;EVE-GR4-CF-INT;84213100;ES;PT;10;EXW;11;3;;4,9;1;975;;ES33558767L;
INTRA-EX;202612;513881387;W13204;87089997;ES;PT;10;EXW;11;3;;0,1;1;19;;QV999999999999;
INTRA-EX;202612;513881387;BWR20XZ;87088055;ES;PT;10;EXW;11;3;;5,8;1;191;;QV999999999999;
INTRA-EX;202612;513881387;SVW0630-4P-EB;87083091;ES;PT;10;EXW;11;3;;0,5;1;77;;QV999999999999;
INTRA-EX;202612;513881387;7M1397H-STD;40091100;ES;PT;10;EXW;11;3;;0,7;1;170;;QV999999999999;
INTRA-EX;202612;513881387;ATMSP&C4;40091100;ES;PT;10;EXW;11;3;;6;1;300;;QV999999999999;
INTRA-EX;202612;513881387;AC-300-CP-4;84099100;ES;PT;10;EXW;11;3;;1;1;70;;QV999999999999;
INTRA-EX;202612;513881387;ILZKBR7B8G-4;87089997;ES;PT;10;EXW;11;3;;0,3;1;38;;QV999999999999;
INTRA-EX;202612;513881387;FMINLH11-RED;40091100;ES;PT;10;EXW;11;3;;0,6;1;116;;QV999999999999;
INTRA-EX;202612;513881387;SVWC064;87089235;FR;PT;10;EXW;11;3;;10,5;1;307;;FR82530667591;
INTRA-EX;202612;513881387;EVE-N55-PF;84212300;FR;PT;10;EXW;11;3;;0,9;1;60;;FR86498478304;
INTRA-EX;202612;513881387;EVE-2TFSI-CF-INT;84213100;FR;PT;10;EXW;11;3;;3,1;1;663;;FR86498478304;
INTRA-EX;202612;513881387;EVE-F8xM-PF;84212300;FR;PT;10;EXW;11;3;;1,5;1;85;;FR86498478304;
INTRA-EX;202612;513881387;EVE-S1-CF-INT;84213100;FR;PT;10;EXW;11;3;;3;1;456;;FR81842659005;
INTRA-EX;202612;513881387;CTS-IT-300R;84213100;FR;PT;10;EXW;11;3;;4,1;1;247;;FR09800029712;
INTRA-EX;202612;513881387;CI100054;40091100;FR;PT;10;EXW;11;3;;4,3;1;226;;FR09800029712;
INTRA-EX;202612;513881387;CTS-IT-810;40091100;FR;PT;10;EXW;11;3;;2,5;1;164;;FR94827543661;
INTRA-EX;202612;513881387;EVE-N55-M2-ENG;84213100;FR;PT;10;EXW;11;3;;4;1;607;;FR31895072130;
INTRA-EX;202612;513881387;VWR18G700-SERV;87089997;FR;PT;10;EXW;11;3;;0,1;2;43;;FR86889861761;
INTRA-EX;202612;513881387;4B5562H-STD;40091100;FR;PT;10;EXW;11;3;;0,2;2;102;;FR86889861761;
INTRA-EX;202612;513881387;2Q0121321A;87089997;FR;PT;10;EXW;11;3;;0,2;1;5;;FR86889861761;
INTRA-EX;202612;513881387;VWR120001;87089997;FR;PT;10;EXW;11;3;;0,1;1;4;;FR86889861761;
INTRA-EX;202612;513881387;PD-1307905;87089997;FR;PT;10;EXW;11;3;;25;1;451;;FR86889861761;
INTRA-EX;202612;513881387;AC-MQB-IC;84198998;FR;PT;10;EXW;11;3;;16,3;1;281;;FR94827543661;
INTRA-EX;202612;513881387;EVE-F9XM5M8-CHG;84212300;FR;PT;10;EXW;11;3;;1,2;1;472;;FR31895072130;
INTRA-EX;202612;513881387;4B1609H-STD;40091100;FR;PT;10;EXW;11;3;;0,5;1;47;;QV999999999999;
INTRA-EX;202612;513881387;SCEXVDM;87089235;FR;PT;10;EXW;11;3;;0,1;1;24;;QV999999999999;
INTRA-EX;202612;513881387;E10-75-003-15-22;73202081;FR;PT;10;EXW;11;3;;10;1;182;;QV999999999999;
INTRA-EX;202612;513881387;VWR900004-3;85111000;FR;PT;10;EXW;11;3;;1,2;1;130;;QV999999999999;
INTRA-EX;202612;513881387;216CLSDWAFP-R;87089997;FR;PT;10;EXW;11;3;;0,4;1;78;;QV999999999999;
INTRA-EX;202612;513881387;FMDVRAYCR-BLA;73182990;FR;PT;10;EXW;11;3;;0,5;2;77;;FR35504243288;
INTRA-EX;202612;513881387;204-5408;87089997;FR;PT;10;EXW;11;3;;1;1;144;;QV999999999999;
INTRA-EX;202612;513881387;204-4302;87089997;FR;PT;10;EXW;11;3;;1,5;1;176;;QV999999999999;
INTRA-EX;202612;513881387;ATMSREN3;87089997;RO;PT;10;EXW;11;3;;5;1;402;;RO51217838;
INTRA-EX;202612;513881387;UR-TW2-3212;87088055;RO;PT;10;EXW;11;3;;3,2;1;123;;RO51217838;
INTRA-EX;202612;513881387;BTR84Z;87088055;RO;PT;10;EXW;11;3;;3;1;197;;QV999999999999;
INTRA-EX;202612;513881387;SP-TY55G01;87089997;HR;PT;10;EXW;11;3;;0,4;1;46;;QV999999999999;
INTRA-EX;202612;513881387;ES-351102;87083099;BE;PT;10;EXW;11;3;;1,7;1;60;;QV999999999999;
INTRA-EX;202612;513881387;CTS-IT-341;40091100;NL;PT;10;EXW;11;3;;1,4;1;200;;QV999999999999;
INTRA-EX;202612;513881387;CTS-HW-506;84213100;NL;PT;10;EXW;11;3;;12;1;115;;QV999999999999;
INTRA-EX;202612;513881387;CTS-HW-0151;84099100;IT;PT;10;EXW;11;3;;1;1;147;;QV999999999999;
INTRA-EX;202612;513881387;MMTS-GLF-15;90321020;IT;PT;10;EXW;11;3;;0,2;1;49;;QV999999999999;
INTRA-EX;202612;513881387;WHT005185;84133080;IT;PT;10;EXW;11;3;;0,1;1;8;;QV999999999999;
INTRA-EX;202612;513881387;06K103484F;87089997;IT;PT;10;EXW;11;3;;0,1;1;6;;QV999999999999;
INTRA-EX;202612;513881387;06K129717A;87089235;IT;PT;10;EXW;11;3;;0,1;2;13;;QV999999999999;
INTRA-EX;202612;513881387;MS100204-4;84099100;ES;PT;10;EXW;11;3;;1,7;1;181;;QV999999999999;
INTRA-EX;202612;513881387;1K0121407A;87089997;ES;PT;10;EXW;11;3;;0,8;1;9;;QV999999999999;
INTRA-EX;202612;513881387;ES-1353914;87089997;ES;PT;10;EXW;11;3;;1,3;1;94;;QV999999999999;
INTRA-EX;202612;513881387;UR-LA2-829;87088055;ES;PT;10;EXW;11;3;;1,4;1;71;;QV999999999999;
INTRA-EX;202612;513881387;UR-RT2-329;87088055;ES;PT;10;EXW;11;3;;2,5;1;85;;QV999999999999;
INTRA-EX;202612;513881387;ATIKVAG19;84213100;ES;PT;10;EXW;11;3;;4,9;1;232;;ES52405596G;
INTRA-EX;202612;513881387;216BFWAOTSM;90269000;ES;PT;10;EXW;11;3;;0,3;1;39;;QV999999999999;
INTRA-EX;202612;513881387;U5001-4;84099100;ES;PT;10;EXW;11;3;;1,5;1;78;;QV999999999999;
INTRA-EX;202612;513881387;PFR7Z-TG-4;84099100;ES;PT;10;EXW;11;3;;0,3;1;36;;QV999999999999;
INTRA-EX;202612;513881387;5M1644H-STD;40091100;ES;PT;10;EXW;11;3;;0,4;1;52;;QV999999999999;
INTRA-EX;202612;513881387;DBA42472S-2;87083099;ES;PT;10;EXW;11;3;;19,9;1;385;;ESB82563644;
INTRA-EX;202612;513881387;DBA42472S-2;87083099;ES;PT;10;EXW;11;3;;19,9;1;382;;QV999999999999;
INTRA-EX;202612;513881387;ES-1313587;87089997;ES;PT;10;EXW;11;3;;2,5;1;107;;QV999999999999;
INTRA-EX;202612;513881387;WB-586;84213100;ES;PT;10;EXW;11;3;;0,4;1;53;;QV999999999999;
INTRA-EX;202612;513881387;L3P3S7SX;87089997;ES;PT;10;EXW;11;3;;0,3;1;320;;QV999999999999;
INTRA-EX;202612;513881387;FMINLH21-BLACK;40093100;FR;PT;10;EXW;11;3;;0,6;1;69;;FR55823261680;
INTRA-EX;202612;513881387;4B1609H-STD;40091100;FR;PT;10;EXW;11;3;;0,5;1;47;;QV999999999999;
INTRA-EX;202612;513881387;5M1644H-STD;40091100;FR;PT;10;EXW;11;3;;0,4;1;52;;QV999999999999;
INTRA-EX;202612;513881387;MMFS-RX8-04;84149000;FR;PT;10;EXW;11;3;;5,1;1;188;;FR67901293043;
INTRA-EX;202612;513881387;MMRAD-RX8-04;87089135;FR;PT;10;EXW;11;3;;7;1;281;;FR67901293043;
INTRA-EX;202612;513881387;IKR9J8-4;87089997;FR;PT;10;EXW;11;3;;0,3;1;45;;QV999999999999;
INTRA-EX;202612;513881387;U5096-4;84099100;FR;PT;10;EXW;11;3;;1,5;1;115;;QV999999999999;
INTRA-EX;202612;513881387;X-1056-BB;84213100;FR;PT;10;EXW;11;3;;0,7;1;61;;QV999999999999;
INTRA-EX;202612;513881387;CLK-2;84213100;FR;PT;10;EXW;11;3;;1;1;33;;QV999999999999;
INTRA-EX;202612;513881387;AC-MK7-CP-4;84099100;FR;PT;10;EXW;11;3;;1;1;112;;QV999999999999;
INTRA-EX;202612;513881387;CTS-IT-285;40091100;FR;PT;10;EXW;11;3;;0,3;1;83;;QV999999999999;
INTRA-EX;202612;513881387;CTS-HW-0199;87089997;FR;PT;10;EXW;11;3;;0,3;1;79;;QV999999999999;
INTRA-EX;202612;513881387;vP3AB5X;87089997;FR;PT;10;EXW;11;3;;0,3;1;331;;QV999999999999;
INTRA-EX;202612;513881387;CTS-HW-0242;70102000;FR;PT;10;EXW;11;3;;0,5;1;62;;QV999999999999;
INTRA-EX;202612;513881387;MMICP-N55-11;87089997;SI;PT;10;EXW;11;3;;2,2;1;256;;QV999999999999;
INTRA-EX;202612;513881387;RF100029;84099100;SI;PT;10;EXW;11;3;;0,5;1;48;;QV999999999999;
INTRA-EX;202612;513881387;SSE0426-4P-BK;87083091;SI;PT;10;EXW;11;3;;0,5;1;95;;QV999999999999;
INTRA-EX;202612;513881387;UR-RL2-124;87088055;DE;PT;10;EXW;11;3;;1,4;1;69;;QV999999999999;
INTRA-EX;202612;513881387;82494;84099100;DE;PT;10;EXW;11;3;;1,6;1;208;;QV999999999999;
INTRA-EX;202612;513881387;MMTS-MB62-08L;90321020;PL;PT;10;EXW;11;3;;0,2;1;49;;QV999999999999;
INTRA-EX;202612;513881387;4B8171H-STD;87089997;NL;PT;10;EXW;11;3;;0,2;1;56;;QV999999999999;
INTRA-EX;202612;513881387;AC-200-FD;87089997;IT;PT;10;EXW;11;3;;0,5;1;48;;IT03528320785;
INTRA-EX;202612;513881387;SMT0710-4P-BK;87083091;ES;PT;10;EXW;11;3;;0,6;1;83;;QV999999999999;
INTRA-EX;202612;513881387;EX-STBBL3FW-F;87088035;ES;PT;10;EXW;11;3;;3,5;1;105;;QV999999999999;
INTRA-EX;202612;513881387;9-651-1026;84133080;ES;PT;10;EXW;11;3;;0,5;1;145;;QV999999999999;
INTRA-EX;202612;513881387;SVW0630-4P-BK;87083091;ES;PT;10;EXW;11;3;;0,5;1;77;;QV999999999999;
INTRA-EX;202612;513881387;D401-0047;84213100;ES;PT;10;EXW;11;3;;2,3;1;66;;ESB09959933;
INTRA-EX;202612;513881387;CTS-DP-IK1;87089997;ES;PT;10;EXW;11;3;;0,3;1;13;;QV999999999999;
INTRA-EX;202612;513881387;1K0253144BD;40091100;ES;PT;10;EXW;11;3;;0,2;1;9;;QV999999999999;
INTRA-EX;202612;513881387;SVW0622-4P-BK;87083091;ES;PT;10;EXW;11;3;;0,5;1;78;;QV999999999999;
INTRA-EX;202612;513881387;PF05;90262020;ES;PT;10;EXW;11;3;;0,2;1;223;;QV999999999999;
INTRA-EX;202612;513881387;MMHOSE-CIV-02SIBK;40093100;ES;PT;10;EXW;11;3;;0,4;1;79;;ESB01796796;
INTRA-EX;202612;513881387;AC-200-OSA;87089997;ES;PT;10;EXW;11;3;;0,2;1;27;;QV999999999999;
INTRA-EX;202612;513881387;216VWBWEOP270;90269000;ES;PT;10;EXW;11;3;;0,3;1;70;;QV999999999999;
INTRA-EX;202612;513881387;SSTP011;87089235;ES;PT;10;EXW;11;3;;8;1;129;;QV999999999999;
INTRA-EX;202612;513881387;216BFWAOPSM;90269000;ES;PT;10;EXW;11;3;;0,4;1;46;;QV999999999999;
INTRA-EX;202612;513881387;AC-30N-CP-4;85111000;ES;PT;10;EXW;11;3;;1,2;1;92;;QV999999999999;
INTRA-EX;202612;513881387;SSE0433-4P-BK;87083091;ES;PT;10;EXW;11;3;;0,5;1;77;;QV999999999999;
INTRA-EX;202612;513881387;DBA2808S-2;87089997;ES;PT;10;EXW;11;3;;25,2;1;218;;QV999999999999;
INTRA-EX;202612;513881387;U5055-6;84099100;ES;PT;10;EXW;11;3;;2,1;1;131;;QV999999999999;
INTRA-EX;202612;513881387;DCPR8EKP-6;85111000;ES;PT;10;EXW;11;3;;0,4;1;69;;QV999999999999;
INTRA-EX;202612;513881387;CTS-IGN-007;84099100;ES;PT;10;EXW;11;3;;0,3;4;139;;QV999999999999;
INTRA-EX;202612;513881387;S90-4-15-009;87087050;FR;PT;10;EXW;11;3;;2,1;2;225;;QV999999999999;
INTRA-EX;202612;513881387;SRN0616-4P-BK;87083091;FR;PT;10;EXW;11;3;;0,5;1;78;;QV999999999999;
INTRA-EX;202612;513881387;CTS-IT-800;84213100;FR;PT;10;EXW;11;3;;4,3;1;277;;QV999999999999;
INTRA-EX;202612;513881387;AC-45-DP;87089235;FR;PT;10;EXW;11;3;;9,2;1;299;;QV999999999999;
INTRA-EX;202612;513881387;VWR120001;87089997;FR;PT;10;EXW;11;3;;0,1;3;20;;QV999999999999;
INTRA-EX;202612;513881387;FMINLRCS-RED;40091100;FR;PT;10;EXW;11;3;;1,8;1;117;;QV999999999999;
INTRA-EX;202612;513881387;06K103213A;40091100;FR;PT;10;EXW;11;3;;0,1;1;16;;QV999999999999;
INTRA-EX;202612;513881387;VWR900003-4;85111000;FR;PT;10;EXW;11;3;;1,5;1;174;;QV999999999999;
INTRA-EX;202612;513881387;VWR630301;87089997;FR;PT;10;EXW;11;3;;0,3;1;41;;QV999999999999;
INTRA-EX;202612;513881387;VWR630000;87141030;FR;PT;10;EXW;11;3;;1,9;1;155;;QV999999999999;
INTRA-EX;202612;513881387;UR-LA2-1647;87088055;FR;PT;10;EXW;11;3;;2,5;1;85;;QV999999999999;
INTRA-EX;202612;513881387;UR-RE2-1645;87088055;FR;PT;10;EXW;11;3;;3;1;104;;QV999999999999;
INTRA-EX;202612;513881387;VWR160001;87089997;SK;PT;10;EXW;11;3;;0,4;1;86;;SK2120270581;
INTRA-EX;202612;513881387;VWR12G7R600ITBLA;84213100;SK;PT;10;EXW;11;3;;0,8;1;76;;SK2120270581;
INTRA-EX;202612;513881387;VWR12G7R600ITINLET;87089997;SK;PT;10;EXW;11;3;;0,4;1;100;;SK2120270581;
INTRA-EX;202612;513881387;VWR1200R601E;84213100;SK;PT;10;EXW;11;3;;4,9;1;338;;SK2120270581;
INTRA-EX;202612;513881387;MMBCC-BRZ-13PBE;84099100;DE;PT;10;EXW;11;3;;1,4;1;149;;DE359821210;
INTRA-EX;202612;513881387;KTA216A;87088035;DE;PT;10;EXW;11;3;;4,3;1;240;;DE359821210;
INTRA-EX;202612;513881387;KCA416;87141030;DE;PT;10;EXW;11;3;;0,6;2;53;;DE359821210;
INTRA-EX;202612;513881387;KLC202;87088035;DE;PT;10;EXW;11;3;;1;1;100;;DE181881308;
INTRA-EX;202612;513881387;ATINTYGR3;87089199;PL;PT;10;EXW;11;3;;12,9;1;481;;PL8141683531;
INTRA-EX;202612;513881387;9-422-7080;84132000;PL;PT;10;EXW;11;3;;3;1;681;;PL6972395288;
INTRA-EX;202612;513881387;VWR520000;87089997;BE;PT;10;EXW;11;3;;0,7;1;133;;BE0740963105;
INTRA-EX;202612;513881387;MS100219;85111000;BE;PT;10;EXW;11;3;;0,3;9;288;;BE0740963105;
INTRA-EX;202612;513881387;7M1397H-STD;40091100;BE;PT;10;EXW;11;3;;0,7;1;127;;BE0667689206;
INTRA-EX;202612;513881387;6B1584H-STD;40091100;BE;PT;10;EXW;11;3;;0,4;1;107;;BE0667689206;
INTRA-EX;202612;513881387;AC-B58-INLET;40091100;BE;PT;10;EXW;11;3;;0,6;2;143;;BE0667689206;
INTRA-EX;202612;513881387;VWR494100;87089997;GR;PT;10;EXW;11;3;;0,4;1;131;;GREL802913609;
INTRA-EX;202612;513881387;AC-G8x-UDT;87089997;GR;PT;10;EXW;11;3;;4,7;1;149;;GREL802913609;
INTRA-EX;202612;513881387;AC-R56-IC;84198998;GR;PT;10;EXW;11;3;;10,5;1;167;;GREL802913609;
INTRA-EX;202612;513881387;VWR630001;87141030;GR;PT;10;EXW;11;3;;1,9;1;114;;GREL802913609;
INTRA-EX;202612;513881387;FMRLH-BLA;40093100;GR;PT;10;EXW;11;3;;0,7;1;43;;GREL802913609;
INTRA-EX;202612;513881387;CTS-HW-046;87089997;GR;PT;10;EXW;11;3;;0,3;1;89;;GREL802913609;
INTRA-EX;202612;513881387;SMA0001-1C-BK;40093100;GR;PT;10;EXW;11;3;;0,3;1;33;;GREL802913609;
INTRA-EX;202612;513881387;KLC167A;87088055;GR;PT;10;EXW;11;3;;1,4;1;100;;GREL802913609;
INTRA-EX;202612;513881387;CTS-IT-300R;84213100;GR;PT;10;EXW;11;3;;4,1;1;247;;GREL802913609;
INTRA-EX;202612;513881387;AC-C7RS-DPHS;87089997;GR;PT;10;EXW;11;3;;8,8;1;335;;GREL802913609;
INTRA-EX;202612;513881387;9-654-1025;84133080;GR;PT;10;EXW;11;3;;0,8;1;129;;GREL802913609;
INTRA-EX;202612;513881387;SBM073B;87089997;GR;PT;10;EXW;11;3;;1,1;1;51;;GREL802913609;
INTRA-EX;202612;513881387;AC-MK7-CP;84099100;GR;PT;10;EXW;11;3;;0,3;4;71;;GREL802913609;
INTRA-EX;202612;513881387;CTS-IT-280;87089235;GR;PT;10;EXW;11;3;;1,5;1;127;;GREL802913609;
INTRA-EX;202612;513881387;FMOC11-BLA;87089997;GR;PT;10;EXW;11;3;;3,6;1;359;;GREL802913609;
INTRA-EX;202612;513881387;R7437-9;85111000;GR;PT;10;EXW;11;3;;0,1;5;181;;GREL802913609;
INTRA-EX;202612;513881387;CI100072;84213100;GR;PT;10;EXW;11;3;;4,8;1;451;;GREL802913609;
INTRA-EX;202612;513881387;SVW0608-4P-YE;87083091;GR;PT;10;EXW;11;3;;0,5;1;75;;GREL802913609;
INTRA-EX;202612;513881387;MMRC-13-SM;84073410;GR;PT;10;EXW;11;3;;0,2;1;14;;GREL802913609;
INTRA-EX;202612;513881387;VWR190004;87089997;NL;PT;10;EXW;11;3;;0,3;1;49;;NL866996473B01;
INTRA-EX;202612;513881387;VWR190008;87089997;NL;PT;10;EXW;11;3;;0,5;1;40;;NL866996473B01;
INTRA-EX;202612;513881387;VWR19G703;70102000;NL;PT;10;EXW;11;3;;0,2;1;57;;NL866996473B01;
INTRA-EX;202612;513881387;VWR19G704;70102000;NL;PT;10;EXW;11;3;;0,1;1;49;;NL866996473B01;
INTRA-EX;202612;513881387;VWR19G707;84213100;NL;PT;10;EXW;11;3;;0,1;1;49;;NL866996473B01;
INTRA-EX;202612;513881387;VWR19G711;84213100;NL;PT;10;EXW;11;3;;0,3;1;65;;NL866996473B01;
INTRA-EX;202612;513881387;VWR810002;87089997;NL;PT;10;EXW;11;3;;0,5;2;112;;NL866996473B01;
INTRA-EX;202612;513881387;AC-FIST7-BAD;87089997;NL;PT;10;EXW;11;3;;0,5;1;39;;NL866860666B01;
INTRA-EX;202612;513881387;FMINLH13-RED;;IT;PT;10;EXW;11;3;;3;1;103;;IT02710790060;
INTRA-EX;202612;513881387;CTS-IGN-008;84099100;IT;PT;10;EXW;11;3;;0,3;4;82;;IT03656931205;
INTRA-EX;202612;513881387;SMBP006;87089235;IT;PT;10;EXW;11;3;;8,2;1;214;;IT03656931205;
INTRA-EX;202612;513881387;VWR150002;87089997;IT;PT;10;EXW;11;3;;1,8;1;248;;IT03656931205;
INTRA-EX;202612;513881387;EVO2001;84213100;IT;PT;10;EXW;11;3;;6,8;1;307;;IT02710790060;
INTRA-EX;202612;513881387;MMICP-SUP-20RD;87089997;IT;PT;10;EXW;11;3;;2,5;1;198;;IT02710790060;
INTRA-EX;202612;513881387;SBW0270-4P-EB;87083091;IT;PT;10;EXW;11;3;;0,5;1;75;;IT02710790060;
INTRA-EX;202612;513881387;CTS-IGN-009;84099100;IT;PT;10;EXW;11;3;;0,3;3;77;;IT02710790060;
INTRA-EX;202612;513881387;SBMP082;87089235;IT;PT;10;EXW;11;3;;9,5;1;157;;IT02710790060;
INTRA-EX;202612;513881387;BTR102Z;87088055;IT;PT;10;EXW;11;3;;5,6;1;126;;IT02710790060;
INTRA-EX;202612;513881387;MMINT-MK6-06;87089199;IT;PT;10;EXW;11;3;;14,4;1;537;;IT02710790060;
INTRA-EX;202612;513881387;AC-MK7-IT;84198998;ES;PT;10;EXW;11;3;;4,3;2;289;;ESB94171030;
INTRA-EX;202612;513881387;AC-MK7-DP;87089235;ES;PT;10;EXW;11;3;;9,2;2;311;;ESB94171030;
INTRA-EX;202612;513881387;AC-200-CP;84099100;ES;PT;10;EXW;11;3;;0,3;12;164;;ESB94171030;
INTRA-EX;202612;513881387;VWR13G700;84099100;ES;PT;10;EXW;11;3;;3;1;468;;ESB01715598;
INTRA-EX;202612;513881387;CI100054;40091100;ES;PT;10;EXW;11;3;;4,3;1;226;;ESB04855516;
INTRA-EX;202612;513881387;PFR7Z-TG;85111000;ES;PT;10;EXW;11;3;;0,1;4;30;;ES50902109G;
INTRA-EX;202612;513881387;U5001;85111000;ES;PT;10;EXW;11;3;;0,3;4;63;;ES50902109G;
INTRA-EX;202612;513881387;FMBH18T-BLA;40091100;ES;PT;10;EXW;11;3;;0,3;1;63;;ES16610275C;
INTRA-EX;202612;513881387;FMKC005-BLA;40093100;ES;PT;10;EXW;11;3;;1,4;1;140;;ES16610275C;
INTRA-EX;202612;513881387;FMGOLFIND-BLA;40093100;ES;PT;10;EXW;11;3;;1,2;1;134;;ES16610275C;
INTRA-EX;202612;513881387;AC-MK7-MD;87089997;ES;PT;10;EXW;11;3;;0,4;2;87;;ESB42771618;
INTRA-EX;202612;513881387;PFR7Z-TG;85111000;ES;PT;10;EXW;11;3;;0,1;4;30;;ESB42771618;
INTRA-EX;202612;513881387;216BFWABOSM;90262020;ES;PT;10;EXW;11;3;;0,3;2;44;;ESB42771618;
INTRA-EX;202612;513881387;SILZKBR8D8S;85111000;ES;PT;10;EXW;11;3;;0,1;4;39;;ESB42771618;
INTRA-EX;202612;513881387;CG85-02-0C20;84213100;ES;PT;10;EXW;11;3;;4,1;1;513;;ESB01715598;
INTRA-EX;202612;513881387;SFDC082;87089235;ES;PT;10;EXW;11;3;;5,6;1;161;;ESB42954230;
INTRA-EX;202612;513881387;VWR3130RS;87088035;ES;PT;10;EXW;11;3;;9,2;2;322;;ESB42954230;
INTRA-EX;202612;513881387;VWR31G8GT;87089997;ES;PT;10;EXW;11;3;;8,5;2;322;;ESB42954230;
INTRA-EX;202612;513881387;9-655-1025;84133080;ES;PT;10;EXW;11;3;;0,8;1;129;;ESB42954230;
INTRA-EX;202612;513881387;CTS-CC-MK7TSI;84099100;ES;PT;10;EXW;11;3;;3;1;419;;ESB42954230;
INTRA-EX;202612;513881387;MMINT-MK6-06;87089199;ES;PT;10;EXW;11;3;;14,4;1;537;;ESB42954230;
INTRA-EX;202612;513881387;VWR1200R601E;84213100;ES;PT;10;EXW;11;3;;4,9;1;338;;ESB42954230;
INTRA-EX;202612;513881387;AC-MK8-DP;87089235;ES;PT;10;EXW;11;3;;8,3;1;155;;ESB24786139;
INTRA-EX;202612;513881387;MMRAD-E90-07;87089135;ES;PT;10;EXW;11;3;;6,4;1;308;;ESB01715598;
INTRA-EX;202612;513881387;MMRT-E36-92E;87089199;ES;PT;10;EXW;11;3;;2,2;1;132;;ESB09771205;
INTRA-EX;202612;513881387;FMINT33;87089235;ES;PT;10;EXW;11;3;;21,5;1;897;;ESB04855516;
INTRA-EX;202612;513881387;SVWC058;87089235;ES;PT;10;EXW;11;3;;10,1;2;629;;ESB04855516;
INTRA-EX;202612;513881387;AC-8V5RS-DPHS;87089235;ES;PT;10;EXW;11;3;;13,1;1;375;;ESB04855516;
INTRA-EX;202612;513881387;BWR24Z;87088055;ES;PT;10;EXW;11;3;;3,6;1;160;;ES48924146H;
INTRA-EX;202612;513881387;216BFWAOPSM;90269000;ES;PT;10;EXW;11;3;;0,4;3;103;;ES18062887K;
INTRA-EX;202612;513881387;216BFWAOTSM;90269000;ES;PT;10;EXW;11;3;;0,3;2;59;;ES18062887K;
INTRA-EX;202612;513881387;BBF43;87088055;ES;PT;10;EXW;11;3;;6,7;1;108;;ES18062887K;
INTRA-EX;202612;513881387;BKR7EIX;85111000;ES;PT;10;EXW;11;3;;0,1;4;34;;ES44719365M;
INTRA-EX;202612;513881387;VWR31G7GT;87088035;ES;PT;10;EXW;11;3;;8,5;1;161;;ES29524079Z;
INTRA-EX;202612;513881387;EVE-GR4-CF-INT;84213100;ES;PT;10;EXW;11;3;;4,9;1;975;;ESB55258800;
INTRA-EX;202612;513881387;PF04;85444290;ES;PT;10;EXW;11;3;;0,2;1;156;;ESB04855516;
INTRA-EX;202612;513881387;06J103600AF;84099100;ES;PT;10;EXW;11;3;;2,5;1;14;;ES50902109G;
INTRA-EX;202612;513881387;VWR180000;87089997;ES;PT;10;EXW;11;3;;0,1;1;9;;ES50902109G;
INTRA-EX;202612;513881387;AC-6LD-IC;87089199;ES;PT;10;EXW;11;3;;12;1;317;;ES44719365M;
INTRA-EX;202612;513881387;AC-MK7-IM;84099100;ES;PT;10;EXW;11;3;;3;1;305;;ESB04855516;
INTRA-EX;202612;513881387;CTS-IT-805;40091100;FR;PT;10;EXW;11;3;;2,5;1;164;;FR35504243288;
INTRA-EX;202612;513881387;AC-N55-DPHS;87089235;FR;PT;10;EXW;11;3;;2,5;1;162;;FR35504243288;
INTRA-EX;202612;513881387;CTS-IT-800;84213100;FR;PT;10;EXW;11;3;;4,3;1;247;;FR35504243288;
INTRA-EX;202612;513881387;ATMSBMW13;87089199;FR;PT;10;EXW;11;3;;1,9;1;186;;FR35504243288;
INTRA-EX;202612;513881387;AC-B58-IND;40093100;FR;PT;10;EXW;11;3;;1;1;29;;FR35504243288;
INTRA-EX;202612;513881387;SVXS057;;FR;PT;10;EXW;11;3;;18;1;567;;FR80888340023;
INTRA-EX;202612;513881387;VWR12P1GT;84213100;IE;PT;10;EXW;11;3;;3;1;398;;QV999999999999;
INTRA-EX;202612;513881387;D760-0064;84099100;LT;PT;10;EXW;11;3;;1,1;1;131;;QV999999999999;
INTRA-EX;202612;513881387;FMDV18-BLA;84814090;CZ;PT;10;EXW;11;3;;1,5;1;219;;QV999999999999;
INTRA-EX;202612;513881387;AC-MQB-IC;84198998;CY;PT;10;EXW;11;3;;16,3;1;423;;QV999999999999;
INTRA-EX;202612;513881387;AC-MK7-MD;87089997;CY;PT;10;EXW;11;3;;0,4;1;66;;QV999999999999;
INTRA-EX;202612;513881387;CI100054;40091100;CY;PT;10;EXW;11;3;;4,3;1;249;;QV999999999999;
INTRA-EX;202612;513881387;CTS-SIL-0070;40091100;CY;PT;10;EXW;11;3;;0,7;1;71;;QV999999999999;
INTRA-EX;202612;513881387;KLC141;87088055;RO;PT;10;EXW;11;3;;1;1;137;;QV999999999999;
INTRA-EX;202612;513881387;BWR20XZ;87088055;RO;PT;10;EXW;11;3;;5,8;1;195;;QV999999999999;
INTRA-EX;202612;513881387;CTS-HW-0225;87089235;RO;PT;10;EXW;11;3;;0,2;1;42;;QV999999999999;
INTRA-EX;202612;513881387;FMBP5;40091100;RO;PT;10;EXW;11;3;;1,8;1;260;;QV999999999999;
INTRA-EX;202612;513881387;ATINTVAUX7-BL;87089199;SI;PT;10;EXW;11;3;;13,8;1;610;;QV999999999999;
INTRA-EX;202612;513881387;SRNC032;87089235;HR;PT;10;EXW;11;3;;5,2;1;273;;QV999999999999;
INTRA-EX;202612;513881387;AC-S55-TP;40091100;HR;PT;10;EXW;11;3;;1,7;2;299;;HR60589531942;
INTRA-EX;202612;513881387;AC-S55-JP;40091100;HR;PT;10;EXW;11;3;;0,6;1;78;;HR60589531942;
INTRA-EX;202612;513881387;AC-S55-DPHS;87089235;HR;PT;10;EXW;11;3;;5,2;1;385;;HR60589531942;
INTRA-EX;202612;513881387;R01-10-2;40091100;HR;PT;10;EXW;11;3;;0,1;1;82;;HR60589531942;
INTRA-EX;202612;513881387;MMRAD-370Z-09;87089135;HU;PT;10;EXW;11;3;;9,6;1;511;;QV999999999999;
INTRA-EX;202612;513881387;SP1987BLK;84213100;HU;PT;10;EXW;11;3;;6,4;1;434;;QV999999999999;
INTRA-EX;202612;513881387;PF04;85444290;HU;PT;10;EXW;11;3;;0,2;1;194;;QV999999999999;
INTRA-EX;202612;513881387;AC-200-CP-4;84099100;DE;PT;10;EXW;11;3;;1;1;83;;QV999999999999;
INTRA-EX;202612;513881387;UR-LA2-1347;87088055;DE;PT;10;EXW;11;3;;2,3;1;90;;QV999999999999;
INTRA-EX;202612;513881387;MMHOSE-WRX-01BK;40093100;DE;PT;10;EXW;11;3;;0,7;1;115;;QV999999999999;
INTRA-EX;202612;513881387;MMTS-WRX-01;87089997;DE;PT;10;EXW;11;3;;0,1;1;48;;QV999999999999;
INTRA-EX;202612;513881387;UR-LA2-1110;87088055;DE;PT;10;EXW;11;3;;1,4;1;83;;QV999999999999;
INTRA-EX;202612;513881387;CTS-SUS-0010R;87088055;PL;PT;10;EXW;11;3;;6,8;1;243;;QV999999999999;
INTRA-EX;202612;513881387;VIB-1458;87089235;BE;PT;10;EXW;11;3;;0,2;2;13;;QV999999999999;
INTRA-EX;202612;513881387;VWR120000;84213100;BE;PT;10;EXW;11;3;;1;1;34;;QV999999999999;
INTRA-EX;202612;513881387;MS100204-4;84099100;BE;PT;10;EXW;11;3;;1,7;1;181;;QV999999999999;
INTRA-EX;202612;513881387;CTS-IT-600;40091100;BE;PT;10;EXW;11;3;;1,6;1;169;;QV999999999999;
INTRA-EX;202612;513881387;30-3300;87089997;BE;PT;10;EXW;11;3;;4,9;1;477;;QV999999999999;
INTRA-EX;202612;513881387;UR-TW2-1362;87088055;NL;PT;10;EXW;11;3;;3;1;135;;QV999999999999;
INTRA-EX;202612;513881387;D760-0069;84099100;NL;PT;10;EXW;11;3;;4,4;1;356;;QV999999999999;
INTRA-EX;202612;513881387;SSE0433-4P-BK;87083091;ES;PT;10;EXW;11;3;;0,5;1;77;;ES42835027B;
INTRA-EX;202612;513881387;FMDVC200A-BLA;87089997;ES;PT;10;EXW;11;3;;0,8;1;178;;QV999999999999;
INTRA-EX;202612;513881387;PP2045;84213100;ES;PT;10;EXW;11;3;;0,5;1;37;;QV999999999999;
INTRA-EX;202612;513881387;GTHSB-5;87089997;ES;PT;10;EXW;11;3;;0,1;1;20;;QV999999999999;
INTRA-EX;202612;513881387;COMBO-NOV-MQB;84213100;ES;PT;10;EXW;11;3;;5,5;1;454;;QV999999999999;
INTRA-EX;202612;513881387;MS100192-4;84099100;ES;PT;10;EXW;11;3;;1,7;1;181;;QV999999999999;
INTRA-EX;202612;513881387;CTS-IT-500;40091100;ES;PT;10;EXW;11;3;;1,6;1;148;;QV999999999999;
INTRA-EX;202612;513881387;FMRLH-BLA;40093100;ES;PT;10;EXW;11;3;;0,7;1;62;;QV999999999999;
INTRA-EX;202612;513881387;ATMSHYU18;87089997;ES;PT;10;EXW;11;3;;2,1;1;214;;QV999999999999;
INTRA-EX;202612;513881387;30-4110;87089997;ES;PT;10;EXW;11;3;;0,7;1;195;;ES71676122a;
INTRA-EX;202612;513881387;71008-AF013;84213100;ES;PT;10;EXW;11;3;;1,3;1;223;;ES71676122a;
INTRA-EX;202612;513881387;52009-AK005;;ES;PT;10;EXW;11;3;;0,1;1;19;;QV999999999999;
INTRA-EX;202612;513881387;MMODP-12125B;87089997;ES;PT;10;EXW;11;3;;0,1;1;15;;QV999999999999;
INTRA-EX;202612;513881387;10.127.101K;84133080;ES;PT;10;EXW;11;3;;0,3;1;312;;QV999999999999;
INTRA-EX;202612;513881387;AC-N55-OT;40091100;ES;PT;10;EXW;11;3;;0,9;1;74;;QV999999999999;
INTRA-EX;202612;513881387;SNN0910-6P-BK;87083091;ES;PT;10;EXW;11;3;;0,9;1;162;;ES45718378J;
INTRA-EX;202612;513881387;SFD0122-4P-BK;87083091;ES;PT;10;EXW;11;3;;0,5;1;93;;QV999999999999;
INTRA-EX;202612;513881387;ATINTFO25;87089199;ES;PT;10;EXW;11;3;;10;1;281;;QV999999999999;
INTRA-EX;202612;513881387;FMCTMK7;84099100;ES;PT;10;EXW;11;3;;1,6;1;363;;ESB74397936;
INTRA-EX;202612;513881387;ATINTP&C4-RD;40091100;ES;PT;10;EXW;11;3;;1,7;1;161;;QV999999999999;
INTRA-EX;202612;513881387;CTS-IGN-008;84099100;ES;PT;10;EXW;11;3;;0,3;1;34;;QV999999999999;
INTRA-EX;202612;513881387;30-3300;87089997;ES;PT;10;EXW;11;3;;4,9;1;477;;QV999999999999;
INTRA-EX;202612;513881387;201-5402;87089997;ES;PT;10;EXW;11;3;;1,2;1;226;;ESB96859236;
INTRA-EX;202612;513881387;70027-AT001;84213100;ES;PT;10;EXW;11;3;;0,4;1;33;;QV999999999999;
INTRA-EX;202612;513881387;AC-WS-NI-20;87088099;ES;PT;10;EXW;11;3;;1,6;2;111;;QV999999999999;
INTRA-EX;202612;513881387;BKR7EIX-4;84099100;ES;PT;10;EXW;11;3;;0,3;1;40;;QV999999999999;
INTRA-EX;202612;513881387;SILKGR9A7ES-6;85111000;ES;PT;10;EXW;11;3;;0,3;1;94;;ESB67591016;
INTRA-EX;202612;513881387;10.127.113K;84133080;ES;PT;10;EXW;11;3;;0,3;1;314;;ESB67591016;
INTRA-EX;202612;513881387;WHT005185;84133080;ES;PT;10;EXW;11;3;;0,1;2;16;;ES25200933V;
INTRA-EX;202612;513881387;14035-JP00A;87089235;ES;PT;10;EXW;11;3;;0,1;2;17;;QV999999999999;
INTRA-EX;202612;513881387;ATOILFO1T;87089997;ES;PT;10;EXW;11;3;;3;1;425;;QV999999999999;
INTRA-EX;202612;513881387;PK430;84213100;ES;PT;10;EXW;11;3;;3;1;210;;QV999999999999;
INTRA-EX;202612;513881387;CTS-IT-910;40091100;ES;PT;10;EXW;11;3;;1,9;1;160;;QV999999999999;
INTRA-EX;202612;513881387;FMRMBHT-BLU;40091100;ES;PT;10;EXW;11;3;;0,3;1;50;;QV999999999999;
INTRA-EX;202612;513881387;FMKTICTB-BL;40091100;ES;PT;10;EXW;11;3;;0,8;1;106;;QV999999999999;
INTRA-EX;202612;513881387;SP-998;32081090;ES;PT;10;EXW;11;3;;0,5;1;25;;QV999999999999;
INTRA-EX;202612;513881387;SP-671;32081090;ES;PT;10;EXW;11;3;;0,8;1;21;;QV999999999999;
INTRA-EX;202612;513881387;AC-OPC-DP;87089235;ES;PT;10;EXW;11;3;;1,7;1;96;;QV999999999999;
INTRA-EX;202612;513881387;30-4110;87089997;ES;PT;10;EXW;11;3;;0,7;1;194;;QV999999999999;
INTRA-EX;202612;513881387;ATIKVAUX2-BK;84213100;ES;PT;10;EXW;11;3;;4,5;1;469;;QV999999999999;
INTRA-EX;202612;513881387;R7437-9-5;85111000;ES;PT;10;EXW;11;3;;0,3;1;212;;QV999999999999;
INTRA-EX;202612;513881387;CTS-IT-277;87089235;ES;PT;10;EXW;11;3;;1,7;1;189;;QV999999999999;
INTRA-EX;202612;513881387;CTS-IT-280;87089235;ES;PT;10;EXW;11;3;;1,5;1;168;;QV999999999999;
INTRA-EX;202612;513881387;BWR20XZ;87088055;ES;PT;10;EXW;11;3;;5,8;1;191;;QV999999999999;
INTRA-EX;202612;513881387;1K0253144BD;40091100;ES;PT;10;EXW;11;3;;0,2;1;9;;QV999999999999;
INTRA-EX;202612;513881387;CTS-HW-0199;87089997;ES;PT;10;EXW;11;3;;0,3;1;79;;QV999999999999;
INTRA-EX;202612;513881387;BKR7EIX-4;84099100;ES;PT;10;EXW;11;3;;0,3;1;40;;QV999999999999;
INTRA-EX;202612;513881387;SP-128;32081090;ES;PT;10;EXW;11;3;;0,5;1;21;;QV999999999999;
INTRA-EX;202612;513881387;06E898001-4;85111000;FR;PT;10;EXW;11;3;;1,5;1;102;;QV999999999999;
INTRA-EX;202612;513881387;CTS-TM-MK56-60D;84099100;FR;PT;10;EXW;11;3;;2;1;107;;QV999999999999;
INTRA-EX;202612;513881387;CTS-EM-MK456-4-60D;84099100;FR;PT;10;EXW;11;3;;2,5;1;116;;QV999999999999;
INTRA-EX;202612;513881387;CTS-HW-0242;70102000;FR;PT;10;EXW;11;3;;0,5;1;62;;QV999999999999;
INTRA-EX;202612;513881387;BKR8EIX-4;85111000;FR;PT;10;EXW;11;3;;0,3;1;43;;QV999999999999;
INTRA-EX;202612;513881387;BMR94Z;87088055;FR;PT;10;EXW;11;3;;3;1;283;;QV999999999999;
INTRA-EX;202612;513881387;BMF65Z;87088055;FR;PT;10;EXW;11;3;;3,3;1;218;;QV999999999999;
INTRA-EX;202612;513881387;TS-0223-1091;87089997;FR;PT;10;EXW;11;3;;0,4;1;149;;QV999999999999;
INTRA-EX;202612;513881387;FMIND15-BLU;84213100;FR;PT;10;EXW;11;3;;3,6;1;301;;QV999999999999;
INTRA-EX;202612;513881387;R-FOR-009-I;84099100;FR;PT;10;EXW;11;3;;3,6;1;492;;QV999999999999;
INTRA-EX;202612;513881387;FS-3657024;87089997;FR;PT;10;EXW;11;3;;13;1;200;;QV999999999999;
INTRA-EX;202612;513881387;FS-3617039;87089997;FR;PT;10;EXW;11;3;;16;1;214;;QV999999999999;
INTRA-EX;202612;513881387;D650-0003-6;84099100;FR;PT;10;EXW;11;3;;2,4;1;174;;QV999999999999;
INTRA-EX;202612;513881387;SILZKBR8D8S-6;84099100;FR;PT;10;EXW;11;3;;0,4;1;68;;QV999999999999;
INTRA-EX;202612;513881387;204-4302;87089997;FR;PT;10;EXW;11;3;;1,5;1;176;;QV999999999999;
INTRA-EX;202612;513881387;06J103600AFKIT;84099100;FR;PT;10;EXW;11;3;;2,5;1;49;;QV999999999999;
INTRA-EX;202612;513881387;UR-RL4-1259;87088055;FR;PT;10;EXW;11;3;;5;1;161;;QV999999999999;
INTRA-EX;202612;513881387;FMCCHMK5-RED;40093100;FR;PT;10;EXW;11;3;;0,2;1;51;;QV999999999999;
INTRA-EX;202612;513881387;SILFER8C7ES-8;85111000;FR;PT;10;EXW;11;3;;0,5;1;98;;QV999999999999;
INTRA-EX;202612;513881387;CTS-IGN-010;85111000;FR;PT;10;EXW;11;3;;6,8;8;319;;QV999999999999;
INTRA-EX;202612;513881387;LAP3VGR6;90262020;FR;PT;10;EXW;11;3;;0,3;1;215;;QV999999999999;
INTRA-EX;202612;513881387;SHY0900-4P-BK;87083091;FR;PT;10;EXW;11;3;;0,8;1;97;;QV999999999999;
INTRA-EX;202612;513881387;RBF600;27101999;FR;PT;10;EXW;11;3;;0,6;3;28;;QV999999999999;
INTRA-EX;202612;513881387;SAUC030;87089235;FR;PT;10;EXW;11;3;;5,6;1;197;;QV999999999999;
INTRA-EX;202612;513881387;SP1126-P;84213100;FR;PT;10;EXW;11;3;;5,1;1;402;;QV999999999999;
INTRA-EX;202612;513881387;MMRAD-350Z-03X;87089135;FR;PT;10;EXW;11;3;;10,9;1;308;;QV999999999999;
INTRA-EX;202612;513881387;MMTS-350Z-03L;90321020;FR;PT;10;EXW;11;3;;0,3;1;48;;QV999999999999;
INTRA-EX;202612;513881387;MMRA-LC-EG-BL;87083099;FR;PT;10;EXW;11;3;;5,6;2;49;;QV999999999999;
INTRA-EX;202612;513881387;AC-MK7R-DP;87089235;FR;PT;10;EXW;11;3;;11,6;1;277;;QV999999999999;
INTRA-EX;202612;513881387;AC-MK7-CP-4;84099100;FR;PT;10;EXW;11;3;;1;1;112;;QV999999999999;
INTRA-EX;202612;513881387;VWR13G700RFK;87089997;FR;PT;10;EXW;11;3;;0,5;1;54;;QV999999999999;
INTRA-EX;202612;513881387;AC-200-EVAP;87089997;FR;PT;10;EXW;11;3;;0,3;1;20;;FR72501092126;
INTRA-EX;202612;513881387;Z-331167;87089997;FR;PT;10;EXW;11;3;;2,1;1;169;;QV999999999999;
INTRA-EX;202612;513881387;Z-325499;87089997;FR;PT;10;EXW;11;3;;1,1;1;153;;QV999999999999;
INTRA-EX;202612;513881387;AC-WS-NI-20;87088099;FR;PT;10;EXW;11;3;;1,6;2;112;;QV999999999999;
INTRA-EX;202612;513881387;CTS-IT-800;84213100;FR;PT;10;EXW;11;3;;4,3;1;277;;QV999999999999;
INTRA-EX;202612;513881387;AC-N55-OT;40091100;FR;PT;10;EXW;11;3;;0,9;1;74;;QV999999999999;
INTRA-EX;202612;513881387;UR-TW2-729;87088055;FR;PT;10;EXW;11;3;;3;1;110;;QV999999999999;
INTRA-EX;202612;513881387;FMINDK31;84213100;FR;PT;10;EXW;11;3;;3,5;1;265;;QV999999999999;
INTRA-EX;202612;513881387;FMTIA4-RED;40093100;FR;PT;10;EXW;11;3;;0,6;1;146;;QV999999999999;
INTRA-EX;202612;513881387;LTR7IX-11-8;84099100;FR;PT;10;EXW;11;3;;0,5;1;73;;QV999999999999;
INTRA-EX;202612;513881387;AC-B58-TP;40091100;FR;PT;10;EXW;11;3;;1,7;1;153;;QV999999999999;
INTRA-EX;202612;513881387;AC-B58-INLET;40091100;FR;PT;10;EXW;11;3;;0,6;1;104;;QV999999999999;
INTRA-EX;202612;513881387;AC-250-MP;87089235;FR;PT;10;EXW;11;3;;5,3;1;179;;QV999999999999;
INTRA-EX;202612;513881387;06E898001-5;84099100;FR;PT;10;EXW;11;3;;1,9;1;127;;QV999999999999;
INTRA-EX;202612;513881387;VWR90000-4;84099100;FR;PT;10;EXW;11;3;;1,8;1;174;;QV999999999999;
INTRA-EX;202612;513881387;4B5562H-STD;40091100;FR;PT;10;EXW;11;3;;0,2;1;68;;QV999999999999;
INTRA-EX;202612;513881387;5M5585H-STD;40091100;FR;PT;10;EXW;11;3;;0,3;1;97;;QV999999999999;
INTRA-EX;202612;513881387;AC-200-PP;84198998;FR;PT;10;EXW;11;3;;0,5;1;82;;QV999999999999;
INTRA-EX;202612;513881387;VWRM026-XL;90292031;FR;PT;10;EXW;11;3;;0,5;2;40;;QV999999999999;
INTRA-EX;202612;513881387;4B1609H-STD;40091100;FR;PT;10;EXW;11;3;;0,5;1;47;;QV999999999999;
INTRA-EX;202612;513881387;SILZKBR8D8S-6;84099100;FR;PT;10;EXW;11;3;;0,4;1;68;;QV999999999999;
INTRA-EX;202612;513881387;U5055-6;84099100;FR;PT;10;EXW;11;3;;2,1;1;132;;QV999999999999;
INTRA-EX;202612;513881387;PH/INDSUZ1;40093100;FR;PT;10;EXW;11;3;;0,8;1;68;;QV999999999999;
INTRA-EX;202612;513881387;AC-200-CFA-KIT;87089997;FR;PT;10;EXW;11;3;;0,1;1;32;;QV999999999999;
INTRA-EX;202612;513881387;ILFR6B-5;84099100;FR;PT;10;EXW;11;3;;0,3;1;46;;QV999999999999;
INTRA-EX;202612;513881387;AC-250-MP;87089235;FR;PT;10;EXW;11;3;;5,3;1;179;;QV999999999999;
INTRA-EX;202612;513881387;CTS-IGN-007;84099100;FR;PT;10;EXW;11;3;;0,3;5;175;;QV999999999999;
INTRA-EX;202612;513881387;PP1949;84213100;FR;PT;10;EXW;11;3;;0,7;1;38;;QV999999999999;
INTRA-EX;202612;513881387;E10-15-007-04-22;73202081;FR;PT;10;EXW;11;3;;11,4;1;152;;QV999999999999;
INTRA-EX;202612;513881387;ACCLAMP3;96072090;FR;PT;10;EXW;11;3;;0,2;2;9;;QV999999999999;
INTRA-EX;202612;513881387;VWR12G7R601FO;84213100;FR;PT;10;EXW;11;3;;0,9;1;150;;QV999999999999;
INTRA-EX;202612;513881387;AC-MQB-IC;84198998;FR;PT;10;EXW;11;3;;16,3;1;419;;QV999999999999;
INTRA-EX;202612;513881387;AC-30N-CP-4;85111000;FR;PT;10;EXW;11;3;;1,2;1;93;;QV999999999999;
INTRA-EX;202612;513881387;BKR8EIX-4;85111000;FR;PT;10;EXW;11;3;;0,3;1;43;;QV999999999999;
INTRA-EX;202612;513881387;WHT005184;40091100;FR;PT;10;EXW;11;3;;0,1;1;8;;QV999999999999;
INTRA-EX;202612;513881387;FMOCRS4;87089135;FR;PT;10;EXW;11;3;;5;1;973;;FR85842889834;
INTRA-EX;202612;513881387;MS100244-6;85111000;DE;PT;10;EXW;11;3;;2;1;207;;QV999999999999;
INTRA-EX;202612;513881387;CTS-IGN-009;84099100;BE;PT;10;EXW;11;3;;0,3;4;126;;QV999999999999;
INTRA-EX;202612;513881387;KLC141;87088055;IT;PT;10;EXW;11;3;;1;1;136;;IT00961200888;
INTRA-EX;202612;513881387;KLC110;87088055;IT;PT;10;EXW;11;3;;1;1;136;;IT00961200888;
INTRA-EX;202612;513881387;STYC009;87089235;ES;PT;10;EXW;11;3;;10,7;1;672;;ESB76323815;
INTRA-EX;202612;513881387;330148R;87089235;ES;PT;10;EXW;11;3;;1;1;157;;ESB76323815;
INTRA-EX;202612;513881387;204-5408;87089997;ES;PT;10;EXW;11;3;;1;1;144;;ESB76323815;
INTRA-EX;202612;513881387;204-4302;87089997;ES;PT;10;EXW;11;3;;1,5;1;176;;ESB76323815;
INTRA-EX;202612;513881387;BKR8EIX-4;85111000;ES;PT;10;EXW;11;3;;0,3;1;42;;QV999999999999;
INTRA-EX;202612;513881387;COMBO-NOV-MQB;84213100;ES;PT;10;EXW;11;3;;5,5;1;454;;QV999999999999;
INTRA-EX;202612;513881387;61025000013BK;87149210;ES;PT;10;EXW;11;3;;0,1;4;67;;QV999999999999;
INTRA-EX;202612;513881387;ATMSHON5;87089997;ES;PT;10;EXW;11;3;;1,2;1;155;;QV999999999999;
INTRA-EX;202612;513881387;L3P3VGR7;87089997;ES;PT;10;EXW;11;3;;0,2;1;320;;QV999999999999;
INTRA-EX;202612;513881387;SFD1216-4P-BK;87083091;ES;PT;10;EXW;11;3;;0,5;1;77;;QV999999999999;
INTRA-EX;202612;513881387;145-H003;87089235;ES;PT;10;EXW;11;3;;6;1;353;;QV999999999999;
INTRA-EX;202612;513881387;SBW1178-4P-BK;87083091;ES;PT;10;EXW;11;3;;0,5;1;83;;QV999999999999;
INTRA-EX;202612;513881387;VWR17G7R600;40091100;ES;PT;10;EXW;11;3;;0,2;1;54;;QV999999999999;
INTRA-EX;202612;513881387;D401-0047;84213100;ES;PT;10;EXW;11;3;;2,3;1;66;;QV999999999999;
INTRA-EX;202612;513881387;SBW0271-4P-BK;87083091;ES;PT;10;EXW;11;3;;0,4;1;83;;QV999999999999;
INTRA-EX;202612;513881387;D401-0047;84213100;ES;PT;10;EXW;11;3;;2,3;1;66;;QV999999999999;
INTRA-EX;202612;513881387;CTS-HW-360;40091100;ES;PT;10;EXW;11;3;;1,4;1;247;;QV999999999999;
INTRA-EX;202612;513881387;FMSS9;87089997;ES;PT;10;EXW;11;3;;1;1;138;;QV999999999999;
INTRA-EX;202612;513881387;AC-Z33-YP;84198998;ES;PT;10;EXW;11;3;;6,6;1;148;;QV999999999999;
INTRA-EX;202612;513881387;MMEXH-MUS8-15HP;87089235;ES;PT;10;EXW;11;3;;5;1;250;;QV999999999999;
INTRA-EX;202612;513881387;MS100195-5;84133020;ES;PT;10;EXW;11;3;;2,2;1;535;;QV999999999999;
INTRA-EX;202612;513881387;AC-200-CP-4;84099100;ES;PT;10;EXW;11;3;;1;1;81;;QV999999999999;
INTRA-EX;202612;513881387;BKR7EIX-4;84099100;ES;PT;10;EXW;11;3;;0,3;1;40;;QV999999999999;
INTRA-EX;202612;513881387;8E0971824S-BL;84099100;ES;PT;10;EXW;11;3;;0,2;1;18;;QV999999999999;
INTRA-EX;202612;513881387;FMKC005-BLU;40093100;ES;PT;10;EXW;11;3;;1,4;1;204;;QV999999999999;
INTRA-EX;202612;513881387;DBA43148S-2;87083099;ES;PT;10;EXW;11;3;;27,9;1;381;;QV999999999999;
INTRA-EX;202612;513881387;AC-B58-IT;84213100;ES;PT;10;EXW;11;3;;2,5;1;148;;QV999999999999;
INTRA-EX;202612;513881387;AC-B58-TP;40091100;ES;PT;10;EXW;11;3;;1,7;1;152;;QV999999999999;
INTRA-EX;202612;513881387;001422.999502;84836080;ES;PT;10;EXW;11;3;;7;1;569;;ES77199567k;
INTRA-EX;202612;513881387;613182.654150;87089997;ES;PT;10;EXW;11;3;;0,5;1;62;;ES77199567k;
INTRA-EX;202612;513881387;MMIG-VW-0604;85111000;ES;PT;10;EXW;11;3;;1,5;1;105;;QV999999999999;
INTRA-EX;202612;513881387;BKR7EIX-4;84099100;ES;PT;10;EXW;11;3;;0,3;1;40;;QV999999999999;
INTRA-EX;202612;513881387;AC-200-CFA;87089997;ES;PT;10;EXW;11;3;;0,1;1;24;;QV999999999999;
INTRA-EX;202612;513881387;SAU0432-4P-BK;87083091;ES;PT;10;EXW;11;3;;0,5;1;77;;QV999999999999;
INTRA-EX;202612;513881387;TBP-002;87089997;ES;PT;10;EXW;11;3;;0,2;2;44;;QV999999999999;
INTRA-EX;202612;513881387;FMEDV105R;84814090;ES;PT;10;EXW;11;3;;0,5;1;210;;QV999999999999;
INTRA-EX;202612;513881387;MMFS-STI-08P;84149000;ES;PT;10;EXW;11;3;;5,3;1;183;;ESB66283003;
INTRA-EX;202612;513881387;MMRAD-E46-323;87089997;ES;PT;10;EXW;11;3;;7,2;1;280;;ESB66283003;
INTRA-EX;202612;513881387;AC-45-TP;40091100;FR;PT;10;EXW;11;3;;1,5;1;119;;QV999999999999;
INTRA-EX;202612;513881387;R07-10-2;40091100;FR;PT;10;EXW;11;3;;0,2;1;83;;QV999999999999;
INTRA-EX;202612;513881387;Z1004081-6;85111000;FR;PT;10;EXW;11;3;;0,4;1;141;;QV999999999999;
INTRA-EX;202612;513881387;ATIKP2082;84213100;FR;PT;10;EXW;11;3;;5;1;202;;QV999999999999;
INTRA-EX;202612;513881387;AC-B58-IND;40093100;FR;PT;10;EXW;11;3;;1;1;44;;QV999999999999;
INTRA-EX;202612;513881387;CTS-IT-250;84213100;FR;PT;10;EXW;11;3;;6,6;1;322;;QV999999999999;
INTRA-EX;202612;513881387;AC-200-CP-4;84099100;FR;PT;10;EXW;11;3;;1;1;82;;QV999999999999;
INTRA-EX;202612;513881387;8E0971824S-BL;84099100;FR;PT;10;EXW;11;3;;0,2;1;18;;QV999999999999;
INTRA-EX;202612;513881387;06J103600AFKIT;84099100;FR;PT;10;EXW;11;3;;2,5;1;49;;QV999999999999;
INTRA-EX;202612;513881387;SILZKFR8D7S-4;85111000;FR;PT;10;EXW;11;3;;0,3;1;34;;QV999999999999;
INTRA-EX;202612;513881387;IZKR7B-6;85111000;FR;PT;10;EXW;11;3;;0,4;1;60;;QV999999999999;
INTRA-EX;202612;513881387;ILFR6B-5;84099100;FR;PT;10;EXW;11;3;;0,3;1;46;;QV999999999999;
INTRA-EX;202612;513881387;ATMSFO4;87089997;FR;PT;10;EXW;11;3;;1,2;1;101;;QV999999999999;
INTRA-EX;202612;513881387;MMTS-FOC-05;90321020;FR;PT;10;EXW;11;3;;0,1;1;65;;QV999999999999;
INTRA-EX;202612;513881387;TS-0801-1002;87089997;FR;PT;10;EXW;11;3;;0,2;1;85;;QV999999999999;
INTRA-EX;202612;513881387;E10-75-003-15-22;73202081;FR;PT;10;EXW;11;3;;10;1;182;;QV999999999999;
INTRA-EX;202612;513881387;BKR7EIX-4;84099100;FR;PT;10;EXW;11;3;;0,3;1;40;;QV999999999999;
INTRA-EX;202612;513881387;SILZKBR8D8S-6;84099100;FR;PT;10;EXW;11;3;;0,4;1;68;;QV999999999999;
INTRA-EX;202612;513881387;AC-MQB-IC;84198998;FR;PT;10;EXW;11;3;;16,3;1;419;;QV999999999999;
INTRA-EX;202612;513881387;VWR12G7R600FO;84213100;FR;PT;10;EXW;11;3;;0,5;1;108;;QV999999999999;
INTRA-EX;202612;513881387;SSTP011;87089235;FR;PT;10;EXW;11;3;;8;1;130;;QV999999999999;
INTRA-EX;202612;513881387;VWR17G7R600;40091100;FR;PT;10;EXW;11;3;;0,2;1;54;;QV999999999999;
INTRA-EX;202612;513881387;SILZKGR8B8S-6;85111000;FR;PT;10;EXW;11;3;;0,4;1;59;;QV999999999999;
INTRA-EX;202612;513881387;PP1667;84213100;FR;PT;10;EXW;11;3;;0,7;1;74;;QV999999999999;
INTRA-EX;202612;513881387;ILZKAR7A10-8;85111000;FR;PT;10;EXW;11;3;;0,5;1;73;;QV999999999999;
INTRA-EX;202612;513881387;SVW0770-4P-RD;87083091;FR;PT;10;EXW;11;3;;0,5;1;84;;QV999999999999;
INTRA-EX;202612;513881387;SILZKBR8D8S-6;84099100;FR;PT;10;EXW;11;3;;0,4;1;56;;QV999999999999;
INTRA-EX;202612;513881387;AC-VAG-ODP;70102000;SE;PT;10;EXW;11;3;;0,2;1;7;;QV999999999999;
INTRA-EX;202612;513881387;AC-30N-CP-4;85111000;CY;PT;10;EXW;11;3;;1,2;1;94;;QV999999999999;
INTRA-EX;202612;513881387;50003-M45-XL-4;84213100;CY;PT;10;EXW;11;3;;0,3;1;82;;QV999999999999;
INTRA-EX;202612;513881387;FMBP6;87089997;FI;PT;10;EXW;11;3;;1,2;1;101;;QV999999999999;
INTRA-EX;202612;513881387;FMDVMK7A-BLA;87089997;RO;PT;10;EXW;11;3;;0,6;1;192;;QV999999999999;
INTRA-EX;202612;513881387;VWR180001;84212300;SI;PT;10;EXW;11;3;;0,2;1;50;;QV999999999999;
INTRA-EX;202612;513881387;VWR18G700-SERV;87089997;SI;PT;10;EXW;11;3;;0,1;1;30;;QV999999999999;
INTRA-EX;202612;513881387;EVE-TRB8V8S-LHD-STK;84213100;HU;PT;10;EXW;11;3;;1,4;1;578;;QV999999999999;
INTRA-EX;202612;513881387;CI100035-B;84213100;BE;PT;10;EXW;11;3;;1,7;1;334;;QV999999999999;
INTRA-EX;202612;513881387;S90-4-20-010;87087050;BE;PT;10;EXW;11;3;;1,6;1;134;;QV999999999999;
INTRA-EX;202612;513881387;S90-4-15-007;87087050;BE;PT;10;EXW;11;3;;1,6;1;121;;QV999999999999;
INTRA-EX;202612;513881387;420121321;84099100;ES;PT;10;EXW;11;3;;0,1;1;29;;ES44289456N;
INTRA-EX;202612;513881387;216BFWGBOSM;90262020;ES;PT;10;EXW;11;3;;0,3;1;35;;ES44289456N;
INTRA-EX;202612;513881387;SRN0616-4P-BK;87083091;ES;PT;10;EXW;11;3;;0,5;1;78;;QV999999999999;
INTRA-EX;202612;513881387;IFR7X8G-4;84099100;ES;PT;10;EXW;11;3;;0,3;1;63;;QV999999999999;
INTRA-EX;202612;513881387;U5001-4;84099100;ES;PT;10;EXW;11;3;;1,5;1;78;;QV999999999999;
INTRA-EX;202612;513881387;AC-IS-TB;87089997;ES;PT;10;EXW;11;3;;0,3;1;43;;QV999999999999;
INTRA-EX;202612;513881387;UR-RU2-858;87088055;ES;PT;10;EXW;11;3;;2,4;1;88;;QV999999999999;
INTRA-EX;202612;513881387;AC-B58-INLET;40091100;ES;PT;10;EXW;11;3;;0,6;1;104;;QV999999999999;
INTRA-EX;202612;513881387;AC-B58-IND;40093100;ES;PT;10;EXW;11;3;;1;1;44;;QV999999999999;
INTRA-EX;202612;513881387;SBW1171-4P-BK;87083091;ES;PT;10;EXW;11;3;;0,5;1;83;;QV999999999999;
INTRA-EX;202612;513881387;50003-M45-XL-4;84213100;ES;PT;10;EXW;11;3;;0,3;1;80;;QV999999999999;
INTRA-EX;202612;513881387;FMAC7SUB;84099100;ES;PT;10;EXW;11;3;;0,6;1;165;;QV999999999999;
INTRA-EX;202612;513881387;FMAS049-YEL;87089997;ES;PT;10;EXW;11;3;;0,2;1;15;;QV999999999999;
INTRA-EX;202612;513881387;06K129717A;87089235;ES;PT;10;EXW;11;3;;0,1;1;6;;QV999999999999;
INTRA-EX;202612;513881387;23PVM001;87083091;ES;PT;10;EXW;11;3;;3;1;80;;QV999999999999;
INTRA-EX;202612;513881387;BKR8EIX-4;85111000;ES;PT;10;EXW;11;3;;0,3;1;42;;QV999999999999;
INTRA-EX;202612;513881387;WHT005184;40091100;ES;PT;10;EXW;11;3;;0,1;1;8;;QV999999999999;
INTRA-EX;202612;513881387;MMRAD-GLF-99;87089135;ES;PT;10;EXW;11;3;;8;1;261;;QV999999999999;
INTRA-EX;202612;513881387;S90-2-12-023-B-BT;87087050;ES;PT;10;EXW;11;3;;1,8;1;114;;QV999999999999;
INTRA-EX;202612;513881387;S90-2-15-055-B-BT;87087050;ES;PT;10;EXW;11;3;;1,8;1;120;;QV999999999999;
INTRA-EX;202612;513881387;CTS-HW-266-187;87089997;FR;PT;10;EXW;11;3;;3,4;1;322;;QV999999999999;
INTRA-EX;202612;513881387;06E898001-6;85111000;FR;PT;10;EXW;11;3;;2,1;1;153;;QV999999999999;
INTRA-EX;202612;513881387;VWR1140S4;84213100;FR;PT;10;EXW;11;3;;0,3;1;107;;QV999999999999;
INTRA-EX;202612;513881387;AC-MK7-HPFP;87089997;FR;PT;10;EXW;11;3;;1,6;1;494;;QV999999999999;
INTRA-EX;202612;513881387;FMTIA4-BLA;40093100;FR;PT;10;EXW;11;3;;0,6;1;146;;QV999999999999;
INTRA-EX;202612;513881387;S90-7-20-044-B;87087050;FR;PT;10;EXW;11;3;;3;1;112;;QV999999999999;
INTRA-EX;202612;513881387;URTW-LA2-4001;87088055;FR;PT;10;EXW;11;3;;1,3;1;81;;QV999999999999;
INTRA-EX;202612;513881387;SILFER8C7ES-5;85111000;FR;PT;10;EXW;11;3;;0,3;1;61;;QV999999999999;
INTRA-EX;202612;513881387;Z-331238;87089997;FR;PT;10;EXW;11;3;;2;1;169;;QV999999999999;
INTRA-EX;202612;513881387;ES-335300;87089997;FR;PT;10;EXW;11;3;;0,9;1;46;;QV999999999999;
INTRA-EX;202612;513881387;PF04;85444290;FR;PT;10;EXW;11;3;;0,2;1;206;;QV999999999999;
INTRA-EX;202612;513881387;FMACVAG06;84099100;FR;PT;10;EXW;11;3;;0,6;1;144;;QV999999999999;
INTRA-EX;202612;513881387;8E0971824S-RD;84099100;FR;PT;10;EXW;11;3;;0,2;2;28;;QV999999999999;
INTRA-EX;202612;513881387;R7437-9-4;87089997;FR;PT;10;EXW;11;3;;0,3;1;171;;QV999999999999;
INTRA-EX;202612;513881387;MS100204-4;84099100;FR;PT;10;EXW;11;3;;1,7;1;183;;QV999999999999;
INTRA-EX;202612;513881387;VWR630000;87141030;FR;PT;10;EXW;11;3;;1,9;1;155;;QV999999999999;
INTRA-EX;202612;513881387;06J103600AFKIT;84099100;FR;PT;10;EXW;11;3;;2,5;1;49;;QV999999999999;
INTRA-EX;202612;513881387;ES-361077;87089997;FR;PT;10;EXW;11;3;;2,2;1;61;;QV999999999999;
INTRA-EX;202612;513881387;RBF600;27101999;FR;PT;10;EXW;11;3;;0,6;2;19;;QV999999999999;
INTRA-EX;202612;513881387;AC-200-CFA-KIT;87089997;FR;PT;10;EXW;11;3;;0,1;1;32;;QV999999999999;
INTRA-EX;202612;513881387;FMIND32A3-RED;84213100;FR;PT;10;EXW;11;3;;4,5;1;264;;FR55823261680;
INTRA-EX;202612;513881387;U5055-6;84099100;FR;PT;10;EXW;11;3;;2,1;1;132;;QV999999999999;
INTRA-EX;202612;513881387;EVE-151-G2-FTR;84213100;FR;PT;10;EXW;11;3;;0,5;1;85;;QV999999999999;
INTRA-EX;202612;513881387;BKR7EIX-4;84099100;FR;PT;10;EXW;11;3;;0,3;1;40;;QV999999999999;
INTRA-EX;202612;513881387;AC-200-VRA;87089997;FR;PT;10;EXW;11;3;;0,2;1;29;;QV999999999999;
INTRA-EX;202612;513881387;AC-B58-INLET;40091100;FR;PT;10;EXW;11;3;;0,6;1;104;;QV999999999999;
INTRA-EX;202612;513881387;U5001-4;84099100;FR;PT;10;EXW;11;3;;1,5;1;79;;QV999999999999;
INTRA-EX;202612;513881387;CTS-IT-210;40091100;FR;PT;10;EXW;11;3;;1,1;1;172;;QV999999999999;
INTRA-EX;202612;513881387;AC-MK7R-DP;87089235;FR;PT;10;EXW;11;3;;11,6;1;277;;FR36942035684;
INTRA-EX;202612;513881387;CTS-EXH-CB-0020-2;87089235;FR;PT;10;EXW;11;3;;27,5;1;779;;FR36942035684;
INTRA-EX;202612;513881387;ACSP1;84099100;FR;PT;10;EXW;11;3;;0,5;1;22;;QV999999999999;
INTRA-EX;202612;513881387;AC-200-HPFP;87089997;FR;PT;10;EXW;11;3;;1;1;479;;QV999999999999;
INTRA-EX;202612;513881387;AFT-01;84213100;FR;PT;10;EXW;11;3;;1;1;66;;QV999999999999;
INTRA-EX;202612;513881387;FMTTBH-;87089997;FR;PT;10;EXW;11;3;;0,1;1;45;;QV999999999999;
INTRA-EX;202612;513881387;CTS-IT-166;84213100;FR;PT;10;EXW;11;3;;3;1;232;;QV999999999999;
INTRA-EX;202612;513881387;06K129717A;87089235;FR;PT;10;EXW;11;3;;0,1;1;6;;QV999999999999;
INTRA-EX;202612;513881387;03K906051;90269000;FR;PT;10;EXW;11;3;;0,1;1;19;;QV999999999999;
INTRA-EX;202612;513881387;WKE359M775;87082910;FR;PT;10;EXW;11;3;;2,4;1;788;;FR50982156473;
INTRA-EX;202612;513881387;4B7787H-STD;40091100;FR;PT;10;EXW;11;3;;0,3;1;105;;FR50982156473;
INTRA-EX;202612;513881387;5M7788H-STD;40091100;FR;PT;10;EXW;11;3;;0,2;1;132;;FR50982156473;
INTRA-EX;202612;513881387;3795704935BK;87149210;FR;PT;10;EXW;11;3;;6,9;2;567;;FR10919254805;
INTRA-EX;202612;513881387;RPF1RS158FGM;87087010;FR;PT;10;EXW;11;3;;6,8;2;629;;FR10919254805;
INTRA-EX;202612;513881387;DBA53004SLVS-2;87089997;FR;PT;10;EXW;11;3;;28;1;1141;;FR41898071535;
INTRA-EX;202612;513881387;CTS-HW-0271;84099100;FR;PT;10;EXW;11;3;;0,4;1;83;;FR64538852930;
INTRA-EX;202612;513881387;ARMABMW335-A;84213100;FR;PT;10;EXW;11;3;;5,9;1;980;;FR64538852930;
INTRA-EX;202612;513881387;MMTW-235;87089997;FR;PT;10;EXW;11;3;;0,7;1;65;;FR20899122717;
INTRA-EX;202612;513881387;HCRF8-DD1;87089235;FR;PT;10;EXW;11;3;;3,1;1;745;;FR20899122717;
INTRA-EX;202612;513881387;1K0121407A;87089997;FR;PT;10;EXW;11;3;;0,8;1;11;;FR25831629860;
INTRA-EX;202612;513881387;001394.999502;84836080;FR;PT;10;EXW;11;3;;6,7;1;683;;FR25831629860;
INTRA-EX;202612;513881387;613182.654150;87089997;FR;PT;10;EXW;11;3;;0,5;1;75;;FR25831629860;
INTRA-EX;202612;513881387;06E898001-4;85111000;FR;PT;10;EXW;11;3;;1,5;1;122;;FR25831629860;
INTRA-EX;202612;513881387;SAUC106;87089235;FR;PT;10;EXW;11;3;;10,2;1;949;;FR92901672386;
INTRA-EX;202612;513881387;XA-S1;87089235;FR;PT;10;EXW;11;3;;6,8;1;1229;;FR05522412154;
INTRA-EX;202612;513881387;AFT-01;84213100;FR;PT;10;EXW;11;3;;1;1;79;;FR05522412154;
INTRA-EX;202612;513881387;MDB-MT;84213100;FR;PT;10;EXW;11;3;;0,2;1;15;;FR05522412154;
INTRA-EX;202612;513881387;BMR78XZ;87088055;FR;PT;10;EXW;11;3;;3;1;248;;FR06821613569;
INTRA-EX;202612;513881387;BMF51X;87088055;FR;PT;10;EXW;11;3;;7,9;1;208;;FR06821613569;
INTRA-EX;202612;513881387;KLC151;87088055;FR;PT;10;EXW;11;3;;1;1;145;;FR06821613569;
INTRA-EX;202612;513881387;KLC157;87088055;FR;PT;10;EXW;11;3;;0,9;1;145;;FR06821613569;
INTRA-EX;202612;513881387;WA402;87088055;FR;PT;10;EXW;11;3;;1,7;2;164;;FR06821613569;
INTRA-EX;202612;513881387;FR-0529;84213100;FR;PT;10;EXW;11;3;;4,2;1;1605;;FR07818794620;
INTRA-EX;202612;513881387;CTS-IT-963;84213100;FR;PT;10;EXW;11;3;;7;1;539;;FR08848538377;
INTRA-EX;202612;513881387;VWR3130RS;87088035;FR;PT;10;EXW;11;3;;9,2;1;322;;FR08848538377;
INTRA-EX;202612;513881387;CTS-HW-360;40091100;FR;PT;10;EXW;11;3;;1,4;1;299;;FR08848538377;
INTRA-EX;202612;513881387;284779;87082910;FR;PT;10;EXW;11;3;;2,5;1;766;;FR09538385113;
INTRA-EX;202612;513881387;R-AUD-001-I;84099100;FR;PT;10;EXW;11;3;;3,5;1;591;;FR09538385113;
INTRA-EX;202612;513881387;4B1609H-STD;40091100;FR;PT;10;EXW;11;3;;0,5;1;56;;FR09538385113;
INTRA-EX;202612;513881387;FRI-0194;84213100;FR;PT;10;EXW;11;3;;3,8;1;1119;;FR11452992845;
INTRA-EX;202612;513881387;CTS-IT-288;84213100;FR;PT;10;EXW;11;3;;2,2;1;359;;FR12792690208;
INTRA-EX;202612;513881387;CTS-IT-289;84213100;FR;PT;10;EXW;11;3;;3,3;1;386;;FR12792690208;
INTRA-EX;202612;513881387;CTS-IT-312;87089997;FR;PT;10;EXW;11;3;;0,6;1;154;;FR12792690208;
INTRA-EX;202612;513881387;mmai-cla45-14bk;84213100;FR;PT;10;EXW;11;3;;4,1;1;503;;FR12812220770;
INTRA-EX;202612;513881387;AC-45-DP;87089235;FR;PT;10;EXW;11;3;;9,2;1;359;;FR12812220770;
INTRA-EX;202612;513881387;883089.000034;84836080;FR;PT;10;EXW;11;3;;15,5;1;1408;;FR13529158636;
INTRA-EX;202612;513881387;613182.654150;87089997;FR;PT;10;EXW;11;3;;0,5;1;75;;FR13529158636;
INTRA-EX;202612;513881387;1050.34.14.14.5;;FR;PT;10;EXW;11;3;;0,1;1;799;;FR14503639650;
INTRA-EX;202612;513881387;20FO33019X-Y;87089997;FR;PT;10;EXW;11;3;;26,7;1;1387;;FR16812002004;
INTRA-EX;202612;513881387;F2288P+F2289P+F2292P+F229;;FR;PT;10;EXW;11;3;;0,1;1;1032;;FR16892316258;
INTRA-EX;202612;513881387;ATMSP&C4;40091100;FR;PT;10;EXW;11;3;;6;1;363;;FR18809388663;
INTRA-EX;202612;513881387;ATINTP308;87089135;FR;PT;10;EXW;11;3;;11,3;1;583;;FR18809388663;
INTRA-EX;202612;513881387;ATMSP&C2;87089997;FR;PT;10;EXW;11;3;;3;1;309;;FR18809388663;
INTRA-EX;202612;513881387;20FI33001X-RD;87089997;FR;PT;10;EXW;11;3;;30;1;1199;;FR21842127813;
INTRA-EX;202612;513881387;SSE0420-4P-BK;87083091;FR;PT;10;EXW;11;3;;0,5;1;116;;FR23812965960;
INTRA-EX;202612;513881387;613182.654150;87089997;FR;PT;10;EXW;11;3;;0,5;1;75;;FR23812965960;
INTRA-EX;202612;513881387;001394.999502;84836080;FR;PT;10;EXW;11;3;;6,7;1;683;;FR23812965960;
INTRA-EX;202612;513881387;XF18950-4005GDG-4;87088035;FR;PT;10;EXW;11;3;;45;1;1592;;FR23813497617;
INTRA-EX;202612;513881387;FMINT27;87089199;FR;PT;10;EXW;11;3;;18;1;768;;FR23829958032;
INTRA-EX;202612;513881387;FMOC13-BLA;87089997;FR;PT;10;EXW;11;3;;3,6;1;549;;FR23829958032;
INTRA-EX;202612;513881387;CTS-IT-932;84213100;FR;PT;10;EXW;11;3;;1,4;1;359;;FR29825099401;
INTRA-EX;202612;513881387;CTS-HW-524;84099100;FR;PT;10;EXW;11;3;;4,6;1;1274;;FR29825099401;
