FLUXO;PERIODO;NIF;REF;NC;PAIS;PORIGEM;REGIAO;CODENT;NATTRA;MODTRA;AERPOR;MASSA;UNSUP;VALFAC;"VAL ESTAT";ADQNIF;ERRO
INTRA-EX;202410;513881387;SHD0380-4P-RD;87083091;AT;PT;10;EXW;11;3;;0,5;1;77;;QV999999999999;
INTRA-EX;202410;513881387;FMDV33A-A;87089997;HR;PT;10;EXW;11;3;;0,7;1;197;;QV999999999999;
INTRA-EX;202410;513881387;CTS-IGN-007;84099100;GR;PT;10;EXW;11;3;;0,3;8;271;;QV999999999999;
INTRA-EX;202410;513881387;AC-IS-TB;87089997;GR;PT;10;EXW;11;3;;0,3;1;42;;QV999999999999;
INTRA-EX;202410;513881387;R10-10-2;40091100;DE;PT;10;EXW;11;3;;0,3;1;84;;QV999999999999;
INTRA-EX;202410;513881387;AC-200-CFA-KIT;87089997;DE;PT;10;EXW;11;3;;0,1;1;32;;QV999999999999;
INTRA-EX;202410;513881387;1K0253144BD;40091100;DE;PT;10;EXW;11;3;;0,2;1;9;;QV999999999999;
INTRA-EX;202410;513881387;06D115562;84099100;DE;PT;10;EXW;11;3;;0,2;1;4;;QV999999999999;
INTRA-EX;202410;513881387;FMCTMK7;84099100;PL;PT;10;EXW;11;3;;1,6;1;303;;QV999999999999;
INTRA-EX;202410;513881387;DILKAR7C9H-4;85111000;BE;PT;10;EXW;11;3;;0,2;1;52;;QV999999999999;
INTRA-EX;202410;513881387;VWR12G7R600FO;84213100;BE;PT;10;EXW;11;3;;0,5;1;91;;QV999999999999;
INTRA-EX;202410;513881387;CTS-IGN-007;84099100;BE;PT;10;EXW;11;3;;0,3;4;139;;QV999999999999;
INTRA-EX;202410;513881387;VWR19G704;70102000;BE;PT;10;EXW;11;3;;0,1;1;73;;QV999999999999;
INTRA-EX;202410;513881387;VWR19G703;70102000;BE;PT;10;EXW;11;3;;0,2;1;85;;QV999999999999;
INTRA-EX;202410;513881387;VWR19G707;84213100;BE;PT;10;EXW;11;3;;0,1;1;73;;QV999999999999;
INTRA-EX;202410;513881387;VWR19G701;87089997;BE;PT;10;EXW;11;3;;0,2;1;60;;QV999999999999;
INTRA-EX;202410;513881387;VWR19G702;70102000;BE;PT;10;EXW;11;3;;0,1;1;73;;QV999999999999;
INTRA-EX;202410;513881387;AC-S55-OTC;84213100;BE;PT;10;EXW;11;3;;0,3;1;37;;BE0738962034;
INTRA-EX;202410;513881387;06D115562;84099100;BE;PT;10;EXW;11;3;;0,2;1;4;;QV999999999999;
INTRA-EX;202410;513881387;AC-VAG-ODP;70102000;BE;PT;10;EXW;11;3;;0,2;1;8;;QV999999999999;
INTRA-EX;202410;513881387;SAU114B;87088055;BE;PT;10;EXW;11;3;;1,3;1;82;;QV999999999999;
INTRA-EX;202410;513881387;EVE-FX34M-PF;84213100;BE;PT;10;EXW;11;3;;1,5;1;142;;BE0740963105;
INTRA-EX;202410;513881387;FMMD7;87089235;IT;PT;10;EXW;11;3;;0,6;1;83;;IT03528320785;
INTRA-EX;202410;513881387;FMDV26A;87089997;IT;PT;10;EXW;11;3;;0,7;1;164;;IT03656931205;
INTRA-EX;202410;513881387;ATMSYGR10;87089997;IT;PT;10;EXW;11;3;;2,5;1;202;;QV999999999999;
INTRA-EX;202410;513881387;FMSS5;87089997;IT;PT;10;EXW;11;3;;0,2;1;54;;QV999999999999;
INTRA-EX;202410;513881387;SILZKGR8B8S-6;85111000;NL;PT;10;EXW;11;3;;0,2;1;58;;QV999999999999;
INTRA-EX;202410;513881387;CTS-IT-341;40091100;NL;PT;10;EXW;11;3;;1,4;1;200;;QV999999999999;
INTRA-EX;202410;513881387;VWR90000;85111000;ES;PT;10;EXW;11;3;;0,3;4;122;;ESB76731736;
INTRA-EX;202410;513881387;CTS-HW-0090;84099100;ES;PT;10;EXW;11;3;;0,5;1;134;;ESB76731736;
INTRA-EX;202410;513881387;CTS-HW-0420R-SL;87089997;ES;PT;10;EXW;11;3;;5;1;562;;ESB76731736;
INTRA-EX;202410;513881387;GTHSB-5;87089997;ES;PT;10;EXW;11;3;;0,1;5;80;;ESB76731736;
INTRA-EX;202410;513881387;9-655-1025;84133080;ES;PT;10;EXW;11;3;;0,8;1;163;;QV999999999999;
INTRA-EX;202410;513881387;ZN8FK;87088035;ES;PT;10;EXW;11;3;;8;1;216;;QV999999999999;
INTRA-EX;202410;513881387;ATMSFO135;87089997;ES;PT;10;EXW;11;3;;1,8;1;116;;QV999999999999;
INTRA-EX;202410;513881387;SVW0630-4P-BK;87083091;ES;PT;10;EXW;11;3;;0,5;1;78;;QV999999999999;
INTRA-EX;202410;513881387;SFDP091;87089235;ES;PT;10;EXW;11;3;;4;1;123;;QV999999999999;
INTRA-EX;202410;513881387;AC-MK7-FU-BK;87088055;ES;PT;10;EXW;11;3;;3;1;81;;QV999999999999;
INTRA-EX;202410;513881387;AC-250-IP;84198998;ES;PT;10;EXW;11;3;;1,9;1;119;;QV999999999999;
INTRA-EX;202410;513881387;JSK-101-DD;84213100;ES;PT;10;EXW;11;3;;4,4;2;499;;ESB42771618;
INTRA-EX;202410;513881387;VWR1200R600E;84213100;ES;PT;10;EXW;11;3;;5,2;1;394;;QV999999999999;
INTRA-EX;202410;513881387;mmai-cla45-14bk;84213100;ES;PT;10;EXW;11;3;;3,8;1;339;;QV999999999999;
INTRA-EX;202410;513881387;FMDVA45A;84814090;ES;PT;10;EXW;11;3;;0,6;1;152;;QV999999999999;
INTRA-EX;202410;513881387;SHY0800-4P-BK;87083091;ES;PT;10;EXW;11;3;;0,8;1;76;;QV999999999999;
INTRA-EX;202410;513881387;SBW0260-6P-BK;87083091;ES;PT;10;EXW;11;3;;0,5;1;116;;QV999999999999;
INTRA-EX;202410;513881387;SVW0706-4P-BK;87083091;ES;PT;10;EXW;11;3;;0,4;1;76;;QV999999999999;
INTRA-EX;202410;513881387;9-654-1025;84133080;ES;PT;10;EXW;11;3;;0,8;1;163;;QV999999999999;
INTRA-EX;202410;513881387;VWR13G700RFK;87089997;FR;PT;10;EXW;11;3;;0,5;1;49;;QV999999999999;
INTRA-EX;202410;513881387;SR-225-RD-ECU;84213100;FR;PT;10;EXW;11;3;;2,5;1;214;;QV999999999999;
INTRA-EX;202410;513881387;ILFR6B-5;84099100;FR;PT;10;EXW;11;3;;0,8;1;46;;QV999999999999;
INTRA-EX;202410;513881387;SP-999;32081090;FR;PT;10;EXW;11;3;;0,5;1;27;;QV999999999999;
INTRA-EX;202410;513881387;R7437-9-5;85111000;FR;PT;10;EXW;11;3;;0,3;1;208;;QV999999999999;
INTRA-EX;202410;513881387;IKR9J8-4;87089997;FR;PT;10;EXW;11;3;;0,2;1;44;;QV999999999999;
INTRA-EX;202410;513881387;MMAI-FOST-13WBK;84213100;FR;PT;10;EXW;11;3;;6,9;1;330;;FR77978902617;
INTRA-EX;202410;513881387;AC-WS-AU-12-BT;87088099;FR;PT;10;EXW;11;3;;1,3;1;50;;QV999999999999;
INTRA-EX;202410;513881387;AC-WS-AU-15-BT;87088099;FR;PT;10;EXW;11;3;;1,3;1;50;;QV999999999999;
INTRA-EX;202410;513881387;06E898001-4;85111000;FR;PT;10;EXW;11;3;;1,2;1;104;;QV999999999999;
INTRA-EX;202410;513881387;BKR7EIX-4;84099100;FR;PT;10;EXW;11;3;;0,5;1;40;;QV999999999999;
INTRA-EX;202410;513881387;SAUP106;87089997;FR;PT;10;EXW;11;3;;10,2;1;349;;QV999999999999;
INTRA-EX;202410;513881387;D650-0009-6;84099100;FR;PT;10;EXW;11;3;;1,8;1;212;;QV999999999999;
INTRA-EX;202410;513881387;SD-3212031;87089997;FR;PT;10;EXW;11;3;;18,9;1;299;;QV999999999999;
INTRA-EX;202410;513881387;ES-331167;87089997;FR;PT;10;EXW;11;3;;1,9;1;61;;QV999999999999;
INTRA-EX;202410;513881387;RBF600;27101999;FR;PT;10;EXW;11;3;;0,6;2;19;;QV999999999999;
INTRA-EX;202410;513881387;ILFR6B-5;84099100;FR;PT;10;EXW;11;3;;0,8;1;46;;QV999999999999;
INTRA-EX;202410;513881387;VWR180000;87089997;FR;PT;10;EXW;11;3;;0,1;1;13;;QV999999999999;
INTRA-EX;202410;513881387;AC-MK7-INLET;40091100;FR;PT;10;EXW;11;3;;0,3;1;67;;QV999999999999;
INTRA-EX;202410;513881387;PF04;85444290;FR;PT;10;EXW;11;3;;0,2;1;206;;QV999999999999;
INTRA-EX;202410;513881387;U5055-6;84099100;FR;PT;10;EXW;11;3;;1,5;1;132;;QV999999999999;
INTRA-EX;202410;513881387;COASRM250;40091100;FR;PT;10;EXW;11;3;;2,6;1;241;;QV999999999999;
INTRA-EX;202410;513881387;IKR9J8-4;87089997;FR;PT;10;EXW;11;3;;0,2;1;44;;QV999999999999;
INTRA-EX;202410;513881387;U5096-4;84099100;FR;PT;10;EXW;11;3;;1,2;1;106;;QV999999999999;
INTRA-EX;202410;513881387;06E898001-4;85111000;FR;PT;10;EXW;11;3;;1,2;1;104;;QV999999999999;
INTRA-EX;202410;513881387;AC-180-CPA;87089997;FR;PT;10;EXW;11;3;;0,5;1;44;;QV999999999999;
INTRA-EX;202410;513881387;4B1609H-STD;40091100;FR;PT;10;EXW;11;3;;0,5;1;44;;QV999999999999;
INTRA-EX;202410;513881387;AC-200-FD;87089997;FR;PT;10;EXW;11;3;;0,5;1;48;;QV999999999999;
INTRA-EX;202410;513881387;AC-200-QS;87089997;FR;PT;10;EXW;11;3;;0,5;1;74;;QV999999999999;
INTRA-EX;202410;513881387;FMSCPS53T;87089997;FR;PT;10;EXW;11;3;;0,7;1;185;;QV999999999999;
INTRA-EX;202410;513881387;06J998907A;87089997;FR;PT;10;EXW;11;3;;0,1;4;23;;QV999999999999;
INTRA-EX;202410;513881387;ESR1581P;84213100;FR;PT;10;EXW;11;3;;4,5;1;314;;QV999999999999;
INTRA-EX;202410;513881387;005EP171484;84099100;FR;PT;10;EXW;11;3;;3,2;1;368;;FR83805029246;
INTRA-EX;202410;513881387;SILFER8C7ES-5;85111000;FR;PT;10;EXW;11;3;;0,3;1;57;;QV999999999999;
INTRA-EX;202410;513881387;SILZKBR8D8S-8;85111000;FR;PT;10;EXW;11;3;;0,4;1;88;;QV999999999999;
INTRA-EX;202410;513881387;SR-225-BK-ECU;84213100;FR;PT;10;EXW;11;3;;2,5;1;214;;QV999999999999;
INTRA-EX;202410;513881387;WB-232;84213100;FR;PT;10;EXW;11;3;;0,2;1;39;;QV999999999999;
INTRA-EX;202410;513881387;U5001-4;84099100;FR;PT;10;EXW;11;3;;1,2;1;79;;QV999999999999;
INTRA-EX;202410;513881387;KLC167A;87088055;FR;PT;10;EXW;11;3;;1,4;1;121;;QV999999999999;
INTRA-EX;202410;513881387;D650-0009-6;84099100;FR;PT;10;EXW;11;3;;1,8;1;212;;QV999999999999;
INTRA-EX;202410;513881387;ILKAR7L11-4;85111000;FR;PT;10;EXW;11;3;;0,2;1;68;;QV999999999999;
INTRA-EX;202410;513881387;AC-200-TP;40091100;FR;PT;10;EXW;11;3;;1,7;1;112;;QV999999999999;
INTRA-EX;202410;513881387;URKR-TW2-4201;87088055;FR;PT;10;EXW;11;3;;2,9;1;149;;QV999999999999;
INTRA-EX;202410;513881387;WA302R+L;87088055;FR;PT;10;EXW;11;3;;5,5;1;191;;QV999999999999;
INTRA-EX;202410;513881387;SAUP087;87089997;FR;PT;10;EXW;11;3;;12,4;1;303;;FR76819650474;
INTRA-EX;202410;513881387;SILZKGR8B8S-6;85111000;FR;PT;10;EXW;11;3;;0,2;1;59;;FR53884052614;
INTRA-EX;202410;513881387;SILZKBR8D8S-6;84099100;FR;PT;10;EXW;11;3;;0,2;1;66;;QV999999999999;
INTRA-EX;202410;513881387;R7437-9-4;87089997;FR;PT;10;EXW;11;3;;0,2;1;166;;QV999999999999;
INTRA-EX;202410;513881387;06J103600AFKIT;84099100;FR;PT;10;EXW;11;3;;2,5;1;49;;QV999999999999;
INTRA-EX;202410;513881387;MMRAD-240-89KA;87089135;LT;PT;10;EXW;11;3;;8,5;1;213;;QV999999999999;
INTRA-EX;202410;513881387;AC-200-QS;87089997;CZ;PT;10;EXW;11;3;;0,5;2;99;;CZ05681197;
INTRA-EX;202410;513881387;AC-200-CP;84099100;CZ;PT;10;EXW;11;3;;0,3;4;54;;CZ05681197;
INTRA-EX;202410;513881387;AC-MK7-CP;84099100;CZ;PT;10;EXW;11;3;;0,3;4;71;;CZ05681197;
INTRA-EX;202410;513881387;AC-MK7-CP-BL;84099100;CZ;PT;10;EXW;11;3;;0,3;4;71;;CZ05681197;
INTRA-EX;202410;513881387;MMOC-RS-16TBK;87089135;SK;PT;10;EXW;11;3;;6;1;537;;SK2120270581;
INTRA-EX;202410;513881387;ATMSBMW24;87089997;HR;PT;10;EXW;11;3;;0,5;1;131;;QV999999999999;
INTRA-EX;202410;513881387;CTS-IT-340;84213100;HR;PT;10;EXW;11;3;;3,4;1;276;;HR59018407849;
INTRA-EX;202410;513881387;FMKCREN197-BK;40093100;DE;PT;10;EXW;11;3;;3;1;245;;QV999999999999;
INTRA-EX;202410;513881387;WHT005184;40091100;BE;PT;10;EXW;11;3;;0,1;2;16;;QV999999999999;
INTRA-EX;202410;513881387;PF04;85444290;IT;PT;10;EXW;11;3;;0,2;1;202;;QV999999999999;
INTRA-EX;202410;513881387;06J103600AF;84099100;IT;PT;10;EXW;11;3;;2,5;1;14;;IT03815490929;
INTRA-EX;202410;513881387;6-1002-FRB;84133080;IT;PT;10;EXW;11;3;;0,4;1;90;;IT03815490929;
INTRA-EX;202410;513881387;10.127.100K;84132000;IT;PT;10;EXW;11;3;;0,3;1;227;;IT03815490929;
INTRA-EX;202410;513881387;06D115562;84099100;IT;PT;10;EXW;11;3;;0,2;5;16;;IT03815490929;
INTRA-EX;202410;513881387;10.127.203K;84132000;IT;PT;10;EXW;11;3;;0,3;1;227;;IT14481871003;
INTRA-EX;202410;513881387;AC-200-TB;87088055;IT;PT;10;EXW;11;3;;0,5;1;53;;IT14481871003;
INTRA-EX;202410;513881387;BKR8EIX;85111000;IT;PT;10;EXW;11;3;;0,1;12;106;;IT14481871003;
INTRA-EX;202410;513881387;U5014;84099100;IT;PT;10;EXW;11;3;;0,3;12;256;;IT14481871003;
INTRA-EX;202410;513881387;SILFER8C7ES;85111000;IT;PT;10;EXW;11;3;;0,1;8;76;;IT14481871003;
INTRA-EX;202410;513881387;VWR420000;87089997;IT;PT;10;EXW;11;3;;2;1;159;;IT14481871003;
INTRA-EX;202410;513881387;EVE-G8XM-CF-ENG;84213100;IT;PT;10;EXW;11;3;;4,2;1;675;;IT03813391202;
INTRA-EX;202410;513881387;EVE-G8XMV2-CF-INT;84213100;IT;PT;10;EXW;11;3;;7,7;1;1987;;IT03813391202;
INTRA-EX;202410;513881387;EVE-GR4-CF-INT;84213100;IT;PT;10;EXW;11;3;;5,7;1;975;;IT03813391202;
INTRA-EX;202410;513881387;VWR12G7R600FO;84213100;IT;PT;10;EXW;11;3;;0,5;2;153;;IT12034500012;
INTRA-EX;202410;513881387;VWR12G7R601FO;84213100;IT;PT;10;EXW;11;3;;0,9;3;337;;IT12034500012;
INTRA-EX;202410;513881387;VWR1200R601E;84213100;IT;PT;10;EXW;11;3;;5,2;2;676;;IT12034500012;
INTRA-EX;202410;513881387;L3P3VGT7;87089997;IT;PT;10;EXW;11;3;;1;1;252;;IT12034500012;
INTRA-EX;202410;513881387;ACSP1;84099100;IT;PT;10;EXW;11;3;;0,5;1;18;;IT12034500012;
INTRA-EX;202410;513881387;VWR1200R600E;84213100;IT;PT;10;EXW;11;3;;5,2;1;309;;IT03813391202;
INTRA-EX;202410;513881387;VWR12G5GT;842131000;NL;PT;10;EXW;11;3;;3;1;333;;NL002241494B08;
INTRA-EX;202410;513881387;MMBCC-MUS4-15PBE;84099100;ES;PT;10;EXW;11;3;;2,6;1;143;;QV999999999999;
INTRA-EX;202410;513881387;SD-3158900;87089997;ES;PT;10;EXW;11;3;;8,5;1;167;;QV999999999999;
INTRA-EX;202410;513881387;SD-3118264;87089997;ES;PT;10;EXW;11;3;;9,9;1;173;;QV999999999999;
INTRA-EX;202410;513881387;FMVWQS;87089997;ES;PT;10;EXW;11;3;;0,7;1;107;;QV999999999999;
INTRA-EX;202410;513881387;KDT924;87088055;ES;PT;10;EXW;11;3;;1;1;84;;QV999999999999;
INTRA-EX;202410;513881387;KDT925;87089997;ES;PT;10;EXW;11;3;;0,5;1;49;;QV999999999999;
INTRA-EX;202410;513881387;PP1762;84213100;ES;PT;10;EXW;11;3;;0,8;1;41;;QV999999999999;
INTRA-EX;202410;513881387;ES-315086;87089997;ES;PT;10;EXW;11;3;;1,1;1;53;;QV999999999999;
INTRA-EX;202410;513881387;BSF33Z;87088056;ES;PT;10;EXW;11;3;;4,4;1;172;;QV999999999999;
INTRA-EX;202410;513881387;AC-MK7-FU-RD;87088055;ES;PT;10;EXW;11;3;;3;1;59;;ES33558767L;
INTRA-EX;202410;513881387;MMFS-CIV-92;87089997;ES;PT;10;EXW;11;3;;3,3;1;102;;ES33558767L;
INTRA-EX;202410;513881387;MMGRT-215;87089997;ES;PT;10;EXW;11;3;;0,1;1;21;;ES33558767L;
INTRA-EX;202410;513881387;VWR900001;85111000;ES;PT;10;EXW;11;3;;0,3;4;122;;ES33558767L;
INTRA-EX;202410;513881387;VWR90000;85111000;ES;PT;10;EXW;11;3;;0,3;3;91;;ES33558767L;
INTRA-EX;202410;513881387;CTS-IT-220R;84213100;ES;PT;10;EXW;11;3;;4,5;1;247;;ESB04855516;
INTRA-EX;202410;513881387;AC-NA-FU;87088055;ES;PT;10;EXW;11;3;;3;1;63;;ESB67084251;
INTRA-EX;202410;513881387;AC-MK7-HPFP;87089997;ES;PT;10;EXW;11;3;;1,6;1;335;;ESB67084251;
INTRA-EX;202410;513881387;9-201-0848;84133080;ES;PT;10;EXW;11;3;;0,6;1;70;;ESB67084251;
INTRA-EX;202410;513881387;9-201s-1005;84133080;ES;PT;10;EXW;11;3;;0,6;1;70;;ESB67084251;
INTRA-EX;202410;513881387;9-201-1020;84133080;ES;PT;10;EXW;11;3;;0,5;1;70;;ESB67084251;
INTRA-EX;202410;513881387;AC-MK7-CP-BL;84099100;ES;PT;10;EXW;11;3;;0,3;8;143;;ESB67084251;
INTRA-EX;202410;513881387;AC-MK7-INLET;40091100;ES;PT;10;EXW;11;3;;0,3;5;227;;ESB67084251;
INTRA-EX;202410;513881387;AC-200-HPFP;87089997;ES;PT;10;EXW;11;3;;1;1;323;;ESB67084251;
INTRA-EX;202410;513881387;AC-VAG-ODP;70102000;ES;PT;10;EXW;11;3;;0,2;3;17;;ESB67084251;
INTRA-EX;202410;513881387;AC-200-CP;84099100;ES;PT;10;EXW;11;3;;0,3;38;522;;ESB67084251;
INTRA-EX;202410;513881387;AC-MK7-CP;84099100;ES;PT;10;EXW;11;3;;0,3;27;485;;ESB67084251;
INTRA-EX;202410;513881387;AC-200-VRH-RD;40093100;ES;PT;10;EXW;11;3;;0,6;4;62;;ESB67084251;
INTRA-EX;202410;513881387;AC-MK4-FU;87088055;ES;PT;10;EXW;11;3;;3,1;2;117;;ESB67084251;
INTRA-EX;202410;513881387;AC-180-EM;87089997;ES;PT;10;EXW;11;3;;2,3;2;109;;ESB67084251;
INTRA-EX;202410;513881387;AC-500-QS;87089997;ES;PT;10;EXW;11;3;;0,4;1;24;;ESB67084251;
INTRA-EX;202410;513881387;AC-200-CFA;87089997;ES;PT;10;EXW;11;3;;0,1;1;16;;ESB67084251;
INTRA-EX;202410;513881387;KLC150;87088035;ES;PT;10;EXW;11;3;;1;1;85;;ES38873546G;
INTRA-EX;202410;513881387;VWR1200R600E;84213100;ES;PT;10;EXW;11;3;;5,2;1;309;;ES33558767L;
INTRA-EX;202410;513881387;VWR13G700;84099100;ES;PT;10;EXW;11;3;;2,8;1;468;;ESB86420924;
INTRA-EX;202410;513881387;MMFS-240-89KA;84149000;ES;PT;10;EXW;11;3;;5,2;1;139;;ESB66283003;
INTRA-EX;202410;513881387;30-3300;87089997;ES;PT;10;EXW;11;3;;4,9;1;399;;ESB66283003;
INTRA-EX;202410;513881387;10.127.101K;84133080;FR;PT;10;EXW;11;3;;0,3;1;314;;QV999999999999;
INTRA-EX;202410;513881387;10.127.101TK;87089997;FR;PT;10;EXW;11;3;;0,3;1;23;;QV999999999999;
INTRA-EX;202410;513881387;ILFR7H-5;85111000;FR;PT;10;EXW;11;3;;0,2;1;67;;QV999999999999;
INTRA-EX;202410;513881387;058198025A;87089997;FR;PT;10;EXW;11;3;;0,3;1;8;;QV999999999999;
INTRA-EX;202410;513881387;AC-WS-15-BT;87088099;FR;PT;10;EXW;11;3;;2,3;1;50;;QV999999999999;
INTRA-EX;202410;513881387;TS-0223-1266;87089997;FR;PT;10;EXW;11;3;;0,4;1;183;;QV999999999999;
INTRA-EX;202410;513881387;ILFR6B-5;84099100;FR;PT;10;EXW;11;3;;0,8;1;46;;QV999999999999;
INTRA-EX;202410;513881387;06J998907A;87089997;FR;PT;10;EXW;11;3;;0,1;4;23;;QV999999999999;
INTRA-EX;202410;513881387;PF04;85444290;FR;PT;10;EXW;11;3;;0,2;1;206;;QV999999999999;
INTRA-EX;202410;513881387;10.127.203K;84132000;FR;PT;10;EXW;11;3;;0,3;1;314;;QV999999999999;
INTRA-EX;202410;513881387;10.127.203T;87089997;FR;PT;10;EXW;11;3;;0,1;1;14;;QV999999999999;
INTRA-EX;202410;513881387;BPR8EIX-4;85111000;FR;PT;10;EXW;11;3;;0,2;1;41;;QV999999999999;
INTRA-EX;202410;513881387;SILZKBR8D8S-6;84099100;FR;PT;10;EXW;11;3;;0,2;6;398;;FR35504243288;
INTRA-EX;202410;513881387;U5055-6;84099100;FR;PT;10;EXW;11;3;;1,5;2;264;;FR35504243288;
INTRA-EX;202410;513881387;E10-15-007-08-22;73202081;FR;PT;10;EXW;11;3;;11,4;1;149;;QV999999999999;
INTRA-EX;202410;513881387;5M5585H-STD;40091100;FR;PT;10;EXW;11;3;;0,3;1;91;;FR96881981161;
INTRA-EX;202410;513881387;AC-S55-CHP;84835020;FR;PT;10;EXW;11;3;;0,3;1;74;;FR08889693925;
INTRA-EX;202410;513881387;FMINDDS3-BK;84213100;FR;PT;10;EXW;11;3;;1,2;1;126;;QV999999999999;
INTRA-EX;202410;513881387;FMACVAG06;84099100;FR;PT;10;EXW;11;3;;0,6;1;141;;QV999999999999;
INTRA-EX;202410;513881387;FMDV21;84818040;FR;PT;10;EXW;11;3;;1,5;1;147;;QV999999999999;
INTRA-EX;202410;513881387;FMBH4-RD;40091100;FR;PT;10;EXW;11;3;;0,3;1;19;;QV999999999999;
INTRA-EX;202410;513881387;MMRAD-350Z-07;87089135;FR;PT;10;EXW;11;3;;7,2;1;277;;QV999999999999;
INTRA-EX;202410;513881387;R7437-9-4;87089997;FR;PT;10;EXW;11;3;;0,2;2;332;;QV999999999999;
INTRA-EX;202410;513881387;RPF-1742;84213100;FR;PT;10;EXW;11;3;;0,3;3;76;;QV999999999999;
INTRA-EX;202410;513881387;DILKAR8R9HS-4;85111000;FR;PT;10;EXW;11;3;;0,6;1;62;;QV999999999999;
INTRA-EX;202410;513881387;VWR31G7GT;87088035;FR;PT;10;EXW;11;3;;8;1;241;;QV999999999999;
INTRA-EX;202410;513881387;AC-WS-10;87088099;FR;PT;10;EXW;11;3;;2,3;1;34;;QV999999999999;
INTRA-EX;202410;513881387;BKR8EIX-8;85111000;FR;PT;10;EXW;11;3;;0,4;1;83;;QV999999999999;
INTRA-EX;202410;513881387;06E898001-8;85111000;FR;PT;10;EXW;11;3;;1,9;1;209;;QV999999999999;
INTRA-EX;202410;513881387;RF100026;84099100;FR;PT;10;EXW;11;3;;0,6;1;44;;QV999999999999;
INTRA-EX;202410;513881387;079133074B;87089997;FR;PT;10;EXW;11;3;;0,1;2;22;;QV999999999999;
INTRA-EX;202410;513881387;UR-RL4-1653;87088055;FR;PT;10;EXW;11;3;;1,9;1;116;;QV999999999999;
INTRA-EX;202410;513881387;UE-TW2-1212;87088055;FR;PT;10;EXW;11;3;;1,7;1;104;;QV999999999999;
INTRA-EX;202410;513881387;ILFR7H-5;85111000;FR;PT;10;EXW;11;3;;0,2;1;67;;QV999999999999;
INTRA-EX;202410;513881387;SAUC040;87089235;FR;PT;10;EXW;11;3;;6;1;277;;FR82530667591;
INTRA-EX;202410;513881387;BWF19XZ;87088055;FR;PT;10;EXW;11;3;;5,5;1;136;;FR05802699280;
INTRA-EX;202410;513881387;KTA253;87089235;FR;PT;10;EXW;11;3;;7,5;1;300;;FR05802699280;
INTRA-EX;202410;513881387;KCA472;87088035;FR;PT;10;EXW;11;3;;2;1;136;;FR05802699280;
INTRA-EX;202410;513881387;CTS-TR-1050;87089997;FR;PT;10;EXW;11;3;;12,1;1;1124;;FR05802699280;
INTRA-EX;202410;513881387;1928404687;84099100;MT;PT;10;EXW;11;3;;0,2;1;44;;QV999999999999;
INTRA-EX;202410;513881387;238SMBO270-PK;90262020;DK;PT;10;EXW;11;3;;0,4;1;65;;QV999999999999;
INTRA-EX;202410;513881387;AC-180-CPA;87089997;DK;PT;10;EXW;11;3;;0,5;1;43;;QV999999999999;
INTRA-EX;202410;513881387;AC-200-TP;40091100;CY;PT;10;EXW;11;3;;1,7;1;113;;QV999999999999;
INTRA-EX;202410;513881387;10.127.101K;84133080;CZ;PT;10;EXW;11;3;;0,3;1;312;;QV999999999999;
INTRA-EX;202410;513881387;10.127.101TK;87089997;CZ;PT;10;EXW;11;3;;0,3;1;22;;QV999999999999;
INTRA-EX;202410;513881387;JSK-118;84213100;SK;PT;10;EXW;11;3;;3,6;1;328;;SK2120270581;
INTRA-EX;202410;513881387;FMDVCS14R;87089997;SK;PT;10;EXW;11;3;;0,1;1;142;;SK2120270581;
INTRA-EX;202410;513881387;LTR7IX-11;85111000;SK;PT;10;EXW;11;3;;0,2;4;30;;SK2120270581;
INTRA-EX;202410;513881387;AC-27-TI;84198998;FI;PT;10;EXW;11;3;;2,8;1;149;;FI27730265;
INTRA-EX;202410;513881387;SVWP054;87089235;HU;PT;10;EXW;11;3;;3,7;1;136;;QV999999999999;
INTRA-EX;202410;513881387;VWR19G706;87089997;HU;PT;10;EXW;11;3;;0,4;2;106;;HU25464285;
INTRA-EX;202410;513881387;VWR12G7R600ITINLET;87089997;HU;PT;10;EXW;11;3;;0,4;1;100;;HU25464285;
INTRA-EX;202410;513881387;VWR630000;87141030;HU;PT;10;EXW;11;3;;1,9;1;114;;HU25464285;
INTRA-EX;202410;513881387;VWR150004;90269000;HU;PT;10;EXW;11;3;;0,4;1;73;;HU25464285;
INTRA-EX;202410;513881387;VWR810004;87088055;HU;PT;10;EXW;11;3;;0,7;1;143;;HU25464285;
INTRA-EX;202410;513881387;AC-MK7-DI.A;87089997;HU;PT;10;EXW;11;3;;0,1;1;21;;HU25464285;
INTRA-EX;202410;513881387;AC-BM-ODP;87089997;HU;PT;10;EXW;11;3;;0,1;3;25;;HU25464285;
INTRA-EX;202410;513881387;TS-0506-1041;87089997;HU;PT;10;EXW;11;3;;1,5;2;449;;HU25464285;
INTRA-EX;202410;513881387;R7437-9;85111000;LU;PT;10;EXW;11;3;;0,1;8;282;;LU28446117;
INTRA-EX;202410;513881387;06J103600AFKIT;84099100;RO;PT;10;EXW;11;3;;2,5;1;50;;QV999999999999;
INTRA-EX;202410;513881387;AC-MK7-CP-4;84099100;RO;PT;10;EXW;11;3;;1;1;113;;QV999999999999;
INTRA-EX;202410;513881387;COASRM250;40091100;RO;PT;10;EXW;11;3;;2,6;1;243;;QV999999999999;
INTRA-EX;202410;513881387;FMINDRS4V8-BL;40091100;GR;PT;10;EXW;11;3;;0,7;1;66;;QV999999999999;
INTRA-EX;202410;513881387;MMTC-MUS-15SL;87089997;GR;PT;10;EXW;11;3;;5,8;1;316;;GREL801563540;
INTRA-EX;202410;513881387;MMRAD-STI-08;87089135;GR;PT;10;EXW;11;3;;6,9;1;212;;GREL108534505;
INTRA-EX;202410;513881387;MMHOSE-STI-08RD;40091100;GR;PT;10;EXW;11;3;;0,7;1;46;;GREL108534505;
INTRA-EX;202410;513881387;VWR120010;40091100;GR;PT;10;EXW;11;3;;1,4;1;178;;GREL137646504;
INTRA-EX;202410;513881387;AC-200-HS;87089997;GR;PT;10;EXW;11;3;;0,5;1;15;;GREL137646504;
INTRA-EX;202410;513881387;AC-200-CP;84099100;GR;PT;10;EXW;11;3;;0,3;16;219;;GREL137646504;
INTRA-EX;202410;513881387;10.127.100K;84132000;GR;PT;10;EXW;11;3;;0,3;2;454;;GREL137646504;
INTRA-EX;202410;513881387;KCA472;87088035;GR;PT;10;EXW;11;3;;2;1;136;;GREL156587530;
INTRA-EX;202410;513881387;1K0253144AE;87089997;GR;PT;10;EXW;11;3;;1;1;6;;GREL156587530;
INTRA-EX;202410;513881387;EVE-F56-CF-INT;84213100;GR;PT;10;EXW;11;3;;4,9;1;1156;;GREL156587530;
INTRA-EX;202410;513881387;VWR682001;87089997;GR;PT;10;EXW;11;3;;13;1;799;;GREL156587530;
INTRA-EX;202410;513881387;AC-MK7-INLET;40091100;DE;PT;10;EXW;11;3;;0,3;1;68;;QV999999999999;
INTRA-EX;202410;513881387;50003-MR45XLZ-4;87089997;DE;PT;10;EXW;11;3;;0,4;1;84;;QV999999999999;
INTRA-EX;202410;513881387;UR-AR18-303;87088055;DE;PT;10;EXW;11;3;;4,6;1;188;;QV999999999999;
INTRA-EX;202410;513881387;MS100210-4;84099100;DE;PT;10;EXW;11;3;;1,1;1;121;;QV999999999999;
INTRA-EX;202410;513881387;A1000008;87089997;DE;PT;10;EXW;11;3;;0,1;1;15;;QV999999999999;
INTRA-EX;202410;513881387;9-655-1025;84133080;DE;PT;10;EXW;11;3;;0,8;1;129;;DE181881308;
INTRA-EX;202410;513881387;10.127.203K;84132000;DE;PT;10;EXW;11;3;;0,3;1;227;;DE181881308;
INTRA-EX;202410;513881387;9-654-1025;84133080;DE;PT;10;EXW;11;3;;0,8;4;519;;DE181881308;
INTRA-EX;202410;513881387;CS57-AR60010;84213100;PL;PT;10;EXW;11;3;;0,6;1;46;;QV999999999999;
INTRA-EX;202410;513881387;EVE-F9XM5M8-CF-INT;84213100;PL;PT;10;EXW;11;3;;6;1;1571;;PL8141683531;
INTRA-EX;202410;513881387;EVE-F9XM5M8-CHG;84212300;PL;PT;10;EXW;11;3;;1,2;1;472;;PL8141683531;
INTRA-EX;202410;513881387;EVE-661-G2-FTR;84213100;PL;PT;10;EXW;11;3;;0,6;1;63;;PL8141683531;
INTRA-EX;202410;513881387;EVE-G20B58-V2-INT;84213100;PL;PT;10;EXW;11;3;;4,5;2;1999;;PL8141683531;
INTRA-EX;202410;513881387;VWR150000;87089997;BE;PT;10;EXW;11;3;;0,2;1;101;;QV999999999999;
INTRA-EX;202410;513881387;RPF-3129;84213100;BE;PT;10;EXW;11;3;;0,4;1;33;;QV999999999999;
INTRA-EX;202410;513881387;CTS-IT-250;84213100;BE;PT;10;EXW;11;3;;6,6;1;320;;QV999999999999;
INTRA-EX;202410;513881387;SH-8-BL;40093100;BE;PT;10;EXW;11;3;;0,2;5;19;;QV999999999999;
INTRA-EX;202410;513881387;SH-10-BL;40093100;BE;PT;10;EXW;11;3;;0,2;5;24;;QV999999999999;
INTRA-EX;202410;513881387;AC-FIST7-QS;87089997;BE;PT;10;EXW;11;3;;0,3;1;37;;QV999999999999;
INTRA-EX;202410;513881387;SBMP081;87089235;BE;PT;10;EXW;11;3;;11,3;1;258;;BE0740963105;
INTRA-EX;202410;513881387;VWR143000;87089997;BE;PT;10;EXW;11;3;;15;1;728;;BE0789537438;
INTRA-EX;202410;513881387;D650-0009-6;84099100;IT;PT;10;EXW;11;3;;1,8;1;212;;IT02643740026;
INTRA-EX;202410;513881387;ESR521-RD;842131000;IT;PT;10;EXW;11;3;;3,2;1;232;;IT02643740026;
INTRA-EX;202410;513881387;VWR31G60R;87088035;IT;PT;10;EXW;11;3;;12;1;174;;IT03656931205;
INTRA-EX;202410;513881387;ARMAFDMSTG-A;84213100;IT;PT;10;EXW;11;3;;3,1;1;377;;IT03656931205;
INTRA-EX;202410;513881387;MMEXH-MUS4-15;87089235;IT;PT;10;EXW;11;3;;25,7;1;640;;IT03656931205;
INTRA-EX;202410;513881387;EVE-RS5-INT;84213100;IT;PT;10;EXW;11;3;;7,1;1;1818;;IT03943631204;
INTRA-EX;202410;513881387;EVE-G8XMV2-CF-INT;84213100;IT;PT;10;EXW;11;3;;7,7;1;1987;;IT08839490011;
INTRA-EX;202410;513881387;ARAB65CRS200;84213100;IT;PT;10;EXW;11;3;;2,4;1;170;;IT02710790060;
INTRA-EX;202410;513881387;AC-N55-TP;40091100;IT;PT;10;EXW;11;3;;1,7;1;110;;IT02710790060;
INTRA-EX;202410;513881387;CTS-IT-810;40091100;IT;PT;10;EXW;11;3;;1,4;1;164;;IT02710790060;
INTRA-EX;202410;513881387;9-201-0848;84133080;IT;PT;10;EXW;11;3;;0,6;1;70;;IT02710790060;
INTRA-EX;202410;513881387;VWR1200R600E;84213100;IT;PT;10;EXW;11;3;;5,2;1;309;;IT03813391202;
INTRA-EX;202410;513881387;VWR1200R601E;84213100;IT;PT;10;EXW;11;3;;5,2;1;338;;IT03813391202;
INTRA-EX;202410;513881387;VWR12G7R600ITINLET;87089997;IT;PT;10;EXW;11;3;;0,4;1;100;;IT03813391202;
INTRA-EX;202410;513881387;VWR160001;87089997;IT;PT;10;EXW;11;3;;0,4;1;86;;IT03813391202;
INTRA-EX;202410;513881387;VWR12G7R600ITBLU;84213100;IT;PT;10;EXW;11;3;;0,8;1;76;;IT03813391202;
INTRA-EX;202410;513881387;VWR1200R601E;84213100;IT;PT;10;EXW;11;3;;5,2;1;338;;IT03813391202;
INTRA-EX;202410;513881387;AC-45-FU-BK;84213100;IT;PT;10;EXW;11;3;;2,7;1;74;;IT03656931205;
INTRA-EX;202410;513881387;VWR1210R600EG;84213100;IT;PT;10;EXW;11;3;;5,2;1;458;;IT12034500012;
INTRA-EX;202410;513881387;VWR120010;40091100;IT;PT;10;EXW;11;3;;1,4;1;178;;IT12034500012;
INTRA-EX;202410;513881387;PF04;85444290;IT;PT;10;EXW;11;3;;0,2;1;159;;IT03656931205;
INTRA-EX;202410;513881387;VWR31G8GT;87089997;IT;PT;10;EXW;11;3;;7,9;1;161;;IT03002640732;
INTRA-EX;202410;513881387;UR-RL2-988;87088055;IT;PT;10;EXW;11;3;;2,2;1;51;;IT03002640732;
INTRA-EX;202410;513881387;SFDC073;87089997;IT;PT;10;EXW;11;3;;3,7;1;138;;IT04146110160;
INTRA-EX;202410;513881387;CTS-TR-1050-OG;87089997;IT;PT;10;EXW;11;3;;12,1;1;1124;;IT03813391202;
INTRA-EX;202410;513881387;VWR13G700;84099100;IT;PT;10;EXW;11;3;;2,8;2;936;;IT03943631204;
INTRA-EX;202410;513881387;PF05;90262020;IT;PT;10;EXW;11;3;;0,2;2;341;;IT03943631204;
INTRA-EX;202410;513881387;10.127.203K;84132000;IT;PT;10;EXW;11;3;;0,3;2;454;;IT03943631204;
INTRA-EX;202410;513881387;10.127.203T;87089997;IT;PT;10;EXW;11;3;;0,1;3;31;;IT03943631204;
INTRA-EX;202410;513881387;AC-200-CH-RD;40093100;IT;PT;10;EXW;11;3;;1;2;139;;IT03943631204;
INTRA-EX;202410;513881387;VWR121000;84213100;IT;PT;10;EXW;11;3;;2;1;247;;IT03943631204;
INTRA-EX;202410;513881387;VWR150002;87089997;IT;PT;10;EXW;11;3;;1,8;1;248;;IT03943631204;
INTRA-EX;202410;513881387;VWR12G7R600ITRED;84213100;IT;PT;10;EXW;11;3;;0,8;2;152;;IT03943631204;
INTRA-EX;202410;513881387;BKR8EIX;85111000;IT;PT;10;EXW;11;3;;0,1;16;142;;IT03943631204;
INTRA-EX;202410;513881387;BKR7EIX;85111000;IT;PT;10;EXW;11;3;;0,1;16;137;;IT03943631204;
INTRA-EX;202410;513881387;AC-MK7-MD;87089997;IT;PT;10;EXW;11;3;;0,4;1;43;;IT02710790060;
INTRA-EX;202410;513881387;AC-MK7-INLET;40091100;IT;PT;10;EXW;11;3;;0,3;1;45;;IT02710790060;
INTRA-EX;202410;513881387;SAUX093;87089235;IT;PT;10;EXW;11;3;;11,3;1;522;;IT02710790060;
INTRA-EX;202410;513881387;VWR630000;87141030;IT;PT;10;EXW;11;3;;1,9;1;114;;IT02710790060;
INTRA-EX;202410;513881387;EVE-A35-CF-CHG;84213100;IT;PT;10;EXW;11;3;;2,2;1;535;;IT03813391202;
INTRA-EX;202410;513881387;VWR1200R601E;84213100;IT;PT;10;EXW;11;3;;5,2;1;338;;IT03813391202;
INTRA-EX;202410;513881387;VWR120003;87089997;IT;PT;10;EXW;11;3;;1,3;1;178;;IT03813391202;
INTRA-EX;202410;513881387;VWR160000;87089997;IT;PT;10;EXW;11;3;;0,7;1;114;;IT03813391202;
INTRA-EX;202410;513881387;VWR17G8R600;84213100;IT;PT;10;EXW;11;3;;0,2;1;38;;IT03813391202;
INTRA-EX;202410;513881387;VWR1200R600E;84213100;IT;PT;10;EXW;11;3;;5,2;1;309;;IT03813391202;
INTRA-EX;202410;513881387;EVE-B58-CF-INT;84213100;IT;PT;10;EXW;11;3;;5;1;928;;IT03813391202;
INTRA-EX;202410;513881387;EUPD5002115R;85111000;IT;PT;10;EXW;11;3;;1,5;1;712;;IT03813391202;
INTRA-EX;202410;513881387;EVE-GR4-CF-INT;84213100;IT;PT;10;EXW;11;3;;5,7;1;975;;IT03813391202;
INTRA-EX;202410;513881387;CTS-IT-255R;87089135;NL;PT;10;EXW;11;3;;8;1;322;;NL007460843B01;
INTRA-EX;202410;513881387;SILZKGR8B8S-6;85111000;NL;PT;10;EXW;11;3;;0,2;1;58;;QV999999999999;
INTRA-EX;202410;513881387;MMRAD-E36-92;87089135;NL;PT;10;EXW;11;3;;6,7;1;169;;NL002241494B08;
INTRA-EX;202410;513881387;SBMP087;87089997;NL;PT;10;EXW;11;3;;19;1;498;;NL002241494B08;
INTRA-EX;202410;513881387;AC-18FW-DP;87089997;NL;PT;10;EXW;11;3;;7;1;92;;NL002241494B08;
INTRA-EX;202410;513881387;TS-0223-1079;87089997;NL;PT;10;EXW;11;3;;0,4;1;149;;NL002241494B08;
INTRA-EX;202410;513881387;SBMP086;87089235;NL;PT;10;EXW;11;3;;11,8;1;262;;NL002241494B08;
INTRA-EX;202410;513881387;VWR17G7R600;40091100;NL;PT;10;EXW;11;3;;0,2;1;38;;NL002241494B08;
INTRA-EX;202410;513881387;VWR160001;87089997;NL;PT;10;EXW;11;3;;0,4;1;86;;NL002241494B08;
INTRA-EX;202410;513881387;AC-MK7-MD;87089997;NL;PT;10;EXW;11;3;;0,4;1;43;;NL002241494B08;
INTRA-EX;202410;513881387;AC-MK7-MD;87089997;NL;PT;10;EXW;11;3;;0,4;1;43;;NL002241494B08;
INTRA-EX;202410;513881387;IC100019;85111000;NL;PT;10;EXW;11;3;;15,3;1;790;;NL002241494B08;
INTRA-EX;202410;513881387;CTS-IT-340;84213100;NL;PT;10;EXW;11;3;;3,4;1;224;;NL002241494B08;
INTRA-EX;202410;513881387;SILZKFR8D7S;85111000;NL;PT;10;EXW;11;3;;0,2;20;150;;NL002254344B79;
INTRA-EX;202410;513881387;R7437-9;85111000;NL;PT;10;EXW;11;3;;0,1;12;423;;NL002254344B79;
INTRA-EX;202410;513881387;AC-211-CFA;87089997;NL;PT;10;EXW;11;3;;0,1;1;16;;NL002254344B79;
INTRA-EX;202410;513881387;VWR670006;87089235;NL;PT;10;EXW;11;3;;2,8;1;119;;NL002254344B79;
INTRA-EX;202410;513881387;EVE-EA8884-R-INT;84213100;NL;PT;10;EXW;11;3;;5;1;999;;NL002254344B79;
INTRA-EX;202410;513881387;VWR810000;87089997;NL;PT;10;EXW;11;3;;0,2;3;51;;NL002254344B79;
INTRA-EX;202410;513881387;MMSTB-FIST-14TB;87088055;NL;PT;10;EXW;11;3;;3,4;1;107;;NL002241494B08;
INTRA-EX;202410;513881387;216BFWABOSM;90262020;NL;PT;10;EXW;11;3;;0,3;1;22;;NL002241494B08;
INTRA-EX;202410;513881387;AC-MK7R-DP;87089235;NL;PT;10;EXW;11;3;;11,3;1;185;;NL002241494B08;
INTRA-EX;202410;513881387;VWR31G80R;73209090;NL;PT;10;EXW;11;3;;8;1;161;;NL002254344B79;
INTRA-EX;202410;513881387;MMTS-E90-07;87089997;NL;PT;10;EXW;11;3;;0,1;1;41;;NL002241494B08;
INTRA-EX;202410;513881387;MMINT-FOST-13BK;87089199;NL;PT;10;EXW;11;3;;13,5;1;397;;NL002241494B08;
INTRA-EX;202410;513881387;AC-UNI-WD;87089997;NL;PT;10;EXW;11;3;;0,2;1;7;;NL002241494B08;
INTRA-EX;202410;513881387;VWR640112;87089997;NL;PT;10;EXW;11;3;;2,2;1;62;;NL002241494B08;
INTRA-EX;202410;513881387;VWR640115;87089997;NL;PT;10;EXW;11;3;;2,2;1;65;;NL002241494B08;
INTRA-EX;202410;513881387;AC-500-QS;87089997;NL;PT;10;EXW;11;3;;0,4;1;24;;NL002241494B08;
INTRA-EX;202410;513881387;AC-200-CFA;87089997;NL;PT;10;EXW;11;3;;0,1;1;16;;NL002241494B08;
INTRA-EX;202410;513881387;WHT005184;40091100;NL;PT;10;EXW;11;3;;0,1;1;4;;NL002241494B08;
INTRA-EX;202410;513881387;U5014;84099100;NL;PT;10;EXW;11;3;;0,3;4;85;;NL002241494B08;
INTRA-EX;202410;513881387;CTS-CPA-001;87089997;NL;PT;10;EXW;11;3;;0,3;1;52;;NL002241494B08;
INTRA-EX;202410;513881387;AC-MK7-FU-BK;87088055;NL;PT;10;EXW;11;3;;3;1;59;;NL002241494B08;
INTRA-EX;202410;513881387;F1555P+F1557P-20;84099100;NL;PT;10;EXW;11;3;;1,1;1;555;;NL002241494B08;
INTRA-EX;202410;513881387;EVE-N55-PF;84212300;NL;PT;10;EXW;11;3;;0,9;1;60;;NL002241494B08;
INTRA-EX;202410;513881387;AC-200-TBH-BK;40093100;NL;PT;10;EXW;11;3;;0,2;1;12;;NL002241494B08;
INTRA-EX;202410;513881387;1K0253144AE;87089997;NL;PT;10;EXW;11;3;;1;1;6;;NL002241494B08;
INTRA-EX;202410;513881387;AC-200-CP;84099100;NL;PT;10;EXW;11;3;;0,3;4;54;;NL002241494B08;
INTRA-EX;202410;513881387;AC-UNI-WD;87089997;NL;PT;10;EXW;11;3;;0,2;1;7;;NL002241494B08;
INTRA-EX;202410;513881387;ATMSHYU17;87089997;ES;PT;10;EXW;11;3;;1,5;1;117;;ESB96140132;
INTRA-EX;202410;513881387;CTS-EM-MK456-4-60D;84099100;ES;PT;10;EXW;11;3;;2,5;1;115;;QV999999999999;
INTRA-EX;202410;513881387;CTS-TM-MK56-60D;84099100;ES;PT;10;EXW;11;3;;2;1;107;;QV999999999999;
INTRA-EX;202410;513881387;50003-MR45XLZ-4;87089997;ES;PT;10;EXW;11;3;;0,4;1;83;;ESB67497925;
INTRA-EX;202410;513881387;52009-AK005;84213100;ES;PT;10;EXW;11;3;;0,4;1;19;;ESB67497925;
INTRA-EX;202410;513881387;SSE0426-4P-BK;87083091;ES;PT;10;EXW;11;3;;0,5;1;78;;ESB67497925;
INTRA-EX;202410;513881387;SVW0630-4P-BK;87083091;ES;PT;10;EXW;11;3;;0,5;1;78;;ESB67497925;
INTRA-EX;202410;513881387;AC-200-CP-4;84099100;ES;PT;10;EXW;11;3;;1;1;81;;QV999999999999;
INTRA-EX;202410;513881387;8E0971824S-BL;84099100;ES;PT;10;EXW;11;3;;0,2;1;18;;QV999999999999;
INTRA-EX;202410;513881387;AC-180-CPA;87089997;ES;PT;10;EXW;11;3;;0,5;1;44;;QV999999999999;
INTRA-EX;202410;513881387;FMMK7INDH-BK;40093100;ES;PT;10;EXW;11;3;;0,8;1;75;;QV999999999999;
INTRA-EX;202410;513881387;KCA472;87088035;ES;PT;10;EXW;11;3;;2;1;170;;QV999999999999;
INTRA-EX;202410;513881387;31008-BM001;84213100;ES;PT;10;EXW;11;3;;24,5;1;707;;ESB74397936;
INTRA-EX;202410;513881387;33004-AM001;84213100;ES;PT;10;EXW;11;3;;6;1;200;;ESB74397936;
INTRA-EX;202410;513881387;DBA4650S-2;87089997;ES;PT;10;EXW;11;3;;15,6;1;282;;QV999999999999;
INTRA-EX;202410;513881387;SP-205;32081090;ES;PT;10;EXW;11;3;;0,5;1;27;;QV999999999999;
INTRA-EX;202410;513881387;RBF660;27101999;ES;PT;10;EXW;11;3;;0,6;1;11;;QV999999999999;
INTRA-EX;202410;513881387;ES-315086;87089997;ES;PT;10;EXW;11;3;;1,1;1;53;;QV999999999999;
INTRA-EX;202410;513881387;CTS-TM-MK4-60D;87089235;ES;PT;10;EXW;11;3;;2;1;107;;QV999999999999;
INTRA-EX;202410;513881387;SVW0630-4P-BK;87083091;ES;PT;10;EXW;11;3;;0,5;1;78;;ES53284853V;
INTRA-EX;202410;513881387;RBF700;27101999;ES;PT;10;EXW;11;3;;0,6;5;72;;ES53284853V;
INTRA-EX;202410;513881387;FMTIA3;40091100;ES;PT;10;EXW;11;3;;0,6;1;139;;ES48924146H;
INTRA-EX;202410;513881387;RE8C-L+RE9B-T;84099100;ES;PT;10;EXW;11;3;;0,4;1;104;;QV999999999999;
INTRA-EX;202410;513881387;LA-2001;84213100;ES;PT;10;EXW;11;3;;0,5;1;54;;QV999999999999;
INTRA-EX;202410;513881387;CTS-IT-255R;87089135;ES;PT;10;EXW;11;3;;8;1;319;;QV999999999999;
INTRA-EX;202410;513881387;BH-304;84213100;ES;PT;10;EXW;11;3;;0,4;1;75;;QV999999999999;
INTRA-EX;202410;513881387;FMDV20-BK;84818040;ES;PT;10;EXW;11;3;;0,6;1;175;;QV999999999999;
INTRA-EX;202410;513881387;AC-200-CP-4;84099100;ES;PT;10;EXW;11;3;;1;1;81;;QV999999999999;
INTRA-EX;202410;513881387;Z1003101-4;85111000;ES;PT;10;EXW;11;3;;0,4;1;80;;QV999999999999;
INTRA-EX;202410;513881387;Z-361055;87089997;ES;PT;10;EXW;11;3;;2;1;167;;QV999999999999;
INTRA-EX;202410;513881387;PPF-1512;84099100;ES;PT;10;EXW;11;3;;0,7;1;34;;QV999999999999;
INTRA-EX;202410;513881387;FMKT008-BK;40093100;ES;PT;10;EXW;11;3;;1;1;166;;QV999999999999;
INTRA-EX;202410;513881387;FM225TH;40091100;ES;PT;10;EXW;11;3;;0,3;1;91;;QV999999999999;
INTRA-EX;202410;513881387;ATIKSUZ1;84213100;ES;PT;10;EXW;11;3;;4,6;1;363;;ES53284853V;
INTRA-EX;202410;513881387;ATMSP3081;87089135;ES;PT;10;EXW;11;3;;1,5;1;51;;QV999999999999;
INTRA-EX;202410;513881387;MMAI-WRX-01BP;84213100;ES;PT;10;EXW;11;3;;3,9;1;225;;QV999999999999;
INTRA-EX;202410;513881387;VWR31G8GT;87089997;ES;PT;10;EXW;11;3;;7,9;1;239;;QV999999999999;
INTRA-EX;202410;513881387;SBMC098;87089235;ES;PT;10;EXW;11;3;;7,3;1;541;;ESB44699973;
INTRA-EX;202410;513881387;AC-200-CP-4;84099100;ES;PT;10;EXW;11;3;;1;1;81;;QV999999999999;
INTRA-EX;202410;513881387;CTS-AF-270;84213100;ES;PT;10;EXW;11;3;;0,5;1;43;;QV999999999999;
INTRA-EX;202410;513881387;SAU0531-4P-BK;87083091;ES;PT;10;EXW;11;3;;0,5;1;93;;QV999999999999;
INTRA-EX;202410;513881387;VWR640015;87089997;ES;PT;10;EXW;11;3;;2,2;1;83;;QV999999999999;
INTRA-EX;202410;513881387;VWR640012;87089997;ES;PT;10;EXW;11;3;;2,2;1;78;;QV999999999999;
INTRA-EX;202410;513881387;Z-331238;87089997;ES;PT;10;EXW;11;3;;2;1;167;;QV999999999999;
INTRA-EX;202410;513881387;JSK-110;84213100;ES;PT;10;EXW;11;3;;2,9;1;212;;QV999999999999;
INTRA-EX;202410;513881387;SILZKGR8B8S-4;84099100;ES;PT;10;EXW;11;3;;0,2;1;39;;QV999999999999;
INTRA-EX;202410;513881387;SSE0630-4P-BK;87083091;ES;PT;10;EXW;11;3;;0,5;1;78;;QV999999999999;
INTRA-EX;202410;513881387;41003-RM006;84213100;ES;PT;10;EXW;11;3;;0,2;1;14;;QV999999999999;
INTRA-EX;202410;513881387;DBA42809S-2;87089997;ES;PT;10;EXW;11;3;;15;1;235;;QV999999999999;
INTRA-EX;202410;513881387;06K103213A;40091100;ES;PT;10;EXW;11;3;;0,1;1;16;;QV999999999999;
INTRA-EX;202410;513881387;WA302R+L;87088055;ES;PT;10;EXW;11;3;;5,5;1;189;;QV999999999999;
INTRA-EX;202410;513881387;PPF-1826;84213100;ES;PT;10;EXW;11;3;;1;1;42;;QV999999999999;
INTRA-EX;202410;513881387;AC-200-QS;87089997;ES;PT;10;EXW;11;3;;0,5;1;74;;QV999999999999;
INTRA-EX;202410;513881387;OPSB1478HP;40091100;ES;PT;10;EXW;11;3;;1,5;1;183;;QV999999999999;
INTRA-EX;202410;513881387;25-302BK;87089997;ES;PT;10;EXW;11;3;;0,4;1;119;;QV999999999999;
INTRA-EX;202410;513881387;MMODP-1615B;70102000;ES;PT;10;EXW;11;3;;0,1;1;12;;QV999999999999;
INTRA-EX;202410;513881387;52009-AK005;84213100;ES;PT;10;EXW;11;3;;0,4;1;19;;QV999999999999;
INTRA-EX;202410;513881387;FM225AH-BK;40093100;ES;PT;10;EXW;11;3;;0,3;1;44;;QV999999999999;
INTRA-EX;202410;513881387;RPF-1512;842131000;ES;PT;10;EXW;11;3;;0,4;1;33;;QV999999999999;
INTRA-EX;202410;513881387;50003-M45-XL-4;84213100;ES;PT;10;EXW;11;3;;0,2;1;80;;QV999999999999;
INTRA-EX;202410;513881387;FMDV26A;87089997;ES;PT;10;EXW;11;3;;0,7;1;162;;QV999999999999;
INTRA-EX;202410;513881387;EUPD4002112R;84099100;ES;PT;10;EXW;11;3;;1,4;1;547;;ES44534463T;
INTRA-EX;202410;513881387;R7437-9;85111000;ES;PT;10;EXW;11;3;;0,1;4;141;;ES44534463T;
INTRA-EX;202410;513881387;VWR3130RS;87088035;ES;PT;10;EXW;11;3;;9,2;3;483;;ESB42954230;
INTRA-EX;202410;513881387;9-655-1025;84133080;ES;PT;10;EXW;11;3;;0,8;1;129;;ESB42954230;
INTRA-EX;202410;513881387;AC-MK7-IND-BK;40091100;ES;PT;10;EXW;11;3;;0,9;1;32;;ESB42954230;
INTRA-EX;202410;513881387;VWR90000;85111000;ES;PT;10;EXW;11;3;;0,3;4;122;;ESB42954230;
INTRA-EX;202410;513881387;VWR180004;87089997;ES;PT;10;EXW;11;3;;0,1;2;53;;ESB42954230;
INTRA-EX;202410;513881387;VWR1200R601E;84213100;ES;PT;10;EXW;11;3;;5,2;1;338;;ESB42954230;
INTRA-EX;202410;513881387;AC-MK7-IND-BL;40091100;ES;PT;10;EXW;11;3;;0,9;2;65;;ESB42954230;
INTRA-EX;202410;513881387;AC-MK7-INLET;40091100;ES;PT;10;EXW;11;3;;0,3;2;91;;ESB42954230;
INTRA-EX;202410;513881387;AC-MK7-MD;87089997;ES;PT;10;EXW;11;3;;0,4;2;87;;ESB42954230;
INTRA-EX;202410;513881387;VWR120010;40091100;ES;PT;10;EXW;11;3;;1,4;1;178;;ESB42954230;
INTRA-EX;202410;513881387;VWR12G7R600OS;84213100;ES;PT;10;EXW;11;3;;0,3;3;65;;ESB42954230;
INTRA-EX;202410;513881387;10.127.100K;84132000;ES;PT;10;EXW;11;3;;0,3;1;227;;ESB42954230;
INTRA-EX;202410;513881387;BKR7EIX;85111000;ES;PT;10;EXW;11;3;;0,1;8;68;;ESB42771618;
INTRA-EX;202410;513881387;AC-MK7R-DP;87089235;ES;PT;10;EXW;11;3;;11,3;1;185;;ESB42771618;
INTRA-EX;202410;513881387;R7437-9;85111000;ES;PT;10;EXW;11;3;;0,1;5;176;;ESB42771618;
INTRA-EX;202410;513881387;MMRAD-E36-92;87089135;ES;PT;10;EXW;11;3;;6,7;1;169;;ES18062887K;
INTRA-EX;202410;513881387;SBMC083;87089235;ES;PT;10;EXW;11;3;;7,6;1;238;;ESB19296938;
INTRA-EX;202410;513881387;D650-0002;84099100;ES;PT;10;EXW;11;3;;0,3;6;139;;ES44719365M;
INTRA-EX;202410;513881387;MMRAD-MIA-99;87089135;ES;PT;10;EXW;11;3;;8,4;1;148;;ESB72996382;
INTRA-EX;202410;513881387;MMHOSE-MIA-99BK;40091100;ES;PT;10;EXW;11;3;;0,7;1;50;;ESB72996382;
INTRA-EX;202410;513881387;SMNX011;87089235;ES;PT;10;EXW;11;3;;3,6;1;308;;ES28841101K;
INTRA-EX;202410;513881387;MMFS-350Z-03;84149000;ES;PT;10;EXW;11;3;;5,8;1;137;;ESB66283003;
INTRA-EX;202410;513881387;WSK-VWN002;87088035;ES;PT;10;EXW;11;3;;10,6;1;108;;ESB67084251;
INTRA-EX;202410;513881387;AC-FU-E36;87088055;ES;PT;10;EXW;11;3;;3;2;119;;ESB67084251;
INTRA-EX;202410;513881387;216BFWAOPSM;90269000;ES;PT;10;EXW;11;3;;0,4;3;103;;ESB67084251;
INTRA-EX;202410;513881387;216EVOBO;90262020;ES;PT;10;EXW;11;3;;0,3;1;49;;ESB67084251;
INTRA-EX;202410;513881387;216BFWABOSM;90262020;ES;PT;10;EXW;11;3;;0,3;2;44;;ESB67084251;
INTRA-EX;202410;513881387;BKR8EIX;85111000;ES;PT;10;EXW;11;3;;0,1;6;53;;ESB67084251;
INTRA-EX;202410;513881387;BKR7EIX;85111000;ES;PT;10;EXW;11;3;;0,1;6;51;;ESB67084251;
INTRA-EX;202410;513881387;R7438-9;84099100;ES;PT;10;EXW;11;3;;0,1;4;133;;ESB70550694;
INTRA-EX;202410;513881387;9-654-1025;84133080;ES;PT;10;EXW;11;3;;0,8;1;129;;ESB70550694;
INTRA-EX;202410;513881387;VWR12G7R600ITINLET;87089997;ES;PT;10;EXW;11;3;;0,4;1;100;;ESB70550694;
INTRA-EX;202410;513881387;CTS-TR-1050;87089997;ES;PT;10;EXW;11;3;;12,1;1;1124;;ESB70550694;
INTRA-EX;202410;513881387;VWR120010;40091100;ES;PT;10;EXW;11;3;;1,4;1;178;;ESB42954230;
INTRA-EX;202410;513881387;VWR12P2GTM;84213100;ES;PT;10;EXW;11;3;;2,1;1;444;;ESB42954230;
INTRA-EX;202410;513881387;VWR1200R601E;84213100;ES;PT;10;EXW;11;3;;5,2;2;676;;ESB42954230;
INTRA-EX;202410;513881387;ARMAAD0RS6-A;84213100;ES;PT;10;EXW;11;3;;4,2;1;1001;;ESB86420924;
INTRA-EX;202410;513881387;CTS-EXH-TP-0008;87089235;ES;PT;10;EXW;11;3;;4;1;112;;ESB04855516;
INTRA-EX;202410;513881387;AC-MK7-CP;84099100;ES;PT;10;EXW;11;3;;0,3;10;179;;ESB04855516;
INTRA-EX;202410;513881387;AC-N54-DP;87089235;ES;PT;10;EXW;11;3;;6,1;1;163;;ESB67084251;
INTRA-EX;202410;513881387;EVE-GR4-CF-INT;84213100;ES;PT;10;EXW;11;3;;5,7;1;975;;ESB19296938;
INTRA-EX;202410;513881387;MMICP-MK7-15KWBK;87089199;ES;PT;10;EXW;11;3;;5,1;1;262;;ESB67497925;
INTRA-EX;202410;513881387;CTS-IT-270R;84213100;ES;PT;10;EXW;11;3;;4,3;1;247;;ESB67497925;
INTRA-EX;202410;513881387;R7437-9;85111000;ES;PT;10;EXW;11;3;;0,1;1;35;;ESB67497925;
INTRA-EX;202410;513881387;VWR900002;85111000;ES;PT;10;EXW;11;3;;0,3;4;122;;ESB67497925;
INTRA-EX;202410;513881387;MS100123;87089997;ES;PT;10;EXW;11;3;;1;1;270;;ESB67497925;
INTRA-EX;202410;513881387;SCEXVDM2;87089235;ES;PT;10;EXW;11;3;;1;1;32;;ESB67497925;
INTRA-EX;202410;513881387;MMRAD-WRX-01X;87089135;ES;PT;10;EXW;11;3;;7,2;1;222;;ES72815006L;
INTRA-EX;202410;513881387;MMOC-WRX-01T;87089135;ES;PT;10;EXW;11;3;;4,8;1;297;;ES72815006L;
INTRA-EX;202410;513881387;FPHWK-10-HD;84133080;ES;PT;10;EXW;11;3;;0,9;1;44;;ES43179343V;
INTRA-EX;202410;513881387;9-354-1025;84133080;ES;PT;10;EXW;11;3;;0,8;1;161;;ES43179343V;
INTRA-EX;202410;513881387;CTS-IGN-007;84099100;ES;PT;10;EXW;11;3;;0,3;8;239;;ESB67084251;
INTRA-EX;202410;513881387;"CTS-HW-036 ARP";87089997;ES;PT;10;EXW;11;3;;0,7;1;104;;ESB67084251;
INTRA-EX;202410;513881387;SAUC089;87089235;ES;PT;10;EXW;11;3;;9,8;1;539;;ESB67084251;
INTRA-EX;202410;513881387;KLC144;87088055;ES;PT;10;EXW;11;3;;1;1;85;;ES71636222P;
INTRA-EX;202410;513881387;SHYP107;87089997;ES;PT;10;EXW;11;3;;3,7;1;109;;ES44534463T;
INTRA-EX;202410;513881387;AC-MK7-CP;84099100;ES;PT;10;EXW;11;3;;0,3;12;215;;ESB42771618;
INTRA-EX;202410;513881387;AC-180-EM;87089997;ES;PT;10;EXW;11;3;;2,3;1;54;;ESB42771618;
INTRA-EX;202410;513881387;D650-0009;84099100;ES;PT;10;EXW;11;3;;0,3;6;174;;ESB42771618;
INTRA-EX;202410;513881387;AC-MK7-INLET;40091100;ES;PT;10;EXW;11;3;;0,3;1;45;;ESB42771618;
INTRA-EX;202410;513881387;AC-MK7-MD;87089997;ES;PT;10;EXW;11;3;;0,4;1;43;;ESB42771618;
INTRA-EX;202410;513881387;SFDP091;87089235;ES;PT;10;EXW;11;3;;4;1;88;;ESB42954230;
INTRA-EX;202410;513881387;VWR1200R601E;84213100;ES;PT;10;EXW;11;3;;5,2;2;676;;ESB42954230;
INTRA-EX;202410;513881387;CTS-IT-270R;84213100;ES;PT;10;EXW;11;3;;4,3;1;247;;ESB42954230;
INTRA-EX;202410;513881387;SVWC052;87089235;ES;PT;10;EXW;11;3;;5,4;1;215;;ESB42954230;
INTRA-EX;202410;513881387;VWR13G700-SERV;87089997;ES;PT;10;EXW;11;3;;0,1;2;43;;ESB42954230;
INTRA-EX;202410;513881387;VWR31F020;84213100;ES;PT;10;EXW;11;3;;9,1;2;322;;ESB42954230;
INTRA-EX;202410;513881387;MMOC-BRZ-13T;87089135;ES;PT;10;EXW;11;3;;5,4;2;841;;ESB66283003;
INTRA-EX;202410;513881387;VWR900002;85111000;ES;PT;10;EXW;11;3;;0,3;4;122;;ES33558767L;
INTRA-EX;202410;513881387;AC-MK7-FU-P;87088055;ES;PT;10;EXW;11;3;;3;1;59;;ES44719365M;
INTRA-EX;202410;513881387;MMRAD-GLF-99;87089135;ES;PT;10;EXW;11;3;;8;2;417;;ES44719365M;
INTRA-EX;202410;513881387;VWR141000;87089997;ES;PT;10;EXW;11;3;;19;1;612;;ESB04886776;
INTRA-EX;202410;513881387;CTS-IT-285;40091100;ES;PT;10;EXW;11;3;;0,3;1;59;;ES44719365M;
INTRA-EX;202410;513881387;CTS-SIL-0070;40091100;ES;PT;10;EXW;11;3;;0,7;1;52;;ES44719365M;
INTRA-EX;202410;513881387;AC-N54-DP;87089235;ES;PT;10;EXW;11;3;;6,1;1;163;;ES18062887K;
INTRA-EX;202410;513881387;R7437-9-5;85111000;FR;PT;10;EXW;11;3;;0,3;2;416;;FR09800029712;
INTRA-EX;202410;513881387;MMEXH-MUS8-15ARBK;87089235;FR;PT;10;EXW;11;3;;9,3;1;360;;QV999999999999;
INTRA-EX;202410;513881387;ATINTP&C4-BK;40091100;FR;PT;10;EXW;11;3;;1,7;1;147;;FR41898071535;
INTRA-EX;202410;513881387;ILZKBR7B8G-4;87089997;FR;PT;10;EXW;11;3;;0,2;1;37;;FR41898071535;
INTRA-EX;202410;513881387;06J103600AFKIT;84099100;FR;PT;10;EXW;11;3;;2,5;1;49;;QV999999999999;
INTRA-EX;202410;513881387;VWR180000;87089997;FR;PT;10;EXW;11;3;;0,1;1;13;;QV999999999999;
INTRA-EX;202410;513881387;UR-TW2-3051;87088055;FR;PT;10;EXW;11;3;;1,7;1;129;;QV999999999999;
INTRA-EX;202410;513881387;ATMSFO104;87089997;FR;PT;10;EXW;11;3;;0,1;1;43;;QV999999999999;
INTRA-EX;202410;513881387;VWR150002;87089997;FR;PT;10;EXW;11;3;;1,8;1;262;;FR55508218096;
INTRA-EX;202410;513881387;AC-MK7-FU-BK;87088055;FR;PT;10;EXW;11;3;;3;1;82;;FR55508218096;
INTRA-EX;202410;513881387;1K0253144AE;87089997;FR;PT;10;EXW;11;3;;1;1;8;;FR55508218096;
INTRA-EX;202410;513881387;FMBPVRM;87089997;FR;PT;10;EXW;11;3;;0,1;1;33;;QV999999999999;
INTRA-EX;202410;513881387;VWR8130S3-SEDAN;84099100;FR;PT;10;EXW;11;3;;2,6;1;410;;FR55508218096;
INTRA-EX;202410;513881387;SVAG006B;87088055;FR;PT;10;EXW;11;3;;1;1;78;;FR55508218096;
INTRA-EX;202410;513881387;AC-MK7-RL;87088055;FR;PT;10;EXW;11;3;;0,5;1;59;;FR55508218096;
INTRA-EX;202410;513881387;VWR190007;87141030;FR;PT;10;EXW;11;3;;0,3;1;22;;FR55508218096;
INTRA-EX;202410;513881387;CTS-HW-262;87089235;FR;PT;10;EXW;11;3;;1;1;206;;FR90910847292;
INTRA-EX;202410;513881387;R7437-9-5;85111000;FR;PT;10;EXW;11;3;;0,3;1;208;;FR90910847292;
INTRA-EX;202410;513881387;VWR900001-4;84099100;FR;PT;10;EXW;11;3;;1,2;1;157;;QV999999999999;
INTRA-EX;202410;513881387;CTS-IT-800;84213100;FR;PT;10;EXW;11;3;;3,6;1;277;;QV999999999999;
INTRA-EX;202410;513881387;E10-75-003-15-22;73202081;FR;PT;10;EXW;11;3;;10;1;172;;QV999999999999;
INTRA-EX;202410;513881387;RPF-1512;842131000;FR;PT;10;EXW;11;3;;0,4;1;33;;QV999999999999;
INTRA-EX;202410;513881387;SILZKGR8B8S-4;84099100;FR;PT;10;EXW;11;3;;0,2;1;39;;FR34920191251;
INTRA-EX;202410;513881387;D650-0009-4;84099100;FR;PT;10;EXW;11;3;;1,2;1;141;;FR34920191251;
INTRA-EX;202410;513881387;AC-WS-15-FK;87088099;FR;PT;10;EXW;11;3;;1,9;1;59;;QV999999999999;
INTRA-EX;202410;513881387;SES1581ICP-BK;87089199;FR;PT;10;EXW;11;3;;3,5;1;337;;QV999999999999;
INTRA-EX;202410;513881387;CTS-IT-300R;84213100;FR;PT;10;EXW;11;3;;4,1;1;273;;QV999999999999;
INTRA-EX;202410;513881387;UR-RU4-2987;87088055;FR;PT;10;EXW;11;3;;3,3;1;161;;QV999999999999;
INTRA-EX;202410;513881387;"TTE360 1.8T";84099100;FR;PT;10;EXW;11;3;;10,1;1;1758;;FR05930471560;
INTRA-EX;202410;513881387;FMACVAG08;84099100;FR;PT;10;EXW;11;3;;0,5;1;141;;QV999999999999;
INTRA-EX;202410;513881387;LKR8AP-8;85111000;FR;PT;10;EXW;11;3;;0,4;1;100;;FR84750466617;
INTRA-EX;202410;513881387;JSK-101-DD;84213100;FR;PT;10;EXW;11;3;;4,4;1;249;;FR09800029712;
INTRA-EX;202410;513881387;CTS-IT-220R;84213100;FR;PT;10;EXW;11;3;;4,5;1;280;;QV999999999999;
INTRA-EX;202410;513881387;FMFSITAT-P;87089997;FR;PT;10;EXW;11;3;;0,7;1;217;;QV999999999999;
INTRA-EX;202410;513881387;DBA2847S-2;87089997;FR;PT;10;EXW;11;3;;16,6;1;161;;FR72410352603;
INTRA-EX;202410;513881387;PFR8S8EG-6;87089997;FR;PT;10;EXW;11;3;;1,4;1;68;;FR72410352603;
INTRA-EX;202410;513881387;BKR7EIX-4;84099100;FR;PT;10;EXW;11;3;;0,5;1;40;;QV999999999999;
INTRA-EX;202410;513881387;AC-WS-15-BT;87088099;FR;PT;10;EXW;11;3;;2,3;2;100;;QV999999999999;
INTRA-EX;202410;513881387;WB-432;84213100;FR;PT;10;EXW;11;3;;0,3;1;48;;QV999999999999;
INTRA-EX;202410;513881387;VWR49G700;87084099;FR;PT;10;EXW;11;3;;0,1;1;168;;QV999999999999;
INTRA-EX;202410;513881387;AC-200-VRH-RD;40093100;FR;PT;10;EXW;11;3;;0,6;1;23;;QV999999999999;
INTRA-EX;202410;513881387;AC-200-TBH-RD;40093100;FR;PT;10;EXW;11;3;;0,2;1;18;;QV999999999999;
INTRA-EX;202410;513881387;FMCCHMK5-RD;40093100;FR;PT;10;EXW;11;3;;0,2;1;50;;QV999999999999;
INTRA-EX;202410;513881387;SVXC062;87089235;FR;PT;10;EXW;11;3;;5;1;295;;QV999999999999;
INTRA-EX;202410;513881387;2Q0121321A;87089997;FR;PT;10;EXW;11;3;;0,2;1;8;;QV999999999999;
INTRA-EX;202410;513881387;AC-MK4-FU;87088055;FR;PT;10;EXW;11;3;;3,1;1;97;;QV999999999999;
INTRA-EX;202410;513881387;50003-MR45XLZ-4;87089997;FR;PT;10;EXW;11;3;;0,4;1;83;;QV999999999999;
INTRA-EX;202410;513881387;15w50-2;27101999;FR;PT;10;EXW;11;3;;4,8;1;27;;QV999999999999;
INTRA-EX;202410;513881387;ATMSHYU18;87089997;FR;PT;10;EXW;11;3;;2,1;1;196;;QV999999999999;
INTRA-EX;202410;513881387;U3P3A8JX;87089997;FR;PT;10;EXW;11;3;;0,5;1;322;;QV999999999999;
INTRA-EX;202410;513881387;AC-200-QS;87089997;FR;PT;10;EXW;11;3;;0,5;1;74;;QV999999999999;
INTRA-EX;202410;513881387;WB-323;84213100;FR;PT;10;EXW;11;3;;0,2;1;48;;QV999999999999;
INTRA-EX;202410;513881387;AC-200-PP;84198998;FR;PT;10;EXW;11;3;;0,5;1;82;;FR44843962317;
INTRA-EX;202410;513881387;EVO9204;84213100;FR;PT;10;EXW;11;3;;7,5;1;328;;QV999999999999;
INTRA-EX;202410;513881387;CTS-HW-360;40091100;FR;PT;10;EXW;11;3;;1,4;1;249;;QV999999999999;
INTRA-EX;202410;513881387;420121321;84099100;FR;PT;10;EXW;11;3;;0,1;1;29;;QV999999999999;
INTRA-EX;202410;513881387;IZKR7B-6;85111000;FR;PT;10;EXW;11;3;;0,2;1;58;;QV999999999999;
INTRA-EX;202410;513881387;06J103600AFKIT;84099100;FR;PT;10;EXW;11;3;;2,5;1;49;;QV999999999999;
INTRA-EX;202410;513881387;SILZKBR8D8S-6;84099100;FR;PT;10;EXW;11;3;;0,2;1;66;;QV999999999999;
INTRA-EX;202410;513881387;SCEXVDM;87089235;FR;PT;10;EXW;11;3;;0,1;1;22;;QV999999999999;
INTRA-EX;202410;513881387;R7437-9-4;87089997;FR;PT;10;EXW;11;3;;0,2;1;166;;QV999999999999;
INTRA-EX;202410;513881387;ATIKFO21;87089235;FR;PT;10;EXW;11;3;;2,1;1;179;;QV999999999999;
INTRA-EX;202410;513881387;WB-280;84213100;FR;PT;10;EXW;11;3;;0,3;1;78;;QV999999999999;
INTRA-EX;202410;513881387;VWR90000-4;84099100;FR;PT;10;EXW;11;3;;1,2;1;157;;QV999999999999;
INTRA-EX;202410;513881387;10.127.100K;84132000;FR;PT;10;EXW;11;3;;0,3;1;314;;QV999999999999;
INTRA-EX;202410;513881387;BKR8EIX-6;85111000;FR;PT;10;EXW;11;3;;0,3;1;62;;QV999999999999;
INTRA-EX;202410;513881387;R7437-9-4;87089997;FR;PT;10;EXW;11;3;;0,2;1;166;;QV999999999999;
INTRA-EX;202410;513881387;ATMSYGR10;87089997;FR;PT;10;EXW;11;3;;2,5;1;206;;QV999999999999;
INTRA-EX;202410;513881387;06K129717A;87089997;FR;PT;10;EXW;11;3;;0,1;1;6;;QV999999999999;
INTRA-EX;202410;513881387;AC-MQB-FD;87089997;FR;PT;10;EXW;11;3;;0,1;1;59;;QV999999999999;
INTRA-EX;202410;513881387;4B1609H-STD;40091100;FR;PT;10;EXW;11;3;;0,5;1;44;;FR34897942652;
INTRA-EX;202410;513881387;U5055-6;84099100;FR;PT;10;EXW;11;3;;1,5;1;132;;QV999999999999;
INTRA-EX;202410;513881387;AC-200-OSA;87089997;FR;PT;10;EXW;11;3;;0,2;1;27;;QV999999999999;
INTRA-EX;202410;513881387;216CLSDWAOP-R;87089997;FR;PT;10;EXW;11;3;;0,4;1;73;;QV999999999999;
INTRA-EX;202410;513881387;VWR180000;87089997;FR;PT;10;EXW;11;3;;0,1;1;13;;QV999999999999;
INTRA-EX;202410;513881387;058198025A;87089997;FR;PT;10;EXW;11;3;;0,3;1;8;;QV999999999999;
INTRA-EX;202410;513881387;VWR640012;87089997;FR;PT;10;EXW;11;3;;2,2;2;157;;QV999999999999;
INTRA-EX;202410;513881387;T50-1-1000-01;87089997;FR;PT;10;EXW;11;3;;0,5;1;50;;QV999999999999;
INTRA-EX;202410;513881387;PPF-3129;84213100;FR;PT;10;EXW;11;3;;0,4;1;43;;QV999999999999;
INTRA-EX;202410;513881387;06J103600AFKIT;84099100;FR;PT;10;EXW;11;3;;2,5;1;49;;QV999999999999;
INTRA-EX;202410;513881387;ATMSFO134;87089997;FR;PT;10;EXW;11;3;;2,3;1;157;;QV999999999999;
INTRA-EX;202410;513881387;PFR8S8EG-6;87089997;FR;PT;10;EXW;11;3;;1,4;1;68;;QV999999999999;
INTRA-EX;202410;513881387;82494;84099100;FR;PT;10;EXW;11;3;;1,6;1;206;;QV999999999999;
INTRA-EX;202410;513881387;500001010;87089235;FR;PT;10;EXW;11;3;;4,5;1;530;;FR35504243288;
INTRA-EX;202410;513881387;06E898001-4;85111000;FR;PT;10;EXW;11;3;;1,2;1;104;;QV999999999999;
INTRA-EX;202410;513881387;BKR8EIX-4;85111000;FR;PT;10;EXW;11;3;;0,2;1;41;;QV999999999999;
INTRA-EX;202410;513881387;VWR120000;84213100;FR;PT;10;EXW;11;3;;1;1;27;;QV999999999999;
INTRA-EX;202410;513881387;CTS-IT-290R;84213100;FR;PT;10;EXW;11;3;;6;1;276;;QV999999999999;
INTRA-EX;202410;513881387;BKR8EIX-6;85111000;FR;PT;10;EXW;11;3;;0,3;1;62;;QV999999999999;
INTRA-EX;202410;513881387;AC-200-FD;87089997;FR;PT;10;EXW;11;3;;0,5;1;48;;QV999999999999;
INTRA-EX;202410;513881387;VWR1130RS;84213100;FR;PT;10;EXW;11;3;;0,4;1;67;;QV999999999999;
INTRA-EX;202410;513881387;ATIKMAZ01;84213100;FR;PT;10;EXW;11;3;;3,6;1;221;;QV999999999999;
INTRA-EX;202410;513881387;CTS-IT-110;40091100;FR;PT;10;EXW;11;3;;1,3;1;190;;QV999999999999;
INTRA-EX;202410;513881387;CTS-IT-500;40091100;FR;PT;10;EXW;11;3;;1,6;1;149;;QV999999999999;
INTRA-EX;202410;513881387;AC-MK7-IND-BK;40091100;FR;PT;10;EXW;11;3;;0,9;1;32;;FR19980130553;
INTRA-EX;202410;513881387;AC-MK7-INLET;40091100;FR;PT;10;EXW;11;3;;0,3;1;45;;FR19980130553;
INTRA-EX;202410;513881387;SVWC060;87089235;FR;PT;10;EXW;11;3;;9,7;1;263;;FR91853808350;
INTRA-EX;202410;513881387;SHYP107;87089997;FR;PT;10;EXW;11;3;;3,7;1;109;;FR82530667591;
INTRA-EX;202410;513881387;VWR1200R600E;84213100;FR;PT;10;EXW;11;3;;5,2;2;619;;FR82530667591;
INTRA-EX;202410;513881387;CTS-EXH-CB-0016;87089235;FR;PT;10;EXW;11;3;;18;1;524;;FR94827543661;
INTRA-EX;202410;513881387;AMS.50.06.0001-1;;ES;PT;10;EXW;11;3;;0,1;1;69;;ES78536045S;
INTRA-EX;202410;513881387;AC-WS-SB-15;87088099;ES;PT;10;EXW;11;3;;1,7;1;59;;ES78536045S;
INTRA-EX;202410;513881387;ASKC;33030010;ES;PT;10;EXW;11;3;;0,1;1;1;;ES78536045S;
INTRA-EX;202410;513881387;AMS-00.06.0108-1;87089997;ES;PT;10;EXW;11;3;;0,1;1;4;;ES78536045S;
INTRA-EX;202410;513881387;06E898001-8;85111000;ES;PT;10;EXW;11;3;;1,9;1;208;;QV999999999999;
INTRA-EX;202410;513881387;SRN0635-6P-BK;87083091;ES;PT;10;EXW;11;3;;0,5;1;93;;QV999999999999;
INTRA-EX;202410;513881387;RBF700;27101999;ES;PT;10;EXW;11;3;;0,6;2;28;;QV999999999999;
INTRA-EX;202410;513881387;KLC150;87088035;FR;PT;10;EXW;11;3;;1;1;121;;QV999999999999;
INTRA-EX;202410;513881387;MMHOSE-EVO-10BL;40091100;FR;PT;10;EXW;11;3;;1,2;1;92;;FR60539752733;
INTRA-EX;202410;513881387;KCA395;87088055;FR;PT;10;EXW;11;3;;2;1;183;;FR60539752733;
INTRA-EX;202410;513881387;EVE-N55-PF;84212300;FR;PT;10;EXW;11;3;;0,9;1;80;;QV999999999999;
INTRA-EX;202410;513881387;MMRAD-E36-92;87089135;FI;PT;10;EXW;11;3;;6,7;4;679;;FI26073136;
INTRA-EX;202410;513881387;T50-1-1000-01;87089997;FI;PT;10;EXW;11;3;;0,5;1;48;;QV999999999999;
INTRA-EX;202410;513881387;VWR1200R601E;84213100;LU;PT;10;EXW;11;3;;5,2;1;338;;LU28446117;
INTRA-EX;202410;513881387;CTS-DB-MK4-60D;84099100;SI;PT;10;EXW;11;3;;1,2;1;45;;QV999999999999;
INTRA-EX;202410;513881387;VSM74-C1SA3;87089997;GR;PT;10;EXW;11;3;;27;1;683;;GREL136030005;
INTRA-EX;202410;513881387;GSM74-91SS2;8708803590;GR;PT;10;EXW;11;3;;22;1;530;;GREL136030005;
INTRA-EX;202410;513881387;W0595;10;GR;PT;10;EXW;11;3;;1;1;74;;GREL136030005;
INTRA-EX;202410;513881387;VWR13G700;84099100;DE;PT;10;EXW;11;3;;2,8;1;468;;DE181881308;
INTRA-EX;202410;513881387;PF04;85444290;DE;PT;10;EXW;11;3;;0,2;1;159;;DE181881308;
INTRA-EX;202410;513881387;PF05;90262020;DE;PT;10;EXW;11;3;;0,2;1;170;;DE181881308;
INTRA-EX;202410;513881387;CTS-HW-380;40091100;PL;PT;10;EXW;11;3;;0,6;1;74;;PL8141683531;
INTRA-EX;202410;513881387;PF04;85444290;PL;PT;10;EXW;11;3;;0,2;1;159;;PL8141683531;
INTRA-EX;202410;513881387;EVE-FLC;87084099;PL;PT;10;EXW;11;3;;0,6;4;84;;PL8141683531;
INTRA-EX;202410;513881387;SBMB050;87089235;PL;PT;10;EXW;11;3;;23;1;411;;PL8141683531;
INTRA-EX;202410;513881387;SAUC074;87089235;BE;PT;10;EXW;11;3;;12;1;264;;BE0740963105;
INTRA-EX;202410;513881387;UR-TW2-3744;87088055;BE;PT;10;EXW;11;3;;2,7;1;75;;BE0740963105;
INTRA-EX;202410;513881387;SILZKBR8D8S;85111000;BE;PT;10;EXW;11;3;;0,1;12;114;;BE0740963105;
INTRA-EX;202410;513881387;VWR1200R601E;84213100;IT;PT;10;EXW;11;3;;5,2;1;338;;IT03656931205;
INTRA-EX;202410;513881387;MMAI-BRZ-13WBK;84213100;IT;PT;10;EXW;11;3;;3,6;1;213;;IT02710790060;
INTRA-EX;202410;513881387;VWR31G80R;73209090;IT;PT;10;EXW;11;3;;8;1;161;;IT02710790060;
INTRA-EX;202410;513881387;EVE-M2C-CF-INT;84213100;IT;PT;10;EXW;11;3;;6;1;1485;;IT03943631204;
INTRA-EX;202410;513881387;EVE-ST38Y-CF-INT;84213100;IT;PT;10;EXW;11;3;;7;1;1285;;IT12034500012;
INTRA-EX;202410;513881387;VWR640012;87089997;IT;PT;10;EXW;11;3;;2,2;1;62;;IT12034500012;
INTRA-EX;202410;513881387;VWR640015;87089997;IT;PT;10;EXW;11;3;;2,2;1;65;;IT12034500012;
INTRA-EX;202410;513881387;EVE-GR4-CF-INT;84213100;IT;PT;10;EXW;11;3;;5,7;1;975;;IT12034500012;
INTRA-EX;202410;513881387;E-TY/SS/3;87089850;IT;PT;10;EXW;11;3;;5,2;1;349;;IT12034500012;
INTRA-EX;202410;513881387;VWR17G8R600;84213100;IT;PT;10;EXW;11;3;;0,2;4;152;;IT12034500012;
INTRA-EX;202410;513881387;VWR17G7R600;40091100;IT;PT;10;EXW;11;3;;0,2;4;152;;IT12034500012;
INTRA-EX;202410;513881387;FMSS7;87089997;IT;PT;10;EXW;11;3;;0,3;1;64;;IT03528320785;
INTRA-EX;202410;513881387;AC-27-TI;84198998;NL;PT;10;EXW;11;3;;2,8;1;99;;NL002241494B08;
INTRA-EX;202410;513881387;AC-200-QS;87089997;NL;PT;10;EXW;11;3;;0,5;1;49;;NL002241494B08;
INTRA-EX;202410;513881387;BKR7EIX;85111000;NL;PT;10;EXW;11;3;;0,1;4;34;;NL002241494B08;
INTRA-EX;202410;513881387;VWR81G700;87088055;NL;PT;10;EXW;11;3;;2,6;1;319;;NL002241494B08;
INTRA-EX;202410;513881387;EVE-RSQ3-CF-INT;84213100;NL;PT;10;EXW;11;3;;6,1;1;1285;;NL002254344B79;
INTRA-EX;202410;513881387;AC-211-CFA;87089997;NL;PT;10;EXW;11;3;;0,1;1;16;;NL002241494B08;
INTRA-EX;202410;513881387;AC-OPC-DP;87089235;NL;PT;10;EXW;11;3;;1,7;1;65;;NL002241494B08;
INTRA-EX;202410;513881387;R7437-9;85111000;NL;PT;10;EXW;11;3;;0,1;30;1059;;NL002241494B08;
INTRA-EX;202410;513881387;VWR670008;87083099;NL;PT;10;EXW;11;3;;1,2;1;59;;NL002254344B79;
INTRA-EX;202410;513881387;VWR190002;87089997;NL;PT;10;EXW;11;3;;0,2;1;49;;NL002254344B79;
INTRA-EX;202410;513881387;VWR12G7R600ITBLA;84213100;NL;PT;10;EXW;11;3;;0,8;1;76;;NL002254344B79;
INTRA-EX;202410;513881387;VWR810000;87089997;NL;PT;10;EXW;11;3;;0,2;3;51;;NL002254344B79;
INTRA-EX;202410;513881387;VWR640015;87089997;NL;PT;10;EXW;11;3;;2,2;1;65;;NL002254344B79;
INTRA-EX;202410;513881387;10.127.203K;84132000;NL;PT;10;EXW;11;3;;0,3;1;227;;NL002254344B79;
INTRA-EX;202410;513881387;BKR7EIX;85111000;NL;PT;10;EXW;11;3;;0,1;4;34;;NL002254344B79;
INTRA-EX;202410;513881387;BKR8EIX;85111000;NL;PT;10;EXW;11;3;;0,1;2;17;;NL002254344B79;
INTRA-EX;202410;513881387;VWR190000;87089997;NL;PT;10;EXW;11;3;;0,3;1;65;;NL002254344B79;
INTRA-EX;202410;513881387;SILZKGR8C8S;85111000;NL;PT;10;EXW;11;3;;0,1;3;45;;NL002254344B79;
INTRA-EX;202410;513881387;VWR3130RS;87088035;NL;PT;10;EXW;11;3;;9,2;1;161;;NL002254344B79;
INTRA-EX;202410;513881387;CTS-IT-270R;84213100;NL;PT;10;EXW;11;3;;4,3;1;277;;QV999999999999;
INTRA-EX;202410;513881387;CTS-HW-408;84099100;ES;PT;10;EXW;11;3;;0,3;1;97;;ESB67084251;
INTRA-EX;202410;513881387;VWR1130RS;84213100;ES;PT;10;EXW;11;3;;0,4;1;52;;ESB67084251;
INTRA-EX;202410;513881387;AC-200-HS;87089997;ES;PT;10;EXW;11;3;;0,5;1;15;;ESB67084251;
INTRA-EX;202410;513881387;CTS-DB-MK4-60D;84099100;ES;PT;10;EXW;11;3;;1,2;1;29;;ESB67084251;
INTRA-EX;202410;513881387;AC-NA-FU;87088055;ES;PT;10;EXW;11;3;;3;1;63;;ESB67084251;
INTRA-EX;202410;513881387;SILZKBR8D8S;85111000;ES;PT;10;EXW;11;3;;0,1;6;57;;ESB42954230;
INTRA-EX;202410;513881387;VWR120003;87089997;ES;PT;10;EXW;11;3;;1,3;2;357;;ESB42954230;
INTRA-EX;202410;513881387;VWR1200R601E;84213100;ES;PT;10;EXW;11;3;;5,2;1;338;;ESB42954230;
INTRA-EX;202410;513881387;CTS-IT-255R;87089135;ES;PT;10;EXW;11;3;;8;1;284;;ESB42954230;
INTRA-EX;202410;513881387;VWR810002;87089997;ES;PT;10;EXW;11;3;;0,5;2;112;;ESB42954230;
INTRA-EX;202410;513881387;AC-MK7-MD;87089997;ES;PT;10;EXW;11;3;;0,4;1;43;;ES18062887K;
INTRA-EX;202410;513881387;AC-MK7-INLET;40091100;ES;PT;10;EXW;11;3;;0,3;1;45;;ES18062887K;
INTRA-EX;202410;513881387;STYP009;87089997;ES;PT;10;EXW;11;3;;7,8;1;201;;ES44719365M;
INTRA-EX;202410;513881387;AC-R56-TB;87089997;ES;PT;10;EXW;11;3;;0,4;1;39;;ES44534463T;
INTRA-EX;202410;513881387;EUPD3003713R;84099100;ES;PT;10;EXW;11;3;;1,2;1;494;;ESB86420924;
INTRA-EX;202410;513881387;VWR81G700;87088055;ES;PT;10;EXW;11;3;;2,6;1;319;;ES18062887K;
INTRA-EX;202410;513881387;CTS-IT-250;84213100;ES;PT;10;EXW;11;3;;6,6;1;284;;ES44719365M;
INTRA-EX;202410;513881387;CTS-IT-020;84213100;ES;PT;10;EXW;11;3;;3,1;1;127;;ES44719365M;
INTRA-EX;202410;513881387;CTS-IT-270R;84213100;ES;PT;10;EXW;11;3;;4,3;1;247;;ES44719365M;
INTRA-EX;202410;513881387;AC-200-PP;84198998;ES;PT;10;EXW;11;3;;0,5;1;81;;QV999999999999;
INTRA-EX;202410;513881387;SAUC030;87089235;ES;PT;10;EXW;11;3;;5,6;1;185;;QV999999999999;
INTRA-EX;202410;513881387;10w60-2;27101999;ES;PT;10;EXW;11;3;;4,7;2;54;;QV999999999999;
INTRA-EX;202410;513881387;FMAS049-YL;87089997;ES;PT;10;EXW;11;3;;0,2;1;14;;QV999999999999;
INTRA-EX;202410;513881387;ILZTR6A8G-4;84099100;ES;PT;10;EXW;11;3;;0,2;1;32;;QV999999999999;
INTRA-EX;202410;513881387;FMARSDV;40091100;ES;PT;10;EXW;11;3;;2,3;1;309;;ESB67084251;
INTRA-EX;202410;513881387;BKR7EIX-4;84099100;ES;PT;10;EXW;11;3;;0,5;1;40;;QV999999999999;
INTRA-EX;202410;513881387;GTHSB-5;87089997;ES;PT;10;EXW;11;3;;0,1;1;20;;QV999999999999;
INTRA-EX;202410;513881387;058198025A;87089997;ES;PT;10;EXW;11;3;;0,3;1;8;;QV999999999999;
INTRA-EX;202410;513881387;SILZKBR8D8S-6;84099100;ES;PT;10;EXW;11;3;;0,2;2;132;;ES43233026H;
INTRA-EX;202410;513881387;ATMSYGR01;87089997;ES;PT;10;EXW;11;3;;1,2;1;185;;ES16610275C;
INTRA-EX;202410;513881387;VWR31G70RW;87088035;ES;PT;10;EXW;11;3;;9,1;1;241;;ESB45759685;
INTRA-EX;202410;513881387;BKR8EIX-4;85111000;ES;PT;10;EXW;11;3;;0,2;2;83;;ESB45759685;
INTRA-EX;202410;513881387;AC-180-CAN;40093100;ES;PT;10;EXW;11;3;;0,4;1;16;;ESB45759685;
INTRA-EX;202410;513881387;R7437-8-4;84099100;ES;PT;10;EXW;11;3;;0,2;1;159;;QV999999999999;
INTRA-EX;202410;513881387;S-BM/TI/33H+TP-CT/69;87089235;ES;PT;10;EXW;11;3;;30;1;5950;;ESB24546814;
INTRA-EX;202410;513881387;P-HF1384;85189000;ES;PT;10;EXW;11;3;;2;1;430;;ESB24546814;
INTRA-EX;202410;513881387;50003-M45-HL-3;84213100;ES;PT;10;EXW;11;3;;0,4;1;74;;ESB86420924;
INTRA-EX;202410;513881387;SSZ0205-6P-BK;87083091;ES;PT;10;EXW;11;3;;0,6;1;116;;QV999999999999;
INTRA-EX;202410;513881387;BKR7EIX-4;84099100;ES;PT;10;EXW;11;3;;0,5;1;40;;QV999999999999;
INTRA-EX;202410;513881387;06J103600AFKIT;84099100;ES;PT;10;EXW;11;3;;2,5;1;49;;QV999999999999;
INTRA-EX;202410;513881387;KDT957;87089997;ES;PT;10;EXW;11;3;;0,2;1;43;;QV999999999999;
INTRA-EX;202410;513881387;SP2300WB;84213100;ES;PT;10;EXW;11;3;;4,1;1;269;;ESB44843100;
INTRA-EX;202410;513881387;9-654-1025;84133080;FR;PT;10;EXW;11;3;;0,8;3;389;;FR09904392206;
INTRA-EX;202410;513881387;SVXS065;87089235;FR;PT;10;EXW;11;3;;20;1;409;;FR80327253902;
INTRA-EX;202410;513881387;SFDC066;87089235;FR;PT;10;EXW;11;3;;4,2;1;158;;QV999999999999;
INTRA-EX;202410;513881387;FMGK1-A;87089997;FR;PT;10;EXW;11;3;;0,3;1;84;;QV999999999999;
INTRA-EX;202410;513881387;VWR3130RS;87088035;FR;PT;10;EXW;11;3;;9,2;1;241;;QV999999999999;
INTRA-EX;202410;513881387;FMTUBL1;87089997;FR;PT;10;EXW;11;3;;0,3;1;74;;QV999999999999;
INTRA-EX;202410;513881387;238SMOT270-C;90269000;FR;PT;10;EXW;11;3;;0,4;1;47;;QV999999999999;
INTRA-EX;202410;513881387;BKR7EIX-4;84099100;FR;PT;10;EXW;11;3;;0,5;1;40;;QV999999999999;
INTRA-EX;202410;513881387;IZKR7B-6;85111000;FR;PT;10;EXW;11;3;;0,2;1;58;;QV999999999999;
INTRA-EX;202410;513881387;PFR8S8EG-6;87089997;FR;PT;10;EXW;11;3;;1,4;1;68;;QV999999999999;
INTRA-EX;202410;513881387;BKR8EIX-4;85111000;FR;PT;10;EXW;11;3;;0,2;1;41;;QV999999999999;
INTRA-EX;202410;513881387;AC-WS-12-BT;87088099;FR;PT;10;EXW;11;3;;2,3;1;46;;QV999999999999;
INTRA-EX;202410;513881387;CTS-IT-270R;84213100;FR;PT;10;EXW;11;3;;4,3;1;279;;QV999999999999;
INTRA-EX;202410;513881387;SFDC066;87089235;FR;PT;10;EXW;11;3;;4,2;1;158;;FR62897446571;
INTRA-EX;202410;513881387;613182.654150;87089997;FR;PT;10;EXW;11;3;;0,5;1;62;;QV999999999999;
INTRA-EX;202410;513881387;SAU0432-4P-BK;87083091;FR;PT;10;EXW;11;3;;0,5;1;77;;QV999999999999;
INTRA-EX;202410;513881387;AC-200-IT;84198998;FR;PT;10;EXW;11;3;;5;1;187;;QV999999999999;
INTRA-EX;202410;513881387;AC-200R-DP;87089235;FR;PT;10;EXW;11;3;;9,8;1;249;;QV999999999999;
INTRA-EX;202410;513881387;CTS-HW-361;87089997;FR;PT;10;EXW;11;3;;0,5;1;79;;QV999999999999;
INTRA-EX;202410;513881387;LFR6AIX-11-6;85111000;FR;PT;10;EXW;11;3;;0,3;1;58;;QV999999999999;
INTRA-EX;202410;513881387;MMIG-350Z-0306;85111000;FR;PT;10;EXW;11;3;;2;1;158;;QV999999999999;
INTRA-EX;202410;513881387;70017-AN101;84213100;FR;PT;10;EXW;11;3;;0,5;1;37;;QV999999999999;
INTRA-EX;202410;513881387;SILZKGR8B8S-6;85111000;FR;PT;10;EXW;11;3;;0,2;1;59;;QV999999999999;
INTRA-EX;202410;513881387;KTA286;87088055;FR;PT;10;EXW;11;3;;2,8;1;185;;QV999999999999;
INTRA-EX;202410;513881387;D650-0009-4;84099100;FR;PT;10;EXW;11;3;;1,2;1;141;;QV999999999999;
INTRA-EX;202410;513881387;AC-180-CAN;40093100;FR;PT;10;EXW;11;3;;0,4;1;16;;QV999999999999;
INTRA-EX;202410;513881387;AC-MK7-FU-RD;87088055;FR;PT;10;EXW;11;3;;3;1;82;;QV999999999999;
INTRA-EX;202410;513881387;MMEXH-MUS8-15XP;87089235;FR;PT;10;EXW;11;3;;8,7;1;189;;QV999999999999;
INTRA-EX;202410;513881387;SAUP087;87089997;FR;PT;10;EXW;11;3;;12,4;1;303;;QV999999999999;
INTRA-EX;202410;513881387;F2428P+F2429P;84099100;FR;PT;10;EXW;11;3;;1,3;1;857;;FR70898441050;
INTRA-EX;202410;513881387;KT4026;87089997;FR;PT;10;EXW;11;3;;1,1;1;857;;FR70898441050;
INTRA-EX;202410;513881387;14079-6;84099100;FR;PT;10;EXW;11;3;;4;1;782;;FR70898441050;
INTRA-EX;202410;513881387;7M1397H-STD;40091100;FR;PT;10;EXW;11;3;;0,7;1;161;;FR70898441050;
INTRA-EX;202410;513881387;6B1584H-STD;40091100;FR;PT;10;EXW;11;3;;0,4;1;134;;FR70898441050;
INTRA-EX;202410;513881387;AC-S55-OTC;84213100;FR;PT;10;EXW;11;3;;0,3;1;37;;FR70898441050;
INTRA-EX;202410;513881387;UR-LA6-3705;87088055;FR;PT;10;EXW;11;3;;3,9;1;174;;FR70898441050;
INTRA-EX;202410;513881387;BKR8EIX-4;85111000;FR;PT;10;EXW;11;3;;0,2;1;41;;QV999999999999;
INTRA-EX;202410;513881387;06J103600AFKIT;84099100;FR;PT;10;EXW;11;3;;2,5;1;49;;QV999999999999;
INTRA-EX;202410;513881387;SILZKGR8B8S-6;85111000;FR;PT;10;EXW;11;3;;0,2;1;59;;QV999999999999;
INTRA-EX;202410;513881387;AC-N55-INLET;40091100;FR;PT;10;EXW;11;3;;1,4;1;104;;QV999999999999;
INTRA-EX;202410;513881387;AC-BM-ODP;87089997;FR;PT;10;EXW;11;3;;0,1;1;12;;QV999999999999;
INTRA-EX;202410;513881387;CTS-TM-MK56-60D;84099100;DK;PT;10;EXW;11;3;;2;1;103;;DK31347467;
INTRA-EX;202410;513881387;AC-200-EM;87089997;DK;PT;10;EXW;11;3;;2,3;1;79;;DK31347467;
INTRA-EX;202410;513881387;VWR12G7R600OS;84213100;SK;PT;10;EXW;11;3;;0,3;1;21;;SK2120270581;
INTRA-EX;202410;513881387;VWR1200R601E;84213100;SK;PT;10;EXW;11;3;;5,2;1;338;;SK2120270581;
INTRA-EX;202410;513881387;034-101-3051;40093100;FI;PT;10;EXW;11;3;;0,1;1;14;;QV999999999999;
INTRA-EX;202410;513881387;COASFST16T3;40091100;HR;PT;10;EXW;11;3;;1,7;1;235;;QV999999999999;
INTRA-EX;202410;513881387;AC-200-FD;87089997;LU;PT;10;EXW;11;3;;0,5;1;32;;LU28446117;
INTRA-EX;202410;513881387;KCA416;87141030;SI;PT;10;EXW;11;3;;0,6;1;31;;QV999999999999;
INTRA-EX;202410;513881387;VWR180000;87089997;RO;PT;10;EXW;11;3;;0,1;1;13;;QV999999999999;
INTRA-EX;202410;513881387;FM225SH-RD;40091100;RO;PT;10;EXW;11;3;;0,1;1;29;;QV999999999999;
INTRA-EX;202410;513881387;FM225AH-RD;40093100;RO;PT;10;EXW;11;3;;0,3;1;45;;QV999999999999;
INTRA-EX;202410;513881387;058129717D;87089997;RO;PT;10;EXW;11;3;;0,1;1;3;;QV999999999999;
INTRA-EX;202410;513881387;058253039L;87089997;RO;PT;10;EXW;11;3;;0,1;1;5;;QV999999999999;
INTRA-EX;202410;513881387;CTS-IT-810;40091100;GR;PT;10;EXW;11;3;;1,4;1;164;;GREL136030005;
INTRA-EX;202410;513881387;034-1ZZ-0001;87089997;DE;PT;10;EXW;11;3;;0,8;1;176;;QV999999999999;
INTRA-EX;202410;513881387;VWR19G704;70102000;DE;PT;10;EXW;11;3;;0,1;1;74;;QV999999999999;
INTRA-EX;202410;513881387;VWR190008;87089997;DE;PT;10;EXW;11;3;;0,5;1;57;;QV999999999999;
INTRA-EX;202410;513881387;AC-VAG-BC;87089997;DE;PT;10;EXW;11;3;;0,2;1;22;;QV999999999999;
INTRA-EX;202410;513881387;VWR190004;87089997;DE;PT;10;EXW;11;3;;0,3;1;74;;QV999999999999;
INTRA-EX;202410;513881387;AC-VAG-CC;87089997;DE;PT;10;EXW;11;3;;0,3;1;37;;QV999999999999;
INTRA-EX;202410;513881387;KLC202;87088035;DE;PT;10;EXW;11;3;;1;1;122;;QV999999999999;
INTRA-EX;202410;513881387;KLC167A;87088055;DE;PT;10;EXW;11;3;;1,4;1;122;;QV999999999999;
INTRA-EX;202410;513881387;MMBCC-N54-06CBE2;87089997;BE;PT;10;EXW;11;3;;2,1;1;188;;BE0763671397;
INTRA-EX;202410;513881387;E10-82-092-01-22;73202081;BE;PT;10;EXW;11;3;;11;1;181;;QV999999999999;
INTRA-EX;202410;513881387;06E898001-4;85111000;BE;PT;10;EXW;11;3;;1,2;1;104;;QV999999999999;
INTRA-EX;202410;513881387;BKR7EIX-4;84099100;BE;PT;10;EXW;11;3;;0,5;1;40;;QV999999999999;
INTRA-EX;202410;513881387;UR-RL2-3707;87088055;BE;PT;10;EXW;11;3;;1,6;1;82;;BE0740963105;
INTRA-EX;202410;513881387;SVWC051;87089235;IT;PT;10;EXW;11;3;;7,5;1;324;;IT03656931205;
INTRA-EX;202410;513881387;COMBO-NOV-MQB;84213100;IT;PT;10;EXW;11;3;;5,5;1;446;;IT02643740026;
INTRA-EX;202410;513881387;VWR12G7R600ITGREY;87089997;NL;PT;10;EXW;11;3;;0,9;2;152;;NL002254344B79;
INTRA-EX;202410;513881387;VWR1210R601EG;84213100;NL;PT;10;EXW;11;3;;5,2;1;505;;NL002254344B79;
INTRA-EX;202410;513881387;BKR7EIX;85111000;NL;PT;10;EXW;11;3;;0,1;50;429;;NL002241494B08;
INTRA-EX;202410;513881387;1K0253144BD;40091100;NL;PT;10;EXW;11;3;;0,2;1;6;;NL002241494B08;
INTRA-EX;202410;513881387;VWR12G7R600ITRED;84213100;NL;PT;10;EXW;11;3;;0,8;1;76;;NL002241494B08;
INTRA-EX;202410;513881387;EVE-661-G2-FTR;84213100;NL;PT;10;EXW;11;3;;0,6;1;63;;NL002241494B08;
INTRA-EX;202410;513881387;SRNS028;87089235;NL;PT;10;EXW;11;3;;20,8;1;478;;NL002241494B08;
INTRA-EX;202410;513881387;AC-200-CP;84099100;NL;PT;10;EXW;11;3;;0,3;4;54;;NL002241494B08;
INTRA-EX;202410;513881387;VWR12G7R600ITINLET;87089997;NL;PT;10;EXW;11;3;;0,4;1;100;;NL002241494B08;
INTRA-EX;202410;513881387;LAP3BE8X;;NL;PT;10;EXW;11;3;;0,1;1;187;;NL002241494B08;
INTRA-EX;202410;513881387;EVE-G8XM-CF-ENG;84213100;NL;PT;10;EXW;11;3;;4,2;1;675;;NL002241494B08;
INTRA-EX;202410;513881387;9-654-1025;84133080;NL;PT;10;EXW;11;3;;0,8;1;129;;NL002241494B08;
INTRA-EX;202410;513881387;AC-204-FU;87088055;NL;PT;10;EXW;11;3;;3,3;1;74;;NL002241494B08;
INTRA-EX;202410;513881387;SSE0433-4P-BK;87083091;ES;PT;10;EXW;11;3;;0,5;1;93;;QV999999999999;
INTRA-EX;202410;513881387;AC-200-CP-4;84099100;ES;PT;10;EXW;11;3;;1;1;81;;QV999999999999;
INTRA-EX;202410;513881387;BKR7EIX-4;84099100;ES;PT;10;EXW;11;3;;0,5;1;40;;QV999999999999;
INTRA-EX;202410;513881387;AC-200-CP-4;84099100;ES;PT;10;EXW;11;3;;1;1;81;;QV999999999999;
INTRA-EX;202410;513881387;06F103483D;87089997;ES;PT;10;EXW;11;3;;0,1;1;8;;QV999999999999;
INTRA-EX;202410;513881387;CTS-HW-360;40091100;ES;PT;10;EXW;11;3;;1,4;1;247;;QV999999999999;
INTRA-EX;202410;513881387;9-421-0847;84133080;ES;PT;10;EXW;11;3;;0,6;1;156;;ES71676122a;
INTRA-EX;202410;513881387;CTS-EM-MK456-4-60D;84099100;ES;PT;10;EXW;11;3;;2,5;1;115;;QV999999999999;
INTRA-EX;202410;513881387;CTS-TM-MK4-60D;87089235;ES;PT;10;EXW;11;3;;2;1;107;;QV999999999999;
INTRA-EX;202410;513881387;SAU0431-4P-RD;87083091;ES;PT;10;EXW;11;3;;0,5;1;78;;QV999999999999;
INTRA-EX;202410;513881387;RBF660;27101999;ES;PT;10;EXW;11;3;;0,6;1;11;;QV999999999999;
INTRA-EX;202410;513881387;CTS-IT-255R;87089135;ES;PT;10;EXW;11;3;;8;1;319;;QV999999999999;
INTRA-EX;202410;513881387;TS-0203-1022-2;87089997;ES;PT;10;EXW;11;3;;0,7;1;330;;QV999999999999;
INTRA-EX;202410;513881387;06J103600AFKIT;84099100;ES;PT;10;EXW;11;3;;2,5;1;49;;QV999999999999;
INTRA-EX;202410;513881387;FMINDK28RC;84213100;ES;PT;10;EXW;11;3;;1;1;81;;QV999999999999;
INTRA-EX;202410;513881387;SHD1010-4P-BK;87083091;ES;PT;10;EXW;11;3;;0,5;1;76;;QV999999999999;
INTRA-EX;202410;513881387;KLC233;87089997;ES;PT;10;EXW;11;3;;0,9;1;120;;QV999999999999;
INTRA-EX;202410;513881387;AC-180-DB;87089997;ES;PT;10;EXW;11;3;;1,5;1;21;;ESB42771618;
INTRA-EX;202410;513881387;R7437-9;85111000;ES;PT;10;EXW;11;3;;0,1;8;282;;ESB42771618;
INTRA-EX;202410;513881387;AC-MK7R-DP;87089235;ES;PT;10;EXW;11;3;;11,3;1;185;;ESB42771618;
INTRA-EX;202410;513881387;VWR120000;84213100;ES;PT;10;EXW;11;3;;1;1;26;;QV999999999999;
INTRA-EX;202410;513881387;VWR12G60RFO;84213100;ES;PT;10;EXW;11;3;;0,5;1;91;;QV999999999999;
INTRA-EX;202410;513881387;216BFWAOPSM;90269000;ES;PT;10;EXW;11;3;;0,4;1;46;;QV999999999999;
INTRA-EX;202410;513881387;216BFWAOTSM;90269000;ES;PT;10;EXW;11;3;;0,3;1;39;;QV999999999999;
INTRA-EX;202410;513881387;216BFWABOSM;90262020;ES;PT;10;EXW;11;3;;0,3;1;35;;QV999999999999;
INTRA-EX;202410;513881387;238CLSDWAOP-R;87089997;ES;PT;10;EXW;11;3;;0,6;1;76;;QV999999999999;
INTRA-EX;202410;513881387;RF100026;84099100;ES;PT;10;EXW;11;3;;0,6;1;44;;QV999999999999;
INTRA-EX;202410;513881387;SME0455-4P-BK;87083091;ES;PT;10;EXW;11;3;;0,5;1;78;;QV999999999999;
INTRA-EX;202410;513881387;RIP-010-BK;84213100;ES;PT;10;EXW;11;3;;0,8;1;56;;QV999999999999;
INTRA-EX;202410;513881387;PP1895;84213100;ES;PT;10;EXW;11;3;;0,5;1;37;;QV999999999999;
INTRA-EX;202410;513881387;KCA472;87088035;ES;PT;10;EXW;11;3;;2;1;170;;QV999999999999;
INTRA-EX;202410;513881387;JSK-103-80;84213100;ES;PT;10;EXW;11;3;;1,3;1;122;;QV999999999999;
INTRA-EX;202410;513881387;82292469991;84099100;ES;PT;10;EXW;11;3;;0,6;1;33;;QV999999999999;
INTRA-EX;202410;513881387;PP1931;84213100;ES;PT;10;EXW;11;3;;0,7;1;37;;QV999999999999;
INTRA-EX;202410;513881387;AC-MK7-IND-RD;40091100;FR;PT;10;EXW;11;3;;0,9;1;48;;QV999999999999;
INTRA-EX;202410;513881387;AC-MK7-TI;40091100;FR;PT;10;EXW;11;3;;1,3;1;108;;QV999999999999;
INTRA-EX;202410;513881387;SILZKGR8B8S-6;85111000;FR;PT;10;EXW;11;3;;0,2;1;59;;QV999999999999;
INTRA-EX;202410;513881387;AC-MK5-FU-BL;87088055;FR;PT;10;EXW;11;3;;4,4;1;97;;QV999999999999;
INTRA-EX;202410;513881387;RPF-1806;84213100;FR;PT;10;EXW;11;3;;0,4;1;33;;QV999999999999;
INTRA-EX;202410;513881387;CTS-IGN-009;84099100;FR;PT;10;EXW;11;3;;0,3;6;190;;QV999999999999;
INTRA-EX;202410;513881387;AC-MK7R-DPHS;87089235;FR;PT;10;EXW;11;3;;11,3;1;352;;QV999999999999;
INTRA-EX;202410;513881387;BKR8EIX-4;85111000;FR;PT;10;EXW;11;3;;0,2;1;41;;QV999999999999;
INTRA-EX;202410;513881387;PF04;85444290;FR;PT;10;EXW;11;3;;0,2;1;206;;QV999999999999;
INTRA-EX;202410;513881387;06J103600AFKIT;84099100;FR;PT;10;EXW;11;3;;2,5;1;49;;QV999999999999;
INTRA-EX;202410;513881387;CTS-IGN-008;84099100;FR;PT;10;EXW;11;3;;0,3;6;210;;QV999999999999;
INTRA-EX;202410;513881387;E10-30-013-01-22;73202081;FR;PT;10;EXW;11;3;;9,4;1;152;;QV999999999999;
INTRA-EX;202410;513881387;AC-N55-TP;40091100;FR;PT;10;EXW;11;3;;1,7;1;149;;FR35504243288;
INTRA-EX;202410;513881387;SILZKBR8D8S-6;84099100;FR;PT;10;EXW;11;3;;0,2;8;531;;FR35504243288;
INTRA-EX;202410;513881387;ATIKNIS01;87089997;FR;PT;10;EXW;11;3;;6;1;289;;QV999999999999;
INTRA-EX;202410;513881387;STY0015-4P-BK;87083091;FR;PT;10;EXW;11;3;;0,5;1;78;;QV999999999999;
INTRA-EX;202410;513881387;CTS-IGN-009;84099100;FR;PT;10;EXW;11;3;;0,3;6;190;;QV999999999999;
INTRA-EX;202410;513881387;VWR17G7R600;40091100;FR;PT;10;EXW;11;3;;0,2;1;49;;QV999999999999;
INTRA-EX;202410;513881387;MMICP-N55-11;87089997;FR;PT;10;EXW;11;3;;2,2;1;241;;FR77978902617;
INTRA-EX;202410;513881387;VIB-1458;87089235;FR;PT;10;EXW;11;3;;0,2;2;13;;QV999999999999;
INTRA-EX;202410;513881387;MMINT-MK7-15;84198998;FR;PT;10;EXW;11;3;;16,5;1;721;;FR09925119166;
INTRA-EX;202410;513881387;AC-MK7R-DP;87089235;FR;PT;10;EXW;11;3;;11,3;1;277;;FR09925119166;
INTRA-EX;202410;513881387;CTS-FPK-004-525;87089235;FR;PT;10;EXW;11;3;;0,8;1;416;;FR09925119166;
INTRA-EX;202410;513881387;KLC163;87088035;FR;PT;10;EXW;11;3;;0,9;1;121;;QV999999999999;
INTRA-EX;202410;513881387;CTS-IT-277;87089235;FR;PT;10;EXW;11;3;;1,7;1;190;;QV999999999999;
INTRA-EX;202410;513881387;VWR17G7R600;40091100;FR;PT;10;EXW;11;3;;0,2;1;49;;QV999999999999;
INTRA-EX;202410;513881387;AC-MK7-HPFP;87089997;FR;PT;10;EXW;11;3;;1,6;1;494;;FR21914749676;
INTRA-EX;202410;513881387;SILZKGR8B8S-6;85111000;FR;PT;10;EXW;11;3;;0,2;1;59;;FR78884744491;
INTRA-EX;202410;513881387;CTS-IT-341;40091100;FR;PT;10;EXW;11;3;;1,4;1;202;;FR78884744491;
INTRA-EX;202410;513881387;AC-500-TB;87089997;FR;PT;10;EXW;11;3;;0,3;1;59;;QV999999999999;
INTRA-EX;202410;513881387;AC-200-FD;87089997;FR;PT;10;EXW;11;3;;0,5;1;48;;QV999999999999;
INTRA-EX;202410;513881387;03H971921;84099100;FR;PT;10;EXW;11;3;;0,1;1;23;;QV999999999999;
INTRA-EX;202410;513881387;CTS-IT-255R;87089135;FR;PT;10;EXW;11;3;;8;1;284;;FR19980130553;
INTRA-EX;202410;513881387;CTS-IT-340;84213100;FR;PT;10;EXW;11;3;;3,4;1;276;;QV999999999999;
INTRA-EX;202410;513881387;CTS-IT-270R;84213100;FR;PT;10;EXW;11;3;;4,3;1;279;;QV999999999999;
INTRA-EX;202410;513881387;KCA520;87088055;FR;PT;10;EXW;11;3;;1;1;97;;QV999999999999;
INTRA-EX;202410;513881387;JSK-123-BK;84213100;FR;PT;10;EXW;11;3;;2;1;183;;FR09800029712;
INTRA-EX;202410;513881387;FMFSITAT-P;87089997;FR;PT;10;EXW;11;3;;0,7;1;217;;FR09800029712;
INTRA-EX;202410;513881387;TS-0203-1103;87089997;FR;PT;10;EXW;11;3;;0,1;1;33;;QV999999999999;
INTRA-EX;202410;513881387;FMBGMCS;90262020;FR;PT;10;EXW;11;3;;0,1;1;34;;QV999999999999;
INTRA-EX;202410;513881387;SAU0630-4P-BK;87083091;FR;PT;10;EXW;11;3;;0,5;1;77;;QV999999999999;
INTRA-EX;202410;513881387;SILZKBR8D8S-6;84099100;FR;PT;10;EXW;11;3;;0,2;1;66;;QV999999999999;
INTRA-EX;202410;513881387;SBMP086;87089235;FR;PT;10;EXW;11;3;;11,8;1;364;;FR35504243288;
INTRA-EX;202410;513881387;11427566327;84099100;FR;PT;10;EXW;11;3;;0,1;4;20;;FR35504243288;
INTRA-EX;202410;513881387;06E898001-4;85111000;FR;PT;10;EXW;11;3;;1,2;1;104;;QV999999999999;
INTRA-EX;202410;513881387;KCA520;87088055;FR;PT;10;EXW;11;3;;1;1;97;;QV999999999999;
INTRA-EX;202410;513881387;SVW0630-4P-BK;87083091;FR;PT;10;EXW;11;3;;0,5;1;78;;QV999999999999;
INTRA-EX;202410;513881387;MMEXH-MUS8-15HP;87089235;FR;PT;10;EXW;11;3;;5;1;189;;QV999999999999;
INTRA-EX;202410;513881387;SHD0394-6P-BK;;FR;PT;10;EXW;11;3;;0,1;1;155;;QV999999999999;
INTRA-EX;202410;513881387;AC-WS-15-FK;87088099;FR;PT;10;EXW;11;3;;1,9;1;59;;QV999999999999;
INTRA-EX;202410;513881387;BKR8EIX-4;85111000;FR;PT;10;EXW;11;3;;0,2;1;41;;QV999999999999;
INTRA-EX;202410;513881387;SVW0615-4P-RD;87083091;FR;PT;10;EXW;11;3;;0,5;1;78;;QV999999999999;
INTRA-EX;202410;513881387;BMR78XZ;87088055;FR;PT;10;EXW;11;3;;3;1;220;;FR02903586360;
INTRA-EX;202410;513881387;R7437-8;85111000;CY;PT;10;EXW;11;3;;0,1;4;136;;CY00781748Y;
INTRA-EX;202410;513881387;30-3300;87089997;CY;PT;10;EXW;11;3;;4,9;1;399;;CY00781748Y;
INTRA-EX;202410;513881387;D650-0002;84099100;HU;PT;10;EXW;11;3;;0,3;22;511;;HU25464285;
INTRA-EX;202410;513881387;BNF41Z;87088055;SI;PT;10;EXW;11;3;;6,9;1;199;;QV999999999999;
INTRA-EX;202410;513881387;VWR17G8R600;84213100;SI;PT;10;EXW;11;3;;0,2;2;96;;QV999999999999;
INTRA-EX;202410;513881387;EVE-S1-CF-INT;84213100;GR;PT;10;EXW;11;3;;3,2;1;730;;GREL116214050;
INTRA-EX;202410;513881387;50003-MR45XLZ-4;87089997;GR;PT;10;EXW;11;3;;0,4;1;80;;QV999999999999;
INTRA-EX;202410;513881387;FMMD7;87089235;GR;PT;10;EXW;11;3;;0,6;1;80;;QV999999999999;
INTRA-EX;202410;513881387;AC-CEL-FIX-S;87089997;GR;PT;10;EXW;11;3;;0,2;1;31;;QV999999999999;
INTRA-EX;202410;513881387;CTS-IT-938;40091100;GR;PT;10;EXW;11;3;;3,4;1;354;;QV999999999999;
INTRA-EX;202410;513881387;MMRAD-MIA-99;87089135;GR;PT;10;EXW;11;3;;8,4;1;148;;GREL136030005;
INTRA-EX;202410;513881387;EVE-ST38V8S-CF-INT;84213100;PL;PT;10;EXW;11;3;;7,2;1;1285;;PL8141683531;
INTRA-EX;202410;513881387;EVE-GR4-CF-INT;84213100;PL;PT;10;EXW;11;3;;5,7;2;1950;;PL8141683531;
INTRA-EX;202410;513881387;MMICP-N55-11;87089997;PL;PT;10;EXW;11;3;;2,2;1;180;;PL8141683531;
INTRA-EX;202410;513881387;AC-MK7-INLET;40091100;PL;PT;10;EXW;11;3;;0,3;1;45;;PL8141683531;
INTRA-EX;202410;513881387;50003-MR45HLZ-4;87089997;BE;PT;10;EXW;11;3;;0,3;1;82;;QV999999999999;
INTRA-EX;202410;513881387;FMBM335DV1;84814090;BE;PT;10;EXW;11;3;;3,3;1;388;;BE0763671397;
INTRA-EX;202410;513881387;PFR8S8EG-6;87089997;BE;PT;10;EXW;11;3;;1,4;1;67;;QV999999999999;
INTRA-EX;202410;513881387;CTS-HW-360;40091100;BE;PT;10;EXW;11;3;;1,4;1;224;;BE0670639687;
INTRA-EX;202410;513881387;CTS-IT-256;40091100;BE;PT;10;EXW;11;3;;2,3;1;149;;BE0670639687;
INTRA-EX;202410;513881387;TS-0223-1279;87089997;BE;PT;10;EXW;11;3;;0,4;2;282;;BE0789537438;
INTRA-EX;202410;513881387;VWR1200R600E;84213100;BE;PT;10;EXW;11;3;;5,2;5;1547;;BE0789537438;
INTRA-EX;202410;513881387;VWR670006;87089235;BE;PT;10;EXW;11;3;;2,8;1;119;;BE0789537438;
INTRA-EX;202410;513881387;VWR670007;87089997;BE;PT;10;EXW;11;3;;1,1;1;59;;BE0789537438;
INTRA-EX;202410;513881387;PP1389;84213100;BE;PT;10;EXW;11;3;;0,5;1;24;;BE0789537438;
INTRA-EX;202410;513881387;MMOC-F80-15;87089135;BE;PT;10;EXW;11;3;;5;1;347;;BE0667689206;
INTRA-EX;202410;513881387;GSP26-8UAS2;8708803590;IT;PT;10;EXW;11;3;;33;1;707;;IT04459150241;
INTRA-EX;202410;513881387;KCA533;84099100;IT;PT;10;EXW;11;3;;1,7;1;88;;IT03528320785;
INTRA-EX;202410;513881387;9-307-1059;84133080;IT;PT;10;EXW;11;3;;0,5;1;122;;IT02710790060;
INTRA-EX;202410;513881387;EVE-A45S-CF-INT;84213100;IT;PT;10;EXW;11;3;;4,6;1;999;;IT02710790060;
INTRA-EX;202410;513881387;SVWP054;87089235;IT;PT;10;EXW;11;3;;3,7;1;104;;IT02710790060;
INTRA-EX;202410;513881387;AC-IS-TB;87089997;IT;PT;10;EXW;11;3;;0,3;1;29;;IT02710790060;
INTRA-EX;202410;513881387;SVAGC005;87089235;IT;PT;10;EXW;11;3;;11;1;251;;IT02710790060;
INTRA-EX;202410;513881387;SHYSP102;87089997;IT;PT;10;EXW;11;3;;2,6;1;119;;IT02710790060;
INTRA-EX;202410;513881387;9-652-1008;84133080;IT;PT;10;EXW;11;3;;0,4;1;103;;IT03656931205;
INTRA-EX;202410;513881387;VWR29DQ381;87089997;IT;PT;10;EXW;11;3;;6,2;1;524;;IT10491230966;
INTRA-EX;202410;513881387;R7437-9;85111000;IT;PT;10;EXW;11;3;;0,1;4;141;;IT10491230966;
INTRA-EX;202410;513881387;AC-MK7-IND-BK;40091100;IT;PT;10;EXW;11;3;;0,9;2;65;;IT10491230966;
INTRA-EX;202410;513881387;EVE-2TFSI-CF-INT;84213100;IT;PT;10;EXW;11;3;;3,5;1;663;;IT08839490011;
INTRA-EX;202410;513881387;10.127.203K;84132000;IT;PT;10;EXW;11;3;;0,3;1;227;;IT08839490011;
INTRA-EX;202410;513881387;MMTS-FIST-14;87089997;IT;PT;10;EXW;11;3;;0,1;1;35;;IT08839490011;
INTRA-EX;202410;513881387;MMAI-RS-16WBK;87089910;IT;PT;10;EXW;11;3;;7,1;1;273;;IT08839490011;
INTRA-EX;202410;513881387;17U-07-1000-4;84133080;IT;PT;10;EXW;11;3;;0,3;1;351;;IT03656931205;
INTRA-EX;202410;513881387;SBMP086;87089235;NL;PT;10;EXW;11;3;;11,8;1;262;;NL002241494B08;
INTRA-EX;202410;513881387;SVWS039;87089235;NL;PT;10;EXW;11;3;;18;1;402;;NL002241494B08;
INTRA-EX;202410;513881387;VWR12G7R600ITBLU;84213100;NL;PT;10;EXW;11;3;;0,8;1;76;;NL002241494B08;
INTRA-EX;202410;513881387;VWR160001;87089997;NL;PT;10;EXW;11;3;;0,4;1;86;;NL002241494B08;
INTRA-EX;202410;513881387;VWR12G7R600ITINLET;87089997;NL;PT;10;EXW;11;3;;0,4;1;100;;NL002241494B08;
INTRA-EX;202410;513881387;AC-MK7-MD;87089997;NL;PT;10;EXW;11;3;;0,4;1;43;;NL002241494B08;
INTRA-EX;202410;513881387;VWR1200R601E;84213100;NL;PT;10;EXW;11;3;;5,2;1;338;;NL002241494B08;
INTRA-EX;202410;513881387;VWR17G7R600;40091100;NL;PT;10;EXW;11;3;;0,2;2;76;;NL002241494B08;
INTRA-EX;202410;513881387;SAUC030;87089235;NL;PT;10;EXW;11;3;;5,6;1;135;;NL859402022B01;
INTRA-EX;202410;513881387;EUPD5002115R;85111000;NL;PT;10;EXW;11;3;;1,5;1;712;;NL002241494B08;
INTRA-EX;202410;513881387;AC-200-EM;87089997;NL;PT;10;EXW;11;3;;2,3;1;54;;NL002241494B08;
INTRA-EX;202410;513881387;VWR12G614;84213100;NL;PT;10;EXW;11;3;;1,8;1;237;;NL002254344B79;
INTRA-EX;202410;513881387;VWR810002;87089997;NL;PT;10;EXW;11;3;;0,5;2;112;;NL002254344B79;
INTRA-EX;202410;513881387;VWR12G7R600OS;84213100;NL;PT;10;EXW;11;3;;0,3;1;21;;NL002254344B79;
INTRA-EX;202410;513881387;VWR120003;87089997;NL;PT;10;EXW;11;3;;1,3;1;178;;NL002254344B79;
INTRA-EX;202410;513881387;VWR160000;87089997;NL;PT;10;EXW;11;3;;0,7;1;114;;NL002254344B79;
INTRA-EX;202410;513881387;VWR800001;58109210;NL;PT;10;EXW;11;3;;0,1;1;7;;NL002254344B79;
INTRA-EX;202410;513881387;AC-211-CFA;87089997;NL;PT;10;EXW;11;3;;0,1;1;16;;NL002254344B79;
INTRA-EX;202410;513881387;VWR900001;85111000;NL;PT;10;EXW;11;3;;0,3;4;122;;NL002254344B79;
INTRA-EX;202410;513881387;VWR90000;85111000;NL;PT;10;EXW;11;3;;0,3;4;122;;NL002254344B79;
INTRA-EX;202410;513881387;VWR12G7R600ITINLET;87089997;NL;PT;10;EXW;11;3;;0,4;1;100;;NL002254344B79;
INTRA-EX;202410;513881387;R7438-9;84099100;NL;PT;10;EXW;11;3;;0,1;4;133;;NL002254344B79;
INTRA-EX;202410;513881387;LTR7IX-11;85111000;NL;PT;10;EXW;11;3;;0,2;4;30;;NL002254344B79;
INTRA-EX;202410;513881387;VWR1200R600E;84213100;NL;PT;10;EXW;11;3;;5,2;1;309;;NL002241494B08;
INTRA-EX;202410;513881387;VWR17G7R600;40091100;NL;PT;10;EXW;11;3;;0,2;1;38;;NL002241494B08;
INTRA-EX;202410;513881387;AC-200-VRA;87089997;NL;PT;10;EXW;11;3;;0,2;1;19;;NL002241494B08;
INTRA-EX;202410;513881387;UR-TW2-3047;87088055;ES;PT;10;EXW;11;3;;3;1;129;;ESB01796796;
INTRA-EX;202410;513881387;AC-MK7-RU;87089235;ES;PT;10;EXW;11;3;;2,2;1;75;;ESB01796796;
INTRA-EX;202410;513881387;E40-15-021-04-11;73202081;ES;PT;10;EXW;11;3;;9,4;1;618;;ESB01796796;
INTRA-EX;202410;513881387;CTS-HW-262;87089235;ES;PT;10;EXW;11;3;;1;1;206;;ESB01796796;
INTRA-EX;202410;513881387;VWR520000;87089997;ES;PT;10;EXW;11;3;;0,7;1;171;;ESB01796796;
INTRA-EX;202410;513881387;AC-200-OSA;87089997;ES;PT;10;EXW;11;3;;0,2;1;27;;QV999999999999;
INTRA-EX;202410;513881387;SSU0500-4P-BK;87083091;ES;PT;10;EXW;11;3;;0,5;1;83;;QV999999999999;
INTRA-EX;202410;513881387;CTS-HW-046;87089997;ES;PT;10;EXW;11;3;;0,3;1;107;;QV999999999999;
INTRA-EX;202410;513881387;SSK0502-4P-BK;87083091;ES;PT;10;EXW;11;3;;0,5;1;65;;QV999999999999;
INTRA-EX;202410;513881387;MS100219-8;85111000;ES;PT;10;EXW;11;3;;2,3;1;401;;ESB42771618;
INTRA-EX;202410;513881387;FMINDK28-BK;84213100;ES;PT;10;EXW;11;3;;5,9;1;319;;ESB42771618;
INTRA-EX;202410;513881387;EVO300E;84213100;ES;PT;10;EXW;11;3;;5,8;1;344;;ESB42771618;
INTRA-EX;202410;513881387;AC-200-OSA;87089997;ES;PT;10;EXW;11;3;;0,2;1;27;;QV999999999999;
INTRA-EX;202410;513881387;SAU0433-4P-BK;87083091;ES;PT;10;EXW;11;3;;0,5;1;77;;QV999999999999;
INTRA-EX;202410;513881387;RBF660;27101999;ES;PT;10;EXW;11;3;;0,6;2;23;;QV999999999999;
INTRA-EX;202410;513881387;AC-200-CP-4;84099100;ES;PT;10;EXW;11;3;;1;1;81;;QV999999999999;
INTRA-EX;202410;513881387;BKR8EIX-4;85111000;ES;PT;10;EXW;11;3;;0,2;1;41;;QV999999999999;
INTRA-EX;202410;513881387;R-AUD-010-I-5;84099100;ES;PT;10;EXW;11;3;;3,5;1;642;;ESB37306727;
INTRA-EX;202410;513881387;SNN0910-1C-BK;40093100;ES;PT;10;EXW;11;3;;0,3;1;33;;QV999999999999;
INTRA-EX;202410;513881387;SNN0910-6P-BK;87083091;ES;PT;10;EXW;11;3;;0,9;1;179;;QV999999999999;
INTRA-EX;202410;513881387;AC-200-CH-BL;40093100;ES;PT;10;EXW;11;3;;1;1;104;;QV999999999999;
INTRA-EX;202410;513881387;WB-432;84213100;ES;PT;10;EXW;11;3;;0,3;1;48;;QV999999999999;
INTRA-EX;202410;513881387;SP-201;32081090;ES;PT;10;EXW;11;3;;0,5;1;27;;QV999999999999;
INTRA-EX;202410;513881387;SSE0250-4P-BK;87083091;ES;PT;10;EXW;11;3;;0,5;1;78;;QV999999999999;
INTRA-EX;202410;513881387;FMINT15;84198998;ES;PT;10;EXW;11;3;;16,4;1;573;;ESB96140132;
INTRA-EX;202410;513881387;FMBP4;87089997;ES;PT;10;EXW;11;3;;2,4;1;181;;ESB96140132;
INTRA-EX;202410;513881387;FMOC11;87089997;ES;PT;10;EXW;11;3;;3,6;1;492;;ESB96140132;
INTRA-EX;202410;513881387;216CLSDWAOP-R;87089997;ES;PT;10;EXW;11;3;;0,4;1;73;;ESB67084251;
INTRA-EX;202410;513881387;216CLSDWAOT-R;87089997;ES;PT;10;EXW;11;3;;0,4;1;49;;ESB67084251;
INTRA-EX;202410;513881387;216CLSDWAWT-R;87089997;ES;PT;10;EXW;11;3;;0,4;1;46;;ESB67084251;
INTRA-EX;202410;513881387;FMDV23A-A;87089997;ES;PT;10;EXW;11;3;;0,6;1;194;;QV999999999999;
INTRA-EX;202410;513881387;AC-200-CFA-KIT;87089997;ES;PT;10;EXW;11;3;;0,1;1;32;;ESB53001988;
INTRA-EX;202410;513881387;10.127.100K;84132000;ES;PT;10;EXW;11;3;;0,3;1;314;;ESB53001988;
INTRA-EX;202410;513881387;1K0121407A;87089997;ES;PT;10;EXW;11;3;;0,8;1;9;;ESB53001988;
INTRA-EX;202410;513881387;KCA472;87088035;ES;PT;10;EXW;11;3;;2;1;170;;QV999999999999;
INTRA-EX;202410;513881387;9-654-1025;84133080;ES;PT;10;EXW;11;3;;0,8;1;163;;QV999999999999;
INTRA-EX;202410;513881387;CTS-TR-1050X;87089997;ES;PT;10;EXW;11;3;;12,2;1;1660;;ES34275397S;
INTRA-EX;202410;513881387;MMFS-E46-01K;84149000;ES;PT;10;EXW;11;3;;4,9;1;242;;QV999999999999;
INTRA-EX;202410;513881387;AC-180-DB;87089997;ES;PT;10;EXW;11;3;;1,5;1;31;;QV999999999999;
INTRA-EX;202410;513881387;06E898001-4;85111000;ES;PT;10;EXW;11;3;;1,2;1;104;;QV999999999999;
INTRA-EX;202410;513881387;BKR8EIX-4;85111000;ES;PT;10;EXW;11;3;;0,2;1;41;;QV999999999999;
INTRA-EX;202410;513881387;CTS-HW-408;84099100;ES;PT;10;EXW;11;3;;0,3;1;116;;QV999999999999;
INTRA-EX;202410;513881387;BKR7EIX-4;84099100;ES;PT;10;EXW;11;3;;0,5;1;40;;QV999999999999;
INTRA-EX;202410;513881387;AC-VAG-ODP;70102000;ES;PT;10;EXW;11;3;;0,2;1;8;;QV999999999999;
INTRA-EX;202410;513881387;216BFWABOSM;90262020;ES;PT;10;EXW;11;3;;0,3;1;35;;QV999999999999;
INTRA-EX;202410;513881387;216BFWAVOSM;90262020;ES;PT;10;EXW;11;3;;0,3;1;37;;QV999999999999;
INTRA-EX;202410;513881387;216BFWAWTSM;90262020;ES;PT;10;EXW;11;3;;0,3;1;39;;QV999999999999;
INTRA-EX;202410;513881387;SHY0800-4P-BK;87083091;ES;PT;10;EXW;11;3;;0,8;1;96;;QV999999999999;
INTRA-EX;202410;513881387;FMACFRS2;84099100;ES;PT;10;EXW;11;3;;0,6;1;141;;ESA60479078;
INTRA-EX;202410;513881387;06F103483E;87089235;ES;PT;10;EXW;11;3;;0,1;1;8;;QV999999999999;
INTRA-EX;202410;513881387;AC-200-BT;90262020;ES;PT;10;EXW;11;3;;0,2;1;28;;QV999999999999;
INTRA-EX;202410;513881387;WB-271;84213100;ES;PT;10;EXW;11;3;;0,2;1;39;;ESE24731622;
INTRA-EX;202410;513881387;FM225CCHA-BK;40091100;ES;PT;10;EXW;11;3;;0,2;1;50;;ESE24731622;
INTRA-EX;202410;513881387;AC-MK5-FU-RD;87088055;ES;PT;10;EXW;11;3;;4,4;1;59;;ESB19781145;
INTRA-EX;202410;513881387;17U-01-0440-4;87089997;ES;PT;10;EXW;11;3;;0,3;1;246;;ESB19781145;
INTRA-EX;202410;513881387;AC-200-CP;84099100;ES;PT;10;EXW;11;3;;0,3;4;54;;ESB19781145;
INTRA-EX;202410;513881387;AC-MK7-MD;87089997;ES;PT;10;EXW;11;3;;0,4;1;43;;ESB19781145;
INTRA-EX;202410;513881387;AC-MK7-INLET;40091100;ES;PT;10;EXW;11;3;;0,3;1;45;;ESB19781145;
INTRA-EX;202410;513881387;VWR31G70RW;87088035;ES;PT;10;EXW;11;3;;9,1;1;161;;ES71155708X;
INTRA-EX;202410;513881387;216BFWABOSM;90262020;ES;PT;10;EXW;11;3;;0,3;2;44;;ESB09771205;
INTRA-EX;202410;513881387;KLC167A;87088055;ES;PT;10;EXW;11;3;;1,4;1;85;;ESB86420924;
INTRA-EX;202410;513881387;BMF23Z;87088055;ES;PT;10;EXW;11;3;;5;1;136;;ESB67084251;
INTRA-EX;202410;513881387;BMR12Z;87088055;ES;PT;10;EXW;11;3;;2,1;1;122;;ESB67084251;
INTRA-EX;202410;513881387;VWR31G7GT;87088035;ES;PT;10;EXW;11;3;;8;1;161;;ESB86420924;
INTRA-EX;202410;513881387;VWR13G700;84099100;ES;PT;10;EXW;11;3;;2,8;1;468;;ESB86420924;
INTRA-EX;202410;513881387;MMAI-CTR-17;84213100;ES;PT;10;EXW;11;3;;5,5;1;309;;ESB42954230;
INTRA-EX;202410;513881387;VWR810004;87088055;ES;PT;10;EXW;11;3;;0,7;1;143;;ESB42954230;
INTRA-EX;202410;513881387;VWR810005;87082990;ES;PT;10;EXW;11;3;;0,4;2;248;;ESB42954230;
INTRA-EX;202410;513881387;VWR12G7R602ITBLA;84213100;ES;PT;10;EXW;11;3;;0,6;2;152;;ESB42954230;
INTRA-EX;202410;513881387;VWR180000;87089997;ES;PT;10;EXW;11;3;;0,1;3;27;;ESB42954230;
INTRA-EX;202410;513881387;VWR12G7R600ITINLET;87089997;ES;PT;10;EXW;11;3;;0,4;1;100;;ESB42954230;
INTRA-EX;202410;513881387;VWR1200R601E;84213100;ES;PT;10;EXW;11;3;;5,2;1;338;;ESB42954230;
INTRA-EX;202410;513881387;VWR120000;84213100;ES;PT;10;EXW;11;3;;1;1;25;;ESB42954230;
INTRA-EX;202410;513881387;VWR1210R600EG;84213100;ES;PT;10;EXW;11;3;;5,2;1;458;;ESB67084251;
INTRA-EX;202410;513881387;E-TY/SS/3;87089850;ES;PT;10;EXW;11;3;;5,2;1;349;;ESB65650301;
INTRA-EX;202410;513881387;S-TY/T/2;87089235;ES;PT;10;EXW;11;3;;28;1;2195;;ESB65650301;
INTRA-EX;202410;513881387;PFR7B;85111000;ES;PT;10;EXW;11;3;;0,2;14;140;;ES72815006L;
INTRA-EX;202410;513881387;216BFWABOSM;90262020;ES;PT;10;EXW;11;3;;0,3;1;22;;ES72815006L;
INTRA-EX;202410;513881387;CTS-FPK-004-450;87089235;ES;PT;10;EXW;11;3;;0,8;1;292;;ESB44942472;
INTRA-EX;202410;513881387;AC-MK7-RU;87089235;ES;PT;10;EXW;11;3;;2,2;1;53;;ESB44942472;
INTRA-EX;202410;513881387;STYP009;87089997;ES;PT;10;EXW;11;3;;7,8;1;201;;ESB88553946;
INTRA-EX;202410;513881387;EVE-TRB8V8S-FLG-TTE;85111000;ES;PT;10;EXW;11;3;;0,2;1;35;;ESB88553946;
INTRA-EX;202410;513881387;AC-MK7-IND-BL;40091100;ES;PT;10;EXW;11;3;;0,9;1;32;;ESB42954230;
INTRA-EX;202410;513881387;VWR12P0GT;84213100;ES;PT;10;EXW;11;3;;2;1;256;;ESB42954230;
INTRA-EX;202410;513881387;VWR1200R600E;84213100;ES;PT;10;EXW;11;3;;5,2;1;309;;ESB42954230;
INTRA-EX;202410;513881387;VWR12G7R600ITBLA;84213100;ES;PT;10;EXW;11;3;;0,8;3;229;;ESB42954230;
INTRA-EX;202410;513881387;VWR12G7R600ITBLU;84213100;ES;PT;10;EXW;11;3;;0,8;2;152;;ESB42954230;
INTRA-EX;202410;513881387;AC-R53-IC;87089135;ES;PT;10;EXW;11;3;;4,6;1;179;;ES28841101K;
INTRA-EX;202410;513881387;R7438-9;84099100;ES;PT;10;EXW;11;3;;0,1;5;166;;ESB44942472;
INTRA-EX;202410;513881387;VWR31G8GT;87089997;ES;PT;10;EXW;11;3;;7,9;1;161;;ESB19296938;
INTRA-EX;202410;513881387;KDT911;87089997;ES;PT;10;EXW;11;3;;0,8;1;55;;ESB04855516;
INTRA-EX;202410;513881387;AC-MK7R-DP;87089235;ES;PT;10;EXW;11;3;;11,3;1;185;;ESB04855516;
INTRA-EX;202410;513881387;AC-MK7-IT;84198998;ES;PT;10;EXW;11;3;;4,3;2;289;;ESB04855516;
INTRA-EX;202410;513881387;EVE-A45S-CF-INT;84213100;ES;PT;10;EXW;11;3;;4,6;1;999;;ESB72996382;
INTRA-EX;202410;513881387;SAU0630-4P-BK;87083091;FR;PT;10;EXW;11;3;;0,5;1;77;;QV999999999999;
INTRA-EX;202410;513881387;RBF600;27101999;FR;PT;10;EXW;11;3;;0,6;2;19;;QV999999999999;
INTRA-EX;202410;513881387;R7437-9-4;87089997;FR;PT;10;EXW;11;3;;0,2;1;166;;FR77530489756;
INTRA-EX;202410;513881387;03H971921;84099100;FR;PT;10;EXW;11;3;;0,1;1;23;;QV999999999999;
INTRA-EX;202410;513881387;SILZKGR8B8S-4;84099100;FR;PT;10;EXW;11;3;;0,2;1;39;;QV999999999999;
INTRA-EX;202410;513881387;CTS-IT-220R;84213100;FR;PT;10;EXW;11;3;;4,5;1;280;;FR09800029712;
INTRA-EX;202410;513881387;KSB652;87088055;FR;PT;10;EXW;11;3;;2,1;1;150;;QV999999999999;
INTRA-EX;202410;513881387;VWR31UPGT;84213100;FR;PT;10;EXW;11;3;;7,2;1;176;;QV999999999999;
INTRA-EX;202410;513881387;FMKT135F20;87089997;FR;PT;10;EXW;11;3;;0,7;1;99;;QV999999999999;
INTRA-EX;202410;513881387;5w30;27101999;FR;PT;10;EXW;11;3;;1,9;4;116;;QV999999999999;
INTRA-EX;202410;513881387;R11-10-2;40091100;FR;PT;10;EXW;11;3;;0,2;1;83;;FR23410998736;
INTRA-EX;202410;513881387;SILZKFR8D7S-4;85111000;FR;PT;10;EXW;11;3;;0,2;1;34;;QV999999999999;
INTRA-EX;202410;513881387;COMBO-NOV-MQB;84213100;FR;PT;10;EXW;11;3;;5,5;1;446;;FR74922101647;
INTRA-EX;202410;513881387;CTS-CC-MK7GRS3;84099100;FR;PT;10;EXW;11;3;;2,8;1;468;;FR74922101647;
INTRA-EX;202410;513881387;R7437-8-4;84099100;FR;PT;10;EXW;11;3;;0,2;1;160;;FR74922101647;
INTRA-EX;202410;513881387;9-307-1060;84133080;FR;PT;10;EXW;11;3;;0,6;1;148;;FR74922101647;
INTRA-EX;202410;513881387;06K129717A;87089997;FR;PT;10;EXW;11;3;;0,1;2;13;;QV999999999999;
INTRA-EX;202410;513881387;KLC141;87088055;FR;PT;10;EXW;11;3;;1;1;121;;QV999999999999;
INTRA-EX;202410;513881387;BKR7EIX-4;84099100;FR;PT;10;EXW;11;3;;0,5;1;40;;QV999999999999;
INTRA-EX;202410;513881387;SILZKGR8B8S-6;85111000;FR;PT;10;EXW;11;3;;0,2;1;59;;FR35504243288;
INTRA-EX;202410;513881387;CTS-IGN-009;84099100;FR;PT;10;EXW;11;3;;0,3;6;190;;FR35504243288;
INTRA-EX;202410;513881387;11427566327;84099100;FR;PT;10;EXW;11;3;;0,1;5;26;;FR35504243288;
INTRA-EX;202410;513881387;BKR8EIX-4;85111000;FR;PT;10;EXW;11;3;;0,2;1;41;;QV999999999999;
INTRA-EX;202410;513881387;CK-003;87089997;FR;PT;10;EXW;11;3;;0,3;1;18;;QV999999999999;
INTRA-EX;202410;513881387;SBMC067;87089235;FR;PT;10;EXW;11;3;;2,3;1;240;;QV999999999999;
INTRA-EX;202410;513881387;MS100256;84213100;FR;PT;10;EXW;11;3;;4,3;1;1259;;FR32515015816;
INTRA-EX;202410;513881387;MMTS-E90-07;87089997;FR;PT;10;EXW;11;3;;0,1;1;57;;QV999999999999;
INTRA-EX;202410;513881387;PFR8S8EG-6;87089997;FR;PT;10;EXW;11;3;;1,4;1;68;;QV999999999999;
INTRA-EX;202410;513881387;06E898001-6;85111000;FR;PT;10;EXW;11;3;;1,9;1;157;;QV999999999999;
INTRA-EX;202410;513881387;BKR8EIX-4;85111000;FR;PT;10;EXW;11;3;;0,2;1;41;;QV999999999999;
INTRA-EX;202410;513881387;RBF600;27101999;FR;PT;10;EXW;11;3;;0,6;1;9;;QV999999999999;
INTRA-EX;202410;513881387;111049;27101999;FR;PT;10;EXW;11;3;;1,2;1;4;;QV999999999999;
INTRA-EX;202410;513881387;52006-AK003;84213100;FR;PT;10;EXW;11;3;;1;2;29;;QV999999999999;
INTRA-EX;202410;513881387;ILFR6B-5;84099100;FR;PT;10;EXW;11;3;;0,8;1;46;;QV999999999999;
INTRA-EX;202410;513881387;FMINLH11-RD;40091100;FR;PT;10;EXW;11;3;;0,6;1;123;;QV999999999999;
INTRA-EX;202410;513881387;SAUC030;87089235;FR;PT;10;EXW;11;3;;5,6;1;186;;QV999999999999;
INTRA-EX;202410;513881387;SMA0002-1P-BK;;FR;PT;10;EXW;11;3;;0,1;1;17;;QV999999999999;
INTRA-EX;202410;513881387;VWR190007;87141030;FR;PT;10;EXW;11;3;;0,3;1;22;;QV999999999999;
INTRA-EX;202410;513881387;CTS-HW-306;87089997;FR;PT;10;EXW;11;3;;0,9;1;99;;FR02884347865;
INTRA-EX;202410;513881387;FMEC4;87089997;FR;PT;10;EXW;11;3;;1,6;1;265;;QV999999999999;
INTRA-EX;202410;513881387;ATINTFO25;87089199;FR;PT;10;EXW;11;3;;8,7;1;270;;QV999999999999;
INTRA-EX;202410;513881387;JSK-101-DD;84213100;FR;PT;10;EXW;11;3;;4,4;1;249;;QV999999999999;
INTRA-EX;202410;513881387;AC-200-CFA-KIT;87089997;FR;PT;10;EXW;11;3;;0,1;1;32;;QV999999999999;
INTRA-EX;202410;513881387;AC-B58-IC;84198998;FR;PT;10;EXW;11;3;;9,3;1;374;;QV999999999999;
INTRA-EX;202410;513881387;R7437-9-4;87089997;FR;PT;10;EXW;11;3;;0,2;1;166;;QV999999999999;
INTRA-EX;202410;513881387;SHD0394-6P-RD;87083091;FR;PT;10;EXW;11;3;;0,8;1;155;;QV999999999999;
INTRA-EX;202410;513881387;RBF660;27101999;FR;PT;10;EXW;11;3;;0,6;2;24;;QV999999999999;
INTRA-EX;202410;513881387;5W40;27101999;FR;PT;10;EXW;11;3;;1,9;3;87;;QV999999999999;
INTRA-EX;202410;513881387;52009-AK005;84213100;FR;PT;10;EXW;11;3;;0,4;1;19;;QV999999999999;
INTRA-EX;202410;513881387;50003-MR45HLZ-4;87089997;FR;PT;10;EXW;11;3;;0,3;1;83;;QV999999999999;
INTRA-EX;202410;513881387;AC-MK5-FU-RD;87088055;FR;PT;10;EXW;11;3;;4,4;1;97;;QV999999999999;
INTRA-EX;202410;513881387;RPF-1251;84213100;FR;PT;10;EXW;11;3;;0,3;1;31;;QV999999999999;
INTRA-EX;202410;513881387;MMHOSE-SUB-INTBL;40093100;FR;PT;10;EXW;11;3;;1,3;1;79;;QV999999999999;
INTRA-EX;202410;513881387;UR-TW2-3109;87088055;FR;PT;10;EXW;11;3;;3;1;112;;QV999999999999;
INTRA-EX;202410;513881387;2Q0121321A;87089997;FR;PT;10;EXW;11;3;;0,2;2;17;;QV999999999999;
INTRA-EX;202410;513881387;4B1609H-STD;40091100;FR;PT;10;EXW;11;3;;0,5;4;177;;QV999999999999;
INTRA-EX;202410;513881387;AC-200-EM;87089997;FR;PT;10;EXW;11;3;;2,3;1;82;;QV999999999999;
INTRA-EX;202410;513881387;SFDC066;87089235;FR;PT;10;EXW;11;3;;4,2;1;158;;QV999999999999;
INTRA-EX;202410;513881387;52008-AK003;84213100;FR;PT;10;EXW;11;3;;4,4;1;52;;QV999999999999;
INTRA-EX;202410;513881387;AC-211-OT;84198998;FR;PT;10;EXW;11;3;;1,3;1;97;;QV999999999999;
INTRA-EX;202410;513881387;CTS-HW-031;87089235;FR;PT;10;EXW;11;3;;0,1;1;99;;QV999999999999;
INTRA-EX;202410;513881387;PP1995;84213100;FR;PT;10;EXW;11;3;;1,6;1;38;;QV999999999999;
INTRA-EX;202410;513881387;JSK-101-DD;84213100;FR;PT;10;EXW;11;3;;4,4;1;249;;QV999999999999;
INTRA-EX;202410;513881387;CTS-HW-0484-BK;87089997;FR;PT;10;EXW;11;3;;5,1;1;758;;FR01821481033;
INTRA-EX;202410;513881387;AC-S55-CHP;84835020;FR;PT;10;EXW;11;3;;0,3;1;74;;QV999999999999;
INTRA-EX;202410;513881387;11427566327;84099100;FR;PT;10;EXW;11;3;;0,1;1;5;;QV999999999999;
INTRA-EX;202410;513881387;8E0971824S-BL;84099100;FR;PT;10;EXW;11;3;;0,2;1;18;;QV999999999999;
INTRA-EX;202410;513881387;TS-0622-9122;87089997;FR;PT;10;EXW;11;3;;0,5;1;98;;QV999999999999;
INTRA-EX;202410;513881387;SFD1216-4P-BK;87083091;FR;PT;10;EXW;11;3;;0,5;1;77;;QV999999999999;
INTRA-EX;202410;513881387;RBF600;27101999;FR;PT;10;EXW;11;3;;0,6;3;28;;QV999999999999;
INTRA-EX;202410;513881387;SP-205;32081090;FR;PT;10;EXW;11;3;;0,5;1;27;;QV999999999999;
INTRA-EX;202410;513881387;IZKR7B-6;85111000;FR;PT;10;EXW;11;3;;0,2;1;58;;QV999999999999;
INTRA-EX;202410;513881387;06E898001-5;84099100;FR;PT;10;EXW;11;3;;1,6;1;131;;QV999999999999;
INTRA-EX;202410;513881387;CTS-HW-0242;70102000;FR;PT;10;EXW;11;3;;0,5;1;62;;QV999999999999;
INTRA-EX;202410;513881387;MMIG-FOST-1204;85111000;FR;PT;10;EXW;11;3;;2;1;144;;QV999999999999;
INTRA-EX;202410;513881387;SILZKBR8D8S-6;84099100;FR;PT;10;EXW;11;3;;0,2;1;66;;QV999999999999;
INTRA-EX;202410;513881387;3182654196;84836080;FR;PT;10;EXW;11;3;;0,5;1;161;;QV999999999999;
INTRA-EX;202410;513881387;FMINLH9;40093100;FR;PT;10;EXW;11;3;;1,5;1;209;;FR55823261680;
INTRA-EX;202410;513881387;VWR17G7R600;40091100;FR;PT;10;EXW;11;3;;0,2;1;49;;QV999999999999;
INTRA-EX;202410;513881387;VWR30G500;87088035;FR;PT;10;EXW;11;3;;14,5;1;383;;QV999999999999;
INTRA-EX;202410;513881387;9-354-1025;84133080;FR;PT;10;EXW;11;3;;0,8;1;161;;FR82530667591;
INTRA-EX;202410;513881387;MMSD-G80-21WBK;87089135;FR;PT;10;EXW;11;3;;4,8;1;269;;FR81842659005;
INTRA-EX;202410;513881387;EVE-ST38V8S-CF-INT;84213100;FR;PT;10;EXW;11;3;;7,2;1;1285;;FR56810999102;
INTRA-EX;202410;513881387;U5014;84099100;FR;PT;10;EXW;11;3;;0,3;8;171;;FR55524167806;
INTRA-EX;202410;513881387;10.127.100K;84132000;FR;PT;10;EXW;11;3;;0,3;1;227;;FR19980130553;
INTRA-EX;202410;513881387;EVE-E60V2-CF-INT;84213100;FR;PT;10;EXW;11;3;;4,6;1;1087;;FR26750353237;
INTRA-EX;202410;513881387;AC-N55-TP;40091100;FR;PT;10;EXW;11;3;;1,7;1;110;;FR93514546712;
INTRA-EX;202410;513881387;6B1584H-STD;40091100;HR;PT;10;EXW;11;3;;0,4;1;129;;QV999999999999;
INTRA-EX;202410;513881387;MMAF-REOIL-RD;84213100;HR;PT;10;EXW;11;3;;0,9;1;16;;QV999999999999;
INTRA-EX;202410;513881387;NurbStick-W-BK;39199080;HR;PT;10;EXW;11;3;;0,1;1;2;;QV999999999999;
INTRA-EX;202410;513881387;11427566327;84099100;HR;PT;10;EXW;11;3;;0,1;1;5;;QV999999999999;
INTRA-EX;202410;513881387;R7437-8-4;84099100;RO;PT;10;EXW;11;3;;0,2;2;324;;QV999999999999;
INTRA-EX;202410;513881387;FMTUBL15;87089997;DE;PT;10;EXW;11;3;;0,6;1;131;;QV999999999999;
INTRA-EX;202410;513881387;UR-TW2-3051;87088055;DE;PT;10;EXW;11;3;;1,7;1;130;;QV999999999999;
INTRA-EX;202410;513881387;MMHOSE-AUD-TBBL;40091100;PL;PT;10;EXW;11;3;;0,2;1;27;;PL8141683531;
INTRA-EX;202410;513881387;VWR120010;40091100;PL;PT;10;EXW;11;3;;1,4;3;536;;PL8141683531;
INTRA-EX;202410;513881387;10.127.101K;84133080;PL;PT;10;EXW;11;3;;0,3;2;454;;PL8141683531;
INTRA-EX;202410;513881387;UR-TW2-1106;87088055;PL;PT;10;EXW;11;3;;2,1;1;74;;PL6112557567;
INTRA-EX;202410;513881387;RF100018;84099100;BE;PT;10;EXW;11;3;;1;1;131;;BE0738517220;
INTRA-EX;202410;513881387;COMBO-NOV-MQB;84213100;BE;PT;10;EXW;11;3;;5,5;1;437;;QV999999999999;
INTRA-EX;202410;513881387;AC-MK7-RL;87088055;BE;PT;10;EXW;11;3;;0,5;1;59;;QV999999999999;
INTRA-EX;202410;513881387;VWR12G7R600ITGREY;87089997;BE;PT;10;EXW;11;3;;0,9;1;76;;BE0670639687;
INTRA-EX;202410;513881387;VWR12G7R600ITRED;84213100;BE;PT;10;EXW;11;3;;0,8;1;76;;BE0670639687;
INTRA-EX;202410;513881387;VWR1200R600E;84213100;BE;PT;10;EXW;11;3;;5,2;2;619;;BE0670639687;
INTRA-EX;202410;513881387;EVE-ST38V8S-CF-INT;84213100;IT;PT;10;EXW;11;3;;7,2;1;1285;;IT08839490011;
INTRA-EX;202410;513881387;R7437-9;85111000;IT;PT;10;EXW;11;3;;0,1;4;141;;IT08839490011;
INTRA-EX;202410;513881387;KTA252;87088035;IT;PT;10;EXW;11;3;;7,5;1;375;;IT03656931205;
INTRA-EX;202410;513881387;1K0253144BD;40091100;NL;PT;10;EXW;11;3;;0,2;1;6;;NL002241494B08;
INTRA-EX;202410;513881387;AC-200-EVAP;87089997;NL;PT;10;EXW;11;3;;0,3;1;13;;NL002241494B08;
INTRA-EX;202410;513881387;AC-250-THK;40093100;NL;PT;10;EXW;11;3;;1,8;1;49;;NL002241494B08;
INTRA-EX;202410;513881387;VWR17G7R600;40091100;NL;PT;10;EXW;11;3;;0,2;1;38;;NL002241494B08;
INTRA-EX;202410;513881387;AC-200-CP;84099100;NL;PT;10;EXW;11;3;;0,3;4;54;;NL002241494B08;
INTRA-EX;202410;513881387;VWR12G70D;84213100;NL;PT;10;EXW;11;3;;2;1;261;;NL002254344B79;
INTRA-EX;202410;513881387;VWR900001;85111000;NL;PT;10;EXW;11;3;;0,3;4;122;;NL002254344B79;
INTRA-EX;202410;513881387;VWR120003;87089997;NL;PT;10;EXW;11;3;;1,3;1;178;;NL002254344B79;
INTRA-EX;202410;513881387;06K103484F;87089997;ES;PT;10;EXW;11;3;;0,1;1;6;;ES54149973S;
INTRA-EX;202410;513881387;CTS-CC-MK7GRS3;84099100;ES;PT;10;EXW;11;3;;2,8;1;468;;ES54149973S;
INTRA-EX;202410;513881387;SILZKBR8D8S-6;84099100;ES;PT;10;EXW;11;3;;0,2;1;65;;QV999999999999;
INTRA-EX;202410;513881387;"CTS-HW-036 ARP";87089997;ES;PT;10;EXW;11;3;;0,7;1;141;;ES44655867x;
INTRA-EX;202410;513881387;CTS-IT-300R;84213100;ES;PT;10;EXW;11;3;;4,1;1;271;;QV999999999999;
INTRA-EX;202410;513881387;AC-MK7-CP-4;84099100;ES;PT;10;EXW;11;3;;1;1;111;;QV999999999999;
INTRA-EX;202410;513881387;STY0014-4P-BK;87083091;ES;PT;10;EXW;11;3;;0,5;1;77;;QV999999999999;
INTRA-EX;202410;513881387;R7437-9;85111000;ES;PT;10;EXW;11;3;;0,1;15;529;;ESB04855516;
INTRA-EX;202410;513881387;CTS-EM-B8-50D;87089997;ES;PT;10;EXW;11;3;;1,7;2;299;;ESB67084251;
INTRA-EX;202410;513881387;VWR13G500;84099100;ES;PT;10;EXW;11;3;;2;1;332;;ESB86420924;
INTRA-EX;202410;513881387;SHYC103;87089235;ES;PT;10;EXW;11;3;;4,5;1;201;;ES18062887K;
INTRA-EX;202410;513881387;SHYP104;87089235;ES;PT;10;EXW;11;3;;3,2;1;142;;ES18062887K;
INTRA-EX;202410;513881387;BKR7EIX;85111000;ES;PT;10;EXW;11;3;;0,1;4;34;;ESB56882640;
INTRA-EX;202410;513881387;CTS-IGN-006;84099100;ES;PT;10;EXW;11;3;;0,3;4;119;;ESB56882640;
INTRA-EX;202410;513881387;VWR18G700-EUBRACKETS;87089997;ES;PT;10;EXW;11;3;;0,3;2;71;;ES71155708X;
INTRA-EX;202410;513881387;VWR12G7R601FO;84213100;ES;PT;10;EXW;11;3;;0,9;1;112;;ES71155708X;
INTRA-EX;202410;513881387;MMFS-STI-08P;84149000;ES;PT;10;EXW;11;3;;5,3;1;152;;ESB86420924;
INTRA-EX;202410;513881387;MMHOSE-E46-01IBK;40091100;ES;PT;10;EXW;11;3;;0,7;1;55;;ESB86420924;
INTRA-EX;202410;513881387;AC-200-FD;87089997;ES;PT;10;EXW;11;3;;0,5;1;32;;ES43179343V;
INTRA-EX;202410;513881387;BKR8EIX;85111000;ES;PT;10;EXW;11;3;;0,1;4;35;;ES43179343V;
INTRA-EX;202410;513881387;CI100052-A;84213100;ES;PT;10;EXW;11;3;;1,7;1;83;;ES43179343V;
INTRA-EX;202410;513881387;SILFER8C7ES;85111000;ES;PT;10;EXW;11;3;;0,1;8;76;;ESB44942472;
INTRA-EX;202410;513881387;CTS-CC-MK5FSI;84099100;FR;PT;10;EXW;11;3;;1,9;1;359;;FR55823261680;
INTRA-EX;202410;513881387;VWR190003;87089997;FR;PT;10;EXW;11;3;;0,4;1;94;;FR55823261680;
INTRA-EX;202410;513881387;06E898001-5;84099100;FR;PT;10;EXW;11;3;;1,6;1;131;;FR15904381829;
INTRA-EX;202410;513881387;SILFER8C7ES-5;85111000;FR;PT;10;EXW;11;3;;0,3;1;57;;FR15904381829;
INTRA-EX;202410;513881387;7M1397H-STD;40091100;FR;PT;10;EXW;11;3;;0,7;1;161;;QV999999999999;
INTRA-EX;202410;513881387;SSE0404-4P-BK;87083091;FR;PT;10;EXW;11;3;;0,5;1;78;;QV999999999999;
INTRA-EX;202410;513881387;SILZKBR8D8S-6;84099100;FR;PT;10;EXW;11;3;;0,2;1;66;;QV999999999999;
INTRA-EX;202410;513881387;PPF-2102;842131000;FR;PT;10;EXW;11;3;;0,7;1;43;;QV999999999999;
INTRA-EX;202410;513881387;06J103600AFKIT;84099100;FR;PT;10;EXW;11;3;;2,5;1;49;;QV999999999999;
INTRA-EX;202410;513881387;VWR180000;87089997;FR;PT;10;EXW;11;3;;0,1;1;13;;QV999999999999;
INTRA-EX;202410;513881387;FMCT2;84099100;FR;PT;10;EXW;11;3;;1,3;1;275;;QV999999999999;
INTRA-EX;202410;513881387;AC-211-IT;84198998;FR;PT;10;EXW;11;3;;5,5;1;187;;QV999999999999;
INTRA-EX;202410;513881387;8E0971824S-RD;84099100;FR;PT;10;EXW;11;3;;0,2;1;14;;QV999999999999;
INTRA-EX;202410;513881387;SVW0621-4P-RD;87083091;FR;PT;10;EXW;11;3;;0,5;1;78;;QV999999999999;
INTRA-EX;202410;513881387;AC-MK7R-DP;87089235;FR;PT;10;EXW;11;3;;11,3;1;277;;QV999999999999;
INTRA-EX;202410;513881387;06J103600AFKIT;84099100;FR;PT;10;EXW;11;3;;2,5;1;49;;QV999999999999;
INTRA-EX;202410;513881387;L3P3BF2W;87089997;BE;PT;10;EXW;11;3;;1;1;322;;BE1000576279;
INTRA-EX;202410;513881387;SHYP104;87089235;BE;PT;10;EXW;11;3;;3,2;1;200;;QV999999999999;
INTRA-EX;202410;513881387;SHYSP102;87089997;BE;PT;10;EXW;11;3;;2,6;1;163;;QV999999999999;
INTRA-EX;202410;513881387;10.127.203K;84132000;IT;PT;10;EXW;11;3;;0,3;1;314;;IT04154250130;
INTRA-EX;202410;513881387;ATINTFO25;87089199;IT;PT;10;EXW;11;3;;8,7;1;266;;QV999999999999;
INTRA-EX;202410;513881387;RIP-180-BK;40093100;IT;PT;10;EXW;11;3;;0,8;1;57;;QV999999999999;
INTRA-EX;202410;513881387;AC-200-QS;87089997;NL;PT;10;EXW;11;3;;0,5;1;49;;NL002241494B08;
INTRA-EX;202410;513881387;AC-200-CP;84099100;ES;PT;10;EXW;11;3;;0,3;1;13;;ESB76260033;
INTRA-EX;202410;513881387;10.127.100K;84132000;ES;PT;10;EXW;11;3;;0,3;2;454;;ESB76260033;
INTRA-EX;202410;513881387;BWF21XZ;87088055;ES;PT;10;EXW;11;3;;5,5;1;149;;ESB76260033;
INTRA-EX;202410;513881387;BWR24Z;87088055;ES;PT;10;EXW;11;3;;4,1;1;136;;ESB76260033;
INTRA-EX;202410;513881387;CTS-CC-MK7GRS3;84099100;ES;PT;10;EXW;11;3;;2,8;1;374;;ESB76260033;
INTRA-EX;202410;513881387;AC-MK7-CP-4;84099100;ES;PT;10;EXW;11;3;;1;1;112;;ES54073987K;
INTRA-EX;202410;513881387;06E898001-4;85111000;ES;PT;10;EXW;11;3;;1,2;1;104;;QV999999999999;
INTRA-EX;202410;513881387;R7437-9-4;87089997;ES;PT;10;EXW;11;3;;0,2;1;165;;QV999999999999;
INTRA-EX;202410;513881387;SILZKBR8D8S-6;84099100;ES;PT;10;EXW;11;3;;0,2;1;65;;QV999999999999;
INTRA-EX;202410;513881387;SBW1162-4P-BK;87083091;ES;PT;10;EXW;11;3;;0,5;1;83;;QV999999999999;
INTRA-EX;202410;513881387;FMDV20-BK;84818040;ES;PT;10;EXW;11;3;;0,6;1;175;;QV999999999999;
INTRA-EX;202410;513881387;UR-RE2-2171;87088055;ES;PT;10;EXW;11;3;;2;1;95;;QV999999999999;
INTRA-EX;202410;513881387;MMRAD-E36-92;87089135;ES;PT;10;EXW;11;3;;6,7;1;169;;ESB44942472;
INTRA-EX;202410;513881387;EVE-F9XM5M8-CF-INT;84213100;ES;PT;10;EXW;11;3;;6;1;1571;;ESB86420924;
INTRA-EX;202410;513881387;MMRAD-CIV-02SI;87089135;ES;PT;10;EXW;11;3;;8,7;1;164;;ESB66283003;
INTRA-EX;202410;513881387;SMNC018;87089235;ES;PT;10;EXW;11;3;;5,6;1;247;;ESB42954230;
INTRA-EX;202410;513881387;VWR81G700;87088055;ES;PT;10;EXW;11;3;;2,6;1;319;;ESB42954230;
INTRA-EX;202410;513881387;CTS-HW-360;40091100;ES;PT;10;EXW;11;3;;1,4;1;224;;ESB42954230;
INTRA-EX;202410;513881387;VWR520000;87089997;ES;PT;10;EXW;11;3;;0,7;1;133;;ESB42954230;
INTRA-EX;202410;513881387;VWR420000;87089997;ES;PT;10;EXW;11;3;;2;1;159;;ESB42954230;
INTRA-EX;202410;513881387;KCA472;87088035;ES;PT;10;EXW;11;3;;2;1;136;;ESB42954230;
INTRA-EX;202410;513881387;KTA252;87088035;ES;PT;10;EXW;11;3;;7,5;1;375;;ESB42954230;
INTRA-EX;202410;513881387;VWR19G702;70102000;ES;PT;10;EXW;11;3;;0,1;1;49;;ESB42954230;
INTRA-EX;202410;513881387;VWR12G7R600FO;84213100;ES;PT;10;EXW;11;3;;0,5;1;76;;ESB42954230;
INTRA-EX;202410;513881387;VWR1200R600E;84213100;ES;PT;10;EXW;11;3;;5,2;1;309;;ESB42954230;
INTRA-EX;202410;513881387;BHR84Z;87088055;ES;PT;10;EXW;11;3;;6,9;1;129;;ESB72996382;
INTRA-EX;202410;513881387;AC-200R-DP;87089235;ES;PT;10;EXW;11;3;;9,8;1;166;;ESB04855516;
INTRA-EX;202410;513881387;BKR7EIX;85111000;ES;PT;10;EXW;11;3;;0,1;4;34;;ESB19781145;
INTRA-EX;202410;513881387;SILFER8C7ES;85111000;ES;PT;10;EXW;11;3;;0,1;4;38;;ESB19781145;
INTRA-EX;202410;513881387;06E898001-4;85111000;FR;PT;10;EXW;11;3;;1,2;1;104;;FR25819362658;
INTRA-EX;202410;513881387;BKR8EIX-4;85111000;FR;PT;10;EXW;11;3;;0,2;1;41;;FR25819362658;
INTRA-EX;202410;513881387;UR-FD3-3740P;87088055;FR;PT;10;EXW;11;3;;2,2;1;161;;QV999999999999;
INTRA-EX;202410;513881387;CTS-IT-300R;84213100;FR;PT;10;EXW;11;3;;4,1;1;273;;QV999999999999;
INTRA-EX;202410;513881387;VWR12G6GTFOC;84213100;FR;PT;10;EXW;11;3;;0,5;1;109;;QV999999999999;
INTRA-EX;202410;513881387;UR-RE2-3111;87088055;FR;PT;10;EXW;11;3;;3,3;1;104;;QV999999999999;
INTRA-EX;202410;513881387;AC-B58-IC;84198998;FR;PT;10;EXW;11;3;;9,3;1;374;;QV999999999999;
INTRA-EX;202410;513881387;10.127.100K;84132000;FR;PT;10;EXW;11;3;;0,3;1;314;;FR21511789851;
INTRA-EX;202410;513881387;IZKR7B-6;85111000;FR;PT;10;EXW;11;3;;0,2;1;58;;QV999999999999;
INTRA-EX;202410;513881387;CTS-IT-932;84213100;FR;PT;10;EXW;11;3;;1,4;1;359;;QV999999999999;
INTRA-EX;202410;513881387;SBW0261-4P-EB;87083091;FR;PT;10;EXW;11;3;;0,5;1;84;;QV999999999999;
INTRA-EX;202410;513881387;RBF600;27101999;FR;PT;10;EXW;11;3;;0,6;2;19;;QV999999999999;
INTRA-EX;202410;513881387;06E898001-5;84099100;FR;PT;10;EXW;11;3;;1,6;1;131;;QV999999999999;
INTRA-EX;202410;513881387;10.127.203T;87089997;FR;PT;10;EXW;11;3;;0,1;1;10;;FR82530667591;
INTRA-EX;202410;513881387;10.127.101TK;87089997;FR;PT;10;EXW;11;3;;0,3;1;16;;FR82530667591;
INTRA-EX;202410;513881387;SILZKBR8D8S-6;84099100;IE;PT;10;EXW;11;3;;0,2;1;64;;QV999999999999;
INTRA-EX;202410;513881387;WB-429;842131000;IE;PT;10;EXW;11;3;;0,3;1;95;;QV999999999999;
INTRA-EX;202410;513881387;VWR123020;84213100;HU;PT;10;EXW;11;3;;3,4;1;309;;QV999999999999;
INTRA-EX;202410;513881387;CTS-IT-341;40091100;SI;PT;10;EXW;11;3;;1,4;1;202;;SI31023223;
INTRA-EX;202410;513881387;110859;27101999;SI;PT;10;EXW;11;3;;2,1;6;174;;SI31023223;
INTRA-EX;202410;513881387;UR-RE4-1321;87088055;GR;PT;10;EXW;11;3;;4,1;1;75;;GREL156587530;
INTRA-EX;202410;513881387;MS100113;87089997;DE;PT;10;EXW;11;3;;0,4;1;47;;QV999999999999;
INTRA-EX;202410;513881387;VWR13G700RFK;87089997;DE;PT;10;EXW;11;3;;0,5;1;46;;DE181881308;
INTRA-EX;202410;513881387;82494;84099100;BE;PT;10;EXW;11;3;;1,6;1;204;;QV999999999999;
INTRA-EX;202410;513881387;AC-MK7-INLET;40091100;IT;PT;10;EXW;11;3;;0,3;2;91;;IT03002640732;
INTRA-EX;202410;513881387;EVE-A45S-CF-INT;84213100;IT;PT;10;EXW;11;3;;4,6;1;999;;IT08839490011;
INTRA-EX;202410;513881387;MMAI-FOST-13WBK;84213100;IT;PT;10;EXW;11;3;;6,9;1;241;;IT03656931205;
INTRA-EX;202410;513881387;SILZKBR8D8S;85111000;IT;PT;10;EXW;11;3;;0,1;4;38;;IT03656931205;
INTRA-EX;202410;513881387;BWR22XZ;87088055;NL;PT;10;EXW;11;3;;7,8;1;191;;QV999999999999;
INTRA-EX;202410;513881387;BAF13;84213100;NL;PT;10;EXW;11;3;;4,5;1;163;;QV999999999999;
INTRA-EX;202410;513881387;AC-180-DB;87089997;NL;PT;10;EXW;11;3;;1,5;1;31;;QV999999999999;
INTRA-EX;202410;513881387;MMEXH-MUS8-15HP;87089235;ES;PT;10;EXW;11;3;;5;1;189;;ES11440087w;
INTRA-EX;202410;513881387;CTS-IT-800;84213100;ES;PT;10;EXW;11;3;;3,6;1;275;;QV999999999999;
INTRA-EX;202410;513881387;SFDC066;87089235;ES;PT;10;EXW;11;3;;4,2;1;158;;ESB67114637;
INTRA-EX;202410;513881387;E10-35-016-09-22;73202081;ES;PT;10;EXW;11;3;;11,5;1;183;;ESB67114637;
INTRA-EX;202410;513881387;RE8C-L+RE9B-T;84099100;ES;PT;10;EXW;11;3;;0,4;1;104;;QV999999999999;
INTRA-EX;202410;513881387;VWR800001;58109210;ES;PT;10;EXW;11;3;;0,1;1;9;;QV999999999999;
INTRA-EX;202410;513881387;VWRM012-XL;61091000;ES;PT;10;EXW;11;3;;0,5;1;31;;QV999999999999;
INTRA-EX;202410;513881387;VWR120000;84213100;ES;PT;10;EXW;11;3;;1;1;26;;QV999999999999;
INTRA-EX;202410;513881387;KL060245R;87089997;ES;PT;10;EXW;11;3;;6,5;1;235;;QV999999999999;
INTRA-EX;202410;513881387;03K906051;90269000;ES;PT;10;EXW;11;3;;0,1;1;19;;QV999999999999;
INTRA-EX;202410;513881387;9-654-1025;84133080;ES;PT;10;EXW;11;3;;0,8;1;163;;QV999999999999;
INTRA-EX;202410;513881387;SILZKGR8C8S-6;84099100;ES;PT;10;EXW;11;3;;1;1;99;;QV999999999999;
INTRA-EX;202410;513881387;06J103600AFKIT;84099100;ES;PT;10;EXW;11;3;;2,5;1;49;;QV999999999999;
INTRA-EX;202410;513881387;DBA42830S-2;87089997;ES;PT;10;EXW;11;3;;23,3;1;263;;QV999999999999;
INTRA-EX;202410;513881387;216BFWABOSM;90262020;ES;PT;10;EXW;11;3;;0,3;1;35;;QV999999999999;
INTRA-EX;202410;513881387;ILZKR8C8G-4;87089997;ES;PT;10;EXW;11;3;;0,4;1;38;;QV999999999999;
INTRA-EX;202410;513881387;SMA0002-1C-BK;87083091;ES;PT;10;EXW;11;3;;0,3;1;33;;QV999999999999;
INTRA-EX;202410;513881387;SMA0101-4P-BK;87083091;ES;PT;10;EXW;11;3;;0,5;1;101;;QV999999999999;
INTRA-EX;202410;513881387;BMR77Z;87088055;ES;PT;10;EXW;11;3;;2,6;1;115;;ESB86420924;
INTRA-EX;202410;513881387;BMF49Z;87088055;ES;PT;10;EXW;11;3;;6,1;1;136;;ESB86420924;
INTRA-EX;202410;513881387;216BFWAOTSM;90269000;ES;PT;10;EXW;11;3;;0,3;2;59;;ESB09771205;
INTRA-EX;202410;513881387;216BFWAWTSM;90262020;ES;PT;10;EXW;11;3;;0,3;2;59;;ESB09771205;
INTRA-EX;202410;513881387;216BFWAOPSM;90269000;ES;PT;10;EXW;11;3;;0,4;2;68;;ESB09771205;
INTRA-EX;202410;513881387;VWR12G6GT;84213100;ES;PT;10;EXW;11;3;;1,9;1;237;;ESB86420924;
INTRA-EX;202410;513881387;CTS-CC-B8.5-TFSI;87089997;ES;PT;10;EXW;11;3;;2,7;1;337;;ESB42954230;
INTRA-EX;202410;513881387;VWR12G7R600FO;84213100;ES;PT;10;EXW;11;3;;0,5;1;76;;ESB42954230;
INTRA-EX;202410;513881387;VWR19G702;70102000;ES;PT;10;EXW;11;3;;0,1;1;49;;ESB42954230;
INTRA-EX;202410;513881387;CTS-IT-105R;84213100;ES;PT;10;EXW;11;3;;5;1;224;;ESB42954230;
INTRA-EX;202410;513881387;VWR1200R601E;84213100;ES;PT;10;EXW;11;3;;5,2;1;338;;ESB42954230;
INTRA-EX;202410;513881387;216BFWABOSM;90262020;ES;PT;10;EXW;11;3;;0,3;2;44;;ESB42771618;
INTRA-EX;202410;513881387;AC-MK7R-DP;87089235;ES;PT;10;EXW;11;3;;11,3;1;185;;ESB42771618;
INTRA-EX;202410;513881387;U5014;84099100;ES;PT;10;EXW;11;3;;0,3;16;342;;ESB42771618;
INTRA-EX;202410;513881387;SR-225-BL-ECU;84213100;FR;PT;10;EXW;11;3;;2,5;1;214;;FR22892227505;
INTRA-EX;202410;513881387;FMFOCSTDV-BL;84814090;FR;PT;10;EXW;11;3;;0,7;1;155;;FR22892227505;
INTRA-EX;202410;513881387;200001032;87089997;FR;PT;10;EXW;11;3;;16,7;1;468;;FR22892227505;
INTRA-EX;202410;513881387;FMINDS5-BK;40091100;FR;PT;10;EXW;11;3;;1,2;1;107;;FR22892227505;
INTRA-EX;202410;513881387;PFR8S8EG-6;87089997;FR;PT;10;EXW;11;3;;1,4;1;68;;FR22892227505;
INTRA-EX;202410;513881387;AC-BM-ODP;87089997;FR;PT;10;EXW;11;3;;0,1;1;12;;QV999999999999;
INTRA-EX;202410;513881387;FMBPVXA;87089997;FR;PT;10;EXW;11;3;;0,1;1;35;;QV999999999999;
INTRA-EX;202410;513881387;SILZKBR8D8S-6;84099100;FR;PT;10;EXW;11;3;;0,2;1;66;;QV999999999999;
INTRA-EX;202410;513881387;CTS-IT-259;40091100;FR;PT;10;EXW;11;3;;1,1;1;145;;QV999999999999;
INTRA-EX;202410;513881387;KLC167A;87088055;FR;PT;10;EXW;11;3;;1,4;1;121;;QV999999999999;
INTRA-EX;202410;513881387;L3P3BF2W;87089997;FR;PT;10;EXW;11;3;;1;1;322;;QV999999999999;
INTRA-EX;202410;513881387;SFDP066;87089235;FR;PT;10;EXW;11;3;;5,4;1;277;;QV999999999999;
INTRA-EX;202410;513881387;CTS-IT-341;40091100;FR;PT;10;EXW;11;3;;1,4;1;202;;FR35504243288;
INTRA-EX;202410;513881387;6B1584H-STD;40091100;FR;PT;10;EXW;11;3;;0,4;1;134;;FR35504243288;
INTRA-EX;202410;513881387;MMICP-N54-07;87089997;FR;PT;10;EXW;11;3;;2,2;1;180;;FR35504243288;
INTRA-EX;202410;513881387;MMTS-F80-15;87089997;FR;PT;10;EXW;11;3;;0,5;1;93;;FR35504243288;
INTRA-EX;202410;513881387;7M1397H-STD;40091100;FR;PT;10;EXW;11;3;;0,7;2;322;;FR35504243288;
INTRA-EX;202410;513881387;CTS-IT-220R;84213100;FR;PT;10;EXW;11;3;;4,5;1;280;;QV999999999999;
INTRA-EX;202410;513881387;SP-205;32081090;FR;PT;10;EXW;11;3;;0,5;2;54;;QV999999999999;
INTRA-EX;202410;513881387;KDT911;87089997;FR;PT;10;EXW;11;3;;0,8;1;79;;QV999999999999;
INTRA-EX;202410;513881387;9-354-1025;84133080;FR;PT;10;EXW;11;3;;0,8;1;206;;QV999999999999;
INTRA-EX;202410;513881387;06E898001-4;85111000;FR;PT;10;EXW;11;3;;1,2;1;104;;QV999999999999;
INTRA-EX;202410;513881387;BKR8EIX-4;85111000;FR;PT;10;EXW;11;3;;0,2;1;41;;QV999999999999;
INTRA-EX;202410;513881387;CTS-HW-0133;84099100;FR;PT;10;EXW;11;3;;0,5;1;135;;QV999999999999;
INTRA-EX;202410;513881387;KLC142;87088035;FR;PT;10;EXW;11;3;;0,8;1;121;;QV999999999999;
INTRA-EX;202410;513881387;TS-0203-1052;87089997;FR;PT;10;EXW;11;3;;0,4;1;208;;QV999999999999;
INTRA-EX;202410;513881387;AC-FIST7-BAD;87089997;FR;PT;10;EXW;11;3;;0,5;1;59;;QV999999999999;
INTRA-EX;202410;513881387;ATINTFO25;87089199;FR;PT;10;EXW;11;3;;8,7;1;270;;QV999999999999;
INTRA-EX;202410;513881387;MMTS-FIST-14;87089997;FR;PT;10;EXW;11;3;;0,1;1;47;;QV999999999999;
INTRA-EX;202410;513881387;FMMK7INDH-BK;40093100;FR;PT;10;EXW;11;3;;0,8;1;76;;QV999999999999;
INTRA-EX;202410;513881387;ILFR6B-5;84099100;FR;PT;10;EXW;11;3;;0,8;1;46;;QV999999999999;
INTRA-EX;202410;513881387;ILZKAR7A10-8;85111000;FR;PT;10;EXW;11;3;;0,4;1;73;;QV999999999999;
INTRA-EX;202410;513881387;SP-205;32081090;FR;PT;10;EXW;11;3;;0,5;1;27;;QV999999999999;
INTRA-EX;202410;513881387;CI100035-B;84213100;FR;PT;10;EXW;11;3;;1,7;1;299;;QV999999999999;
INTRA-EX;202410;513881387;AC-S55-CHP;84835020;FR;PT;10;EXW;11;3;;0,3;1;74;;FR25831629860;
INTRA-EX;202410;513881387;EVE-TRB8V8S-FLG-STK;85111000;FR;PT;10;EXW;11;3;;0,2;1;35;;FR94827543661;
INTRA-EX;202410;513881387;EVE-F56-PL-INT;84213100;FR;PT;10;EXW;11;3;;4,8;1;714;;FR26750353237;
INTRA-EX;202410;513881387;EVE-ST38V8S-CF-ENG;87089997;FR;PT;10;EXW;11;3;;1,3;1;428;;FR26750353237;
INTRA-EX;202410;513881387;AC-211-CFA;87089997;IE;PT;10;EXW;11;3;;0,1;1;24;;QV999999999999;
INTRA-EX;202410;513881387;SAU0531-4P-RD;87083091;DK;PT;10;EXW;11;3;;0,5;1;90;;QV999999999999;
INTRA-EX;202410;513881387;EVE-S55-CF-CHG;84212300;GR;PT;10;EXW;11;3;;1,9;1;592;;GREL156587530;
INTRA-EX;202410;513881387;EVE-X56M-CF-INT;84213100;BE;PT;10;EXW;11;3;;7;1;1856;;BE0740963105;
INTRA-EX;202410;513881387;216VWBWBO270-3;90262020;BE;PT;10;EXW;11;3;;0,3;1;35;;QV999999999999;
INTRA-EX;202410;513881387;10.127.100K;84132000;IT;PT;10;EXW;11;3;;0,3;1;227;;IT03815490929;
INTRA-EX;202410;513881387;VWR1200R601E;84213100;IT;PT;10;EXW;11;3;;5,2;1;338;;IT03813391202;
INTRA-EX;202410;513881387;AC-MK7-IND-BK;40091100;IT;PT;10;EXW;11;3;;0,9;1;32;;IT03813391202;
INTRA-EX;202410;513881387;AC-MK7-MD;87089997;IT;PT;10;EXW;11;3;;0,4;1;43;;IT03813391202;
INTRA-EX;202410;513881387;CTS-IT-285;40091100;IT;PT;10;EXW;11;3;;0,3;1;59;;IT03813391202;
INTRA-EX;202410;513881387;MMRAD-BRZ-13;87089135;IT;PT;10;EXW;11;3;;6,4;1;189;;IT02710790060;
INTRA-EX;202410;513881387;ES-1313587;87089997;IT;PT;10;EXW;11;3;;2,5;1;90;;QV999999999999;
INTRA-EX;202410;513881387;BKR7EIX-4;84099100;IT;PT;10;EXW;11;3;;0,5;1;39;;QV999999999999;
INTRA-EX;202410;513881387;5W40;27101999;IT;PT;10;EXW;11;3;;1,9;2;57;;QV999999999999;
INTRA-EX;202410;513881387;AC-B58-INLET;40091100;NL;PT;10;EXW;11;3;;0,6;1;71;;NL002241494B08;
INTRA-EX;202410;513881387;SP-734;32081090;NL;PT;10;EXW;11;3;;0,5;1;12;;NL002241494B08;
INTRA-EX;202410;513881387;AC-200K03-MD;84198998;NL;PT;10;EXW;11;3;;0,5;1;44;;NL002241494B08;
INTRA-EX;202410;513881387;AC-FIST7-QS;87089997;NL;PT;10;EXW;11;3;;0,3;1;24;;NL002241494B08;
INTRA-EX;202410;513881387;AC-MK7-FU-BK;87088055;NL;PT;10;EXW;11;3;;3;1;59;;NL002241494B08;
INTRA-EX;202410;513881387;EVE-F9XM5M8-CHG;84212300;NL;PT;10;EXW;11;3;;1,2;1;472;;NL002241494B08;
INTRA-EX;202410;513881387;VWR900001;85111000;ES;PT;10;EXW;11;3;;0,3;8;244;;ESB70550694;
INTRA-EX;202410;513881387;R7438-9;84099100;ES;PT;10;EXW;11;3;;0,1;8;266;;ESB70550694;
INTRA-EX;202410;513881387;VWR1200R600E;84213100;ES;PT;10;EXW;11;3;;5,2;1;309;;ESB70550694;
INTRA-EX;202410;513881387;EVE-ST38V8S-CF-INT;84213100;ES;PT;10;EXW;11;3;;7,2;1;1285;;ESB19296938;
INTRA-EX;202410;513881387;R7437-9;85111000;ES;PT;10;EXW;11;3;;0,1;8;282;;ESB65945743;
INTRA-EX;202410;513881387;BKR7EIX;85111000;ES;PT;10;EXW;11;3;;0,1;8;68;;ESB65945743;
INTRA-EX;202410;513881387;CTS-IT-020;84213100;ES;PT;10;EXW;11;3;;3,1;1;127;;ESB65945743;
INTRA-EX;202410;513881387;1K0253144BD;40091100;ES;PT;10;EXW;11;3;;0,2;2;12;;ESB65945743;
INTRA-EX;202410;513881387;06F253039F;87089997;ES;PT;10;EXW;11;3;;0,1;2;6;;ESB65945743;
INTRA-EX;202410;513881387;058253039L;87089997;ES;PT;10;EXW;11;3;;0,1;2;8;;ESB65945743;
INTRA-EX;202410;513881387;WHT005185;84133080;ES;PT;10;EXW;11;3;;0,1;2;8;;ESB65945743;
INTRA-EX;202410;513881387;1K0253144AE;87089997;ES;PT;10;EXW;11;3;;1;2;12;;ESB65945743;
INTRA-EX;202410;513881387;06F129101P;84814090;ES;PT;10;EXW;11;3;;0,2;2;18;;ESB65945743;
INTRA-EX;202410;513881387;058129717D;87089997;ES;PT;10;EXW;11;3;;0,1;2;4;;ESB65945743;
INTRA-EX;202410;513881387;AC-200-CFA;87089997;ES;PT;10;EXW;11;3;;0,1;2;32;;ESB65945743;
INTRA-EX;202410;513881387;06D998907;87089997;ES;PT;10;EXW;11;3;;0,1;4;16;;ESB65945743;
INTRA-EX;202410;513881387;06J998907A;87089997;ES;PT;10;EXW;11;3;;0,1;4;16;;ESB65945743;
INTRA-EX;202410;513881387;PP1389;84213100;ES;PT;10;EXW;11;3;;0,5;1;24;;ESB65945743;
INTRA-EX;202410;513881387;8E0971824S-RD;84099100;ES;PT;10;EXW;11;3;;0,2;1;7;;ESB65945743;
INTRA-EX;202410;513881387;AC-211-CFA;87089997;ES;PT;10;EXW;11;3;;0,1;1;16;;ESB65945743;
INTRA-EX;202410;513881387;MMRAD-E36-92;87089135;ES;PT;10;EXW;11;3;;6,7;1;169;;ES18062887K;
INTRA-EX;202410;513881387;1K0253144AE;87089997;ES;PT;10;EXW;11;3;;1;2;12;;ESB04855516;
INTRA-EX;202410;513881387;06F129717D;87089235;ES;PT;10;EXW;11;3;;0,1;3;18;;ESB04855516;
INTRA-EX;202410;513881387;06J998907A;87089997;ES;PT;10;EXW;11;3;;0,1;8;32;;ESB04855516;
INTRA-EX;202410;513881387;06D998907;87089997;ES;PT;10;EXW;11;3;;0,1;8;32;;ESB04855516;
INTRA-EX;202410;513881387;EVE-ST38V8S-CF-ENG;87089997;ES;PT;10;EXW;11;3;;1,3;1;428;;ESB42771618;
INTRA-EX;202410;513881387;AC-MK7-MD;87089997;ES;PT;10;EXW;11;3;;0,4;1;43;;ESB19781145;
INTRA-EX;202410;513881387;AC-500-DP;87089235;ES;PT;10;EXW;11;3;;2,4;1;99;;ESB19781145;
INTRA-EX;202410;513881387;FMACVAG08;84099100;ES;PT;10;EXW;11;3;;0,5;1;140;;QV999999999999;
INTRA-EX;202410;513881387;AC-MK7-TI;40091100;ES;PT;10;EXW;11;3;;1,3;1;107;;QV999999999999;
INTRA-EX;202410;513881387;CTS-IT-275;87089235;ES;PT;10;EXW;11;3;;1,7;1;168;;QV999999999999;
INTRA-EX;202410;513881387;06E898001-4;85111000;ES;PT;10;EXW;11;3;;1,2;1;104;;QV999999999999;
INTRA-EX;202410;513881387;BKR7EIX-4;84099100;ES;PT;10;EXW;11;3;;0,5;1;40;;QV999999999999;
INTRA-EX;202410;513881387;AC-200-CP-4;84099100;ES;PT;10;EXW;11;3;;1;1;81;;QV999999999999;
INTRA-EX;202410;513881387;8E0971824S-BL;84099100;ES;PT;10;EXW;11;3;;0,2;1;18;;QV999999999999;
INTRA-EX;202410;513881387;AC-MK7-CP-4;84099100;ES;PT;10;EXW;11;3;;1;1;111;;QV999999999999;
INTRA-EX;202410;513881387;AC-MK7-MD;87089997;ES;PT;10;EXW;11;3;;0,4;1;65;;QV999999999999;
INTRA-EX;202410;513881387;MMTS-GTI-99;90321020;ES;PT;10;EXW;11;3;;0,1;1;47;;ES76045186X;
INTRA-EX;202410;513881387;CTS-IT-256;40091100;ES;PT;10;EXW;11;3;;2,3;1;178;;QV999999999999;
INTRA-EX;202410;513881387;CS57-AR60012;87089235;ES;PT;10;EXW;11;3;;0,8;1;63;;QV999999999999;
INTRA-EX;202410;513881387;FMDV004-P;84814090;ES;PT;10;EXW;11;3;;0,4;1;107;;ESE94201142;
INTRA-EX;202410;513881387;SILZKGR8C8S-6;84099100;ES;PT;10;EXW;11;3;;1;1;99;;QV999999999999;
INTRA-EX;202410;513881387;FM225BHP;87089135;ES;PT;10;EXW;11;3;;1,3;1;133;;QV999999999999;
INTRA-EX;202410;513881387;DBA2472S-2;87089997;ES;PT;10;EXW;11;3;;19;1;182;;QV999999999999;
INTRA-EX;202410;513881387;SSE0426-4P-BK;87083091;ES;PT;10;EXW;11;3;;0,5;1;78;;QV999999999999;
INTRA-EX;202410;513881387;RBF600;27101999;ES;PT;10;EXW;11;3;;0,6;3;28;;QV999999999999;
INTRA-EX;202410;513881387;EVE-A90-CF-INT;84213100;FR;PT;10;EXW;11;3;;3,9;1;999;;FR82530667591;
INTRA-EX;202410;513881387;EVE-A90-CF-ENG;84213100;FR;PT;10;EXW;11;3;;3,5;1;427;;FR82530667591;
INTRA-EX;202410;513881387;CTS-IT-105R;84213100;FR;PT;10;EXW;11;3;;5;1;224;;FR95799460480;
INTRA-EX;202410;513881387;AC-MK7-CP;84099100;FR;PT;10;EXW;11;3;;0,3;4;71;;FR95799460480;
INTRA-EX;202410;513881387;AC-180-DB;87089997;FR;PT;10;EXW;11;3;;1,5;1;21;;FR95799460480;
INTRA-EX;202410;513881387;SVWC043;87089235;FR;PT;10;EXW;11;3;;8,6;1;269;;FR88985403690;
INTRA-EX;202410;513881387;BKR8EIX;85111000;FR;PT;10;EXW;11;3;;0,1;12;106;;FR88985403690;
INTRA-EX;202410;513881387;1K0253144BD;40091100;FR;PT;10;EXW;11;3;;0,2;1;6;;FR88985403690;
INTRA-EX;202410;513881387;SVWC058;87089235;FR;PT;10;EXW;11;3;;9,5;1;299;;FR19980130553;
INTRA-EX;202410;513881387;CTS-IT-270R;84213100;FR;PT;10;EXW;11;3;;4,3;1;247;;FR19980130553;
INTRA-EX;202410;513881387;CTS-IT-285;40091100;FR;PT;10;EXW;11;3;;0,3;1;59;;FR19980130553;
INTRA-EX;202410;513881387;CTS-HW-0199;87089997;FR;PT;10;EXW;11;3;;0,3;1;59;;FR19980130553;
INTRA-EX;202410;513881387;7M1397H-25;40091100;FR;PT;10;EXW;11;3;;0,7;Uni.;161;;FR35504243288;
INTRA-EX;202410;513881387;SILZKGR8B8S-6;85111000;FR;PT;10;EXW;11;3;;0,2;1;59;;FR35504243288;
INTRA-EX;202410;513881387;SILZKBR8D8S-6;84099100;FR;PT;10;EXW;11;3;;0,2;2;132;;FR35504243288;
INTRA-EX;202410;513881387;BKR7EIX-4;84099100;FR;PT;10;EXW;11;3;;0,5;1;40;;QV999999999999;
INTRA-EX;202410;513881387;FMDV008-BK;84814090;FR;PT;10;EXW;11;3;;0,5;1;134;;QV999999999999;
INTRA-EX;202410;513881387;MMEXH-MUS8-15XP;87089235;FR;PT;10;EXW;11;3;;8,7;1;189;;QV999999999999;
INTRA-EX;202410;513881387;FMBIVXR-BL;40091100;FR;PT;10;EXW;11;3;;0,1;1;11;;QV999999999999;
INTRA-EX;202410;513881387;UR-LA4-731;87088055;FR;PT;10;EXW;11;3;;2,4;1;123;;FR80888340023;
INTRA-EX;202410;513881387;AC-200-EVAP;87089997;FR;PT;10;EXW;11;3;;0,3;1;20;;QV999999999999;
INTRA-EX;202410;513881387;R7437-9-4;87089997;FR;PT;10;EXW;11;3;;0,2;1;166;;QV999999999999;
INTRA-EX;202410;513881387;10.127.203K;84132000;FR;PT;10;EXW;11;3;;0,3;1;314;;FR92901672386;
INTRA-EX;202410;513881387;RBF600;27101999;FR;PT;10;EXW;11;3;;0,6;10;95;;FR89838537801;
INTRA-EX;202410;513881387;FMINLS1-RD;40091100;FR;PT;10;EXW;11;3;;0,8;1;63;;QV999999999999;
INTRA-EX;202410;513881387;R7437-9-5;85111000;FR;PT;10;EXW;11;3;;0,3;1;208;;QV999999999999;
INTRA-EX;202410;513881387;E10-75-020-05-22;73202081;FR;PT;10;EXW;11;3;;10;1;196;;QV999999999999;
INTRA-EX;202410;513881387;MMTS-GLF-15;90321020;FR;PT;10;EXW;11;3;;0,2;1;40;;QV999999999999;
INTRA-EX;202410;513881387;E10-15-014-04-22;87088035;FR;PT;10;EXW;11;3;;10;1;170;;QV999999999999;
INTRA-EX;202410;513881387;UR-RE2-1821;87088055;FR;PT;10;EXW;11;3;;2,2;1;118;;QV999999999999;
INTRA-EX;202410;513881387;UR-TW2-1820;87088055;FR;PT;10;EXW;11;3;;3;1;123;;QV999999999999;
INTRA-EX;202410;513881387;022103483E;84099100;FR;PT;10;EXW;11;3;;0,2;1;13;;QV999999999999;
INTRA-EX;202410;513881387;AC-200-PP;84198998;FR;PT;10;EXW;11;3;;0,5;1;82;;QV999999999999;
INTRA-EX;202410;513881387;AC-200-HS;87089997;FR;PT;10;EXW;11;3;;0,5;1;22;;QV999999999999;
INTRA-EX;202410;513881387;FMBH7-BL;40091100;FR;PT;10;EXW;11;3;;0,5;1;56;;QV999999999999;
INTRA-EX;202410;513881387;ATIKVAG19-RD;84213100;FR;PT;10;EXW;11;3;;4,9;1;211;;QV999999999999;
INTRA-EX;202410;513881387;SILFER8C7ES-8;85111000;FR;PT;10;EXW;11;3;;0,4;1;92;;QV999999999999;
INTRA-EX;202410;513881387;EVE-W210-FTR;84213100;FR;PT;10;EXW;11;3;;0,6;1;95;;QV999999999999;
INTRA-EX;202410;513881387;AC-200-QS;87089997;FR;PT;10;EXW;11;3;;0,5;1;74;;QV999999999999;
INTRA-EX;202410;513881387;ACSP1;84099100;FR;PT;10;EXW;11;3;;0,5;1;22;;QV999999999999;
INTRA-EX;202410;513881387;216BFWAOPSM;90269000;FR;PT;10;EXW;11;3;;0,4;1;46;;QV999999999999;
INTRA-EX;202410;513881387;VWR900001;85111000;NL;PT;10;EXW;11;3;;0,3;4;122;;NL002241494B08;
INTRA-EX;202410;513881387;ATINTVAG7;87089135;ES;PT;10;EXW;11;3;;18,1;1;639;;QV999999999999;
INTRA-EX;202410;513881387;R7437-9-4;87089997;BG;PT;10;EXW;11;3;;0,2;1;166;;BG203864393;
INTRA-EX;202410;513881387;CTS-HW-306;87089997;DK;PT;10;EXW;11;3;;0,9;1;79;;QV999999999999;
INTRA-EX;202410;513881387;AC-S55-TP;40091100;RO;PT;10;EXW;11;3;;1,7;1;151;;QV999999999999;
INTRA-EX;202410;513881387;AC-S55-JP;40091100;RO;PT;10;EXW;11;3;;0,6;1;90;;QV999999999999;
INTRA-EX;202410;513881387;MMRAD-WRX-01X;87089135;GR;PT;10;EXW;11;3;;7,2;1;296;;GREL801563540;
INTRA-EX;202410;513881387;TS-0223-1091;87089997;BE;PT;10;EXW;11;3;;0,4;1;198;;QV999999999999;
INTRA-EX;202410;513881387;9-307-1060;84133080;BE;PT;10;EXW;11;3;;0,6;1;146;;QV999999999999;
INTRA-EX;202410;513881387;AC-MK7-DI.B;87089997;BE;PT;10;EXW;11;3;;0,1;1;31;;QV999999999999;
INTRA-EX;202410;513881387;06E898001-4;85111000;BE;PT;10;EXW;11;3;;1,2;1;104;;QV999999999999;
INTRA-EX;202410;513881387;FMKC005-BK;40093100;BE;PT;10;EXW;11;3;;1,4;1;191;;BE0765212412;
INTRA-EX;202410;513881387;ALP.07.08.0008-1;84213100;IT;PT;10;EXW;11;3;;2,6;1;941;;IT03656931205;
INTRA-EX;202410;513881387;SILZKGR8B8S-6;85111000;NL;PT;10;EXW;11;3;;0,2;1;58;;QV999999999999;
INTRA-EX;202410;513881387;06K103484F;87089997;ES;PT;10;EXW;11;3;;0,1;1;6;;ES54136258-P;
INTRA-EX;202410;513881387;CTS-CC-MK7GRS3;84099100;ES;PT;10;EXW;11;3;;2,8;1;468;;ES54136258-P;
INTRA-EX;202410;513881387;10.127.100K;84132000;ES;PT;10;EXW;11;3;;0,3;1;314;;ES54136258-P;
INTRA-EX;202410;513881387;UR-ML4-1193;87088055;ES;PT;10;EXW;11;3;;3,8;1;116;;QV999999999999;
INTRA-EX;202410;513881387;ILZKBR7B8G-4;87089997;ES;PT;10;EXW;11;3;;0,2;1;36;;QV999999999999;
INTRA-EX;202410;513881387;50-1200;87089997;ES;PT;10;EXW;11;3;;0,5;1;105;;QV999999999999;
INTRA-EX;202410;513881387;9-654-1025;84133080;ES;PT;10;EXW;11;3;;0,8;1;163;;QV999999999999;
INTRA-EX;202410;513881387;50-1200;87089997;ES;PT;10;EXW;11;3;;0,5;1;105;;QV999999999999;
INTRA-EX;202410;513881387;AC-IS-TB;87089997;ES;PT;10;EXW;11;3;;0,3;1;43;;QV999999999999;
INTRA-EX;202410;513881387;PP1443;84213100;ES;PT;10;EXW;11;3;;0,5;1;37;;QV999999999999;
INTRA-EX;202410;513881387;10w60-2;27101999;ES;PT;10;EXW;11;3;;4,7;3;82;;ESB65880908;
INTRA-EX;202410;513881387;AC-BM-ODP;87089997;ES;PT;10;EXW;11;3;;0,1;2;25;;ESB65880908;
INTRA-EX;202410;513881387;AC-WS-BM-10-BT;87088099;ES;PT;10;EXW;11;3;;2,4;1;45;;ESB65880908;
INTRA-EX;202410;513881387;AC-WS-BM-12-BT;87088099;ES;PT;10;EXW;11;3;;2,4;1;45;;ESB65880908;
INTRA-EX;202410;513881387;MMWP-M50-92;84099100;ES;PT;10;EXW;11;3;;1,2;1;49;;QV999999999999;
INTRA-EX;202410;513881387;VWR13G700RFK;87089997;ES;PT;10;EXW;11;3;;0,5;1;49;;ESB49296619;
INTRA-EX;202410;513881387;204-4708;87089997;ES;PT;10;EXW;11;3;;1,8;1;313;;ES72889637S;
INTRA-EX;202410;513881387;"60 AV 13";87083091;ES;PT;10;EXW;11;3;;21;1;297;;QV999999999999;
INTRA-EX;202410;513881387;BKR7EIX-4;84099100;ES;PT;10;EXW;11;3;;0,5;1;40;;QV999999999999;
INTRA-EX;202410;513881387;06E898001-4;85111000;ES;PT;10;EXW;11;3;;1,2;1;104;;QV999999999999;
INTRA-EX;202410;513881387;U5055-4;84099100;ES;PT;10;EXW;11;3;;1,2;1;87;;QV999999999999;
INTRA-EX;202410;513881387;KCA472;87088035;ES;PT;10;EXW;11;3;;2;1;170;;QV999999999999;
INTRA-EX;202410;513881387;SKHK8-S3B00;73209090;ES;PT;10;EXW;11;3;;12,5;1;187;;QV999999999999;
INTRA-EX;202410;513881387;AC-200-IT;84198998;ES;PT;10;EXW;11;3;;5;1;185;;QV999999999999;
INTRA-EX;202410;513881387;CK-003;87089997;ES;PT;10;EXW;11;3;;0,3;1;18;;QV999999999999;
INTRA-EX;202410;513881387;06E898001-4;85111000;ES;PT;10;EXW;11;3;;1,2;1;104;;QV999999999999;
INTRA-EX;202410;513881387;FMDV004-P;84814090;ES;PT;10;EXW;11;3;;0,4;1;107;;ESE94201142;
INTRA-EX;202410;513881387;5M8174H-STD;40091100;ES;PT;10;EXW;11;3;;0,4;1;77;;ESB04855516;
INTRA-EX;202410;513881387;4B8171H-STD;87089997;ES;PT;10;EXW;11;3;;0,2;1;53;;ESB04855516;
INTRA-EX;202410;513881387;ILZKAR8H8S-4;85111000;FR;PT;10;EXW;11;3;;0,2;1;66;;QV999999999999;
INTRA-EX;202410;513881387;U5055-6;84099100;FR;PT;10;EXW;11;3;;1,5;1;132;;QV999999999999;
INTRA-EX;202410;513881387;SILZKBR8D8S-6;84099100;FR;PT;10;EXW;11;3;;0,2;1;66;;QV999999999999;
INTRA-EX;202410;513881387;IFR7G-11KS-4;85111000;FR;PT;10;EXW;11;3;;0,2;1;59;;QV999999999999;
INTRA-EX;202410;513881387;FMMK7INDH-BK;40093100;FR;PT;10;EXW;11;3;;0,8;1;76;;QV999999999999;
INTRA-EX;202410;513881387;CTS-IGN-008;84099100;FR;PT;10;EXW;11;3;;0,3;48;1682;;FR35504243288;
INTRA-EX;202410;513881387;6B1584H-STD;40091100;FR;PT;10;EXW;11;3;;0,4;2;269;;FR35504243288;
INTRA-EX;202410;513881387;DILKAR8R9HS-4;85111000;FR;PT;10;EXW;11;3;;0,6;1;62;;QV999999999999;
INTRA-EX;202410;513881387;06F129717D;87089235;FR;PT;10;EXW;11;3;;0,1;1;8;;QV999999999999;
INTRA-EX;202410;513881387;E10-20-052-03-22;87088035;FR;PT;10;EXW;11;3;;11,3;1;227;;FR70898441050;
INTRA-EX;202410;513881387;TS-0203-1252;87089997;FR;PT;10;EXW;11;3;;0,4;1;184;;FR27798821583;
INTRA-EX;202410;513881387;SCNC014;87089235;FR;PT;10;EXW;11;3;;2,4;1;141;;FR27798821583;
INTRA-EX;202410;513881387;AC-R56-TB;87089997;FR;PT;10;EXW;11;3;;0,4;1;59;;FR27798821583;
INTRA-EX;202410;513881387;ILZKBR7B8G-4;87089997;FR;PT;10;EXW;11;3;;0,2;1;37;;FR27798821583;
INTRA-EX;202410;513881387;U5055-4;84099100;FR;PT;10;EXW;11;3;;1,2;1;88;;FR27798821583;
INTRA-EX;202410;513881387;LTR7IX-11-8;84099100;FR;PT;10;EXW;11;3;;0,5;1;71;;QV999999999999;
INTRA-EX;202410;513881387;10.127.101K;84133080;FR;PT;10;EXW;11;3;;0,3;1;314;;QV999999999999;
INTRA-EX;202410;513881387;10.127.101TK;87089997;FR;PT;10;EXW;11;3;;0,3;1;23;;QV999999999999;
INTRA-EX;202410;513881387;UR-RE2-3015A;87088055;FR;PT;10;EXW;11;3;;2,7;1;139;;QV999999999999;
INTRA-EX;202410;513881387;KLC233;87089997;FR;PT;10;EXW;11;3;;0,9;1;121;;QV999999999999;
INTRA-EX;202410;513881387;VWR810009;87089997;FR;PT;10;EXW;11;3;;0,2;1;51;;FR55508218096;
INTRA-EX;202410;513881387;FMCTDS3-BK;87089997;FR;PT;10;EXW;11;3;;3;1;325;;QV999999999999;
INTRA-EX;202410;513881387;EVE-W210-FTR;84213100;FR;PT;10;EXW;11;3;;0,6;1;95;;QV999999999999;
INTRA-EX;202410;513881387;EVE-FLC;87084099;FR;PT;10;EXW;11;3;;0,6;1;28;;QV999999999999;
INTRA-EX;202410;513881387;UR-RE2-3111;87088055;FR;PT;10;EXW;11;3;;3,3;1;104;;QV999999999999;
INTRA-EX;202410;513881387;SBW1162-4P-EB;87083091;FR;PT;10;EXW;11;3;;0,5;1;84;;QV999999999999;
INTRA-EX;202410;513881387;R02-10-2;40091100;FR;PT;10;EXW;11;3;;0,1;1;83;;QV999999999999;
INTRA-EX;202410;513881387;EVE-F8xM-PF;84212300;FR;PT;10;EXW;11;3;;1,5;1;113;;QV999999999999;
INTRA-EX;202410;513881387;AC-MK5-FU-RD;87088055;FR;PT;10;EXW;11;3;;4,4;1;97;;QV999999999999;
INTRA-EX;202410;513881387;AC-VAG-BC;87089997;FR;PT;10;EXW;11;3;;0,2;1;22;;QV999999999999;
INTRA-EX;202410;513881387;AC-VAG-CC;87089997;FR;PT;10;EXW;11;3;;0,3;1;37;;QV999999999999;
INTRA-EX;202410;513881387;10.127.203T;87089997;FR;PT;10;EXW;11;3;;0,1;1;14;;QV999999999999;
INTRA-EX;202410;513881387;AC-MK7-OC;87089997;FR;PT;10;EXW;11;3;;0,3;1;29;;QV999999999999;
INTRA-EX;202410;513881387;MMTS-F80-15;87089997;FR;PT;10;EXW;11;3;;0,5;1;93;;FR35504243288;
INTRA-EX;202410;513881387;SILZKGR8B8S-6;85111000;FR;PT;10;EXW;11;3;;0,2;1;59;;FR35504243288;
INTRA-EX;202410;513881387;CTS-TR-0300RS;87089997;FR;PT;10;EXW;11;3;;13,1;1;1699;;FR35504243288;
INTRA-EX;202410;513881387;06E898001-5;84099100;FR;PT;10;EXW;11;3;;1,6;1;131;;QV999999999999;
INTRA-EX;202410;513881387;SVXC059;87089235;FR;PT;10;EXW;11;3;;2,1;1;225;;QV999999999999;
INTRA-EX;202410;513881387;AC-MK7-RU;87089235;FR;PT;10;EXW;11;3;;2,2;1;74;;QV999999999999;
INTRA-EX;202410;513881387;MMLG-15-20LBK;87141030;BG;PT;10;EXW;11;3;;0,8;1;54;;BG206125482;
INTRA-EX;202410;513881387;216CLSDWAOT-R;87089997;CY;PT;10;EXW;11;3;;0,4;1;42;;CY00781748Y;
INTRA-EX;202410;513881387;216CLSDWAOP-R;87089997;CY;PT;10;EXW;11;3;;0,4;1;67;;CY00781748Y;
INTRA-EX;202410;513881387;9-301-0847;84133080;CY;PT;10;EXW;11;3;;0,6;1;109;;CY00781748Y;
INTRA-EX;202410;513881387;9-201-1000;84133080;CY;PT;10;EXW;11;3;;0,5;2;141;;CY00781748Y;
INTRA-EX;202410;513881387;9-301-0791;84133080;CY;PT;10;EXW;11;3;;0,5;1;109;;CY00781748Y;
INTRA-EX;202410;513881387;EVE-F56-PL-INT;84213100;CZ;PT;10;EXW;11;3;;4,8;1;714;;CZ05681197;
INTRA-EX;202410;513881387;EVE-ST38V8S-CF-INT;84213100;SI;PT;10;EXW;11;3;;7,2;1;1285;;SI84452412;
INTRA-EX;202410;513881387;EVE-G20B58-V2-INT;84213100;SI;PT;10;EXW;11;3;;4,5;1;999;;SI84452412;
INTRA-EX;202410;513881387;EVE-G8XMV2-CF-INT;84213100;SI;PT;10;EXW;11;3;;7,7;1;1987;;SI84452412;
INTRA-EX;202410;513881387;FRI-0227;84213100;SI;PT;10;EXW;11;3;;4,5;1;1146;;SI84452412;
INTRA-EX;202410;513881387;VWR160001;87089997;SI;PT;10;EXW;11;3;;0,4;1;86;;SI84452412;
INTRA-EX;202410;513881387;VWR12G7R600ITINLET;87089997;SI;PT;10;EXW;11;3;;0,4;1;100;;SI84452412;
INTRA-EX;202410;513881387;VWR90000;85111000;SI;PT;10;EXW;11;3;;0,3;1;30;;SI84452412;
INTRA-EX;202410;513881387;VWR12G7R600ITBLA;84213100;SI;PT;10;EXW;11;3;;0,8;1;76;;SI84452412;
INTRA-EX;202410;513881387;VWR1200R601E;84213100;SI;PT;10;EXW;11;3;;5,2;1;338;;SI84452412;
INTRA-EX;202410;513881387;CTS-HW-306;87089997;SI;PT;10;EXW;11;3;;0,9;1;67;;SI84452412;
INTRA-EX;202410;513881387;CTS-IT-341;40091100;SI;PT;10;EXW;11;3;;1,4;1;164;;SI84452412;
INTRA-EX;202410;513881387;VSM74-C1SA3;87089997;GR;PT;10;EXW;11;3;;27;1;683;;GREL136030005;
INTRA-EX;202410;513881387;CTS-HW-360;40091100;DE;PT;10;EXW;11;3;;1,4;3;674;;DE181881308;
INTRA-EX;202410;513881387;CTS-FPK-004-450;87089235;DE;PT;10;EXW;11;3;;0,8;3;877;;DE181881308;
INTRA-EX;202410;513881387;VWR670001;87083099;PL;PT;10;EXW;11;3;;1,8;1;138;;PL8141683531;
INTRA-EX;202410;513881387;EVE-661-G2-FTR;84213100;PL;PT;10;EXW;11;3;;0,6;1;63;;PL8141683531;
INTRA-EX;202410;513881387;MS100198;40091100;PL;PT;10;EXW;11;3;;5,2;1;707;;PL8141683531;
INTRA-EX;202410;513881387;EVE-G20B58-V2-INT;84213100;PL;PT;10;EXW;11;3;;4,5;1;999;;PL8141683531;
INTRA-EX;202410;513881387;SBMP087;87089997;BE;PT;10;EXW;11;3;;19;1;498;;BE0740963105;
INTRA-EX;202410;513881387;EVE-F56-LCI-PL-INT;84213100;BE;PT;10;EXW;11;3;;4,8;1;714;;BE0740963105;
INTRA-EX;202410;513881387;EVE-151-G2-FTR;84213100;BE;PT;10;EXW;11;3;;0,5;1;63;;BE0740963105;
INTRA-EX;202410;513881387;AC-500-DP;87089235;BE;PT;10;EXW;11;3;;2,4;1;99;;BE0670639687;
INTRA-EX;202410;513881387;AC-S55-CHP;84835020;BE;PT;10;EXW;11;3;;0,3;1;49;;BE0670639687;
INTRA-EX;202410;513881387;AC-250-IP;84198998;BE;PT;10;EXW;11;3;;1,9;1;83;;BE0670639687;
INTRA-EX;202410;513881387;DBA42830S-2;87089997;BE;PT;10;EXW;11;3;;23,3;1;263;;QV999999999999;
INTRA-EX;202410;513881387;EVE-FLC;87084099;IT;PT;10;EXW;11;3;;0,6;1;21;;IT04146110160;
INTRA-EX;202410;513881387;MMAI-MK7-15WBK;84213100;IT;PT;10;EXW;11;3;;5,6;2;407;;IT03943631204;
INTRA-EX;202410;513881387;EVE-S1-CF-INT;84213100;IT;PT;10;EXW;11;3;;3,2;1;456;;IT03943631204;
INTRA-EX;202410;513881387;EVE-A45S-CF-INT;84213100;IT;PT;10;EXW;11;3;;4,6;1;999;;IT03943631204;
INTRA-EX;202410;513881387;"TTE300 Mini";84099900;IT;PT;10;EXW;11;3;;9,4;1;1343;;IT02710790060;
INTRA-EX;202410;513881387;MMBCC-SUP-20CBE;84099100;IT;PT;10;EXW;11;3;;1,8;1;224;;IT02710790060;
INTRA-EX;202410;513881387;VWR1200R600E;84213100;IT;PT;10;EXW;11;3;;5,2;2;619;;IT10491230966;
INTRA-EX;202410;513881387;AC-MK7-MD;87089997;IT;PT;10;EXW;11;3;;0,4;2;87;;IT10491230966;
INTRA-EX;202410;513881387;R7437-9;85111000;IT;PT;10;EXW;11;3;;0,1;4;141;;IT03656931205;
INTRA-EX;202410;513881387;FMINT30;84198998;IT;PT;10;EXW;11;3;;13;1;424;;IT03656931205;
INTRA-EX;202410;513881387;VWR1210R600EG;84213100;NL;PT;10;EXW;11;3;;5,2;1;458;;NL866996473B01;
INTRA-EX;202410;513881387;IKR9J8;85111000;NL;PT;10;EXW;11;3;;0,4;4;38;;NL866996473B01;
INTRA-EX;202410;513881387;VWR160001;87089997;NL;PT;10;EXW;11;3;;0,4;1;86;;NL866996473B01;
INTRA-EX;202410;513881387;10.127.203K;84132000;NL;PT;10;EXW;11;3;;0,3;1;227;;NL866996473B01;
INTRA-EX;202410;513881387;VWR800001;58109210;NL;PT;10;EXW;11;3;;0,1;1;7;;NL866996473B01;
INTRA-EX;202410;513881387;U5014;84099100;NL;PT;10;EXW;11;3;;0,3;4;85;;NL002241494B08;
INTRA-EX;202410;513881387;AC-500-TB;87089997;NL;PT;10;EXW;11;3;;0,3;1;39;;NL002241494B08;
INTRA-EX;202410;513881387;EVE-F56-LCI-PL-INT;84213100;NL;PT;10;EXW;11;3;;4,8;1;714;;NL002241494B08;
INTRA-EX;202410;513881387;EVE-ST38Y-CF-INT;84213100;NL;PT;10;EXW;11;3;;7;1;1285;;NL866996473B01;
INTRA-EX;202410;513881387;CTS-EXH-DP-0019;87089235;NL;PT;10;EXW;11;3;;6;1;487;;NL002241494B08;
INTRA-EX;202410;513881387;AC-180-CPA;87089997;NL;PT;10;EXW;11;3;;0,5;1;29;;NL002241494B08;
INTRA-EX;202410;513881387;AC-MK7-FU-BK;87088055;NL;PT;10;EXW;11;3;;3;1;59;;NL002241494B08;
INTRA-EX;202410;513881387;AC-MK7-MD;87089997;NL;PT;10;EXW;11;3;;0,4;1;43;;NL002241494B08;
INTRA-EX;202410;513881387;AC-MK7-FU-RD;87088055;NL;PT;10;EXW;11;3;;3;1;59;;NL002241494B08;
INTRA-EX;202410;513881387;SVWC064;87089235;ES;PT;10;EXW;11;3;;10;1;292;;ES44719365M;
INTRA-EX;202410;513881387;VWR13G700RFK;87089997;ES;PT;10;EXW;11;3;;0,5;1;46;;ESB42954230;
INTRA-EX;202410;513881387;CTS-EXH-TP-0009;87089235;ES;PT;10;EXW;11;3;;4,5;1;412;;ESB42954230;
INTRA-EX;202410;513881387;VWR900001;85111000;ES;PT;10;EXW;11;3;;0,3;4;122;;ESB42954230;
INTRA-EX;202410;513881387;VWR12G7R600ITBLU;84213100;ES;PT;10;EXW;11;3;;0,8;1;76;;ESB42954230;
INTRA-EX;202410;513881387;AC-Z33-RL;87088055;ES;PT;10;EXW;11;3;;1;1;34;;ESB67084251;
INTRA-EX;202410;513881387;AC-MK7-CP;84099100;ES;PT;10;EXW;11;3;;0,3;4;71;;ESB67084251;
INTRA-EX;202410;513881387;SHDC015;87089235;ES;PT;10;EXW;11;3;;3,5;1;186;;ESB19296938;
INTRA-EX;202410;513881387;VWR13G700;84099100;ES;PT;10;EXW;11;3;;2,8;1;468;;ESB86420924;
INTRA-EX;202410;513881387;VWR493000;87084099;ES;PT;10;EXW;11;3;;0,1;1;131;;ES33558767L;
INTRA-EX;202410;513881387;R7437-9;85111000;ES;PT;10;EXW;11;3;;0,1;4;141;;ES33558767L;
INTRA-EX;202410;513881387;AC-BM-ODP;87089997;ES;PT;10;EXW;11;3;;0,1;3;25;;ESB67084251;
INTRA-EX;202410;513881387;AC-500-VRH-BK;40093100;ES;PT;10;EXW;11;3;;0,2;2;27;;ESB67084251;
INTRA-EX;202410;513881387;R7437-9;85111000;ES;PT;10;EXW;11;3;;0,1;4;141;;ES46587487K;
INTRA-EX;202410;513881387;R7438-9;84099100;ES;PT;10;EXW;11;3;;0,1;8;266;;ES46587487K;
INTRA-EX;202410;513881387;PF04;85444290;ES;PT;10;EXW;11;3;;0,2;1;159;;ES44534463T;
INTRA-EX;202410;513881387;"TTE340 1.8T";84099100;ES;PT;10;EXW;11;3;;9,3;1;1217;;ES44719365M;
INTRA-EX;202410;513881387;R7437-9;85111000;ES;PT;10;EXW;11;3;;0,1;4;141;;ES33558767L;
INTRA-EX;202410;513881387;SVWP054;87089235;ES;PT;10;EXW;11;3;;3,7;1;104;;ES38873546G;
INTRA-EX;202410;513881387;CTS-IT-105R;84213100;ES;PT;10;EXW;11;3;;5;1;224;;ES16610275C;
INTRA-EX;202410;513881387;CTS-TR-1000;87089997;ES;PT;10;EXW;11;3;;9,8;1;599;;ESB04855516;
INTRA-EX;202410;513881387;EVE-ST38Y-CF-INT;84213100;ES;PT;10;EXW;11;3;;7;1;1285;;ESB19296938;
INTRA-EX;202410;513881387;SFDX089;87089235;ES;PT;10;EXW;11;3;;4;1;432;;ESB19296938;
INTRA-EX;202410;513881387;EVE-TRB8V8S-FLG-STK;85111000;ES;PT;10;EXW;11;3;;0,2;1;35;;ESB88553946;
INTRA-EX;202410;513881387;VWR1200R600E;84213100;ES;PT;10;EXW;11;3;;5,2;1;309;;ESB88553946;
INTRA-EX;202410;513881387;BMF23Z;87088055;ES;PT;10;EXW;11;3;;5;1;136;;ES18062887K;
INTRA-EX;202410;513881387;BMR12Z;87088055;ES;PT;10;EXW;11;3;;2,1;1;122;;ES18062887K;
INTRA-EX;202410;513881387;SHYSP102;87089997;ES;PT;10;EXW;11;3;;2,6;1;119;;ES18062887K;
INTRA-EX;202410;513881387;5B5562H-STD;40091100;ES;PT;10;EXW;11;3;;0,2;1;73;;ESB37306727;
INTRA-EX;202410;513881387;AC-WS-BM-10-BT;87088099;ES;PT;10;EXW;11;3;;2,4;1;45;;ESB01796796;
INTRA-EX;202410;513881387;AC-MK7-FU-RD;87088055;ES;PT;10;EXW;11;3;;3;1;81;;QV999999999999;
INTRA-EX;202410;513881387;PK424;84213100;ES;PT;10;EXW;11;3;;4,6;1;327;;QV999999999999;
INTRA-EX;202410;513881387;ECA1576WB;84213100;ES;PT;10;EXW;11;3;;3;1;239;;ES18062887K;
INTRA-EX;202410;513881387;EVE-ST38V8S-CF-INT;84213100;FR;PT;10;EXW;11;3;;7,2;1;1285;;FR94827543661;
INTRA-EX;202410;513881387;EVE-TRB8V8S-FLG-STK;85111000;FR;PT;10;EXW;11;3;;0,2;1;35;;FR94827543661;
INTRA-EX;202410;513881387;EVE-TRB8V8S-LHD-NIL;85111000;FR;PT;10;EXW;11;3;;0,2;1;428;;FR94827543661;
INTRA-EX;202410;513881387;EVE-F4XB48-CF-INT;84213100;FR;PT;10;EXW;11;3;;3,7;1;928;;FR26750353237;
INTRA-EX;202410;513881387;ILZKBR7B8G;85111000;FR;PT;10;EXW;11;3;;0,1;8;63;;FR29825099401;
INTRA-EX;202410;513881387;EVE-F56-LCI-CF-INT;84213100;FR;PT;10;EXW;11;3;;4,9;1;1156;;FR94827543661;
INTRA-EX;202410;513881387;EVE-G8XMV2-CF-INT;84213100;FR;PT;10;EXW;11;3;;7,7;1;1987;;FR94827543661;
INTRA-EX;202410;513881387;9-421-1020;84133080;FR;PT;10;EXW;11;3;;0,5;1;122;;FR46821372117;
INTRA-EX;202410;513881387;CTS-HW-306;87089997;FR;PT;10;EXW;11;3;;0,9;1;67;;FR46821372117;
INTRA-EX;202410;513881387;A1000008;87089997;FR;PT;10;EXW;11;3;;0,1;1;12;;FR46821372117;
INTRA-EX;202410;513881387;VWR18G700;87089997;FR;PT;10;EXW;11;3;;4;1;420;;FR86889861761;
INTRA-EX;202410;513881387;VWR180001;84212300;FR;PT;10;EXW;11;3;;0,2;2;76;;FR86889861761;
INTRA-EX;202410;513881387;VWR13G700RFK;87089997;FR;PT;10;EXW;11;3;;0,5;1;46;;FR86889861761;
INTRA-EX;202410;513881387;VWR900001;85111000;FR;PT;10;EXW;11;3;;0,3;4;122;;FR86889861761;
INTRA-EX;202410;513881387;MMTS-GLF-15;90321020;FR;PT;10;EXW;11;3;;0,2;1;30;;FR86889861761;
INTRA-EX;202410;513881387;1K0253144AE;87089997;FR;PT;10;EXW;11;3;;1;2;12;;FR86889861761;
INTRA-EX;202410;513881387;1K0253144BD;40091100;FR;PT;10;EXW;11;3;;0,2;1;6;;FR86889861761;
INTRA-EX;202410;513881387;50003-MR45XLZ-4;87089997;FR;PT;10;EXW;11;3;;0,4;1;83;;QV999999999999;
INTRA-EX;202410;513881387;KSB633;87089997;FR;PT;10;EXW;11;3;;2,3;1;118;;QV999999999999;
INTRA-EX;202410;513881387;AC-200R-DP;87089235;FR;PT;10;EXW;11;3;;9,8;1;249;;QV999999999999;
INTRA-EX;202410;513881387;420121321;84099100;FR;PT;10;EXW;11;3;;0,1;1;29;;QV999999999999;
INTRA-EX;202410;513881387;VWR140012;87089199;FR;PT;10;EXW;11;3;;3;1;291;;QV999999999999;
INTRA-EX;202410;513881387;SES2300ICPWR;84213100;FR;PT;10;EXW;11;3;;2,6;1;329;;FR63903810612;
INTRA-EX;202410;513881387;TS-0203-1262;87089997;FR;PT;10;EXW;11;3;;0,4;1;153;;QV999999999999;
INTRA-EX;202410;513881387;VWR120001;87089997;FR;PT;10;EXW;11;3;;0,1;3;18;;QV999999999999;
INTRA-EX;202410;513881387;71008-AK001;84814090;FR;PT;10;EXW;11;3;;1;1;176;;QV999999999999;
INTRA-EX;202410;513881387;6-45-M54;84133080;FR;PT;10;EXW;11;3;;0,5;1;35;;QV999999999999;
INTRA-EX;202410;513881387;E10-35-016-09-22;73202081;FR;PT;10;EXW;11;3;;11,5;1;183;;QV999999999999;
INTRA-EX;202410;513881387;216CLSDWAOP-R;87089997;FR;PT;10;EXW;11;3;;0,4;1;73;;QV999999999999;
INTRA-EX;202410;513881387;30-3300;87089997;LV;PT;10;EXW;11;3;;4,9;1;430;;LV41202026839;
INTRA-EX;202410;513881387;UR-RE2-1107;87088055;SK;PT;10;EXW;11;3;;2,6;1;88;;QV999999999999;
INTRA-EX;202410;513881387;VWR12G7R601FO;84213100;LU;PT;10;EXW;11;3;;0,9;1;135;;LU28967670;
INTRA-EX;202410;513881387;STYS009;87089235;HR;PT;10;EXW;11;3;;19,8;1;647;;HR09842419742;
INTRA-EX;202410;513881387;STYC009;87089235;HR;PT;10;EXW;11;3;;10,7;1;461;;HR09842419742;
INTRA-EX;202410;513881387;9-307-1059;84133080;GR;PT;10;EXW;11;3;;0,5;2;299;;QV999999999999;
INTRA-EX;202410;513881387;AC-200-BT;90262020;GR;PT;10;EXW;11;3;;0,2;1;18;;GREL137646504;
INTRA-EX;202410;513881387;10.127.203K;84132000;GR;PT;10;EXW;11;3;;0,3;1;227;;GREL137646504;
INTRA-EX;202410;513881387;SP-201;32081090;GR;PT;10;EXW;11;3;;0,5;5;81;;GREL137646504;
INTRA-EX;202410;513881387;VWR900001;85111000;GR;PT;10;EXW;11;3;;0,3;4;122;;GREL137646504;
INTRA-EX;202410;513881387;10.127.100K;84132000;GR;PT;10;EXW;11;3;;0,3;1;227;;GREL137646504;
INTRA-EX;202410;513881387;VWR1200R601E;84213100;GR;PT;10;EXW;11;3;;5,2;1;338;;GREL137646504;
INTRA-EX;202410;513881387;VWR12G7R600ITINLET;87089997;GR;PT;10;EXW;11;3;;0,4;1;100;;GREL137646504;
INTRA-EX;202410;513881387;VWR12G7R600ITRED;84213100;GR;PT;10;EXW;11;3;;0,8;1;76;;GREL137646504;
INTRA-EX;202410;513881387;VWR160001;87089997;GR;PT;10;EXW;11;3;;0,4;1;86;;GREL137646504;
INTRA-EX;202410;513881387;10.127.1012K;84133080;BE;PT;10;EXW;11;3;;0,6;1;629;;BE0753629325;
INTRA-EX;202410;513881387;R7437-9-4;87089997;BE;PT;10;EXW;11;3;;0,2;1;166;;BE0753629325;
INTRA-EX;202410;513881387;10.127.101TK;87089997;BE;PT;10;EXW;11;3;;0,3;1;23;;BE0753629325;
INTRA-EX;202410;513881387;ARMAFDMSTG-A;84213100;BE;PT;10;EXW;11;3;;3,1;1;377;;BE0897334033;
INTRA-EX;202410;513881387;AC-18FW-DP;87089997;IT;PT;10;EXW;11;3;;7;1;140;;QV999999999999;
INTRA-EX;202410;513881387;VWR900001;85111000;IT;PT;10;EXW;11;3;;0,3;5;153;;IT12034500012;
INTRA-EX;202410;513881387;VWR810006;87089997;IT;PT;10;EXW;11;3;;1,5;1;200;;IT12034500012;
INTRA-EX;202410;513881387;VWR12G7R600ITBLA;84213100;IT;PT;10;EXW;11;3;;0,8;4;305;;IT12034500012;
INTRA-EX;202410;513881387;VWR12G7R600ITGREY;87089997;IT;PT;10;EXW;11;3;;0,9;2;152;;IT12034500012;
INTRA-EX;202410;513881387;VWR160001;87089997;IT;PT;10;EXW;11;3;;0,4;1;86;;IT12034500012;
INTRA-EX;202410;513881387;VWR12G7R600ITRED;84213100;IT;PT;10;EXW;11;3;;0,8;3;229;;IT12034500012;
INTRA-EX;202410;513881387;VWR12G7R600ITBLU;84213100;IT;PT;10;EXW;11;3;;0,8;3;229;;IT12034500012;
INTRA-EX;202410;513881387;VWR12G7R600ITINLET;87089997;IT;PT;10;EXW;11;3;;0,4;3;300;;IT12034500012;
INTRA-EX;202410;513881387;EVE-FK8-CF-INT;842131000;IT;PT;10;EXW;11;3;;5;1;1035;;IT03943631204;
INTRA-EX;202410;513881387;EVE-A35-CF-CHG;84213100;IT;PT;10;EXW;11;3;;2,2;1;535;;IT03943631204;
INTRA-EX;202410;513881387;EVE-A35-CF-INT;84213100;IT;PT;10;EXW;11;3;;4,2;1;928;;IT03943631204;
INTRA-EX;202410;513881387;EVE-M2C-CF-INT;84213100;IT;PT;10;EXW;11;3;;6;1;1485;;IT04146110160;
INTRA-EX;202410;513881387;VWR13G700;84099100;IT;PT;10;EXW;11;3;;2,8;2;936;;IT03813391202;
INTRA-EX;202410;513881387;VWR19G706;87089997;IT;PT;10;EXW;11;3;;0,4;2;106;;IT03813391202;
INTRA-EX;202410;513881387;VWR19G709;87089997;IT;PT;10;EXW;11;3;;0,5;2;122;;IT03813391202;
INTRA-EX;202410;513881387;VWR90000;85111000;IT;PT;10;EXW;11;3;;0,3;4;122;;IT03813391202;
INTRA-EX;202410;513881387;VWR900001;85111000;IT;PT;10;EXW;11;3;;0,3;12;367;;IT03813391202;
INTRA-EX;202410;513881387;MMRAD-WRX-01;87089135;IT;PT;10;EXW;11;3;;7,2;1;191;;IT03656931205;
INTRA-EX;202410;513881387;EVE-FLC;87084099;IT;PT;10;EXW;11;3;;0,6;1;21;;IT03656931205;
INTRA-EX;202410;513881387;PF04;85444290;IT;PT;10;EXW;11;3;;0,2;1;159;;IT03656931205;
INTRA-EX;202410;513881387;5w30;27101999;NL;PT;10;EXW;11;3;;1,9;4;116;;NL007460843B01;
INTRA-EX;202410;513881387;06D115562;84099100;NL;PT;10;EXW;11;3;;0,2;1;4;;NL007460843B01;
INTRA-EX;202410;513881387;AC-500-QS;87089997;NL;PT;10;EXW;11;3;;0,4;1;24;;NL866860666B01;
INTRA-EX;202410;513881387;MMTS-MB62-08L;90321020;NL;PT;10;EXW;11;3;;0,2;1;35;;NL866860666B01;
INTRA-EX;202410;513881387;AC-204-FU;87088055;NL;PT;10;EXW;11;3;;3,3;1;74;;NL866860666B01;
INTRA-EX;202410;513881387;ARMABZA450S-A;84213100;NL;PT;10;EXW;11;3;;2,6;1;464;;NL866860666B01;
INTRA-EX;202410;513881387;AC-200-QS;87089997;NL;PT;10;EXW;11;3;;0,5;1;49;;NL866860666B01;
INTRA-EX;202410;513881387;VWR900002;85111000;NL;PT;10;EXW;11;3;;0,3;4;122;;NL866996473B01;
INTRA-EX;202410;513881387;VWR180004;87089997;NL;PT;10;EXW;11;3;;0,1;2;53;;NL866996473B01;
INTRA-EX;202410;513881387;VWR12G7R600ITINLET;87089997;NL;PT;10;EXW;11;3;;0,4;1;100;;NL866996473B01;
INTRA-EX;202410;513881387;VWR900001;85111000;NL;PT;10;EXW;11;3;;0,3;4;122;;NL866996473B01;
INTRA-EX;202410;513881387;VWR810000;87089997;NL;PT;10;EXW;11;3;;0,2;1;17;;NL866996473B01;
INTRA-EX;202410;513881387;VWR120003;87089997;NL;PT;10;EXW;11;3;;1,3;1;178;;NL866996473B01;
INTRA-EX;202410;513881387;VWR17G7R600;40091100;NL;PT;10;EXW;11;3;;0,2;2;76;;NL866996473B01;
INTRA-EX;202410;513881387;VWR810002;87089997;NL;PT;10;EXW;11;3;;0,5;1;56;;NL866996473B01;
INTRA-EX;202410;513881387;VWR160001;87089997;NL;PT;10;EXW;11;3;;0,4;1;86;;NL866996473B01;
INTRA-EX;202410;513881387;SILZKGR8C8S;85111000;NL;PT;10;EXW;11;3;;0,1;8;120;;NL866996473B01;
INTRA-EX;202410;513881387;SILZKGR8B8S;85111000;NL;PT;10;EXW;11;3;;0,1;5;42;;NL866996473B01;
INTRA-EX;202410;513881387;GSJ78-91AS2;87089997;ES;PT;10;EXW;11;3;;24;1;660;;ES70917434Q;
INTRA-EX;202410;513881387;AC-200-CAN-BK;40093100;ES;PT;10;EXW;11;3;;0,3;1;28;;QV999999999999;
INTRA-EX;202410;513881387;TFSI3xx-BK;48211010;ES;PT;10;EXW;11;3;;0,1;1;3;;QV999999999999;
INTRA-EX;202410;513881387;SSTS011C;87089235;ES;PT;10;EXW;11;3;;19,2;1;988;;ESB90283060;
INTRA-EX;202410;513881387;SCNC014;87089235;ES;PT;10;EXW;11;3;;2,4;1;140;;QV999999999999;
INTRA-EX;202410;513881387;1J0253115A;84099100;ES;PT;10;EXW;11;3;;0,1;2;6;;QV999999999999;
INTRA-EX;202410;513881387;AC-250-IP;84198998;ES;PT;10;EXW;11;3;;1,9;1;119;;QV999999999999;
INTRA-EX;202410;513881387;VWR180000;87089997;ES;PT;10;EXW;11;3;;0,1;1;13;;QV999999999999;
INTRA-EX;202410;513881387;06J103600AFKIT;84099100;ES;PT;10;EXW;11;3;;2,5;1;49;;QV999999999999;
INTRA-EX;202410;513881387;AC-200-PP;84198998;ES;PT;10;EXW;11;3;;0,5;1;81;;QV999999999999;
INTRA-EX;202410;513881387;1K0253144BD;40091100;ES;PT;10;EXW;11;3;;0,2;1;9;;QV999999999999;
INTRA-EX;202410;513881387;FMDV008-BK;84814090;ES;PT;10;EXW;11;3;;0,5;1;133;;QV999999999999;
INTRA-EX;202410;513881387;06K103484F;87089997;ES;PT;10;EXW;11;3;;0,1;1;6;;QV999999999999;
INTRA-EX;202410;513881387;216CLSDWABO-R;87089997;ES;PT;10;EXW;11;3;;0,4;1;59;;QV999999999999;
INTRA-EX;202410;513881387;EVO1105;84213100;ES;PT;10;EXW;11;3;;5,6;1;320;;ESB42771618;
INTRA-EX;202410;513881387;L3P3VGT7;87089997;ES;PT;10;EXW;11;3;;1;1;320;;QV999999999999;
INTRA-EX;202410;513881387;AC-200-CH-RD;40093100;ES;PT;10;EXW;11;3;;1;1;122;;QV999999999999;
INTRA-EX;202410;513881387;MMRAD-MAC-06;87089135;ES;PT;10;EXW;11;3;;8,3;1;277;;QV999999999999;
INTRA-EX;202410;513881387;FMTUBL6;87089997;ES;PT;10;EXW;11;3;;0,6;1;177;;QV999999999999;
INTRA-EX;202410;513881387;KLC150;87088035;ES;PT;10;EXW;11;3;;1;1;120;;ESB93292621;
INTRA-EX;202410;513881387;FMVWQS;87089997;ES;PT;10;EXW;11;3;;0,7;1;107;;QV999999999999;
INTRA-EX;202410;513881387;ES-315086;87089997;ES;PT;10;EXW;11;3;;1,1;1;53;;QV999999999999;
INTRA-EX;202410;513881387;ES-311366;87089997;ES;PT;10;EXW;11;3;;1,3;1;68;;QV999999999999;
INTRA-EX;202410;513881387;BPR8EIX-4;85111000;ES;PT;10;EXW;11;3;;0,2;1;41;;ES71676122a;
INTRA-EX;202410;513881387;L3P3VGT5;87089997;ES;PT;10;EXW;11;3;;0,3;1;320;;QV999999999999;
INTRA-EX;202410;513881387;SILZKBR8D8S-6;84099100;ES;PT;10;EXW;11;3;;0,2;1;65;;QV999999999999;
INTRA-EX;202410;513881387;ILZKBR7B8G-4;87089997;ES;PT;10;EXW;11;3;;0,2;1;36;;QV999999999999;
INTRA-EX;202410;513881387;CTS-HW-360;40091100;ES;PT;10;EXW;11;3;;1,4;1;249;;ESB96140132;
INTRA-EX;202410;513881387;ARMAHDATYR-A;84213100;ES;PT;10;EXW;11;3;;3,8;1;715;;ESB86420924;
INTRA-EX;202410;513881387;SAUC089;87089235;ES;PT;10;EXW;11;3;;9,8;1;539;;ESB67497925;
INTRA-EX;202410;513881387;MMRAD-EVO-01;87089135;ES;PT;10;EXW;11;3;;7,8;1;205;;ESB86420924;
INTRA-EX;202410;513881387;SMNC018;87089235;ES;PT;10;EXW;11;3;;5,6;1;247;;ES28841101K;
INTRA-EX;202410;513881387;VWR12P2GTG;84213100;ES;PT;10;EXW;11;3;;2,1;1;444;;ESB42954230;
INTRA-EX;202410;513881387;VWR12G7R600ITINLET;87089997;ES;PT;10;EXW;11;3;;0,4;1;100;;ESB42954230;
INTRA-EX;202410;513881387;VWR12G614;84213100;ES;PT;10;EXW;11;3;;1,8;1;237;;ESB42954230;
INTRA-EX;202410;513881387;SFDC071;87089997;ES;PT;10;EXW;11;3;;5,5;1;231;;ESB86420924;
INTRA-EX;202410;513881387;10.127.100K;84132000;ES;PT;10;EXW;11;3;;0,3;1;227;;ESB86420924;
INTRA-EX;202410;513881387;MMHOSE-SUB-IHBL;40093100;ES;PT;10;EXW;11;3;;1,3;1;177;;ESB86420924;
INTRA-EX;202410;513881387;KLC167A;87088055;ES;PT;10;EXW;11;3;;1,4;1;85;;ESB19781145;
INTRA-EX;202410;513881387;AC-N14-IND-BK;87089997;FR;PT;10;EXW;11;3;;1,2;1;59;;QV999999999999;
INTRA-EX;202410;513881387;SAU0431-4P-RD;87083091;FR;PT;10;EXW;11;3;;0,5;1;78;;QV999999999999;
INTRA-EX;202410;513881387;R7437-9-5;85111000;FR;PT;10;EXW;11;3;;0,3;1;208;;QV999999999999;
INTRA-EX;202410;513881387;KLC202;87088035;FR;PT;10;EXW;11;3;;1;1;121;;QV999999999999;
INTRA-EX;202410;513881387;KLC167A;87088055;FR;PT;10;EXW;11;3;;1,4;1;121;;QV999999999999;
INTRA-EX;202410;513881387;VWR12G7R601FO;84213100;FR;PT;10;EXW;11;3;;0,9;1;135;;QV999999999999;
INTRA-EX;202410;513881387;IZKR7B-6;85111000;FR;PT;10;EXW;11;3;;0,2;1;58;;QV999999999999;
INTRA-EX;202410;513881387;022905715B-6;84099100;FR;PT;10;EXW;11;3;;1,4;1;162;;QV999999999999;
INTRA-EX;202410;513881387;1K1819653B;84099100;FR;PT;10;EXW;11;3;;0,5;1;8;;QV999999999999;
INTRA-EX;202410;513881387;ACCLAMP3;96072090;FR;PT;10;EXW;11;3;;0,2;2;9;;QV999999999999;
INTRA-EX;202410;513881387;06F103483E;87089235;FR;PT;10;EXW;11;3;;0,1;1;8;;QV999999999999;
INTRA-EX;202410;513881387;E20-85-003-01-22;73202081;FR;PT;10;EXW;11;3;;9,3;1;122;;QV999999999999;
INTRA-EX;202410;513881387;PX1746;84213100;FR;PT;10;EXW;11;3;;0,7;1;52;;QV999999999999;
INTRA-EX;202410;513881387;TS-0203-1263;87089235;FR;PT;10;EXW;11;3;;0,4;1;193;;QV999999999999;
INTRA-EX;202410;513881387;NSH12;87088035;FR;PT;10;EXW;11;3;;3;1;98;;QV999999999999;
INTRA-EX;202410;513881387;ES-351301;87089997;FR;PT;10;EXW;11;3;;1,3;1;69;;QV999999999999;
INTRA-EX;202410;513881387;ES-355270;87089997;FR;PT;10;EXW;11;3;;1;1;53;;QV999999999999;
INTRA-EX;202410;513881387;U5055-6;84099100;FR;PT;10;EXW;11;3;;1,5;1;132;;QV999999999999;
INTRA-EX;202410;513881387;SILZKBR8D8S-6;84099100;FR;PT;10;EXW;11;3;;0,2;1;66;;QV999999999999;
INTRA-EX;202410;513881387;RF100027;84099100;FR;PT;10;EXW;11;3;;0,7;1;44;;QV999999999999;
INTRA-EX;202410;513881387;AC-45-IT;84213100;FR;PT;10;EXW;11;3;;1,5;1;157;;QV999999999999;
INTRA-EX;202410;513881387;1928404687;84099100;FR;PT;10;EXW;11;3;;0,2;1;43;;QV999999999999;
INTRA-EX;202410;513881387;AC-MK7-DI.A;87089997;FR;PT;10;EXW;11;3;;0,1;1;32;;QV999999999999;
INTRA-EX;202410;513881387;AC-MK7-CL;87088055;FR;PT;10;EXW;11;3;;1,3;1;74;;QV999999999999;
INTRA-EX;202410;513881387;AC-MK7-RL;87088055;FR;PT;10;EXW;11;3;;0,5;1;59;;QV999999999999;
INTRA-EX;202410;513881387;DILKAR7C9H-4;85111000;FR;PT;10;EXW;11;3;;0,2;1;52;;QV999999999999;
INTRA-EX;202410;513881387;204-4302;87089997;FR;PT;10;EXW;11;3;;1,8;1;189;;QV999999999999;
INTRA-EX;202410;513881387;AC-UNI-WD;87089997;FR;PT;10;EXW;11;3;;0,2;1;13;;QV999999999999;
INTRA-EX;202410;513881387;CTS-SIL-0070;40091100;FR;PT;10;EXW;11;3;;0,7;1;71;;QV999999999999;
INTRA-EX;202410;513881387;CTS-IT-285;40091100;FR;PT;10;EXW;11;3;;0,3;1;83;;QV999999999999;
INTRA-EX;202410;513881387;PPF-3129;84213100;FR;PT;10;EXW;11;3;;0,4;1;43;;QV999999999999;
INTRA-EX;202410;513881387;SBW1171-4P-BK;87083091;FR;PT;10;EXW;11;3;;0,5;1;81;;FR37800373748;
INTRA-EX;202410;513881387;CTS-IT-300R;84213100;FR;PT;10;EXW;11;3;;4,1;1;273;;QV999999999999;
INTRA-EX;202410;513881387;E10-30-013-01-22;73202081;FR;PT;10;EXW;11;3;;9,4;1;152;;QV999999999999;
INTRA-EX;202410;513881387;1K0121407A;87089997;FR;PT;10;EXW;11;3;;0,8;1;9;;QV999999999999;
INTRA-EX;202410;513881387;FMCCHMK5-RD;40093100;FR;PT;10;EXW;11;3;;0,2;1;43;;QV999999999999;
INTRA-EX;202410;513881387;AC-200-FD;87089997;FR;PT;10;EXW;11;3;;0,5;1;48;;QV999999999999;
INTRA-EX;202410;513881387;KLC150;87088035;FR;PT;10;EXW;11;3;;1;1;121;;QV999999999999;
INTRA-EX;202410;513881387;SSTP011;87089235;FR;PT;10;EXW;11;3;;8;1;124;;QV999999999999;
INTRA-EX;202410;513881387;U5096-4;84099100;FR;PT;10;EXW;11;3;;1,2;1;106;;QV999999999999;
INTRA-EX;202410;513881387;IKR9J8-4;87089997;FR;PT;10;EXW;11;3;;0,2;1;44;;QV999999999999;
INTRA-EX;202410;513881387;E10-20-040-03-22;87088035;FR;PT;10;EXW;11;3;;13;1;270;;QV999999999999;
INTRA-EX;202410;513881387;CTS-IT-825;84213100;FR;PT;10;EXW;11;3;;3,8;1;315;;QV999999999999;
INTRA-EX;202410;513881387;SILZKFR8D7S-4;85111000;FR;PT;10;EXW;11;3;;0,2;1;34;;QV999999999999;
INTRA-EX;202410;513881387;CTS-HW-0133;84099100;FR;PT;10;EXW;11;3;;0,5;1;135;;QV999999999999;
INTRA-EX;202410;513881387;PF04;85444290;SK;PT;10;EXW;11;3;;0,2;1;206;;QV999999999999;
INTRA-EX;202410;513881387;MMODP-12125B;87089997;GR;PT;10;EXW;11;3;;0,1;1;9;;GREL156587530;
INTRA-EX;202410;513881387;6-FPD-8AN;84133080;GR;PT;10;EXW;11;3;;0,2;1;51;;GREL156587530;
INTRA-EX;202410;513881387;MMTS-240-89KA;90321020;GR;PT;10;EXW;11;3;;0,1;1;35;;GREL156587530;
INTRA-EX;202410;513881387;AC-45-IC;84198998;GR;PT;10;EXW;11;3;;7,5;1;324;;GREL115989483;
INTRA-EX;202410;513881387;mmai-cla45-14bk;84213100;GR;PT;10;EXW;11;3;;3,8;1;255;;GREL115989483;
INTRA-EX;202410;513881387;AC-45-TB;84198998;GR;PT;10;EXW;11;3;;0,3;2;139;;GREL115989483;
INTRA-EX;202410;513881387;CTS-IT-250;84213100;DE;PT;10;EXW;11;3;;6,6;1;284;;DE181881308;
INTRA-EX;202410;513881387;VWR1200R600E;84213100;DE;PT;10;EXW;11;3;;5,2;2;619;;DE181881308;
INTRA-EX;202410;513881387;E40-15-023-01-11;87088035;PL;PT;10;EXW;11;3;;9,4;1;370;;QV999999999999;
INTRA-EX;202410;513881387;EUPD6002211R;84133020;BE;PT;10;EXW;11;3;;1,8;1;787;;BE0740963105;
INTRA-EX;202410;513881387;VWR420000;87089997;IT;PT;10;EXW;11;3;;2;1;159;;IT03656931205;
INTRA-EX;202410;513881387;KCA472;87088035;IT;PT;10;EXW;11;3;;2;1;136;;IT03656931205;
INTRA-EX;202410;513881387;VWR520000;87089997;IT;PT;10;EXW;11;3;;0,7;1;133;;IT03656931205;
INTRA-EX;202410;513881387;EVE-A35-CF-CHG;84213100;IT;PT;10;EXW;11;3;;2,2;1;535;;IT02710790060;
INTRA-EX;202410;513881387;EVE-A35-CF-INT;84213100;IT;PT;10;EXW;11;3;;4,2;1;928;;IT02710790060;
INTRA-EX;202410;513881387;CI100039-B;40091100;NL;PT;10;EXW;11;3;;1,7;1;132;;NL866860666B01;
INTRA-EX;202410;513881387;CTS-IT-285;40091100;NL;PT;10;EXW;11;3;;0,3;1;59;;NL866860666B01;
INTRA-EX;202410;513881387;216BFWGBOSM;90262020;NL;PT;10;EXW;11;3;;0,3;1;21;;NL866860666B01;
INTRA-EX;202410;513881387;VWR810000;87089997;NL;PT;10;EXW;11;3;;0,2;1;17;;NL866860666B01;
INTRA-EX;202410;513881387;ATINTFO20;87089997;ES;PT;10;EXW;11;3;;10,5;1;355;;QV999999999999;
INTRA-EX;202410;513881387;DBA3659S-2;87089997;ES;PT;10;EXW;11;3;;8,5;1;212;;QV999999999999;
INTRA-EX;202410;513881387;FMINDK28RC;84213100;ES;PT;10;EXW;11;3;;1;1;81;;QV999999999999;
INTRA-EX;202410;513881387;MMHP-ASHB-2424;87089997;ES;PT;10;EXW;11;3;;0,3;1;29;;QV999999999999;
INTRA-EX;202410;513881387;BKR7EIX-4;84099100;ES;PT;10;EXW;11;3;;0,5;1;40;;QV999999999999;
INTRA-EX;202410;513881387;058129717D;87089997;ES;PT;10;EXW;11;3;;0,1;1;3;;QV999999999999;
INTRA-EX;202410;513881387;058198025A;87089997;ES;PT;10;EXW;11;3;;0,3;1;8;;QV999999999999;
INTRA-EX;202410;513881387;058253039L;87089997;ES;PT;10;EXW;11;3;;0,1;1;5;;QV999999999999;
INTRA-EX;202410;513881387;CTS-IT-256;40091100;ES;PT;10;EXW;11;3;;2,3;1;178;;QV999999999999;
INTRA-EX;202410;513881387;26052-CLU-BK;87083091;ES;PT;10;EXW;11;3;;0,3;1;17;;QV999999999999;
INTRA-EX;202410;513881387;SSE0427-4P-BK;87083091;ES;PT;10;EXW;11;3;;0,5;1;77;;ESB67497925;
INTRA-EX;202410;513881387;MMTS-GTI-99;90321020;ES;PT;10;EXW;11;3;;0,1;1;47;;QV999999999999;
INTRA-EX;202410;513881387;AC-200-OSA;87089997;ES;PT;10;EXW;11;3;;0,2;1;27;;QV999999999999;
INTRA-EX;202410;513881387;216VWBWEOP270;90269000;ES;PT;10;EXW;11;3;;0,3;1;70;;QV999999999999;
INTRA-EX;202410;513881387;VWR120000;84213100;ES;PT;10;EXW;11;3;;1;1;26;;QV999999999999;
INTRA-EX;202410;513881387;R7437-9-4;87089997;ES;PT;10;EXW;11;3;;0,2;1;165;;QV999999999999;
INTRA-EX;202410;513881387;SSU8003-4P-BK;87083091;ES;PT;10;EXW;11;3;;0,5;1;77;;QV999999999999;
INTRA-EX;202410;513881387;613182.654150;87089997;ES;PT;10;EXW;11;3;;0,5;1;62;;QV999999999999;
INTRA-EX;202410;513881387;VWR143000;87089997;ES;PT;10;EXW;11;3;;15;1;728;;ES71155708X;
INTRA-EX;202410;513881387;SMNX014;84099100;ES;PT;10;EXW;11;3;;8,7;1;513;;ES28841101K;
INTRA-EX;202410;513881387;MMHOSE-E46-99BK;40091100;ES;PT;10;EXW;11;3;;0,6;2;89;;ESB09771205;
INTRA-EX;202410;513881387;MMRAD-E46-323;87089997;ES;PT;10;EXW;11;3;;7,2;1;213;;ESB09771205;
INTRA-EX;202410;513881387;ARMABZA250S;84213100;ES;PT;10;EXW;11;3;;5,9;1;700;;ESB86420924;
INTRA-EX;202410;513881387;VWR13G700-SERV;87089997;ES;PT;10;EXW;11;3;;0,1;1;21;;ESB42954230;
INTRA-EX;202410;513881387;SFDP091;87089235;ES;PT;10;EXW;11;3;;4;1;88;;ESB42954230;
INTRA-EX;202410;513881387;AC-MK7-MD;87089997;ES;PT;10;EXW;11;3;;0,4;2;87;;ESB42954230;
INTRA-EX;202410;513881387;VWR17G8R600;84213100;ES;PT;10;EXW;11;3;;0,2;1;38;;ESB42954230;
INTRA-EX;202410;513881387;VWR17G7R600;40091100;ES;PT;10;EXW;11;3;;0,2;1;38;;ESB42954230;
INTRA-EX;202410;513881387;VWR12G7R600ITINLET;87089997;ES;PT;10;EXW;11;3;;0,4;2;200;;ESB42954230;
INTRA-EX;202410;513881387;MMRAD-E36-92;87089135;ES;PT;10;EXW;11;3;;6,7;1;169;;ES18062887K;
INTRA-EX;202410;513881387;SVWC043;87089235;ES;PT;10;EXW;11;3;;8,6;1;269;;ESB19296938;
INTRA-EX;202410;513881387;UR-TW2-071;87088055;ES;PT;10;EXW;11;3;;2;1;60;;ESB44942472;
INTRA-EX;202410;513881387;UR-RE2-072;87088055;ES;PT;10;EXW;11;3;;2,5;1;75;;ESB44942472;
INTRA-EX;202410;513881387;VWR90000;85111000;ES;PT;10;EXW;11;3;;0,3;1;30;;ES33558767L;
INTRA-EX;202410;513881387;VWR69000BF1;87089997;ES;PT;10;EXW;11;3;;0,6;4;45;;ES33558767L;
INTRA-EX;202410;513881387;L3P3VGR8;87089997;ES;PT;10;EXW;11;3;;0,3;1;252;;ES33558767L;
INTRA-EX;202410;513881387;FMAM-B2;84073410;FR;PT;10;EXW;11;3;;0,2;1;49;;QV999999999999;
INTRA-EX;202410;513881387;KLC205;87089997;FR;PT;10;EXW;11;3;;1,2;1;121;;QV999999999999;
INTRA-EX;202410;513881387;KLC139;87088035;FR;PT;10;EXW;11;3;;0,7;1;125;;QV999999999999;
INTRA-EX;202410;513881387;06J103600AFKIT;84099100;FR;PT;10;EXW;11;3;;2,5;1;49;;QV999999999999;
INTRA-EX;202410;513881387;SILZKGR8B8S-4;84099100;FR;PT;10;EXW;11;3;;0,2;1;39;;QV999999999999;
INTRA-EX;202410;513881387;JSK-101-DD;84213100;FR;PT;10;EXW;11;3;;4,4;1;249;;FR31984538140;
INTRA-EX;202410;513881387;WKE259M775;87082910;FR;PT;10;EXW;11;3;;1,9;1;579;;FR45897991576;
INTRA-EX;202410;513881387;CTS-HW-306;87089997;FR;PT;10;EXW;11;3;;0,9;1;83;;FR90910847292;
INTRA-EX;202410;513881387;U5055-6;84099100;FR;PT;10;EXW;11;3;;1,5;1;132;;QV999999999999;
INTRA-EX;202410;513881387;SILZKBR8D8S-6;84099100;FR;PT;10;EXW;11;3;;0,2;1;66;;QV999999999999;
INTRA-EX;202410;513881387;SAUC093;87089235;FR;PT;10;EXW;11;3;;11,5;1;444;;FR90910847292;
INTRA-EX;202410;513881387;U5055-6;84099100;FR;PT;10;EXW;11;3;;1,5;1;132;;QV999999999999;
INTRA-EX;202410;513881387;DCPR8EKP-6;85111000;FR;PT;10;EXW;11;3;;0,2;1;68;;QV999999999999;
INTRA-EX;202410;513881387;S90-2-15-020-BT;87087050;FR;PT;10;EXW;11;3;;1,8;2;175;;QV999999999999;
INTRA-EX;202410;513881387;MST-TY-SUP02;84213100;FR;PT;10;EXW;11;3;;1;1;93;;QV999999999999;
INTRA-EX;202410;513881387;VWR1200R600E;84213100;FR;PT;10;EXW;11;3;;5,2;5;1547;;FR82530667591;
INTRA-EX;202410;513881387;EVE-FLC;87084099;FR;PT;10;EXW;11;3;;0,6;1;21;;FR82530667591;
INTRA-EX;202410;513881387;DILKAR8A8-6;85111000;HU;PT;10;EXW;11;3;;0,3;1;144;;HU10641639;
INTRA-EX;202410;513881387;KCA402;87088055;HU;PT;10;EXW;11;3;;0,9;1;238;;HU10641639;
INTRA-EX;202410;513881387;ATINTFT3-RD-AUTO;87089199;GR;PT;10;EXW;11;3;;15,5;1;536;;GREL801563540;
INTRA-EX;202410;513881387;VWR436001;87141030;GR;PT;10;EXW;11;3;;1;1;101;;GREL102911918;
INTRA-EX;202410;513881387;CTS-IT-270R;84213100;GR;PT;10;EXW;11;3;;4,3;1;247;;GREL137646504;
INTRA-EX;202410;513881387;CTS-EXH-DP-0015;87089235;GR;PT;10;EXW;11;3;;8;1;374;;GREL137646504;
INTRA-EX;202410;513881387;CI100037;84213100;GR;PT;10;EXW;11;3;;2,4;1;375;;GREL156587530;
INTRA-EX;202410;513881387;EVE-661-G2-FTR;84213100;DE;PT;10;EXW;11;3;;0,6;1;63;;DE304909612;
INTRA-EX;202410;513881387;EVE-G8XM-CF-ENG;84213100;PL;PT;10;EXW;11;3;;4,2;1;675;;PL8141683531;
INTRA-EX;202410;513881387;EVE-G8XMV2-CF-INT;84213100;PL;PT;10;EXW;11;3;;7,7;2;3975;;PL8141683531;
INTRA-EX;202410;513881387;PPF-1826;84213100;BE;PT;10;EXW;11;3;;1;1;42;;QV999999999999;
INTRA-EX;202410;513881387;SILFER8C7ES-5;85111000;BE;PT;10;EXW;11;3;;0,3;1;57;;QV999999999999;
INTRA-EX;202410;513881387;06D115562;84099100;BE;PT;10;EXW;11;3;;0,2;1;4;;QV999999999999;
INTRA-EX;202410;513881387;SMA0101-4P-BK;87083091;BE;PT;10;EXW;11;3;;0,5;1;101;;QV999999999999;
INTRA-EX;202410;513881387;AC-MK7-MD;87089997;BE;PT;10;EXW;11;3;;0,4;1;65;;QV999999999999;
INTRA-EX;202410;513881387;SBW0261-4P-BK;87083091;BE;PT;10;EXW;11;3;;0,5;1;84;;BE0740963105;
INTRA-EX;202410;513881387;EVE-F9XM5M8-CF-INT;84213100;BE;PT;10;EXW;11;3;;6;1;1571;;BE0789537438;
INTRA-EX;202410;513881387;EVE-F9XM5M8-CHG;84212300;BE;PT;10;EXW;11;3;;1,2;1;472;;BE0789537438;
INTRA-EX;202410;513881387;MMOC-F10-12SL;87089997;BE;PT;10;EXW;11;3;;5,5;1;467;;BE0789537438;
INTRA-EX;202410;513881387;VWR1210R600EG;84213100;BE;PT;10;EXW;11;3;;5,2;1;458;;BE0789537438;
INTRA-EX;202410;513881387;VWR1200R600E;84213100;BE;PT;10;EXW;11;3;;5,2;5;1547;;BE0789537438;
INTRA-EX;202410;513881387;EVE-ST38V8S-CF-INT;84213100;BE;PT;10;EXW;11;3;;7,2;1;1285;;BE0789537438;
INTRA-EX;202410;513881387;KCA416;87141030;IT;PT;10;EXW;11;3;;0,6;1;31;;QV999999999999;
INTRA-EX;202410;513881387;VWR120003;87089997;IT;PT;10;EXW;11;3;;1,3;2;357;;IT03943631204;
INTRA-EX;202410;513881387;CI100052;84213100;IT;PT;10;EXW;11;3;;4,5;2;500;;IT03943631204;
INTRA-EX;202410;513881387;EUPD4002112R;84099100;IT;PT;10;EXW;11;3;;1,4;3;1641;;IT03943631204;
INTRA-EX;202410;513881387;CI100052-A;84213100;IT;PT;10;EXW;11;3;;1,7;2;167;;IT03943631204;
INTRA-EX;202410;513881387;10.127.203K;84132000;IT;PT;10;EXW;11;3;;0,3;5;1137;;IT03943631204;
INTRA-EX;202410;513881387;AC-MK7-HPFP;87089997;IT;PT;10;EXW;11;3;;1,6;1;335;;IT02710790060;
INTRA-EX;202410;513881387;VWR12P1GTIS38;40091100;IT;PT;10;EXW;11;3;;1,2;1;202;;IT03813391202;
INTRA-EX;202410;513881387;AC-MK7-MD;87089997;IT;PT;10;EXW;11;3;;0,4;1;43;;IT03813391202;
INTRA-EX;202410;513881387;EVE-C7RS6-CF-INT;84213100;IT;PT;10;EXW;11;3;;6;1;1678;;IT12034500012;
INTRA-EX;202410;513881387;VWR120003;87089997;IT;PT;10;EXW;11;3;;1,3;1;178;;IT12034500012;
INTRA-EX;202410;513881387;VWR12G7R600ITBLA;84213100;IT;PT;10;EXW;11;3;;0,8;1;76;;IT12034500012;
INTRA-EX;202410;513881387;VWR12G7R600ITRED;84213100;IT;PT;10;EXW;11;3;;0,8;1;76;;IT12034500012;
INTRA-EX;202410;513881387;VWR12G7R600ITINLET;87089997;IT;PT;10;EXW;11;3;;0,4;1;100;;IT12034500012;
INTRA-EX;202410;513881387;VWR17G7R600;40091100;IT;PT;10;EXW;11;3;;0,2;1;38;;IT12034500012;
INTRA-EX;202410;513881387;VWR160001;87089997;IT;PT;10;EXW;11;3;;0,4;1;86;;IT12034500012;
INTRA-EX;202410;513881387;FR-0059;84213100;IT;PT;10;EXW;11;3;;4,4;1;587;;IT02710790060;
INTRA-EX;202410;513881387;PF05;90262020;IT;PT;10;EXW;11;3;;0,2;1;170;;IT14481871003;
INTRA-EX;202410;513881387;SMNC010;87089235;IT;PT;10;EXW;11;3;;5,6;1;231;;IT04146110160;
INTRA-EX;202410;513881387;EVE-E39-INT;84213100;NL;PT;10;EXW;11;3;;5,7;1;928;;NL866860666B01;
INTRA-EX;202410;513881387;AC-200-CP;84099100;NL;PT;10;EXW;11;3;;0,3;1;13;;NL866860666B01;
INTRA-EX;202410;513881387;MMHOSE-FOST-13BK;40091100;NL;PT;10;EXW;11;3;;1,1;1;70;;NL866860666B01;
INTRA-EX;202410;513881387;L3P3BE8X;;NL;PT;10;EXW;11;3;;0,1;1;252;;NL866860666B01;
INTRA-EX;202410;513881387;VWR1130RS;84213100;NL;PT;10;EXW;11;3;;0,4;1;52;;NL866996473B01;
INTRA-EX;202410;513881387;VWR180002;87089997;NL;PT;10;EXW;11;3;;0,1;1;21;;NL866996473B01;
INTRA-EX;202410;513881387;VWR810000;87089997;NL;PT;10;EXW;11;3;;0,2;1;17;;NL866996473B01;
INTRA-EX;202410;513881387;VWR800001;58109210;NL;PT;10;EXW;11;3;;0,1;1;7;;NL866996473B01;
INTRA-EX;202410;513881387;VWR180003;87089997;NL;PT;10;EXW;11;3;;0,1;2;42;;NL866996473B01;
INTRA-EX;202410;513881387;BKR7EIX;85111000;NL;PT;10;EXW;11;3;;0,1;8;68;;NL866996473B01;
INTRA-EX;202410;513881387;LTR7IX-11;85111000;NL;PT;10;EXW;11;3;;0,2;3;22;;NL866996473B01;
INTRA-EX;202410;513881387;BKR8EIX;85111000;NL;PT;10;EXW;11;3;;0,1;12;106;;NL866996473B01;
INTRA-EX;202410;513881387;EVE-C8RS6-CF-ENG;84213100;NL;PT;10;EXW;11;3;;3,3;1;472;;NL866860666B01;
INTRA-EX;202410;513881387;AC-B82-DP;87089235;NL;PT;10;EXW;11;3;;3,9;1;73;;NL866860666B01;
INTRA-EX;202410;513881387;10.127.100K;84132000;ES;PT;10;EXW;11;3;;0,3;1;314;;ES54163633j;
INTRA-EX;202410;513881387;KLC141;87088055;ES;PT;10;EXW;11;3;;1;1;120;;QV999999999999;
INTRA-EX;202410;513881387;R7437-9-4;87089997;ES;PT;10;EXW;11;3;;0,2;1;165;;QV999999999999;
INTRA-EX;202410;513881387;STY0014-4P-BK;87083091;ES;PT;10;EXW;11;3;;0,5;2;155;;ES16610275C;
INTRA-EX;202410;513881387;11002BK;87089997;ES;PT;10;EXW;11;3;;0,7;2;49;;ES33558767L;
INTRA-EX;202410;513881387;SSE0250-4P-BK;87083091;ES;PT;10;EXW;11;3;;0,5;1;78;;ES33558767L;
INTRA-EX;202410;513881387;SVW0630-4P-RD;87083091;ES;PT;10;EXW;11;3;;0,5;1;77;;ES33558767L;
INTRA-EX;202410;513881387;5W40;27101999;ES;PT;10;EXW;11;3;;1,9;2;58;;ES33558767L;
INTRA-EX;202410;513881387;STY0014-4P-BK;87083091;ES;PT;10;EXW;11;3;;0,5;1;77;;ES33558767L;
INTRA-EX;202410;513881387;DBA42809S-2;87089997;ES;PT;10;EXW;11;3;;15;1;237;;ES33558767L;
INTRA-EX;202410;513881387;DBA42809S-2;87089997;ES;PT;10;EXW;11;3;;15;1;235;;QV999999999999;
INTRA-EX;202410;513881387;52009-AK005;84213100;ES;PT;10;EXW;11;3;;0,4;1;19;;QV999999999999;
INTRA-EX;202410;513881387;SRN0405-4P-BK;87083091;ES;PT;10;EXW;11;3;;0,5;1;77;;ES53284853V;
INTRA-EX;202410;513881387;PFR7Z-TG-4;84099100;ES;PT;10;EXW;11;3;;0,8;1;36;;ES53284853V;
INTRA-EX;202410;513881387;RBF600;27101999;ES;PT;10;EXW;11;3;;0,6;4;38;;ES53284853V;
INTRA-EX;202410;513881387;PP2048;84213100;ES;PT;10;EXW;11;3;;0,7;1;93;;QV999999999999;
INTRA-EX;202410;513881387;C9000;87089997;ES;PT;10;EXW;11;3;;1;1;12;;QV999999999999;
INTRA-EX;202410;513881387;SVW0630-4P-BK;87083091;ES;PT;10;EXW;11;3;;0,5;1;77;;QV999999999999;
INTRA-EX;202410;513881387;FMACVAG01;84099100;ES;PT;10;EXW;11;3;;0,5;1;140;;QV999999999999;
INTRA-EX;202410;513881387;FMVWQS;87089997;ES;PT;10;EXW;11;3;;0,7;1;107;;QV999999999999;
INTRA-EX;202410;513881387;SAU0431-4P-RD;87083091;ES;PT;10;EXW;11;3;;0,5;1;78;;QV999999999999;
INTRA-EX;202410;513881387;06J103600AFKIT;84099100;ES;PT;10;EXW;11;3;;2,5;1;49;;QV999999999999;
INTRA-EX;202410;513881387;DBA52844SLVS-2;87089997;ES;PT;10;EXW;11;3;;24;1;855;;ESB60872124;
INTRA-EX;202410;513881387;DBA42809S-2;87089997;ES;PT;10;EXW;11;3;;15;1;237;;ESB60872124;
INTRA-EX;202410;513881387;WB-512;84213100;ES;PT;10;EXW;11;3;;0,3;1;48;;QV999999999999;
INTRA-EX;202410;513881387;RPF-1869;842131000;ES;PT;10;EXW;11;3;;0,5;1;56;;QV999999999999;
INTRA-EX;202410;513881387;VWR1200R601E;84213100;ES;PT;10;EXW;11;3;;5,2;1;338;;ESB72996382;
INTRA-EX;202410;513881387;VWR12G7R600ITINLET;87089997;ES;PT;10;EXW;11;3;;0,4;1;100;;ESB72996382;
INTRA-EX;202410;513881387;VWR12G7R600ITBLA;84213100;ES;PT;10;EXW;11;3;;0,8;1;76;;ESB72996382;
INTRA-EX;202410;513881387;VWR160001;87089997;ES;PT;10;EXW;11;3;;0,4;1;86;;ESB72996382;
INTRA-EX;202410;513881387;VWR12G60RFOC;84213100;ES;PT;10;EXW;11;3;;0,5;1;92;;ESB72996382;
INTRA-EX;202410;513881387;ILZTR6A8G;85111000;ES;PT;10;EXW;11;3;;0,1;3;21;;ES44534463T;
INTRA-EX;202410;513881387;AC-MK7-IND-BK;40091100;ES;PT;10;EXW;11;3;;0,9;1;32;;ES44534463T;
INTRA-EX;202410;513881387;AC-MK7-MD;87089997;ES;PT;10;EXW;11;3;;0,4;1;43;;ES44534463T;
INTRA-EX;202410;513881387;CTS-IT-285;40091100;ES;PT;10;EXW;11;3;;0,3;1;59;;ES44534463T;
INTRA-EX;202410;513881387;AC-MK7-CH-RD;40091100;ES;PT;10;EXW;11;3;;0,7;1;32;;ES44534463T;
INTRA-EX;202410;513881387;EVE-F56-LCI-PL-INT;84213100;ES;PT;10;EXW;11;3;;4,8;1;714;;ESB19296938;
INTRA-EX;202410;513881387;VWR680004;87083099;ES;PT;10;EXW;11;3;;22;1;580;;ESB67497925;
INTRA-EX;202410;513881387;SVWC064;87089235;ES;PT;10;EXW;11;3;;10;1;292;;ESB67497925;
INTRA-EX;202410;513881387;VWR1200R600E;84213100;ES;PT;10;EXW;11;3;;5,2;1;309;;ESB67497925;
INTRA-EX;202410;513881387;VWR120003;87089997;ES;PT;10;EXW;11;3;;1,3;1;178;;ESB67497925;
INTRA-EX;202410;513881387;VWR160000;87089997;ES;PT;10;EXW;11;3;;0,7;1;114;;ESB67497925;
INTRA-EX;202410;513881387;VWR141000;87089997;ES;PT;10;EXW;11;3;;19;1;612;;ESB67084251;
INTRA-EX;202410;513881387;VWR13G700;84099100;ES;PT;10;EXW;11;3;;2,8;1;468;;ES71155708X;
INTRA-EX;202410;513881387;KCA520;87088055;FR;PT;10;EXW;11;3;;1;1;97;;QV999999999999;
INTRA-EX;202410;513881387;SP-206;32081090;FR;PT;10;EXW;11;3;;0,5;1;27;;FR08808231385;
INTRA-EX;202410;513881387;SP-204;32081090;FR;PT;10;EXW;11;3;;0,5;1;27;;FR08808231385;
INTRA-EX;202410;513881387;06J103600AFKIT;84099100;FR;PT;10;EXW;11;3;;2,5;1;49;;QV999999999999;
INTRA-EX;202410;513881387;SVW0630-4P-EB;87083091;FR;PT;10;EXW;11;3;;0,5;1;77;;QV999999999999;
INTRA-EX;202410;513881387;EVE-FLC;87084099;FR;PT;10;EXW;11;3;;0,6;1;28;;QV999999999999;
INTRA-EX;202410;513881387;SBW1171-4P-EB;87083091;FR;PT;10;EXW;11;3;;0,5;1;97;;QV999999999999;
INTRA-EX;202410;513881387;RBF700;27101999;FR;PT;10;EXW;11;3;;0,6;4;58;;QV999999999999;
INTRA-EX;202410;513881387;MS100112;87089997;FR;PT;10;EXW;11;3;;0,3;1;40;;QV999999999999;
INTRA-EX;202410;513881387;CTS-IT-275;87089235;FR;PT;10;EXW;11;3;;1,7;1;169;;QV999999999999;
INTRA-EX;202410;513881387;JSK-101-DD;84213100;FR;PT;10;EXW;11;3;;4,4;1;249;;QV999999999999;
INTRA-EX;202410;513881387;10.127.203K;84132000;FR;PT;10;EXW;11;3;;0,3;1;314;;QV999999999999;
INTRA-EX;202410;513881387;10.127.203T;87089997;FR;PT;10;EXW;11;3;;0,1;1;14;;QV999999999999;
INTRA-EX;202410;513881387;KLC205;87089997;FR;PT;10;EXW;11;3;;1,2;1;121;;QV999999999999;
INTRA-EX;202410;513881387;AC-200-CFA-KIT;87089997;FR;PT;10;EXW;11;3;;0,1;1;32;;QV999999999999;
INTRA-EX;202410;513881387;FMAM-B2;84073410;FR;PT;10;EXW;11;3;;0,2;1;49;;FR20431409572;
INTRA-EX;202410;513881387;613182.654150;87089997;FR;PT;10;EXW;11;3;;0,5;1;62;;QV999999999999;
INTRA-EX;202410;513881387;CTS-HW-266-187;87089997;FR;PT;10;EXW;11;3;;2,7;1;322;;QV999999999999;
INTRA-EX;202410;513881387;11127565286;84836080;FR;PT;10;EXW;11;3;;0,4;1;10;;QV999999999999;
INTRA-EX;202410;513881387;50003-MR45HLZ-4;87089997;FR;PT;10;EXW;11;3;;0,3;1;83;;QV999999999999;
INTRA-EX;202410;513881387;FMBAVXR-BL;40091100;FR;PT;10;EXW;11;3;;0,3;1;29;;QV999999999999;
INTRA-EX;202410;513881387;R7437-8-4;84099100;FR;PT;10;EXW;11;3;;0,2;1;160;;QV999999999999;
INTRA-EX;202410;513881387;06D998907;87089997;FR;PT;10;EXW;11;3;;0,1;4;23;;QV999999999999;
INTRA-EX;202410;513881387;EVE-W210-FTR;84213100;FR;PT;10;EXW;11;3;;0,6;4;380;;FR32803663178;
INTRA-EX;202410;513881387;EVE-JCWGP3-INT;84213100;FR;PT;10;EXW;11;3;;4,3;1;1156;;FR94827543661;
INTRA-EX;202410;513881387;CLPT-SET1;87088035;AT;PT;10;EXW;11;3;;3,4;1;196;;QV999999999999;
INTRA-EX;202410;513881387;ATIKFO33;87089997;HR;PT;10;EXW;11;3;;12,8;1;288;;HR59018407849;
INTRA-EX;202410;513881387;CTS-IT-938;40091100;GR;PT;10;EXW;11;3;;3,4;1;299;;GREL156587530;
INTRA-EX;202410;513881387;EUPD4002112R;84099100;GR;PT;10;EXW;11;3;;1,4;1;547;;GREL156587530;
INTRA-EX;202410;513881387;"TTE440 TSI L";84099100;GR;PT;10;EXW;11;3;;15,5;1;1822;;GREL156587530;
INTRA-EX;202410;513881387;L3P3VGR8;87089997;IT;PT;10;EXW;11;3;;0,3;1;252;;IT02710790060;
INTRA-EX;202410;513881387;PK424;84213100;IT;PT;10;EXW;11;3;;4,6;1;214;;IT02710790060;
INTRA-EX;202410;513881387;MMRT-MUS-15EBK;87089997;NL;PT;10;EXW;11;3;;3,4;1;164;;QV999999999999;
INTRA-EX;202410;513881387;AC-MK7-CP;84099100;NL;PT;10;EXW;11;3;;0,3;1;17;;NL866860666B01;
INTRA-EX;202410;513881387;VAT-PT;;NL;PT;10;EXW;11;3;;0,1;1;6;;NL866860666B01;
INTRA-EX;202410;513881387;SFDX073;87089235;NL;PT;10;EXW;11;3;;4,8;1;367;;NL866860666B01;
INTRA-EX;202410;513881387;10.127.203K;84132000;ES;PT;10;EXW;11;3;;0,3;1;314;;ESB86420924;
INTRA-EX;202410;513881387;JSK-121-BK;84213100;ES;PT;10;EXW;11;3;;4;1;267;;ESB86420924;
INTRA-EX;202410;513881387;SVW0607-4P-BK;87083091;ES;PT;10;EXW;11;3;;0,5;1;78;;QV999999999999;
INTRA-EX;202410;513881387;PK451;84213100;ES;PT;10;EXW;11;3;;6;1;99;;QV999999999999;
INTRA-EX;202410;513881387;C9000;87089997;ES;PT;10;EXW;11;3;;1;1;12;;QV999999999999;
INTRA-EX;202410;513881387;AC-200-QS;87089997;ES;PT;10;EXW;11;3;;0,5;1;74;;QV999999999999;
INTRA-EX;202410;513881387;BKR7EIX-4;84099100;ES;PT;10;EXW;11;3;;0,5;1;40;;QV999999999999;
INTRA-EX;202410;513881387;AC-200-CP-4;84099100;ES;PT;10;EXW;11;3;;1;1;81;;QV999999999999;
INTRA-EX;202410;513881387;AC-S55-OC;84213100;ES;PT;10;EXW;11;3;;5,5;1;299;;ES41572866k;
INTRA-EX;202410;513881387;AC-S55-CHP;84835020;ES;PT;10;EXW;11;3;;0,3;2;149;;ES41572866k;
INTRA-EX;202410;513881387;AC-BM-ODP;87089997;ES;PT;10;EXW;11;3;;0,1;3;38;;ES41572866k;
INTRA-EX;202410;513881387;11427566327;84099100;ES;PT;10;EXW;11;3;;0,1;2;10;;ES41572866k;
INTRA-EX;202410;513881387;ITGHYUNDAIi20NF;84213100;ES;PT;10;EXW;11;3;;3,1;1;350;;QV999999999999;
INTRA-EX;202410;513881387;SHD0012-4P-BK;87083091;ES;PT;10;EXW;11;3;;0,5;1;76;;QV999999999999;
INTRA-EX;202410;513881387;MMFS-RX8-04;84149000;ES;PT;10;EXW;11;3;;5,1;1;185;;QV999999999999;
INTRA-EX;202410;513881387;SFD0121-4P-BK;87083091;ES;PT;10;EXW;11;3;;0,5;1;77;;QV999999999999;
INTRA-EX;202410;513881387;RBF700;27101999;ES;PT;10;EXW;11;3;;0,6;2;28;;QV999999999999;
INTRA-EX;202410;513881387;BNF19Z;87088055;ES;PT;10;EXW;11;3;;7,7;1;136;;ES18062887K;
INTRA-EX;202410;513881387;BNR11XXZ;87088055;ES;PT;10;EXW;11;3;;5,6;1;136;;ES18062887K;
INTRA-EX;202410;513881387;MMRAD-E46-323;87089997;ES;PT;10;EXW;11;3;;7,2;1;213;;ES18062887K;
INTRA-EX;202410;513881387;AC-S55-CHP;84835020;FR;PT;10;EXW;11;3;;0,3;1;89;;FR22984648329;
INTRA-EX;202410;513881387;CTS-HW-0225;87089235;FR;PT;10;EXW;11;3;;0,2;1;41;;QV999999999999;
INTRA-EX;202410;513881387;FMCTMK7;84099100;FR;PT;10;EXW;11;3;;1,6;1;311;;QV999999999999;
INTRA-EX;202410;513881387;005EA14139;84099100;FR;PT;10;EXW;11;3;;2,4;1;408;;QV999999999999;
INTRA-EX;202410;513881387;VWR1200R600E;84213100;FR;PT;10;EXW;11;3;;5,2;1;398;;FR80883703423;
INTRA-EX;202410;513881387;5B7880H-STD;40091100;FR;PT;10;EXW;11;3;;0,3;1;54;;QV999999999999;
INTRA-EX;202410;513881387;5M7788H-STD;40091100;FR;PT;10;EXW;11;3;;0,2;1;103;;FR45897991576;
INTRA-EX;202410;513881387;4B7787H-STD;40091100;FR;PT;10;EXW;11;3;;0,3;1;82;;FR45897991576;
INTRA-EX;202410;513881387;ILZKBR7B8G-4;87089997;FR;PT;10;EXW;11;3;;0,2;1;37;;FR45897991576;
INTRA-EX;202410;513881387;MMIG-BMW-0206;85111000;FR;PT;10;EXW;11;3;;2;1;110;;QV999999999999;
INTRA-EX;202410;513881387;E10-20-052-03-22;87088035;FR;PT;10;EXW;11;3;;11,3;1;227;;QV999999999999;
INTRA-EX;202410;513881387;CTS-IT-341;40091100;FR;PT;10;EXW;11;3;;1,4;1;202;;FR35504243288;
INTRA-EX;202410;513881387;CTS-IGN-008;84099100;FR;PT;10;EXW;11;3;;0,3;9;315;;FR35504243288;
INTRA-EX;202410;513881387;11427566327;84099100;FR;PT;10;EXW;11;3;;0,1;1;5;;FR35504243288;
INTRA-EX;202410;513881387;6B1584H-STD;40091100;FR;PT;10;EXW;11;3;;0,4;1;134;;FR35504243288;
INTRA-EX;202410;513881387;SME0455-4P-RD;87083091;FR;PT;10;EXW;11;3;;0,5;1;78;;QV999999999999;
INTRA-EX;202410;513881387;SILZKFR8D7S-4;85111000;FR;PT;10;EXW;11;3;;0,2;1;34;;QV999999999999;
INTRA-EX;202410;513881387;022905715B-6;84099100;FR;PT;10;EXW;11;3;;1,4;1;162;;QV999999999999;
INTRA-EX;202410;513881387;IZKR7B-6;85111000;FR;PT;10;EXW;11;3;;0,2;1;58;;QV999999999999;
INTRA-EX;202410;513881387;SBW0271-4P-BK;87083091;FR;PT;10;EXW;11;3;;0,4;1;89;;FR20488923103;
INTRA-EX;202410;513881387;KLC202;87088035;FR;PT;10;EXW;11;3;;1;1;121;;QV999999999999;
INTRA-EX;202410;513881387;BWR24Z;87088055;FR;PT;10;EXW;11;3;;4,1;1;193;;QV999999999999;
INTRA-EX;202410;513881387;10.127.100K;84132000;FR;PT;10;EXW;11;3;;0,3;1;314;;FR92901672386;
INTRA-EX;202410;513881387;14036-AG010;84099100;FR;PT;10;EXW;11;3;;0,2;1;7;;QV999999999999;
INTRA-EX;202410;513881387;52009-AK005;84213100;FR;PT;10;EXW;11;3;;0,4;1;19;;QV999999999999;
INTRA-EX;202410;513881387;UR-LA8-1257;87088055;FR;PT;10;EXW;11;3;;5,3;1;183;;QV999999999999;
INTRA-EX;202410;513881387;9-654-1025;84133080;FR;PT;10;EXW;11;3;;0,8;4;519;;FR09904392206;
INTRA-EX;202410;513881387;CTS-HW-360;40091100;BG;PT;10;EXW;11;3;;1,4;1;249;;QV999999999999;
INTRA-EX;202410;513881387;CTS-HW-408;84099100;BG;PT;10;EXW;11;3;;0,3;1;116;;QV999999999999;
INTRA-EX;202410;513881387;70017-AT132;84213100;SI;PT;10;EXW;11;3;;0,5;2;57;;QV999999999999;
INTRA-EX;202410;513881387;VWR900002-4;84099100;RO;PT;10;EXW;11;3;;1,2;1;158;;QV999999999999;
INTRA-EX;202410;513881387;AC-MK7-IND-RD;40091100;DE;PT;10;EXW;11;3;;0,9;1;49;;QV999999999999;
INTRA-EX;202410;513881387;CTS-IT-285;40091100;DE;PT;10;EXW;11;3;;0,3;1;84;;QV999999999999;
INTRA-EX;202410;513881387;AC-MK7-MD;87089997;DE;PT;10;EXW;11;3;;0,4;1;66;;QV999999999999;
INTRA-EX;202410;513881387;EVE-N55-M2-ENG;84213100;BE;PT;10;EXW;11;3;;4;1;607;;BE0740963105;
INTRA-EX;202410;513881387;VWR1200R601E;84213100;BE;PT;10;EXW;11;3;;5,2;1;338;;BE0897334033;
INTRA-EX;202410;513881387;EVE-F8xM-PF;84212300;BE;PT;10;EXW;11;3;;1,5;1;113;;BE0781910268;
INTRA-EX;202410;513881387;MMOC-MIA-99T;87089997;IT;PT;10;EXW;11;3;;4,9;1;278;;IT02710790060;
INTRA-EX;202410;513881387;PF04;85444290;IT;PT;10;EXW;11;3;;0,2;1;206;;IT16134621008;
INTRA-EX;202410;513881387;SP-201;32081090;NL;PT;10;EXW;11;3;;0,5;1;16;;NL866860666B01;
INTRA-EX;202410;513881387;AC-FIST7-QS;87089997;NL;PT;10;EXW;11;3;;0,3;1;24;;NL866860666B01;
INTRA-EX;202410;513881387;216BFWABOSM;90262020;NL;PT;10;EXW;11;3;;0,3;1;22;;NL866860666B01;
INTRA-EX;202410;513881387;SFD074;87089235;NL;PT;10;EXW;11;3;;21;1;424;;NL866860666B01;
INTRA-EX;202410;513881387;WHT005184;40091100;NL;PT;10;EXW;11;3;;0,1;1;4;;NL866860666B01;
INTRA-EX;202410;513881387;AC-200-CFA;87089997;NL;PT;10;EXW;11;3;;0,1;1;16;;NL866860666B01;
INTRA-EX;202410;513881387;10.127.100K;84132000;NL;PT;10;EXW;11;3;;0,3;1;227;;NL866860666B01;
INTRA-EX;202410;513881387;EVE-EA8884-R-INT;84213100;NL;PT;10;EXW;11;3;;5;1;999;;NL859932114B01;
INTRA-EX;202410;513881387;AC-R56-TB;87089997;NL;PT;10;EXW;11;3;;0,4;1;39;;NL866860666B01;
INTRA-EX;202410;513881387;VWR11UPGT;84213100;NL;PT;10;EXW;11;3;;0,4;1;63;;NL866860666B01;
INTRA-EX;202410;513881387;VWR31G70R;87088035;NL;PT;10;EXW;11;3;;9,5;1;161;;NL866860666B01;
INTRA-EX;202410;513881387;VWR19G702;70102000;NL;PT;10;EXW;11;3;;0,1;1;49;;NL866860666B01;
INTRA-EX;202410;513881387;CTS-TR-1000;87089997;NL;PT;10;EXW;11;3;;9,8;1;599;;NL866996473B01;
INTRA-EX;202410;513881387;U5055;85111000;NL;PT;10;EXW;11;3;;0,3;6;111;;NL866860666B01;
INTRA-EX;202410;513881387;CTS-IT-285;40091100;NL;PT;10;EXW;11;3;;0,3;1;59;;NL866860666B01;
INTRA-EX;202410;513881387;MMICP-FIST-14HWBK;40091100;NL;PT;10;EXW;11;3;;3,4;1;92;;NL866860666B01;
INTRA-EX;202410;513881387;8E0971824S-RD;84099100;NL;PT;10;EXW;11;3;;0,2;2;15;;NL866996473B01;
INTRA-EX;202410;513881387;AC-211-CFA;87089997;NL;PT;10;EXW;11;3;;0,1;1;16;;NL866996473B01;
INTRA-EX;202410;513881387;MS100137;87089997;NL;PT;10;EXW;11;3;;0,4;1;158;;NL866996473B01;
INTRA-EX;202410;513881387;BKR7EIX;85111000;NL;PT;10;EXW;11;3;;0,1;12;103;;NL866996473B01;
INTRA-EX;202410;513881387;VWR12G7R600ITINLET;87089997;NL;PT;10;EXW;11;3;;0,4;1;100;;NL866996473B01;
INTRA-EX;202410;513881387;VWR12G7R600ITBLA;84213100;NL;PT;10;EXW;11;3;;0,8;1;76;;NL866996473B01;
INTRA-EX;202410;513881387;AC-180-DB;87089997;NL;PT;10;EXW;11;3;;1,5;1;31;;QV999999999999;
INTRA-EX;202410;513881387;CTS-IT-800;84213100;ES;PT;10;EXW;11;3;;3,6;1;247;;ESB42954230;
INTRA-EX;202410;513881387;AC-MK7-FPT;84133080;ES;PT;10;EXW;11;3;;0,1;1;6;;ESB42954230;
INTRA-EX;202410;513881387;AC-MK7-IND-BK;40091100;ES;PT;10;EXW;11;3;;0,9;1;32;;ESB42954230;
INTRA-EX;202410;513881387;VWR31G7GT;87088035;ES;PT;10;EXW;11;3;;8;1;161;;ESB42954230;
INTRA-EX;202410;513881387;VWR120010;40091100;ES;PT;10;EXW;11;3;;1,4;1;178;;ESB42954230;
INTRA-EX;202410;513881387;SILFER8C7ES;85111000;ES;PT;10;EXW;11;3;;0,1;32;304;;ESB42954230;
INTRA-EX;202410;513881387;"TTE340 1.8T";84099100;ES;PT;10;EXW;11;3;;9,3;1;1217;;ES44719365M;
INTRA-EX;202410;513881387;BMF54Z;87089997;ES;PT;10;EXW;11;3;;4,9;1;129;;ESB86420924;
INTRA-EX;202410;513881387;BMR81Z;87089997;ES;PT;10;EXW;11;3;;2;1;108;;ESB86420924;
INTRA-EX;202410;513881387;VWR13G700;84099100;ES;PT;10;EXW;11;3;;2,8;1;468;;ESB86420924;
INTRA-EX;202410;513881387;MMINT-MK6-06;87089199;ES;PT;10;EXW;11;3;;14,4;1;487;;ES16610275C;
INTRA-EX;202410;513881387;9-654-1025;84133080;ES;PT;10;EXW;11;3;;0,8;1;129;;ESB42771618;
INTRA-EX;202410;513881387;AC-MK7-CP;84099100;ES;PT;10;EXW;11;3;;0,3;20;359;;ESB42771618;
INTRA-EX;202410;513881387;8E0971824S-RD;84099100;ES;PT;10;EXW;11;3;;0,2;10;76;;ESB42771618;
INTRA-EX;202410;513881387;SILZKBR8D8S;85111000;ES;PT;10;EXW;11;3;;0,1;12;114;;ESB42771618;
INTRA-EX;202410;513881387;SHYSP102;87089997;ES;PT;10;EXW;11;3;;2,6;1;119;;ES18062887K;
INTRA-EX;202410;513881387;MMAI-E46-01BK;84213100;ES;PT;10;EXW;11;3;;4,1;1;166;;ES18062887K;
INTRA-EX;202410;513881387;SBW0271-4P-BK;87083091;ES;PT;10;EXW;11;3;;0,4;1;88;;QV999999999999;
INTRA-EX;202410;513881387;SILZKGR8C8S-6;84099100;ES;PT;10;EXW;11;3;;1;1;99;;QV999999999999;
INTRA-EX;202410;513881387;8E0971824S-RD;84099100;ES;PT;10;EXW;11;3;;0,2;2;28;;QV999999999999;
INTRA-EX;202410;513881387;RC-HE64;85111000;ES;PT;10;EXW;11;3;;0,6;1;33;;QV999999999999;
INTRA-EX;202410;513881387;E20-15-021-02-22;73202081;ES;PT;10;EXW;11;3;;8,4;1;182;;QV999999999999;
INTRA-EX;202410;513881387;AC-WS-15-FK;87088099;ES;PT;10;EXW;11;3;;1,9;1;59;;QV999999999999;
INTRA-EX;202410;513881387;MMODP-1415B;87089997;ES;PT;10;EXW;11;3;;0,1;1;12;;QV999999999999;
INTRA-EX;202410;513881387;FMSS7;87089997;ES;PT;10;EXW;11;3;;0,3;1;64;;QV999999999999;
INTRA-EX;202410;513881387;Z-341225;87089997;ES;PT;10;EXW;11;3;;2,4;1;167;;QV999999999999;
INTRA-EX;202410;513881387;Z-335233;87089997;ES;PT;10;EXW;11;3;;0,9;1;152;;QV999999999999;
INTRA-EX;202410;513881387;UR-AR23-361;87088055;ES;PT;10;EXW;11;3;;4,6;1;206;;QV999999999999;
INTRA-EX;202410;513881387;HMP-385;84213100;ES;PT;10;EXW;11;3;;0,2;1;102;;QV999999999999;
INTRA-EX;202410;513881387;4B8351H-STD;40091100;ES;PT;10;EXW;11;3;;0,2;1;39;;QV999999999999;
INTRA-EX;202410;513881387;SMT0710-4P-BK;87083091;ES;PT;10;EXW;11;3;;0,6;1;65;;QV999999999999;
INTRA-EX;202410;513881387;CTS-IT-277;87089235;ES;PT;10;EXW;11;3;;1,7;1;190;;ESB15501539;
INTRA-EX;202410;513881387;AC-MK7-THK-BK;87089997;ES;PT;10;EXW;11;3;;1,8;1;82;;ESB15501539;
INTRA-EX;202410;513881387;06L115466C;84213100;ES;PT;10;EXW;11;3;;0,2;3;17;;ESB15501539;
INTRA-EX;202410;513881387;034-1ZZ-0001;87089997;ES;PT;10;EXW;11;3;;0,8;1;174;;ESB15501539;
INTRA-EX;202410;513881387;5B5562H-STD;40091100;ES;PT;10;EXW;11;3;;0,2;2;145;;QV999999999999;
INTRA-EX;202410;513881387;FMACVAG01;84099100;ES;PT;10;EXW;11;3;;0,5;1;140;;QV999999999999;
INTRA-EX;202410;513881387;CTS-IT-272R;842131000;ES;PT;10;EXW;11;3;;3,9;1;232;;ES09214511K;
INTRA-EX;202410;513881387;CTS-IGN-007;84099100;ES;PT;10;EXW;11;3;;0,3;4;140;;ES09214511K;
INTRA-EX;202410;513881387;SVWC064;87089235;ES;PT;10;EXW;11;3;;10;1;415;;ES09214511K;
INTRA-EX;202410;513881387;ACCLAMP3;96072090;ES;PT;10;EXW;11;3;;0,2;2;9;;QV999999999999;
INTRA-EX;202410;513881387;420103485B;70102000;ES;PT;10;EXW;11;3;;0,1;1;23;;QV999999999999;
INTRA-EX;202410;513881387;ACCLAMPHX60-80;40093100;ES;PT;10;EXW;11;3;;0,2;2;3;;QV999999999999;
INTRA-EX;202410;513881387;EVE-FK8-CF-INT;842131000;FR;PT;10;EXW;11;3;;5;1;1035;;FR81842659005;
INTRA-EX;202410;513881387;FMKCTT225-RD;40093100;FR;PT;10;EXW;11;3;;2,8;1;305;;QV999999999999;
INTRA-EX;202410;513881387;06E898001-8;85111000;FR;PT;10;EXW;11;3;;1,9;1;209;;QV999999999999;
INTRA-EX;202410;513881387;BKR8EIX-8;85111000;FR;PT;10;EXW;11;3;;0,4;1;83;;QV999999999999;
INTRA-EX;202410;513881387;VWR120000;84213100;FR;PT;10;EXW;11;3;;1;1;27;;QV999999999999;
INTRA-EX;202410;513881387;ACCLAMP3;96072090;FR;PT;10;EXW;11;3;;0,2;1;4;;QV999999999999;
INTRA-EX;202410;513881387;CTS-IT-500;40091100;FR;PT;10;EXW;11;3;;1,6;1;149;;QV999999999999;
INTRA-EX;202410;513881387;FMRLH-BK;40093100;FR;PT;10;EXW;11;3;;0,7;1;61;;QV999999999999;
INTRA-EX;202410;513881387;06E898001-5;84099100;FR;PT;10;EXW;11;3;;1,6;1;131;;QV999999999999;
INTRA-EX;202410;513881387;IZKR7B-6;85111000;FR;PT;10;EXW;11;3;;0,2;1;58;;QV999999999999;
INTRA-EX;202410;513881387;SILZKGR8B8S-6;85111000;FR;PT;10;EXW;11;3;;0,2;1;59;;QV999999999999;
INTRA-EX;202410;513881387;MMTB-CTR-17;87089997;FR;PT;10;EXW;11;3;;0,6;1;174;;QV999999999999;
INTRA-EX;202410;513881387;EVE-M2C-CF-INT;84213100;FR;PT;10;EXW;11;3;;6;1;1980;;FR37800373748;
INTRA-EX;202410;513881387;AC-211-CFA;87089997;FR;PT;10;EXW;11;3;;0,1;1;24;;QV999999999999;
INTRA-EX;202410;513881387;BKR8EIX-4;85111000;FR;PT;10;EXW;11;3;;0,2;1;41;;QV999999999999;
INTRA-EX;202410;513881387;PPF-3129;84213100;FR;PT;10;EXW;11;3;;0,4;1;43;;QV999999999999;
INTRA-EX;202410;513881387;VWR180003;87089997;FR;PT;10;EXW;11;3;;0,1;2;54;;QV999999999999;
INTRA-EX;202410;513881387;VWR180002;87089997;FR;PT;10;EXW;11;3;;0,1;1;27;;QV999999999999;
INTRA-EX;202410;513881387;VWR180004;87089997;FR;PT;10;EXW;11;3;;0,1;1;34;;QV999999999999;
INTRA-EX;202410;513881387;SILZKBR8D8S-6;84099100;FR;PT;10;EXW;11;3;;0,2;1;66;;QV999999999999;
INTRA-EX;202410;513881387;AC-S55-CHP;84835020;FR;PT;10;EXW;11;3;;0,3;1;74;;QV999999999999;
INTRA-EX;202410;513881387;AC-204-FU;87088055;FR;PT;10;EXW;11;3;;3,3;1;127;;QV999999999999;
INTRA-EX;202410;513881387;FMPCVD1;87089997;FR;PT;10;EXW;11;3;;0,3;1;95;;QV999999999999;
INTRA-EX;202410;513881387;06E898001-4;85111000;FR;PT;10;EXW;11;3;;1,2;1;104;;QV999999999999;
INTRA-EX;202410;513881387;FMMK5CTC;87089135;FR;PT;10;EXW;11;3;;1,6;1;403;;QV999999999999;
INTRA-EX;202410;513881387;SVW0622-4P-BK;87083091;FR;PT;10;EXW;11;3;;0,5;1;78;;QV999999999999;
INTRA-EX;202410;513881387;FMVWQS;87089997;FR;PT;10;EXW;11;3;;0,7;1;108;;QV999999999999;
INTRA-EX;202410;513881387;MMICP-N54-07;87089997;FR;PT;10;EXW;11;3;;2,2;1;180;;FR35504243288;
INTRA-EX;202410;513881387;AC-MK7R-DPHS;87089235;FR;PT;10;EXW;11;3;;11,3;1;352;;QV999999999999;
INTRA-EX;202410;513881387;10.127.100K;84132000;FR;PT;10;EXW;11;3;;0,3;1;314;;FR77978902617;
INTRA-EX;202410;513881387;10.127.100K;84132000;FR;PT;10;EXW;11;3;;0,3;1;314;;QV999999999999;
INTRA-EX;202410;513881387;WHT005184;40091100;FR;PT;10;EXW;11;3;;0,1;1;8;;QV999999999999;
INTRA-EX;202410;513881387;VWRM012-XL;61091000;FR;PT;10;EXW;11;3;;0,5;1;32;;QV999999999999;
INTRA-EX;202410;513881387;VWR143000;87089997;HU;PT;10;EXW;11;3;;15;1;728;;HU25464285;
INTRA-EX;202410;513881387;AC-200-PCVCC;87089997;HU;PT;10;EXW;11;3;;0,5;1;41;;HU25464285;
INTRA-EX;202410;513881387;VWR150003;90269000;HU;PT;10;EXW;11;3;;0,4;2;146;;HU25464285;
INTRA-EX;202410;513881387;CTS-HW-408;84099100;HU;PT;10;EXW;11;3;;0,3;1;97;;HU25464285;
INTRA-EX;202410;513881387;CTS-EXH-TP-0016;87089235;RO;PT;10;EXW;11;3;;13;1;876;;RO47586160;
INTRA-EX;202410;513881387;50003-MR45XLZ-4;87089997;DE;PT;10;EXW;11;3;;0,4;1;84;;QV999999999999;
INTRA-EX;202410;513881387;GTHSB-5;87089997;BE;PT;10;EXW;11;3;;0,1;1;20;;QV999999999999;
INTRA-EX;202410;513881387;R18-10-2;87089235;IT;PT;10;EXW;11;3;;0,3;1;66;;IT02710790060;
INTRA-EX;202410;513881387;10.127.203K;84132000;IT;PT;10;EXW;11;3;;0,3;2;454;;IT10491230966;
INTRA-EX;202410;513881387;E20-15-021-05-22;73202081;NL;PT;10;EXW;11;3;;9;1;178;;QV999999999999;
INTRA-EX;202410;513881387;AC-MK7-FU-RD;87088055;NL;PT;10;EXW;11;3;;3;1;81;;QV999999999999;
INTRA-EX;202410;513881387;AC-MK7-RU;87089235;NL;PT;10;EXW;11;3;;2,2;1;74;;QV999999999999;
INTRA-EX;202410;513881387;4B1609H-STD;40091100;NL;PT;10;EXW;11;3;;0,5;1;44;;QV999999999999;
INTRA-EX;202410;513881387;8E0971824S-RD;84099100;NL;PT;10;EXW;11;3;;0,2;1;14;;QV999999999999;
INTRA-EX;202410;513881387;CTS-HW-306;87089997;NL;PT;10;EXW;11;3;;0,9;1;67;;NL866860666B01;
INTRA-EX;202410;513881387;EVE-E46-INT;84213100;NL;PT;10;EXW;11;3;;3,5;1;696;;NL866996473B01;
INTRA-EX;202410;513881387;AC-MK3ST-SC-BK;87089997;NL;PT;10;EXW;11;3;;0,7;1;82;;NL866860666B01;
INTRA-EX;202410;513881387;R-AUD-001-I;84099100;ES;PT;10;EXW;11;3;;3,5;1;523;;ES54136258-P;
INTRA-EX;202410;513881387;284779;87082910;ES;PT;10;EXW;11;3;;2,5;1;685;;ES54136258-P;
INTRA-EX;202410;513881387;9-654-1025;84133080;ES;PT;10;EXW;11;3;;0,8;1;165;;ES54106304T;
INTRA-EX;202410;513881387;BKR7EIX-4;84099100;ES;PT;10;EXW;11;3;;0,5;1;40;;QV999999999999;
INTRA-EX;202410;513881387;ATMSHYU6;87089997;ES;PT;10;EXW;11;3;;0,2;1;57;;QV999999999999;
INTRA-EX;202410;513881387;8E0971824S-BL;84099100;ES;PT;10;EXW;11;3;;0,2;1;18;;ES76045186X;
INTRA-EX;202410;513881387;AC-200-CP-4;84099100;ES;PT;10;EXW;11;3;;1;1;82;;ES76045186X;
INTRA-EX;202410;513881387;AC-200-CFA-KIT;87089997;ES;PT;10;EXW;11;3;;0,1;1;32;;QV999999999999;
INTRA-EX;202410;513881387;Z-9910017;87089997;ES;PT;10;EXW;11;3;;4,6;1;253;;ESB67114637;
INTRA-EX;202410;513881387;EVE-AMGGT-CFM-INT;84213100;ES;PT;10;EXW;11;3;;7,8;1;1785;;ESB19296938;
INTRA-EX;202410;513881387;BAF13;84213100;ES;PT;10;EXW;11;3;;4,5;1;122;;ESB86420924;
INTRA-EX;202410;513881387;VWR19G701;87089997;ES;PT;10;EXW;11;3;;0,2;1;40;;ESB42954230;
INTRA-EX;202410;513881387;VWR19G706;87089997;ES;PT;10;EXW;11;3;;0,4;1;53;;ESB42954230;
INTRA-EX;202410;513881387;VWR190004;87089997;ES;PT;10;EXW;11;3;;0,3;2;98;;ESB42954230;
INTRA-EX;202410;513881387;VWR19G711;84213100;ES;PT;10;EXW;11;3;;0,3;1;65;;ESB42954230;
INTRA-EX;202410;513881387;VWR19G704;70102000;ES;PT;10;EXW;11;3;;0,1;2;98;;ESB42954230;
INTRA-EX;202410;513881387;TS-0101-2025;87089997;ES;PT;10;EXW;11;3;;0,3;1;34;;ESB42954230;
INTRA-EX;202410;513881387;VWR12G7R600FO;84213100;ES;PT;10;EXW;11;3;;0,5;1;76;;ESB42954230;
INTRA-EX;202410;513881387;VWR1200R601E;84213100;ES;PT;10;EXW;11;3;;5,2;1;338;;ESB42954230;
INTRA-EX;202410;513881387;EVE-F8xM-PF;84212300;ES;PT;10;EXW;11;3;;1,5;1;85;;ESB04886776;
INTRA-EX;202410;513881387;MMINT-MK7-15;84198998;FR;PT;10;EXW;11;3;;16,5;1;721;;FR09925119166;
INTRA-EX;202410;513881387;SHY0900-4P-BK;87083091;FR;PT;10;EXW;11;3;;0,8;1;97;;FR89514442177;
INTRA-EX;202410;513881387;DILKAR8R9HS-4;85111000;FR;PT;10;EXW;11;3;;0,6;1;62;;QV999999999999;
INTRA-EX;202410;513881387;CTS-IT-270R;84213100;FR;PT;10;EXW;11;3;;4,3;1;279;;QV999999999999;
INTRA-EX;202410;513881387;MS100197;85111000;FR;PT;10;EXW;11;3;;0,1;1;10;;QV999999999999;
INTRA-EX;202410;513881387;WA302R+L;87088055;FR;PT;10;EXW;11;3;;5,5;1;191;;QV999999999999;
INTRA-EX;202410;513881387;ASAF;33030010;FR;PT;10;EXW;11;3;;0,1;5;8;;QV999999999999;
INTRA-EX;202410;513881387;CTS-HW-0151;84099100;FR;PT;10;EXW;11;3;;1;1;149;;QV999999999999;
INTRA-EX;202410;513881387;FMKT010-BL;40093100;FR;PT;10;EXW;11;3;;1,7;1;191;;QV999999999999;
INTRA-EX;202410;513881387;CTS-IT-110;40091100;FR;PT;10;EXW;11;3;;1,3;1;190;;QV999999999999;
INTRA-EX;202410;513881387;AC-S55-TP;40091100;FR;PT;10;EXW;11;3;;1,7;1;149;;QV999999999999;
INTRA-EX;202410;513881387;AC-S55-JP;40091100;FR;PT;10;EXW;11;3;;0,6;1;89;;QV999999999999;
INTRA-EX;202410;513881387;SILZKBR8D8S-6;84099100;FR;PT;10;EXW;11;3;;0,2;1;66;;QV999999999999;
INTRA-EX;202410;513881387;ILFR7H-5;85111000;FR;PT;10;EXW;11;3;;0,2;1;67;;QV999999999999;
INTRA-EX;202410;513881387;06E898001-5;84099100;FR;PT;10;EXW;11;3;;1,6;1;131;;QV999999999999;
INTRA-EX;202410;513881387;S90-4-15-009;87087050;FR;PT;10;EXW;11;3;;2,1;2;195;;QV999999999999;
INTRA-EX;202410;513881387;70017-AT130;84213100;FR;PT;10;EXW;11;3;;0,5;1;35;;QV999999999999;
INTRA-EX;202410;513881387;10.127.100K;84132000;FR;PT;10;EXW;11;3;;0,3;1;227;;FR82530667591;
INTRA-EX;202410;513881387;VWR12G6GT;84213100;FR;PT;10;EXW;11;3;;1,9;1;237;;FR82530667591;
INTRA-EX;202410;513881387;CTS-CC-GolfR;84099100;FR;PT;10;EXW;11;3;;2;1;262;;FR82530667591;
INTRA-EX;202410;513881387;EVE-M2C-CF-INT;84213100;FR;PT;10;EXW;11;3;;6;1;1485;;FR94827543661;
INTRA-EX;202410;513881387;CTS-CC-MK7GRS3;84099100;ES;PT;10;EXW;11;3;;2,8;1;468;;ES54089465c;
INTRA-EX;202410;513881387;06K103484F;87089997;ES;PT;10;EXW;11;3;;0,1;1;6;;ES54089465c;
INTRA-EX;202410;513881387;VWR12G6GTFO;84213100;CY;PT;10;EXW;11;3;;0,5;1;92;;QV999999999999;
INTRA-EX;202410;513881387;AC-B58-INLET;40091100;SK;PT;10;EXW;11;3;;0,6;1;104;;SK2121384881;
INTRA-EX;202410;513881387;FMINLH25-BK;40093100;SK;PT;10;EXW;11;3;;1;1;86;;SK2121384881;
INTRA-EX;202410;513881387;FMBP3;40091100;SK;PT;10;EXW;11;3;;1,3;1;364;;SK2121384881;
INTRA-EX;202410;513881387;CTS-IT-300R;84213100;SK;PT;10;EXW;11;3;;4,1;1;273;;SK2122153649;
INTRA-EX;202410;513881387;VWR630001;87141030;HR;PT;10;EXW;11;3;;1,9;1;149;;QV999999999999;
INTRA-EX;202410;513881387;06E898001-4;85111000;HR;PT;10;EXW;11;3;;1,2;1;100;;QV999999999999;
INTRA-EX;202410;513881387;BKR7EIX-4;84099100;HR;PT;10;EXW;11;3;;0,5;1;38;;QV999999999999;
INTRA-EX;202410;513881387;SFTC006;87089235;GR;PT;10;EXW;11;3;;3;1;186;;GREL156587530;
INTRA-EX;202410;513881387;AC-200-TBH-BK;40093100;GR;PT;10;EXW;11;3;;0,2;1;12;;GREL156587530;
INTRA-EX;202410;513881387;UR-RE2-1750;87088055;GR;PT;10;EXW;11;3;;2,7;1;79;;GREL156587530;
INTRA-EX;202410;513881387;UR-TW2-359;87088055;GR;PT;10;EXW;11;3;;2,3;1;64;;GREL156587530;
INTRA-EX;202410;513881387;EVE-F56-LCI-PL-INT;84213100;GR;PT;10;EXW;11;3;;4,8;1;714;;GREL156587530;
INTRA-EX;202410;513881387;PKR7A;85111000;GR;PT;10;EXW;11;3;;0,1;6;60;;GREL156587530;
INTRA-EX;202410;513881387;CTS-HW-540;40091100;GR;PT;10;EXW;11;3;;2;1;219;;GREL156587530;
INTRA-EX;202410;513881387;CTS-IT-256;40091100;GR;PT;10;EXW;11;3;;2,3;1;149;;GREL156587530;
INTRA-EX;202410;513881387;ATMSHYU3;87089997;DE;PT;10;EXW;11;3;;2;1;257;;QV999999999999;
INTRA-EX;202410;513881387;CTS-IT-260;84213100;DE;PT;10;EXW;11;3;;5;1;245;;QV999999999999;
INTRA-EX;202410;513881387;EVE-X56M-CF-INT;84213100;PL;PT;10;EXW;11;3;;7;1;1856;;PL8141683531;
INTRA-EX;202410;513881387;9-655-1025;84133080;PL;PT;10;EXW;11;3;;0,8;2;259;;PL8141683531;
INTRA-EX;202410;513881387;9-654-1025;84133080;PL;PT;10;EXW;11;3;;0,8;2;259;;PL8141683531;
INTRA-EX;202410;513881387;TS-0645-1052;87089997;BE;PT;10;EXW;11;3;;0,6;1;169;;QV999999999999;
INTRA-EX;202410;513881387;SILZKBR8D8S-6;84099100;BE;PT;10;EXW;11;3;;0,2;1;66;;BE0781910268;
INTRA-EX;202410;513881387;FM225IND-BK;40093100;BE;PT;10;EXW;11;3;;1;1;187;;QV999999999999;
INTRA-EX;202410;513881387;FM225SH-BL;40091100;BE;PT;10;EXW;11;3;;0,1;1;29;;QV999999999999;
INTRA-EX;202410;513881387;FM225TBH-BL;40091100;BE;PT;10;EXW;11;3;;0,1;1;29;;QV999999999999;
INTRA-EX;202410;513881387;FMKT005-RD;40093100;IT;PT;10;EXW;11;3;;1,3;1;164;;QV999999999999;
INTRA-EX;202410;513881387;COASFST16T3;40091100;IT;PT;10;EXW;11;3;;1,7;1;241;;QV999999999999;
INTRA-EX;202410;513881387;EVE-A45S-CF-INT;84213100;IT;PT;10;EXW;11;3;;4,6;1;999;;IT02710790060;
INTRA-EX;202410;513881387;MMRAD-TINY-01;87089135;IT;PT;10;EXW;11;3;;6,8;1;208;;IT02710790060;
INTRA-EX;202410;513881387;EVE-A45S-CF-INT;84213100;IT;PT;10;EXW;11;3;;4,6;1;999;;IT02710790060;
INTRA-EX;202410;513881387;EVE-A90-CF-INT;84213100;IT;PT;10;EXW;11;3;;3,9;1;999;;IT03002640732;
INTRA-EX;202410;513881387;VWR17G8R600;84213100;IT;PT;10;EXW;11;3;;0,2;1;38;;IT03002640732;
INTRA-EX;202410;513881387;VWR1200R600E;84213100;IT;PT;10;EXW;11;3;;5,2;1;309;;IT03002640732;
INTRA-EX;202410;513881387;VWR17G7R600;40091100;IT;PT;10;EXW;11;3;;0,2;1;38;;IT03002640732;
INTRA-EX;202410;513881387;VWR12G7R600ITINLET;87089997;IT;PT;10;EXW;11;3;;0,4;1;100;;IT03002640732;
INTRA-EX;202410;513881387;VWR12G7R600ITBLA;84213100;IT;PT;10;EXW;11;3;;0,8;1;76;;IT03002640732;
INTRA-EX;202410;513881387;VWR160001;87089997;IT;PT;10;EXW;11;3;;0,4;1;86;;IT03002640732;
INTRA-EX;202410;513881387;EVE-A45S-CF-INT;84213100;IT;PT;10;EXW;11;3;;4,6;1;999;;IT02710790060;
INTRA-EX;202410;513881387;SMBP006;87089235;IT;PT;10;EXW;11;3;;8,2;1;204;;IT02710790060;
INTRA-EX;202410;513881387;BTR84Z;87088055;IT;PT;10;EXW;11;3;;3;1;122;;IT02710790060;
INTRA-EX;202410;513881387;BTF81Z;87088055;IT;PT;10;EXW;11;3;;4,2;1;122;;IT02710790060;
INTRA-EX;202410;513881387;MMAI-G80-21;84213100;IT;PT;10;EXW;11;3;;7,8;1;499;;IT02710790060;
INTRA-EX;202410;513881387;EVE-A45S-CF-INT;84213100;NL;PT;10;EXW;11;3;;4,6;1;999;;NL859932114B01;
INTRA-EX;202410;513881387;CI100037;84213100;NL;PT;10;EXW;11;3;;2,4;1;375;;NL866996473B01;
INTRA-EX;202410;513881387;VWR640012;87089997;NL;PT;10;EXW;11;3;;2,2;3;186;;NL866996473B01;
INTRA-EX;202410;513881387;VWR670006;87089235;NL;PT;10;EXW;11;3;;2,8;1;119;;NL866996473B01;
INTRA-EX;202410;513881387;VWR670007;87089997;NL;PT;10;EXW;11;3;;1,1;1;59;;NL866996473B01;
INTRA-EX;202410;513881387;SILZKFR8D7S;85111000;NL;PT;10;EXW;11;3;;0,2;2;15;;NL866996473B01;
INTRA-EX;202410;513881387;SMBS007;87089235;NL;PT;10;EXW;11;3;;12,2;1;275;;NL866860666B01;
INTRA-EX;202410;513881387;EVE-TRB8V8S-LHD-NIL;85111000;NL;PT;10;EXW;11;3;;0,2;1;428;;NL866996473B01;
INTRA-EX;202410;513881387;EVE-ST38V8S-CF-INT;84213100;NL;PT;10;EXW;11;3;;7,2;1;1285;;NL866996473B01;
INTRA-EX;202410;513881387;EVE-TRB8V8S-FLG-STK;85111000;NL;PT;10;EXW;11;3;;0,2;1;35;;NL866996473B01;
INTRA-EX;202410;513881387;VWR640015;87089997;NL;PT;10;EXW;11;3;;2,2;1;65;;NL866996473B01;
INTRA-EX;202410;513881387;VWR810000;87089997;NL;PT;10;EXW;11;3;;0,2;1;17;;NL866996473B01;
INTRA-EX;202410;513881387;SME0865-4P-BK;87083091;ES;PT;10;EXW;11;3;;0,5;1;84;;ES54094528T;
INTRA-EX;202410;513881387;WB-508;84213100;ES;PT;10;EXW;11;3;;0,5;1;116;;QV999999999999;
INTRA-EX;202410;513881387;DBA2472S-2;87089997;ES;PT;10;EXW;11;3;;19;1;182;;QV999999999999;
INTRA-EX;202410;513881387;FMACVAG08;84099100;ES;PT;10;EXW;11;3;;0,5;1;140;;QV999999999999;
INTRA-EX;202410;513881387;MMFW-LG-6RD;87089997;ES;PT;10;EXW;11;3;;0,1;1;12;;QV999999999999;
INTRA-EX;202410;513881387;AC-200-DP;87089235;ES;PT;10;EXW;11;3;;10;1;223;;QV999999999999;
INTRA-EX;202410;513881387;CTS-DP-IK1;87089997;ES;PT;10;EXW;11;3;;0,3;1;13;;QV999999999999;
INTRA-EX;202410;513881387;06F253039F;87089997;ES;PT;10;EXW;11;3;;0,1;1;4;;QV999999999999;
INTRA-EX;202410;513881387;MMSK-BK;87084099;ES;PT;10;EXW;11;3;;0,5;1;33;;QV999999999999;
INTRA-EX;202410;513881387;SHD0012-4P-BK;87083091;ES;PT;10;EXW;11;3;;0,5;1;76;;QV999999999999;
INTRA-EX;202410;513881387;VWR140012;87089199;ES;PT;10;EXW;11;3;;3;1;291;;ESB15501539;
INTRA-EX;202410;513881387;VWR19G706;87089997;ES;PT;10;EXW;11;3;;0,4;1;79;;ESB15501539;
INTRA-EX;202410;513881387;VWR19G701;87089997;ES;PT;10;EXW;11;3;;0,2;1;61;;ESB15501539;
INTRA-EX;202410;513881387;BKR7EIX-4;84099100;ES;PT;10;EXW;11;3;;0,5;1;40;;QV999999999999;
INTRA-EX;202410;513881387;DBA53004SLVS-2;87089997;ES;PT;10;EXW;11;3;;28;1;951;;ES33558767L;
INTRA-EX;202410;513881387;BKR7EIX-4;84099100;ES;PT;10;EXW;11;3;;0,5;1;40;;QV999999999999;
INTRA-EX;202410;513881387;1J0201511A;84099100;ES;PT;10;EXW;11;3;;0,4;1;5;;QV999999999999;
INTRA-EX;202410;513881387;CTS-DB-MK4-60D;84099100;ES;PT;10;EXW;11;3;;1,2;1;46;;ESB93292621;
INTRA-EX;202410;513881387;CTS-TM-MK4-60D;87089235;ES;PT;10;EXW;11;3;;2;1;107;;ESB93292621;
INTRA-EX;202410;513881387;CTS-EM-MK456-4-60D;84099100;ES;PT;10;EXW;11;3;;2,5;1;115;;ESB93292621;
INTRA-EX;202410;513881387;UR-RE4-1321;87088055;ES;PT;10;EXW;11;3;;4,1;1;128;;QV999999999999;
INTRA-EX;202410;513881387;UR-TW2-990;87088055;ES;PT;10;EXW;11;3;;3,4;1;115;;QV999999999999;
INTRA-EX;202410;513881387;UR-LA4-991;87088055;ES;PT;10;EXW;11;3;;2,1;1;122;;QV999999999999;
INTRA-EX;202410;513881387;CTS-IGN-008;84099100;ES;PT;10;EXW;11;3;;0,3;2;69;;QV999999999999;
INTRA-EX;202410;513881387;06E898001-4;85111000;ES;PT;10;EXW;11;3;;1,2;1;104;;QV999999999999;
INTRA-EX;202410;513881387;AC-200-CFA-KIT;87089997;ES;PT;10;EXW;11;3;;0,1;1;32;;QV999999999999;
INTRA-EX;202410;513881387;BKR7EIX-4;84099100;ES;PT;10;EXW;11;3;;0,5;1;40;;QV999999999999;
INTRA-EX;202410;513881387;06F103483E;87089235;ES;PT;10;EXW;11;3;;0,1;1;8;;QV999999999999;
INTRA-EX;202410;513881387;06F129101P;84814090;ES;PT;10;EXW;11;3;;0,2;1;17;;QV999999999999;
INTRA-EX;202410;513881387;FMTIA11-RD;87089997;ES;PT;10;EXW;11;3;;2,1;1;179;;ESB82069675;
INTRA-EX;202410;513881387;FMTIA11-BK;87089997;ES;PT;10;EXW;11;3;;2,1;1;179;;QV999999999999;
INTRA-EX;202410;513881387;FMTIA11-BL;87089997;ES;PT;10;EXW;11;3;;2,1;1;179;;QV999999999999;
INTRA-EX;202410;513881387;AMS.21.09.0003-1;87089997;ES;PT;10;EXW;11;3;;1,8;1;173;;QV999999999999;
INTRA-EX;202410;513881387;UR-LA4-157x;87088055;ES;PT;10;EXW;11;3;;3,7;1;122;;QV999999999999;
INTRA-EX;202410;513881387;UR-TW2-340;87088055;ES;PT;10;EXW;11;3;;2,5;1;103;;QV999999999999;
INTRA-EX;202410;513881387;ILFR6B-5;84099100;ES;PT;10;EXW;11;3;;0,8;1;46;;QV999999999999;
INTRA-EX;202410;513881387;MMRAD-MIA-90;87089135;ES;PT;10;EXW;11;3;;9,5;1;177;;ESB66283003;
INTRA-EX;202410;513881387;MMODP-2015B;87089235;ES;PT;10;EXW;11;3;;0,1;1;9;;ESB66283003;
INTRA-EX;202410;513881387;KLC167A;87088055;ES;PT;10;EXW;11;3;;1,4;1;85;;ESB66283003;
INTRA-EX;202410;513881387;SHDC015;87089235;ES;PT;10;EXW;11;3;;3,5;1;186;;ESB66283003;
INTRA-EX;202410;513881387;EVE-GR4-CF-INT;84213100;ES;PT;10;EXW;11;3;;5,7;1;975;;ES33558767L;
INTRA-EX;202410;513881387;UR-TW2-1106;87088055;ES;PT;10;EXW;11;3;;2,1;1;74;;ES38873546G;
INTRA-EX;202410;513881387;SMNC010;87089235;ES;PT;10;EXW;11;3;;5,6;1;231;;ES28841101K;
INTRA-EX;202410;513881387;VWR31G7GT;87088035;ES;PT;10;EXW;11;3;;8;2;322;;ESB42954230;
INTRA-EX;202410;513881387;S-ME/TI/4/1;87089235;ES;PT;10;EXW;11;3;;15;1;6870;;ESB19296938;
INTRA-EX;202410;513881387;SMNX014;84099100;ES;PT;10;EXW;11;3;;8,7;1;513;;ES28841101K;
INTRA-EX;202410;513881387;BWF20XZ;87089997;ES;PT;10;EXW;11;3;;6;1;136;;ESB04855516;
INTRA-EX;202410;513881387;BWR21XZ;87089997;ES;PT;10;EXW;11;3;;5,4;1;136;;ESB04855516;
INTRA-EX;202410;513881387;UR-TW2-1362;87088055;ES;PT;10;EXW;11;3;;2,7;1;79;;ESB04855516;
INTRA-EX;202410;513881387;AC-MK45-RU-RD;87088055;ES;PT;10;EXW;11;3;;2,8;1;53;;ESB04855516;
INTRA-EX;202410;513881387;IZKR7B;85111000;ES;PT;10;EXW;11;3;;0,2;6;49;;ESB04855516;
INTRA-EX;202410;513881387;KTA253;87089235;ES;PT;10;EXW;11;3;;7,5;1;300;;ESB04855516;
INTRA-EX;202410;513881387;MMRAD-MK5-08;87089235;ES;PT;10;EXW;11;3;;11,2;1;208;;ESB04855516;
INTRA-EX;202410;513881387;CTS-HW-0091;84099100;ES;PT;10;EXW;11;3;;0,8;1;127;;ESB04855516;
INTRA-EX;202410;513881387;MMHP-ASHB-2424;87089997;ES;PT;10;EXW;11;3;;0,3;4;88;;ESB09771205;
INTRA-EX;202410;513881387;TS-0203-1052;87089997;ES;PT;10;EXW;11;3;;0,4;1;159;;ESB88553946;
INTRA-EX;202410;513881387;EVE-ST38Y-CF-INT;84213100;ES;PT;10;EXW;11;3;;7;1;1285;;ESB88553946;
INTRA-EX;202410;513881387;U5014;84099100;ES;PT;10;EXW;11;3;;0,3;8;171;;ES18062887K;
INTRA-EX;202410;513881387;MMRAD-E46-323;87089997;ES;PT;10;EXW;11;3;;7,2;1;213;;ES18062887K;
INTRA-EX;202410;513881387;ILZKBR7B8G-4;87089997;FR;PT;10;EXW;11;3;;0,2;1;37;;QV999999999999;
INTRA-EX;202410;513881387;SILZKBR8D8S-6;84099100;FR;PT;10;EXW;11;3;;0,2;1;66;;FR01899215669;
INTRA-EX;202410;513881387;TI-123-BK;40091100;FR;PT;10;EXW;11;3;;2,1;1;98;;QV999999999999;
INTRA-EX;202410;513881387;SBMP086;87089235;FR;PT;10;EXW;11;3;;11,8;1;364;;QV999999999999;
INTRA-EX;202410;513881387;AC-VR6-CH-BK;40093100;FR;PT;10;EXW;11;3;;2,8;1;142;;QV999999999999;
INTRA-EX;202410;513881387;CTS-IT-340;84213100;FR;PT;10;EXW;11;3;;3,4;1;276;;QV999999999999;
INTRA-EX;202410;513881387;CTS-IT-810;40091100;FR;PT;10;EXW;11;3;;1,4;3;660;;FR35504243288;
INTRA-EX;202410;513881387;CTS-IGN-008;84099100;FR;PT;10;EXW;11;3;;0,3;6;210;;FR35504243288;
INTRA-EX;202410;513881387;R7437-9-4;87089997;FR;PT;10;EXW;11;3;;0,2;1;166;;FR09800029712;
INTRA-EX;202410;513881387;R7437-9-4;87089997;FR;PT;10;EXW;11;3;;0,2;1;166;;QV999999999999;
INTRA-EX;202410;513881387;CTS-IT-280;87089235;FR;PT;10;EXW;11;3;;1,5;1;169;;QV999999999999;
INTRA-EX;202410;513881387;AC-WS-15;87088099;FR;PT;10;EXW;11;3;;2,3;1;37;;QV999999999999;
INTRA-EX;202410;513881387;DILKAR8R9HS-4;85111000;FR;PT;10;EXW;11;3;;0,6;1;62;;QV999999999999;
INTRA-EX;202410;513881387;06K129717A;87089997;FR;PT;10;EXW;11;3;;0,1;1;6;;QV999999999999;
INTRA-EX;202410;513881387;AC-MQB-FD;87089997;FR;PT;10;EXW;11;3;;0,1;1;59;;QV999999999999;
INTRA-EX;202410;513881387;SAU0780-4P-BK;87083091;FR;PT;10;EXW;11;3;;0,5;1;77;;QV999999999999;
INTRA-EX;202410;513881387;JSK-111-70;84213100;FR;PT;10;EXW;11;3;;1,2;1;131;;QV999999999999;
INTRA-EX;202410;513881387;UR-TW2-3047;87088055;FR;PT;10;EXW;11;3;;3;1;129;;QV999999999999;
INTRA-EX;202410;513881387;CTS-IT-220R;84213100;FR;PT;10;EXW;11;3;;4,5;1;280;;QV999999999999;
INTRA-EX;202410;513881387;5M8312H-STD;40091100;FR;PT;10;EXW;11;3;;0,6;1;89;;QV999999999999;
INTRA-EX;202410;513881387;DBA53004SLVS-2;87089997;FR;PT;10;EXW;11;3;;28;1;951;;FR74824390249;
INTRA-EX;202410;513881387;284780;87082910;FR;PT;10;EXW;11;3;;2,5;1;685;;FR16503169039;
INTRA-EX;202410;513881387;06F103483D;87089997;FR;PT;10;EXW;11;3;;0,1;1;8;;FR16503169039;
INTRA-EX;202410;513881387;06F129717D;87089235;FR;PT;10;EXW;11;3;;0,1;1;8;;FR16503169039;
INTRA-EX;202410;513881387;06F253039F;87089997;FR;PT;10;EXW;11;3;;0,1;1;4;;FR16503169039;
INTRA-EX;202410;513881387;CTS-DP-IK1;87089997;FR;PT;10;EXW;11;3;;0,3;1;13;;FR16503169039;
INTRA-EX;202410;513881387;204-5408;87089997;FR;PT;10;EXW;11;3;;1,4;1;155;;FR16503169039;
INTRA-EX;202410;513881387;VWR18G700;87089997;FR;PT;10;EXW;11;3;;4;1;420;;FR34897942652;
INTRA-EX;202410;513881387;AC-MK7-DI.B;87089997;FR;PT;10;EXW;11;3;;0,1;1;21;;FR34897942652;
INTRA-EX;202410;513881387;AC-MQB-IC;84198998;FR;PT;10;EXW;11;3;;16;1;324;;FR95799460480;
INTRA-EX;202410;513881387;AC-180-DB;87089997;FR;PT;10;EXW;11;3;;1,5;3;64;;FR95799460480;
