FLUXO;PERIODO;NIF;REF;NC;PAIS;PORIGEM;REGIAO;CODENT;NATTRA;MODTRA;AERPOR;MASSA;UNSUP;VALFAC;"VAL ESTAT";ADQNIF;ERRO
INTRA-EX;202409;513881387;SBW1162-4P-BK;87083091;HU;PT;10;EXW;11;3;;0,5;1,000;79;;QV999999999999;
INTRA-EX;202409;513881387;PF04;85444290;HR;PT;10;EXW;11;3;;0,2;1,000;197;;QV999999999999;
INTRA-EX;202409;513881387;CTS-IT-256;40091100;SI;PT;10;EXW;11;3;;2,3;1,000;179;;SI84911492;
INTRA-EX;202409;513881387;CTS-HW-540;40091100;SI;PT;10;EXW;11;3;;2;1,000;269;;SI84911492;
INTRA-EX;202409;513881387;UR-LA4-3512;87088055;GR;PT;10;EXW;11;3;;2,5;1,000;88;;GREL156587530;
INTRA-EX;202409;513881387;MMRAD-CIV-92X;87089135;GR;PT;10;EXW;11;3;;4,2;1,000;174;;GREL136030005;
INTRA-EX;202409;513881387;AC-S58-FP;87089997;GR;PT;10;EXW;11;3;;4;2,000;289;;GREL156587530;
INTRA-EX;202409;513881387;50003-MR45XLZ-4;87089997;DE;PT;10;EXW;11;3;;0,4;1,000;84;;QV999999999999;
INTRA-EX;202409;513881387;CI100052;84213100;BE;PT;10;EXW;11;3;;4,5;1,000;297;;QV999999999999;
INTRA-EX;202409;513881387;CI100052-A;84213100;BE;PT;10;EXW;11;3;;1,7;1,000;102;;QV999999999999;
INTRA-EX;202409;513881387;ACCLAMP275;96072090;BE;PT;10;EXW;11;3;;0,2;1,000;4;;QV999999999999;
INTRA-EX;202409;513881387;R01-10-2;40091100;BE;PT;10;EXW;11;3;;0,1;1,000;82;;QV999999999999;
INTRA-EX;202409;513881387;32016-AF101;84213100;IT;PT;10;EXW;11;3;;17;1,000;1274;;IT03656931205;
INTRA-EX;202409;513881387;TS-0622-7072;87089997;IT;PT;10;EXW;11;3;;0,5;1,000;122;;QV999999999999;
INTRA-EX;202409;513881387;AC-200-PCVCC;87089997;IT;PT;10;EXW;11;3;;0,5;1,000;41;;IT03656931205;
INTRA-EX;202409;513881387;BMR77Z;87088055;IT;PT;10;EXW;11;3;;2,6;1,000;115;;IT02710790060;
INTRA-EX;202409;513881387;BMF49Z;87088055;IT;PT;10;EXW;11;3;;6,1;1,000;136;;IT02710790060;
INTRA-EX;202409;513881387;L3P3VGT7;87089997;IT;PT;10;EXW;11;3;;1;1,000;252;;IT03656931205;
INTRA-EX;202409;513881387;D650-0009;84099100;IT;PT;10;EXW;11;3;;0,3;6,000;174;;IT03656931205;
INTRA-EX;202409;513881387;VWR120003;87089997;IT;PT;10;EXW;11;3;;1,3;1,000;178;;IT03813391202;
INTRA-EX;202409;513881387;VWR17G8R600;84213100;IT;PT;10;EXW;11;3;;0,2;1,000;38;;IT03813391202;
INTRA-EX;202409;513881387;VWR1200R601E;84213100;IT;PT;10;EXW;11;3;;5,2;1,000;338;;IT03813391202;
INTRA-EX;202409;513881387;5w30;27101999;NL;PT;10;EXW;11;3;;1,9;4,000;116;;NL007460843B01;
INTRA-EX;202409;513881387;R7437-9-8;84099100;NL;PT;10;EXW;11;3;;0,4;1,000;330;;QV999999999999;
INTRA-EX;202409;513881387;VWR1200R600E;84213100;NL;PT;10;EXW;11;3;;5,2;1,000;309;;NL859932114B01;
INTRA-EX;202409;513881387;MMHOSE-E46-99BK;40091100;NL;PT;10;EXW;11;3;;0,6;1,000;44;;NL002241494B08;
INTRA-EX;202409;513881387;MMHOSE-WRX-01RD;40093100;NL;PT;10;EXW;11;3;;0,7;1,000;67;;NL002241494B08;
INTRA-EX;202409;513881387;AC-500-QS;87089997;NL;PT;10;EXW;11;3;;0,4;1,000;24;;NL002241494B08;
INTRA-EX;202409;513881387;TTE855;84099100;ES;PT;10;EXW;11;3;;16,9;1,000;3629;;ESB04855516;
INTRA-EX;202409;513881387;WB-323;84213100;ES;PT;10;EXW;11;3;;0,2;1,000;48;;QV999999999999;
INTRA-EX;202409;513881387;06K103484F;87089997;ES;PT;10;EXW;11;3;;0,1;1,000;6;;ESB15501539;
INTRA-EX;202409;513881387;VWR180006;87089997;ES;PT;10;EXW;11;3;;0,1;1,000;13;;ESB15501539;
INTRA-EX;202409;513881387;VWR650000-RED;87083099;ES;PT;10;EXW;11;3;;39,8;1,000;3192;;ESB15501539;
INTRA-EX;202409;513881387;VWR900001-4;84099100;ES;PT;10;EXW;11;3;;1,2;1,000;157;;ESB15501539;
INTRA-EX;202409;513881387;9-651-1026;84133080;ES;PT;10;EXW;11;3;;0,5;1,000;146;;ESB66526328;
INTRA-EX;202409;513881387;MMHOSE-BRZ-13IBK;40091100;ES;PT;10;EXW;11;3;;1,3;1,000;98;;QV999999999999;
INTRA-EX;202409;513881387;70017-AT120;84213100;ES;PT;10;EXW;11;3;;0,5;1,000;36;;QV999999999999;
INTRA-EX;202409;513881387;VWR12G7R600ITBLA;84213100;ES;PT;10;EXW;11;3;;0,8;1,000;97;;QV999999999999;
INTRA-EX;202409;513881387;06F129101P;84814090;ES;PT;10;EXW;11;3;;0,2;1,000;17;;QV999999999999;
INTRA-EX;202409;513881387;UR-TW2-2142;87088055;ES;PT;10;EXW;11;3;;3,4;1,000;148;;QV999999999999;
INTRA-EX;202409;513881387;70017-AT132;84213100;ES;PT;10;EXW;11;3;;0,5;1,000;28;;QV999999999999;
INTRA-EX;202409;513881387;SSU8003-4P-BK;87083091;ES;PT;10;EXW;11;3;;0,5;1,000;83;;QV999999999999;
INTRA-EX;202409;513881387;034-1ZZ-0002;87089997;ES;PT;10;EXW;11;3;;0,2;1,000;85;;QV999999999999;
INTRA-EX;202409;513881387;034-504-Z013;87089997;ES;PT;10;EXW;11;3;;1;1,000;185;;QV999999999999;
INTRA-EX;202409;513881387;UR-RT2-408;87088055;ES;PT;10;EXW;11;3;;1,8;1,000;70;;QV999999999999;
INTRA-EX;202409;513881387;DILKAR8R9HS-4;85111000;ES;PT;10;EXW;11;3;;0,6;1,000;62;;QV999999999999;
INTRA-EX;202409;513881387;AC-S63-IT;84198998;ES;PT;10;EXW;11;3;;3,2;1,000;238;;QV999999999999;
INTRA-EX;202409;513881387;216VWBWEOP270;90269000;ES;PT;10;EXW;11;3;;0,3;1,000;70;;QV999999999999;
INTRA-EX;202409;513881387;AC-200-OSA;87089997;ES;PT;10;EXW;11;3;;0,2;1,000;27;;QV999999999999;
INTRA-EX;202409;513881387;BKR8EIX-4;85111000;ES;PT;10;EXW;11;3;;0,2;2,000;83;;QV999999999999;
INTRA-EX;202409;513881387;R7437-9-5;85111000;ES;PT;10;EXW;11;3;;0,3;1,000;206;;QV999999999999;
INTRA-EX;202409;513881387;RBF600;27101999;ES;PT;10;EXW;11;3;;0,6;1,000;9;;QV999999999999;
INTRA-EX;202409;513881387;SSE0250-4P-BK;87083091;ES;PT;10;EXW;11;3;;0,5;1,000;78;;QV999999999999;
INTRA-EX;202409;513881387;AC-250-IP;84198998;ES;PT;10;EXW;11;3;;1,9;1,000;119;;QV999999999999;
INTRA-EX;202409;513881387;MS100204-4;84099100;ES;PT;10;EXW;11;3;;1,2;1,000;179;;QV999999999999;
INTRA-EX;202409;513881387;20VW36502X;87083091;ES;PT;10;EXW;11;3;;41;1,000;1688;;ES09214511K;
INTRA-EX;202409;513881387;FMSS114-BL;87089997;ES;PT;10;EXW;11;3;;0,1;1,000;7;;ES09214511K;
INTRA-EX;202409;513881387;FMSS114-RD;87089997;ES;PT;10;EXW;11;3;;0,1;1,000;7;;ES09214511K;
INTRA-EX;202409;513881387;110859;27101999;ES;PT;10;EXW;11;3;;2,1;3,000;87;;ES09214511K;
INTRA-EX;202409;513881387;TS-0106-1002;87089997;ES;PT;10;EXW;11;3;;0,4;1,000;93;;QV999999999999;
INTRA-EX;202409;513881387;216BFWAEBOSM;90262020;ES;PT;10;EXW;11;3;;0,3;1,000;48;;QV999999999999;
INTRA-EX;202409;513881387;MMRAD-350Z-03;87089135;ES;PT;10;EXW;11;3;;10,9;1,000;208;;ESB66283003;
INTRA-EX;202409;513881387;MMODP-12125B;87089997;ES;PT;10;EXW;11;3;;0,1;1,000;9;;ESB66283003;
INTRA-EX;202409;513881387;KCA434;87088055;ES;PT;10;EXW;11;3;;0,6;1,000;44;;ES72815006L;
INTRA-EX;202409;513881387;W0509;87088055;ES;PT;10;EXW;11;3;;0,3;1,000;32;;ES72815006L;
INTRA-EX;202409;513881387;MMRAD-EVO-01;87089135;ES;PT;10;EXW;11;3;;7,8;1,000;205;;ESB86420924;
INTRA-EX;202409;513881387;MMEXH-MUS8-15HP;87089235;ES;PT;10;EXW;11;3;;5;1,000;141;;ES38873546G;
INTRA-EX;202409;513881387;VWR900002;85111000;ES;PT;10;EXW;11;3;;0,3;4,000;122;;ES38873546G;
INTRA-EX;202409;513881387;VWR1200R600E;84213100;ES;PT;10;EXW;11;3;;5,2;1,000;309;;ES38873546G;
INTRA-EX;202409;513881387;MMRAD-E36-92;87089135;ES;PT;10;EXW;11;3;;6,7;1,000;169;;ES18062887K;
INTRA-EX;202409;513881387;SAUC093;87089235;ES;PT;10;EXW;11;3;;11,5;1,000;320;;ESB04855516;
INTRA-EX;202409;513881387;4B8171H-STD;87089997;FR;PT;10;EXW;11;3;;0,2;1,000;53;;QV999999999999;
INTRA-EX;202409;513881387;5M8174H-STD;40091100;FR;PT;10;EXW;11;3;;0,4;1,000;77;;QV999999999999;
INTRA-EX;202409;513881387;CTS-IGN-009;84099100;FR;PT;10;EXW;11;3;;0,3;6,000;190;;QV999999999999;
INTRA-EX;202409;513881387;VWR12G60RFO;84213100;FR;PT;10;EXW;11;3;;0,5;1,000;92;;QV999999999999;
INTRA-EX;202409;513881387;UR-ML4-1193;87088055;FR;PT;10;EXW;11;3;;3,8;1,000;116;;FR81433235876;
INTRA-EX;202409;513881387;BKR8EIX-4;85111000;FR;PT;10;EXW;11;3;;0,2;1,000;41;;FR81433235876;
INTRA-EX;202409;513881387;420103485B;70102000;FR;PT;10;EXW;11;3;;0,1;1,000;23;;FR81433235876;
INTRA-EX;202409;513881387;1K1819653B;84099100;FR;PT;10;EXW;11;3;;0,5;1,000;8;;FR81433235876;
INTRA-EX;202409;513881387;UR-RL2-2525;87088055;FR;PT;10;EXW;11;3;;1,7;1,000;81;;QV999999999999;
INTRA-EX;202409;513881387;FMBGFK18;87089997;FR;PT;10;EXW;11;3;;0,4;1,000;98;;QV999999999999;
INTRA-EX;202409;513881387;CTS-IT-258;84213100;FR;PT;10;EXW;11;3;;0,7;1,000;169;;QV999999999999;
INTRA-EX;202409;513881387;AC-MK7-MD;87089997;FR;PT;10;EXW;11;3;;0,4;1,000;65;;QV999999999999;
INTRA-EX;202409;513881387;613182.654150;87089997;FR;PT;10;EXW;11;3;;0,5;1,000;62;;QV999999999999;
INTRA-EX;202409;513881387;AC-MK7-INLET;40091100;FR;PT;10;EXW;11;3;;0,3;1,000;67;;QV999999999999;
INTRA-EX;202409;513881387;CI100052;84213100;FR;PT;10;EXW;11;3;;4,5;1,000;299;;QV999999999999;
INTRA-EX;202409;513881387;ILFR6B-5;84099100;FR;PT;10;EXW;11;3;;0,8;1,000;44;;QV999999999999;
INTRA-EX;202409;513881387;BH-305;84213100;FR;PT;10;EXW;11;3;;0,5;1,000;97;;QV999999999999;
INTRA-EX;202409;513881387;06E898001-4;85111000;FR;PT;10;EXW;11;3;;1,2;1,000;104;;QV999999999999;
INTRA-EX;202409;513881387;BKR8EIX-4;85111000;FR;PT;10;EXW;11;3;;0,2;1,000;41;;QV999999999999;
INTRA-EX;202409;513881387;ES-335300;87089997;FR;PT;10;EXW;11;3;;0,9;1,000;46;;QV999999999999;
INTRA-EX;202409;513881387;SD-3355036;87089997;FR;PT;10;EXW;11;3;;7,5;1,000;138;;QV999999999999;
INTRA-EX;202409;513881387;DBA42500S-2;87089997;FR;PT;10;EXW;11;3;;14,5;1,000;284;;QV999999999999;
INTRA-EX;202409;513881387;PFR8S8EG-6;87089997;FR;PT;10;EXW;11;3;;1,4;1,000;68;;QV999999999999;
INTRA-EX;202409;513881387;10.127.203K;84132000;FR;PT;10;EXW;11;3;;0,3;1,000;314;;QV999999999999;
INTRA-EX;202409;513881387;BKR8EIX-4;85111000;FR;PT;10;EXW;11;3;;0,2;1,000;41;;QV999999999999;
INTRA-EX;202409;513881387;SILZKBR8D8S-6;84099100;FR;PT;10;EXW;11;3;;0,2;1,000;66;;QV999999999999;
INTRA-EX;202409;513881387;PFR8S8EG-6;87089997;FR;PT;10;EXW;11;3;;1,4;1,000;68;;QV999999999999;
INTRA-EX;202409;513881387;EVE-FX34M-PF;84213100;FR;PT;10;EXW;11;3;;1,5;1,000;183;;QV999999999999;
INTRA-EX;202409;513881387;RBF600;27101999;FR;PT;10;EXW;11;3;;0,6;4,000;38;;QV999999999999;
INTRA-EX;202409;513881387;AC-S55-TP;40091100;FR;PT;10;EXW;11;3;;1,7;1,000;149;;QV999999999999;
INTRA-EX;202409;513881387;VWR810002;87089997;FR;PT;10;EXW;11;3;;0,5;1,000;72;;QV999999999999;
INTRA-EX;202409;513881387;AC-MK7-FU-RD;87088055;FR;PT;10;EXW;11;3;;2,2;1,000;82;;QV999999999999;
INTRA-EX;202409;513881387;06E898001-4;85111000;FR;PT;10;EXW;11;3;;1,2;1,000;104;;QV999999999999;
INTRA-EX;202409;513881387;PFR8S8EG-6;87089997;FR;PT;10;EXW;11;3;;1,4;1,000;68;;QV999999999999;
INTRA-EX;202409;513881387;VWR12G7R600FO;84213100;FR;PT;10;EXW;11;3;;0,5;1,000;92;;QV999999999999;
INTRA-EX;202409;513881387;PF04;85444290;FR;PT;10;EXW;11;3;;0,2;1,000;206;;QV999999999999;
INTRA-EX;202409;513881387;SILZKBR8D8S-6;84099100;FR;PT;10;EXW;11;3;;0,2;1,000;66;;QV999999999999;
INTRA-EX;202409;513881387;9-654-1025;84133080;FR;PT;10;EXW;11;3;;0,8;1,000;165;;FR52839374543;
INTRA-EX;202409;513881387;AC-R56-TB;87089997;FR;PT;10;EXW;11;3;;0,4;1,000;59;;QV999999999999;
INTRA-EX;202409;513881387;PKR7A-6;85111000;FR;PT;10;EXW;11;3;;0,3;1,000;72;;QV999999999999;
INTRA-EX;202409;513881387;50003-MR45XLZ-4;87089997;FR;PT;10;EXW;11;3;;0,4;1,000;83;;QV999999999999;
INTRA-EX;202409;513881387;5w30;27101999;FR;PT;10;EXW;11;3;;1,9;2,000;58;;QV999999999999;
INTRA-EX;202409;513881387;06D998907;87089997;FR;PT;10;EXW;11;3;;0,1;4,000;23;;QV999999999999;
INTRA-EX;202409;513881387;SBMP086;87089235;FR;PT;10;EXW;11;3;;11,8;1,000;262;;FR81803959303;
INTRA-EX;202409;513881387;AC-MK7R-DP;87089235;FR;PT;10;EXW;11;3;;11,3;1,000;185;;FR19980130553;
INTRA-EX;202409;513881387;AC-MK7-IND-BK;40091100;FR;PT;10;EXW;11;3;;0,9;1,000;32;;FR19980130553;
INTRA-EX;202409;513881387;AC-B58-INLET;40091100;DK;PT;10;EXW;11;3;;0,6;1,000;100;;QV999999999999;
INTRA-EX;202409;513881387;ATMSP&C2;87089997;FI;PT;10;EXW;11;3;;2,9;1,000;247;;QV999999999999;
INTRA-EX;202409;513881387;CTS-IT-800;84213100;FI;PT;10;EXW;11;3;;3,6;1,000;266;;QV999999999999;
INTRA-EX;202409;513881387;UR-TW2-3744;87088055;RO;PT;10;EXW;11;3;;2,7;1,000;130;;QV999999999999;
INTRA-EX;202409;513881387;EVE-2TFSI-CF-INT;84213100;PL;PT;10;EXW;11;3;;3,5;1,000;663;;PL8141683531;
INTRA-EX;202409;513881387;FMINDK47;84213100;PL;PT;10;EXW;11;3;;6;1,000;742;;PL5472002575;
INTRA-EX;202409;513881387;JSK-314-BK;84213100;PL;PT;10;EXW;11;3;;2,1;1,000;253;;PL6831081487;
INTRA-EX;202409;513881387;FMTUBL15;87089997;PL;PT;10;EXW;11;3;;0,6;1,000;155;;PL6831081487;
INTRA-EX;202409;513881387;ACSP1;84099100;PL;PT;10;EXW;11;3;;0,5;1,000;26;;PL6831081487;
INTRA-EX;202409;513881387;216CLSDWAOP-R;87089997;PL;PT;10;EXW;11;3;;0,4;1,000;88;;PL6831081487;
INTRA-EX;202409;513881387;CTS-HW-003;87089997;BE;PT;10;EXW;11;3;;0,3;1,000;52;;QV999999999999;
INTRA-EX;202409;513881387;VWR12G6GTFO;84213100;BE;PT;10;EXW;11;3;;0,5;1,000;91;;QV999999999999;
INTRA-EX;202409;513881387;AC-300-CP-6;84099100;BE;PT;10;EXW;11;3;;1,6;1,000;106;;QV999999999999;
INTRA-EX;202409;513881387;MMICP-N55-11;87089997;BE;PT;10;EXW;11;3;;2,2;1,000;180;;BE0740963105;
INTRA-EX;202409;513881387;EVE-C8RS6-CF-INT;84213100;BE;PT;10;EXW;11;3;;5;1,000;1987;;BE0740963105;
INTRA-EX;202409;513881387;VWR900001;85111000;IT;PT;10;EXW;11;3;;0,3;12,000;367;;IT03943631204;
INTRA-EX;202409;513881387;VWR160000;87089997;IT;PT;10;EXW;11;3;;0,7;2,000;229;;IT03943631204;
INTRA-EX;202409;513881387;10.127.101K;84133080;IT;PT;10;EXW;11;3;;0,3;1,000;227;;IT03943631204;
INTRA-EX;202409;513881387;VWR13G700;84099100;IT;PT;10;EXW;11;3;;2,8;1,000;468;;IT03943631204;
INTRA-EX;202409;513881387;VWR900002;85111000;IT;PT;10;EXW;11;3;;0,3;4,000;122;;IT03943631204;
INTRA-EX;202409;513881387;MS100210;85111000;IT;PT;10;EXW;11;3;;0,3;10,000;249;;IT03943631204;
INTRA-EX;202409;513881387;30-3300;87089997;IT;PT;10;EXW;11;3;;4,9;1,000;399;;IT03943631204;
INTRA-EX;202409;513881387;CTS-HW-0271;84099100;IT;PT;10;EXW;11;3;;0,4;1,000;52;;IT03656931205;
INTRA-EX;202409;513881387;R7437-8;85111000;IT;PT;10;EXW;11;3;;0,1;4,000;136;;IT03656931205;
INTRA-EX;202409;513881387;BKR7EIX;85111000;NL;PT;10;EXW;11;3;;0,1;4,000;34;;NL859402022B01;
INTRA-EX;202409;513881387;U5014;84099100;NL;PT;10;EXW;11;3;;0,3;4,000;85;;NL859402022B01;
INTRA-EX;202409;513881387;SP-731;32081090;NL;PT;10;EXW;11;3;;0,5;2,000;25;;NL859402022B01;
INTRA-EX;202409;513881387;10.127.100K;84132000;NL;PT;10;EXW;11;3;;0,3;1,000;227;;NL002241494B08;
INTRA-EX;202409;513881387;SFDX068;1;NL;PT;10;EXW;11;3;;8;1,000;284;;NL002241494B08;
INTRA-EX;202409;513881387;VWR640017;87089997;NL;PT;10;EXW;11;3;;2,2;1,000;69;;NL002254344B79;
INTRA-EX;202409;513881387;9-354-1025;84133080;NL;PT;10;EXW;11;3;;0,8;1,000;161;;NL002254344B79;
INTRA-EX;202409;513881387;VWR180000;87089997;NL;PT;10;EXW;11;3;;0,1;2,000;18;;NL002254344B79;
INTRA-EX;202409;513881387;VWR800000;58109210;NL;PT;10;EXW;11;3;;0,1;1,000;7;;NL002254344B79;
INTRA-EX;202409;513881387;VWR810000;87089997;NL;PT;10;EXW;11;3;;0,2;1,000;17;;NL002254344B79;
INTRA-EX;202409;513881387;9-307-1060;84133080;NL;PT;10;EXW;11;3;;0,6;1,000;122;;NL002254344B79;
INTRA-EX;202409;513881387;300001002;87089997;NL;PT;10;EXW;11;3;;3,4;1,000;545;;NL001963390B53;
INTRA-EX;202409;513881387;F2394P+F2396P;87082910;NL;PT;10;EXW;11;3;;1;1,000;656;;NL002241494B08;
INTRA-EX;202409;513881387;AC-MK7-IND-RD;40091100;ES;PT;10;EXW;11;3;;0,9;1,000;48;;QV999999999999;
INTRA-EX;202409;513881387;SVW0620-4P-BK;87083091;ES;PT;10;EXW;11;3;;0,5;1,000;78;;QV999999999999;
INTRA-EX;202409;513881387;CTS-IT-260;84213100;ES;PT;10;EXW;11;3;;5;1,000;240;;QV999999999999;
INTRA-EX;202409;513881387;UR-ML4-265;87088055;ES;PT;10;EXW;11;3;;3,2;1,000;148;;QV999999999999;
INTRA-EX;202409;513881387;12366-BK;87083091;ES;PT;10;EXW;11;3;;0,5;1,000;210;;QV999999999999;
INTRA-EX;202409;513881387;420103485B;70102000;ES;PT;10;EXW;11;3;;0,1;1,000;23;;QV999999999999;
INTRA-EX;202409;513881387;KDT914;87088020;ES;PT;10;EXW;11;3;;0,4;1,000;23;;QV999999999999;
INTRA-EX;202409;513881387;AC-200-VRH-RD;40093100;ES;PT;10;EXW;11;3;;0,6;1,000;23;;QV999999999999;
INTRA-EX;202409;513881387;8E0971824S-RD;84099100;ES;PT;10;EXW;11;3;;0,2;1,000;14;;QV999999999999;
INTRA-EX;202409;513881387;AC-VAG-ODP;70102000;ES;PT;10;EXW;11;3;;0,2;1,000;8;;QV999999999999;
INTRA-EX;202409;513881387;BKR8EIX-4;85111000;ES;PT;10;EXW;11;3;;0,2;1,000;41;;QV999999999999;
INTRA-EX;202409;513881387;FMKC010-BL;;ES;PT;10;EXW;11;3;;0,1;1,000;216;;QV999999999999;
INTRA-EX;202409;513881387;FMCCHMK5-BL;40093100;ES;PT;10;EXW;11;3;;0,2;1,000;43;;QV999999999999;
INTRA-EX;202409;513881387;SVW0630-4P-BK;87083091;ES;PT;10;EXW;11;3;;0,5;1,000;78;;QV999999999999;
INTRA-EX;202409;513881387;RBF600;27101999;ES;PT;10;EXW;11;3;;0,6;2,000;19;;QV999999999999;
INTRA-EX;202409;513881387;VWR19G706;87089997;ES;PT;10;EXW;11;3;;0,4;1,000;79;;QV999999999999;
INTRA-EX;202409;513881387;SFDC082;87089235;ES;PT;10;EXW;11;3;;4,3;1,000;153;;ESB19296938;
INTRA-EX;202409;513881387;BMR12Z;87088055;ES;PT;10;EXW;11;3;;2,1;1,000;122;;ESB86420924;
INTRA-EX;202409;513881387;BMF63Z;87088055;ES;PT;10;EXW;11;3;;5,7;1,000;122;;ESB86420924;
INTRA-EX;202409;513881387;BKR7EIX;85111000;ES;PT;10;EXW;11;3;;0,1;4,000;34;;ES43179343V;
INTRA-EX;202409;513881387;9-355-1025;84133080;ES;PT;10;EXW;11;3;;0,8;1,000;161;;ESB65945743;
INTRA-EX;202409;513881387;MMINT-MK7-15;84198998;ES;PT;10;EXW;11;3;;16,5;1,000;865;;ESB15501539;
INTRA-EX;202409;513881387;VWR29DQ381;87089997;ES;PT;10;EXW;11;3;;6,2;1,000;809;;ESB15501539;
INTRA-EX;202409;513881387;SVWX043;87089235;ES;PT;10;EXW;11;3;;10;1,000;854;;ESB15501539;
INTRA-EX;202409;513881387;10.127.203K;84132000;ES;PT;10;EXW;11;3;;0,3;1,000;377;;ESB15501539;
INTRA-EX;202409;513881387;R7437-9-4;87089997;ES;PT;10;EXW;11;3;;0,2;1,000;199;;ESB15501539;
INTRA-EX;202409;513881387;CTS-TB-B-4;87089997;ES;PT;10;EXW;11;3;;0,3;1,000;122;;ESB15501539;
INTRA-EX;202409;513881387;LA-2001;84213100;ES;PT;10;EXW;11;3;;0,5;1,000;65;;ESB15501539;
INTRA-EX;202409;513881387;06K103484F;87089997;ES;PT;10;EXW;11;3;;0,1;1,000;7;;ESB15501539;
INTRA-EX;202409;513881387;TS-0203-1263;87089235;ES;PT;10;EXW;11;3;;0,4;1,000;232;;ESB15501539;
INTRA-EX;202409;513881387;CTS-IT-277;87089235;ES;PT;10;EXW;11;3;;1,7;1,000;229;;ESB15501539;
INTRA-EX;202409;513881387;CTS-IT-280;87089235;ES;PT;10;EXW;11;3;;1,5;1,000;203;;ESB15501539;
INTRA-EX;202409;513881387;VWR19G703;70102000;ES;PT;10;EXW;11;3;;0,2;1,000;103;;ESB15501539;
INTRA-EX;202409;513881387;VWR120001;87089997;ES;PT;10;EXW;11;3;;0,1;1,000;7;;ESB15501539;
INTRA-EX;202409;513881387;VWR18G700;87089997;ES;PT;10;EXW;11;3;;4;1,000;648;;ESB15501539;
INTRA-EX;202409;513881387;L3P3VGT7;87089997;ES;PT;10;EXW;11;3;;1;1,000;387;;ESB15501539;
INTRA-EX;202409;513881387;VWR18G700-SERV;87089997;ES;PT;10;EXW;11;3;;0,1;1,000;33;;ESB15501539;
INTRA-EX;202409;513881387;TTE475;84099100;ES;PT;10;EXW;11;3;;13,5;1,000;2507;;ESB15501539;
INTRA-EX;202409;513881387;COMBO-NOV-MQB;84213100;ES;PT;10;EXW;11;3;;5,5;1,000;529;;ESB67377143;
INTRA-EX;202409;513881387;ATINTVAG7;87089135;ES;PT;10;EXW;11;3;;18,1;1,000;773;;ESB67497925;
INTRA-EX;202409;513881387;AC-250-CH-RD;40093100;ES;PT;10;EXW;11;3;;2,4;1,000;233;;ESB86280039;
INTRA-EX;202409;513881387;JE-337967;87082910;ES;PT;10;EXW;11;3;;3,3;1,000;1028;;ESB86280039;
INTRA-EX;202409;513881387;15004-AT013;84213100;ES;PT;10;EXW;11;3;;6,5;1,000;1216;;ESB86420924;
INTRA-EX;202409;513881387;HN17;87089235;ES;PT;10;EXW;11;3;;24;1,000;576;;ESB87803904;
INTRA-EX;202409;513881387;COMBO-NOV-MQB;84213100;ES;PT;10;EXW;11;3;;5,5;1,000;529;;ESB91582494;
INTRA-EX;202409;513881387;MMRAD-E90-07;87089135;ES;PT;10;EXW;11;3;;6,4;1,000;536;;ESE70432497;
INTRA-EX;202409;513881387;MMOC-350Z-03T;87089135;ES;PT;10;EXW;11;3;;5,3;1,000;493;;ESE74153172;
INTRA-EX;202409;513881387;DBA4654S-10-2;87089997;ES;PT;10;EXW;11;3;;20;1,000;389;;ESF09552761;
INTRA-EX;202409;513881387;DBA42656S-10-2;87089997;ES;PT;10;EXW;11;3;;16,8;1,000;388;;ESF09552761;
INTRA-EX;202409;513881387;SP1230WB;84213100;ES;PT;10;EXW;11;3;;5;1,000;386;;ESF09552761;
INTRA-EX;202409;513881387;52009-AK005;84213100;ES;PT;10;EXW;11;3;;0,4;1,000;23;;ESF09552761;
INTRA-EX;202409;513881387;BTR105Z;87088055;ES;PT;10;EXW;11;3;;3,6;1,000;329;;ES12764811H;
INTRA-EX;202409;513881387;BSF45XZ;87089997;ES;PT;10;EXW;11;3;;5,5;1,000;255;;ES12764811H;
INTRA-EX;202409;513881387;883089.000060;84836080;ES;PT;10;EXW;11;3;;15,5;1,000;1289;;ESF95832895;
INTRA-EX;202409;513881387;COMBO-NOV-MQB;84213100;ES;PT;10;EXW;11;3;;5,5;1,000;529;;ESB12863981;
INTRA-EX;202409;513881387;COMBO-NOV-MQB;84213100;ES;PT;10;EXW;11;3;;5,5;1,000;529;;ESA60479078;
INTRA-EX;202409;513881387;AC-MUS8-EXMDP;87089997;ES;PT;10;EXW;11;3;;23,5;1,000;899;;ES71155708X;
INTRA-EX;202409;513881387;ATINTVAG46;87089135;ES;PT;10;EXW;11;3;;1,9;2,000;636;;ESF21229786;
INTRA-EX;202409;513881387;FMTUBL4;87089997;ES;PT;10;EXW;11;3;;0,8;1,000;131;;QV999999999999;
INTRA-EX;202409;513881387;FM225BHP;87089135;ES;PT;10;EXW;11;3;;1,3;1,000;133;;QV999999999999;
INTRA-EX;202409;513881387;MMGRT-215;87089997;ES;PT;10;EXW;11;3;;0,1;1,000;29;;ES33558767L;
INTRA-EX;202409;513881387;ATINTHON02-BK;87089997;ES;PT;10;EXW;11;3;;22,3;1,000;834;;ES33558767L;
INTRA-EX;202409;513881387;FMINDF56;84213100;ES;PT;10;EXW;11;3;;2,3;1,000;304;;QV999999999999;
INTRA-EX;202409;513881387;VWR800001;58109210;ES;PT;10;EXW;11;3;;0,1;3,000;27;;ESB15501539;
INTRA-EX;202409;513881387;MS100201;87089997;ES;PT;10;EXW;11;3;;3,3;1,000;749;;ESB15501539;
INTRA-EX;202409;513881387;VWR12G7R601FO;84213100;ES;PT;10;EXW;11;3;;0,9;1,000;135;;ESB15501539;
INTRA-EX;202409;513881387;VWR1200R601E;84213100;ES;PT;10;EXW;11;3;;5,2;1,000;338;;ES33558767L;
INTRA-EX;202409;513881387;MS100210-4;84099100;FR;PT;10;EXW;11;3;;1,1;1,000;119;;QV999999999999;
INTRA-EX;202409;513881387;ESR980WB;84213100;FR;PT;10;EXW;11;3;;4,2;1,000;274;;QV999999999999;
INTRA-EX;202409;513881387;AC-211-IT;84198998;FR;PT;10;EXW;11;3;;5,5;1,000;187;;QV999999999999;
INTRA-EX;202409;513881387;UR-TW2-305;84099100;FR;PT;10;EXW;11;3;;2,5;1,000;92;;FR09904392206;
INTRA-EX;202409;513881387;VWR12G60R;84213100;FR;PT;10;EXW;11;3;;3,2;1,000;543;;FR07818794620;
INTRA-EX;202409;513881387;ARMAHD2000-A;84213100;FR;PT;10;EXW;11;3;;3,2;1,000;721;;FR08848538377;
INTRA-EX;202409;513881387;AC-W204-EXMDP;87089997;FR;PT;10;EXW;11;3;;22,4;1,000;746;;FR08880445945;
INTRA-EX;202409;513881387;COMBO-NOV-MQB;84213100;FR;PT;10;EXW;11;3;;5,5;1,000;529;;FR09538385113;
INTRA-EX;202409;513881387;20MN33002X-RD;87089997;FR;PT;10;EXW;11;3;;27;1,000;1268;;FR09848339883;
INTRA-EX;202409;513881387;RBF700;27101999;FR;PT;10;EXW;11;3;;0,6;2,000;35;;FR09848339883;
INTRA-EX;202409;513881387;ATINTMAZ02;87089135;FR;PT;10;EXW;11;3;;22,3;1,000;973;;FR11452992845;
INTRA-EX;202409;513881387;BKR7EIX-4;84099100;FR;PT;10;EXW;11;3;;0,5;1,000;48;;FR11808645576;
INTRA-EX;202409;513881387;VWR900001-4;84099100;FR;PT;10;EXW;11;3;;1,2;1,000;188;;FR11808645576;
INTRA-EX;202409;513881387;10.127.203K;84132000;FR;PT;10;EXW;11;3;;0,3;1,000;377;;FR11808645576;
INTRA-EX;202409;513881387;10.127.203T;87089997;FR;PT;10;EXW;11;3;;0,1;1,000;16;;FR11808645576;
INTRA-EX;202409;513881387;17U-00-0750-5;87089997;FR;PT;10;EXW;11;3;;0,3;1,000;566;;FR12792690208;
INTRA-EX;202409;513881387;AC-27-DP;87089235;FR;PT;10;EXW;11;3;;9,8;1,000;296;;FR12812220770;
INTRA-EX;202409;513881387;AC-27-CB;87089235;FR;PT;10;EXW;11;3;;22;1,000;448;;FR12812220770;
INTRA-EX;202409;513881387;ATIKFO14;87089997;FR;PT;10;EXW;11;3;;4,5;1,000;669;;FR13529158636;
INTRA-EX;202409;513881387;ILFR6B-5;84099100;FR;PT;10;EXW;11;3;;0,8;1,000;53;;FR13529158636;
INTRA-EX;202409;513881387;FMBP6;87089997;FR;PT;10;EXW;11;3;;1,2;2,000;254;;FR14503639650;
INTRA-EX;202409;513881387;JSK-140-RD;84213100;FR;PT;10;EXW;11;3;;1,6;2,000;481;;FR14503639650;
INTRA-EX;202409;513881387;ATMSFO108;87089997;FR;PT;10;EXW;11;3;;0,2;2,000;245;;FR14503639650;
INTRA-EX;202409;513881387;ATMSFO124;87089997;FR;PT;10;EXW;11;3;;2,9;2,000;389;;FR14503639650;
INTRA-EX;202409;513881387;FMINTRS3;87089997;FR;PT;10;EXW;11;3;;19,9;1,000;1249;;FR16812002004;
INTRA-EX;202409;513881387;CTS-HW-0484-SL;87089997;FR;PT;10;EXW;11;3;;3,6;1,000;799;;FR16892316258;
INTRA-EX;202409;513881387;AC-MK7-IM;84099100;FR;PT;10;EXW;11;3;;3;1,000;539;;FR18809388663;
INTRA-EX;202409;513881387;CTS-IGN-008;84099100;FR;PT;10;EXW;11;3;;0,3;6,000;252;;FR21842127813;
INTRA-EX;202409;513881387;5W40;27101999;FR;PT;10;EXW;11;3;;1,9;4,000;139;;FR21842127813;
INTRA-EX;202409;513881387;EVE-F8xM-PF;84212300;FR;PT;10;EXW;11;3;;1,5;1,000;135;;FR21842127813;
INTRA-EX;202409;513881387;SILZKBR8D8S-6;84099100;FR;PT;10;EXW;11;3;;0,2;1,000;79;;FR21842127813;
INTRA-EX;202409;513881387;11427566327;84099100;FR;PT;10;EXW;11;3;;0,1;1,000;6;;FR21842127813;
INTRA-EX;202409;513881387;MS100144;84132000;FR;PT;10;EXW;11;3;;1,6;1,000;1091;;FR23812965960;
INTRA-EX;202409;513881387;9-307-1017;84133080;FR;PT;10;EXW;11;3;;0,5;1,000;215;;FR23813497617;
INTRA-EX;202409;513881387;AB80SFRS2;84213100;FR;PT;10;EXW;11;3;;2,8;1,000;559;;FR23813497617;
INTRA-EX;202409;513881387;CTS-20T-MQB-DF;87089199;FR;PT;10;EXW;11;3;;16;1,000;863;;FR23829958032;
INTRA-EX;202409;513881387;AC-MK7-IM;84099100;FR;PT;10;EXW;11;3;;3;1,000;539;;FR25849320429;
INTRA-EX;202409;513881387;4B1609H-STD;40091100;FR;PT;10;EXW;11;3;;0,5;1,000;53;;FR29825099401;
INTRA-EX;202409;513881387;043DQ14144;84099100;FR;PT;10;EXW;11;3;;2,5;1,000;544;;FR29825099401;
INTRA-EX;202409;513881387;EVE-N55-ENG;84099100;FR;PT;10;EXW;11;3;;3,8;1,000;863;;FR31834233439;
INTRA-EX;202409;513881387;AC-200-IC;84198998;FR;PT;10;EXW;11;3;;13,5;1,000;539;;FR35798099065;
INTRA-EX;202409;513881387;LA-3003;84213100;FR;PT;10;EXW;11;3;;0,8;1,000;93;;FR36519452080;
INTRA-EX;202409;513881387;ASMSHIRTM-Z;61091000;FR;PT;10;EXW;11;3;;1;1,000;15;;FR36519452080;
INTRA-EX;202409;513881387;24996-AK051;84213100;FR;PT;10;EXW;11;3;;0,4;1,000;82;;FR36519452080;
INTRA-EX;202409;513881387;L3P3TA90;87089997;FR;PT;10;EXW;11;3;;0,2;1,000;415;;FR36519452080;
INTRA-EX;202409;513881387;KWM074;87088055;FR;PT;10;EXW;11;3;;0,1;1,000;6;;FR36519452080;
INTRA-EX;202409;513881387;CTS-HW-0199;87089997;FR;PT;10;EXW;11;3;;0,3;1,000;79;;QV999999999999;
INTRA-EX;202409;513881387;RBF660;27101999;FR;PT;10;EXW;11;3;;0,6;3,000;36;;QV999999999999;
INTRA-EX;202409;513881387;MMTS-240-89KA;90321020;FR;PT;10;EXW;11;3;;0,1;1,000;47;;QV999999999999;
INTRA-EX;202409;513881387;10.127.203K;84132000;FR;PT;10;EXW;11;3;;0,3;1,000;314;;QV999999999999;
INTRA-EX;202409;513881387;MST-BW-B5801;84213100;FR;PT;10;EXW;11;3;;2,7;1,000;352;;QV999999999999;
INTRA-EX;202409;513881387;VWR90000-4;84099100;FR;PT;10;EXW;11;3;;1,2;1,000;157;;QV999999999999;
INTRA-EX;202409;513881387;Z1003100-4;85111000;FR;PT;10;EXW;11;3;;0,4;1,000;120;;QV999999999999;
INTRA-EX;202409;513881387;10.127.203T;87089997;FR;PT;10;EXW;11;3;;0,1;1,000;14;;QV999999999999;
INTRA-EX;202409;513881387;5B7880H-STD;40091100;FR;PT;10;EXW;11;3;;0,3;1,000;54;;QV999999999999;
INTRA-EX;202409;513881387;MMICP-RS-16HWBK;40093100;FR;PT;10;EXW;11;3;;4,5;1,000;165;;FR77978902617;
INTRA-EX;202409;513881387;SAUC093;87089235;FR;PT;10;EXW;11;3;;11,5;1,000;444;;FR77978902617;
INTRA-EX;202409;513881387;CTS-IT-259;40091100;FR;PT;10;EXW;11;3;;1,1;1,000;145;;FR09800029712;
INTRA-EX;202409;513881387;CTS-IT-810;40091100;FR;PT;10;EXW;11;3;;1,4;1,000;220;;FR35504243288;
INTRA-EX;202409;513881387;MMTS-E90-07;87089997;FR;PT;10;EXW;11;3;;0,1;2,000;114;;FR35504243288;
INTRA-EX;202409;513881387;11427566327;84099100;FR;PT;10;EXW;11;3;;0,1;4,000;20;;FR35504243288;
INTRA-EX;202409;513881387;CTS-IT-910;40091100;FR;PT;10;EXW;11;3;;1,9;1,000;161;;FR35504243288;
INTRA-EX;202409;513881387;20AU33002X-RD;87089997;FR;PT;10;EXW;11;3;;30;1,000;1268;;FR37789181112;
INTRA-EX;202409;513881387;COMBO-NOV-MQB;84213100;FR;PT;10;EXW;11;3;;5,5;1,000;529;;FR38814811196;
INTRA-EX;202409;513881387;VWR31G7GT;87088035;FR;PT;10;EXW;11;3;;8;1,000;290;;FR38814811196;
INTRA-EX;202409;513881387;2Q0121321A;87089997;FR;PT;10;EXW;11;3;;0,2;1,000;10;;FR38814811196;
INTRA-EX;202409;513881387;"THE-B5 055 00";40091100;FR;PT;10;EXW;11;3;;2;1,000;711;;FR39810910018;
INTRA-EX;202409;513881387;ATINTFO20;87089997;FR;PT;10;EXW;11;3;;10,5;1,000;429;;FR40792294522;
INTRA-EX;202409;513881387;ILFR6B-5;84099100;FR;PT;10;EXW;11;3;;0,8;1,000;53;;FR40792294522;
INTRA-EX;202409;513881387;ATMSFO5-W;84099100;FR;PT;10;EXW;11;3;;5,4;1,000;494;;FR40792294522;
INTRA-EX;202409;513881387;VWR19G711;84213100;FR;PT;10;EXW;11;3;;0,3;1,000;117;;FR40819531831;
INTRA-EX;202409;513881387;CTS-HW-046;87089997;FR;PT;10;EXW;11;3;;0,3;1,000;130;;FR40819531831;
INTRA-EX;202409;513881387;PF04;85444290;FR;PT;10;EXW;11;3;;0,2;1,000;247;;FR40819531831;
INTRA-EX;202409;513881387;ATINTREN8;87089997;FR;PT;10;EXW;11;3;;12,2;1,000;701;;FR43509340188;
INTRA-EX;202409;513881387;DBA42676S-2;87089997;FR;PT;10;EXW;11;3;;25;1,000;381;;FR44843962317;
INTRA-EX;202409;513881387;CTS-HW-455;87089997;FR;PT;10;EXW;11;3;;1,4;1,000;199;;FR44843962317;
INTRA-EX;202409;513881387;AC-200-IT;84198998;FR;PT;10;EXW;11;3;;5;1,000;224;;FR46810264259;
INTRA-EX;202409;513881387;AC-200-HS;87089997;FR;PT;10;EXW;11;3;;0,5;1,000;26;;FR46810264259;
INTRA-EX;202409;513881387;AC-200-FD;87089997;FR;PT;10;EXW;11;3;;0,5;1,000;58;;FR46810264259;
INTRA-EX;202409;513881387;BWR21XZ;87089997;FR;PT;10;EXW;11;3;;5,4;1,000;219;;FR46810264259;
INTRA-EX;202409;513881387;8E0971824S-RD;84099100;FR;PT;10;EXW;11;3;;0,2;1,000;16;;FR46810264259;
INTRA-EX;202409;513881387;2Q0121321A;87089997;FR;PT;10;EXW;11;3;;0,2;1,000;10;;FR46810264259;
INTRA-EX;202409;513881387;FMINTSCIR;87089997;FR;PT;10;EXW;11;3;;10,7;1,000;528;;FR47503616963;
INTRA-EX;202409;513881387;CTS-EXH-CB-0017;87089235;FR;PT;10;EXW;11;3;;13,6;1,000;626;;FR48881778997;
INTRA-EX;202409;513881387;500001018;87089997;FR;PT;10;EXW;11;3;;13,5;1,000;525;;FR49805122678;
INTRA-EX;202409;513881387;JSK-101-DD;84213100;FR;PT;10;EXW;11;3;;4,4;4,000;1197;;FR50853800738;
INTRA-EX;202409;513881387;RBF600;27101999;FR;PT;10;EXW;11;3;;0,6;2,000;23;;FR51825111792;
INTRA-EX;202409;513881387;AMS-00.06.0108-1;87089997;FR;PT;10;EXW;11;3;;0,1;1,000;4;;FR51825111792;
INTRA-EX;202409;513881387;SFD0121-4P-RD;87083091;FR;PT;10;EXW;11;3;;0,5;1,000;101;;FR51825111792;
INTRA-EX;202409;513881387;E90-35-020-02-22;73202081;FR;PT;10;EXW;11;3;;23,3;1,000;842;;FR51825111792;
INTRA-EX;202409;513881387;ALP.19.08.0004-1;87089997;FR;PT;10;EXW;11;3;;2;1,000;689;;FR52839374543;
INTRA-EX;202409;513881387;33006-KH001;87089235;FR;PT;10;EXW;11;3;;8,5;1,000;792;;FR53830473112;
INTRA-EX;202409;513881387;ATMSFK802;87089997;FR;PT;10;EXW;11;3;;4;1,000;457;;FR53830473112;
INTRA-EX;202409;513881387;D760-0038;84099100;FR;PT;10;EXW;11;3;;4;1,000;565;;FR54423658087;
INTRA-EX;202409;513881387;"CTS-HW-036 ARP";87089997;AT;PT;10;EXW;11;3;;0,7;1,000;141;;QV999999999999;
INTRA-EX;202409;513881387;AC-200-SF;87088055;AT;PT;10;EXW;11;3;;4;1,000;127;;QV999999999999;
INTRA-EX;202409;513881387;AC-200-TB;87088055;AT;PT;10;EXW;11;3;;0,5;1,000;74;;QV999999999999;
INTRA-EX;202409;513881387;JSK-314-BK;84213100;DK;PT;10;EXW;11;3;;2,1;1,000;203;;QV999999999999;
INTRA-EX;202409;513881387;10.127.1012K;84133080;PL;PT;10;EXW;11;3;;0,6;1,000;454;;PL8141683531;
INTRA-EX;202409;513881387;R7437-9;85111000;PL;PT;10;EXW;11;3;;0,1;10,000;353;;PL8141683531;
INTRA-EX;202409;513881387;MMHOSE-AUD-TBBK;40091100;PL;PT;10;EXW;11;3;;0,2;1,000;27;;PL8141683531;
INTRA-EX;202409;513881387;EVE-8YS3-CF-INT;84213100;PL;PT;10;EXW;11;3;;4,9;1,000;999;;PL8141683531;
INTRA-EX;202409;513881387;R7437-9;85111000;PL;PT;10;EXW;11;3;;0,1;2,000;70;;PL8141683531;
INTRA-EX;202409;513881387;FMTIA11-BK;87089997;BE;PT;10;EXW;11;3;;2,1;1,000;230;;QV999999999999;
INTRA-EX;202409;513881387;FMMD7;87089235;BE;PT;10;EXW;11;3;;0,6;1,000;82;;QV999999999999;
INTRA-EX;202409;513881387;FMBH7-BK;40091100;BE;PT;10;EXW;11;3;;0,5;1,000;56;;QV999999999999;
INTRA-EX;202409;513881387;EVE-8YS3-CF-INT;84213100;IT;PT;10;EXW;11;3;;4,9;1,000;999;;IT03002640732;
INTRA-EX;202409;513881387;VWR49G701;87084099;IT;PT;10;EXW;11;3;;0,1;1,000;131;;IT03002640732;
INTRA-EX;202409;513881387;MMRAD-MAC-06;87089135;IT;PT;10;EXW;11;3;;8,3;1,000;208;;IT02710790060;
INTRA-EX;202409;513881387;AC-200-CH-BL;40093100;IT;PT;10;EXW;11;3;;1;1,000;69;;IT02710790060;
INTRA-EX;202409;513881387;MMRAD-MIA-99;87089135;IT;PT;10;EXW;11;3;;8,4;1,000;148;;IT02710790060;
INTRA-EX;202409;513881387;SBMP082;87089235;NL;PT;10;EXW;11;3;;9;1,000;150;;NL002241494B08;
INTRA-EX;202409;513881387;VWR1200R600E;84213100;NL;PT;10;EXW;11;3;;5,2;1,000;309;;NL002241494B08;
INTRA-EX;202409;513881387;EVE-EA8884-R-INT;84213100;NL;PT;10;EXW;11;3;;5;1,000;999;;NL002241494B08;
INTRA-EX;202409;513881387;EVE-F8xM-PF;84212300;NL;PT;10;EXW;11;3;;1,5;1,000;85;;NL002241494B08;
INTRA-EX;202409;513881387;TS-0622-7072;87089997;NL;PT;10;EXW;11;3;;0,5;1,000;93;;NL002241494B08;
INTRA-EX;202409;513881387;FMWRX301-A;84814090;ES;PT;10;EXW;11;3;;0,6;1,000;116;;ES78624651w;
INTRA-EX;202409;513881387;MMFS-240-89KA;84149000;ES;PT;10;EXW;11;3;;5,2;1,000;187;;ES54073987K;
INTRA-EX;202409;513881387;PFR8S8EG-6;87089997;ES;PT;10;EXW;11;3;;1,4;1,000;68;;ESB27515634;
INTRA-EX;202409;513881387;CTS-HW-266-187;87089997;ES;PT;10;EXW;11;3;;2,7;1,000;322;;ESB27515634;
INTRA-EX;202409;513881387;VWR12G7R601FO;84213100;ES;PT;10;EXW;11;3;;0,9;1,000;134;;QV999999999999;
INTRA-EX;202409;513881387;Z-335233;87089997;ES;PT;10;EXW;11;3;;0,9;1,000;152;;QV999999999999;
INTRA-EX;202409;513881387;SILZKGR8B8S-4;84099100;ES;PT;10;EXW;11;3;;0,2;1,000;39;;QV999999999999;
INTRA-EX;202409;513881387;UR-TW2-3300;87088055;ES;PT;10;EXW;11;3;;3,5;1,000;128;;QV999999999999;
INTRA-EX;202409;513881387;06F103483E;87089235;ES;PT;10;EXW;11;3;;0,1;1,000;8;;QV999999999999;
INTRA-EX;202409;513881387;SVW0620-4P-BK;87083091;ES;PT;10;EXW;11;3;;0,5;1,000;78;;QV999999999999;
INTRA-EX;202409;513881387;AC-MK45-RU-BK;87088055;ES;PT;10;EXW;11;3;;2,8;1,000;74;;QV999999999999;
INTRA-EX;202409;513881387;SMA0001-1P-BK;87083091;ES;PT;10;EXW;11;3;;0,3;1,000;17;;QV999999999999;
INTRA-EX;202409;513881387;613182.654150;87089997;ES;PT;10;EXW;11;3;;0,5;1,000;62;;QV999999999999;
INTRA-EX;202409;513881387;ITGHYUNDAIi20NF;84213100;ES;PT;10;EXW;11;3;;3,1;1,000;350;;QV999999999999;
INTRA-EX;202409;513881387;FS-39033B44R/45L;87089997;ES;PT;10;EXW;11;3;;20;1,000;738;;ESB67114637;
INTRA-EX;202409;513881387;17U-06-1000-6;84133080;ES;PT;10;EXW;11;3;;0,6;1,000;583;;ESB67114637;
INTRA-EX;202409;513881387;FMTIA11-BK;87089997;ES;PT;10;EXW;11;3;;2,1;1,000;230;;QV999999999999;
INTRA-EX;202409;513881387;ATMSHYU7;87089997;ES;PT;10;EXW;11;3;;1;1,000;94;;QV999999999999;
INTRA-EX;202409;513881387;EVE-2TFSI-CF-INT;84213100;ES;PT;10;EXW;11;3;;3,5;1,000;663;;ESB86420924;
INTRA-EX;202409;513881387;AC-MK7-CP-BL;84099100;ES;PT;10;EXW;11;3;;0,3;4,000;71;;ESB04855516;
INTRA-EX;202409;513881387;MS100210;85111000;ES;PT;10;EXW;11;3;;0,3;4,000;99;;ESB04855516;
INTRA-EX;202409;513881387;AC-MK7-FU-BK;87088055;ES;PT;10;EXW;11;3;;2,2;1,000;59;;ESB42771618;
INTRA-EX;202409;513881387;ILZKBR7B8G;85111000;ES;PT;10;EXW;11;3;;0,1;4,000;31;;ESB42771618;
INTRA-EX;202409;513881387;AC-300-CP;84099100;ES;PT;10;EXW;11;3;;0,3;4,000;47;;ESB42771618;
INTRA-EX;202409;513881387;D650-0009;84099100;ES;PT;10;EXW;11;3;;0,3;4,000;116;;ESB42771618;
INTRA-EX;202409;513881387;883089.000034;84836080;ES;PT;10;EXW;11;3;;15,5;1,000;1383;;ES02288137M;
INTRA-EX;202409;513881387;ATMSREN3;87089997;ES;PT;10;EXW;11;3;;5;1,000;459;;ES04842987S;
INTRA-EX;202409;513881387;FMINDK31;84213100;ES;PT;10;EXW;11;3;;3,5;1,000;321;;ES04842987S;
INTRA-EX;202409;513881387;ATMSREN10;87089997;ES;PT;10;EXW;11;3;;1,2;1,000;176;;ES04842987S;
INTRA-EX;202409;513881387;CTS-IT-932;84213100;ES;PT;10;EXW;11;3;;1,4;1,000;431;;ES16610275C;
INTRA-EX;202409;513881387;CTS-IT-259;40091100;ES;PT;10;EXW;11;3;;1,1;1,000;175;;ES16610275C;
INTRA-EX;202409;513881387;8E0971824S-RD;84099100;ES;PT;10;EXW;11;3;;0,2;1,000;16;;ES16610275C;
INTRA-EX;202409;513881387;1K0253144BD;40091100;ES;PT;10;EXW;11;3;;0,2;1,000;11;;ES16610275C;
INTRA-EX;202409;513881387;SFD084D;87089235;ES;PT;10;EXW;11;3;;21,5;1,000;1211;;ES33558767L;
INTRA-EX;202409;513881387;9-301-0791;84133080;ES;PT;10;EXW;11;3;;0,5;1,000;168;;ES38873546G;
INTRA-EX;202409;513881387;17U-07-0750-4;84133080;ES;PT;10;EXW;11;3;;0,3;1,000;480;;ES38873546G;
INTRA-EX;202409;513881387;AC-MQB-IC;84198998;ES;PT;10;EXW;11;3;;16;1,000;584;;ES41011056D;
INTRA-EX;202409;513881387;ARMAAD08VA-A;84213100;ES;PT;10;EXW;11;3;;4,4;1,000;1485;;ES43179343V;
INTRA-EX;202409;513881387;MMHOSE-FOST-13BL;40091100;ES;PT;10;EXW;11;3;;1,1;1,000;112;;ES44657479N;
INTRA-EX;202409;513881387;MMRAD-FOST-13;87089135;ES;PT;10;EXW;11;3;;8,4;1,000;514;;ES44657479N;
INTRA-EX;202409;513881387;52008-AK003;84213100;ES;PT;10;EXW;11;3;;4,4;1,000;62;;ES44657479N;
INTRA-EX;202409;513881387;AMS.39.09.0001-1;84213100;ES;PT;10;EXW;11;3;;3,2;1,000;559;;ES48653116C;
INTRA-EX;202409;513881387;FMINDK43;84213100;ES;PT;10;EXW;11;3;;3,1;1,000;501;;ES48924146H;
INTRA-EX;202409;513881387;ARMAGOLF6R-A;84213100;ES;PT;10;EXW;11;3;;5,2;1,000;867;;ES52045309N;
INTRA-EX;202409;513881387;70020-AN105;84213100;ES;PT;10;EXW;11;3;;3,2;1,000;508;;ES53209459V;
INTRA-EX;202409;513881387;COMBO-NOV-MQB;84213100;ES;PT;10;EXW;11;3;;5,5;1,000;529;;ES53485527Q;
INTRA-EX;202409;513881387;AC-S55-MP;87089235;ES;PT;10;EXW;11;3;;15;1,000;629;;ES71286183Y;
INTRA-EX;202409;513881387;AMS.04.05.0001-1;87089235;ES;PT;10;EXW;11;3;;7,8;1,000;599;;ES71515770F;
INTRA-EX;202409;513881387;SAU0630-4P-BK;87083091;ES;PT;10;EXW;11;3;;0,5;1,000;83;;QV999999999999;
INTRA-EX;202409;513881387;AC-200-OSA;87089997;ES;PT;10;EXW;11;3;;0,2;1,000;27;;ES41572866k;
INTRA-EX;202409;513881387;E40-85-014-06-11;87088055;ES;PT;10;EXW;11;3;;13,2;1,000;460;;ES41572866k;
INTRA-EX;202409;513881387;STY0014-4P-BK;87083091;ES;PT;10;EXW;11;3;;0,5;1,000;77;;ES41572866k;
INTRA-EX;202409;513881387;ATMSYGR07;87089997;ES;PT;10;EXW;11;3;;0,5;1,000;118;;ES41572866k;
INTRA-EX;202409;513881387;E10-20-035-01-22;87088035;ES;PT;10;EXW;11;3;;11,2;1,000;210;;ES41572866k;
INTRA-EX;202409;513881387;SBW1171-4P-BK;87083091;ES;PT;10;EXW;11;3;;0,5;1,000;78;;ES41572866k;
INTRA-EX;202409;513881387;AC-200-CH-RD;40093100;ES;PT;10;EXW;11;3;;1;1,000;122;;QV999999999999;
INTRA-EX;202409;513881387;CTS-IT-110;40091100;ES;PT;10;EXW;11;3;;1,3;1,000;188;;QV999999999999;
INTRA-EX;202409;513881387;CTS-IT-500;40091100;ES;PT;10;EXW;11;3;;1,6;1,000;148;;QV999999999999;
INTRA-EX;202409;513881387;AC-MK7-FPT;84133080;ES;PT;10;EXW;11;3;;0,1;1,000;10;;QV999999999999;
INTRA-EX;202409;513881387;9-201s-1005;84133080;ES;PT;10;EXW;11;3;;0,6;1,000;89;;QV999999999999;
INTRA-EX;202409;513881387;AC-200-LMI;87089997;FR;PT;10;EXW;11;3;;0,5;1,000;15;;QV999999999999;
INTRA-EX;202409;513881387;FMMKV1-BK;40091100;FR;PT;10;EXW;11;3;;0,3;1,000;37;;QV999999999999;
INTRA-EX;202409;513881387;BKR8EIX-4;85111000;FR;PT;10;EXW;11;3;;0,2;1,000;41;;QV999999999999;
INTRA-EX;202409;513881387;DILKAR8R9HS-4;85111000;FR;PT;10;EXW;11;3;;0,6;1,000;62;;QV999999999999;
INTRA-EX;202409;513881387;SCEXVDM;87089235;FR;PT;10;EXW;11;3;;0,1;1,000;22;;QV999999999999;
INTRA-EX;202409;513881387;FMINLFRS3-BK;;FR;PT;10;EXW;11;3;;0,1;1,000;41;;QV999999999999;
INTRA-EX;202409;513881387;10.127.203K;84132000;FR;PT;10;EXW;11;3;;0,3;1,000;314;;QV999999999999;
INTRA-EX;202409;513881387;AC-MK7-INLET;40091100;FR;PT;10;EXW;11;3;;0,3;1,000;67;;QV999999999999;
INTRA-EX;202409;513881387;AC-MK7-MD;87089997;FR;PT;10;EXW;11;3;;0,4;1,000;65;;QV999999999999;
INTRA-EX;202409;513881387;06E898001-4;85111000;FR;PT;10;EXW;11;3;;1,2;1,000;104;;QV999999999999;
INTRA-EX;202409;513881387;BKR8EIX-4;85111000;FR;PT;10;EXW;11;3;;0,2;1,000;41;;QV999999999999;
INTRA-EX;202409;513881387;AC-200-PP;84198998;FR;PT;10;EXW;11;3;;0,5;1,000;82;;QV999999999999;
INTRA-EX;202409;513881387;AC-S63.2-DP;87089997;FR;PT;10;EXW;11;3;;9,2;1,000;472;;FR35504243288;
INTRA-EX;202409;513881387;11427566327;84099100;FR;PT;10;EXW;11;3;;0,1;1,000;5;;FR35504243288;
INTRA-EX;202409;513881387;MMIG-BMW-0206;85111000;FR;PT;10;EXW;11;3;;2;1,000;110;;FR35504243288;
INTRA-EX;202409;513881387;SILZKBR8D8S-6;84099100;FR;PT;10;EXW;11;3;;0,2;3,000;199;;FR35504243288;
INTRA-EX;202409;513881387;52006-AK003;84213100;FR;PT;10;EXW;11;3;;1;1,000;14;;QV999999999999;
INTRA-EX;202409;513881387;ILZKBR7B8G-4;87089997;FR;PT;10;EXW;11;3;;0,2;1,000;37;;QV999999999999;
INTRA-EX;202409;513881387;CTS-IT-258;84213100;FR;PT;10;EXW;11;3;;0,7;1,000;169;;FR09800029712;
INTRA-EX;202409;513881387;RPF-1742;84213100;FR;PT;10;EXW;11;3;;0,3;1,000;25;;QV999999999999;
INTRA-EX;202409;513881387;E10-20-035-01-22;87088035;FR;PT;10;EXW;11;3;;11,2;1,000;210;;QV999999999999;
INTRA-EX;202409;513881387;EVE-S1-CF-INT;84213100;FR;PT;10;EXW;11;3;;3,2;1,000;456;;FR94827543661;
INTRA-EX;202409;513881387;VWR1200R600E;84213100;FR;PT;10;EXW;11;3;;5,2;1,000;309;;FR94827543661;
INTRA-EX;202409;513881387;VWR120010;40091100;FR;PT;10;EXW;11;3;;1,4;1,000;178;;FR94827543661;
INTRA-EX;202409;513881387;AC-N55-TP;40091100;FR;PT;10;EXW;11;3;;1,7;1,000;110;;FR74517896148;
INTRA-EX;202409;513881387;BHR87Z;87088055;FR;PT;10;EXW;11;3;;7,5;1,000;285;;FR56810999102;
INTRA-EX;202409;513881387;KV082895;87089997;FR;PT;10;EXW;11;3;;6;1,000;292;;FR56810999102;
INTRA-EX;202409;513881387;CI100037;84213100;FR;PT;10;EXW;11;3;;2,4;1,000;502;;FR57798802872;
INTRA-EX;202409;513881387;A1000008;87089997;FR;PT;10;EXW;11;3;;0,1;1,000;18;;FR57798802872;
INTRA-EX;202409;513881387;CTS-TR-1000;87089997;FR;PT;10;EXW;11;3;;9,8;1,000;999;;FR57838267516;
INTRA-EX;202409;513881387;AC-MK7-THK-BL;87089997;FR;PT;10;EXW;11;3;;1,8;1,000;98;;FR57838267516;
INTRA-EX;202409;513881387;VWR810006;87089997;FR;PT;10;EXW;11;3;;1,5;1,000;309;;FR59751371360;
INTRA-EX;202409;513881387;VWR810004;87088055;FR;PT;10;EXW;11;3;;0,7;1,000;221;;FR59751371360;
INTRA-EX;202409;513881387;VWR810005;87082990;FR;PT;10;EXW;11;3;;0,4;1,000;191;;FR59751371360;
INTRA-EX;202409;513881387;VWR150004;90269000;FR;PT;10;EXW;11;3;;0,4;1,000;112;;FR59751371360;
INTRA-EX;202409;513881387;ALP.19.08.0004-1;87089997;FR;PT;10;EXW;11;3;;2;1,000;689;;FR63813526019;
INTRA-EX;202409;513881387;CTS-B8S4-AWIC;84198998;FR;PT;10;EXW;11;3;;10;1,000;719;;FR67823735238;
INTRA-EX;202409;513881387;SRNS032;87089235;FR;PT;10;EXW;11;3;;21,4;1,000;829;;FR71538891409;
INTRA-EX;202409;513881387;SP1898BLK;84213100;FR;PT;10;EXW;11;3;;6,9;1,000;617;;FR72812143675;
INTRA-EX;202409;513881387;SAUP044;87089235;FR;PT;10;EXW;11;3;;11,2;1,000;513;;FR73480037662;
INTRA-EX;202409;513881387;8K0253115K;87089997;FR;PT;10;EXW;11;3;;0,1;2,000;9;;FR73480037662;
INTRA-EX;202409;513881387;AC-200-IC;84198998;FR;PT;10;EXW;11;3;;13,5;1,000;539;;FR76838007433;
INTRA-EX;202409;513881387;AC-27-CB;87089235;FR;PT;10;EXW;11;3;;22;1,000;448;;FR76838296978;
INTRA-EX;202409;513881387;AC-27-DP;87089235;FR;PT;10;EXW;11;3;;9,8;1,000;296;;FR76838296978;
INTRA-EX;202409;513881387;WKE259M77;87082910;FR;PT;10;EXW;11;3;;1,9;1,000;694;;FR77537634776;
INTRA-EX;202409;513881387;ATINTFO20;87089997;FR;PT;10;EXW;11;3;;10,5;1,000;429;;FR79838153807;
INTRA-EX;202409;513881387;SFDP066;87089235;FR;PT;10;EXW;11;3;;5,4;1,000;333;;FR79838153807;
INTRA-EX;202409;513881387;VIB-1458;87089235;FR;PT;10;EXW;11;3;;0,2;1,000;8;;FR79838153807;
INTRA-EX;202409;513881387;5W40;27101999;FR;PT;10;EXW;11;3;;1,9;3,000;104;;FR79838153807;
INTRA-EX;202409;513881387;FR-0083-98;84213100;FR;PT;10;EXW;11;3;;2,2;1,000;567;;FR81809520604;
INTRA-EX;202409;513881387;001422.999502;84836080;FR;PT;10;EXW;11;3;;7;1,000;673;;FR82814999132;
INTRA-EX;202409;513881387;FMINDK47;84213100;FR;PT;10;EXW;11;3;;6;1,000;742;;FR84750466617;
INTRA-EX;202409;513881387;ARMAMINR60-A;84213100;FR;PT;10;EXW;11;3;;2,7;1,000;741;;FR84813706058;
INTRA-EX;202409;513881387;VWR420000;87089997;FR;PT;10;EXW;11;3;;2;1,000;245;;FR85800015349;
INTRA-EX;202409;513881387;VWR520000;87089997;FR;PT;10;EXW;11;3;;0,7;1,000;206;;FR85800015349;
INTRA-EX;202409;513881387;VWR150004;90269000;FR;PT;10;EXW;11;3;;0,4;1,000;112;;FR85800015349;
INTRA-EX;202409;513881387;250001001;87089997;FR;PT;10;EXW;11;3;;5,1;1,000;637;;FR88853760916;
INTRA-EX;202409;513881387;VWR680004;87083099;FR;PT;10;EXW;11;3;;22;1,000;737;;FR89530098268;
INTRA-EX;202409;513881387;RBF600;27101999;FR;PT;10;EXW;11;3;;0,6;6,000;69;;FR89530098268;
INTRA-EX;202409;513881387;1K0253144BD;40091100;FR;PT;10;EXW;11;3;;0,2;1,000;11;;FR89530098268;
INTRA-EX;202409;513881387;BMF58X;87088055;FR;PT;10;EXW;11;3;;7,9;1,000;285;;FR89841571961;
INTRA-EX;202409;513881387;BMR92Z;87088055;FR;PT;10;EXW;11;3;;6,2;1,000;232;;FR89841571961;
INTRA-EX;202409;513881387;KLC142;87088035;FR;PT;10;EXW;11;3;;0,8;1,000;145;;FR89841571961;
INTRA-EX;202409;513881387;WA402;87088055;FR;PT;10;EXW;11;3;;1,7;2,000;146;;FR89841571961;
INTRA-EX;202409;513881387;KLC106;87089997;FR;PT;10;EXW;11;3;;0,8;1,000;145;;FR89841571961;
INTRA-EX;202409;513881387;AC-211-IT;84198998;FR;PT;10;EXW;11;3;;5,5;1,000;224;;FR90833667108;
INTRA-EX;202409;513881387;AC-211-OT;84198998;FR;PT;10;EXW;11;3;;1,3;1,000;116;;FR90833667108;
INTRA-EX;202409;513881387;AC-211-TP;40091100;FR;PT;10;EXW;11;3;;3;1,000;98;;FR90833667108;
INTRA-EX;202409;513881387;BKR8EIX-4;85111000;FR;PT;10;EXW;11;3;;0,2;1,000;50;;FR90833667108;
INTRA-EX;202409;513881387;AC-211-CFA;87089997;FR;PT;10;EXW;11;3;;0,1;1,000;29;;FR90833667108;
INTRA-EX;202409;513881387;MS100227;84213100;FR;PT;10;EXW;11;3;;0,8;1,000;185;;FR91377571815;
INTRA-EX;202409;513881387;CI100052;84213100;FR;PT;10;EXW;11;3;;4,5;1,000;359;;FR91377571815;
INTRA-EX;202409;513881387;CI100052-A;84213100;FR;PT;10;EXW;11;3;;1,7;1,000;123;;FR91377571815;
INTRA-EX;202409;513881387;WM-BM/CA/2/G;87089235;FR;PT;10;EXW;11;3;;0,6;1,000;896;;FR91853808350;
INTRA-EX;202409;513881387;DBA53912SLVS-2;87089997;FR;PT;10;EXW;11;3;;24;1,000;1173;;FR92527935654;
INTRA-EX;202409;513881387;SP1126-P;84213100;FR;PT;10;EXW;11;3;;5,1;1,000;483;;FR92815251400;
INTRA-EX;202409;513881387;SBMC068;87089235;FR;PT;10;EXW;11;3;;2,2;1,000;385;;FR92852993906;
INTRA-EX;202409;513881387;EVO1107;84213100;FR;PT;10;EXW;11;3;;4,6;1,000;433;;FR92852993906;
INTRA-EX;202409;513881387;AC-200R-DP;87089235;FR;PT;10;EXW;11;3;;9,8;1,000;299;;FR94327703922;
INTRA-EX;202409;513881387;AC-200-IT;84198998;FR;PT;10;EXW;11;3;;5;1,000;224;;FR94327703922;
INTRA-EX;202409;513881387;VWR180000;87089997;FR;PT;10;EXW;11;3;;0,1;2,000;36;;FR94327703922;
INTRA-EX;202409;513881387;284779;87082910;FR;PT;10;EXW;11;3;;2,5;1,000;822;;FR94843535469;
INTRA-EX;202409;513881387;CTS-HW-0420R-SL;87089997;FR;PT;10;EXW;11;3;;5;1,000;809;;FR95849530522;
INTRA-EX;202409;513881387;BKR8EIX-4;85111000;FR;PT;10;EXW;11;3;;0,2;1,000;41;;QV999999999999;
INTRA-EX;202409;513881387;KTA253;87089235;FR;PT;10;EXW;11;3;;7,5;1,000;426;;QV999999999999;
INTRA-EX;202409;513881387;KCA472;87088035;FR;PT;10;EXW;11;3;;2;1,000;172;;QV999999999999;
INTRA-EX;202409;513881387;GSJ78-91AS2;87089997;FR;PT;10;EXW;11;3;;24;1,000;660;;QV999999999999;
INTRA-EX;202409;513881387;ATMSYGR10;87089997;FR;PT;10;EXW;11;3;;1,1;1,000;206;;QV999999999999;
INTRA-EX;202409;513881387;70017-AM107;84213100;FR;PT;10;EXW;11;3;;0,7;1,000;33;;QV999999999999;
INTRA-EX;202409;513881387;AMS.04.09.0001-1;87089235;FR;PT;10;EXW;11;3;;12,7;1,000;683;;QV999999999999;
INTRA-EX;202409;513881387;MMRAD-EVO-10;87089135;FR;PT;10;EXW;11;3;;10,6;1,000;296;;QV999999999999;
INTRA-EX;202409;513881387;MMICP-EVO-10UBK;84213100;FR;PT;10;EXW;11;3;;2,5;1,000;190;;QV999999999999;
INTRA-EX;202409;513881387;CTS-EXH-DP-0029;87089235;FR;PT;10;EXW;11;3;;4,5;1,000;461;;QV999999999999;
INTRA-EX;202409;513881387;AC-CEL-FIX-S;87089997;FR;PT;10;EXW;11;3;;0,2;1,000;32;;QV999999999999;
INTRA-EX;202409;513881387;AC-200-IT;84198998;FR;PT;10;EXW;11;3;;5;1,000;187;;QV999999999999;
INTRA-EX;202409;513881387;AC-200-HS;87089997;FR;PT;10;EXW;11;3;;0,5;1,000;22;;QV999999999999;
INTRA-EX;202409;513881387;S90-4-15-014-B;87087050;FR;PT;10;EXW;11;3;;2,5;2,000;221;;QV999999999999;
INTRA-EX;202409;513881387;AC-S55-CHP;84835020;FR;PT;10;EXW;11;3;;0,3;1,000;74;;FR58910324516;
INTRA-EX;202409;513881387;CTS-HW-0225;87089235;LT;PT;10;EXW;11;3;;0,2;1,000;29;;LT100016248411;
INTRA-EX;202409;513881387;VAT-PT;;LT;PT;10;EXW;11;3;;0,1;1,000;9;;LT100016248411;
INTRA-EX;202409;513881387;30-3300;87089997;BG;PT;10;EXW;11;3;;4,9;1,000;399;;BG206125482;
INTRA-EX;202409;513881387;MMOP-TPS;84099100;BG;PT;10;EXW;11;3;;0,4;1,000;42;;BG206125482;
INTRA-EX;202409;513881387;MMODP-1415B;87089997;BG;PT;10;EXW;11;3;;0,1;4,000;37;;BG206125482;
INTRA-EX;202409;513881387;FMGK2-BK;87089997;HR;PT;10;EXW;11;3;;0,5;1,000;74;;QV999999999999;
INTRA-EX;202409;513881387;VWR11G701;84213100;LU;PT;10;EXW;11;3;;0,3;1,000;75;;QV999999999999;
INTRA-EX;202409;513881387;VWR18G700;87089997;DE;PT;10;EXW;11;3;;4;1,000;540;;DE299767181;
INTRA-EX;202409;513881387;KLC106;87089997;DE;PT;10;EXW;11;3;;0,8;1,000;122;;QV999999999999;
INTRA-EX;202409;513881387;AC-211-IT;84198998;DE;PT;10;EXW;11;3;;5,5;1,000;189;;QV999999999999;
INTRA-EX;202409;513881387;AC-200-QS;87089997;DE;PT;10;EXW;11;3;;0,4;1,000;75;;QV999999999999;
INTRA-EX;202409;513881387;D760-0038;84099100;BE;PT;10;EXW;11;3;;4;1,000;383;;BE0740963105;
INTRA-EX;202409;513881387;VWR1200R600E;84213100;IT;PT;10;EXW;11;3;;5,2;1,000;309;;IT03813391202;
INTRA-EX;202409;513881387;AC-B82-DP;87089235;IT;PT;10;EXW;11;3;;3,9;1,000;73;;IT03943631204;
INTRA-EX;202409;513881387;10.127.101K;84133080;IT;PT;10;EXW;11;3;;0,3;1,000;227;;IT03943631204;
INTRA-EX;202409;513881387;AC-MK7-FPT;84133080;IT;PT;10;EXW;11;3;;0,1;3,000;19;;IT03943631204;
INTRA-EX;202409;513881387;AC-MK7-FU-RD;87088055;IT;PT;10;EXW;11;3;;2,2;1,000;59;;IT03943631204;
INTRA-EX;202409;513881387;SILFER8C7ES;85111000;IT;PT;10;EXW;11;3;;0,1;20,000;190;;IT03943631204;
INTRA-EX;202409;513881387;SBW1010-6P-RD;87083091;NL;PT;10;EXW;11;3;;0,7;1,000;115;;QV999999999999;
INTRA-EX;202409;513881387;BF30500;87083091;NL;PT;10;EXW;11;3;;0,5;2,000;24;;QV999999999999;
INTRA-EX;202409;513881387;MS100210-5;85111000;ES;PT;10;EXW;11;3;;1,4;1,000;148;;QV999999999999;
INTRA-EX;202409;513881387;FMHPRM-BK;40091100;ES;PT;10;EXW;11;3;;3,5;1,000;176;;QV999999999999;
INTRA-EX;202409;513881387;FM225IND-BK;40093100;ES;PT;10;EXW;11;3;;1;1,000;187;;QV999999999999;
INTRA-EX;202409;513881387;VWR31G7GT;87088035;ES;PT;10;EXW;11;3;;8;1,000;161;;ESB19296938;
INTRA-EX;202409;513881387;L-PO/T/13/1;87089235;ES;PT;10;EXW;11;3;;15;1,000;1476;;ESB19296938;
INTRA-EX;202409;513881387;MMOC-G80-21;87089135;ES;PT;10;EXW;11;3;;5,4;1,000;449;;ESB88553946;
INTRA-EX;202409;513881387;MMRAD-G80-21A;87089135;ES;PT;10;EXW;11;3;;6,6;1,000;299;;ESB88553946;
INTRA-EX;202409;513881387;KLC167A;87088055;FR;PT;10;EXW;11;3;;1,4;1,000;121;;QV999999999999;
INTRA-EX;202409;513881387;CTS-HW-306;87089997;FR;PT;10;EXW;11;3;;0,9;1,000;83;;FR70881163992;
INTRA-EX;202409;513881387;CTS-IT-938;40091100;FR;PT;10;EXW;11;3;;3,1;1,000;366;;QV999999999999;
INTRA-EX;202409;513881387;TS-0203-1103;87089997;FR;PT;10;EXW;11;3;;0,1;1,000;33;;QV999999999999;
INTRA-EX;202409;513881387;U5055-6;84099100;FR;PT;10;EXW;11;3;;1,5;1,000;132;;QV999999999999;
INTRA-EX;202409;513881387;AC-S55-CHP;84835020;FR;PT;10;EXW;11;3;;0,3;1,000;74;;QV999999999999;
INTRA-EX;202409;513881387;ATMSREN8;87089997;FR;PT;10;EXW;11;3;;1,1;1,000;123;;QV999999999999;
INTRA-EX;202409;513881387;VWRM012-XL;61091000;FR;PT;10;EXW;11;3;;0,5;1,000;32;;QV999999999999;
INTRA-EX;202409;513881387;VWRM025-L;90292031;FR;PT;10;EXW;11;3;;0,3;1,000;17;;QV999999999999;
INTRA-EX;202409;513881387;10.127.203K;84132000;FR;PT;10;EXW;11;3;;0,3;1,000;314;;FR34832724314;
INTRA-EX;202409;513881387;ILZKBR7B8G-4;87089997;FR;PT;10;EXW;11;3;;0,2;1,000;37;;QV999999999999;
INTRA-EX;202409;513881387;U5055-4;84099100;FR;PT;10;EXW;11;3;;1,2;1,000;88;;QV999999999999;
INTRA-EX;202409;513881387;STY0015-4P-Y;87083091;LT;PT;10;EXW;11;3;;0,5;1,000;82;;QV999999999999;
INTRA-EX;202409;513881387;CTS-DB-MK4-60D;84099100;HU;PT;10;EXW;11;3;;1,2;2,000;59;;HU25464285;
INTRA-EX;202409;513881387;9-654-1025;84133080;HU;PT;10;EXW;11;3;;0,8;1,000;129;;HU25464285;
INTRA-EX;202409;513881387;VWR1200R600E;84213100;HU;PT;10;EXW;11;3;;5,2;1,000;309;;HU25464285;
INTRA-EX;202409;513881387;VWR640120;87089997;HR;PT;10;EXW;11;3;;2,2;1,000;90;;QV999999999999;
INTRA-EX;202409;513881387;VWR640115;87089997;HR;PT;10;EXW;11;3;;2,2;1,000;80;;QV999999999999;
INTRA-EX;202409;513881387;E10-75-020-05-22;73202081;HR;PT;10;EXW;11;3;;10;1,000;188;;QV999999999999;
INTRA-EX;202409;513881387;AC-MK7-CL;87088055;HR;PT;10;EXW;11;3;;1,3;1,000;71;;QV999999999999;
INTRA-EX;202409;513881387;AC-MK7-RL;87088055;HR;PT;10;EXW;11;3;;0,5;1,000;57;;QV999999999999;
INTRA-EX;202409;513881387;MMTS-GLF-15;90321020;HR;PT;10;EXW;11;3;;0,2;1,000;39;;QV999999999999;
INTRA-EX;202409;513881387;FRI-0194;84213100;GR;PT;10;EXW;11;3;;3,8;1,000;798;;GREL156587530;
INTRA-EX;202409;513881387;CTS-IT-166;84213100;GR;PT;10;EXW;11;3;;3;1,000;194;;GREL156587530;
INTRA-EX;202409;513881387;MMRAD-SPY-00;84198998;GR;PT;10;EXW;11;3;;8,6;1,000;185;;GREL156587530;
INTRA-EX;202409;513881387;GSM64-9USS2;87088020;GR;PT;10;EXW;11;3;;20;1,000;510;;GREL156587530;
INTRA-EX;202409;513881387;R7437-9;85111000;PL;PT;10;EXW;11;3;;0,1;24,000;847;;PL8141683531;
INTRA-EX;202409;513881387;EVE-4V8TT-CF-INT;84213100;PL;PT;10;EXW;11;3;;7,4;1,000;2039;;PL8141683531;
INTRA-EX;202409;513881387;PPF-9771;84213100;BE;PT;10;EXW;11;3;;1;1,000;69;;BE0667689206;
INTRA-EX;202409;513881387;MMSD-G80-21WBK;87089135;BE;PT;10;EXW;11;3;;4,8;1,000;361;;BE0667689206;
INTRA-EX;202409;513881387;AC-200-CP-4;84099100;BE;PT;10;EXW;11;3;;1;1,000;81;;QV999999999999;
INTRA-EX;202409;513881387;EVE-M2C-CF-INT;84213100;BE;PT;10;EXW;11;3;;6;1,000;1485;;BE0740963105;
INTRA-EX;202409;513881387;EVE-S55-CF-CHG;84212300;BE;PT;10;EXW;11;3;;1,9;1,000;592;;BE0740963105;
INTRA-EX;202409;513881387;MMRAD-WRX-01;87089135;IT;PT;10;EXW;11;3;;7;1,000;191;;IT08839490011;
INTRA-EX;202409;513881387;EVE-G8XMV2-CF-INT;84213100;IT;PT;10;EXW;11;3;;7,2;1,000;1987;;IT08839490011;
INTRA-EX;202409;513881387;BKR8EIX;85111000;IT;PT;10;EXW;11;3;;0,1;16,000;142;;IT08839490011;
INTRA-EX;202409;513881387;VWR1200R600E;84213100;IT;PT;10;EXW;11;3;;5,2;1,000;309;;IT03813391202;
INTRA-EX;202409;513881387;VWR120003;87089997;IT;PT;10;EXW;11;3;;1,3;1,000;178;;IT08839490011;
INTRA-EX;202409;513881387;VWR19G709;87089997;IT;PT;10;EXW;11;3;;0,5;1,000;61;;IT08839490011;
INTRA-EX;202409;513881387;MMRAD-E90-07;87089135;NL;PT;10;EXW;11;3;;6,4;1,000;333;;NL002241494B08;
INTRA-EX;202409;513881387;T50-1-1000-01;87089997;NL;PT;10;EXW;11;3;;0,5;1,000;29;;NL002241494B08;
INTRA-EX;202409;513881387;06E898001-4;85111000;ES;PT;10;EXW;11;3;;1,2;1,000;104;;QV999999999999;
INTRA-EX;202409;513881387;1K0253144BD;40091100;ES;PT;10;EXW;11;3;;0,2;1,000;9;;QV999999999999;
INTRA-EX;202409;513881387;BKR8EIX-4;85111000;ES;PT;10;EXW;11;3;;0,2;1,000;41;;QV999999999999;
INTRA-EX;202409;513881387;216VWBWEOP270;90269000;ES;PT;10;EXW;11;3;;0,3;1,000;70;;QV999999999999;
INTRA-EX;202409;513881387;CI100033-A;84213100;ES;PT;10;EXW;11;3;;0,1;1,000;33;;QV999999999999;
INTRA-EX;202409;513881387;A1000008;87089997;ES;PT;10;EXW;11;3;;0,1;1,000;15;;QV999999999999;
INTRA-EX;202409;513881387;71008-AF006;84213100;ES;PT;10;EXW;11;3;;1,3;1,000;222;;QV999999999999;
INTRA-EX;202409;513881387;PP2045;84213100;ES;PT;10;EXW;11;3;;0,5;1,000;37;;QV999999999999;
INTRA-EX;202409;513881387;ES-311366;87089997;ES;PT;10;EXW;11;3;;1,3;1,000;68;;QV999999999999;
INTRA-EX;202409;513881387;STY0015-4P-BK;87083091;ES;PT;10;EXW;11;3;;0,5;1,000;82;;QV999999999999;
INTRA-EX;202409;513881387;UR-ML4-1413;87088055;ES;PT;10;EXW;11;3;;5,2;1,000;145;;QV999999999999;
INTRA-EX;202409;513881387;UR-RL2-1414;87088055;ES;PT;10;EXW;11;3;;1;1,000;72;;QV999999999999;
INTRA-EX;202409;513881387;216CLSDWABO-R;87089997;ES;PT;10;EXW;11;3;;0,4;1,000;59;;QV999999999999;
INTRA-EX;202409;513881387;UR-RE2-2171;87088055;ES;PT;10;EXW;11;3;;2;1,000;95;;QV999999999999;
INTRA-EX;202409;513881387;CTS-EXH-TP-0011;87089235;ES;PT;10;EXW;11;3;;7,8;1,000;148;;QV999999999999;
INTRA-EX;202409;513881387;216VWBWVO270;90262020;ES;PT;10;EXW;11;3;;0,3;1,000;39;;QV999999999999;
INTRA-EX;202409;513881387;MMINT-MK6-06;87089199;ES;PT;10;EXW;11;3;;14,4;1,000;487;;ESB56882640;
INTRA-EX;202409;513881387;CTS-IT-260;84213100;ES;PT;10;EXW;11;3;;5;1,000;202;;ESB86420924;
INTRA-EX;202409;513881387;Z1003101;84099100;ES;PT;10;EXW;11;3;;0,1;60,000;995;;ESB04855516;
INTRA-EX;202409;513881387;MMFS-CIV-92;87089997;ES;PT;10;EXW;11;3;;3,3;1,000;102;;ESB72996382;
INTRA-EX;202409;513881387;MMHOSE-CIV-92B16BL;87089997;ES;PT;10;EXW;11;3;;1,6;1,000;63;;ESB72996382;
INTRA-EX;202409;513881387;AC-UNI-WD;87089997;FR;PT;10;EXW;11;3;;0,2;1,000;13;;QV999999999999;
INTRA-EX;202409;513881387;AC-WS-12;87088099;FR;PT;10;EXW;11;3;;2,3;1,000;35;;QV999999999999;
INTRA-EX;202409;513881387;MMICP-F10-12MWBK;87089997;FR;PT;10;EXW;11;3;;1,5;1,000;176;;QV999999999999;
INTRA-EX;202409;513881387;WB-429;842131000;FR;PT;10;EXW;11;3;;0,3;1,000;97;;QV999999999999;
INTRA-EX;202409;513881387;SAU0432-4P-BK;87083091;FR;PT;10;EXW;11;3;;0,5;1,000;77;;QV999999999999;
INTRA-EX;202409;513881387;BWR21XZ;87089997;FR;PT;10;EXW;11;3;;5,4;1,000;182;;QV999999999999;
INTRA-EX;202409;513881387;AC-MK5-FU-RD;87088055;FR;PT;10;EXW;11;3;;4,4;1,000;97;;QV999999999999;
INTRA-EX;202409;513881387;UR-LA4-1192;87088055;FR;PT;10;EXW;11;3;;3,8;1,000;124;;QV999999999999;
INTRA-EX;202409;513881387;UR-ML4-1193;87088055;FR;PT;10;EXW;11;3;;3,8;1,000;116;;QV999999999999;
INTRA-EX;202409;513881387;UR-RL2-988;87088055;FR;PT;10;EXW;11;3;;2,2;1,000;88;;QV999999999999;
INTRA-EX;202409;513881387;UR-RT2-329;87088055;FR;PT;10;EXW;11;3;;2,5;1,000;74;;QV999999999999;
INTRA-EX;202409;513881387;AC-S55-CHP;84835020;FR;PT;10;EXW;11;3;;0,3;1,000;74;;QV999999999999;
INTRA-EX;202409;513881387;SAUP087;87089997;FR;PT;10;EXW;11;3;;12,4;1,000;303;;QV999999999999;
INTRA-EX;202409;513881387;BKR8EIX-6;85111000;FR;PT;10;EXW;11;3;;0,3;1,000;62;;QV999999999999;
INTRA-EX;202409;513881387;AC-MK7-INLET;40091100;FR;PT;10;EXW;11;3;;0,3;1,000;67;;QV999999999999;
INTRA-EX;202409;513881387;AC-MK7-IND-BK;40091100;FR;PT;10;EXW;11;3;;0,9;1,000;48;;QV999999999999;
INTRA-EX;202409;513881387;PP1895;84213100;FR;PT;10;EXW;11;3;;0,5;1,000;38;;QV999999999999;
INTRA-EX;202409;513881387;SVWC042;87089235;FR;PT;10;EXW;11;3;;9,8;1,000;348;;QV999999999999;
INTRA-EX;202409;513881387;FMTIA3;40091100;FR;PT;10;EXW;11;3;;0,6;1,000;139;;FR55823261680;
INTRA-EX;202409;513881387;CI100039-B;40091100;FR;PT;10;EXW;11;3;;1,7;1,000;149;;QV999999999999;
INTRA-EX;202409;513881387;VWR810000;87089997;FR;PT;10;EXW;11;3;;0,2;1,000;25;;QV999999999999;
INTRA-EX;202409;513881387;4B5562H-STD;40091100;FR;PT;10;EXW;11;3;;0,2;1,000;64;;FR02884479882;
INTRA-EX;202409;513881387;4B1355H-STD;40091100;FR;PT;10;EXW;11;3;;0,2;1,000;48;;QV999999999999;
INTRA-EX;202409;513881387;ATMSMINI7;87089997;FR;PT;10;EXW;11;3;;2;1,000;235;;QV999999999999;
INTRA-EX;202409;513881387;EVE-A35-CF-INT;84213100;FR;PT;10;EXW;11;3;;4,2;1,000;928;;FR82530667591;
INTRA-EX;202409;513881387;EVE-A35-CF-CHG;84213100;FR;PT;10;EXW;11;3;;2;1,000;535;;FR82530667591;
INTRA-EX;202409;513881387;EVE-B58-CF-INT;84213100;FR;PT;10;EXW;11;3;;5;1,000;928;;FR81842659005;
INTRA-EX;202409;513881387;SFDX082;87089235;FR;PT;10;EXW;11;3;;6,5;1,000;398;;FR34905078457;
INTRA-EX;202409;513881387;ATMSHYU17;87089997;DE;PT;10;EXW;11;3;;1,5;1,000;118;;QV999999999999;
INTRA-EX;202409;513881387;AC-MK7-CP-4;84099100;DE;PT;10;EXW;11;3;;1;1,000;113;;QV999999999999;
INTRA-EX;202409;513881387;BHF100Z;87088055;DE;PT;10;EXW;11;3;;6;1,000;212;;QV999999999999;
INTRA-EX;202409;513881387;E10-35-046-01-22;73202081;BE;PT;10;EXW;11;3;;8,2;1,000;166;;QV999999999999;
INTRA-EX;202409;513881387;BKR8EIX-4;85111000;BE;PT;10;EXW;11;3;;0,2;1,000;41;;QV999999999999;
INTRA-EX;202409;513881387;MMAI-350Z-03H;84213100;BE;PT;10;EXW;11;3;;3,9;1,000;182;;QV999999999999;
INTRA-EX;202409;513881387;VWR502000;87089997;IT;PT;10;EXW;11;3;;1;1,000;132;;QV999999999999;
INTRA-EX;202409;513881387;ECA1578WB;84213100;IT;PT;10;EXW;11;3;;4,1;1,000;287;;QV999999999999;
INTRA-EX;202409;513881387;EVE-ST38Y-CF-INT;84213100;IT;PT;10;EXW;11;3;;7;1,000;1285;;IT03656931205;
INTRA-EX;202409;513881387;PF04;85444290;IT;PT;10;EXW;11;3;;0,2;1,000;159;;IT03656931205;
INTRA-EX;202409;513881387;EVE-JCWGP3-INT;84213100;IT;PT;10;EXW;11;3;;4,3;1,000;1156;;IT03813391202;
INTRA-EX;202409;513881387;EVE-2TFSI-CF-INT;84213100;IT;PT;10;EXW;11;3;;3,5;1,000;663;;IT03656931205;
INTRA-EX;202409;513881387;VWR1200R601E;84213100;IT;PT;10;EXW;11;3;;5,2;1,000;338;;IT03813391202;
INTRA-EX;202409;513881387;VWR120010;40091100;IT;PT;10;EXW;11;3;;1,4;1,000;178;;IT03813391202;
INTRA-EX;202409;513881387;VWR17G8R600;84213100;IT;PT;10;EXW;11;3;;0,2;1,000;38;;IT03813391202;
INTRA-EX;202409;513881387;VWR1200R600E;84213100;IT;PT;10;EXW;11;3;;5,2;1,000;309;;IT03943631204;
INTRA-EX;202409;513881387;SP-201;32081090;NL;PT;10;EXW;11;3;;0,5;1,000;16;;NL002241494B08;
INTRA-EX;202409;513881387;ARMABZA450S-A;84213100;NL;PT;10;EXW;11;3;;2,6;1,000;464;;NL002241494B08;
INTRA-EX;202409;513881387;CTS-HW-0377;87089997;NL;PT;10;EXW;11;3;;0,3;1,000;59;;NL002241494B08;
INTRA-EX;202409;513881387;CTS-IGN-007;84099100;NL;PT;10;EXW;11;3;;0,3;4,000;119;;NL002241494B08;
INTRA-EX;202409;513881387;216BFWAOPSM;90269000;NL;PT;10;EXW;11;3;;0,4;1,000;34;;NL002241494B08;
INTRA-EX;202409;513881387;SES3078TIP;87089997;NL;PT;10;EXW;11;3;;0,9;1,000;89;;NL002241494B08;
INTRA-EX;202409;513881387;VWR810005;87082990;NL;PT;10;EXW;11;3;;0,4;1,000;124;;NL002254344B79;
INTRA-EX;202409;513881387;VWR810004;87088055;NL;PT;10;EXW;11;3;;0,7;1,000;143;;NL002254344B79;
INTRA-EX;202409;513881387;VWR19G706;87089997;NL;PT;10;EXW;11;3;;0,4;2,000;106;;NL002254344B79;
INTRA-EX;202409;513881387;VWR19G702;70102000;NL;PT;10;EXW;11;3;;0,1;3,000;147;;NL002254344B79;
INTRA-EX;202409;513881387;VWR810000;87089997;NL;PT;10;EXW;11;3;;0,2;5,000;86;;NL002254344B79;
INTRA-EX;202409;513881387;CTS-IGN-006;84099100;ES;PT;10;EXW;11;3;;0,3;8,000;239;;ESB76260033;
INTRA-EX;202409;513881387;10.127.100K;84132000;ES;PT;10;EXW;11;3;;0,3;2,000;454;;ESB76260033;
INTRA-EX;202409;513881387;9-655-1025;84133080;ES;PT;10;EXW;11;3;;0,8;3,000;389;;ESB76260033;
INTRA-EX;202409;513881387;CTS-IGN-007;84099100;ES;PT;10;EXW;11;3;;0,3;4,000;119;;ESB76260033;
INTRA-EX;202409;513881387;30-4110;87089997;ES;PT;10;EXW;11;3;;0,7;1,000;164;;ESB76260033;
INTRA-EX;202409;513881387;JSK-101-DD;84213100;ES;PT;10;EXW;11;3;;4,4;1,000;247;;QV999999999999;
INTRA-EX;202409;513881387;AC-S55-CHP;84835020;ES;PT;10;EXW;11;3;;0,3;1,000;74;;QV999999999999;
INTRA-EX;202409;513881387;JSK-101-DD;84213100;ES;PT;10;EXW;11;3;;4,4;1,000;247;;QV999999999999;
INTRA-EX;202409;513881387;MMRAD-GLF-99;87089135;ES;PT;10;EXW;11;3;;8;1,000;277;;QV999999999999;
INTRA-EX;202409;513881387;06J103600AFKIT;84099100;ES;PT;10;EXW;11;3;;2,5;1,000;49;;QV999999999999;
INTRA-EX;202409;513881387;VWR180000;87089997;ES;PT;10;EXW;11;3;;0,1;1,000;13;;QV999999999999;
INTRA-EX;202409;513881387;MMTS-GTI-99;90321020;ES;PT;10;EXW;11;3;;0,1;1,000;47;;QV999999999999;
INTRA-EX;202409;513881387;FMDV37;84818040;ES;PT;10;EXW;11;3;;0,6;1,000;175;;QV999999999999;
INTRA-EX;202409;513881387;MS100210-4;84099100;ES;PT;10;EXW;11;3;;1,1;1,000;119;;QV999999999999;
INTRA-EX;202409;513881387;8E0971824S-BL;84099100;ES;PT;10;EXW;11;3;;0,2;1,000;18;;QV999999999999;
INTRA-EX;202409;513881387;AC-200-FD;87089997;ES;PT;10;EXW;11;3;;0,5;1,000;48;;QV999999999999;
INTRA-EX;202409;513881387;SVW0610-4P-BK;87083091;ES;PT;10;EXW;11;3;;0,5;1,000;83;;QV999999999999;
INTRA-EX;202409;513881387;06J103600AFKIT;84099100;ES;PT;10;EXW;11;3;;2,5;1,000;49;;QV999999999999;
INTRA-EX;202409;513881387;VWR12G7R600FO;84213100;ES;PT;10;EXW;11;3;;0,5;1,000;91;;QV999999999999;
INTRA-EX;202409;513881387;AC-CEL-FIX-S;87089997;ES;PT;10;EXW;11;3;;0,2;1,000;31;;QV999999999999;
INTRA-EX;202409;513881387;VWR11G701;84213100;ES;PT;10;EXW;11;3;;0,3;1,000;73;;QV999999999999;
INTRA-EX;202409;513881387;216EVOEOP-RB;87089997;ES;PT;10;EXW;11;3;;0,4;1,000;79;;QV999999999999;
INTRA-EX;202409;513881387;216EVOOT-RB;90269000;ES;PT;10;EXW;11;3;;0,3;1,000;46;;QV999999999999;
INTRA-EX;202409;513881387;SAU0650-6P-BK;87083091;ES;PT;10;EXW;11;3;;0,5;1,000;97;;QV999999999999;
INTRA-EX;202409;513881387;RBF600;27101999;ES;PT;10;EXW;11;3;;0,6;2,000;19;;QV999999999999;
INTRA-EX;202409;513881387;FMINDK28RF;84213100;ES;PT;10;EXW;11;3;;1;1,000;85;;QV999999999999;
INTRA-EX;202409;513881387;D650-0009-4;84099100;ES;PT;10;EXW;11;3;;1,2;1,000;140;;QV999999999999;
INTRA-EX;202409;513881387;SILZKGR8B8S-4;84099100;ES;PT;10;EXW;11;3;;0,2;1,000;39;;QV999999999999;
INTRA-EX;202409;513881387;06J103600AFKIT;84099100;ES;PT;10;EXW;11;3;;2,5;1,000;49;;QV999999999999;
INTRA-EX;202409;513881387;4B1609H-STD;40091100;ES;PT;10;EXW;11;3;;0,5;1,000;44;;QV999999999999;
INTRA-EX;202409;513881387;06J103600AFKIT;84099100;ES;PT;10;EXW;11;3;;2,5;1,000;49;;QV999999999999;
INTRA-EX;202409;513881387;EVE-TRB8V8S-LHD-NIL;85111000;ES;PT;10;EXW;11;3;;0,2;1,000;428;;ESB88553946;
INTRA-EX;202409;513881387;EVE-TRB8V8S-FLG-STK;85111000;ES;PT;10;EXW;11;3;;0,2;1,000;35;;ESB88553946;
INTRA-EX;202409;513881387;R7438-9;84099100;ES;PT;10;EXW;11;3;;0,1;5,000;166;;ES43179343V;
INTRA-EX;202409;513881387;BKR8EIX;85111000;ES;PT;10;EXW;11;3;;0,1;4,000;35;;ES43179343V;
INTRA-EX;202409;513881387;SILFER8C7ES;85111000;ES;PT;10;EXW;11;3;;0,1;8,000;76;;ES43179343V;
INTRA-EX;202409;513881387;SHYSP102;87089997;ES;PT;10;EXW;11;3;;2,4;1,000;119;;ES18062887K;
INTRA-EX;202409;513881387;AC-211-CFA;87089997;ES;PT;10;EXW;11;3;;0,1;2,000;33;;ESB67084251;
INTRA-EX;202409;513881387;9-250;87089997;ES;PT;10;EXW;11;3;;0,8;2,000;180;;ESB67084251;
INTRA-EX;202409;513881387;9-201-1031;84133080;ES;PT;10;EXW;11;3;;0,5;3,000;212;;ESB67084251;
INTRA-EX;202409;513881387;9-201-1000;84133080;ES;PT;10;EXW;11;3;;0,5;2,000;141;;ESB67084251;
INTRA-EX;202409;513881387;9-201-1019;87089997;ES;PT;10;EXW;11;3;;0,5;1,000;70;;ESB67084251;
INTRA-EX;202409;513881387;9-201-1024;84133080;ES;PT;10;EXW;11;3;;0,5;2,000;141;;ESB67084251;
INTRA-EX;202409;513881387;9-350;87089997;ES;PT;10;EXW;11;3;;1,2;1,000;142;;ESB67084251;
INTRA-EX;202409;513881387;9-301-1000;84133080;ES;PT;10;EXW;11;3;;0,5;1,000;109;;ESB67084251;
INTRA-EX;202409;513881387;UR-TW2-1362;87088055;ES;PT;10;EXW;11;3;;2,7;1,000;79;;ES44719365M;
INTRA-EX;202409;513881387;30-3300;87089997;ES;PT;10;EXW;11;3;;4,9;1,000;399;;ES44719365M;
INTRA-EX;202409;513881387;AC-200R-DP;87089235;ES;PT;10;EXW;11;3;;9,8;1,000;166;;ES44719365M;
INTRA-EX;202409;513881387;U5014;84099100;ES;PT;10;EXW;11;3;;0,3;4,000;85;;ES44719365M;
INTRA-EX;202409;513881387;AC-N54-IC;87089135;ES;PT;10;EXW;11;3;;10,3;1,000;214;;ES44719365M;
INTRA-EX;202409;513881387;AC-MK4-FU;87088055;ES;PT;10;EXW;11;3;;3,1;1,000;58;;ES44719365M;
INTRA-EX;202409;513881387;VWR1200R601E;84213100;ES;PT;10;EXW;11;3;;5,2;1,000;338;;ES44719365M;
INTRA-EX;202409;513881387;R7437-9;85111000;ES;PT;10;EXW;11;3;;0,1;8,000;282;;ESB42771618;
INTRA-EX;202409;513881387;AC-MK5-FU-BL;87088055;ES;PT;10;EXW;11;3;;4,4;1,000;59;;ESB42771618;
INTRA-EX;202409;513881387;WB-427;84213100;ES;PT;10;EXW;11;3;;0,3;4,000;135;;ESB42771618;
INTRA-EX;202409;513881387;883089.000035;84836080;FR;PT;10;EXW;11;3;;15,5;1,000;1439;;FR96811318310;
INTRA-EX;202409;513881387;613182.654150;87089997;FR;PT;10;EXW;11;3;;0,5;1,000;75;;FR96811318310;
INTRA-EX;202409;513881387;VWR180000;87089997;FR;PT;10;EXW;11;3;;0,1;1,000;13;;QV999999999999;
INTRA-EX;202409;513881387;06J103600AFKIT;84099100;FR;PT;10;EXW;11;3;;2,5;1,000;49;;QV999999999999;
INTRA-EX;202409;513881387;ARMAAD0RS4-1;84213100;FR;PT;10;EXW;11;3;;1,5;1,000;156;;QV999999999999;
INTRA-EX;202409;513881387;VWR90000-4;84099100;FR;PT;10;EXW;11;3;;1,2;1,000;157;;QV999999999999;
INTRA-EX;202409;513881387;AC-MK7-FU-BK;87088055;FR;PT;10;EXW;11;3;;2,2;1,000;82;;QV999999999999;
INTRA-EX;202409;513881387;AC-MK7-RU;87089235;FR;PT;10;EXW;11;3;;2,2;1,000;74;;QV999999999999;
INTRA-EX;202409;513881387;06J103600AFKIT;84099100;FR;PT;10;EXW;11;3;;2,5;1,000;49;;QV999999999999;
INTRA-EX;202409;513881387;R7437-9-5;85111000;FR;PT;10;EXW;11;3;;0,3;1,000;208;;QV999999999999;
INTRA-EX;202409;513881387;VIB-1458;87089235;FR;PT;10;EXW;11;3;;0,2;1,000;6;;QV999999999999;
INTRA-EX;202409;513881387;AC-E46-FU;87088055;FR;PT;10;EXW;11;3;;4,3;1,000;149;;QV999999999999;
INTRA-EX;202409;513881387;VWR810000;87089997;FR;PT;10;EXW;11;3;;0,2;1,000;25;;QV999999999999;
INTRA-EX;202409;513881387;MMTS-FIST-14;87089997;FR;PT;10;EXW;11;3;;0,1;1,000;47;;QV999999999999;
INTRA-EX;202409;513881387;353850;87082910;FR;PT;10;EXW;11;3;;2,5;1,000;685;;FR84922221510;
INTRA-EX;202409;513881387;VWR670006;87089235;FR;PT;10;EXW;11;3;;2,8;1,000;153;;FR79431777739;
INTRA-EX;202409;513881387;VWR682000;87089997;FR;PT;10;EXW;11;3;;15,5;1,000;224;;FR79431777739;
INTRA-EX;202409;513881387;RN12;87089235;FR;PT;10;EXW;11;3;;4;1,000;336;;QV999999999999;
INTRA-EX;202409;513881387;VIB-1458;87089235;FR;PT;10;EXW;11;3;;0,2;1,000;6;;QV999999999999;
INTRA-EX;202409;513881387;CTS-TM-AUDI2-50D;87089997;FR;PT;10;EXW;11;3;;0,3;1,000;76;;QV999999999999;
INTRA-EX;202409;513881387;034-506-0012;87089997;FR;PT;10;EXW;11;3;;1,1;1,000;93;;QV999999999999;
INTRA-EX;202409;513881387;SSE0427-4P-BK;87083091;FR;PT;10;EXW;11;3;;0,5;1,000;77;;QV999999999999;
INTRA-EX;202409;513881387;AC-MK7-FU-BK;87088055;FR;PT;10;EXW;11;3;;2,2;1,000;82;;QV999999999999;
INTRA-EX;202409;513881387;KCA472;87088035;FR;PT;10;EXW;11;3;;2;1,000;172;;QV999999999999;
INTRA-EX;202409;513881387;VWR640012;87089997;FR;PT;10;EXW;11;3;;2,2;1,000;78;;QV999999999999;
INTRA-EX;202409;513881387;06J103600AFKIT;84099100;FR;PT;10;EXW;11;3;;2,5;1,000;49;;QV999999999999;
INTRA-EX;202409;513881387;VWR180000;87089997;FR;PT;10;EXW;11;3;;0,1;1,000;13;;QV999999999999;
INTRA-EX;202409;513881387;VWR680003;87083099;FR;PT;10;EXW;11;3;;18,9;1,000;552;;FR55508218096;
INTRA-EX;202409;513881387;L3P3VGR6;90262020;FR;PT;10;EXW;11;3;;0,3;1,000;322;;QV999999999999;
INTRA-EX;202409;513881387;06E898001-4;85111000;FR;PT;10;EXW;11;3;;1,2;1,000;104;;QV999999999999;
INTRA-EX;202409;513881387;06F103483D;87089997;FR;PT;10;EXW;11;3;;0,1;1,000;8;;QV999999999999;
INTRA-EX;202409;513881387;06F129101P;84814090;FR;PT;10;EXW;11;3;;0,2;1,000;17;;QV999999999999;
INTRA-EX;202409;513881387;JSK-101-DD;84213100;FR;PT;10;EXW;11;3;;4,4;1,000;249;;QV999999999999;
INTRA-EX;202409;513881387;BKR8EIX-6;85111000;FR;PT;10;EXW;11;3;;0,3;1,000;62;;QV999999999999;
INTRA-EX;202409;513881387;AC-200-CP-4;84099100;FR;PT;10;EXW;11;3;;1;1,000;82;;QV999999999999;
INTRA-EX;202409;513881387;AC-180-CPA;87089997;FR;PT;10;EXW;11;3;;0,5;1,000;44;;QV999999999999;
INTRA-EX;202409;513881387;BKR7EIX-4;84099100;FR;PT;10;EXW;11;3;;0,5;1,000;40;;QV999999999999;
INTRA-EX;202409;513881387;8E0971824S-BL;84099100;FR;PT;10;EXW;11;3;;0,2;1,000;18;;QV999999999999;
INTRA-EX;202409;513881387;GTHSB-5;87089997;FR;PT;10;EXW;11;3;;0,1;1,000;20;;QV999999999999;
INTRA-EX;202409;513881387;AC-200-LMI;87089997;FR;PT;10;EXW;11;3;;0,5;1,000;15;;QV999999999999;
INTRA-EX;202409;513881387;1K1819653B;84099100;FR;PT;10;EXW;11;3;;0,5;1,000;8;;QV999999999999;
INTRA-EX;202409;513881387;06D115562;84099100;FR;PT;10;EXW;11;3;;0,2;1,000;4;;QV999999999999;
INTRA-EX;202409;513881387;FMTUBL15;87089997;FR;PT;10;EXW;11;3;;0,6;1,000;129;;QV999999999999;
INTRA-EX;202409;513881387;CTS-IGN-007;84099100;FR;PT;10;EXW;11;3;;0,3;4,000;140;;QV999999999999;
INTRA-EX;202409;513881387;VWR120010;40091100;FR;PT;10;EXW;11;3;;1,4;1,000;229;;QV999999999999;
INTRA-EX;202409;513881387;AC-VAG-ODP;70102000;FR;PT;10;EXW;11;3;;0,2;1,000;8;;QV999999999999;
INTRA-EX;202409;513881387;06D115562;84099100;FR;PT;10;EXW;11;3;;0,2;1,000;4;;QV999999999999;
INTRA-EX;202409;513881387;R7437-9-5;85111000;FR;PT;10;EXW;11;3;;0,3;1,000;208;;QV999999999999;
INTRA-EX;202409;513881387;W13204;87089997;FR;PT;10;EXW;11;3;;0,1;1,000;19;;QV999999999999;
INTRA-EX;202409;513881387;KLC167A;87088055;FR;PT;10;EXW;11;3;;1,4;1,000;121;;FR87913220299;
INTRA-EX;202409;513881387;S90-7-20-044-B;87087050;FR;PT;10;EXW;11;3;;3;2,000;224;;QV999999999999;
INTRA-EX;202409;513881387;06J103600AFKIT;84099100;FR;PT;10;EXW;11;3;;2,5;1,000;49;;QV999999999999;
INTRA-EX;202409;513881387;AC-MK45-RU-BK;87088055;FR;PT;10;EXW;11;3;;2,8;1,000;75;;FR80979688512;
INTRA-EX;202409;513881387;VWR900001-4;84099100;FR;PT;10;EXW;11;3;;1,2;1,000;157;;QV999999999999;
INTRA-EX;202409;513881387;CTS-HW-216-AWD;87089997;FR;PT;10;EXW;11;3;;0,3;1,000;79;;QV999999999999;
INTRA-EX;202409;513881387;06E898001-4;85111000;FR;PT;10;EXW;11;3;;1,2;1,000;104;;QV999999999999;
INTRA-EX;202409;513881387;BKR7EIX-4;84099100;FR;PT;10;EXW;11;3;;0,5;1,000;40;;QV999999999999;
INTRA-EX;202409;513881387;BH-262ST;84213100;FR;PT;10;EXW;11;3;;0,5;1,000;68;;QV999999999999;
INTRA-EX;202409;513881387;SBW1010-6P-BK;87083091;FR;PT;10;EXW;11;3;;0,7;1,000;116;;FR42825215288;
INTRA-EX;202409;513881387;MMIG-BMW-0206;85111000;FR;PT;10;EXW;11;3;;2;4,000;442;;FR35504243288;
INTRA-EX;202409;513881387;ILZTR6A8G-4;84099100;FR;PT;10;EXW;11;3;;0,2;1,000;33;;QV999999999999;
INTRA-EX;202409;513881387;CTS-HW-257;87089997;FR;PT;10;EXW;11;3;;0,4;1,000;91;;QV999999999999;
INTRA-EX;202409;513881387;VWR810009;87089997;FR;PT;10;EXW;11;3;;0,2;1,000;51;;QV999999999999;
INTRA-EX;202409;513881387;SILZKBR8D8S-6;84099100;FR;PT;10;EXW;11;3;;0,2;1,000;66;;QV999999999999;
INTRA-EX;202409;513881387;E1570-140;73202081;FR;PT;10;EXW;11;3;;10,2;1,000;184;;QV999999999999;
INTRA-EX;202409;513881387;06E898001-4;85111000;FR;PT;10;EXW;11;3;;1,2;1,000;104;;QV999999999999;
INTRA-EX;202409;513881387;R7438-9;84099100;FR;PT;10;EXW;11;3;;0,1;10,000;333;;FR79889743548;
INTRA-EX;202409;513881387;AC-180-DB;87089997;FR;PT;10;EXW;11;3;;1,5;2,000;43;;FR95799460480;
INTRA-EX;202409;513881387;AC-200-IT;84198998;FR;PT;10;EXW;11;3;;5;1,000;125;;FR95799460480;
INTRA-EX;202409;513881387;BKR7EIX;85111000;FR;PT;10;EXW;11;3;;0,1;4,000;34;;FR95799460480;
INTRA-EX;202409;513881387;BKR8EIX;85111000;FR;PT;10;EXW;11;3;;0,1;4,000;35;;FR95799460480;
INTRA-EX;202409;513881387;EVE-8YS3-CF-INT;84213100;FR;PT;10;EXW;11;3;;4,9;1,000;999;;FR26750353237;
INTRA-EX;202409;513881387;SHYSP102;87089997;FR;PT;10;EXW;11;3;;2,4;1,000;119;;FR82530667591;
INTRA-EX;202409;513881387;"TTE300 Mini";84099900;FR;PT;10;EXW;11;3;;9,4;1,000;1359;;FR09904392206;
INTRA-EX;202409;513881387;CTS-IT-256;40091100;HU;PT;10;EXW;11;3;;2,3;2,000;299;;HU25464285;
INTRA-EX;202409;513881387;CTS-HW-360;40091100;HU;PT;10;EXW;11;3;;1,4;2,000;449;;HU25464285;
INTRA-EX;202409;513881387;SFD0121-4P-BK;87083091;HR;PT;10;EXW;11;3;;0,5;1,000;74;;QV999999999999;
INTRA-EX;202409;513881387;R7437-9;85111000;SI;PT;10;EXW;11;3;;0,1;5,000;176;;SI84452412;
INTRA-EX;202409;513881387;EVE-B58-CF-INT;84213100;SI;PT;10;EXW;11;3;;5;1,000;928;;SI84452412;
INTRA-EX;202409;513881387;MMRAD-E36-92;87089135;DE;PT;10;EXW;11;3;;6,7;1,000;229;;QV999999999999;
INTRA-EX;202409;513881387;EVE-G8XMV2-CF-INT;84213100;PL;PT;10;EXW;11;3;;7,2;1,000;1987;;PL8141683531;
INTRA-EX;202409;513881387;SBMP087;87089997;BE;PT;10;EXW;11;3;;19;1,000;498;;BE0670639687;
INTRA-EX;202409;513881387;VWR1241S4;84213100;BE;PT;10;EXW;11;3;;1,8;1,000;745;;BE0670639687;
INTRA-EX;202409;513881387;FMMK7INDH-BK;40093100;IT;PT;10;EXW;11;3;;0,8;1,000;74;;QV999999999999;
INTRA-EX;202409;513881387;AC-S1-CH-RD;40091100;IT;PT;10;EXW;11;3;;2,9;1,000;140;;QV999999999999;
INTRA-EX;202409;513881387;AC-200-IT;84198998;IT;PT;10;EXW;11;3;;5;1,000;125;;IT03656931205;
INTRA-EX;202409;513881387;MMRAD-CTR-17;87089135;IT;PT;10;EXW;11;3;;11,4;1,000;340;;IT03656931205;
INTRA-EX;202409;513881387;AC-MK7-FU-RD;87088055;IT;PT;10;EXW;11;3;;2,2;1,000;59;;IT03656931205;
INTRA-EX;202409;513881387;216BFWABOSM;90262020;NL;PT;10;EXW;11;3;;0,3;1,000;22;;NL002241494B08;
INTRA-EX;202409;513881387;AC-200-CH-BL;40093100;NL;PT;10;EXW;11;3;;1;1,000;69;;NL002241494B08;
INTRA-EX;202409;513881387;AC-180-DB;87089997;NL;PT;10;EXW;11;3;;1,5;1,000;21;;NL002241494B08;
INTRA-EX;202409;513881387;1K0253144BD;40091100;NL;PT;10;EXW;11;3;;0,2;1,000;6;;NL002241494B08;
INTRA-EX;202409;513881387;AC-MK7-CH-BK;40091100;NL;PT;10;EXW;11;3;;0,7;1,000;32;;NL002241494B08;
INTRA-EX;202409;513881387;MMAI-MIN-14P;84213100;NL;PT;10;EXW;11;3;;3,7;1,000;185;;NL002241494B08;
INTRA-EX;202409;513881387;TTE500+;84099100;NL;PT;10;EXW;11;3;;15;1,000;2427;;NL002241494B08;
INTRA-EX;202409;513881387;VWR670008;87083099;NL;PT;10;EXW;11;3;;1,2;1,000;59;;NL002254344B79;
INTRA-EX;202409;513881387;VWR670006;87089235;NL;PT;10;EXW;11;3;;2,8;1,000;119;;NL002254344B79;
INTRA-EX;202409;513881387;VWR810002;87089997;NL;PT;10;EXW;11;3;;0,5;1,000;56;;NL002254344B79;
INTRA-EX;202409;513881387;EVE-F9XM5M8-CF-INT;84213100;NL;PT;10;EXW;11;3;;6;1,000;1571;;NL002254344B79;
INTRA-EX;202409;513881387;EVE-F9XM5M8-CHG;84212300;NL;PT;10;EXW;11;3;;1,2;1,000;472;;NL002254344B79;
INTRA-EX;202409;513881387;SILZKGR8C8S;85111000;NL;PT;10;EXW;11;3;;0,1;8,000;120;;NL002254344B79;
INTRA-EX;202409;513881387;SHD0397-4P-BK;87083091;ES;PT;10;EXW;11;3;;0,5;1,000;141;;QV999999999999;
INTRA-EX;202409;513881387;RBF600;27101999;ES;PT;10;EXW;11;3;;0,6;2,000;19;;QV999999999999;
INTRA-EX;202409;513881387;Z-335161;87089997;ES;PT;10;EXW;11;3;;1,1;1,000;152;;QV999999999999;
INTRA-EX;202409;513881387;PRK-138-RECT;84213100;ES;PT;10;EXW;11;3;;2,6;1,000;197;;QV999999999999;
INTRA-EX;202409;513881387;DILKAR8R9HS-4;85111000;ES;PT;10;EXW;11;3;;0,6;1,000;62;;QV999999999999;
INTRA-EX;202409;513881387;SBW1162-4P-BK;87083091;ES;PT;10;EXW;11;3;;0,5;1,000;83;;QV999999999999;
INTRA-EX;202409;513881387;AC-211-CFA;87089997;ES;PT;10;EXW;11;3;;0,1;1,000;24;;QV999999999999;
INTRA-EX;202409;513881387;FMINDDS3-RD;84213100;ES;PT;10;EXW;11;3;;1,2;1,000;125;;QV999999999999;
INTRA-EX;202409;513881387;VWR1200R601E;84213100;ES;PT;10;EXW;11;3;;5,2;1,000;338;;ES33558767L;
INTRA-EX;202409;513881387;VWR1200R600E;84213100;ES;PT;10;EXW;11;3;;5,2;1,000;309;;ESB42954230;
INTRA-EX;202409;513881387;VWR12G7R600FO;84213100;ES;PT;10;EXW;11;3;;0,5;1,000;76;;ESB42954230;
INTRA-EX;202409;513881387;VWR120010;40091100;ES;PT;10;EXW;11;3;;1,4;1,000;178;;ESB42954230;
INTRA-EX;202409;513881387;AC-180-CPA;87089997;ES;PT;10;EXW;11;3;;0,5;2,000;59;;ESB42954230;
INTRA-EX;202409;513881387;VWR1200R601E;84213100;ES;PT;10;EXW;11;3;;5,2;1,000;338;;ESB42954230;
INTRA-EX;202409;513881387;10.127.203K;84132000;ES;PT;10;EXW;11;3;;0,3;1,000;227;;ESB42954230;
INTRA-EX;202409;513881387;VWR12G7R600ITRED;84213100;ES;PT;10;EXW;11;3;;0,8;1,000;76;;ESB42954230;
INTRA-EX;202409;513881387;VWR160001;87089997;ES;PT;10;EXW;11;3;;0,4;2,000;171;;ESB42954230;
INTRA-EX;202409;513881387;VWR12G7R600ITINLET;87089997;ES;PT;10;EXW;11;3;;0,4;1,000;100;;ESB42954230;
INTRA-EX;202409;513881387;D650-0009;84099100;ES;PT;10;EXW;11;3;;0,3;6,000;174;;ESB42954230;
INTRA-EX;202409;513881387;SMNX011;87089235;ES;PT;10;EXW;11;3;;3,6;1,000;308;;ESB19296938;
INTRA-EX;202409;513881387;AC-R56-TB;87089997;ES;PT;10;EXW;11;3;;0,4;1,000;39;;ES44534463T;
INTRA-EX;202409;513881387;U5333-4;84099100;ES;PT;10;EXW;11;3;;0,4;1,000;169;;ES70917434Q;
INTRA-EX;202409;513881387;MMTS-WRX-01;87089997;FR;PT;10;EXW;11;3;;0,1;1,000;55;;QV999999999999;
INTRA-EX;202409;513881387;SP-204;32081090;FR;PT;10;EXW;11;3;;0,5;1,000;27;;QV999999999999;
INTRA-EX;202409;513881387;VWR18G700-SERV;87089997;FR;PT;10;EXW;11;3;;0,1;1,000;28;;QV999999999999;
INTRA-EX;202409;513881387;5W40;27101999;FR;PT;10;EXW;11;3;;1,9;1,000;29;;QV999999999999;
INTRA-EX;202409;513881387;VWR180001;84212300;FR;PT;10;EXW;11;3;;0,2;1,000;49;;QV999999999999;
INTRA-EX;202409;513881387;U5055-4;84099100;FR;PT;10;EXW;11;3;;1,2;1,000;88;;QV999999999999;
INTRA-EX;202409;513881387;BKR8EIX-4;85111000;FR;PT;10;EXW;11;3;;0,2;1,000;41;;QV999999999999;
INTRA-EX;202409;513881387;AC-B58-IC;84198998;FR;PT;10;EXW;11;3;;9,3;1,000;249;;FR81803959303;
INTRA-EX;202409;513881387;AC-200-IT;84198998;FR;PT;10;EXW;11;3;;5;1,000;125;;FR81803959303;
INTRA-EX;202409;513881387;06E898001-4;85111000;FR;PT;10;EXW;11;3;;1,2;1,000;104;;QV999999999999;
INTRA-EX;202409;513881387;Z1003101-4;85111000;FR;PT;10;EXW;11;3;;0,4;1,000;80;;QV999999999999;
INTRA-EX;202409;513881387;SBMP086;87089235;FR;PT;10;EXW;11;3;;11,8;1,000;364;;QV999999999999;
INTRA-EX;202409;513881387;AC-200-CFA-KIT;87089997;LT;PT;10;EXW;11;3;;0,1;1,000;32;;QV999999999999;
INTRA-EX;202409;513881387;SVWC042;87089235;LU;PT;10;EXW;11;3;;9,8;1,000;348;;LU25864107;
INTRA-EX;202409;513881387;ATINTVAG7;87089135;LU;PT;10;EXW;11;3;;18,1;1,000;644;;LU25864107;
INTRA-EX;202409;513881387;FMIND16;84213100;LU;PT;10;EXW;11;3;;4,7;1,000;331;;LU25864107;
INTRA-EX;202409;513881387;PF04;85444290;RO;PT;10;EXW;11;3;;0,2;1,000;207;;QV999999999999;
INTRA-EX;202409;513881387;FRI-0196;84213100;GR;PT;10;EXW;11;3;;4,3;1,000;540;;GREL801563540;
INTRA-EX;202409;513881387;MMFAN-SWITCH;87089997;GR;PT;10;EXW;11;3;;0,1;1,000;21;;GREL156587530;
INTRA-EX;202409;513881387;MMRAD-S2K-00X;87089135;GR;PT;10;EXW;11;3;;7,8;1,000;231;;GREL156587530;
INTRA-EX;202409;513881387;MMHOSE-S2K-00RD;40091100;GR;PT;10;EXW;11;3;;2;1,000;68;;GREL156587530;
INTRA-EX;202409;513881387;MMTS-S2K-00L;90321020;GR;PT;10;EXW;11;3;;0,2;1,000;35;;GREL156587530;
INTRA-EX;202409;513881387;UR-ML4-1172;87088055;GR;PT;10;EXW;11;3;;4;1,000;75;;GREL156587530;
INTRA-EX;202409;513881387;UR-LA2-1232;87088055;GR;PT;10;EXW;11;3;;1,4;1,000;51;;GREL156587530;
INTRA-EX;202409;513881387;UR-TW2-1832;87088055;GR;PT;10;EXW;11;3;;2,7;1,000;67;;GREL156587530;
INTRA-EX;202409;513881387;UR-LA4-1233;87088055;GR;PT;10;EXW;11;3;;2,5;1,000;67;;GREL156587530;
INTRA-EX;202409;513881387;SFDC089;87089235;GR;PT;10;EXW;11;3;;3;1,000;204;;GREL156587530;
INTRA-EX;202409;513881387;VWR12G7R602;84213100;GR;PT;10;EXW;11;3;;4,5;1,000;338;;GREL801324798;
INTRA-EX;202409;513881387;VWR12G7R600ITINLET;87089997;GR;PT;10;EXW;11;3;;0,4;1,000;100;;GREL801324798;
INTRA-EX;202409;513881387;JSK-101-DD;84213100;BE;PT;10;EXW;11;3;;4,4;1,000;247;;QV999999999999;
INTRA-EX;202409;513881387;CTS-IT-260;84213100;BE;PT;10;EXW;11;3;;5;1,000;240;;QV999999999999;
INTRA-EX;202409;513881387;ACSP1;84099100;BE;PT;10;EXW;11;3;;0,5;1,000;22;;QV999999999999;
INTRA-EX;202409;513881387;AC-200-EM;87089997;IT;PT;10;EXW;11;3;;2,3;1,000;54;;IT03656931205;
INTRA-EX;202409;513881387;VWR160001;87089997;NL;PT;10;EXW;11;3;;0,4;1,000;109;;QV999999999999;
INTRA-EX;202409;513881387;AC-45-TB;84198998;NL;PT;10;EXW;11;3;;0,3;1,000;69;;NL002241494B08;
INTRA-EX;202409;513881387;SILZKFR8F7S;85111000;NL;PT;10;EXW;11;3;;0,1;12,000;98;;NL002254344B79;
INTRA-EX;202409;513881387;SILFER8C7ES;85111000;NL;PT;10;EXW;11;3;;0,1;5,000;47;;NL002254344B79;
INTRA-EX;202409;513881387;BKR8EIX;85111000;NL;PT;10;EXW;11;3;;0,1;8,000;71;;NL002254344B79;
INTRA-EX;202409;513881387;SILZKGR8B8S;85111000;NL;PT;10;EXW;11;3;;0,1;8,000;67;;NL002254344B79;
INTRA-EX;202409;513881387;EVE-2TFSI-CF-INT;84213100;NL;PT;10;EXW;11;3;;3,5;1,000;663;;NL002254344B79;
INTRA-EX;202409;513881387;U3P3A8VX;87089997;NL;PT;10;EXW;11;3;;1;1,000;259;;NL002241494B08;
INTRA-EX;202409;513881387;30-4110;87089997;NL;PT;10;EXW;11;3;;0,7;1,000;164;;NL002241494B08;
INTRA-EX;202409;513881387;VWR12UPITINLET;84213100;NL;PT;10;EXW;11;3;;0,4;1,000;78;;NL002241494B08;
INTRA-EX;202409;513881387;DBA42968S-2;87089997;ES;PT;10;EXW;11;3;;23,3;1,000;355;;ESB04855516;
INTRA-EX;202409;513881387;SBW0901-4P-BK;87083091;ES;PT;10;EXW;11;3;;0,5;1,000;78;;QV999999999999;
INTRA-EX;202409;513881387;CTS-IT-277;87089235;ES;PT;10;EXW;11;3;;1,7;1,000;189;;QV999999999999;
INTRA-EX;202409;513881387;06K103484F;87089997;ES;PT;10;EXW;11;3;;0,1;1,000;6;;QV999999999999;
INTRA-EX;202409;513881387;MMRAD-GLF-94;87089135;ES;PT;10;EXW;11;3;;6,2;1,000;271;;QV999999999999;
INTRA-EX;202409;513881387;MMTS-VR6-93L;87089235;ES;PT;10;EXW;11;3;;0,1;1,000;47;;QV999999999999;
INTRA-EX;202409;513881387;216VWBWEOP270;90269000;ES;PT;10;EXW;11;3;;0,3;1,000;70;;QV999999999999;
INTRA-EX;202409;513881387;216VWBWEGT270;87089997;ES;PT;10;EXW;11;3;;0,4;1,000;85;;QV999999999999;
INTRA-EX;202409;513881387;WB-439;84213100;ES;PT;10;EXW;11;3;;0,3;1,000;53;;QV999999999999;
INTRA-EX;202409;513881387;DBA2472S-2;87089997;ES;PT;10;EXW;11;3;;19;1,000;182;;ESx7502353y;
INTRA-EX;202409;513881387;VWR520000;87089997;ES;PT;10;EXW;11;3;;0,7;1,000;133;;ESB42954230;
INTRA-EX;202409;513881387;VWR13G700;84099100;ES;PT;10;EXW;11;3;;2,8;1,000;468;;ESB42954230;
INTRA-EX;202409;513881387;VWR13G700RFK;87089997;ES;PT;10;EXW;11;3;;0,5;1,000;46;;ESB42954230;
INTRA-EX;202409;513881387;VWR1200R600E;84213100;ES;PT;10;EXW;11;3;;5,2;1,000;309;;ESB42954230;
INTRA-EX;202409;513881387;VWR1200R601E;84213100;ES;PT;10;EXW;11;3;;5,2;1,000;338;;ESB42954230;
INTRA-EX;202409;513881387;VWR31G7GT;87088035;ES;PT;10;EXW;11;3;;8;1,000;161;;ESB42954230;
INTRA-EX;202409;513881387;MMTS-CIV-92L;90321020;ES;PT;10;EXW;11;3;;0,1;1,000;35;;ESB66283003;
INTRA-EX;202409;513881387;MMFS-CIV-92;87089997;ES;PT;10;EXW;11;3;;3,3;1,000;102;;ESB66283003;
INTRA-EX;202409;513881387;MMRAD-CIV-92;87089135;ES;PT;10;EXW;11;3;;4,2;1,000;138;;ESB66283003;
INTRA-EX;202409;513881387;MMFAN-SWITCH;87089997;ES;PT;10;EXW;11;3;;0,1;1,000;21;;ESB66283003;
INTRA-EX;202409;513881387;SVWX064;87089235;ES;PT;10;EXW;11;3;;10;1,000;477;;ESB66283003;
INTRA-EX;202409;513881387;EVE-E9X-CF-INT;84213100;ES;PT;10;EXW;11;3;;3;1,000;621;;ESB19296938;
INTRA-EX;202409;513881387;EVE-E9X-CF-ARB;87089235;ES;PT;10;EXW;11;3;;1,3;1,000;428;;ESB19296938;
INTRA-EX;202409;513881387;SVW0620-4P-BK;87083091;FR;PT;10;EXW;11;3;;0,5;1,000;78;;QV999999999999;
INTRA-EX;202409;513881387;ES-351301;87089997;FR;PT;10;EXW;11;3;;1,3;1,000;69;;QV999999999999;
INTRA-EX;202409;513881387;06E898001-4;85111000;FR;PT;10;EXW;11;3;;1,2;1,000;104;;QV999999999999;
INTRA-EX;202409;513881387;ILFR6B-5;84099100;FR;PT;10;EXW;11;3;;0,8;1,000;46;;QV999999999999;
INTRA-EX;202409;513881387;883089.000135A;84836080;FR;PT;10;EXW;11;3;;15,5;1,000;1149;;FR54379990724;
INTRA-EX;202409;513881387;R7437-9-5;85111000;FR;PT;10;EXW;11;3;;0,3;1,000;208;;FR09800029712;
INTRA-EX;202409;513881387;R7437-9-4;87089997;FR;PT;10;EXW;11;3;;0,2;1,000;166;;FR09800029712;
INTRA-EX;202409;513881387;SAUC030;87089235;FR;PT;10;EXW;11;3;;5,6;1,000;186;;FR09800029712;
INTRA-EX;202409;513881387;R7437-9-4;87089997;FR;PT;10;EXW;11;3;;0,2;1,000;166;;QV999999999999;
INTRA-EX;202409;513881387;SBW1176-4P-BK;87083091;FR;PT;10;EXW;11;3;;0,5;1,000;84;;FR16508877198;
INTRA-EX;202409;513881387;KLC167A;87088055;FR;PT;10;EXW;11;3;;1,4;1,000;121;;QV999999999999;
INTRA-EX;202409;513881387;HMP-712;84213100;FR;PT;10;EXW;11;3;;0,3;1,000;76;;FR35504243288;
INTRA-EX;202409;513881387;MMBCC-N55-11CBE;84099100;FR;PT;10;EXW;11;3;;1,8;1,000;197;;FR35504243288;
INTRA-EX;202409;513881387;MMRAD-E90-07A;87089135;FR;PT;10;EXW;11;3;;6,4;1,000;531;;FR35504243288;
INTRA-EX;202409;513881387;LKR8AP-8;85111000;FR;PT;10;EXW;11;3;;0,4;1,000;100;;FR35504243288;
INTRA-EX;202409;513881387;6B1584H-STD;40091100;FR;PT;10;EXW;11;3;;0,4;2,000;269;;FR35504243288;
INTRA-EX;202409;513881387;U5055-6;84099100;FR;PT;10;EXW;11;3;;1,5;1,000;132;;FR35504243288;
INTRA-EX;202409;513881387;CTS-HS-150;87089997;FR;PT;10;EXW;11;3;;0,6;1,000;36;;QV999999999999;
INTRA-EX;202409;513881387;CTS-IT-105R;84213100;FR;PT;10;EXW;11;3;;5;1,000;256;;QV999999999999;
INTRA-EX;202409;513881387;SP-121;32081090;FR;PT;10;EXW;11;3;;0,5;2,000;43;;QV999999999999;
INTRA-EX;202409;513881387;WHT005184;40091100;FR;PT;10;EXW;11;3;;0,1;1,000;8;;QV999999999999;
INTRA-EX;202409;513881387;4B5562H-25;40091100;FR;PT;10;EXW;11;3;;0,2;Uni.;64;;QV999999999999;
INTRA-EX;202409;513881387;FMDV18-RD;84814090;FR;PT;10;EXW;11;3;;1,5;1,000;204;;QV999999999999;
INTRA-EX;202409;513881387;SBMP094;87089235;FR;PT;10;EXW;11;3;;13,4;1,000;262;;FR81803959303;
INTRA-EX;202409;513881387;KTA293;87089997;FR;PT;10;EXW;11;3;;3,3;1,000;148;;FR81803959303;
INTRA-EX;202409;513881387;KLC202;87088035;FR;PT;10;EXW;11;3;;1;1,000;85;;FR81803959303;
INTRA-EX;202409;513881387;KLC141;87088055;FR;PT;10;EXW;11;3;;1;1,000;85;;FR81803959303;
INTRA-EX;202409;513881387;L3P3AB8X;87089997;LV;PT;10;EXW;11;3;;1;1,000;320;;QV999999999999;
INTRA-EX;202409;513881387;FMINDK31;84213100;BG;PT;10;EXW;11;3;;3,5;1,000;267;;BG204197173;
INTRA-EX;202409;513881387;FMTIA4-BK;87089997;BG;PT;10;EXW;11;3;;0,6;1,000;143;;BG204197173;
INTRA-EX;202409;513881387;FMDV23A-BK;87089997;BG;PT;10;EXW;11;3;;0,6;1,000;196;;BG204197173;
INTRA-EX;202409;513881387;SRNC032;87089235;BG;PT;10;EXW;11;3;;5,2;1,000;277;;BG204197173;
INTRA-EX;202409;513881387;UE-TW2-1212;87088055;DK;PT;10;EXW;11;3;;1,7;1,000;100;;DK31347467;
INTRA-EX;202409;513881387;UR-RT2-329;87088055;DK;PT;10;EXW;11;3;;2,5;1,000;71;;DK31347467;
INTRA-EX;202409;513881387;UR-LA2-829;87088055;DK;PT;10;EXW;11;3;;1,4;1,000;68;;DK31347467;
INTRA-EX;202409;513881387;BKR8EIX-4;85111000;DK;PT;10;EXW;11;3;;0,2;1,000;40;;DK31347467;
INTRA-EX;202409;513881387;06F103483E;87089235;DK;PT;10;EXW;11;3;;0,1;1,000;7;;DK31347467;
INTRA-EX;202409;513881387;CTS-IT-289;84213100;CY;PT;10;EXW;11;3;;3,3;1,000;324;;QV999999999999;
INTRA-EX;202409;513881387;9-201-1000;84133080;CY;PT;10;EXW;11;3;;0,5;2,000;141;;CY00781748Y;
INTRA-EX;202409;513881387;9-301-1000;84133080;CY;PT;10;EXW;11;3;;0,5;3,000;329;;CY00781748Y;
INTRA-EX;202409;513881387;6-1002-FRB;84133080;CY;PT;10;EXW;11;3;;0,4;1,000;90;;CY00781748Y;
INTRA-EX;202409;513881387;AC-MK7-FU-BK;87088055;RO;PT;10;EXW;11;3;;2,2;1,000;83;;QV999999999999;
INTRA-EX;202409;513881387;CI100039;40091100;RO;PT;10;EXW;11;3;;2;1,000;243;;QV999999999999;
INTRA-EX;202409;513881387;AC-200-FD;87089997;GR;PT;10;EXW;11;3;;0,5;1,000;32;;GREL137646504;
INTRA-EX;202409;513881387;AC-200-PCVCC;87089997;GR;PT;10;EXW;11;3;;0,5;1,000;41;;GREL137646504;
INTRA-EX;202409;513881387;AC-200-HS;87089997;GR;PT;10;EXW;11;3;;0,5;1,000;15;;GREL137646504;
INTRA-EX;202409;513881387;AC-200-DVBO;84818040;GR;PT;10;EXW;11;3;;0,3;3,000;36;;GREL137646504;
INTRA-EX;202409;513881387;AC-200-TP;40091100;GR;PT;10;EXW;11;3;;1,7;1,000;73;;GREL137646504;
INTRA-EX;202409;513881387;AC-200-BT;90262020;GR;PT;10;EXW;11;3;;0,2;1,000;18;;GREL137646504;
INTRA-EX;202409;513881387;AC-200-CP;84099100;GR;PT;10;EXW;11;3;;0,3;9,000;123;;GREL137646504;
INTRA-EX;202409;513881387;9-654-1025;84133080;DE;PT;10;EXW;11;3;;0,8;1,000;166;;QV999999999999;
INTRA-EX;202409;513881387;420121321;84099100;DE;PT;10;EXW;11;3;;0,1;1,000;29;;QV999999999999;
INTRA-EX;202409;513881387;420103485B;70102000;DE;PT;10;EXW;11;3;;0,1;1,000;23;;QV999999999999;
INTRA-EX;202409;513881387;AC-VAG-BC;87089997;DE;PT;10;EXW;11;3;;0,2;1,000;22;;QV999999999999;
INTRA-EX;202409;513881387;EVE-G8XMV2-CF-INT;84213100;PL;PT;10;EXW;11;3;;7,2;2,000;3975;;PL8141683531;
INTRA-EX;202409;513881387;COMBO-NOV-MQB;84213100;BE;PT;10;EXW;11;3;;5,5;1,000;446;;BE0314595348;
INTRA-EX;202409;513881387;VWR14G700;87089997;BE;PT;10;EXW;11;3;;16,4;1,000;798;;BE0314595348;
INTRA-EX;202409;513881387;CTS-EXH-DP-0014;87089997;BE;PT;10;EXW;11;3;;6;1,000;405;;BE0314595348;
INTRA-EX;202409;513881387;VWR900001-4;84099100;BE;PT;10;EXW;11;3;;1,2;1,000;157;;BE0314595348;
INTRA-EX;202409;513881387;TS-0203-1033;87089997;IT;PT;10;EXW;11;3;;0,7;1,000;127;;IT02710790060;
INTRA-EX;202409;513881387;VWR12P2GTM;84213100;IT;PT;10;EXW;11;3;;2,1;1,000;444;;IT02710790060;
INTRA-EX;202409;513881387;EVE-B9S5-CF-INT;84213100;IT;PT;10;EXW;11;3;;3,4;1,000;1035;;IT03813391202;
INTRA-EX;202409;513881387;PF04;85444290;IT;PT;10;EXW;11;3;;0,2;1,000;159;;IT03656931205;
INTRA-EX;202409;513881387;PF05;90262020;IT;PT;10;EXW;11;3;;0,2;1,000;170;;IT03656931205;
INTRA-EX;202409;513881387;AC-N55-TP;40091100;IT;PT;10;EXW;11;3;;1,7;1,000;110;;IT03656931205;
INTRA-EX;202409;513881387;ARAB65CRS200;84213100;IT;PT;10;EXW;11;3;;2,4;1,000;170;;IT02710790060;
INTRA-EX;202409;513881387;MMHOSE-AUD-TBBK;40091100;NL;PT;10;EXW;11;3;;0,2;1,000;27;;NL002241494B08;
INTRA-EX;202409;513881387;VWR90000;85111000;NL;PT;10;EXW;11;3;;0,3;1,000;30;;NL002241494B08;
INTRA-EX;202409;513881387;SP-820;32081090;NL;PT;10;EXW;11;3;;0,5;1,000;14;;NL002241494B08;
INTRA-EX;202409;513881387;CTS-MM-TAI-3;87089235;NL;PT;10;EXW;11;3;;0,5;1,000;29;;NL002241494B08;
INTRA-EX;202409;513881387;AC-200-CP;84099100;NL;PT;10;EXW;11;3;;0,3;4,000;54;;NL002241494B08;
INTRA-EX;202409;513881387;SVAGX005;87089235;NL;PT;10;EXW;11;3;;12;1,000;477;;NL002241494B08;
INTRA-EX;202409;513881387;VWR1210R601EG;84213100;NL;PT;10;EXW;11;3;;5,2;1,000;505;;NL002254344B79;
INTRA-EX;202409;513881387;VWR180002;87089997;NL;PT;10;EXW;11;3;;0,1;1,000;21;;NL002254344B79;
INTRA-EX;202409;513881387;VWR180000;87089997;NL;PT;10;EXW;11;3;;0,1;2,000;18;;NL002254344B79;
INTRA-EX;202409;513881387;AC-MK7-CP-4;84099100;ES;PT;10;EXW;11;3;;1;1,000;111;;QV999999999999;
INTRA-EX;202409;513881387;JSK-121-BL;84213100;ES;PT;10;EXW;11;3;;4;1,000;265;;QV999999999999;
INTRA-EX;202409;513881387;RPF-1512;842131000;ES;PT;10;EXW;11;3;;0,4;1,000;33;;QV999999999999;
INTRA-EX;202409;513881387;SAU0601-4P-BK;87083091;ES;PT;10;EXW;11;3;;0,5;1,000;77;;QV999999999999;
INTRA-EX;202409;513881387;MMTS-GTI-99;90321020;ES;PT;10;EXW;11;3;;0,1;1,000;47;;QV999999999999;
INTRA-EX;202409;513881387;MMHOSE-STI-08BK;40091100;ES;PT;10;EXW;11;3;;0,7;1,000;62;;QV999999999999;
INTRA-EX;202409;513881387;SFD1216-4P-BK;87083091;ES;PT;10;EXW;11;3;;0,5;1,000;77;;ESB04855516;
INTRA-EX;202409;513881387;SVWCS045;87089235;ES;PT;10;EXW;11;3;;9,2;1,000;325;;QV999999999999;
INTRA-EX;202409;513881387;06J998907A;87089997;ES;PT;10;EXW;11;3;;0,1;4,000;23;;QV999999999999;
INTRA-EX;202409;513881387;06K129717A;87089997;ES;PT;10;EXW;11;3;;0,1;1,000;6;;QV999999999999;
INTRA-EX;202409;513881387;TBP-005;87089997;ES;PT;10;EXW;11;3;;0,3;1,000;22;;QV999999999999;
INTRA-EX;202409;513881387;06K103213A;40091100;ES;PT;10;EXW;11;3;;0,1;1,000;16;;QV999999999999;
INTRA-EX;202409;513881387;AC-200-OSA;87089997;ES;PT;10;EXW;11;3;;0,2;1,000;27;;QV999999999999;
INTRA-EX;202409;513881387;ILFR6B-5;84099100;ES;PT;10;EXW;11;3;;0,8;1,000;46;;ES53284853V;
INTRA-EX;202409;513881387;RBF700;27101999;ES;PT;10;EXW;11;3;;0,6;6,000;87;;ES53284853V;
INTRA-EX;202409;513881387;RBF600;27101999;ES;PT;10;EXW;11;3;;0,6;5,000;47;;ES53284853V;
INTRA-EX;202409;513881387;PFR7G-11S-4;85111000;ES;PT;10;EXW;11;3;;0,2;1,000;47;;QV999999999999;
INTRA-EX;202409;513881387;KSB551;87088055;ES;PT;10;EXW;11;3;;1,9;1,000;114;;ESB66224692;
INTRA-EX;202409;513881387;DILKAR8R9HS-4;85111000;ES;PT;10;EXW;11;3;;0,6;1,000;62;;QV999999999999;
INTRA-EX;202409;513881387;FMDV20-BK;84818040;ES;PT;10;EXW;11;3;;0,6;1,000;177;;ESB09568098;
INTRA-EX;202409;513881387;ATMSYGR09;87089997;ES;PT;10;EXW;11;3;;0,7;1,000;154;;ESB09568098;
INTRA-EX;202409;513881387;FMMK5CTC;87089135;ES;PT;10;EXW;11;3;;1,6;1,000;399;;QV999999999999;
INTRA-EX;202409;513881387;ILZKBR7B8G-4;87089997;ES;PT;10;EXW;11;3;;0,2;1,000;36;;QV999999999999;
INTRA-EX;202409;513881387;ATMSMINI7;87089997;ES;PT;10;EXW;11;3;;2;1,000;233;;QV999999999999;
INTRA-EX;202409;513881387;VWR1200R601E;84213100;ES;PT;10;EXW;11;3;;5,2;1,000;338;;ESB64437577;
INTRA-EX;202409;513881387;VWR12G7R600ITBLA;84213100;ES;PT;10;EXW;11;3;;0,8;1,000;76;;ESB64437577;
INTRA-EX;202409;513881387;9-654-1025;84133080;ES;PT;10;EXW;11;3;;0,8;1,000;129;;ESB86420924;
INTRA-EX;202409;513881387;EVE-E9X-CF-INT;84213100;ES;PT;10;EXW;11;3;;3;1,000;621;;ESB19296938;
INTRA-EX;202409;513881387;06J103600AF;84099100;ES;PT;10;EXW;11;3;;2,5;1,000;14;;ES44534463T;
INTRA-EX;202409;513881387;06J103600AF;84099100;ES;PT;10;EXW;11;3;;2,5;1,000;14;;ES44534463T;
INTRA-EX;202409;513881387;EVE-FK2V2-CF-LHD-INT;84213100;ES;PT;10;EXW;11;3;;3,7;1,000;906;;ESB19296938;
INTRA-EX;202409;513881387;SST011;87089235;ES;PT;10;EXW;11;3;;19,2;1,000;695;;ES71155708X;
INTRA-EX;202409;513881387;SVWC060;87089235;ES;PT;10;EXW;11;3;;9,7;1,000;263;;ES71155708X;
INTRA-EX;202409;513881387;BFR78Z;87088055;ES;PT;10;EXW;11;3;;7,5;1,000;136;;ESB04855516;
INTRA-EX;202409;513881387;BFF96Z;87088055;ES;PT;10;EXW;11;3;;6,9;1,000;136;;ESB04855516;
INTRA-EX;202409;513881387;CTS-IT-500;40091100;ES;PT;10;EXW;11;3;;1,6;1,000;127;;ESB42954230;
INTRA-EX;202409;513881387;CTS-IT-110;40091100;ES;PT;10;EXW;11;3;;1,3;1,000;172;;ESB42954230;
INTRA-EX;202409;513881387;CTS-TR-1050;87089997;ES;PT;10;EXW;11;3;;12,1;1,000;1124;;ESB42954230;
INTRA-EX;202409;513881387;VWR900001;85111000;ES;PT;10;EXW;11;3;;0,3;4,000;122;;ESB42954230;
INTRA-EX;202409;513881387;VWR900002;85111000;ES;PT;10;EXW;11;3;;0,3;4,000;122;;ESB42954230;
INTRA-EX;202409;513881387;KCA313;87089499;ES;PT;10;EXW;11;3;;2,5;1,000;129;;ES72815006L;
INTRA-EX;202409;513881387;ILFR7H;85111000;ES;PT;10;EXW;11;3;;0,2;4,000;45;;ES72815006L;
INTRA-EX;202409;513881387;AC-MQB-FD;87089997;ES;PT;10;EXW;11;3;;0,1;1,000;44;;ESB67377143;
INTRA-EX;202409;513881387;SCNC014;87089235;FR;PT;10;EXW;11;3;;2,4;1,000;141;;FR31909238883;
INTRA-EX;202409;513881387;VWR120000;84213100;FR;PT;10;EXW;11;3;;1;1,000;27;;QV999999999999;
INTRA-EX;202409;513881387;AC-MK7-FU-BK;87088055;FR;PT;10;EXW;11;3;;2,2;1,000;82;;QV999999999999;
INTRA-EX;202409;513881387;VWR13G700RFK;87089997;FR;PT;10;EXW;11;3;;0,5;1,000;49;;QV999999999999;
INTRA-EX;202409;513881387;Z1003100-4;85111000;FR;PT;10;EXW;11;3;;0,4;1,000;120;;QV999999999999;
INTRA-EX;202409;513881387;AC-200-HS;87089997;FR;PT;10;EXW;11;3;;0,5;1,000;22;;QV999999999999;
INTRA-EX;202409;513881387;RBF660;27101999;FR;PT;10;EXW;11;3;;0,6;4,000;48;;QV999999999999;
INTRA-EX;202409;513881387;SSE0433-4P-BK;87083091;FR;PT;10;EXW;11;3;;0,5;1,000;94;;QV999999999999;
INTRA-EX;202409;513881387;SAUC030;87089235;FR;PT;10;EXW;11;3;;5,6;1,000;186;;QV999999999999;
INTRA-EX;202409;513881387;CTS-IGN-007;84099100;FR;PT;10;EXW;11;3;;0,3;4,000;140;;QV999999999999;
INTRA-EX;202409;513881387;R7437-9-4;87089997;FR;PT;10;EXW;11;3;;0,2;1,000;166;;QV999999999999;
INTRA-EX;202409;513881387;SP-821;32081090;FR;PT;10;EXW;11;3;;0,5;2,000;38;;QV999999999999;
INTRA-EX;202409;513881387;AC-200-CFA-KIT;87089997;FR;PT;10;EXW;11;3;;0,1;1,000;32;;QV999999999999;
INTRA-EX;202409;513881387;R7437-9-5;85111000;FR;PT;10;EXW;11;3;;0,3;1,000;208;;QV999999999999;
INTRA-EX;202409;513881387;ECA1576WB;84213100;FR;PT;10;EXW;11;3;;3;1,000;239;;QV999999999999;
INTRA-EX;202409;513881387;SD-3513099;87089997;FR;PT;10;EXW;11;3;;13,5;1,000;153;;QV999999999999;
INTRA-EX;202409;513881387;SD-3551535;87089997;FR;PT;10;EXW;11;3;;8,7;1,000;161;;QV999999999999;
INTRA-EX;202409;513881387;034-108-9003LP;87089997;FR;PT;10;EXW;11;3;;0,4;2,000;127;;FR28984664821;
INTRA-EX;202409;513881387;CG85-02-0002;84213100;FR;PT;10;EXW;11;3;;4,1;1,000;324;;QV999999999999;
INTRA-EX;202409;513881387;BKR8EIX-4;85111000;FR;PT;10;EXW;11;3;;0,2;1,000;41;;QV999999999999;
INTRA-EX;202409;513881387;D401-0039;84099100;FR;PT;10;EXW;11;3;;0,6;1,000;34;;QV999999999999;
INTRA-EX;202409;513881387;CTS-IT-110;40091100;FR;PT;10;EXW;11;3;;1,3;2,000;380;;FR55823261680;
INTRA-EX;202409;513881387;06F103483E;87089235;FR;PT;10;EXW;11;3;;0,1;1,000;8;;QV999999999999;
INTRA-EX;202409;513881387;FMACVAG08;84099100;FR;PT;10;EXW;11;3;;0,5;1,000;141;;QV999999999999;
INTRA-EX;202409;513881387;8E0971824S-RD;84099100;FR;PT;10;EXW;11;3;;0,2;1,000;14;;FR89521469148;
INTRA-EX;202409;513881387;06E898001-4;85111000;FR;PT;10;EXW;11;3;;1,2;1,000;104;;FR89521469148;
INTRA-EX;202409;513881387;52006-AK003;84213100;FR;PT;10;EXW;11;3;;1;1,000;14;;FR89521469148;
INTRA-EX;202409;513881387;BKR7EIX-4;84099100;FR;PT;10;EXW;11;3;;0,5;1,000;40;;FR89521469148;
INTRA-EX;202409;513881387;MST-VW-MK666;84213100;FR;PT;10;EXW;11;3;;4,1;1,000;358;;FR89521469148;
INTRA-EX;202409;513881387;CTS-FPK-004-450;87089235;FR;PT;10;EXW;11;3;;0,8;1,000;358;;QV999999999999;
INTRA-EX;202409;513881387;VWR160001;87089997;FR;PT;10;EXW;11;3;;0,4;1,000;110;;QV999999999999;
INTRA-EX;202409;513881387;CTS-HW-046;87089997;FR;PT;10;EXW;11;3;;0,3;1,000;108;;QV999999999999;
INTRA-EX;202409;513881387;VWR17G7R600;40091100;FR;PT;10;EXW;11;3;;0,2;1,000;49;;QV999999999999;
INTRA-EX;202409;513881387;VWR180004;87089997;FR;PT;10;EXW;11;3;;0,1;1,000;34;;QV999999999999;
INTRA-EX;202409;513881387;MMOC-F10-12SL;87089997;FR;PT;10;EXW;11;3;;5,5;1,000;627;;FR45822828216;
INTRA-EX;202409;513881387;034-301-2010;87083099;FR;PT;10;EXW;11;3;;14;1,000;664;;FR91803933472;
INTRA-EX;202409;513881387;CTS-IT-105R;84213100;FR;PT;10;EXW;11;3;;5;1,000;256;;FR86902095207;
INTRA-EX;202409;513881387;EVE-C7RS6-CF-INT;84213100;FR;PT;10;EXW;11;3;;6;1,000;1678;;FR94827543661;
INTRA-EX;202409;513881387;EVE-N55V2-CF-INT;84213100;FR;PT;10;EXW;11;3;;5,1;1,000;985;;FR26750353237;
INTRA-EX;202409;513881387;FR-0059;84213100;FR;PT;10;EXW;11;3;;4,4;1,000;587;;FR26750353237;
INTRA-EX;202409;513881387;9-654-1025;84133080;FR;PT;10;EXW;11;3;;0,8;3,000;389;;FR09904392206;
INTRA-EX;202409;513881387;CTS-EXH-TP-0008;87089235;FR;PT;10;EXW;11;3;;4;1,000;112;;FR74517896148;
INTRA-EX;202409;513881387;VWR640020;87089997;CY;PT;10;EXW;11;3;;2,2;1,000;94;;CY60002270O;
INTRA-EX;202409;513881387;VWR640015;87089997;CY;PT;10;EXW;11;3;;2,2;1,000;84;;CY60002270O;
INTRA-EX;202409;513881387;VWR180004;87089997;CY;PT;10;EXW;11;3;;0,1;1,000;34;;CY60002270O;
INTRA-EX;202409;513881387;R7437-8-4;84099100;CY;PT;10;EXW;11;3;;0,2;1,000;160;;CY60002270O;
INTRA-EX;202409;513881387;AC-MK7-CP-4;84099100;CY;PT;10;EXW;11;3;;1;1,000;112;;CY60002270O;
INTRA-EX;202409;513881387;FMINLH11-BK;40091100;SE;PT;10;EXW;11;3;;0,6;1,000;118;;QV999999999999;
INTRA-EX;202409;513881387;AC-27-CB;87089235;FI;PT;10;EXW;11;3;;22;1,000;358;;QV999999999999;
INTRA-EX;202409;513881387;AC-MK7-DI.A;87089997;HU;PT;10;EXW;11;3;;0,1;1,000;21;;HU25464285;
INTRA-EX;202409;513881387;CTS-HW-408;84099100;HU;PT;10;EXW;11;3;;0,3;1,000;97;;HU25464285;
INTRA-EX;202409;513881387;VWR810000;87089997;HU;PT;10;EXW;11;3;;0,2;1,000;17;;HU25464285;
INTRA-EX;202409;513881387;EVE-ST38V8S-CF-ENG;87089997;HU;PT;10;EXW;11;3;;1,3;1,000;428;;HU25464285;
INTRA-EX;202409;513881387;EVE-ST38V8S-CF-INT;84213100;HU;PT;10;EXW;11;3;;7,2;1,000;1285;;HU25464285;
INTRA-EX;202409;513881387;CTS-HW-360;40091100;HU;PT;10;EXW;11;3;;1,4;1,000;224;;HU25464285;
INTRA-EX;202409;513881387;001422.999502;84836080;HR;PT;10;EXW;11;3;;7;1,000;560;;HR98951216630;
INTRA-EX;202409;513881387;MMRAD-CIV-92;87089135;RO;PT;10;EXW;11;3;;4,2;1,000;187;;QV999999999999;
INTRA-EX;202409;513881387;BBR44Z;87088055;RO;PT;10;EXW;11;3;;6,7;1,000;210;;RO24558919;
INTRA-EX;202409;513881387;VWR140012;87089199;DE;PT;10;EXW;11;3;;3;1,000;294;;QV999999999999;
INTRA-EX;202409;513881387;SVW039;87089235;PL;PT;10;EXW;11;3;;18;1,000;479;;PL8141683531;
INTRA-EX;202409;513881387;06E898001-4;85111000;BE;PT;10;EXW;11;3;;1,2;1,000;104;;QV999999999999;
INTRA-EX;202409;513881387;BKR8EIX-4;85111000;BE;PT;10;EXW;11;3;;0,2;1,000;41;;QV999999999999;
INTRA-EX;202409;513881387;PP2005;84213100;BE;PT;10;EXW;11;3;;0,5;1,000;24;;BE0789537438;
INTRA-EX;202409;513881387;VWR1210R600EM;84213100;BE;PT;10;EXW;11;3;;5,2;1,000;458;;BE0789537438;
INTRA-EX;202409;513881387;MMICP-FIST-14HP;40091100;IT;PT;10;EXW;11;3;;2,4;1,000;122;;QV999999999999;
INTRA-EX;202409;513881387;AC-200-EVAP;87089997;IT;PT;10;EXW;11;3;;0,3;1,000;19;;QV999999999999;
INTRA-EX;202409;513881387;AC-200-CH-BK;40093100;IT;PT;10;EXW;11;3;;1;1,000;121;;QV999999999999;
INTRA-EX;202409;513881387;P-HF876;87089997;IT;PT;10;EXW;11;3;;2;1,000;595;;IT12034500012;
INTRA-EX;202409;513881387;M-FI/SS/1H/1;87089235;IT;PT;10;EXW;11;3;;15;1,000;766;;IT12034500012;
INTRA-EX;202409;513881387;TP-T/S/2;87089235;IT;PT;10;EXW;11;3;;2;1,000;573;;IT12034500012;
INTRA-EX;202409;513881387;10.127.203K;84132000;IT;PT;10;EXW;11;3;;0,3;2,000;454;;IT12034500012;
INTRA-EX;202409;513881387;VWR1200R600E;84213100;IT;PT;10;EXW;11;3;;5,2;6,000;1857;;IT12034500012;
INTRA-EX;202409;513881387;VWR1200R601E;84213100;IT;PT;10;EXW;11;3;;5,2;4,000;1352;;IT12034500012;
INTRA-EX;202409;513881387;10.127.101K;84133080;IT;PT;10;EXW;11;3;;0,3;1,000;227;;IT12034500012;
INTRA-EX;202409;513881387;VWR17G7R600;40091100;IT;PT;10;EXW;11;3;;0,2;1,000;38;;IT12034500012;
INTRA-EX;202409;513881387;10.127.203T;87089997;IT;PT;10;EXW;11;3;;0,1;1,000;10;;IT12034500012;
INTRA-EX;202409;513881387;VWR120010;40091100;IT;PT;10;EXW;11;3;;1,4;1,000;178;;IT12034500012;
INTRA-EX;202409;513881387;VWR900002;85111000;IT;PT;10;EXW;11;3;;0,3;4,000;122;;IT12034500012;
INTRA-EX;202409;513881387;CTS-IT-250;84213100;IT;PT;10;EXW;11;3;;6,2;1,000;284;;IT12034500012;
INTRA-EX;202409;513881387;VWR12G7R601FO;84213100;IT;PT;10;EXW;11;3;;0,9;1,000;112;;IT03815490929;
INTRA-EX;202409;513881387;EVE-GR4-CF-INT;84213100;IT;PT;10;EXW;11;3;;5,7;1,000;975;;IT08063310968;
INTRA-EX;202409;513881387;STYP009;87089997;IT;PT;10;EXW;11;3;;7,8;1,000;201;;IT08063310968;
INTRA-EX;202409;513881387;SVWC064;87089235;IT;PT;10;EXW;11;3;;10;1,000;292;;IT08063310968;
INTRA-EX;202409;513881387;VWR120003;87089997;IT;PT;10;EXW;11;3;;1,3;2,000;357;;IT08063310968;
INTRA-EX;202409;513881387;VWR160000;87089997;IT;PT;10;EXW;11;3;;0,7;1,000;114;;IT08063310968;
INTRA-EX;202409;513881387;CTS-IT-250;84213100;NL;PT;10;EXW;11;3;;6,2;1,000;284;;NL859402022B01;
INTRA-EX;202409;513881387;2Q0121321A;87089997;NL;PT;10;EXW;11;3;;0,2;1,000;5;;NL859402022B01;
INTRA-EX;202409;513881387;1K0253144AE;87089997;NL;PT;10;EXW;11;3;;1;1,000;6;;NL859402022B01;
INTRA-EX;202409;513881387;06D115562;84099100;NL;PT;10;EXW;11;3;;0,2;3,000;9;;NL859402022B01;
INTRA-EX;202409;513881387;WHT005184;40091100;NL;PT;10;EXW;11;3;;0,1;2,000;8;;NL859402022B01;
INTRA-EX;202409;513881387;AC-VAG-ODP;70102000;NL;PT;10;EXW;11;3;;0,2;3,000;17;;NL859402022B01;
INTRA-EX;202409;513881387;AC-UNI-WD;87089997;NL;PT;10;EXW;11;3;;0,2;3,000;23;;NL859402022B01;
INTRA-EX;202409;513881387;PF04;85444290;NL;PT;10;EXW;11;3;;0,2;1,000;159;;NL002241494B08;
INTRA-EX;202409;513881387;AC-200-CFA;87089997;NL;PT;10;EXW;11;3;;0,1;1,000;16;;NL002241494B08;
INTRA-EX;202409;513881387;WHT005184;40091100;NL;PT;10;EXW;11;3;;0,1;1,000;4;;NL002241494B08;
INTRA-EX;202409;513881387;SHD0394-6P-RD;87083091;ES;PT;10;EXW;11;3;;0,8;1,000;155;;ES78639576T;
INTRA-EX;202409;513881387;CI100039;40091100;ES;PT;10;EXW;11;3;;2;1,000;241;;ES45709449P;
INTRA-EX;202409;513881387;FM225IND-RD;40093100;ES;PT;10;EXW;11;3;;1;1,000;187;;QV999999999999;
INTRA-EX;202409;513881387;06F103483D;87089997;ES;PT;10;EXW;11;3;;0,1;1,000;8;;QV999999999999;
INTRA-EX;202409;513881387;VWR120000;84213100;ES;PT;10;EXW;11;3;;1;1,000;26;;QV999999999999;
INTRA-EX;202409;513881387;SHY0800-4P-BK;87083091;ES;PT;10;EXW;11;3;;0,8;1,000;76;;QV999999999999;
INTRA-EX;202409;513881387;MS100123;87089997;ES;PT;10;EXW;11;3;;1;1,000;299;;ESB58397878;
INTRA-EX;202409;513881387;034-108-1011;84213100;ES;PT;10;EXW;11;3;;3,6;1,000;240;;QV999999999999;
INTRA-EX;202409;513881387;VWR810009;87089997;ES;PT;10;EXW;11;3;;0,2;1,000;51;;QV999999999999;
INTRA-EX;202409;513881387;06J103600AFKIT;84099100;ES;PT;10;EXW;11;3;;2,5;1,000;49;;QV999999999999;
INTRA-EX;202409;513881387;VWR180000;87089997;ES;PT;10;EXW;11;3;;0,1;1,000;13;;QV999999999999;
INTRA-EX;202409;513881387;SAU0601-4P-BK;87083091;ES;PT;10;EXW;11;3;;0,5;1,000;77;;QV999999999999;
INTRA-EX;202409;513881387;ACSP1;84099100;ES;PT;10;EXW;11;3;;0,5;1,000;22;;QV999999999999;
INTRA-EX;202409;513881387;AC-VAG-ODP;70102000;ES;PT;10;EXW;11;3;;0,2;1,000;8;;QV999999999999;
INTRA-EX;202409;513881387;SHYC105;87089235;ES;PT;10;EXW;11;3;;2,5;1,000;206;;QV999999999999;
INTRA-EX;202409;513881387;KCA472;87088035;ES;PT;10;EXW;11;3;;2;1,000;170;;QV999999999999;
INTRA-EX;202409;513881387;06L253039C;87089997;ES;PT;10;EXW;11;3;;0,1;1,000;7;;QV999999999999;
INTRA-EX;202409;513881387;FSBS40034B26R/27L;87089997;ES;PT;10;EXW;11;3;;25,7;1,000;1363;;ESB67114637;
INTRA-EX;202409;513881387;VIB-1458;87089235;ES;PT;10;EXW;11;3;;0,2;3,000;19;;QV999999999999;
INTRA-EX;202409;513881387;BM139;87089235;ES;PT;10;EXW;11;3;;4,9;1,000;289;;ESB25831413;
INTRA-EX;202409;513881387;SBMP083;87089235;ES;PT;10;EXW;11;3;;7,5;1,000;235;;ESB25831413;
INTRA-EX;202409;513881387;06K103213A;40091100;ES;PT;10;EXW;11;3;;0,1;1,000;16;;ESB15501539;
INTRA-EX;202409;513881387;058198025A;87089997;ES;PT;10;EXW;11;3;;0,3;1,000;8;;QV999999999999;
INTRA-EX;202409;513881387;RBF700;27101999;ES;PT;10;EXW;11;3;;0,6;2,000;28;;QV999999999999;
INTRA-EX;202409;513881387;N91130801-5;87089997;ES;PT;10;EXW;11;3;;0,1;2,000;15;;QV999999999999;
INTRA-EX;202409;513881387;9-654-1025;84133080;ES;PT;10;EXW;11;3;;0,8;1,000;163;;QV999999999999;
INTRA-EX;202409;513881387;JSK-101-DD;84213100;ES;PT;10;EXW;11;3;;4,4;1,000;249;;ES12764811H;
INTRA-EX;202409;513881387;VWR900001;85111000;ES;PT;10;EXW;11;3;;0,3;4,000;122;;ES38873546G;
INTRA-EX;202409;513881387;SHYC105;87089235;ES;PT;10;EXW;11;3;;2,5;1,000;150;;ES38873546G;
INTRA-EX;202409;513881387;PF04;85444290;ES;PT;10;EXW;11;3;;0,2;1,000;159;;ES44534463T;
INTRA-EX;202409;513881387;SHYC103;87089235;ES;PT;10;EXW;11;3;;4,5;1,000;201;;ESB42771618;
INTRA-EX;202409;513881387;AC-MK7-DI.A;87089997;ES;PT;10;EXW;11;3;;0,1;1,000;21;;ESB42771618;
INTRA-EX;202409;513881387;U5014;84099100;ES;PT;10;EXW;11;3;;0,3;20,000;427;;ESB42771618;
INTRA-EX;202409;513881387;AC-MK7-IND-BK;40091100;ES;PT;10;EXW;11;3;;0,9;1,000;32;;ESB42771618;
INTRA-EX;202409;513881387;AC-MK7-MD;87089997;ES;PT;10;EXW;11;3;;0,4;1,000;43;;ESB42771618;
INTRA-EX;202409;513881387;VWR31TR01;10;ES;PT;10;EXW;11;3;;8,3;1,000;161;;ESB04855516;
INTRA-EX;202409;513881387;AC-200R-DP;87089235;FR;PT;10;EXW;11;3;;9,8;1,000;249;;QV999999999999;
INTRA-EX;202409;513881387;CTS-DP-IK1;87089997;FR;PT;10;EXW;11;3;;0,3;1,000;13;;QV999999999999;
INTRA-EX;202409;513881387;CTS-HW-031;87089235;FR;PT;10;EXW;11;3;;0,1;1,000;99;;QV999999999999;
INTRA-EX;202409;513881387;4B1609H-STD;40091100;FR;PT;10;EXW;11;3;;0,5;1,000;44;;QV999999999999;
INTRA-EX;202409;513881387;AC-N55-TP;40091100;FR;PT;10;EXW;11;3;;1,7;1,000;149;;QV999999999999;
INTRA-EX;202409;513881387;RBF600;27101999;FR;PT;10;EXW;11;3;;0,6;3,000;28;;QV999999999999;
INTRA-EX;202409;513881387;SFD0121-4P-BK;87083091;FR;PT;10;EXW;11;3;;0,5;1,000;77;;QV999999999999;
INTRA-EX;202409;513881387;06J103600AFKIT;84099100;FR;PT;10;EXW;11;3;;2,5;1,000;49;;QV999999999999;
INTRA-EX;202409;513881387;ILFR7H-5;85111000;FR;PT;10;EXW;11;3;;0,2;1,000;67;;QV999999999999;
INTRA-EX;202409;513881387;AC-200-CP-5;84099100;FR;PT;10;EXW;11;3;;1,3;1,000;102;;QV999999999999;
INTRA-EX;202409;513881387;613182.654150;87089997;FR;PT;10;EXW;11;3;;0,5;1,000;62;;QV999999999999;
INTRA-EX;202409;513881387;FMINLH11-RD;40091100;FR;PT;10;EXW;11;3;;0,6;1,000;123;;QV999999999999;
INTRA-EX;202409;513881387;R7437-8-4;84099100;FR;PT;10;EXW;11;3;;0,2;1,000;160;;QV999999999999;
INTRA-EX;202409;513881387;06J103600AFKIT;84099100;FR;PT;10;EXW;11;3;;2,5;1,000;49;;QV999999999999;
INTRA-EX;202409;513881387;216BFWABOSM;90262020;FR;PT;10;EXW;11;3;;0,3;1,000;35;;QV999999999999;
INTRA-EX;202409;513881387;VWR180000;87089997;FR;PT;10;EXW;11;3;;0,1;1,000;13;;QV999999999999;
INTRA-EX;202409;513881387;PPF-2047;84213100;FR;PT;10;EXW;11;3;;0,6;1,000;43;;QV999999999999;
INTRA-EX;202409;513881387;06E898001-4;85111000;FR;PT;10;EXW;11;3;;1,2;1,000;104;;QV999999999999;
INTRA-EX;202409;513881387;4B5562H-STD;40091100;FR;PT;10;EXW;11;3;;0,2;1,000;64;;QV999999999999;
INTRA-EX;202409;513881387;5M5585H-STD;40091100;FR;PT;10;EXW;11;3;;0,3;1,000;91;;QV999999999999;
INTRA-EX;202409;513881387;MMRAD-GLF-99;87089135;FR;PT;10;EXW;11;3;;8;1,000;279;;QV999999999999;
INTRA-EX;202409;513881387;L3P3SFRX;87089997;FR;PT;10;EXW;11;3;;0,6;1,000;322;;QV999999999999;
INTRA-EX;202409;513881387;MMICP-FIST-14HP;40091100;FR;PT;10;EXW;11;3;;2,4;1,000;124;;QV999999999999;
INTRA-EX;202409;513881387;VWR640120;87089997;FR;PT;10;EXW;11;3;;2,2;1,000;94;;QV999999999999;
INTRA-EX;202409;513881387;VWR640115;87089997;FR;PT;10;EXW;11;3;;2,2;1,000;84;;QV999999999999;
INTRA-EX;202409;513881387;SILZKBR8D8S-6;84099100;FR;PT;10;EXW;11;3;;0,2;1,000;66;;QV999999999999;
INTRA-EX;202409;513881387;R7437-9-4;87089997;FR;PT;10;EXW;11;3;;0,2;1,000;166;;QV999999999999;
INTRA-EX;202409;513881387;JSK-311-BK;84213100;FR;PT;10;EXW;11;3;;2,5;1,000;222;;QV999999999999;
INTRA-EX;202409;513881387;PM100332;87089997;FR;PT;10;EXW;11;3;;0,2;1,000;28;;QV999999999999;
INTRA-EX;202409;513881387;AC-200-CFA;87089997;FR;PT;10;EXW;11;3;;0,1;1,000;24;;QV999999999999;
INTRA-EX;202409;513881387;06F103483D;87089997;FR;PT;10;EXW;11;3;;0,1;1,000;8;;QV999999999999;
INTRA-EX;202409;513881387;A1000004;87089997;FR;PT;10;EXW;11;3;;0,1;1,000;6;;QV999999999999;
INTRA-EX;202409;513881387;CTS-EM-MK456-4-60D;84099100;FR;PT;10;EXW;11;3;;2,5;1,000;116;;QV999999999999;
INTRA-EX;202409;513881387;RIP-010-RD;84213100;FR;PT;10;EXW;11;3;;0,8;1,000;56;;QV999999999999;
INTRA-EX;202409;513881387;4B1609H-STD;40091100;FR;PT;10;EXW;11;3;;0,5;1,000;44;;QV999999999999;
INTRA-EX;202409;513881387;CTS-IT-255R;87089135;FR;PT;10;EXW;11;3;;8;1,000;322;;FR55823261680;
INTRA-EX;202409;513881387;SAU0651-4P-Y;87083091;FR;PT;10;EXW;11;3;;0,5;1,000;68;;QV999999999999;
INTRA-EX;202409;513881387;AC-211-CFA;87089997;FR;PT;10;EXW;11;3;;0,1;1,000;24;;QV999999999999;
INTRA-EX;202409;513881387;BKR7EIX-4;84099100;FR;PT;10;EXW;11;3;;0,5;1,000;40;;QV999999999999;
INTRA-EX;202409;513881387;SAUC090;87089235;FR;PT;10;EXW;11;3;;10,6;1,000;394;;QV999999999999;
INTRA-EX;202409;513881387;VWR31G8GT;87089997;FR;PT;10;EXW;11;3;;7,9;1,000;241;;FR55823261680;
INTRA-EX;202409;513881387;Z-335112;87089997;FR;PT;10;EXW;11;3;;2;1,000;153;;QV999999999999;
INTRA-EX;202409;513881387;U5055-6;84099100;FR;PT;10;EXW;11;3;;1,5;1,000;132;;QV999999999999;
INTRA-EX;202409;513881387;SILZKBR8D8S-6;84099100;FR;PT;10;EXW;11;3;;0,2;1,000;66;;QV999999999999;
INTRA-EX;202409;513881387;SBW1171-4P-BL;87083091;FR;PT;10;EXW;11;3;;0,5;1,000;78;;QV999999999999;
INTRA-EX;202409;513881387;R7437-9;85111000;FR;PT;10;EXW;11;3;;0,1;5,000;176;;FR29825099401;
INTRA-EX;202409;513881387;VWR1200R600E;84213100;FR;PT;10;EXW;11;3;;5,2;3,000;928;;FR82530667591;
INTRA-EX;202409;513881387;VWR140010;40093100;FR;PT;10;EXW;11;3;;1,7;1,000;158;;FR94827543661;
INTRA-EX;202409;513881387;SVWS043;87089235;FR;PT;10;EXW;11;3;;20;1,000;571;;FR81803959303;
INTRA-EX;202409;513881387;BKR8EIX;85111000;FR;PT;10;EXW;11;3;;0,1;8,000;71;;FR34897942652;
INTRA-EX;202409;513881387;R7437-9;85111000;FR;PT;10;EXW;11;3;;0,1;8,000;282;;FR34897942652;
INTRA-EX;202409;513881387;UR-TW2-305;84099100;FR;PT;10;EXW;11;3;;2,5;2,000;185;;FR09904392206;
INTRA-EX;202409;513881387;SSE0433-4P-BK;87083091;FR;PT;10;EXW;11;3;;0,5;1,000;94;;FR81802142299;
INTRA-EX;202409;513881387;AC-211-IT;84198998;FR;PT;10;EXW;11;3;;5,5;1,000;187;;QV999999999999;
INTRA-EX;202409;513881387;F2419P+F2417P;87082910;LV;PT;10;EXW;11;3;;1,2;1,000;683;;LV40103720938;
INTRA-EX;202409;513881387;FMINDK28-RD;84213100;CY;PT;10;EXW;11;3;;5,9;1,000;383;;CY10230919B;
INTRA-EX;202409;513881387;VWR900001;85111000;LU;PT;10;EXW;11;3;;0,3;8,000;244;;LU28446117;
INTRA-EX;202409;513881387;8E0971824S-BL;84099100;GR;PT;10;EXW;11;3;;0,2;5,000;93;;GREL137646504;
INTRA-EX;202409;513881387;AC-S58-FP;87089997;GR;PT;10;EXW;11;3;;4;1,000;217;;GR151920446;
INTRA-EX;202409;513881387;FR-0513;84213100;GR;PT;10;EXW;11;3;;6;1,000;622;;GREL156587530;
INTRA-EX;202409;513881387;AC-S58-FP;87089997;GR;PT;10;EXW;11;3;;4;2,000;289;;GREL156587530;
INTRA-EX;202409;513881387;MMHOSE-SUB-INTBK;40093100;GR;PT;10;EXW;11;3;;1,3;1,000;67;;GREL156587530;
INTRA-EX;202409;513881387;10.127.100K;84132000;GR;PT;10;EXW;11;3;;0,3;2,000;454;;GREL137646504;
INTRA-EX;202409;513881387;AC-200-CP;84099100;GR;PT;10;EXW;11;3;;0,3;4,000;54;;GREL137646504;
INTRA-EX;202409;513881387;MMODP-1615B;70102000;DE;PT;10;EXW;11;3;;0,1;5,000;46;;DE359821210;
INTRA-EX;202409;513881387;L3P3SFRX;87089997;DE;PT;10;EXW;11;3;;0,6;1,000;252;;DE359821210;
INTRA-EX;202409;513881387;KTA216A;87088035;DE;PT;10;EXW;11;3;;4,3;1,000;204;;DE359821210;
INTRA-EX;202409;513881387;VSTD8-C1SA4;87089997;DE;PT;10;EXW;11;3;;26,5;1,000;734;;DE359821210;
INTRA-EX;202409;513881387;VWR800000;58109210;PL;PT;10;EXW;11;3;;0,1;2,000;14;;PL8141683531;
INTRA-EX;202409;513881387;VWR17G7R600;40091100;PL;PT;10;EXW;11;3;;0,2;2,000;76;;PL8141683531;
INTRA-EX;202409;513881387;VWR12G7R600OS;84213100;PL;PT;10;EXW;11;3;;0,3;5,000;109;;PL8141683531;
INTRA-EX;202409;513881387;VWR900001;85111000;PL;PT;10;EXW;11;3;;0,3;8,000;244;;PL8141683531;
INTRA-EX;202409;513881387;ES-341225;87089997;BE;PT;10;EXW;11;3;;2,7;1,000;68;;QV999999999999;
INTRA-EX;202409;513881387;ES-335233;87089997;BE;PT;10;EXW;11;3;;0,9;1,000;68;;QV999999999999;
INTRA-EX;202409;513881387;EVE-A45S-CF-INT;84213100;IT;PT;10;EXW;11;3;;4,6;1,000;999;;IT03943631204;
INTRA-EX;202409;513881387;EVE-B9S5-CF-INT;84213100;IT;PT;10;EXW;11;3;;3,4;1,000;1035;;IT03943631204;
INTRA-EX;202409;513881387;EVE-ST38V8S-CF-INT;84213100;IT;PT;10;EXW;11;3;;7,2;1,000;1285;;IT03943631204;
INTRA-EX;202409;513881387;EVE-ST38Y-CF-INT;84213100;IT;PT;10;EXW;11;3;;7;1,000;1285;;IT03943631204;
INTRA-EX;202409;513881387;AC-MK8-IC;87089199;IT;PT;10;EXW;11;3;;16,5;1,000;349;;IT03813391202;
INTRA-EX;202409;513881387;VWR1200R600E;84213100;IT;PT;10;EXW;11;3;;5,2;1,000;309;;IT03813391202;
INTRA-EX;202409;513881387;VWR120003;87089997;IT;PT;10;EXW;11;3;;1,3;1,000;178;;IT03813391202;
INTRA-EX;202409;513881387;VWR160000;87089997;IT;PT;10;EXW;11;3;;0,7;1,000;114;;IT03813391202;
INTRA-EX;202409;513881387;VWR17G8R600;84213100;IT;PT;10;EXW;11;3;;0,2;1,000;38;;IT03813391202;
INTRA-EX;202409;513881387;AC-MQB-IC;84198998;IT;PT;10;EXW;11;3;;16;1,000;324;;IT02710790060;
INTRA-EX;202409;513881387;AC-MK8-IC;87089199;IT;PT;10;EXW;11;3;;16,5;1,000;349;;IT02710790060;
INTRA-EX;202409;513881387;BMF74;87089235;IT;PT;10;EXW;11;3;;8,5;1,000;167;;IT03656931205;
INTRA-EX;202409;513881387;BMR74Z;87089235;IT;PT;10;EXW;11;3;;6;1,000;140;;IT03656931205;
INTRA-EX;202409;513881387;AC-200-HPFP;87089997;IT;PT;10;EXW;11;3;;1;1,000;332;;IT02710790060;
INTRA-EX;202409;513881387;9-655-1025;84133080;IT;PT;10;EXW;11;3;;0,8;1,000;129;;IT02710790060;
INTRA-EX;202409;513881387;VSMD0-CUSA3;87089997;IT;PT;10;EXW;11;3;;24;1,000;683;;IT02710790060;
INTRA-EX;202409;513881387;AC-WS-15-FK;87088099;NL;PT;10;EXW;11;3;;1,9;1,000;39;;NL002241494B08;
INTRA-EX;202409;513881387;SMZ008;87089235;NL;PT;10;EXW;11;3;;26;1,000;490;;NL002241494B08;
INTRA-EX;202409;513881387;CTS-sil-noise;87089997;NL;PT;10;EXW;11;3;;0,3;1,000;22;;NL002241494B08;
INTRA-EX;202409;513881387;MMODP-12125B;87089997;NL;PT;10;EXW;11;3;;0,1;1,000;9;;NL002241494B08;
INTRA-EX;202409;513881387;EVE-F9XM5M8-CHG;84212300;NL;PT;10;EXW;11;3;;1,2;1,000;472;;NL002241494B08;
INTRA-EX;202409;513881387;EVE-F9XM5M8-CF-INT;84213100;NL;PT;10;EXW;11;3;;6;1,000;1571;;NL002241494B08;
INTRA-EX;202409;513881387;VWR1200R601E;84213100;NL;PT;10;EXW;11;3;;5,2;1,000;338;;NL002241494B08;
INTRA-EX;202409;513881387;VWR120003;87089997;NL;PT;10;EXW;11;3;;1,3;1,000;178;;NL002241494B08;
INTRA-EX;202409;513881387;EVE-C8BMC-FTR;84213100;NL;PT;10;EXW;11;3;;0,7;1,000;189;;NL002241494B08;
INTRA-EX;202409;513881387;AC-200-TBH-BL;40093100;NL;PT;10;EXW;11;3;;0,2;1,000;12;;NL002241494B08;
INTRA-EX;202409;513881387;EVE-661-G2-FTR;84213100;NL;PT;10;EXW;11;3;;0,6;1,000;63;;NL002241494B08;
INTRA-EX;202409;513881387;MMRAD-MK7-15;87089135;ES;PT;10;EXW;11;3;;11;1,000;427;;ESB88553946;
INTRA-EX;202409;513881387;03H971921;84099100;ES;PT;10;EXW;11;3;;0,1;1,000;23;;QV999999999999;
INTRA-EX;202409;513881387;VWR13G500;84099100;ES;PT;10;EXW;11;3;;2;1,000;421;;ES15484935R;
INTRA-EX;202409;513881387;AC-MK7-CP-4;84099100;ES;PT;10;EXW;11;3;;1;1,000;111;;QV999999999999;
INTRA-EX;202409;513881387;06L115441;87089997;ES;PT;10;EXW;11;3;;0,1;2,000;4;;QV999999999999;
INTRA-EX;202409;513881387;06K103484F;87089997;ES;PT;10;EXW;11;3;;0,1;2,000;12;;QV999999999999;
INTRA-EX;202409;513881387;MMAI-MK7-TI;84213100;ES;PT;10;EXW;11;3;;0,7;1,000;120;;QV999999999999;
INTRA-EX;202409;513881387;FMMD2;87089997;ES;PT;10;EXW;11;3;;0,4;1,000;121;;QV999999999999;
INTRA-EX;202409;513881387;SHD0398-4C-BK;87083091;ES;PT;10;EXW;11;3;;0,5;1,000;113;;QV999999999999;
INTRA-EX;202409;513881387;AC-R56-TB;87089997;ES;PT;10;EXW;11;3;;0,4;1,000;59;;QV999999999999;
INTRA-EX;202409;513881387;CTS-HW-0133;84099100;ES;PT;10;EXW;11;3;;0,5;1,000;135;;ES71286183Y;
INTRA-EX;202409;513881387;SBMB050;87089235;ES;PT;10;EXW;11;3;;23;1,000;583;;ESB95846382;
INTRA-EX;202409;513881387;06J103600AFKIT;84099100;ES;PT;10;EXW;11;3;;2,5;1,000;49;;QV999999999999;
INTRA-EX;202409;513881387;VWR12G7R601;84213100;ES;PT;10;EXW;11;3;;5,2;1,000;439;;ES53284853V;
INTRA-EX;202409;513881387;CTS-DB-MK4-60D;84099100;ES;PT;10;EXW;11;3;;1,2;2,000;59;;ESB67084251;
INTRA-EX;202409;513881387;WB-336;84213100;ES;PT;10;EXW;11;3;;0,2;1,000;30;;ESB67084251;
INTRA-EX;202409;513881387;AC-200-CAN-BL;40093100;ES;PT;10;EXW;11;3;;0,3;1,000;14;;ESB67084251;
INTRA-EX;202409;513881387;AC-200-CAN-BK;40093100;ES;PT;10;EXW;11;3;;0,3;2,000;29;;ESB67084251;
INTRA-EX;202409;513881387;WB-427;84213100;ES;PT;10;EXW;11;3;;0,3;1,000;33;;ESB67084251;
INTRA-EX;202409;513881387;AC-MK4-FU;87088055;ES;PT;10;EXW;11;3;;3,1;2,000;117;;ESB67084251;
INTRA-EX;202409;513881387;SFDC089;87089235;ES;PT;10;EXW;11;3;;3;1,000;204;;ESB66283003;
INTRA-EX;202409;513881387;VWR30G700;87089997;ES;PT;10;EXW;11;3;;17;1,000;377;;ESB86420924;
INTRA-EX;202409;513881387;MMOC-F;10;ES;PT;10;EXW;11;3;;2,1;2,000;157;;ES18062887K;
INTRA-EX;202409;513881387;VWR130006;84099100;ES;PT;10;EXW;11;3;;0,3;1,000;40;;ESB04855516;
INTRA-EX;202409;513881387;AC-MK7-CP;84099100;ES;PT;10;EXW;11;3;;0,3;8,000;143;;ESB04855516;
INTRA-EX;202409;513881387;VWR150002;87089997;FR;PT;10;EXW;11;3;;1,8;1,000;262;;QV999999999999;
INTRA-EX;202409;513881387;VWR420000;87089997;FR;PT;10;EXW;11;3;;2;1,000;204;;QV999999999999;
INTRA-EX;202409;513881387;VWR120010;40091100;FR;PT;10;EXW;11;3;;1,4;1,000;229;;QV999999999999;
INTRA-EX;202409;513881387;MMRAD-E36-92;87089135;FR;PT;10;EXW;11;3;;6,7;1,000;227;;QV999999999999;
INTRA-EX;202409;513881387;SBW1162-4P-Y;87083091;FR;PT;10;EXW;11;3;;0,5;1,000;84;;FR35504243288;
INTRA-EX;202409;513881387;CTS-IT-341;40091100;FR;PT;10;EXW;11;3;;1,4;2,000;404;;FR35504243288;
INTRA-EX;202409;513881387;FMINLH25-BK;40093100;FR;PT;10;EXW;11;3;;1;1,000;86;;FR35504243288;
INTRA-EX;202409;513881387;6B1584H-STD;40091100;FR;PT;10;EXW;11;3;;0,4;1,000;134;;FR35504243288;
INTRA-EX;202409;513881387;11127565286;84836080;FR;PT;10;EXW;11;3;;0,4;2,000;20;;FR35504243288;
INTRA-EX;202409;513881387;CTS-IGN-008;84099100;FR;PT;10;EXW;11;3;;0,3;3,000;105;;FR35504243288;
INTRA-EX;202409;513881387;AC-N55-TP;40091100;FR;PT;10;EXW;11;3;;1,7;1,000;149;;QV999999999999;
INTRA-EX;202409;513881387;MMOP-TPS;84099100;FR;PT;10;EXW;11;3;;0,4;1,000;56;;QV999999999999;
INTRA-EX;202409;513881387;034-1ZZ-0001;87089997;FR;PT;10;EXW;11;3;;0,8;1,000;174;;QV999999999999;
INTRA-EX;202409;513881387;06E898001-5;84099100;FR;PT;10;EXW;11;3;;1,6;1,000;131;;FR77978902617;
INTRA-EX;202409;513881387;DILKAR7C9H-4;85111000;FR;PT;10;EXW;11;3;;0,2;1,000;52;;QV999999999999;
INTRA-EX;202409;513881387;SILZKBR8D8S-6;84099100;FR;PT;10;EXW;11;3;;0,2;1,000;66;;QV999999999999;
INTRA-EX;202409;513881387;AC-27-DP;87089235;FR;PT;10;EXW;11;3;;9,8;1,000;247;;QV999999999999;
INTRA-EX;202409;513881387;AC-WS-5;87088099;FR;PT;10;EXW;11;3;;2,3;1,000;26;;QV999999999999;
INTRA-EX;202409;513881387;R7437-8-4;84099100;FR;PT;10;EXW;11;3;;0,2;1,000;160;;QV999999999999;
INTRA-EX;202409;513881387;VWR900001-4;84099100;FR;PT;10;EXW;11;3;;1,2;1,000;157;;QV999999999999;
INTRA-EX;202409;513881387;SRN022;87089235;FR;PT;10;EXW;11;3;;22;1,000;489;;FR55524167806;
INTRA-EX;202409;513881387;CTS-HW-360;40091100;FR;PT;10;EXW;11;3;;1,4;1,000;224;;FR81803959303;
INTRA-EX;202409;513881387;CTS-IT-259;40091100;FR;PT;10;EXW;11;3;;1,1;1,000;127;;FR81803959303;
INTRA-EX;202409;513881387;EVE-TRB8V8S-LHD-NIL;85111000;FR;PT;10;EXW;11;3;;0,2;1,000;428;;FR94827543661;
INTRA-EX;202409;513881387;BWR20XZ;87088055;LT;PT;10;EXW;11;3;;5,8;1,000;170;;QV999999999999;
INTRA-EX;202409;513881387;VWR13G700RFK;87089997;SI;PT;10;EXW;11;3;;0,5;1,000;48;;QV999999999999;
INTRA-EX;202409;513881387;SP6080WB;84213100;DE;PT;10;EXW;11;3;;4,8;1,000;406;;QV999999999999;
INTRA-EX;202409;513881387;SMNC014;87089997;PL;PT;10;EXW;11;3;;8,2;1,000;351;;PL8141683531;
INTRA-EX;202409;513881387;AC-211-OT;84198998;IT;PT;10;EXW;11;3;;1,3;1,000;97;;IT04146110160;
INTRA-EX;202409;513881387;URKR-TW2-4201;87088055;IT;PT;10;EXW;11;3;;2,9;1,000;146;;QV999999999999;
INTRA-EX;202409;513881387;EVE-S1-CF-INT;84213100;IT;PT;10;EXW;11;3;;3,2;2,000;913;;IT03813391202;
INTRA-EX;202409;513881387;EVE-EA8884-CF-ENG;84213100;IT;PT;10;EXW;11;3;;2,6;1,000;427;;IT03813391202;
INTRA-EX;202409;513881387;EVE-EA8884-R-INT;84213100;IT;PT;10;EXW;11;3;;5;1,000;999;;IT03813391202;
INTRA-EX;202409;513881387;VWR1200R600E;84213100;NL;PT;10;EXW;11;3;;5,2;1,000;309;;NL002241494B08;
INTRA-EX;202409;513881387;FMTUBL9;84213100;ES;PT;10;EXW;11;3;;2,2;1,000;197;;QV999999999999;
INTRA-EX;202409;513881387;06E898001-4;85111000;ES;PT;10;EXW;11;3;;1,2;1,000;104;;QV999999999999;
INTRA-EX;202409;513881387;AC-200-FD;87089997;ES;PT;10;EXW;11;3;;0,5;1,000;48;;QV999999999999;
INTRA-EX;202409;513881387;AC-200-HS;87089997;ES;PT;10;EXW;11;3;;0,5;1,000;22;;QV999999999999;
INTRA-EX;202409;513881387;JSK-101-DD;84213100;ES;PT;10;EXW;11;3;;4,4;1,000;249;;ESB86420924;
INTRA-EX;202409;513881387;JSK-101-DD;84213100;ES;PT;10;EXW;11;3;;4,4;1,000;247;;QV999999999999;
INTRA-EX;202409;513881387;SILZKGR8B8S-4;84099100;ES;PT;10;EXW;11;3;;0,2;1,000;39;;QV999999999999;
INTRA-EX;202409;513881387;WB-341;84213100;ES;PT;10;EXW;11;3;;0,2;1,000;48;;QV999999999999;
INTRA-EX;202409;513881387;SAU0436-4P-BK;87083091;ES;PT;10;EXW;11;3;;0,5;1,000;76;;QV999999999999;
INTRA-EX;202409;513881387;216EVOEOP-RB;87089997;ES;PT;10;EXW;11;3;;0,4;1,000;79;;QV999999999999;
INTRA-EX;202409;513881387;216EVOOT-RB;90269000;ES;PT;10;EXW;11;3;;0,3;1,000;46;;QV999999999999;
INTRA-EX;202409;513881387;MMHOSE-SUB-ANC4BK;40091100;ES;PT;10;EXW;11;3;;0,9;1,000;107;;QV999999999999;
INTRA-EX;202409;513881387;MMRT-WRX-01EBK;87089997;ES;PT;10;EXW;11;3;;1;1,000;135;;QV999999999999;
INTRA-EX;202409;513881387;MMHOSE-WRX-01BK;40093100;ES;PT;10;EXW;11;3;;0,7;1,000;89;;QV999999999999;
INTRA-EX;202409;513881387;BKR7EIX-4;84099100;ES;PT;10;EXW;11;3;;0,5;1,000;40;;QV999999999999;
INTRA-EX;202409;513881387;06J103600AF;84099100;ES;PT;10;EXW;11;3;;2,5;2,000;28;;ES44534463T;
INTRA-EX;202409;513881387;VWR180004;87089997;ES;PT;10;EXW;11;3;;0,1;1,000;26;;ES44534463T;
INTRA-EX;202409;513881387;VWR12G7R601FO;84213100;ES;PT;10;EXW;11;3;;0,9;1,000;112;;ES43179343V;
INTRA-EX;202409;513881387;EVE-GR4-CF-INT;84213100;ES;PT;10;EXW;11;3;;5,7;1,000;975;;ESB19296938;
INTRA-EX;202409;513881387;CI100040;84213100;ES;PT;10;EXW;11;3;;3,2;1,000;395;;ESB04855516;
INTRA-EX;202409;513881387;10.127.100K;84132000;ES;PT;10;EXW;11;3;;0,3;1,000;227;;ESB42954230;
INTRA-EX;202409;513881387;VWR12G60D;10;ES;PT;10;EXW;11;3;;1,9;1,000;237;;ESB42954230;
INTRA-EX;202409;513881387;10.127.203K;84132000;ES;PT;10;EXW;11;3;;0,3;2,000;454;;ESB42954230;
INTRA-EX;202409;513881387;VWR1200R601E;84213100;ES;PT;10;EXW;11;3;;5,2;1,000;338;;ESB42954230;
INTRA-EX;202409;513881387;VWR31G8GT;87089997;ES;PT;10;EXW;11;3;;7,9;1,000;161;;ESB42954230;
INTRA-EX;202409;513881387;VWR120010;40091100;ES;PT;10;EXW;11;3;;1,4;1,000;178;;ESB42954230;
INTRA-EX;202409;513881387;AC-180-CPA;87089997;ES;PT;10;EXW;11;3;;0,5;3,000;89;;ESB42954230;
INTRA-EX;202409;513881387;VWR1200R600E;84213100;ES;PT;10;EXW;11;3;;5,2;1,000;309;;ESB42954230;
INTRA-EX;202409;513881387;VWR12G7R600ITINLET;87089997;ES;PT;10;EXW;11;3;;0,4;2,000;200;;ESB42954230;
INTRA-EX;202409;513881387;VWR160001;87089997;ES;PT;10;EXW;11;3;;0,4;1,000;86;;ESB42954230;
INTRA-EX;202409;513881387;VWR12G7R600ITBLA;84213100;ES;PT;10;EXW;11;3;;0,8;1,000;76;;ESB42954230;
INTRA-EX;202409;513881387;VWR12G7R600OS;84213100;ES;PT;10;EXW;11;3;;0,3;1,000;21;;ESB42954230;
INTRA-EX;202409;513881387;KCA472;87088035;ES;PT;10;EXW;11;3;;2;1,000;136;;ES44719365M;
INTRA-EX;202409;513881387;216BFWABOSM;90262020;ES;PT;10;EXW;11;3;;0,3;1,000;22;;ES72815006L;
INTRA-EX;202409;513881387;216BFWAOPSM;90269000;ES;PT;10;EXW;11;3;;0,4;1,000;34;;ES72815006L;
INTRA-EX;202409;513881387;216BFWAOTSM;90269000;ES;PT;10;EXW;11;3;;0,3;1,000;29;;ES72815006L;
INTRA-EX;202409;513881387;PFR7B;85111000;ES;PT;10;EXW;11;3;;0,2;8,000;80;;ES72815006L;
INTRA-EX;202409;513881387;ILFR7H;85111000;ES;PT;10;EXW;11;3;;0,2;4,000;45;;ES72815006L;
INTRA-EX;202409;513881387;BKR7EIX-4;84099100;FR;PT;10;EXW;11;3;;0,5;1,000;40;;QV999999999999;
INTRA-EX;202409;513881387;06D115562;84099100;FR;PT;10;EXW;11;3;;0,2;1,000;4;;QV999999999999;
INTRA-EX;202409;513881387;E10-15-004-03-22;73202081;FR;PT;10;EXW;11;3;;10,2;1,000;149;;QV999999999999;
INTRA-EX;202409;513881387;SP1204WR;84213100;FR;PT;10;EXW;11;3;;3,4;1,000;242;;QV999999999999;
INTRA-EX;202409;513881387;AC-MK5-FU-RD;87088055;FR;PT;10;EXW;11;3;;4,4;1,000;97;;FR80979688512;
INTRA-EX;202409;513881387;R7437-9-4;87089997;FR;PT;10;EXW;11;3;;0,2;1,000;166;;QV999999999999;
INTRA-EX;202409;513881387;AC-N55-TP;40091100;FR;PT;10;EXW;11;3;;1,7;1,000;149;;QV999999999999;
INTRA-EX;202409;513881387;AC-S55-CHP;84835020;FR;PT;10;EXW;11;3;;0,3;1,000;74;;QV999999999999;
INTRA-EX;202409;513881387;06J998907A;87089997;FR;PT;10;EXW;11;3;;0,1;4,000;23;;QV999999999999;
INTRA-EX;202409;513881387;SILZKBR8D8S-6;84099100;FR;PT;10;EXW;11;3;;0,2;1,000;66;;QV999999999999;
INTRA-EX;202409;513881387;SILZKBR8D8S-6;84099100;FR;PT;10;EXW;11;3;;0,2;1,000;66;;QV999999999999;
INTRA-EX;202409;513881387;FMBSMP18T;87089997;FR;PT;10;EXW;11;3;;3,5;1,000;245;;QV999999999999;
INTRA-EX;202409;513881387;VWR180000;87089997;FR;PT;10;EXW;11;3;;0,1;1,000;13;;QV999999999999;
INTRA-EX;202409;513881387;D650-0009-4;84099100;FR;PT;10;EXW;11;3;;1,2;1,000;141;;QV999999999999;
INTRA-EX;202409;513881387;043DQ17144N;84833080;FR;PT;10;EXW;11;3;;2,9;1,000;408;;FR84922221510;
INTRA-EX;202409;513881387;DILKAR7C9H-4;85111000;FR;PT;10;EXW;11;3;;0,2;1,000;52;;QV999999999999;
INTRA-EX;202409;513881387;034-108-1044;84213100;EE;PT;10;EXW;11;3;;4,7;1,000;267;;QV999999999999;
INTRA-EX;202409;513881387;FRI-0323;84213100;GR;PT;10;EXW;11;3;;6,5;1,000;1294;;GREL156587530;
INTRA-EX;202409;513881387;E10-20-031-09-22;73202081;BE;PT;10;EXW;11;3;;9,2;1,000;201;;BE0781910268;
INTRA-EX;202409;513881387;BKR8EIX-4;85111000;BE;PT;10;EXW;11;3;;0,2;2,000;83;;QV999999999999;
INTRA-EX;202409;513881387;AC-200-CP-4;84099100;BE;PT;10;EXW;11;3;;1;1,000;81;;QV999999999999;
INTRA-EX;202409;513881387;SVW0707-4P-BK;87083091;IT;PT;10;EXW;11;3;;0,4;1,000;76;;QV999999999999;
INTRA-EX;202409;513881387;R-FIA-003-I;84099100;IT;PT;10;EXW;11;3;;2,5;1,000;474;;IT02643740026;
INTRA-EX;202409;513881387;SILFER8C7ES;85111000;IT;PT;10;EXW;11;3;;0,1;24,000;228;;IT03943631204;
INTRA-EX;202409;513881387;AC-MK7-CP;84099100;IT;PT;10;EXW;11;3;;0,3;12,000;215;;IT03943631204;
INTRA-EX;202409;513881387;AC-200-HPFP;87089997;IT;PT;10;EXW;11;3;;1;1,000;323;;IT03943631204;
INTRA-EX;202409;513881387;AC-211-HPFP;84132000;IT;PT;10;EXW;11;3;;1,5;1,000;326;;IT03943631204;
INTRA-EX;202409;513881387;AC-MQB-IC;84198998;IT;PT;10;EXW;11;3;;16;2,000;649;;IT03943631204;
INTRA-EX;202409;513881387;AC-200-TP;40091100;IT;PT;10;EXW;11;3;;1,7;2,000;146;;IT03943631204;
INTRA-EX;202409;513881387;10.127.203K;84132000;IT;PT;10;EXW;11;3;;0,3;2,000;454;;IT03943631204;
INTRA-EX;202409;513881387;10.127.100K;84132000;IT;PT;10;EXW;11;3;;0,3;2,000;454;;IT03943631204;
INTRA-EX;202409;513881387;AC-MK7-FPT;84133080;IT;PT;10;EXW;11;3;;0,1;3,000;19;;IT03943631204;
INTRA-EX;202409;513881387;30-3300;87089997;IT;PT;10;EXW;11;3;;4,9;1,000;399;;IT03943631204;
INTRA-EX;202409;513881387;VWR1200R600E;84213100;IT;PT;10;EXW;11;3;;5,2;1,000;309;;IT03813391202;
INTRA-EX;202409;513881387;CTS-IT-255R;87089135;IT;PT;10;EXW;11;3;;8;1,000;284;;IT02710790060;
INTRA-EX;202409;513881387;50003-MR45XLZ-4;87089997;NL;PT;10;EXW;11;3;;0,4;1,000;82;;QV999999999999;
INTRA-EX;202409;513881387;BKR8EIX-4;85111000;NL;PT;10;EXW;11;3;;0,2;1,000;41;;NL805856766B01;
INTRA-EX;202409;513881387;AC-211-CFA;87089997;NL;PT;10;EXW;11;3;;0,1;1,000;24;;NL805856766B01;
INTRA-EX;202409;513881387;06E898001-4;85111000;NL;PT;10;EXW;11;3;;1,2;1,000;104;;NL805856766B01;
INTRA-EX;202409;513881387;AC-211-TP;40091100;NL;PT;10;EXW;11;3;;3;1,000;82;;NL805856766B01;
INTRA-EX;202409;513881387;MMAI-350Z-03H;84213100;NL;PT;10;EXW;11;3;;3,9;1,000;134;;NL002241494B08;
INTRA-EX;202409;513881387;EVE-C7RS6-CF-INT;84213100;NL;PT;10;EXW;11;3;;6;1,000;1678;;NL002241494B08;
INTRA-EX;202409;513881387;VWR12G7R602;84213100;NL;PT;10;EXW;11;3;;4,5;1,000;338;;NL002241494B08;
INTRA-EX;202409;513881387;VWR1200R601E;84213100;NL;PT;10;EXW;11;3;;5,2;1,000;338;;NL002241494B08;
INTRA-EX;202409;513881387;ATIKYGR01;84213100;ES;PT;10;EXW;11;3;;4,7;1,000;308;;ES78533689M;
INTRA-EX;202409;513881387;S90-4-20-013;87087050;ES;PT;10;EXW;11;3;;2,1;2,000;195;;ES78533689M;
INTRA-EX;202409;513881387;E10-82-092-01-22;73202081;ES;PT;10;EXW;11;3;;11;1,000;182;;ES78533689M;
INTRA-EX;202409;513881387;STY0014-4P-Y;87083091;ES;PT;10;EXW;11;3;;0,5;1,000;77;;ES78533689M;
INTRA-EX;202409;513881387;STY0014-1C-BK;87083091;ES;PT;10;EXW;11;3;;0,5;1,000;34;;ES78533689M;
INTRA-EX;202409;513881387;ATMSYGR05;87089997;ES;PT;10;EXW;11;3;;0,2;1,000;60;;ES78533689M;
INTRA-EX;202409;513881387;AC-200-FD;87089997;ES;PT;10;EXW;11;3;;0,5;1,000;32;;ES78832668F;
INTRA-EX;202409;513881387;AC-200-IT;84198998;ES;PT;10;EXW;11;3;;5;1,000;125;;ES78832668F;
INTRA-EX;202409;513881387;50-1200;87089997;ES;PT;10;EXW;11;3;;0,5;1,000;104;;ES78832668F;
INTRA-EX;202409;513881387;AC-MQB-IC;84198998;ES;PT;10;EXW;11;3;;16;1,000;324;;ES78832668F;
INTRA-EX;202409;513881387;AC-200-CP;84099100;ES;PT;10;EXW;11;3;;0,3;12,000;164;;ES78832668F;
INTRA-EX;202409;513881387;AC-MK7-IT;84198998;ES;PT;10;EXW;11;3;;4,3;1,000;144;;ES78832668F;
INTRA-EX;202409;513881387;AC-200-QS;87089997;ES;PT;10;EXW;11;3;;0,4;1,000;49;;ES78832668F;
INTRA-EX;202409;513881387;001422.999502;84836080;ES;PT;10;EXW;11;3;;7;1,000;560;;ESE88264700;
INTRA-EX;202409;513881387;24996-AK031;84213100;ES;PT;10;EXW;11;3;;0,3;1,000;112;;ESB67114637;
INTRA-EX;202409;513881387;SR-233;84213100;ES;PT;10;EXW;11;3;;1,3;1,000;145;;QV999999999999;
INTRA-EX;202409;513881387;06E898001-4;85111000;ES;PT;10;EXW;11;3;;1,2;1,000;104;;QV999999999999;
INTRA-EX;202409;513881387;JSK-101-DD;84213100;ES;PT;10;EXW;11;3;;4,4;1,000;247;;QV999999999999;
INTRA-EX;202409;513881387;MMIG-350Z-0306;85111000;ES;PT;10;EXW;11;3;;2;1,000;157;;QV999999999999;
INTRA-EX;202409;513881387;SSTS012C;87089235;ES;PT;10;EXW;11;3;;22;1,000;726;;ESB70870076;
INTRA-EX;202409;513881387;VWR31G7GT;87088035;ES;PT;10;EXW;11;3;;8;1,000;161;;ES44719365M;
INTRA-EX;202409;513881387;MMBCC-F80-15CBE;87089997;FR;PT;10;EXW;11;3;;1,4;1,000;246;;FR35504243288;
INTRA-EX;202409;513881387;6B1584H-STD;40091100;FR;PT;10;EXW;11;3;;0,4;2,000;269;;FR35504243288;
INTRA-EX;202409;513881387;BHR83XZ;87088055;FR;PT;10;EXW;11;3;;7,8;1,000;193;;QV999999999999;
INTRA-EX;202409;513881387;WHT005184;40091100;FR;PT;10;EXW;11;3;;0,1;1,000;8;;QV999999999999;
INTRA-EX;202409;513881387;AC-MK7-RL;87088055;FR;PT;10;EXW;11;3;;0,5;1,000;59;;QV999999999999;
INTRA-EX;202409;513881387;AC-MK7-FU-BK;87088055;FR;PT;10;EXW;11;3;;2,2;1,000;82;;QV999999999999;
INTRA-EX;202409;513881387;AC-MK7-DI.A;87089997;FR;PT;10;EXW;11;3;;0,1;1,000;32;;QV999999999999;
INTRA-EX;202409;513881387;CTS-IT-110;40091100;FR;PT;10;EXW;11;3;;1,3;1,000;190;;QV999999999999;
INTRA-EX;202409;513881387;CTS-IT-500;40091100;FR;PT;10;EXW;11;3;;1,6;1,000;149;;QV999999999999;
INTRA-EX;202409;513881387;RPF-1747;84213100;FR;PT;10;EXW;11;3;;0,5;1,000;33;;QV999999999999;
INTRA-EX;202409;513881387;CTS-HW-0242;70102000;FR;PT;10;EXW;11;3;;0,5;1,000;62;;QV999999999999;
INTRA-EX;202409;513881387;06D115562;84099100;FR;PT;10;EXW;11;3;;0,2;1,000;4;;QV999999999999;
INTRA-EX;202409;513881387;SP-205;32081090;FR;PT;10;EXW;11;3;;0,5;2,000;54;;QV999999999999;
INTRA-EX;202409;513881387;"60 OP 11";87083091;FR;PT;10;EXW;11;3;;20,5;1,000;344;;QV999999999999;
INTRA-EX;202409;513881387;883089.000046;84836080;FR;PT;10;EXW;11;3;;15,5;1,000;1152;;FR58820771400;
INTRA-EX;202409;513881387;BNF40Z;87088055;FR;PT;10;EXW;11;3;;8,8;1,000;358;;QV999999999999;
INTRA-EX;202409;513881387;JSK-119-BK;84213100;FR;PT;10;EXW;11;3;;2,4;1,000;171;;QV999999999999;
INTRA-EX;202409;513881387;SAU0433-4P-BK;87083091;FR;PT;10;EXW;11;3;;0,5;1,000;77;;QV999999999999;
INTRA-EX;202409;513881387;AC-200-LMI;87089997;FR;PT;10;EXW;11;3;;0,5;1,000;15;;QV999999999999;
INTRA-EX;202409;513881387;FMDV8PS3-BL;87089997;FR;PT;10;EXW;11;3;;1,2;1,000;229;;FR55823261680;
INTRA-EX;202409;513881387;R7437-9;85111000;FR;PT;10;EXW;11;3;;0,1;8,000;282;;FR90912665460;
INTRA-EX;202409;513881387;SBW1176-4P-RD;87083091;MT;PT;10;EXW;11;3;;0,5;1,000;85;;QV999999999999;
INTRA-EX;202409;513881387;BF30500;87083091;MT;PT;10;EXW;11;3;;0,5;1,000;12;;QV999999999999;
INTRA-EX;202409;513881387;EVE-FLC;87084099;MT;PT;10;EXW;11;3;;0,6;1,000;29;;QV999999999999;
INTRA-EX;202409;513881387;EVE-FX34M-PF;84213100;BE;PT;10;EXW;11;3;;1,5;1,000;142;;BE0740963105;
INTRA-EX;202409;513881387;06E898001-4;85111000;DK;PT;10;EXW;11;3;;1,2;1,000;100;;QV999999999999;
INTRA-EX;202409;513881387;BKR7EIX-4;84099100;DK;PT;10;EXW;11;3;;0,5;1,000;38;;QV999999999999;
INTRA-EX;202409;513881387;A1000004;87089997;DK;PT;10;EXW;11;3;;0,1;1,000;6;;QV999999999999;
INTRA-EX;202409;513881387;CTS-IT-020;84213100;DK;PT;10;EXW;11;3;;3,1;1,000;159;;QV999999999999;
INTRA-EX;202409;513881387;AC-200-CP;84099100;HU;PT;10;EXW;11;3;;0,3;30,000;412;;HU25464285;
INTRA-EX;202409;513881387;AC-200-CFA;87089997;HU;PT;10;EXW;11;3;;0,1;2,000;32;;HU25464285;
INTRA-EX;202409;513881387;CTS-HW-408;84099100;HU;PT;10;EXW;11;3;;0,3;1,000;97;;HU25464285;
INTRA-EX;202409;513881387;VWR180004;87089997;HR;PT;10;EXW;11;3;;0,1;1,000;33;;QV999999999999;
INTRA-EX;202409;513881387;VWR900002-4;84099100;GR;PT;10;EXW;11;3;;1,2;1,000;157;;GREL099510210;
INTRA-EX;202409;513881387;VWR180004;87089997;GR;PT;10;EXW;11;3;;0,1;1,000;34;;GREL099510210;
INTRA-EX;202409;513881387;VWR810009;87089997;GR;PT;10;EXW;11;3;;0,2;1,000;51;;GREL099510210;
INTRA-EX;202409;513881387;VWR810005;87082990;GR;PT;10;EXW;11;3;;0,4;1,000;159;;GREL099510210;
INTRA-EX;202409;513881387;VWR810006;87089997;GR;PT;10;EXW;11;3;;1,5;1,000;257;;GREL099510210;
INTRA-EX;202409;513881387;VWR150003;90269000;GR;PT;10;EXW;11;3;;0,4;1,000;93;;GREL099510210;
INTRA-EX;202409;513881387;VWR800001;58109210;GR;PT;10;EXW;11;3;;0,1;1,000;9;;GREL099510210;
INTRA-EX;202409;513881387;CTS-HW-257;87089997;GR;PT;10;EXW;11;3;;0,4;1,000;91;;GREL099510210;
INTRA-EX;202409;513881387;EVE-C7RS6-CF-INT;84213100;IT;PT;10;EXW;11;3;;6;1,000;1678;;IT04146110160;
INTRA-EX;202409;513881387;M-FI/SS/1H/1;87089235;IT;PT;10;EXW;11;3;;15;1,000;766;;IT12034500012;
INTRA-EX;202409;513881387;TP-CS/1;87089997;IT;PT;10;EXW;11;3;;2,1;1,000;584;;IT12034500012;
INTRA-EX;202409;513881387;VWR900001;85111000;IT;PT;10;EXW;11;3;;0,3;4,000;122;;IT12034500012;
INTRA-EX;202409;513881387;CI100052;84213100;IT;PT;10;EXW;11;3;;4,5;1,000;250;;IT04146110160;
INTRA-EX;202409;513881387;VWR1200R600E;84213100;IT;PT;10;EXW;11;3;;5,2;1,000;309;;IT03813391202;
INTRA-EX;202409;513881387;VWR12G7R600ITINLET;87089997;IT;PT;10;EXW;11;3;;0,4;1,000;100;;IT03813391202;
INTRA-EX;202409;513881387;VWR12G7R600ITBLA;84213100;IT;PT;10;EXW;11;3;;0,8;1,000;76;;IT03813391202;
INTRA-EX;202409;513881387;VWR160001;87089997;IT;PT;10;EXW;11;3;;0,4;1,000;86;;IT03813391202;
INTRA-EX;202409;513881387;AC-200-IT;84198998;IT;PT;10;EXW;11;3;;5;1,000;125;;IT02710790060;
INTRA-EX;202409;513881387;MS100252;85111000;IT;PT;10;EXW;11;3;;0,4;4,000;166;;IT03656931205;
INTRA-EX;202409;513881387;ARMAMZDMX5-A;84213100;IT;PT;10;EXW;11;3;;2,3;1,000;377;;IT02710790060;
INTRA-EX;202409;513881387;WA302R+L;87088055;NL;PT;10;EXW;11;3;;5,5;1,000;189;;QV999999999999;
INTRA-EX;202409;513881387;AC-200-QS;87089997;NL;PT;10;EXW;11;3;;0,4;1,000;49;;NL002241494B08;
INTRA-EX;202409;513881387;SVWS052;87089235;NL;PT;10;EXW;11;3;;14,3;1,000;347;;NL002241494B08;
INTRA-EX;202409;513881387;VWR670011;87089235;NL;PT;10;EXW;11;3;;3,5;1,000;163;;NL002254344B79;
INTRA-EX;202409;513881387;06F103483E;87089235;NL;PT;10;EXW;11;3;;0,1;3,000;12;;NL002254344B79;
INTRA-EX;202409;513881387;VWR1210R601EG;84213100;NL;PT;10;EXW;11;3;;5,2;1,000;505;;NL002254344B79;
INTRA-EX;202409;513881387;8E0971824S-RD;84099100;NL;PT;10;EXW;11;3;;0,2;1,000;7;;NL002254344B79;
INTRA-EX;202409;513881387;VWR69000BF1;87089997;NL;PT;10;EXW;11;3;;0,6;3,000;34;;NL002254344B79;
INTRA-EX;202409;513881387;17U-01-0650-4;87089997;ES;PT;10;EXW;11;3;;0,3;1,000;291;;ESB76260033;
INTRA-EX;202409;513881387;9-655-1025;84133080;ES;PT;10;EXW;11;3;;0,8;3,000;389;;ESB76260033;
INTRA-EX;202409;513881387;CTS-IGN-007;84099100;ES;PT;10;EXW;11;3;;0,3;8,000;239;;ESB76260033;
INTRA-EX;202409;513881387;06K129717A;87089997;ES;PT;10;EXW;11;3;;0,1;1,000;6;;ES54094995F;
INTRA-EX;202409;513881387;06K103484F;87089997;ES;PT;10;EXW;11;3;;0,1;1,000;6;;ES54094995F;
INTRA-EX;202409;513881387;06L115466C;84213100;ES;PT;10;EXW;11;3;;0,2;1,000;5;;ES54094995F;
INTRA-EX;202409;513881387;ILFR6B-5;84099100;ES;PT;10;EXW;11;3;;0,8;1,000;46;;QV999999999999;
INTRA-EX;202409;513881387;FMKC018-RD;40091100;ES;PT;10;EXW;11;3;;0,5;1,000;127;;QV999999999999;
INTRA-EX;202409;513881387;FMKC017-RD;40091100;ES;PT;10;EXW;11;3;;0,7;1,000;83;;QV999999999999;
INTRA-EX;202409;513881387;FMBH2-RD;40091100;ES;PT;10;EXW;11;3;;0,1;1,000;17;;QV999999999999;
INTRA-EX;202409;513881387;AC-MK7R-DP;87089235;ES;PT;10;EXW;11;3;;11,3;1,000;275;;QV999999999999;
INTRA-EX;202409;513881387;06J103600AFKIT;84099100;ES;PT;10;EXW;11;3;;2,5;1,000;49;;QV999999999999;
INTRA-EX;202409;513881387;ATINTVAG46;87089135;ES;PT;10;EXW;11;3;;1,9;1,000;262;;ES52448392c;
INTRA-EX;202409;513881387;AC-WS-12-BT;87088099;ES;PT;10;EXW;11;3;;2,3;2,000;93;;ES53284853V;
INTRA-EX;202409;513881387;KCA472;87088035;ES;PT;10;EXW;11;3;;2;1,000;172;;ES53284853V;
INTRA-EX;202409;513881387;RBF700;27101999;ES;PT;10;EXW;11;3;;0,6;3,000;43;;ES53284853V;
INTRA-EX;202409;513881387;FMDVRMA-BL;87089997;ES;PT;10;EXW;11;3;;0,9;1,000;163;;ES53284853V;
INTRA-EX;202409;513881387;7-402;87089997;ES;PT;10;EXW;11;3;;0,9;1,000;147;;ESE94201142;
INTRA-EX;202409;513881387;5M8174H-STD;40091100;ES;PT;10;EXW;11;3;;0,4;1,000;77;;QV999999999999;
INTRA-EX;202409;513881387;4B8172H-STD;40091100;ES;PT;10;EXW;11;3;;0,2;1,000;57;;QV999999999999;
INTRA-EX;202409;513881387;VWR18G700;87089997;ES;PT;10;EXW;11;3;;4;1,000;420;;ES71155708X;
INTRA-EX;202409;513881387;"TTE350 1.8T";84099100;ES;PT;10;EXW;11;3;;15,5;1,000;1288;;ES44719365M;
INTRA-EX;202409;513881387;R7437-8;85111000;ES;PT;10;EXW;11;3;;0,1;4,000;136;;ESE70432497;
INTRA-EX;202409;513881387;AC-MK7-MD;87089997;ES;PT;10;EXW;11;3;;0,4;1,000;43;;ESE70432497;
INTRA-EX;202409;513881387;SILFER8C7ES;85111000;ES;PT;10;EXW;11;3;;0,1;20,000;190;;ES48924146H;
INTRA-EX;202409;513881387;R7438-9;84099100;ES;PT;10;EXW;11;3;;0,1;4,000;133;;ES48924146H;
INTRA-EX;202409;513881387;PF04;85444290;ES;PT;10;EXW;11;3;;0,2;1,000;159;;ES48924146H;
INTRA-EX;202409;513881387;KCA472;87088035;ES;PT;10;EXW;11;3;;2;1,000;136;;ES48924146H;
INTRA-EX;202409;513881387;CTS-IGN-007;84099100;ES;PT;10;EXW;11;3;;0,3;8,000;239;;ES48924146H;
INTRA-EX;202409;513881387;FMINDS5-RD;40091100;FR;PT;10;EXW;11;3;;1,2;1,000;107;;QV999999999999;
INTRA-EX;202409;513881387;RPF-1929;84213100;FR;PT;10;EXW;11;3;;0,5;1,000;56;;QV999999999999;
INTRA-EX;202409;513881387;MMBCC-N54-06CBE2;87089997;FR;PT;10;EXW;11;3;;2,1;1,000;188;;FR35504243288;
INTRA-EX;202409;513881387;AC-S55-CHP;84835020;FR;PT;10;EXW;11;3;;0,3;2,000;149;;FR35504243288;
INTRA-EX;202409;513881387;Z1003101-6;85111000;FR;PT;10;EXW;11;3;;0,6;1,000;121;;QV999999999999;
INTRA-EX;202409;513881387;03K906051;90269000;FR;PT;10;EXW;11;3;;0,1;2,000;38;;QV999999999999;
INTRA-EX;202409;513881387;VWR180004;87089997;FR;PT;10;EXW;11;3;;0,1;1,000;34;;QV999999999999;
INTRA-EX;202409;513881387;06K103213A;40091100;FR;PT;10;EXW;11;3;;0,1;1,000;16;;QV999999999999;
INTRA-EX;202409;513881387;043151.000388;84836080;FR;PT;10;EXW;11;3;;0,3;1,000;51;;FR55823261680;
INTRA-EX;202409;513881387;EVE-W210-FTR;84213100;FR;PT;10;EXW;11;3;;0,6;4,000;380;;FR32803663178;
INTRA-EX;202409;513881387;ACSP1;84099100;FR;PT;10;EXW;11;3;;0,5;1,000;22;;QV999999999999;
INTRA-EX;202409;513881387;UR-RE2-3111;87088055;FR;PT;10;EXW;11;3;;3,3;1,000;104;;QV999999999999;
INTRA-EX;202409;513881387;JSK-101-DD;84213100;FR;PT;10;EXW;11;3;;4,4;1,000;249;;QV999999999999;
INTRA-EX;202409;513881387;PFR7Z-TG-4;84099100;FR;PT;10;EXW;11;3;;0,8;1,000;36;;QV999999999999;
INTRA-EX;202409;513881387;WB-271;84213100;FR;PT;10;EXW;11;3;;0,2;1,000;39;;QV999999999999;
INTRA-EX;202409;513881387;022905715B-6;84099100;FR;PT;10;EXW;11;3;;1,4;1,000;162;;QV999999999999;
INTRA-EX;202409;513881387;BKR8EIX-6;85111000;FR;PT;10;EXW;11;3;;0,3;2,000;125;;FR24852758432;
INTRA-EX;202409;513881387;06E898001-6;85111000;FR;PT;10;EXW;11;3;;1,9;1,000;157;;FR24852758432;
INTRA-EX;202409;513881387;06E898001-5;84099100;FR;PT;10;EXW;11;3;;1,6;1,000;131;;QV999999999999;
INTRA-EX;202409;513881387;UR-LA2-2090;87088055;FR;PT;10;EXW;11;3;;2;1,000;90;;QV999999999999;
INTRA-EX;202409;513881387;UR-TW2-1796;87088055;FR;PT;10;EXW;11;3;;2,8;1,000;104;;FR35504243288;
INTRA-EX;202409;513881387;MMR03-1501;84213100;FR;PT;10;EXW;11;3;;0,3;1,000;63;;FR35504243288;
INTRA-EX;202409;513881387;EVE-N55V2-CF-INT;84213100;FR;PT;10;EXW;11;3;;5,1;1,000;985;;FR26750353237;
INTRA-EX;202409;513881387;CTS-EXH-DP-0026;87089235;ES;PT;10;EXW;11;3;;16,6;1,000;1291;;ESB76323815;
INTRA-EX;202409;513881387;VWR180004;87089997;ES;PT;10;EXW;11;3;;0,1;1,000;34;;ESB76323815;
INTRA-EX;202409;513881387;06E898001-4;85111000;ES;PT;10;EXW;11;3;;1,2;1,000;104;;ES45709449P;
INTRA-EX;202409;513881387;BKR7EIX-4;84099100;ES;PT;10;EXW;11;3;;0,5;1,000;40;;ES45709449P;
