FLUXO;PERIODO;NIF;REF;NC;PAIS;PORIGEM;REGIAO;CODENT;NATTRA;MODTRA;AERPOR;MASSA;UNSUP;VALFAC;"VAL ESTAT";ADQNIF;ERRO
INTRA-EX;202510;513881387;VWR1200R600E;84213100;SK;PT;10;EXW;11;3;;4,9;1;309;;SK2120270581;
INTRA-EX;202510;513881387;SFDC082;87089235;PL;PT;10;EXW;11;3;;5,6;1;161;;PL8141683531;
INTRA-EX;202510;513881387;MMOCC-LAWBK;87089997;GR;PT;10;EXW;11;3;;1;3;210;;GREL108534505;
INTRA-EX;202510;513881387;AC-45S-DPHS;87089235;GR;PT;10;EXW;11;3;;4,7;1;227;;GREL802913609;
INTRA-EX;202510;513881387;IFR7G-11KS;85111000;GR;PT;10;EXW;11;3;;0,1;4;53;;GREL802913609;
INTRA-EX;202510;513881387;SAUS079CF;87089235;BE;PT;10;EXW;11;3;;27,9;1;1295;;BE0667689206;
INTRA-EX;202510;513881387;PM100332;87089997;NL;PT;10;EXW;11;3;;0,2;1;22;;NL866860666B01;
INTRA-EX;202510;513881387;MS100097;84213100;NL;PT;10;EXW;11;3;;0,3;1;88;;NL866860666B01;
INTRA-EX;202510;513881387;CI100053;84213100;NL;PT;10;EXW;11;3;;4,2;1;250;;NL866860666B01;
INTRA-EX;202510;513881387;CI100053;84213100;NL;PT;10;EXW;11;3;;4,2;1;250;;NL866860666B01;
INTRA-EX;202510;513881387;CI100053;84213100;NL;PT;10;EXW;11;3;;4,2;1;250;;NL866860666B01;
INTRA-EX;202510;513881387;Z1003101;85111000;NL;PT;10;EXW;11;3;;0,1;6;99;;NL866860666B01;
INTRA-EX;202510;513881387;PX2011;84213100;NL;PT;10;EXW;11;3;;0,8;1;44;;NL866860666B01;
INTRA-EX;202510;513881387;MS100192;85111000;NL;PT;10;EXW;11;3;;0,3;8;298;;NL866996473B01;
INTRA-EX;202510;513881387;MS100210;85111000;NL;PT;10;EXW;11;3;;0,3;4;99;;NL866996473B01;
INTRA-EX;202510;513881387;CI100053;84213100;NL;PT;10;EXW;11;3;;4,2;2;500;;NL866996473B01;
INTRA-EX;202510;513881387;CI100054;40091100;NL;PT;10;EXW;11;3;;4,3;3;562;;NL866996473B01;
INTRA-EX;202510;513881387;R7437-9;85111000;NL;PT;10;EXW;11;3;;0,1;4;145;;NL866860666B01;
INTRA-EX;202510;513881387;CTS-IGN-007;84099100;NL;PT;10;EXW;11;3;;0,3;4;119;;NL866860666B01;
INTRA-EX;202510;513881387;UR-RT2-3216;87088055;IT;PT;10;EXW;11;3;;3,4;1;73;;IT12072620011;
INTRA-EX;202510;513881387;SRN0481-4C-BK;87083091;IT;PT;10;EXW;11;3;;0,5;1;67;;IT12072620011;
INTRA-EX;202510;513881387;FMINT38;87089199;IT;PT;10;EXW;11;3;;26,5;1;1006;;IT02710790060;
INTRA-EX;202510;513881387;MS100247;85111000;IT;PT;10;EXW;11;3;;0,4;4;149;;IT03656931205;
INTRA-EX;202510;513881387;AC-MK7R-DP;87089235;IT;PT;10;EXW;11;3;;11,6;1;185;;IT03656931205;
INTRA-EX;202510;513881387;EVE-A35-CF-INT;84213100;IT;PT;10;EXW;11;3;;4,2;1;928;;IT02710790060;
INTRA-EX;202510;513881387;EVE-A35-CF-INT;84213100;IT;PT;10;EXW;11;3;;4,2;1;928;;IT08908800967;
INTRA-EX;202510;513881387;EVE-A35-CF-CHG;84213100;IT;PT;10;EXW;11;3;;2,2;1;535;;IT08908800967;
INTRA-EX;202510;513881387;330146R;87089235;ES;PT;10;EXW;11;3;;1;1;157;;ESB76323815;
INTRA-EX;202510;513881387;MMFW-LG-6BK;87089997;ES;PT;10;EXW;11;3;;0,1;1;10;;ESB76323815;
INTRA-EX;202510;513881387;CTS-TR-1050-OG;87089997;ES;PT;10;EXW;11;3;;12,1;1;1349;;ES51150580Y;
INTRA-EX;202510;513881387;FMFSITVR-BLK;84814090;ES;PT;10;EXW;11;3;;0,7;1;190;;ES51150580Y;
INTRA-EX;202510;513881387;AC-S1-CH-BK;40091100;ES;PT;10;EXW;11;3;;3;1;94;;ESB19781145;
INTRA-EX;202510;513881387;AC-N54-TP;40091100;ES;PT;10;EXW;11;3;;1,7;1;80;;ES18062887K;
INTRA-EX;202510;513881387;FMACVAG06;84099100;ES;PT;10;EXW;11;3;;0,6;1;114;;ESB72996382;
INTRA-EX;202510;513881387;MMODP-1415B;87089997;ES;PT;10;EXW;11;3;;0,1;1;11;;ESB72996382;
INTRA-EX;202510;513881387;MMRAD-CIV-02SI;87089135;ES;PT;10;EXW;11;3;;8,7;1;196;;ESB72996382;
INTRA-EX;202510;513881387;FMMD2;87089997;ES;PT;10;EXW;11;3;;0,4;1;82;;ESB72996382;
INTRA-EX;202510;513881387;VWR17G8R600;84213100;ES;PT;10;EXW;11;3;;0,2;1;38;;ESB72996382;
INTRA-EX;202510;513881387;AC-MK7-INLET;40091100;ES;PT;10;EXW;11;3;;0,3;1;45;;ES44719365M;
INTRA-EX;202510;513881387;CI100038;40093100;ES;PT;10;EXW;11;3;;4,2;1;799;;ES33551947F;
INTRA-EX;202510;513881387;CTS-TR-0300RS;87089997;FR;PT;10;EXW;11;3;;13,1;1;1312;;FR35504243288;
INTRA-EX;202510;513881387;FMBM335DV1-BLA-BLA;84814090;FR;PT;10;EXW;11;3;;3,3;1;313;;FR35504243288;
INTRA-EX;202510;513881387;CTS-IGN-008;84099100;FR;PT;10;EXW;11;3;;0,3;6;179;;FR35504243288;
INTRA-EX;202510;513881387;SILZKBR8D8S;85111000;FR;PT;10;EXW;11;3;;0,1;6;58;;FR35504243288;
INTRA-EX;202510;513881387;6B1584H-STD;40091100;FR;PT;10;EXW;11;3;;0,4;3;321;;FR35504243288;
INTRA-EX;202510;513881387;ATINTVAG45;87089135;FR;PT;10;EXW;11;3;;18,5;1;574;;FR94827543661;
INTRA-EX;202510;513881387;VWR810006;87089997;DE;PT;10;EXW;11;3;;1,5;1;200;;DE181881308;
INTRA-EX;202510;513881387;VWR810005;87082990;DE;PT;10;EXW;11;3;;0,4;1;124;;DE181881308;
INTRA-EX;202510;513881387;9-655-1025;84133080;DE;PT;10;EXW;11;3;;0,8;3;388;;DE181881308;
INTRA-EX;202510;513881387;EVE-GR4CR-CFM-INT;84213100;PL;PT;10;EXW;11;3;;5,1;1;1080;;PL8141683531;
INTRA-EX;202510;513881387;D760-0061;84099100;PL;PT;10;EXW;11;3;;1;3;479;;PL6972395288;
INTRA-EX;202510;513881387;EVE-TRB8V8S-LHD-NIL;85111000;PL;PT;10;EXW;11;3;;1,7;1;428;;PL6972395288;
INTRA-EX;202510;513881387;EVE-ST38Y-CF-INT;84213100;PL;PT;10;EXW;11;3;;7;1;1285;;PL6972395288;
INTRA-EX;202510;513881387;EVE-TRB8V8S-FLG-STK;85111000;PL;PT;10;EXW;11;3;;0,2;1;35;;PL6972395288;
INTRA-EX;202510;513881387;R7438-9;85111000;PL;PT;10;EXW;11;3;;0,1;8;276;;PL8141683531;
INTRA-EX;202510;513881387;CTS-IT-270R;84213100;PL;PT;10;EXW;11;3;;4,3;1;247;;PL8141683531;
INTRA-EX;202510;513881387;CTS-IGN-007;84099100;PL;PT;10;EXW;11;3;;0,3;4;119;;PL8141683531;
INTRA-EX;202510;513881387;VWR180001;84212300;PL;PT;10;EXW;11;3;;0,2;2;76;;PL8141683531;
INTRA-EX;202510;513881387;VWR19G702;70102000;PL;PT;10;EXW;11;3;;0,1;1;49;;PL8141683531;
INTRA-EX;202510;513881387;VWR19G703;70102000;PL;PT;10;EXW;11;3;;0,2;1;57;;PL8141683531;
INTRA-EX;202510;513881387;EVE-ST38V8S-CF-ENG;87089997;PL;PT;10;EXW;11;3;;1,3;1;428;;PL8141683531;
INTRA-EX;202510;513881387;SVW0630-4P-BK;87083091;GR;PT;10;EXW;11;3;;0,5;1;63;;GREL136030005;
INTRA-EX;202510;513881387;VWR640015;87089997;GR;PT;10;EXW;11;3;;2,2;1;65;;GREL802913609;
INTRA-EX;202510;513881387;VWR640012;87089997;GR;PT;10;EXW;11;3;;2,2;1;62;;GREL802913609;
INTRA-EX;202510;513881387;FMINT7;87089997;GR;PT;10;EXW;11;3;;16,4;1;448;;GREL802913609;
INTRA-EX;202510;513881387;WB-439;84213100;GR;PT;10;EXW;11;3;;0,3;1;37;;GREL802913609;
INTRA-EX;202510;513881387;AC-R56-IC;84198998;GR;PT;10;EXW;11;3;;10,5;1;167;;GREL802913609;
INTRA-EX;202510;513881387;FMDV1-BLA;87089997;GR;PT;10;EXW;11;3;;2,2;1;178;;GREL137646504;
INTRA-EX;202510;513881387;30-4110;87089997;GR;PT;10;EXW;11;3;;0,7;1;159;;GREL137646504;
INTRA-EX;202510;513881387;SP-201;32081090;GR;PT;10;EXW;11;3;;0,5;2;32;;GREL137646504;
INTRA-EX;202510;513881387;MMRAD-GLF-99;87089135;GR;PT;10;EXW;11;3;;8;1;196;;GREL137646504;
INTRA-EX;202510;513881387;MMHOSE-GLF-99RD;40091100;GR;PT;10;EXW;11;3;;2,5;1;171;;GREL137646504;
INTRA-EX;202510;513881387;CTS-HW-360;40091100;GR;PT;10;EXW;11;3;;1,4;1;224;;GREL802913609;
INTRA-EX;202510;513881387;AC-180S-DVH-RD;40093100;GR;PT;10;EXW;11;3;;0,4;1;17;;GREL802913609;
INTRA-EX;202510;513881387;AC-180-EXM;84198998;GR;PT;10;EXW;11;3;;5;1;203;;GREL802913609;
INTRA-EX;202510;513881387;VAT-PT;;GR;PT;10;EXW;11;3;;0,1;1;49;;GREL802913609;
INTRA-EX;202510;513881387;SD-3519301;87089997;GR;PT;10;EXW;11;3;;17,5;1;215;;QV999999999999;
INTRA-EX;202510;513881387;ATMSHYU17;87089997;GR;PT;10;EXW;11;3;;1,5;1;125;;QV999999999999;
INTRA-EX;202510;513881387;ATMSHYU8;87089997;GR;PT;10;EXW;11;3;;2;1;187;;QV999999999999;
INTRA-EX;202510;513881387;EVE-F8XMV2-CF-INT;84213100;BE;PT;10;EXW;11;3;;6,2;1;1794;;BE0740963105;
INTRA-EX;202510;513881387;MS100210-4;84099100;BE;PT;10;EXW;11;3;;1,7;1;126;;QV999999999999;
INTRA-EX;202510;513881387;BKR8EIX-4;85111000;BE;PT;10;EXW;11;3;;0,3;1;42;;QV999999999999;
INTRA-EX;202510;513881387;8E0971824S-BL;84099100;BE;PT;10;EXW;11;3;;0,2;1;18;;QV999999999999;
INTRA-EX;202510;513881387;ACSP1;84099100;NL;PT;10;EXW;11;3;;0,5;1;18;;NL866860666B01;
INTRA-EX;202510;513881387;CTS-IT-105R;84213100;NL;PT;10;EXW;11;3;;4,6;1;224;;NL866860666B01;
INTRA-EX;202510;513881387;MMHOSE-CIV-02SIBK;40093100;NL;PT;10;EXW;11;3;;0,4;1;59;;NL866860666B01;
INTRA-EX;202510;513881387;VWR190006;87089997;NL;PT;10;EXW;11;3;;0,2;1;59;;NL866996473B01;
INTRA-EX;202510;513881387;D760-0061;84099100;NL;PT;10;EXW;11;3;;1;1;159;;NL866996473B01;
INTRA-EX;202510;513881387;VWR12P2GTM;84213100;NL;PT;10;EXW;11;3;;2,1;1;444;;NL866996473B01;
INTRA-EX;202510;513881387;SPGS022;87089235;NL;PT;10;EXW;11;3;;20,5;1;494;;NL866860666B01;
INTRA-EX;202510;513881387;VWR1210R600EG;84213100;NL;PT;10;EXW;11;3;;5,2;1;458;;NL866860666B01;
INTRA-EX;202510;513881387;EVE-N55-PF;84212300;NL;PT;10;EXW;11;3;;0,9;1;60;;NL866860666B01;
INTRA-EX;202510;513881387;UR-TW3-020;87088055;NL;PT;10;EXW;11;3;;3,7;3;249;;NL857445832B01;
INTRA-EX;202510;513881387;SP-204;32081090;NL;PT;10;EXW;11;3;;0,5;12;195;;NL857445832B01;
INTRA-EX;202510;513881387;MMFS-CIV-92;87089997;NL;PT;10;EXW;11;3;;3,3;1;104;;NL857445832B01;
INTRA-EX;202510;513881387;MMRAD-CIV-92;87089135;NL;PT;10;EXW;11;3;;4,2;1;145;;NL857445832B01;
INTRA-EX;202510;513881387;MMBCC-CTR-17PBERD2;87089997;NL;PT;10;EXW;11;3;;1,1;1;149;;NL857445832B01;
INTRA-EX;202510;513881387;EVE-FK2V2-CF-LHD-INT;84213100;NL;PT;10;EXW;11;3;;3,7;1;906;;NL857445832B01;
INTRA-EX;202510;513881387;MMFAN-SWITCH;87089997;NL;PT;10;EXW;11;3;;0,1;1;29;;NL857445832B01;
INTRA-EX;202510;513881387;CTS-AF-270;84213100;NL;PT;10;EXW;11;3;;0,5;1;37;;NL866860666B01;
INTRA-EX;202510;513881387;MS100192;85111000;NL;PT;10;EXW;11;3;;0,3;4;149;;NL866860666B01;
INTRA-EX;202510;513881387;R7437-9;85111000;NL;PT;10;EXW;11;3;;0,1;4;145;;NL866860666B01;
INTRA-EX;202510;513881387;CI100053;84213100;NL;PT;10;EXW;11;3;;4,2;1;250;;NL866860666B01;
INTRA-EX;202510;513881387;MS100210;85111000;IT;PT;10;EXW;11;3;;0,3;4;99;;IT12072620011;
INTRA-EX;202510;513881387;AC-F56-DP;87089235;IT;PT;10;EXW;11;3;;4,5;1;115;;IT02330960994;
INTRA-EX;202510;513881387;AC-F56-IC;84198998;IT;PT;10;EXW;11;3;;14,1;1;214;;IT02330960994;
INTRA-EX;202510;513881387;UR-ML4-1193;87088055;IT;PT;10;EXW;11;3;;3,8;1;76;;IT12072620011;
INTRA-EX;202510;513881387;AC-MK5-FU-RD;87088055;IT;PT;10;EXW;11;3;;4,4;1;59;;IT12072620011;
INTRA-EX;202510;513881387;UR-RT2-329;87088055;IT;PT;10;EXW;11;3;;2,5;1;55;;IT12072620011;
INTRA-EX;202510;513881387;UR-TW2-3212;87088055;IT;PT;10;EXW;11;3;;3,2;1;81;;IT02710790060;
INTRA-EX;202510;513881387;UR-LA2-829;87088055;IT;PT;10;EXW;11;3;;1,4;1;47;;IT12072620011;
INTRA-EX;202510;513881387;FMACVAG06;84099100;IT;PT;10;EXW;11;3;;0,6;1;114;;IT03002640732;
INTRA-EX;202510;513881387;AC-MK8-DP;87089235;IT;PT;10;EXW;11;3;;8,3;2;311;;IT03002640732;
INTRA-EX;202510;513881387;VWR12G7R600FO;84213100;IT;PT;10;EXW;11;3;;0,5;1;86;;IT03002640732;
INTRA-EX;202510;513881387;PP1895;84213100;IT;PT;10;EXW;11;3;;0,5;1;20;;IT16332121009;
INTRA-EX;202510;513881387;AC-200K04-OT;87089997;IT;PT;10;EXW;11;3;;1,4;1;75;;IT08908800967;
INTRA-EX;202510;513881387;CTS-IT-500;40091100;IT;PT;10;EXW;11;3;;1,6;1;127;;IT08908800967;
INTRA-EX;202510;513881387;4B1606H-STD;84833080;IT;PT;10;EXW;11;3;;0,2;2;58;;IT14481871003;
INTRA-EX;202510;513881387;MS100192;85111000;IT;PT;10;EXW;11;3;;0,3;16;597;;IT14481871003;
INTRA-EX;202510;513881387;30-0306;87089997;IT;PT;10;EXW;11;3;;0,7;1;157;;IT14481871003;
INTRA-EX;202510;513881387;AC-F56-DP;87089235;IT;PT;10;EXW;11;3;;4,5;1;115;;IT02710790060;
INTRA-EX;202510;513881387;MS100192;85111000;IT;PT;10;EXW;11;3;;0,3;10;373;;IT08839490011;
INTRA-EX;202510;513881387;FMINDK31;84213100;IT;PT;10;EXW;11;3;;3,5;1;216;;IT08839490011;
INTRA-EX;202510;513881387;FMDVK04D;84814090;IT;PT;10;EXW;11;3;;0,2;1;115;;IT08839490011;
INTRA-EX;202510;513881387;AC-MK7-DP;87089235;IT;PT;10;EXW;11;3;;9,2;1;155;;IT02330960994;
INTRA-EX;202510;513881387;CI100052-A;84213100;IT;PT;10;EXW;11;3;;1,7;3;251;;IT04227541200;
INTRA-EX;202510;513881387;CI100052;84213100;IT;PT;10;EXW;11;3;;4,5;7;1735;;IT04227541200;
INTRA-EX;202510;513881387;CI100053;84213100;IT;PT;10;EXW;11;3;;4,2;5;1251;;IT04227541200;
INTRA-EX;202510;513881387;SVW0630-4P-BK;87083091;ES;PT;10;EXW;11;3;;0,5;2;126;;ESB67497925;
INTRA-EX;202510;513881387;CI100052;84213100;ES;PT;10;EXW;11;3;;4,5;1;247;;ESB55258800;
INTRA-EX;202510;513881387;CI100052-A;84213100;ES;PT;10;EXW;11;3;;1,7;1;83;;ESB55258800;
INTRA-EX;202510;513881387;FMFSITAT-BLK;87089997;ES;PT;10;EXW;11;3;;0,7;1;175;;ESB42954230;
INTRA-EX;202510;513881387;VWR31G80R;73209090;ES;PT;10;EXW;11;3;;8;1;161;;ESB42954230;
INTRA-EX;202510;513881387;KLC167A;87088055;ES;PT;10;EXW;11;3;;1,4;1;100;;ESB42954230;
INTRA-EX;202510;513881387;MS100208;85111000;ES;PT;10;EXW;11;3;;0,3;20;498;;ESB42954230;
INTRA-EX;202510;513881387;MMRAD-GLF-99;87089135;ES;PT;10;EXW;11;3;;8;1;196;;ESB42954230;
INTRA-EX;202510;513881387;MS100192;85111000;ES;PT;10;EXW;11;3;;0,3;28;1046;;ESB42954230;
INTRA-EX;202510;513881387;MS100204;85111000;ES;PT;10;EXW;11;3;;0,3;24;896;;ESB42954230;
INTRA-EX;202510;513881387;VWR12G7R600FO;84213100;ES;PT;10;EXW;11;3;;0,5;1;86;;ESB42954230;
INTRA-EX;202510;513881387;VWR12G7R602ITBLA;84213100;ES;PT;10;EXW;11;3;;0,6;1;76;;ES38873546G;
INTRA-EX;202510;513881387;MMTS-E46-99V2;87089997;ES;PT;10;EXW;11;3;;0,5;1;74;;ES38873546G;
INTRA-EX;202510;513881387;SFDP091;87089235;ES;PT;10;EXW;11;3;;8,1;1;92;;ES38873546G;
INTRA-EX;202510;513881387;AC-C7RS-DPHS;87089997;ES;PT;10;EXW;11;3;;8,8;1;335;;ES44719365M;
INTRA-EX;202510;513881387;VWR13G700;84099100;ES;PT;10;EXW;11;3;;3;1;468;;ES50902109G;
INTRA-EX;202510;513881387;VWR13G700RFK;87089997;ES;PT;10;EXW;11;3;;0,5;1;46;;ES50902109G;
INTRA-EX;202510;513881387;MS100208;85111000;ES;PT;10;EXW;11;3;;0,3;5;124;;ESB75758177;
INTRA-EX;202510;513881387;AC-MK7-INLET;40091100;ES;PT;10;EXW;11;3;;0,3;1;45;;ESB75758177;
INTRA-EX;202510;513881387;AC-MK7-MD;87089997;ES;PT;10;EXW;11;3;;0,4;1;43;;ESB75758177;
INTRA-EX;202510;513881387;PKR7A;85111000;ES;PT;10;EXW;11;3;;0,1;6;60;;ESB65945743;
INTRA-EX;202510;513881387;R7437-9;85111000;ES;PT;10;EXW;11;3;;0,1;4;145;;ESB65945743;
INTRA-EX;202510;513881387;WHT005185;84133080;ES;PT;10;EXW;11;3;;0,1;1;4;;ESB65945743;
INTRA-EX;202510;513881387;VWR17G7R600;40091100;ES;PT;10;EXW;11;3;;0,2;1;38;;ESB65945743;
INTRA-EX;202510;513881387;MS100192;85111000;ES;PT;10;EXW;11;3;;0,3;4;149;;ESB65945743;
INTRA-EX;202510;513881387;MS100204;85111000;ES;PT;10;EXW;11;3;;0,3;8;298;;ESB65945743;
INTRA-EX;202510;513881387;SBMP081;87089235;ES;PT;10;EXW;11;3;;11,3;1;271;;ESB42771618;
INTRA-EX;202510;513881387;AC-180-EM;87089997;ES;PT;10;EXW;11;3;;2,3;1;54;;ESB42771618;
INTRA-EX;202510;513881387;AC-MK7-DP;87089235;ES;PT;10;EXW;11;3;;9,2;1;155;;ESB42771618;
INTRA-EX;202510;513881387;VWR90000;85111000;ES;PT;10;EXW;11;3;;0,3;4;122;;ESB42954230;
INTRA-EX;202510;513881387;MS100247;85111000;ES;PT;10;EXW;11;3;;0,4;4;149;;ESB42954230;
INTRA-EX;202510;513881387;MS100208;85111000;ES;PT;10;EXW;11;3;;0,3;26;647;;ESB42954230;
INTRA-EX;202510;513881387;MS100204;85111000;ES;PT;10;EXW;11;3;;0,3;16;597;;ESB42954230;
INTRA-EX;202510;513881387;MS100192;85111000;ES;PT;10;EXW;11;3;;0,3;34;1270;;ESB42954230;
INTRA-EX;202510;513881387;VWR1200R601E;84213100;ES;PT;10;EXW;11;3;;4,9;1;338;;ESB42954230;
INTRA-EX;202510;513881387;9-654-1025;84133080;ES;PT;10;EXW;11;3;;0,8;1;129;;ESB42954230;
INTRA-EX;202510;513881387;MS100192;85111000;ES;PT;10;EXW;11;3;;0,3;32;1195;;ESB04855516;
INTRA-EX;202510;513881387;MS100204;85111000;ES;PT;10;EXW;11;3;;0,3;12;448;;ESB04855516;
INTRA-EX;202510;513881387;CTS-IT-288;84213100;ES;PT;10;EXW;11;3;;2,2;1;247;;ES29524079Z;
INTRA-EX;202510;513881387;EVE-F8xM-PF;84212300;ES;PT;10;EXW;11;3;;1,5;1;85;;ES29524079Z;
INTRA-EX;202510;513881387;MS100192;85111000;ES;PT;10;EXW;11;3;;0,3;4;149;;ES29524079Z;
INTRA-EX;202510;513881387;ATIKFO33;87089997;ES;PT;10;EXW;11;3;;12,8;1;259;;ES29524079Z;
INTRA-EX;202510;513881387;CTS-IT-285;40091100;ES;PT;10;EXW;11;3;;0,3;1;59;;ES29524079Z;
INTRA-EX;202510;513881387;Z1003101;85111000;ES;PT;10;EXW;11;3;;0,1;4;66;;ES29524079Z;
INTRA-EX;202510;513881387;MS100208;85111000;ES;PT;10;EXW;11;3;;0,3;4;99;;ES29524079Z;
INTRA-EX;202510;513881387;MS100247;85111000;ES;PT;10;EXW;11;3;;0,4;4;149;;ES29524079Z;
INTRA-EX;202510;513881387;CTS-IT-105R;84213100;ES;PT;10;EXW;11;3;;4,6;1;224;;ESB42954230;
INTRA-EX;202510;513881387;SRNC032;87089235;ES;PT;10;EXW;11;3;;5,2;1;204;;ESB42954230;
INTRA-EX;202510;513881387;FMFOCSTDV-BLU;84814090;ES;PT;10;EXW;11;3;;0,7;1;125;;ESB42954230;
INTRA-EX;202510;513881387;VWR12P2GTG;84213100;ES;PT;10;EXW;11;3;;2,1;1;444;;ESB42954230;
INTRA-EX;202510;513881387;BKR8EIX;85111000;ES;PT;10;EXW;11;3;;0,1;24;218;;ESB42954230;
INTRA-EX;202510;513881387;FMPCVD1;87089997;ES;PT;10;EXW;11;3;;0,3;2;138;;ESB42954230;
INTRA-EX;202510;513881387;VWR1200R600E;84213100;ES;PT;10;EXW;11;3;;4,9;1;309;;ESB42954230;
INTRA-EX;202510;513881387;VWR1200R601E;84213100;ES;PT;10;EXW;11;3;;4,9;1;338;;ESB42954230;
INTRA-EX;202510;513881387;TS-0629-1102;87089997;ES;PT;10;EXW;11;3;;0,6;1;93;;ESB26554915;
INTRA-EX;202510;513881387;AC-IS-TB;87089997;ES;PT;10;EXW;11;3;;0,3;1;29;;ESB26554915;
INTRA-EX;202510;513881387;CTS-IT-272R;84213100;ES;PT;10;EXW;11;3;;3,9;1;209;;ES44719365M;
INTRA-EX;202510;513881387;9-350;87089997;ES;PT;10;EXW;11;3;;1,2;1;142;;ES43179343V;
INTRA-EX;202510;513881387;SILZKGR8B8S-4;84099100;ES;PT;10;EXW;11;3;;0,3;1;40;;QV999999999999;
INTRA-EX;202510;513881387;SRNC032;87089235;ES;PT;10;EXW;11;3;;5,2;1;282;;QV999999999999;
INTRA-EX;202510;513881387;KDT911;87089997;ES;PT;10;EXW;11;3;;0,8;1;88;;QV999999999999;
INTRA-EX;202510;513881387;AC-MK7-OC;87089997;ES;PT;10;EXW;11;3;;0,3;1;29;;QV999999999999;
INTRA-EX;202510;513881387;MMTS-VR6-93L;87089235;ES;PT;10;EXW;11;3;;0,1;1;50;;QV999999999999;
INTRA-EX;202510;513881387;SFD1300-4P-RD;87083091;ES;PT;10;EXW;11;3;;0,5;1;78;;QV999999999999;
INTRA-EX;202510;513881387;50003-M45-XL-4;84213100;ES;PT;10;EXW;11;3;;0,3;1;80;;QV999999999999;
INTRA-EX;202510;513881387;ATMSHYU11;87089997;ES;PT;10;EXW;11;3;;4;1;360;;QV999999999999;
INTRA-EX;202510;513881387;ILFR7H-5;85111000;ES;PT;10;EXW;11;3;;0,3;1;68;;QV999999999999;
INTRA-EX;202510;513881387;CTS-HW-360;40091100;ES;PT;10;EXW;11;3;;1,4;1;247;;ESB67851691;
INTRA-EX;202510;513881387;CTS-HW-360;40091100;ES;PT;10;EXW;11;3;;1,4;1;247;;QV999999999999;
INTRA-EX;202510;513881387;MMOP-TPS;84099100;FR;PT;10;EXW;11;3;;0,4;1;40;;FR80888340023;
INTRA-EX;202510;513881387;EVE-FLC;87084099;FR;PT;10;EXW;11;3;;0,6;1;21;;FR80888340023;
INTRA-EX;202510;513881387;FMINLH11-BLA;40091100;FR;PT;10;EXW;11;3;;0,6;1;85;;FR26750353237;
INTRA-EX;202510;513881387;EVE-F9XM5M8-CHG;84212300;FR;PT;10;EXW;11;3;;1,2;1;472;;FR43935269613;
INTRA-EX;202510;513881387;SBW1171-4P-BK;87083091;FR;PT;10;EXW;11;3;;0,5;1;63;;FR43935269613;
INTRA-EX;202510;513881387;AC-211-HPFP;84132000;FR;PT;10;EXW;11;3;;1,5;1;326;;FR94827543661;
INTRA-EX;202510;513881387;10.127.101TK;87089997;FR;PT;10;EXW;11;3;;0,3;1;16;;FR77978902617;
INTRA-EX;202510;513881387;AC-MK7-FPT;84133080;FR;PT;10;EXW;11;3;;0,1;1;6;;FR77978902617;
INTRA-EX;202510;513881387;U5014;84099100;FR;PT;10;EXW;11;3;;0,3;4;86;;FR94827543661;
INTRA-EX;202510;513881387;EVE-E9X-CFM-INT;84213100;FR;PT;10;EXW;11;3;;3;1;621;;FR26750353237;
INTRA-EX;202510;513881387;SVWP054;87089235;FR;PT;10;EXW;11;3;;3,7;1;109;;FR82530667591;
INTRA-EX;202510;513881387;ARMABM92M3-A;84213100;FR;PT;10;EXW;11;3;;5,2;1;800;;FR55524167806;
INTRA-EX;202510;513881387;EVE-GR4-CF-INT;84213100;FR;PT;10;EXW;11;3;;4,9;1;975;;FR94827543661;
INTRA-EX;202510;513881387;CTS-IT-800;84213100;FR;PT;10;EXW;11;3;;4,3;1;277;;QV999999999999;
INTRA-EX;202510;513881387;AC-27-DEL;87089997;FR;PT;10;EXW;11;3;;0,1;1;20;;QV999999999999;
INTRA-EX;202510;513881387;Z1003100-4;85111000;FR;PT;10;EXW;11;3;;0,4;1;108;;QV999999999999;
INTRA-EX;202510;513881387;SILZKBR8D8S-6;84099100;FR;PT;10;EXW;11;3;;0,4;1;68;;QV999999999999;
INTRA-EX;202510;513881387;PPF-1194;84213100;FR;PT;10;EXW;11;3;;0,7;1;43;;QV999999999999;
INTRA-EX;202510;513881387;GPST;32089091;FR;PT;10;EXW;11;3;;0,1;1;2;;QV999999999999;
INTRA-EX;202510;513881387;ATMSP2083;87089997;FR;PT;10;EXW;11;3;;0,6;1;137;;QV999999999999;
INTRA-EX;202510;513881387;UR-RL2-2525;87088055;FR;PT;10;EXW;11;3;;1,7;1;81;;QV999999999999;
INTRA-EX;202510;513881387;Z1003100-4;85111000;FR;PT;10;EXW;11;3;;0,4;1;108;;QV999999999999;
INTRA-EX;202510;513881387;SVXC060;87089235;FR;PT;10;EXW;11;3;;6,8;1;213;;QV999999999999;
INTRA-EX;202510;513881387;SILZKBR8D8S-6;84099100;FR;PT;10;EXW;11;3;;0,4;1;68;;QV999999999999;
INTRA-EX;202510;513881387;R7437-9-4;87089997;FR;PT;10;EXW;11;3;;0,3;1;171;;QV999999999999;
INTRA-EX;202510;513881387;MS100192-4;84099100;FR;PT;10;EXW;11;3;;1,7;1;183;;QV999999999999;
INTRA-EX;202510;513881387;4B8172H-STD;40091100;FR;PT;10;EXW;11;3;;0,2;1;57;;QV999999999999;
INTRA-EX;202510;513881387;AC-200-TBH-RD;40093100;FR;PT;10;EXW;11;3;;0,2;1;18;;QV999999999999;
INTRA-EX;202510;513881387;CTS-HW-031;87089235;FR;PT;10;EXW;11;3;;0,1;1;99;;QV999999999999;
INTRA-EX;202510;513881387;VWR31SK01;84213100;CZ;PT;10;EXW;11;3;;9,2;1;161;;CZ05681197;
INTRA-EX;202510;513881387;AC-MK7-DP;87089235;HR;PT;10;EXW;11;3;;9,2;1;155;;HR09842419742;
INTRA-EX;202510;513881387;SMA0112-4P-RD;87083091;GR;PT;10;EXW;11;3;;0,5;1;76;;GREL802913609;
INTRA-EX;202510;513881387;FMDV21;87089997;GR;PT;10;EXW;11;3;;1,5;1;114;;GREL802913609;
INTRA-EX;202510;513881387;216BFWABOSM;90262020;GR;PT;10;EXW;11;3;;0,3;1;22;;GREL802913609;
INTRA-EX;202510;513881387;MMTS-MAZ-04;90321020;GR;PT;10;EXW;11;3;;0,1;1;48;;GREL802913609;
INTRA-EX;202510;513881387;VWR630300;87089997;GR;PT;10;EXW;11;3;;0,3;1;29;;GREL802913609;
INTRA-EX;202510;513881387;E10-20-011-06-22;87088035;BE;PT;10;EXW;11;3;;13;1;213;;BE0897648094;
INTRA-EX;202510;513881387;CI100037;84213100;NL;PT;10;EXW;11;3;;2,4;1;399;;NL866996473B01;
INTRA-EX;202510;513881387;R7437-9;85111000;NL;PT;10;EXW;11;3;;0,1;4;145;;NL866996473B01;
INTRA-EX;202510;513881387;R7437-8;85111000;NL;PT;10;EXW;11;3;;0,1;4;136;;NL866996473B01;
INTRA-EX;202510;513881387;MS100210;85111000;NL;PT;10;EXW;11;3;;0,3;4;99;;NL866996473B01;
INTRA-EX;202510;513881387;IKER7A8EGS;85111000;NL;PT;10;EXW;11;3;;0,2;6;77;;NL866996473B01;
INTRA-EX;202510;513881387;VWR120003;87089997;NL;PT;10;EXW;11;3;;1,3;1;178;;NL866996473B01;
INTRA-EX;202510;513881387;VWR180006;87089997;NL;PT;10;EXW;11;3;;0,1;1;10;;NL866996473B01;
INTRA-EX;202510;513881387;VWR12UPITINLET;84213100;NL;PT;10;EXW;11;3;;0,4;1;78;;NL866996473B01;
INTRA-EX;202510;513881387;VWR810002;87089997;NL;PT;10;EXW;11;3;;0,5;1;56;;NL866996473B01;
INTRA-EX;202510;513881387;VWR12G7R600ITRED;84213100;NL;PT;10;EXW;11;3;;0,8;1;76;;NL866996473B01;
INTRA-EX;202510;513881387;CTS-IGN-009;84099100;NL;PT;10;EXW;11;3;;0,3;8;206;;NL866996473B01;
INTRA-EX;202510;513881387;CI100035-B;84213100;NL;PT;10;EXW;11;3;;1,7;1;271;;NL866996473B01;
INTRA-EX;202510;513881387;VWR670006;87089235;NL;PT;10;EXW;11;3;;3;1;119;;NL866996473B01;
INTRA-EX;202510;513881387;FMCTMK6;87089235;NL;PT;10;EXW;11;3;;1,4;1;273;;NL866996473B01;
INTRA-EX;202510;513881387;VWR12G7R600ITINLET;87089997;NL;PT;10;EXW;11;3;;0,4;2;200;;NL866996473B01;
INTRA-EX;202510;513881387;VWR180000;87089997;NL;PT;10;EXW;11;3;;0,1;2;18;;NL866996473B01;
INTRA-EX;202510;513881387;VWR12G7R600ITBLA;84213100;NL;PT;10;EXW;11;3;;0,8;1;76;;NL866996473B01;
INTRA-EX;202510;513881387;L3P3BF2W;87089997;IT;PT;10;EXW;11;3;;1;1;252;;IT02710790060;
INTRA-EX;202510;513881387;FMDV37-BLACK;84818040;IT;PT;10;EXW;11;3;;0,6;1;143;;IT02710790060;
INTRA-EX;202510;513881387;SAU0630-4P-BK;87083091;IT;PT;10;EXW;11;3;;0,5;1;63;;IT12072620011;
INTRA-EX;202510;513881387;AC-180-EM;87089997;IT;PT;10;EXW;11;3;;2,3;1;54;;IT03656931205;
INTRA-EX;202510;513881387;CTS-TM-MK4-60D;87089235;IT;PT;10;EXW;11;3;;2;1;89;;IT03656931205;
INTRA-EX;202510;513881387;CTS-DB-MK4-60D;84099100;IT;PT;10;EXW;11;3;;1,2;1;29;;IT03656931205;
INTRA-EX;202510;513881387;MS100210;85111000;IT;PT;10;EXW;11;3;;0,3;4;99;;IT12072620011;
INTRA-EX;202510;513881387;SMNC010;87089235;IT;PT;10;EXW;11;3;;5,6;1;242;;IT02710790060;
INTRA-EX;202510;513881387;SBW1171-4P-BK;87083091;IT;PT;10;EXW;11;3;;0,5;1;63;;IT12072620011;
INTRA-EX;202510;513881387;SVW0630-4P-RD;87083091;IT;PT;10;EXW;11;3;;0,5;1;63;;IT03656931205;
INTRA-EX;202510;513881387;9-354-1025;84133080;IT;PT;10;EXW;11;3;;0,8;1;161;;IT12072620011;
INTRA-EX;202510;513881387;EVE-C8RS6-CF-INT;84213100;IT;PT;10;EXW;11;3;;4,8;1;1987;;IT08839490011;
INTRA-EX;202510;513881387;MS100192;85111000;IT;PT;10;EXW;11;3;;0,3;16;597;;IT03813391202;
INTRA-EX;202510;513881387;Z1003101;85111000;IT;PT;10;EXW;11;3;;0,1;16;265;;IT03813391202;
INTRA-EX;202510;513881387;Z1003100;85111000;IT;PT;10;EXW;11;3;;0,1;16;398;;IT03813391202;
INTRA-EX;202510;513881387;CI100040;84213100;IT;PT;10;EXW;11;3;;3,2;2;791;;IT03813391202;
INTRA-EX;202510;513881387;CI100052;84213100;IT;PT;10;EXW;11;3;;4,5;3;743;;IT03813391202;
INTRA-EX;202510;513881387;CI100052-A;84213100;IT;PT;10;EXW;11;3;;1,7;2;167;;IT03813391202;
INTRA-EX;202510;513881387;CI100033-B;87089235;IT;PT;10;EXW;11;3;;1;2;332;;IT03813391202;
INTRA-EX;202510;513881387;CI100053;84213100;IT;PT;10;EXW;11;3;;4,2;2;500;;IT03813391202;
INTRA-EX;202510;513881387;CTS-IT-255R-2;87089135;GR;PT;10;EXW;11;3;;8;1;284;;GREL802913609;
INTRA-EX;202510;513881387;SAU0431-4P-BK;87083091;ES;PT;10;EXW;11;3;;0,5;1;51;;ESB67114637;
INTRA-EX;202510;513881387;VWR31P2GT;84213100;ES;PT;10;EXW;11;3;;8;1;161;;ES48924146H;
INTRA-EX;202510;513881387;ATMSMINI7;87089997;ES;PT;10;EXW;11;3;;2;1;224;;ESB19781145;
INTRA-EX;202510;513881387;MMRAD-E36-92;87089135;ES;PT;10;EXW;11;3;;6,2;1;200;;ES18062887K;
INTRA-EX;202510;513881387;AC-6LD-IC;87089199;ES;PT;10;EXW;11;3;;12;1;317;;ES44719365M;
INTRA-EX;202510;513881387;AC-MK7R-DP;87089235;ES;PT;10;EXW;11;3;;11,6;1;185;;ES44719365M;
INTRA-EX;202510;513881387;FMDVRMA-RED;87089997;ES;PT;10;EXW;11;3;;0,9;1;132;;ES78982207T;
INTRA-EX;202510;513881387;MMRAD-350Z-03;87089135;ES;PT;10;EXW;11;3;;10,9;1;209;;ESB66283003;
INTRA-EX;202510;513881387;D650-0003;84099100;ES;PT;10;EXW;11;3;;0,3;6;139;;ES44719365M;
INTRA-EX;202510;513881387;D650-0003;84099100;ES;PT;10;EXW;11;3;;0,3;4;92;;ESB04855516;
INTRA-EX;202510;513881387;VWR180002;87089997;ES;PT;10;EXW;11;3;;0,1;1;21;;ESB04855516;
INTRA-EX;202510;513881387;VWR120000;84213100;ES;PT;10;EXW;11;3;;1;1;30;;ESB04855516;
INTRA-EX;202510;513881387;10.127.203K;84132000;FR;PT;10;EXW;11;3;;0,3;1;227;;FR43935269613;
INTRA-EX;202510;513881387;10.127.203T;87089997;FR;PT;10;EXW;11;3;;0,1;1;10;;FR43935269613;
INTRA-EX;202510;513881387;SILZKBR8D8S;85111000;FR;PT;10;EXW;11;3;;0,1;12;117;;FR43935269613;
INTRA-EX;202510;513881387;SBW1171-4P-BK;87083091;FR;PT;10;EXW;11;3;;0,5;3;189;;FR43935269613;
INTRA-EX;202510;513881387;SILZKFR8F7S;85111000;FR;PT;10;EXW;11;3;;0,1;8;65;;FR43935269613;
INTRA-EX;202510;513881387;AC-B58-TP;40091100;FR;PT;10;EXW;11;3;;1,7;1;107;;FR35504243288;
INTRA-EX;202510;513881387;SILZKGR8B8S;85111000;FR;PT;10;EXW;11;3;;0,1;6;50;;FR35504243288;
INTRA-EX;202510;513881387;IFR7X8G;85111000;FR;PT;10;EXW;11;3;;0,2;4;53;;FR35504243288;
INTRA-EX;202510;513881387;SILZKBR8D8S;85111000;FR;PT;10;EXW;11;3;;0,1;35;343;;FR35504243288;
INTRA-EX;202510;513881387;EVE-ST38V8S-CF-INT;84213100;FR;PT;10;EXW;11;3;;6,5;1;1285;;FR95817660202;
INTRA-EX;202510;513881387;EVE-E36M3-CF-INT;84213100;FR;PT;10;EXW;11;3;;2,7;1;682;;FR38753097468;
INTRA-EX;202510;513881387;FMOCRS4;87089135;FR;PT;10;EXW;11;3;;5;1;771;;FR71791829385;
INTRA-EX;202510;513881387;SILFER8C7ES;85111000;FR;PT;10;EXW;11;3;;0,1;4;42;;FR55524167806;
INTRA-EX;202510;513881387;SAU0755-4P-BK;87083091;FR;PT;10;EXW;11;3;;0,5;1;63;;FR91853808350;
INTRA-EX;202510;513881387;BWF20XZ;87089997;FR;PT;10;EXW;11;3;;6;1;160;;FR91853808350;
INTRA-EX;202510;513881387;VWR81G700;87088055;NL;PT;10;EXW;11;3;;2,6;1;319;;NL866996473B01;
INTRA-EX;202510;513881387;VWR800003;58109210;NL;PT;10;EXW;11;3;;0,1;2;14;;NL866996473B01;
INTRA-EX;202510;513881387;EVE-W192-FTR;84213100;NL;PT;10;EXW;11;3;;0,6;1;71;;NL866996473B01;
INTRA-EX;202510;513881387;VWR180006;87089997;NL;PT;10;EXW;11;3;;0,1;2;20;;NL866996473B01;
INTRA-EX;202510;513881387;VWR810000;87089997;NL;PT;10;EXW;11;3;;0,2;3;51;;NL866996473B01;
INTRA-EX;202510;513881387;VWR12G7R600ITBLA;84213100;NL;PT;10;EXW;11;3;;0,8;3;229;;NL866996473B01;
INTRA-EX;202510;513881387;VWR12G7R600ITINLET;87089997;NL;PT;10;EXW;11;3;;0,4;3;300;;NL866996473B01;
INTRA-EX;202510;513881387;UR-TW2-3744;87088055;NL;PT;10;EXW;11;3;;3;2;171;;NL859866403B01;
INTRA-EX;202510;513881387;MMRC-13-SMCF;84073410;NL;PT;10;EXW;11;3;;0,2;1;24;;NL866860666B01;
INTRA-EX;202510;513881387;R01-10-2;40091100;NL;PT;10;EXW;11;3;;0,1;1;64;;NL866860666B01;
INTRA-EX;202510;513881387;SILKGR9A7ES;85111000;NL;PT;10;EXW;11;3;;0,3;20;301;;NL866860666B01;
INTRA-EX;202510;513881387;AC-45S-DPHS;87089235;NL;PT;10;EXW;11;3;;4,7;1;227;;NL866860666B01;
INTRA-EX;202510;513881387;MMRAD-STI-08X;87089135;IT;PT;10;EXW;11;3;;6,9;1;268;;IT03656931205;
INTRA-EX;202510;513881387;SVAGC005;87089235;IT;PT;10;EXW;11;3;;11;1;263;;IT03656931205;
INTRA-EX;202510;513881387;UR-RL2-3935;87088055;IT;PT;10;EXW;11;3;;3;1;83;;IT12072620011;
INTRA-EX;202510;513881387;AC-300-CP;84099100;IT;PT;10;EXW;11;3;;0,3;8;94;;IT12072620011;
INTRA-EX;202510;513881387;VWR900001-4;84099100;ES;PT;10;EXW;11;3;;1,8;1;174;;ES54163633j;
INTRA-EX;202510;513881387;10.127.100K;84132000;ES;PT;10;EXW;11;3;;0,3;1;314;;ES54163633j;
INTRA-EX;202510;513881387;50003-MR45XLZ-4;87089997;ES;PT;10;EXW;11;3;;0,3;1;132;;ES79089522C;
INTRA-EX;202510;513881387;AC-R56-IC;84198998;GR;PT;10;EXW;11;3;;10,5;1;167;;GREL802913609;
INTRA-EX;202510;513881387;AC-B9S-DPHS;87089235;ES;PT;10;EXW;11;3;;5;1;257;;ESB94171030;
INTRA-EX;202510;513881387;SHIP-PICK;;ES;PT;10;EXW;11;3;;0,1;1;0;;ESB94171030;
INTRA-EX;202510;513881387;CTS-HW-031;87089235;ES;PT;10;EXW;11;3;;0,1;1;82;;ES44719365M;
INTRA-EX;202510;513881387;MS100208;85111000;ES;PT;10;EXW;11;3;;0,3;10;249;;ESB04855516;
INTRA-EX;202510;513881387;ARMAAD0RS5-A;84213100;ES;PT;10;EXW;11;3;;6,1;1;1001;;ESB01715598;
INTRA-EX;202510;513881387;MS100247;85111000;ES;PT;10;EXW;11;3;;0,4;4;149;;ESB04855516;
INTRA-EX;202510;513881387;MMRA-LC;87089235;ES;PT;10;EXW;11;3;;0,2;1;11;;ESB04855516;
INTRA-EX;202510;513881387;Z1004081;85111000;ES;PT;10;EXW;11;3;;0,1;8;159;;ESB04855516;
INTRA-EX;202510;513881387;WHT005185;84133080;ES;PT;10;EXW;11;3;;0,1;4;16;;ESB04855516;
INTRA-EX;202510;513881387;06F103483D;87089997;ES;PT;10;EXW;11;3;;0,1;2;11;;ESB04855516;
INTRA-EX;202510;513881387;VWR900002;85111000;ES;PT;10;EXW;11;3;;0,3;4;122;;ESB42954230;
INTRA-EX;202510;513881387;VWR18G700;87089997;ES;PT;10;EXW;11;3;;4;1;420;;ESB42954230;
INTRA-EX;202510;513881387;VWR1200R600E;84213100;ES;PT;10;EXW;11;3;;4,9;2;619;;ESB42954230;
INTRA-EX;202510;513881387;VWR1200R601E;84213100;ES;PT;10;EXW;11;3;;4,9;1;338;;ESB42954230;
INTRA-EX;202510;513881387;VWR11G701;84213100;ES;PT;10;EXW;11;3;;0,3;1;57;;ESB42954230;
INTRA-EX;202510;513881387;BKR8EIX;85111000;ES;PT;10;EXW;11;3;;0,1;28;254;;ESB42954230;
INTRA-EX;202510;513881387;VWR12G7R601FO;84213100;ES;PT;10;EXW;11;3;;0,9;1;112;;ESB42954230;
INTRA-EX;202510;513881387;VWR12G7R600OS;84213100;ES;PT;10;EXW;11;3;;0,3;2;43;;ESB42954230;
INTRA-EX;202510;513881387;MS100204;85111000;ES;PT;10;EXW;11;3;;0,3;12;448;;ESB42954230;
INTRA-EX;202510;513881387;R-AUD-001-I;84099100;FR;PT;10;EXW;11;3;;3,5;1;360;;FR37900108275;
INTRA-EX;202510;513881387;JE-284779;;FR;PT;10;EXW;11;3;;0,1;1;427;;FR37900108275;
INTRA-EX;202510;513881387;4B1609H-STD;40091100;FR;PT;10;EXW;11;3;;0,5;1;35;;FR37900108275;
INTRA-EX;202510;513881387;EVE-S55-CF-CHG;84212300;FR;PT;10;EXW;11;3;;1,9;1;592;;FR31895072130;
INTRA-EX;202510;513881387;EVE-151-G2-FTR;84213100;FR;PT;10;EXW;11;3;;0,5;1;63;;FR31895072130;
INTRA-EX;202510;513881387;VWR1200R600E;84213100;FR;PT;10;EXW;11;3;;4,9;1;309;;FR31895072130;
INTRA-EX;202510;513881387;EVE-B58-CF-INT;84213100;FR;PT;10;EXW;11;3;;4,2;1;928;;FR31895072130;
INTRA-EX;202510;513881387;EVE-F8XMV2-CF-INT;84213100;FR;PT;10;EXW;11;3;;6,2;1;1794;;FR31895072130;
INTRA-EX;202510;513881387;VWR1200R601E;84213100;FR;PT;10;EXW;11;3;;4,9;1;338;;FR19980130553;
INTRA-EX;202510;513881387;AC-MK7-DPHS;87089235;FR;PT;10;EXW;11;3;;9,2;1;203;;FR19980130553;
INTRA-EX;202510;513881387;CTS-CC-MK7TSI;84099100;FR;PT;10;EXW;11;3;;3;1;374;;FR91853808350;
INTRA-EX;202510;513881387;EVE-F56-LCI-PL-INT;84213100;FR;PT;10;EXW;11;3;;4,8;1;714;;FR94827543661;
INTRA-EX;202510;513881387;MS100192;85111000;FR;PT;10;EXW;11;3;;0,3;4;149;;FR82530667591;
INTRA-EX;202510;513881387;MS100192;85111000;DK;PT;10;EXW;11;3;;0,3;10;373;;DK34701237;
INTRA-EX;202510;513881387;ILZKBR7B8G;85111000;CY;PT;10;EXW;11;3;;0,1;4;34;;CY00781748Y;
INTRA-EX;202510;513881387;MMOC-WRX-01T;87089135;CY;PT;10;EXW;11;3;;4,8;1;330;;CY00781748Y;
INTRA-EX;202510;513881387;MMRAD-INT-94;87089135;CY;PT;10;EXW;11;3;;6,3;1;184;;CY00781748Y;
INTRA-EX;202510;513881387;MMRAD-WRX-01;87089135;CY;PT;10;EXW;11;3;;7,2;1;209;;CY00781748Y;
INTRA-EX;202510;513881387;MMFS-WRX-01P;84149000;CY;PT;10;EXW;11;3;;5,4;1;170;;CY00781748Y;
INTRA-EX;202510;513881387;MMTS-WRX-01;87089997;CY;PT;10;EXW;11;3;;0,1;1;35;;CY00781748Y;
INTRA-EX;202510;513881387;MMHOSE-SUB-ANCBK;40091100;CY;PT;10;EXW;11;3;;0,9;1;119;;CY00781748Y;
INTRA-EX;202510;513881387;MMHOSE-WRX-01BK;40093100;CY;PT;10;EXW;11;3;;0,7;1;85;;CY00781748Y;
INTRA-EX;202510;513881387;SBMX098;87089235;PL;PT;10;EXW;11;3;;10,8;1;750;;PL6972395288;
INTRA-EX;202510;513881387;UR-TW2-3744;87088055;GR;PT;10;EXW;11;3;;3;1;85;;GREL802913609;
INTRA-EX;202510;513881387;AC-MK7-DP;87089235;GR;PT;10;EXW;11;3;;9,2;1;155;;GREL163940830;
INTRA-EX;202510;513881387;AC-200-IT;84198998;GR;PT;10;EXW;11;3;;5;1;125;;GREL163940830;
INTRA-EX;202510;513881387;AC-200-HS;87089997;GR;PT;10;EXW;11;3;;0,5;1;15;;GREL163940830;
INTRA-EX;202510;513881387;AC-MK7R-DP;87089235;GR;PT;10;EXW;11;3;;11,6;1;185;;GREL163940830;
INTRA-EX;202510;513881387;AC-300-CP;84099100;GR;PT;10;EXW;11;3;;0,3;4;47;;GREL163940830;
INTRA-EX;202510;513881387;FMFSITAT-POL;87089997;GR;PT;10;EXW;11;3;;0,7;1;175;;GREL163940830;
INTRA-EX;202510;513881387;FMACVAG07;84099100;GR;PT;10;EXW;11;3;;0,5;1;114;;GREL163940830;
INTRA-EX;202510;513881387;CTS-IGN-007;84099100;GR;PT;10;EXW;11;3;;0,3;9;269;;GREL163940830;
INTRA-EX;202510;513881387;FMDVATSI-POL;84814090;GR;PT;10;EXW;11;3;;0,7;1;174;;GREL163940830;
INTRA-EX;202510;513881387;10.127.100K;84132000;GR;PT;10;EXW;11;3;;0,3;1;227;;GREL163940830;
INTRA-EX;202510;513881387;8E0971824S-RD;84099100;GR;PT;10;EXW;11;3;;0,2;2;15;;GREL163940830;
INTRA-EX;202510;513881387;CTS-IGN-008;84099100;NL;PT;10;EXW;11;3;;0,3;6;179;;NL866860666B01;
INTRA-EX;202510;513881387;SILKGR9A7ES;85111000;NL;PT;10;EXW;11;3;;0,3;20;301;;NL866860666B01;
INTRA-EX;202510;513881387;CTS-IGN-006;84099100;NL;PT;10;EXW;11;3;;0,3;3;89;;NL866860666B01;
INTRA-EX;202510;513881387;MMRC-13-SM;84073410;NL;PT;10;EXW;11;3;;0,2;1;14;;NL866860666B01;
INTRA-EX;202510;513881387;CTS-IT-300R;84213100;NL;PT;10;EXW;11;3;;4,1;1;247;;NL866860666B01;
INTRA-EX;202510;513881387;R7437-9;85111000;NL;PT;10;EXW;11;3;;0,1;4;145;;NL866860666B01;
INTRA-EX;202510;513881387;CTS-IGN-007;84099100;NL;PT;10;EXW;11;3;;0,3;4;119;;NL866860666B01;
INTRA-EX;202510;513881387;AC-MK7R-DP;87089235;NL;PT;10;EXW;11;3;;11,6;1;185;;NL866860666B01;
INTRA-EX;202510;513881387;MMOCC-LAWBK;87089997;NL;PT;10;EXW;11;3;;1;1;70;;NL866860666B01;
INTRA-EX;202510;513881387;SILZKFR8F7S;85111000;NL;PT;10;EXW;11;3;;0,1;8;65;;NL866860666B01;
INTRA-EX;202510;513881387;T4100003;84099100;NL;PT;10;EXW;11;3;;12;1;1401;;NL866860666B01;
INTRA-EX;202510;513881387;RF100018;84099100;NL;PT;10;EXW;11;3;;1;1;111;;NL866860666B01;
INTRA-EX;202510;513881387;ATINTVAG12;87089135;IT;PT;10;EXW;11;3;;18;1;569;;IT03656931205;
INTRA-EX;202510;513881387;VWR1200R600E;84213100;IT;PT;10;EXW;11;3;;4,9;1;309;;IT03656931205;
INTRA-EX;202510;513881387;SAUC093;87089235;IT;PT;10;EXW;11;3;;11,5;1;336;;IT10491230966;
INTRA-EX;202510;513881387;FMDV37-BLACK;84818040;IT;PT;10;EXW;11;3;;0,6;1;143;;IT02710790060;
INTRA-EX;202510;513881387;CI100056D;84213100;IT;PT;10;EXW;11;3;;5,5;1;748;;IT08839490011;
INTRA-EX;202510;513881387;EVE-G8XMV2-CF-INT;84213100;IT;PT;10;EXW;11;3;;7,7;1;1987;;IT02955310186;
INTRA-EX;202510;513881387;EVE-E46-INT;84213100;IT;PT;10;EXW;11;3;;3,5;1;696;;IT12072620011;
INTRA-EX;202510;513881387;SMNC011;87089235;ES;PT;10;EXW;11;3;;3;2;275;;ESF21716261;
INTRA-EX;202510;513881387;AC-F56-DP;87089235;ES;PT;10;EXW;11;3;;4,5;1;115;;ESF21716261;
INTRA-EX;202510;513881387;MS100192;85111000;ES;PT;10;EXW;11;3;;0,3;4;149;;ES30691129K;
INTRA-EX;202510;513881387;BKR7EIX;85111000;ES;PT;10;EXW;11;3;;0,1;4;34;;ES44719365M;
INTRA-EX;202510;513881387;VWR12G7R600ITBLA;84213100;ES;PT;10;EXW;11;3;;0,8;1;76;;ES44719365M;
INTRA-EX;202510;513881387;VWR160001;87089997;ES;PT;10;EXW;11;3;;0,4;1;86;;ES44719365M;
INTRA-EX;202510;513881387;VWR12G7R600ITINLET;87089997;ES;PT;10;EXW;11;3;;0,4;1;100;;ES44719365M;
INTRA-EX;202510;513881387;CTS-IGN-007;84099100;ES;PT;10;EXW;11;3;;0,3;4;119;;ES44719365M;
INTRA-EX;202510;513881387;FMINT4-ACC;87089997;ES;PT;10;EXW;11;3;;20,5;1;878;;ESB04855516;
INTRA-EX;202510;513881387;D650-0004;84099100;ES;PT;10;EXW;11;3;;0,3;1;23;;ES29524079Z;
INTRA-EX;202510;513881387;MS100247;85111000;ES;PT;10;EXW;11;3;;0,4;4;149;;ES29524079Z;
INTRA-EX;202510;513881387;MS100192;85111000;ES;PT;10;EXW;11;3;;0,3;4;149;;ES29524079Z;
INTRA-EX;202510;513881387;VWR81G700;87088055;ES;PT;10;EXW;11;3;;2,6;1;319;;ES50902109G;
INTRA-EX;202510;513881387;MS100204;85111000;ES;PT;10;EXW;11;3;;0,3;16;597;;ESB42954230;
INTRA-EX;202510;513881387;FMPCVD1;87089997;ES;PT;10;EXW;11;3;;0,3;1;69;;ESB42954230;
INTRA-EX;202510;513881387;MS100208;85111000;ES;PT;10;EXW;11;3;;0,3;24;597;;ESB42954230;
INTRA-EX;202510;513881387;VWR11UPGT;84213100;ES;PT;10;EXW;11;3;;0,4;1;63;;ESB42954230;
INTRA-EX;202510;513881387;VWR900004;85111000;ES;PT;10;EXW;11;3;;0,3;9;295;;ESB42954230;
INTRA-EX;202510;513881387;FMCTMK6;87089235;ES;PT;10;EXW;11;3;;1,4;1;273;;ESB42954230;
INTRA-EX;202510;513881387;VWR180006;87089997;ES;PT;10;EXW;11;3;;0,1;5;51;;ESB42954230;
INTRA-EX;202510;513881387;VWR31G70R;87088035;ES;PT;10;EXW;11;3;;9,5;1;161;;ESB42954230;
INTRA-EX;202510;513881387;AC-MQB-IC;84198998;FR;PT;10;EXW;11;3;;16,3;1;281;;FR24849994223;
INTRA-EX;202510;513881387;MS100208;85111000;FR;PT;10;EXW;11;3;;0,3;4;99;;FR94827543661;
INTRA-EX;202510;513881387;ARMABM92M3-A;84213100;FR;PT;10;EXW;11;3;;5,2;1;800;;FR55524167806;
INTRA-EX;202510;513881387;EVE-B9RS5-CF-INT;84213100;FR;PT;10;EXW;11;3;;3,9;1;1178;;FR26750353237;
INTRA-EX;202510;513881387;CTS-HW-0133;84099100;HU;PT;10;EXW;11;3;;0,5;1;119;;HU25464285;
INTRA-EX;202510;513881387;MS100208;85111000;HU;PT;10;EXW;11;3;;0,3;40;996;;HU25464285;
INTRA-EX;202510;513881387;MS100192;85111000;HU;PT;10;EXW;11;3;;0,3;30;1121;;HU25464285;
INTRA-EX;202510;513881387;Z1003100;85111000;HU;PT;10;EXW;11;3;;0,1;12;298;;HU25464285;
INTRA-EX;202510;513881387;AC-MQB-IC;84198998;GR;PT;10;EXW;11;3;;16,3;1;281;;GREL137646504;
INTRA-EX;202510;513881387;FM225TBH-RED;40091100;GR;PT;10;EXW;11;3;;0,1;1;21;;GREL802913609;
INTRA-EX;202510;513881387;FMDV20-BLA;84818040;GR;PT;10;EXW;11;3;;0,6;1;143;;GREL137646504;
INTRA-EX;202510;513881387;AC-200-DVBO;84818040;GR;PT;10;EXW;11;3;;0,3;2;24;;GREL137646504;
INTRA-EX;202510;513881387;AC-200-TB;87088055;GR;PT;10;EXW;11;3;;0,5;2;84;;GREL137646504;
INTRA-EX;202510;513881387;FMEC3;84213100;GR;PT;10;EXW;11;3;;2;1;356;;GREL802913609;
INTRA-EX;202510;513881387;EVE-F9XM5M8-CF-INT;84213100;BE;PT;10;EXW;11;3;;5,3;1;1571;;BE0740963105;
INTRA-EX;202510;513881387;EVE-E9X-CF-INT;84213100;BE;PT;10;EXW;11;3;;2,5;1;621;;BE0789537438;
INTRA-EX;202510;513881387;MMTC-SUP-20;87089997;NL;PT;10;EXW;11;3;;2,5;1;323;;NL866860666B01;
INTRA-EX;202510;513881387;AC-180-EXM;84198998;NL;PT;10;EXW;11;3;;5;1;203;;NL866860666B01;
INTRA-EX;202510;513881387;EVE-F56-PL-INT;84213100;NL;PT;10;EXW;11;3;;4,8;1;714;;NL866860666B01;
INTRA-EX;202510;513881387;R7437-8;85111000;NL;PT;10;EXW;11;3;;0,1;4;136;;NL866860666B01;
INTRA-EX;202510;513881387;CTS-IGN-007;84099100;NL;PT;10;EXW;11;3;;0,3;4;119;;NL866860666B01;
INTRA-EX;202510;513881387;MMHOSE-WRX-01BK;40093100;NL;PT;10;EXW;11;3;;0,7;1;85;;NL866860666B01;
INTRA-EX;202510;513881387;MMODP-2015B;87089235;NL;PT;10;EXW;11;3;;0,1;1;11;;NL866860666B01;
INTRA-EX;202510;513881387;MMRT-CAWBK;87089997;NL;PT;10;EXW;11;3;;0,8;1;55;;NL857445832B01;
INTRA-EX;202510;513881387;PP87;84213100;NL;PT;10;EXW;11;3;;0,5;1;20;;NL857445832B01;
INTRA-EX;202510;513881387;SP-27;32081090;NL;PT;10;EXW;11;3;;0,5;2;25;;NL857445832B01;
INTRA-EX;202510;513881387;EVE-F56-PL-INT;84213100;NL;PT;10;EXW;11;3;;4,8;1;714;;NL857445832B01;
INTRA-EX;202510;513881387;25-300BK;87089997;NL;PT;10;EXW;11;3;;0,4;1;123;;NL857445832B01;
INTRA-EX;202510;513881387;UR-TW3-020;87088055;NL;PT;10;EXW;11;3;;3,7;2;166;;NL857445832B01;
INTRA-EX;202510;513881387;VWR810002;87089997;NL;PT;10;EXW;11;3;;0,5;1;56;;NL866860666B01;
INTRA-EX;202510;513881387;VWR69G7KIT;87083091;NL;PT;10;EXW;11;3;;0,5;1;105;;NL866860666B01;
INTRA-EX;202510;513881387;R7437-9;85111000;NL;PT;10;EXW;11;3;;0,1;4;145;;NL866860666B01;
INTRA-EX;202510;513881387;CTS-IGN-007;84099100;NL;PT;10;EXW;11;3;;0,3;4;119;;NL866860666B01;
INTRA-EX;202510;513881387;CTS-EXH-CB-0019;87089235;IT;PT;10;EXW;11;3;;31,7;1;899;;IT02710790060;
INTRA-EX;202510;513881387;MMAI-MUS8-15RD;84213100;IT;PT;10;EXW;11;3;;6,5;1;222;;IT03656931205;
INTRA-EX;202510;513881387;MMICP-N54-07;87089997;IT;PT;10;EXW;11;3;;2,2;1;146;;IT02710790060;
INTRA-EX;202510;513881387;SFDC071;87089997;IT;PT;10;EXW;11;3;;5,5;1;242;;IT02049720978;
INTRA-EX;202510;513881387;FMDVK04SA-SIL;84814090;IT;PT;10;EXW;11;3;;0,2;1;115;;IT02049720978;
INTRA-EX;202510;513881387;VWR31G8GT;87089997;IT;PT;10;EXW;11;3;;8,5;1;161;;IT02710790060;
INTRA-EX;202510;513881387;KLC202;87088035;IT;PT;10;EXW;11;3;;1;1;100;;IT12072620011;
INTRA-EX;202510;513881387;KLC167A;87088055;IT;PT;10;EXW;11;3;;1,4;1;100;;IT12072620011;
INTRA-EX;202510;513881387;ILZKBR7B8G;85111000;IT;PT;10;EXW;11;3;;0,1;4;34;;IT12072620011;
INTRA-EX;202510;513881387;EVE-EA8884-R-INT;84213100;IT;PT;10;EXW;11;3;;5;1;999;;IT12072620011;
INTRA-EX;202510;513881387;AC-300-CP;84099100;IT;PT;10;EXW;11;3;;0,3;5;59;;IT12072620011;
INTRA-EX;202510;513881387;EVE-TRB8V8S-FLG-STK;85111000;IT;PT;10;EXW;11;3;;0,2;1;35;;IT08839490011;
INTRA-EX;202510;513881387;EVE-ST38V8S-CF-INT;84213100;IT;PT;10;EXW;11;3;;6,5;1;1285;;IT08839490011;
INTRA-EX;202510;513881387;EVE-TRB8V8S-LHD-NIL;85111000;IT;PT;10;EXW;11;3;;1,7;1;428;;IT08839490011;
INTRA-EX;202510;513881387;EVE-ST38V8S-CF-ENG;87089997;IT;PT;10;EXW;11;3;;1,3;1;428;;IT08839490011;
INTRA-EX;202510;513881387;EVE-C8BMC-FTR;84213100;IT;PT;10;EXW;11;3;;0,7;1;189;;IT08839490011;
INTRA-EX;202510;513881387;SILFER8C7ES;85111000;IT;PT;10;EXW;11;3;;0,1;2;21;;IT08839490011;
INTRA-EX;202510;513881387;MS100192;85111000;IT;PT;10;EXW;11;3;;0,3;4;149;;IT08839490011;
INTRA-EX;202510;513881387;9-355-1025;84133080;ES;PT;10;EXW;11;3;;0,8;1;161;;ESB76260033;
INTRA-EX;202510;513881387;10.127.100K;84132000;ES;PT;10;EXW;11;3;;0,3;1;227;;ESB76260033;
INTRA-EX;202510;513881387;9-250;87089997;ES;PT;10;EXW;11;3;;0,8;1;90;;ESB76260033;
INTRA-EX;202510;513881387;BKR7EIX;85111000;ES;PT;10;EXW;11;3;;0,1;8;68;;ESB42771618;
INTRA-EX;202510;513881387;SILZKBR8D8S;85111000;ES;PT;10;EXW;11;3;;0,1;12;117;;ESB42771618;
INTRA-EX;202510;513881387;SILFER8C7ES;85111000;ES;PT;10;EXW;11;3;;0,1;4;42;;ESB42771618;
INTRA-EX;202510;513881387;Z1003101;85111000;ES;PT;10;EXW;11;3;;0,1;6;99;;ESB42771618;
INTRA-EX;202510;513881387;MS100192;85111000;ES;PT;10;EXW;11;3;;0,3;4;149;;ESB42771618;
INTRA-EX;202510;513881387;CTS-FPK-004-525;87089235;ES;PT;10;EXW;11;3;;0,8;1;333;;ES48924146H;
INTRA-EX;202510;513881387;CTS-IT-260;84213100;ES;PT;10;EXW;11;3;;3,6;1;202;;ES48924146H;
INTRA-EX;202510;513881387;10.127.100K;84132000;ES;PT;10;EXW;11;3;;0,3;1;227;;ESB04886776;
INTRA-EX;202510;513881387;SHY0900-4P-BK;87083091;ES;PT;10;EXW;11;3;;0,8;1;63;;ESB67497925;
INTRA-EX;202510;513881387;AC-8V5RS-DPHS;87089235;ES;PT;10;EXW;11;3;;13,1;1;375;;ESB94171030;
INTRA-EX;202510;513881387;SHIP-PICK;;ES;PT;10;EXW;11;3;;0,1;1;0;;ESB94171030;
INTRA-EX;202510;513881387;AC-MK7-MD;87089997;ES;PT;10;EXW;11;3;;0,4;1;43;;ESB88553946;
INTRA-EX;202510;513881387;10.127.100K;84132000;ES;PT;10;EXW;11;3;;0,3;1;227;;ESB70870076;
INTRA-EX;202510;513881387;AC-200-IC;84198998;ES;PT;10;EXW;11;3;;11,9;1;263;;ES44719365M;
INTRA-EX;202510;513881387;30-3300;87089997;ES;PT;10;EXW;11;3;;4,9;1;399;;ES44719365M;
INTRA-EX;202510;513881387;MS100123;87089997;ES;PT;10;EXW;11;3;;1;1;270;;ES44719365M;
INTRA-EX;202510;513881387;D650-0010;84099100;ES;PT;10;EXW;11;3;;0,3;6;151;;ES43179343V;
INTRA-EX;202510;513881387;BKR7EIX;85111000;ES;PT;10;EXW;11;3;;0,1;6;51;;ES43179343V;
INTRA-EX;202510;513881387;MMRAD-GLF-99;87089135;ES;PT;10;EXW;11;3;;8;1;196;;ESB01715598;
INTRA-EX;202510;513881387;CTS-IT-810;40091100;FR;PT;10;EXW;11;3;;2,5;1;164;;FR94827543661;
INTRA-EX;202510;513881387;MMICP-N55-11;87089997;LT;PT;10;EXW;11;3;;2,2;1;258;;QV999999999999;
INTRA-EX;202510;513881387;AC-200-HS;87089997;RO;PT;10;EXW;11;3;;0,5;1;22;;QV999999999999;
INTRA-EX;202510;513881387;10.127.203K;84132000;HR;PT;10;EXW;11;3;;0,3;1;302;;QV999999999999;
INTRA-EX;202510;513881387;10.127.203T;87089997;HR;PT;10;EXW;11;3;;0,1;1;13;;QV999999999999;
INTRA-EX;202510;513881387;FMVAG5QS;87089997;HR;PT;10;EXW;11;3;;0,5;1;95;;QV999999999999;
INTRA-EX;202510;513881387;EVE-F9XM5M8-CF-INT;84213100;GR;PT;10;EXW;11;3;;5,3;1;1571;;GREL801324798;
INTRA-EX;202510;513881387;EVE-F9XM5M8-CHG;84212300;GR;PT;10;EXW;11;3;;1,2;1;472;;GREL801324798;
INTRA-EX;202510;513881387;mmai-cla45-14bk;84213100;GR;PT;10;EXW;11;3;;4,1;1;419;;GREL102911918;
INTRA-EX;202510;513881387;AC-45-DPHS;87089235;GR;PT;10;EXW;11;3;;9,2;1;399;;GREL102911918;
INTRA-EX;202510;513881387;FMHFIP1;87089235;GR;PT;10;EXW;11;3;;3;1;230;;QV999999999999;
INTRA-EX;202510;513881387;SBW1176-4P-RD;87083091;GR;PT;10;EXW;11;3;;0,5;1;75;;QV999999999999;
INTRA-EX;202510;513881387;AC-S55-CHP;84835020;BE;PT;10;EXW;11;3;;0,3;2;99;;BE0670639687;
INTRA-EX;202510;513881387;AC-S55-CHP;84835020;BE;PT;10;EXW;11;3;;0,3;1;49;;BE0670639687;
INTRA-EX;202510;513881387;E10-20-059-01-22;73209090;BE;PT;10;EXW;11;3;;17,6;1;254;;BE0667689206;
INTRA-EX;202510;513881387;MMSD-G80-21WBK;87089135;BE;PT;10;EXW;11;3;;4,8;3;875;;BE0667689206;
INTRA-EX;202510;513881387;ATMSBMW24;87089997;BE;PT;10;EXW;11;3;;0,5;1;131;;BE0667689206;
INTRA-EX;202510;513881387;VWR12G7R600ITBLA;84213100;BE;PT;10;EXW;11;3;;0,8;1;108;;QV999999999999;
INTRA-EX;202510;513881387;AC-200-OSA;87089997;BE;PT;10;EXW;11;3;;0,2;1;27;;QV999999999999;
INTRA-EX;202510;513881387;R7437-9;85111000;NL;PT;10;EXW;11;3;;0,1;9;326;;NL866996473B01;
INTRA-EX;202510;513881387;LTR7IX-11;85111000;NL;PT;10;EXW;11;3;;0,2;5;39;;NL866996473B01;
INTRA-EX;202510;513881387;VWR160001;87089997;NL;PT;10;EXW;11;3;;0,4;1;86;;NL866996473B01;
INTRA-EX;202510;513881387;VWR17G7R600;40091100;NL;PT;10;EXW;11;3;;0,2;2;76;;NL866996473B01;
INTRA-EX;202510;513881387;VWR150003;90269000;NL;PT;10;EXW;11;3;;0,4;1;73;;NL866996473B01;
INTRA-EX;202510;513881387;VWR12G6GT;84213100;NL;PT;10;EXW;11;3;;1,9;1;237;;NL866996473B01;
INTRA-EX;202510;513881387;VWR120010;40091100;NL;PT;10;EXW;11;3;;1,4;1;178;;NL866996473B01;
INTRA-EX;202510;513881387;VWR140014;87089997;NL;PT;10;EXW;11;3;;0,1;1;18;;NL866996473B01;
INTRA-EX;202510;513881387;CTS-IGN-009;84099100;NL;PT;10;EXW;11;3;;0,3;8;206;;NL866996473B01;
INTRA-EX;202510;513881387;T50-10-1;87089997;NL;PT;10;EXW;11;3;;0,5;1;41;;NL866860666B01;
INTRA-EX;202510;513881387;CTS-IGN-008;84099100;NL;PT;10;EXW;11;3;;0,3;4;119;;NL866860666B01;
INTRA-EX;202510;513881387;SVXC060;87089235;NL;PT;10;EXW;11;3;;6,8;1;162;;NL866860666B01;
INTRA-EX;202510;513881387;VWR682000;87089997;NL;PT;10;EXW;11;3;;15,5;1;187;;NL866860666B01;
INTRA-EX;202510;513881387;VWR670007;87089997;NL;PT;10;EXW;11;3;;1,1;1;59;;NL866860666B01;
INTRA-EX;202510;513881387;VWR12G60RFO;84213100;NL;PT;10;EXW;11;3;;0,5;1;76;;NL866860666B01;
INTRA-EX;202510;513881387;VWR120000;84213100;NL;PT;10;EXW;11;3;;1;1;30;;NL866860666B01;
INTRA-EX;202510;513881387;Z1003100-8;85111000;NL;PT;10;EXW;11;3;;0,5;1;214;;QV999999999999;
INTRA-EX;202510;513881387;R7437-9-8;84099100;NL;PT;10;EXW;11;3;;0,5;1;342;;NL865367012B01;
INTRA-EX;202510;513881387;9-654-1025;84133080;IT;PT;10;EXW;11;3;;0,8;1;129;;IT03656931205;
INTRA-EX;202510;513881387;UR-TW-4261;87088055;IT;PT;10;EXW;11;3;;3;1;115;;IT02710790060;
INTRA-EX;202510;513881387;KCA472;87088035;IT;PT;10;EXW;11;3;;2;1;160;;IT02710790060;
INTRA-EX;202510;513881387;SVWC061;87089235;IT;PT;10;EXW;11;3;;9,1;1;272;;IT02710790060;
INTRA-EX;202510;513881387;MS100210;85111000;IT;PT;10;EXW;11;3;;0,3;5;124;;IT12072620011;
INTRA-EX;202510;513881387;SILZKGR8B8S;85111000;IT;PT;10;EXW;11;3;;0,1;4;33;;IT12072620011;
INTRA-EX;202510;513881387;SBW1176-4P-RD;87083091;IT;PT;10;EXW;11;3;;0,5;1;63;;IT12072620011;
INTRA-EX;202510;513881387;AC-MK7-RL;87088055;IT;PT;10;EXW;11;3;;0,5;1;40;;IT12072620011;
INTRA-EX;202510;513881387;EVE-E9X-CF-INT;84213100;IT;PT;10;EXW;11;3;;2,5;1;621;;IT04227541200;
INTRA-EX;202510;513881387;AC-MK8R-DP;87089235;IT;PT;10;EXW;11;3;;10,2;1;203;;IT04227541200;
INTRA-EX;202510;513881387;CI100053;84213100;IT;PT;10;EXW;11;3;;4,2;1;250;;IT04227541200;
INTRA-EX;202510;513881387;CI100052;84213100;IT;PT;10;EXW;11;3;;4,5;1;247;;IT04227541200;
INTRA-EX;202510;513881387;SFDS108;87089235;IT;PT;10;EXW;11;3;;14;1;382;;IT02710790060;
INTRA-EX;202510;513881387;AC-45-IT;84213100;NL;PT;10;EXW;11;3;;1,5;1;74;;NL866860666B01;
INTRA-EX;202510;513881387;10.127.101K;84133080;ES;PT;10;EXW;11;3;;0,3;1;314;;ES45781591E;
INTRA-EX;202510;513881387;CI100033-B;87089235;ES;PT;10;EXW;11;3;;1;1;166;;ESB42954230;
INTRA-EX;202510;513881387;AC-MK7-INLET;40091100;ES;PT;10;EXW;11;3;;0,3;1;45;;ESB42954230;
INTRA-EX;202510;513881387;MS100192;85111000;ES;PT;10;EXW;11;3;;0,3;20;747;;ESB42954230;
INTRA-EX;202510;513881387;MS100208;85111000;ES;PT;10;EXW;11;3;;0,3;10;249;;ESB42954230;
INTRA-EX;202510;513881387;VWR160000;87089997;ES;PT;10;EXW;11;3;;0,7;2;229;;ESB42954230;
INTRA-EX;202510;513881387;VWR1200R601E;84213100;ES;PT;10;EXW;11;3;;4,9;2;676;;ESB42954230;
INTRA-EX;202510;513881387;VWR120003;87089997;ES;PT;10;EXW;11;3;;1,3;3;536;;ESB42954230;
INTRA-EX;202510;513881387;EVE-TRB8V8S-LHD-NIL;85111000;ES;PT;10;EXW;11;3;;1,7;1;428;;ESB70550694;
INTRA-EX;202510;513881387;EVE-ST38V8S-CF-INT;84213100;ES;PT;10;EXW;11;3;;6,5;1;1285;;ESB70550694;
INTRA-EX;202510;513881387;EVE-TRB8V8S-FLG-STK;85111000;ES;PT;10;EXW;11;3;;0,2;1;35;;ESB70550694;
INTRA-EX;202510;513881387;FMINDK20;84213100;ES;PT;10;EXW;11;3;;0,8;1;175;;ESB70550694;
INTRA-EX;202510;513881387;MS100210;85111000;ES;PT;10;EXW;11;3;;0,3;8;199;;ESB94171030;
INTRA-EX;202510;513881387;MMRAD-MIA-99;87089135;ES;PT;10;EXW;11;3;;8,4;1;179;;ESB66283003;
INTRA-EX;202510;513881387;AC-MK7R-DPHS;87089235;ES;PT;10;EXW;11;3;;11,6;1;245;;ESB66283003;
INTRA-EX;202510;513881387;ARMAAD0RS5-A;84213100;ES;PT;10;EXW;11;3;;6,1;1;1001;;ESB01715598;
INTRA-EX;202510;513881387;BHR36XZ;87088055;ES;PT;10;EXW;11;3;;5,8;1;160;;ES18062887K;
INTRA-EX;202510;513881387;VWR13G700RFK;87089997;ES;PT;10;EXW;11;3;;0,5;1;46;;ES18062887K;
INTRA-EX;202510;513881387;BKR7EIX;85111000;ES;PT;10;EXW;11;3;;0,1;10;85;;ES18062887K;
INTRA-EX;202510;513881387;R7437-9;85111000;ES;PT;10;EXW;11;3;;0,1;4;145;;ESB64437577;
INTRA-EX;202510;513881387;ATMSVAG21;87089997;ES;PT;10;EXW;11;3;;2;1;161;;ESB19781145;
INTRA-EX;202510;513881387;PP2000;84213100;ES;PT;10;EXW;11;3;;0,6;1;20;;ESB19781145;
INTRA-EX;202510;513881387;SVWS059;87089235;ES;PT;10;EXW;11;3;;11,5;1;312;;ESB19296938;
INTRA-EX;202510;513881387;17U-01-0750-4;87089997;ES;PT;10;EXW;11;3;;0,3;1;299;;ES44719365M;
INTRA-EX;202510;513881387;AC-180-EXM;84198998;ES;PT;10;EXW;11;3;;5;1;203;;ES44719365M;
INTRA-EX;202510;513881387;Z1003100;85111000;ES;PT;10;EXW;11;3;;0,1;4;99;;ESB42954230;
INTRA-EX;202510;513881387;VWR31G7GT;87088035;ES;PT;10;EXW;11;3;;8,5;1;161;;ESB42954230;
INTRA-EX;202510;513881387;PF05;90262020;ES;PT;10;EXW;11;3;;0,2;1;170;;ESB42954230;
INTRA-EX;202510;513881387;FMDVMK7A-BLA;87089997;ES;PT;10;EXW;11;3;;0,6;1;164;;ESB42954230;
INTRA-EX;202510;513881387;VWR900001;85111000;ES;PT;10;EXW;11;3;;0,3;8;244;;ESB42954230;
INTRA-EX;202510;513881387;VWR160001;87089997;ES;PT;10;EXW;11;3;;0,4;5;429;;ESB42954230;
INTRA-EX;202510;513881387;VWR12G7R600ITINLET;87089997;ES;PT;10;EXW;11;3;;0,4;3;300;;ESB42954230;
INTRA-EX;202510;513881387;VWR12G7R600ITBLA;84213100;ES;PT;10;EXW;11;3;;0,8;3;229;;ESB42954230;
INTRA-EX;202510;513881387;VWR180002;87089997;ES;PT;10;EXW;11;3;;0,1;4;84;;ESB42954230;
INTRA-EX;202510;513881387;VWR180004;87089997;ES;PT;10;EXW;11;3;;0,1;6;160;;ESB42954230;
INTRA-EX;202510;513881387;VWR11G701;84213100;ES;PT;10;EXW;11;3;;0,3;1;57;;ESB42954230;
INTRA-EX;202510;513881387;VWR120010;40091100;ES;PT;10;EXW;11;3;;1,4;2;357;;ESB42954230;
INTRA-EX;202510;513881387;VWR1200R601E;84213100;ES;PT;10;EXW;11;3;;4,9;1;338;;ESB42954230;
INTRA-EX;202510;513881387;VWR1200R600E;84213100;ES;PT;10;EXW;11;3;;4,9;1;309;;ESB42954230;
INTRA-EX;202510;513881387;50003-M45-HL-4;84213100;ES;PT;10;EXW;11;3;;0,3;1;99;;QV999999999999;
INTRA-EX;202510;513881387;SNN0910-1C-BK;40093100;ES;PT;10;EXW;11;3;;0,3;1;34;;ESB72435332;
INTRA-EX;202510;513881387;FS-38034B24R/25L;87089997;ES;PT;10;EXW;11;3;;20,6;1;606;;ESB67114637;
INTRA-EX;202510;513881387;MBL.321R35G;87089997;ES;PT;10;EXW;11;3;;2,5;1;430;;ESB67114637;
INTRA-EX;202510;513881387;50-1200;87089997;ES;PT;10;EXW;11;3;;0,5;1;122;;QV999999999999;
INTRA-EX;202510;513881387;FMINLH9-STO;40093100;ES;PT;10;EXW;11;3;;1,5;1;212;;QV999999999999;
INTRA-EX;202510;513881387;URTW-TW4-4008;87088055;ES;PT;10;EXW;11;3;;2,5;1;148;;QV999999999999;
INTRA-EX;202510;513881387;UR-AR18-642;87088055;ES;PT;10;EXW;11;3;;4;1;188;;QV999999999999;
INTRA-EX;202510;513881387;SMA0001-1C-BK;40093100;ES;PT;10;EXW;11;3;;0,3;1;42;;QV999999999999;
INTRA-EX;202510;513881387;10w60-2;27101999;ES;PT;10;EXW;11;3;;4,7;1;27;;QV999999999999;
INTRA-EX;202510;513881387;70017-AZ101;84213100;ES;PT;10;EXW;11;3;;0,5;1;36;;QV999999999999;
INTRA-EX;202510;513881387;MMRAD-GLF-99;87089135;ES;PT;10;EXW;11;3;;8;1;261;;QV999999999999;
INTRA-EX;202510;513881387;10.127.100K;84132000;ES;PT;10;EXW;11;3;;0,3;1;312;;QV999999999999;
INTRA-EX;202510;513881387;BKR8EIX-4;85111000;ES;PT;10;EXW;11;3;;0,3;1;42;;QV999999999999;
INTRA-EX;202510;513881387;AC-200-OSA;87089997;ES;PT;10;EXW;11;3;;0,2;1;27;;QV999999999999;
INTRA-EX;202510;513881387;216CLSDWAOP-R;87089997;ES;PT;10;EXW;11;3;;0,4;1;73;;QV999999999999;
INTRA-EX;202510;513881387;SILZKGR8B8S-6;85111000;ES;PT;10;EXW;11;3;;0,4;1;59;;ES09214511K;
INTRA-EX;202510;513881387;PK419;84213100;ES;PT;10;EXW;11;3;;3,5;1;247;;ES09214511K;
INTRA-EX;202510;513881387;5M8174H-STD;40091100;ES;PT;10;EXW;11;3;;0,4;1;77;;QV999999999999;
INTRA-EX;202510;513881387;Z-341225;87089997;ES;PT;10;EXW;11;3;;2,4;1;167;;QV999999999999;
INTRA-EX;202510;513881387;MMTS-FIST-14;87089997;ES;PT;10;EXW;11;3;;0,1;1;50;;QV999999999999;
INTRA-EX;202510;513881387;15999-AM001;84213100;ES;PT;10;EXW;11;3;;0,2;1;61;;QV999999999999;
INTRA-EX;202510;513881387;FMDVK04S-MAC;84814090;ES;PT;10;EXW;11;3;;0,2;1;142;;ESE24731622;
INTRA-EX;202510;513881387;CTS-DB-MK4-60D;84099100;ES;PT;10;EXW;11;3;;1,2;1;46;;QV999999999999;
INTRA-EX;202510;513881387;SSE0433-4P-BK;87083091;ES;PT;10;EXW;11;3;;0,5;1;77;;QV999999999999;
INTRA-EX;202510;513881387;MS100208-4;84099100;ES;PT;10;EXW;11;3;;1,7;1;126;;QV999999999999;
INTRA-EX;202510;513881387;Z1003101-4;85111000;ES;PT;10;EXW;11;3;;0,4;1;74;;QV999999999999;
INTRA-EX;202510;513881387;SBW1110-4P-BK;87083091;ES;PT;10;EXW;11;3;;0,4;1;77;;QV999999999999;
INTRA-EX;202510;513881387;DBA2832S-2;87089997;ES;PT;10;EXW;11;3;;23;1;214;;QV999999999999;
INTRA-EX;202510;513881387;SAU0433-4P-BK;87083091;ES;PT;10;EXW;11;3;;0,5;1;77;;QV999999999999;
INTRA-EX;202510;513881387;JS-090-BK;84213100;ES;PT;10;EXW;11;3;;0,6;1;64;;QV999999999999;
INTRA-EX;202510;513881387;BKR8EIX-4;85111000;ES;PT;10;EXW;11;3;;0,3;1;42;;QV999999999999;
INTRA-EX;202510;513881387;TFSI4xx-W;39199080;ES;PT;10;EXW;11;3;;0,1;1;3;;QV999999999999;
INTRA-EX;202510;513881387;WHT005184;40091100;ES;PT;10;EXW;11;3;;0,1;1;8;;QV999999999999;
INTRA-EX;202510;513881387;AC-VAG-ODP;70102000;ES;PT;10;EXW;11;3;;0,2;1;8;;QV999999999999;
INTRA-EX;202510;513881387;PFR7B-4;84099100;ES;PT;10;EXW;11;3;;0,3;1;47;;QV999999999999;
INTRA-EX;202510;513881387;R7437-8-4;84099100;ES;PT;10;EXW;11;3;;0,3;1;165;;ES77482422E;
INTRA-EX;202510;513881387;9-437-7290;84132000;ES;PT;10;EXW;11;3;;1,3;1;539;;ES77482422E;
INTRA-EX;202510;513881387;9-654-1025;84133080;ES;PT;10;EXW;11;3;;0,8;1;163;;QV999999999999;
INTRA-EX;202510;513881387;PP1667;84213100;ES;PT;10;EXW;11;3;;0,7;1;73;;QV999999999999;
INTRA-EX;202510;513881387;CTS-IGN-007;84099100;FR;PT;10;EXW;11;3;;0,3;5;149;;FR77978902617;
INTRA-EX;202510;513881387;SILFER8C7ES;85111000;FR;PT;10;EXW;11;3;;0,1;5;52;;FR77978902617;
INTRA-EX;202510;513881387;VSHA2-C1AA1;87089997;FR;PT;10;EXW;11;3;;31;1;880;;FR80888340023;
INTRA-EX;202510;513881387;CTS-IGN-008;84099100;FR;PT;10;EXW;11;3;;0,3;12;359;;FR35504243288;
INTRA-EX;202510;513881387;11127565286;84836080;FR;PT;10;EXW;11;3;;0,4;6;36;;FR35504243288;
INTRA-EX;202510;513881387;6B1584H-STD;40091100;FR;PT;10;EXW;11;3;;0,4;2;214;;FR35504243288;
INTRA-EX;202510;513881387;AC-MK7-INLET;40091100;FR;PT;10;EXW;11;3;;0,3;1;45;;FR94827543661;
INTRA-EX;202510;513881387;EVE-X56M-CHG;84213100;FR;PT;10;EXW;11;3;;1,3;1;472;;FR82530667591;
INTRA-EX;202510;513881387;S90-2-12-023-B-BT;87087050;FR;PT;10;EXW;11;3;;1,8;2;220;;QV999999999999;
INTRA-EX;202510;513881387;BMR72Z;87089997;FR;PT;10;EXW;11;3;;3,9;1;183;;QV999999999999;
INTRA-EX;202510;513881387;VWR1241S4FO;84213100;FR;PT;10;EXW;11;3;;0,2;1;221;;QV999999999999;
INTRA-EX;202510;513881387;MMBCC-N54-06CBE2;87089997;FR;PT;10;EXW;11;3;;2,1;1;186;;QV999999999999;
INTRA-EX;202510;513881387;238SMOP270-PK;90269000;FR;PT;10;EXW;11;3;;0,4;1;82;;QV999999999999;
INTRA-EX;202510;513881387;238SMBO270-PK;90262020;FR;PT;10;EXW;11;3;;0,4;1;68;;QV999999999999;
INTRA-EX;202510;513881387;06E898001-5;84099100;FR;PT;10;EXW;11;3;;1,9;1;127;;QV999999999999;
INTRA-EX;202510;513881387;ILFR7H-5;85111000;FR;PT;10;EXW;11;3;;0,3;1;68;;QV999999999999;
INTRA-EX;202510;513881387;ATMSVAG10;87089997;FR;PT;10;EXW;11;3;;2,2;1;170;;FR53750449761;
INTRA-EX;202510;513881387;MS100225;87089997;FR;PT;10;EXW;11;3;;0,5;1;41;;FR53750449761;
INTRA-EX;202510;513881387;MS100226;40093100;FR;PT;10;EXW;11;3;;2,5;1;190;;FR53750449761;
INTRA-EX;202510;513881387;MS100224;87089997;FR;PT;10;EXW;11;3;;0,5;1;49;;FR53750449761;
INTRA-EX;202510;513881387;MS100222;84213100;FR;PT;10;EXW;11;3;;1,5;1;184;;FR53750449761;
INTRA-EX;202510;513881387;AC-MK5-FU-RD;87088055;FR;PT;10;EXW;11;3;;4,4;1;97;;QV999999999999;
INTRA-EX;202510;513881387;D650-0003-4;84099100;FR;PT;10;EXW;11;3;;1,7;1;116;;QV999999999999;
INTRA-EX;202510;513881387;ILZKBR7B8G-4;87089997;FR;PT;10;EXW;11;3;;0,3;1;38;;QV999999999999;
INTRA-EX;202510;513881387;Z1004081-6;85111000;FR;PT;10;EXW;11;3;;0,4;1;141;;FR72501092126;
INTRA-EX;202510;513881387;SVW0630-4P-BK;87083091;FR;PT;10;EXW;11;3;;0,5;1;77;;QV999999999999;
INTRA-EX;202510;513881387;ATMSFO104;87089997;FR;PT;10;EXW;11;3;;0,1;1;50;;QV999999999999;
INTRA-EX;202510;513881387;MMFS-S2K-00;84149000;FR;PT;10;EXW;11;3;;5,3;1;166;;QV999999999999;
INTRA-EX;202510;513881387;RBF700;27101999;FR;PT;10;EXW;11;3;;0,6;4;58;;FR87913220299;
INTRA-EX;202510;513881387;105777;27101999;FR;PT;10;EXW;11;3;;1,1;3;43;;QV999999999999;
INTRA-EX;202510;513881387;DILKAR8R9HS-4;85111000;FR;PT;10;EXW;11;3;;0,3;1;62;;QV999999999999;
INTRA-EX;202510;513881387;ATINTVAG45;87089135;FR;PT;10;EXW;11;3;;18,5;1;752;;FR10838197143;
INTRA-EX;202510;513881387;AC-MQB-IC;84198998;FR;PT;10;EXW;11;3;;16,3;1;419;;FR10838197143;
INTRA-EX;202510;513881387;VWR13G700RFK;87089997;FR;PT;10;EXW;11;3;;0,5;1;54;;FR10838197143;
INTRA-EX;202510;513881387;R7437-9-5;85111000;FR;PT;10;EXW;11;3;;0,3;1;213;;QV999999999999;
INTRA-EX;202510;513881387;BKR7EIX-4;84099100;FR;PT;10;EXW;11;3;;0,3;1;40;;QV999999999999;
INTRA-EX;202510;513881387;PFR8S8EG-6;87089997;FR;PT;10;EXW;11;3;;0,4;1;68;;QV999999999999;
INTRA-EX;202510;513881387;MS100208-6;84099100;FR;PT;10;EXW;11;3;;2,4;1;191;;QV999999999999;
INTRA-EX;202510;513881387;AC-Z33-HHL;87083091;FR;PT;10;EXW;11;3;;0,8;1;81;;QV999999999999;
INTRA-EX;202510;513881387;VWR436001;87141030;FR;PT;10;EXW;11;3;;1;1;112;;QV999999999999;
INTRA-EX;202510;513881387;06E898001-4;85111000;FR;PT;10;EXW;11;3;;1,5;1;102;;QV999999999999;
INTRA-EX;202510;513881387;DILKAR8R9HS-4;85111000;FR;PT;10;EXW;11;3;;0,3;1;62;;QV999999999999;
INTRA-EX;202510;513881387;FM225TH;40091100;FR;PT;10;EXW;11;3;;0,3;1;95;;QV999999999999;
INTRA-EX;202510;513881387;AC-27-DEL;87089997;FR;PT;10;EXW;11;3;;0,1;1;20;;QV999999999999;
INTRA-EX;202510;513881387;SMA0600-1P-BK;87083091;FR;PT;10;EXW;11;3;;0,3;1;17;;QV999999999999;
INTRA-EX;202510;513881387;SMA0600-4P-BK;87083091;FR;PT;10;EXW;11;3;;0,5;1;77;;QV999999999999;
INTRA-EX;202510;513881387;SILZKBR8D8S-6;84099100;FR;PT;10;EXW;11;3;;0,4;1;68;;FR48423877596;
INTRA-EX;202510;513881387;U5055-6;84099100;FR;PT;10;EXW;11;3;;2,1;1;132;;FR48423877596;
INTRA-EX;202510;513881387;AC-FIST7-BAD;87089997;FR;PT;10;EXW;11;3;;0,5;1;59;;QV999999999999;
INTRA-EX;202510;513881387;ATMSREN11;87089997;FR;PT;10;EXW;11;3;;1;1;306;;QV999999999999;
INTRA-EX;202510;513881387;WHT005184;40091100;FR;PT;10;EXW;11;3;;0,1;1;8;;QV999999999999;
INTRA-EX;202510;513881387;R7437-8-4;84099100;FR;PT;10;EXW;11;3;;0,3;1;165;;QV999999999999;
INTRA-EX;202510;513881387;10.127.100K;84132000;FR;PT;10;EXW;11;3;;0,3;1;314;;FR21914749676;
INTRA-EX;202510;513881387;FMWS8;87088099;ES;PT;10;EXW;11;3;;0,8;1;50;;ES78727785G;
INTRA-EX;202510;513881387;FMWS16;87088099;ES;PT;10;EXW;11;3;;0,8;1;62;;ES78727785G;
INTRA-EX;202510;513881387;AC-S55-CHP;84835020;IE;PT;10;EXW;11;3;;0,3;1;73;;QV999999999999;
INTRA-EX;202510;513881387;BHR98Z;87088055;SE;PT;10;EXW;11;3;;3,6;1;148;;QV999999999999;
INTRA-EX;202510;513881387;37981056515SP;87087099;LT;PT;10;EXW;11;3;;11,7;1;368;;QV999999999999;
INTRA-EX;202510;513881387;FMDV32A-BLK;84814090;RO;PT;10;EXW;11;3;;0,6;1;209;;QV999999999999;
INTRA-EX;202510;513881387;VWR810002;87089997;RO;PT;10;EXW;11;3;;0,5;1;81;;QV999999999999;
INTRA-EX;202510;513881387;KLC163;87088035;HR;PT;10;EXW;11;3;;0,9;1;131;;QV999999999999;
INTRA-EX;202510;513881387;R13-10-2;87089997;HR;PT;10;EXW;11;3;;0,1;1;79;;QV999999999999;
INTRA-EX;202510;513881387;SBW0271-4P-BK;87083091;GR;PT;10;EXW;11;3;;0,4;1;81;;QV999999999999;
INTRA-EX;202510;513881387;AC-R56-IC;84198998;GR;PT;10;EXW;11;3;;10,5;1;239;;QV999999999999;
INTRA-EX;202510;513881387;R7437-9-4;87089997;BE;PT;10;EXW;11;3;;0,3;1;169;;QV999999999999;
INTRA-EX;202510;513881387;PP1621;84213100;BE;PT;10;EXW;11;3;;0,4;1;37;;QV999999999999;
INTRA-EX;202510;513881387;MMOP-TPS;84099100;BE;PT;10;EXW;11;3;;0,4;1;54;;QV999999999999;
INTRA-EX;202510;513881387;IFR7G-11KS-4;85111000;BE;PT;10;EXW;11;3;;0,3;1;64;;QV999999999999;
INTRA-EX;202510;513881387;U5099-4;85111000;BE;PT;10;EXW;11;3;;1,5;1;229;;QV999999999999;
INTRA-EX;202510;513881387;VWR150000;87089997;BE;PT;10;EXW;11;3;;0,2;1;112;;QV999999999999;
INTRA-EX;202510;513881387;L3P3BF2X;87089997;BE;PT;10;EXW;11;3;;1;1;320;;QV999999999999;
INTRA-EX;202510;513881387;FMDV18-RED;84814090;BE;PT;10;EXW;11;3;;1,5;1;219;;QV999999999999;
INTRA-EX;202510;513881387;MS100112;87089997;NL;PT;10;EXW;11;3;;0,3;1;40;;QV999999999999;
INTRA-EX;202510;513881387;CTS-IT-275;87089235;NL;PT;10;EXW;11;3;;1,9;1;168;;QV999999999999;
INTRA-EX;202510;513881387;CTS-IT-280;87089235;NL;PT;10;EXW;11;3;;1,5;1;168;;QV999999999999;
INTRA-EX;202510;513881387;DILKAR8R9HS-4;85111000;NL;PT;10;EXW;11;3;;0,3;1;62;;QV999999999999;
INTRA-EX;202510;513881387;CTS-EXH-TP-0011;87089235;NL;PT;10;EXW;11;3;;7,8;1;148;;QV999999999999;
INTRA-EX;202510;513881387;50003-MR45XLZ-4;87089997;NL;PT;10;EXW;11;3;;0,3;2;261;;QV999999999999;
INTRA-EX;202510;513881387;CI100065;84213100;IT;PT;10;EXW;11;3;;1,9;1;249;;QV999999999999;
INTRA-EX;202510;513881387;CTS-HW-360;40091100;ES;PT;10;EXW;11;3;;1,4;1;247;;QV999999999999;
INTRA-EX;202510;513881387;216BFWAOPSM;90269000;ES;PT;10;EXW;11;3;;0,4;1;46;;QV999999999999;
INTRA-EX;202510;513881387;E10-42-040-06-22;73202081;ES;PT;10;EXW;11;3;;9,5;1;218;;QV999999999999;
INTRA-EX;202510;513881387;MMHOSE-MIA-90BL;40091100;ES;PT;10;EXW;11;3;;0,5;1;80;;QV999999999999;
INTRA-EX;202510;513881387;ILFR7H-5;85111000;ES;PT;10;EXW;11;3;;0,3;1;68;;QV999999999999;
INTRA-EX;202510;513881387;PX1974;84213100;ES;PT;10;EXW;11;3;;2,5;1;212;;QV999999999999;
INTRA-EX;202510;513881387;SAU0601-4P-BK;87083091;ES;PT;10;EXW;11;3;;0,5;1;77;;QV999999999999;
INTRA-EX;202510;513881387;VWR900001-4;84099100;ES;PT;10;EXW;11;3;;1,8;1;173;;QV999999999999;
INTRA-EX;202510;513881387;06L115466C;84213100;ES;PT;10;EXW;11;3;;0,2;1;5;;QV999999999999;
INTRA-EX;202510;513881387;VWR180004;87089997;ES;PT;10;EXW;11;3;;0,1;1;37;;QV999999999999;
INTRA-EX;202510;513881387;AC-MK8-DPHS;87089235;ES;PT;10;EXW;11;3;;8,3;1;304;;QV999999999999;
INTRA-EX;202510;513881387;ILFR6B-5;84099100;ES;PT;10;EXW;11;3;;0,3;1;46;;QV999999999999;
INTRA-EX;202510;513881387;MMGRT-235;87089997;ES;PT;10;EXW;11;3;;0,3;1;74;;QV999999999999;
INTRA-EX;202510;513881387;MMRT-WRX-01E;87089997;ES;PT;10;EXW;11;3;;1;1;135;;QV999999999999;
INTRA-EX;202510;513881387;ATIKVAG19;84213100;ES;PT;10;EXW;11;3;;4,9;1;230;;QV999999999999;
INTRA-EX;202510;513881387;DBA43148S-2;87083099;ES;PT;10;EXW;11;3;;27,9;1;381;;QV999999999999;
INTRA-EX;202510;513881387;AC-300-CP-4;84099100;ES;PT;10;EXW;11;3;;1;1;70;;QV999999999999;
INTRA-EX;202510;513881387;AC-200-FD;87089997;ES;PT;10;EXW;11;3;;0,5;1;48;;QV999999999999;
INTRA-EX;202510;513881387;FMDVMK7A-BLA;87089997;ES;PT;10;EXW;11;3;;0,6;1;189;;QV999999999999;
INTRA-EX;202510;513881387;BKR7EIX-4;84099100;ES;PT;10;EXW;11;3;;0,3;1;40;;QV999999999999;
INTRA-EX;202510;513881387;BKR7EIX-4;84099100;ES;PT;10;EXW;11;3;;0,3;1;40;;QV999999999999;
INTRA-EX;202510;513881387;CK-003;87089997;ES;PT;10;EXW;11;3;;0,3;1;18;;QV999999999999;
INTRA-EX;202510;513881387;AC-VAG-ODP;70102000;ES;PT;10;EXW;11;3;;0,2;1;8;;QV999999999999;
INTRA-EX;202510;513881387;AC-200-TBH-BL;40093100;ES;PT;10;EXW;11;3;;0,2;1;18;;QV999999999999;
INTRA-EX;202510;513881387;06D115562;84099100;ES;PT;10;EXW;11;3;;0,2;1;4;;QV999999999999;
INTRA-EX;202510;513881387;Z1003101-4;85111000;ES;PT;10;EXW;11;3;;0,4;1;74;;QV999999999999;
INTRA-EX;202510;513881387;MS100210-4;84099100;ES;PT;10;EXW;11;3;;1,7;1;126;;QV999999999999;
INTRA-EX;202510;513881387;SP-820;32081090;ES;PT;10;EXW;11;3;;0,5;1;18;;QV999999999999;
INTRA-EX;202510;513881387;MS100210-4;84099100;ES;PT;10;EXW;11;3;;1,7;1;126;;QV999999999999;
INTRA-EX;202510;513881387;PF04;85444290;ES;PT;10;EXW;11;3;;0,2;1;204;;QV999999999999;
INTRA-EX;202510;513881387;U5001-4;84099100;ES;PT;10;EXW;11;3;;1,5;1;78;;QV999999999999;
INTRA-EX;202510;513881387;PFR7Z-TG-4;84099100;ES;PT;10;EXW;11;3;;0,3;1;36;;QV999999999999;
INTRA-EX;202510;513881387;"CTS-HW-036 ARP";87089997;ES;PT;10;EXW;11;3;;0,7;1;140;;QV999999999999;
INTRA-EX;202510;513881387;E10-25-043-06-22;73202081;ES;PT;10;EXW;11;3;;9,3;1;182;;QV999999999999;
INTRA-EX;202510;513881387;UR-RU4-2987;87088055;ES;PT;10;EXW;11;3;;3,3;1;159;;QV999999999999;
INTRA-EX;202510;513881387;UR-TW2-339;87088055;ES;PT;10;EXW;11;3;;2,1;1;103;;QV999999999999;
INTRA-EX;202510;513881387;MMAF-REOIL-RD;84213100;ES;PT;10;EXW;11;3;;0,9;1;16;;QV999999999999;
INTRA-EX;202510;513881387;AC-180-CPA;87089997;ES;PT;10;EXW;11;3;;0,5;1;44;;QV999999999999;
INTRA-EX;202510;513881387;06E898001-4;85111000;ES;PT;10;EXW;11;3;;1,5;1;101;;QV999999999999;
INTRA-EX;202510;513881387;70017-AT132;84213100;ES;PT;10;EXW;11;3;;0,5;1;28;;QV999999999999;
INTRA-EX;202510;513881387;503-T109;84213100;FR;PT;10;EXW;11;3;;0,3;1;33;;FR15840764864;
INTRA-EX;202510;513881387;GTHSB-5;87089997;FR;PT;10;EXW;11;3;;0,1;1;20;;FR15840764864;
INTRA-EX;202510;513881387;52009-AK005;84213100;FR;PT;10;EXW;11;3;;0,4;1;19;;FR15840764864;
INTRA-EX;202510;513881387;L3P3SFRX;87089997;FR;PT;10;EXW;11;3;;0,6;1;322;;FR15840764864;
INTRA-EX;202510;513881387;SES1230H;87089235;FR;PT;10;EXW;11;3;;9,2;1;684;;FR15840764864;
INTRA-EX;202510;513881387;IMS-8V8S-UPB;87089997;FR;PT;10;EXW;11;3;;0,5;1;74;;QV999999999999;
INTRA-EX;202510;513881387;IMS-8V8S-GRK;87089997;FR;PT;10;EXW;11;3;;0,2;1;70;;QV999999999999;
INTRA-EX;202510;513881387;U3P3A8VX;87089997;FR;PT;10;EXW;11;3;;1;1;331;;QV999999999999;
INTRA-EX;202510;513881387;PFR8S8EG-6;87089997;FR;PT;10;EXW;11;3;;0,4;1;68;;QV999999999999;
INTRA-EX;202510;513881387;CTS-B58-HX;87089135;FR;PT;10;EXW;11;3;;10,6;1;461;;QV999999999999;
INTRA-EX;202510;513881387;AC-MK7-OC;87089997;FR;PT;10;EXW;11;3;;0,3;1;29;;QV999999999999;
INTRA-EX;202510;513881387;CTS-HW-0151;84099100;FR;PT;10;EXW;11;3;;1;1;149;;QV999999999999;
INTRA-EX;202510;513881387;216BFWABOSM;90262020;FR;PT;10;EXW;11;3;;0,3;1;35;;QV999999999999;
INTRA-EX;202510;513881387;FMINDK50;84213100;FR;PT;10;EXW;11;3;;3,6;1;450;;QV999999999999;
INTRA-EX;202510;513881387;CTS-IT-105R;84213100;FR;PT;10;EXW;11;3;;4,6;1;256;;QV999999999999;
INTRA-EX;202510;513881387;JSK-126-BL;84213100;FR;PT;10;EXW;11;3;;3,9;1;257;;QV999999999999;
INTRA-EX;202510;513881387;KLC167A;87088055;FR;PT;10;EXW;11;3;;1,4;1;136;;QV999999999999;
INTRA-EX;202510;513881387;AC-27-TI;84198998;FR;PT;10;EXW;11;3;;3;1;149;;QV999999999999;
INTRA-EX;202510;513881387;001423.000685;84836080;FR;PT;10;EXW;11;3;;6,7;1;311;;QV999999999999;
INTRA-EX;202510;513881387;AC-27-DEL;87089997;FR;PT;10;EXW;11;3;;0,1;1;20;;QV999999999999;
INTRA-EX;202510;513881387;CTS-IT-110;40091100;FR;PT;10;EXW;11;3;;1,3;1;190;;QV999999999999;
INTRA-EX;202510;513881387;FMKT010-BLU;40093100;FR;PT;10;EXW;11;3;;1,7;1;180;;QV999999999999;
INTRA-EX;202510;513881387;06K103495AC;87089997;FR;PT;10;EXW;11;3;;0,6;1;32;;QV999999999999;
INTRA-EX;202510;513881387;SVW0610-4P-RD;87083091;FR;PT;10;EXW;11;3;;0,5;1;84;;QV999999999999;
INTRA-EX;202510;513881387;AC-200-IC;84198998;FR;PT;10;EXW;11;3;;11,9;1;397;;QV999999999999;
INTRA-EX;202510;513881387;06K103495AC;87089997;FR;PT;10;EXW;11;3;;0,6;1;32;;QV999999999999;
INTRA-EX;202510;513881387;ACSP1;84099100;FR;PT;10;EXW;11;3;;0,5;1;22;;QV999999999999;
INTRA-EX;202510;513881387;BKR7EIX-4;84099100;FR;PT;10;EXW;11;3;;0,3;1;40;;QV999999999999;
INTRA-EX;202510;513881387;AC-200-CFA-KIT;87089997;FR;PT;10;EXW;11;3;;0,1;1;32;;QV999999999999;
INTRA-EX;202510;513881387;SILZKBR8D8S-6;84099100;FR;PT;10;EXW;11;3;;0,4;1;68;;QV999999999999;
INTRA-EX;202510;513881387;SILZKGR8B8S-6;85111000;FR;PT;10;EXW;11;3;;0,4;1;59;;QV999999999999;
INTRA-EX;202510;513881387;RF100029;84099100;FR;PT;10;EXW;11;3;;0,5;1;44;;QV999999999999;
INTRA-EX;202510;513881387;4B1609H-STD;40091100;FR;PT;10;EXW;11;3;;0,5;1;44;;QV999999999999;
INTRA-EX;202510;513881387;UR-TW2-3109;87088055;FR;PT;10;EXW;11;3;;3;1;112;;QV999999999999;
INTRA-EX;202510;513881387;UR-RE2-3111;87088055;FR;PT;10;EXW;11;3;;3,3;1;104;;QV999999999999;
INTRA-EX;202510;513881387;MMGP-RS-16BK;87089997;FR;PT;10;EXW;11;3;;0,5;1;76;;QV999999999999;
INTRA-EX;202510;513881387;06E898001-4;85111000;FR;PT;10;EXW;11;3;;1,5;1;102;;QV999999999999;
INTRA-EX;202510;513881387;BKR8EIX-4;85111000;FR;PT;10;EXW;11;3;;0,3;1;43;;QV999999999999;
INTRA-EX;202510;513881387;SP-736;32081090;FR;PT;10;EXW;11;3;;1;1;21;;QV999999999999;
INTRA-EX;202510;513881387;FMBH10-BLK;40093100;FR;PT;10;EXW;11;3;;0,3;1;31;;QV999999999999;
INTRA-EX;202510;513881387;AC-200-IT;84198998;FR;PT;10;EXW;11;3;;5;1;187;;QV999999999999;
INTRA-EX;202510;513881387;CTS-IT-932;84213100;FR;PT;10;EXW;11;3;;1,4;1;359;;QV999999999999;
INTRA-EX;202510;513881387;FMKT008-BLA;40093100;FR;PT;10;EXW;11;3;;1;1;173;;QV999999999999;
INTRA-EX;202510;513881387;AC-200-TBH-BK;40093100;FR;PT;10;EXW;11;3;;0,2;1;18;;QV999999999999;
INTRA-EX;202510;513881387;06E898001-4;85111000;FR;PT;10;EXW;11;3;;1,5;1;102;;QV999999999999;
INTRA-EX;202510;513881387;03H971921;84099100;FR;PT;10;EXW;11;3;;0,1;1;23;;QV999999999999;
INTRA-EX;202510;513881387;06K103213A;40091100;FR;PT;10;EXW;11;3;;0,1;1;16;;QV999999999999;
INTRA-EX;202510;513881387;5M5585H-STD;40091100;FR;PT;10;EXW;11;3;;0,3;1;91;;QV999999999999;
INTRA-EX;202510;513881387;AC-VR6-CH-BK;40093100;FR;PT;10;EXW;11;3;;3;1;142;;QV999999999999;
INTRA-EX;202510;513881387;SBMP081;87089235;FR;PT;10;EXW;11;3;;11,3;1;376;;QV999999999999;
INTRA-EX;202510;513881387;MMIG-VW-1504;85111000;FR;PT;10;EXW;11;3;;1,8;1;113;;QV999999999999;
INTRA-EX;202510;513881387;06E898001-6;85111000;FR;PT;10;EXW;11;3;;2,1;1;153;;QV999999999999;
INTRA-EX;202510;513881387;X11127570292ALBK;87089997;FR;PT;10;EXW;11;3;;7,5;1;216;;QV999999999999;
INTRA-EX;202510;513881387;MMTS-GLF-15;90321020;FR;PT;10;EXW;11;3;;0,2;1;50;;QV999999999999;
INTRA-EX;202510;513881387;SCEXVDM;87089235;FR;PT;10;EXW;11;3;;0,1;1;24;;QV999999999999;
INTRA-EX;202510;513881387;FMINLD2-D;84213100;FR;PT;10;EXW;11;3;;1;1;144;;QV999999999999;
INTRA-EX;202510;513881387;AC-B58.2-DP;87089235;FR;PT;10;EXW;11;3;;4,4;1;194;;QV999999999999;
INTRA-EX;202510;513881387;AC-S55-CHP;84835020;FR;PT;10;EXW;11;3;;0,3;1;74;;QV999999999999;
INTRA-EX;202510;513881387;MMBCC-350Z-03PBE;84099100;FR;PT;10;EXW;11;3;;1,5;1;280;;QV999999999999;
INTRA-EX;202510;513881387;AC-200K04-OT;87089997;FR;PT;10;EXW;11;3;;1,4;1;112;;QV999999999999;
INTRA-EX;202510;513881387;AMS.21.09.0003-1;87089997;FR;PT;10;EXW;11;3;;1,8;1;174;;QV999999999999;
INTRA-EX;202510;513881387;EVO9202;84213100;FR;PT;10;EXW;11;3;;5,6;1;356;;QV999999999999;
INTRA-EX;202510;513881387;06E898001-5;84099100;FR;PT;10;EXW;11;3;;1,9;1;127;;QV999999999999;
INTRA-EX;202510;513881387;ILFR7H-5;85111000;FR;PT;10;EXW;11;3;;0,3;1;68;;QV999999999999;
INTRA-EX;202510;513881387;SAU114B;87088055;FR;PT;10;EXW;11;3;;1,2;1;83;;QV999999999999;
INTRA-EX;202510;513881387;9-307-1017;84133080;ES;PT;10;EXW;11;3;;0,5;1;179;;ES78512226r;
INTRA-EX;202510;513881387;17U-00-0650-5;87089997;ES;PT;10;EXW;11;3;;0,3;1;441;;ES78512226r;
INTRA-EX;202510;513881387;SAUC089;87089235;GR;PT;10;EXW;11;3;;10;1;566;;GREL802913609;
INTRA-EX;202510;513881387;CTS-IGN-008;84099100;NL;PT;10;EXW;11;3;;0,3;6;179;;NL866860666B01;
INTRA-EX;202510;513881387;MMEXH-MUS8-15HP;87089235;ES;PT;10;EXW;11;3;;5;1;252;;ESY4897580c;
INTRA-EX;202510;513881387;ATMSMINI7;87089997;EE;PT;10;EXW;11;3;;2;1;227;;QV999999999999;
INTRA-EX;202510;513881387;AC-MK7-DP;87089235;HR;PT;10;EXW;11;3;;9,2;1;155;;HR09842419742;
INTRA-EX;202510;513881387;TI-123-BK;40091100;HR;PT;10;EXW;11;3;;2,1;1;75;;QV999999999999;
INTRA-EX;202510;513881387;AC-MK7-DP;87089235;HU;PT;10;EXW;11;3;;9,2;1;155;;HU25464285;
INTRA-EX;202510;513881387;9-654-1025;84133080;HU;PT;10;EXW;11;3;;0,8;1;129;;HU25464285;
INTRA-EX;202510;513881387;MS100192;85111000;HU;PT;10;EXW;11;3;;0,3;8;298;;HU25464285;
INTRA-EX;202510;513881387;Z1003100;85111000;HU;PT;10;EXW;11;3;;0,1;8;199;;HU25464285;
INTRA-EX;202510;513881387;VWR19G706;87089997;HU;PT;10;EXW;11;3;;0,4;1;53;;HU25464285;
INTRA-EX;202510;513881387;SILFER8C7ES;85111000;HU;PT;10;EXW;11;3;;0,1;60;630;;HU25464285;
INTRA-EX;202510;513881387;AC-200-HS;87089997;HU;PT;10;EXW;11;3;;0,5;1;15;;HU25464285;
INTRA-EX;202510;513881387;MS100208;85111000;HU;PT;10;EXW;11;3;;0,3;4;99;;HU25464285;
INTRA-EX;202510;513881387;CTS-IT-285;40091100;HU;PT;10;EXW;11;3;;0,3;1;59;;HU25464285;
INTRA-EX;202510;513881387;EVE-ST38V8S-CF-INT;84213100;HU;PT;10;EXW;11;3;;6,5;1;1285;;HU25464285;
INTRA-EX;202510;513881387;MS100192;85111000;HU;PT;10;EXW;11;3;;0,3;4;149;;HU25464285;
INTRA-EX;202510;513881387;PF04;85444290;HU;PT;10;EXW;11;3;;0,2;1;194;;QV999999999999;
INTRA-EX;202510;513881387;CTS-IT-255R-2;87089135;DE;PT;10;EXW;11;3;;8;1;284;;DE181881308;
INTRA-EX;202510;513881387;WB-271;84213100;DE;PT;10;EXW;11;3;;0,2;1;42;;QV999999999999;
INTRA-EX;202510;513881387;VWR130010;84099100;PL;PT;10;EXW;11;3;;3;2;1020;;PL8141683531;
INTRA-EX;202510;513881387;MMRAD-SPY-00;84198998;GR;PT;10;EXW;11;3;;8,6;1;196;;GREL802913609;
INTRA-EX;202510;513881387;CTS-EXH-DP-0014;87089997;GR;PT;10;EXW;11;3;;6;1;337;;GREL802913609;
INTRA-EX;202510;513881387;CTS-CC-MK6TSI;84099100;GR;PT;10;EXW;11;3;;3;1;337;;GREL802913609;
INTRA-EX;202510;513881387;1K0253144BD;40091100;GR;PT;10;EXW;11;3;;0,2;1;6;;GREL802913609;
INTRA-EX;202510;513881387;AC-VAG-ODP;70102000;GR;PT;10;EXW;11;3;;0,2;1;5;;GREL802913609;
INTRA-EX;202510;513881387;AC-200-HS;87089997;GR;PT;10;EXW;11;3;;0,5;1;15;;GREL802913609;
INTRA-EX;202510;513881387;UR-LA2-3677;87088055;GR;PT;10;EXW;11;3;;2,5;1;60;;GREL163940830;
INTRA-EX;202510;513881387;UR-RL2-3935;87088055;GR;PT;10;EXW;11;3;;3;1;83;;GREL163940830;
INTRA-EX;202510;513881387;EVE-FL5-CF-CHG;40091100;GR;PT;10;EXW;11;3;;1,7;1;498;;GREL163940830;
INTRA-EX;202510;513881387;UR-RE2-3934;87088055;GR;PT;10;EXW;11;3;;2;1;64;;GREL163940830;
INTRA-EX;202510;513881387;UR-RE2-3933A;87088055;GR;PT;10;EXW;11;3;;3;1;98;;GREL163940830;
INTRA-EX;202510;513881387;MMOC-F;87089997;GR;PT;10;EXW;11;3;;2,1;1;109;;GREL108534505;
INTRA-EX;202510;513881387;SMA0112-4P-BK;87083091;GR;PT;10;EXW;11;3;;0,5;1;76;;GREL802913609;
INTRA-EX;202510;513881387;SME0455-4P-YE;87083091;BE;PT;10;EXW;11;3;;0,5;1;78;;QV999999999999;
INTRA-EX;202510;513881387;MS100247;85111000;NL;PT;10;EXW;11;3;;0,4;8;298;;NL866996473B01;
INTRA-EX;202510;513881387;SILFER8C7ES;85111000;NL;PT;10;EXW;11;3;;0,1;4;42;;NL866996473B01;
INTRA-EX;202510;513881387;R7437-9;85111000;NL;PT;10;EXW;11;3;;0,1;8;290;;NL866996473B01;
INTRA-EX;202510;513881387;MS100219;85111000;NL;PT;10;EXW;11;3;;0,3;8;332;;NL866996473B01;
INTRA-EX;202510;513881387;R7438-9;85111000;NL;PT;10;EXW;11;3;;0,1;4;138;;NL866996473B01;
INTRA-EX;202510;513881387;VWR17G7R600;40091100;NL;PT;10;EXW;11;3;;0,2;1;38;;NL866996473B01;
INTRA-EX;202510;513881387;CI100052-A;84213100;NL;PT;10;EXW;11;3;;1,7;1;83;;NL866996473B01;
INTRA-EX;202510;513881387;MS100208;85111000;NL;PT;10;EXW;11;3;;0,3;6;149;;NL866996473B01;
INTRA-EX;202510;513881387;MS100208;85111000;NL;PT;10;EXW;11;3;;0,3;4;99;;NL866860666B01;
INTRA-EX;202510;513881387;R7437-9;85111000;NL;PT;10;EXW;11;3;;0,1;4;145;;NL866860666B01;
INTRA-EX;202510;513881387;VWR90000;85111000;NL;PT;10;EXW;11;3;;0,3;4;122;;NL866860666B01;
INTRA-EX;202510;513881387;CTS-IT-800;84213100;NL;PT;10;EXW;11;3;;4,3;1;247;;NL866860666B01;
INTRA-EX;202510;513881387;216CLSDWAOP-R;87089997;NL;PT;10;EXW;11;3;;0,4;1;67;;NL866860666B01;
INTRA-EX;202510;513881387;CTS-IT-220R;84213100;NL;PT;10;EXW;11;3;;4,5;1;247;;NL866860666B01;
INTRA-EX;202510;513881387;LTR7IX-11;85111000;NL;PT;10;EXW;11;3;;0,2;3;23;;NL866996473B01;
INTRA-EX;202510;513881387;D650-0004;84099100;NL;PT;10;EXW;11;3;;0,3;2;46;;NL866996473B01;
INTRA-EX;202510;513881387;VWR11G701;84213100;NL;PT;10;EXW;11;3;;0,3;3;171;;NL866996473B01;
INTRA-EX;202510;513881387;VWR800000;58109210;NL;PT;10;EXW;11;3;;0,1;2;14;;NL866996473B01;
INTRA-EX;202510;513881387;VWR12G7R600ITINLET;87089997;NL;PT;10;EXW;11;3;;0,4;2;200;;NL866996473B01;
INTRA-EX;202510;513881387;CTS-IGN-009;84099100;NL;PT;10;EXW;11;3;;0,3;28;724;;NL866996473B01;
INTRA-EX;202510;513881387;AC-N54-DP;87089235;NL;PT;10;EXW;11;3;;5,5;1;167;;NL866860666B01;
INTRA-EX;202510;513881387;AC-BM-ODP;87089997;NL;PT;10;EXW;11;3;;0,1;1;8;;NL866860666B01;
INTRA-EX;202510;513881387;MMGRT-215;87089997;NL;PT;10;EXW;11;3;;0,1;3;89;;NL857445832B01;
INTRA-EX;202510;513881387;MMRAD-CIV-92;87089135;NL;PT;10;EXW;11;3;;4,2;1;145;;NL857445832B01;
INTRA-EX;202510;513881387;MMFAN-SWITCH;87089997;NL;PT;10;EXW;11;3;;0,1;1;29;;NL857445832B01;
INTRA-EX;202510;513881387;MMTS-CIV-92L;90321020;NL;PT;10;EXW;11;3;;0,1;4;143;;NL857445832B01;
INTRA-EX;202510;513881387;MMRC-13L;87089997;NL;PT;10;EXW;11;3;;0,3;2;29;;NL857445832B01;
INTRA-EX;202510;513881387;CTS-IGN-007;84099100;NL;PT;10;EXW;11;3;;0,3;4;119;;NL866860666B01;
INTRA-EX;202510;513881387;R7437-8;85111000;NL;PT;10;EXW;11;3;;0,1;4;136;;NL866860666B01;
INTRA-EX;202510;513881387;U5014;84099100;NL;PT;10;EXW;11;3;;0,3;4;86;;NL866860666B01;
INTRA-EX;202510;513881387;AC-W205-DP;87089997;NL;PT;10;EXW;11;3;;9,3;1;287;;NL866860666B01;
INTRA-EX;202510;513881387;AC-VAG-ODP;70102000;NL;PT;10;EXW;11;3;;0,2;1;5;;NL866860666B01;
INTRA-EX;202510;513881387;L3P3M58X;87089997;NL;PT;10;EXW;11;3;;0,3;1;259;;NL866860666B01;
INTRA-EX;202510;513881387;UR-TW2-1362;87088055;IT;PT;10;EXW;11;3;;3;1;90;;IT12072620011;
INTRA-EX;202510;513881387;VWR900001;85111000;IT;PT;10;EXW;11;3;;0,3;4;122;;IT03656931205;
INTRA-EX;202510;513881387;AC-200-IC;84198998;IT;PT;10;EXW;11;3;;11,9;1;263;;IT12072620011;
INTRA-EX;202510;513881387;AC-200-PCVD;87089997;IT;PT;10;EXW;11;3;;0,5;1;32;;IT12072620011;
INTRA-EX;202510;513881387;VWR31P2GT;84213100;NL;PT;10;EXW;11;3;;8;1;161;;NL866996473B01;
INTRA-EX;202510;513881387;AC-MK8-DPHS;87089235;IT;PT;10;EXW;11;3;;8,3;1;209;;IT04146110160;
INTRA-EX;202510;513881387;SHYSP102;87089997;IT;PT;10;EXW;11;3;;3;1;125;;IT03656931205;
INTRA-EX;202510;513881387;VWR810005;87082990;IT;PT;10;EXW;11;3;;0,4;1;124;;IT03656931205;
INTRA-EX;202510;513881387;ITGYARISSCOOP;84213100;IT;PT;10;EXW;11;3;;0,6;1;262;;IT02710790060;
INTRA-EX;202510;513881387;PP2069;84213100;IT;PT;10;EXW;11;3;;0,5;1;20;;IT02710790060;
INTRA-EX;202510;513881387;SMT0707-4P-BK;87083091;IT;PT;10;EXW;11;3;;0,5;2;153;;IT02710790060;
INTRA-EX;202510;513881387;CTS-IT-255R-2;87089135;IT;PT;10;EXW;11;3;;8;1;284;;IT02710790060;
INTRA-EX;202510;513881387;SBW0260-6P-BK;87083091;IT;PT;10;EXW;11;3;;0,5;1;76;;IT12072620011;
INTRA-EX;202510;513881387;BKR7EIX;85111000;IT;PT;10;EXW;11;3;;0,1;4;34;;IT03656931205;
INTRA-EX;202510;513881387;U5014;84099100;IT;PT;10;EXW;11;3;;0,3;4;86;;IT03656931205;
INTRA-EX;202510;513881387;CTS-EXH-TP-0016;87089235;IT;PT;10;EXW;11;3;;13;1;712;;IT02710790060;
INTRA-EX;202510;513881387;SVWC064;87089235;IT;PT;10;EXW;11;3;;10,5;1;307;;IT10491230966;
INTRA-EX;202510;513881387;ATINTBMW4;87089997;IT;PT;10;EXW;11;3;;13,3;1;429;;IT02710790060;
INTRA-EX;202510;513881387;STYP009;87089997;IT;PT;10;EXW;11;3;;7,8;1;211;;IT02710790060;
INTRA-EX;202510;513881387;EVE-EMV6-CF-INT;1;IT;PT;10;EXW;11;3;;3,3;1;963;;IT08839490011;
INTRA-EX;202510;513881387;MS100198;40091100;IT;PT;10;EXW;11;3;;5,2;1;707;;IT03656931205;
INTRA-EX;202510;513881387;VWR12G7R600FO;84213100;IT;PT;10;EXW;11;3;;0,5;1;86;;IT03002640732;
INTRA-EX;202510;513881387;VWR12G7R600ITGREY;87089997;IT;PT;10;EXW;11;3;;0,9;1;76;;IT03002640732;
INTRA-EX;202510;513881387;VWR1200R601E;84213100;IT;PT;10;EXW;11;3;;4,9;1;338;;IT03002640732;
INTRA-EX;202510;513881387;VWR17G7R600;40091100;IT;PT;10;EXW;11;3;;0,2;1;38;;IT03002640732;
INTRA-EX;202510;513881387;BWR25XZ;87088055;IT;PT;10;EXW;11;3;;5;1;176;;IT14481871003;
INTRA-EX;202510;513881387;BWF22Z;87088055;IT;PT;10;EXW;11;3;;6,7;1;176;;IT14481871003;
INTRA-EX;202510;513881387;E10-85-008-02-22;73202081;IT;PT;10;EXW;11;3;;8,2;1;115;;IT14481871003;
INTRA-EX;202510;513881387;VWR3130RS;87088035;ES;PT;10;EXW;11;3;;9,2;1;161;;ESB76260033;
INTRA-EX;202510;513881387;VWR120010;40091100;ES;PT;10;EXW;11;3;;1,4;1;178;;ESB76260033;
INTRA-EX;202510;513881387;ATINTVAG45;87089135;ES;PT;10;EXW;11;3;;18,5;1;574;;ESB76260033;
INTRA-EX;202510;513881387;MMRAD-GLF-99;87089135;ES;PT;10;EXW;11;3;;8;1;196;;ES44719365M;
INTRA-EX;202510;513881387;MS100208;85111000;ES;PT;10;EXW;11;3;;0,3;1;24;;ES44719365M;
INTRA-EX;202510;513881387;CTS-TR-1000;87089997;ES;PT;10;EXW;11;3;;10;1;599;;ESB70550694;
INTRA-EX;202510;513881387;SRNC022;87089235;ES;PT;10;EXW;11;3;;3,2;1;142;;ESB70550694;
INTRA-EX;202510;513881387;AC-45-DP;87089235;ES;PT;10;EXW;11;3;;9,2;2;407;;ESB70550694;
INTRA-EX;202510;513881387;VWR900001;85111000;ES;PT;10;EXW;11;3;;0,3;12;367;;ESB70550694;
INTRA-EX;202510;513881387;SHYP107;87089997;ES;PT;10;EXW;11;3;;3,7;1;114;;ESB70550694;
INTRA-EX;202510;513881387;PK438;84213100;ES;PT;10;EXW;11;3;;3,8;1;211;;ESB70550694;
INTRA-EX;202510;513881387;SHYC105;87089235;ES;PT;10;EXW;11;3;;2,5;1;157;;ESB70550694;
INTRA-EX;202510;513881387;VWR1200R600E;84213100;ES;PT;10;EXW;11;3;;4,9;1;309;;ESB70550694;
INTRA-EX;202510;513881387;VWR160001;87089997;ES;PT;10;EXW;11;3;;0,4;1;86;;ESB70550694;
INTRA-EX;202510;513881387;VWR12G7R600ITINLET;87089997;ES;PT;10;EXW;11;3;;0,4;1;100;;ESB70550694;
INTRA-EX;202510;513881387;AC-F56-DP;87089235;ES;PT;10;EXW;11;3;;4,5;1;115;;ESB70550694;
INTRA-EX;202510;513881387;R7438-9;85111000;ES;PT;10;EXW;11;3;;0,1;10;345;;ESB70550694;
INTRA-EX;202510;513881387;AC-N55-DPHS;87089235;ES;PT;10;EXW;11;3;;2,5;1;162;;ESB94171030;
INTRA-EX;202510;513881387;SHIP-PICK;;ES;PT;10;EXW;11;3;;0,1;1;0;;ESB94171030;
INTRA-EX;202510;513881387;MMAI-MIN-14WRD;84213100;ES;PT;10;EXW;11;3;;3,7;1;244;;ESB88553946;
INTRA-EX;202510;513881387;ATMSHYU6;87089997;ES;PT;10;EXW;11;3;;0,2;1;60;;ESB88553946;
INTRA-EX;202510;513881387;AC-W205-DPHS;87089997;ES;PT;10;EXW;11;3;;9,3;1;341;;ESB94171030;
INTRA-EX;202510;513881387;SHIP-PICK;;ES;PT;10;EXW;11;3;;0,1;1;0;;ESB94171030;
INTRA-EX;202510;513881387;SBMC098;87089235;ES;PT;10;EXW;11;3;;7,3;1;409;;ESB04855516;
INTRA-EX;202510;513881387;SBMXP098;87089235;ES;PT;10;EXW;11;3;;4,5;1;204;;ESB04855516;
INTRA-EX;202510;513881387;VWR180004;87089997;ES;PT;10;EXW;11;3;;0,1;1;26;;ES50902109G;
INTRA-EX;202510;513881387;VWR120000;84213100;ES;PT;10;EXW;11;3;;1;1;30;;ESB04855516;
INTRA-EX;202510;513881387;MS100192;85111000;ES;PT;10;EXW;11;3;;0,3;10;373;;ESB04855516;
INTRA-EX;202510;513881387;SVWX064;87089235;ES;PT;10;EXW;11;3;;10;1;500;;ES44719365M;
INTRA-EX;202510;513881387;PP1923;84213100;ES;PT;10;EXW;11;3;;0,7;1;55;;ESB19781145;
INTRA-EX;202510;513881387;D650-0002;84099100;ES;PT;10;EXW;11;3;;0,3;6;139;;ESB19781145;
INTRA-EX;202510;513881387;SILZKBR8D8S;85111000;ES;PT;10;EXW;11;3;;0,1;9;88;;ESB19781145;
INTRA-EX;202510;513881387;AC-45-DP;87089235;ES;PT;10;EXW;11;3;;9,2;1;203;;ESB42954230;
INTRA-EX;202510;513881387;MS100208;85111000;ES;PT;10;EXW;11;3;;0,3;24;597;;ESB42954230;
INTRA-EX;202510;513881387;D650-0004;84099100;ES;PT;10;EXW;11;3;;0,3;2;46;;ESB42954230;
INTRA-EX;202510;513881387;VWR900003;85111000;ES;PT;10;EXW;11;3;;0,3;4;122;;ESB42954230;
INTRA-EX;202510;513881387;VWR12P1GTIS38;40091100;ES;PT;10;EXW;11;3;;1,2;1;202;;ESB42954230;
INTRA-EX;202510;513881387;MS100192;85111000;ES;PT;10;EXW;11;3;;0,3;64;2391;;ESB42954230;
INTRA-EX;202510;513881387;VWR31G8GT;87089997;ES;PT;10;EXW;11;3;;8,5;1;161;;ESB01715598;
INTRA-EX;202510;513881387;AC-S55-JP;40091100;ES;PT;10;EXW;11;3;;0,6;1;53;;ES29524079Z;
INTRA-EX;202510;513881387;216CLSDWAOT-R;87089997;ES;PT;10;EXW;11;3;;0,4;1;42;;ES29524079Z;
INTRA-EX;202510;513881387;AC-BM-ODP;87089997;ES;PT;10;EXW;11;3;;0,1;1;8;;ES29524079Z;
INTRA-EX;202510;513881387;SILFER8C7ES;85111000;ES;PT;10;EXW;11;3;;0,1;8;84;;ES50902109G;
INTRA-EX;202510;513881387;VWR900001;85111000;ES;PT;10;EXW;11;3;;0,3;4;122;;ES50902109G;
INTRA-EX;202510;513881387;VWR501001;87089997;ES;PT;10;EXW;11;3;;3,2;1;274;;ES50902109G;
INTRA-EX;202510;513881387;FMDVRMA-BLA;87089997;ES;PT;10;EXW;11;3;;0,9;1;132;;ESE24731622;
INTRA-EX;202510;513881387;AC-MK7R-DP;87089235;ES;PT;10;EXW;11;3;;11,6;1;185;;ES30691129K;
INTRA-EX;202510;513881387;MMFS-350Z-03;84149000;ES;PT;10;EXW;11;3;;5,8;1;162;;ESB66283003;
INTRA-EX;202510;513881387;KCA472;87088035;ES;PT;10;EXW;11;3;;2;1;160;;ES43179343V;
INTRA-EX;202510;513881387;BKR7EIX;85111000;ES;PT;10;EXW;11;3;;0,1;4;34;;ES43179343V;
INTRA-EX;202510;513881387;SILFER8C7ES;85111000;ES;PT;10;EXW;11;3;;0,1;4;42;;ES43179343V;
INTRA-EX;202510;513881387;MMHOSE-370Z-09AIRD;40091100;ES;PT;10;EXW;11;3;;1,7;1;83;;ES43179343V;
INTRA-EX;202510;513881387;BNF41Z;87088055;ES;PT;10;EXW;11;3;;6,9;1;143;;ES43179343V;
INTRA-EX;202510;513881387;BNR37Z;87088055;ES;PT;10;EXW;11;3;;5,3;1;136;;ES43179343V;
INTRA-EX;202510;513881387;SMNX018;87089235;ES;PT;10;EXW;11;3;;5,6;1;584;;ESF21716261;
INTRA-EX;202510;513881387;VWR121000;84213100;ES;PT;10;EXW;11;3;;2;1;247;;ES33558767L;
INTRA-EX;202510;513881387;FMMK7INDH-BLA;40093100;ES;PT;10;EXW;11;3;;0,8;1;60;;ES33558767L;
INTRA-EX;202510;513881387;D650-0004;84099100;ES;PT;10;EXW;11;3;;0,3;12;278;;ESB42771618;
INTRA-EX;202510;513881387;FMINLH11-BLA;40091100;ES;PT;10;EXW;11;3;;0,6;1;85;;ESB72996382;
INTRA-EX;202510;513881387;FMDV008-BLA;84814090;ES;PT;10;EXW;11;3;;0,5;1;119;;ESB72996382;
INTRA-EX;202510;513881387;SVWCS045;87089235;ES;PT;10;EXW;11;3;;9,2;1;267;;ESB19296938;
INTRA-EX;202510;513881387;SBW0261-4P-EB;87083091;ES;PT;10;EXW;11;3;;0,5;1;83;;QV999999999999;
INTRA-EX;202510;513881387;FMINLH11-RED;40091100;ES;PT;10;EXW;11;3;;0,6;1;116;;ES43057984y;
INTRA-EX;202510;513881387;D650-0010-6;84099100;ES;PT;10;EXW;11;3;;2,4;1;185;;QV999999999999;
INTRA-EX;202510;513881387;SILZKGR8C8S-6;85111000;ES;PT;10;EXW;11;3;;0,4;1;107;;QV999999999999;
INTRA-EX;202510;513881387;VWR90000-4;84099100;ES;PT;10;EXW;11;3;;1,8;1;173;;QV999999999999;
INTRA-EX;202510;513881387;R7437-9-4;87089997;ES;PT;10;EXW;11;3;;0,3;1;169;;QV999999999999;
INTRA-EX;202510;513881387;PX1999;84213100;ES;PT;10;EXW;11;3;;0,8;1;50;;QV999999999999;
INTRA-EX;202510;513881387;ATMSHYU3;87089997;ES;PT;10;EXW;11;3;;1,6;1;253;;QV999999999999;
INTRA-EX;202510;513881387;STY0015-4P-BK;87083091;ES;PT;10;EXW;11;3;;0,5;1;78;;QV999999999999;
INTRA-EX;202510;513881387;ES-311366;87089997;ES;PT;10;EXW;11;3;;1,3;1;68;;QV999999999999;
INTRA-EX;202510;513881387;ES-315086;87089997;ES;PT;10;EXW;11;3;;1,1;1;53;;QV999999999999;
INTRA-EX;202510;513881387;SFT0658-6P-BK;87083091;ES;PT;10;EXW;11;3;;0,7;1;116;;ES43057984y;
INTRA-EX;202510;513881387;FM225AH-BLA;40093100;ES;PT;10;EXW;11;3;;0,3;1;45;;QV999999999999;
INTRA-EX;202510;513881387;S90-2-10-004-B-BT;87087050;ES;PT;10;EXW;11;3;;1,8;2;207;;QV999999999999;
INTRA-EX;202510;513881387;UR-TW2-1362;87088055;ES;PT;10;EXW;11;3;;3;1;135;;QV999999999999;
INTRA-EX;202510;513881387;SKH36-S3B00;84099100;ES;PT;10;EXW;11;3;;8,3;1;146;;QV999999999999;
INTRA-EX;202510;513881387;ARMAGOLF6R-A;84213100;FR;PT;10;EXW;11;3;;5,2;1;549;;FR43935269613;
INTRA-EX;202510;513881387;FMOC10;87089135;FR;PT;10;EXW;11;3;;3,4;1;492;;FR43935269613;
INTRA-EX;202510;513881387;IKR9J8;85111000;FR;PT;10;EXW;11;3;;0,4;4;38;;FR43935269613;
INTRA-EX;202510;513881387;CTS-IGN-008;84099100;FR;PT;10;EXW;11;3;;0,3;8;239;;FR35504243288;
INTRA-EX;202510;513881387;PP1923;84213100;FR;PT;10;EXW;11;3;;0,7;1;55;;FR35504243288;
INTRA-EX;202510;513881387;X11127570292ALBK;87089997;FR;PT;10;EXW;11;3;;7,5;1;129;;FR35504243288;
INTRA-EX;202510;513881387;EVE-G29Z4-B48-INT;10;FR;PT;10;EXW;11;3;;4,3;1;999;;FR26750353237;
INTRA-EX;202510;513881387;AC-B58-DPHS;87089235;FR;PT;10;EXW;11;3;;3,8;1;173;;FR35504243288;
INTRA-EX;202510;513881387;CTS-IGN-009;84099100;FR;PT;10;EXW;11;3;;0,3;6;155;;FR35504243288;
INTRA-EX;202510;513881387;SILZKGR8B8S;85111000;FR;PT;10;EXW;11;3;;0,1;6;50;;FR35504243288;
INTRA-EX;202510;513881387;6B1584H-STD;40091100;FR;PT;10;EXW;11;3;;0,4;2;214;;FR35504243288;
INTRA-EX;202510;513881387;SILZKBR8D8S;85111000;FR;PT;10;EXW;11;3;;0,1;18;176;;FR35504243288;
INTRA-EX;202510;513881387;AC-200-PCVD;87089997;FR;PT;10;EXW;11;3;;0,5;1;32;;FR94827543661;
INTRA-EX;202510;513881387;AC-B58.2-DPHS;87089235;FR;PT;10;EXW;11;3;;4,4;1;277;;FR47498206788;
INTRA-EX;202510;513881387;BWR21XZ;87089997;FR;PT;10;EXW;11;3;;5,4;1;205;;QV999999999999;
INTRA-EX;202510;513881387;CTS-IT-270R;84213100;FR;PT;10;EXW;11;3;;4,3;1;279;;QV999999999999;
INTRA-EX;202510;513881387;E10-15-004-03-22;73202081;FR;PT;10;EXW;11;3;;10,2;1;161;;QV999999999999;
INTRA-EX;202510;513881387;MMIG-VW-0604;85111000;FR;PT;10;EXW;11;3;;1,5;1;106;;QV999999999999;
INTRA-EX;202510;513881387;AC-27-CB;87089235;FR;PT;10;EXW;11;3;;21,2;1;352;;QV999999999999;
INTRA-EX;202510;513881387;7-402;87089997;FR;PT;10;EXW;11;3;;0,9;1;147;;QV999999999999;
INTRA-EX;202510;513881387;MMLG-15-20LSL;87141030;FR;PT;10;EXW;11;3;;0,8;1;72;;QV999999999999;
INTRA-EX;202510;513881387;AC-200-DP;87089235;FR;PT;10;EXW;11;3;;10;1;194;;QV999999999999;
INTRA-EX;202510;513881387;50003-M45-XL-4;84213100;FR;PT;10;EXW;11;3;;0,3;1;81;;QV999999999999;
INTRA-EX;202510;513881387;FMMK7INDH-BLU;40093100;FR;PT;10;EXW;11;3;;0,8;1;67;;QV999999999999;
INTRA-EX;202510;513881387;CTS-IT-277;87089235;FR;PT;10;EXW;11;3;;1,7;1;190;;QV999999999999;
INTRA-EX;202510;513881387;06K103213A;40091100;FR;PT;10;EXW;11;3;;0,1;1;16;;QV999999999999;
INTRA-EX;202510;513881387;FMTIA11-PERFBLUE;87089997;FR;PT;10;EXW;11;3;;2,1;1;212;;QV999999999999;
INTRA-EX;202510;513881387;50003-M45-XL-4;84213100;FR;PT;10;EXW;11;3;;0,3;1;81;;QV999999999999;
INTRA-EX;202510;513881387;UR-TW-4261;87088055;CY;PT;10;EXW;11;3;;3;1;115;;CY00781748Y;
INTRA-EX;202510;513881387;UR-RE2-4262;87088055;CY;PT;10;EXW;11;3;;2,1;1;67;;CY00781748Y;
INTRA-EX;202510;513881387;U5400-4;85111000;CY;PT;10;EXW;11;3;;1,5;1;172;;QV999999999999;
INTRA-EX;202510;513881387;SILZKGR8B8S-6;85111000;CY;PT;10;EXW;11;3;;0,4;1;60;;QV999999999999;
INTRA-EX;202510;513881387;ILZKAR8H8S-4;85111000;CY;PT;10;EXW;11;3;;0,3;2;147;;QV999999999999;
INTRA-EX;202510;513881387;PK419;84213100;CY;PT;10;EXW;11;3;;3,5;1;249;;CY10275582c;
INTRA-EX;202510;513881387;CTS-IT-220R;84213100;LT;PT;10;EXW;11;3;;4,5;1;278;;QV999999999999;
INTRA-EX;202510;513881387;ATMSBMW7;87089997;LT;PT;10;EXW;11;3;;2,5;1;298;;LT100013373614;
INTRA-EX;202510;513881387;9-655-1025;84133080;HU;PT;10;EXW;11;3;;0,8;1;129;;HU25464285;
INTRA-EX;202510;513881387;9-201-1019;87089997;HU;PT;10;EXW;11;3;;0,5;1;70;;HU25464285;
INTRA-EX;202510;513881387;8E0971824S-RD;84099100;HU;PT;10;EXW;11;3;;0,2;3;23;;HU25464285;
INTRA-EX;202510;513881387;BHR84Z;87088055;HU;PT;10;EXW;11;3;;6,9;1;195;;QV999999999999;
INTRA-EX;202510;513881387;SVA1350-4P-BK;87083091;HU;PT;10;EXW;11;3;;0,5;1;89;;QV999999999999;
INTRA-EX;202510;513881387;VWR190007;87141030;DE;PT;10;EXW;11;3;;0,3;1;25;;QV999999999999;
INTRA-EX;202510;513881387;FMRMBHT-BLU;40091100;PL;PT;10;EXW;11;3;;0,3;1;49;;QV999999999999;
INTRA-EX;202510;513881387;4B1609H-STD;40091100;GR;PT;10;EXW;11;3;;0,5;1;35;;GREL802913609;
INTRA-EX;202510;513881387;AC-B58-DPHS;87089235;GR;PT;10;EXW;11;3;;3,8;1;173;;GREL802913609;
INTRA-EX;202510;513881387;9-654-1025;84133080;GR;PT;10;EXW;11;3;;0,8;1;129;;GREL802913609;
INTRA-EX;202510;513881387;ATINTVAG14;87089199;GR;PT;10;EXW;11;3;;15,7;1;473;;GREL802913609;
INTRA-EX;202510;513881387;ARAB65CRS200;84213100;GR;PT;10;EXW;11;3;;2,4;1;170;;GREL802913609;
INTRA-EX;202510;513881387;SRNS028;87089235;GR;PT;10;EXW;11;3;;20,8;1;502;;GREL802913609;
INTRA-EX;202510;513881387;TS-0203-1057;87089997;GR;PT;10;EXW;11;3;;0,4;1;159;;GREL802913609;
INTRA-EX;202510;513881387;AC-G8x-UDT;87089997;GR;PT;10;EXW;11;3;;4,7;1;174;;QV999999999999;
INTRA-EX;202510;513881387;PSH55;87088035;GR;PT;10;EXW;11;3;;3,5;1;116;;GREL163940830;
INTRA-EX;202510;513881387;PH/INDYGR1;40093100;GR;PT;10;EXW;11;3;;1,1;1;143;;GREL801563540;
INTRA-EX;202510;513881387;50003-MR45XLZ-4;87089997;GR;PT;10;EXW;11;3;;0,3;1;127;;QV999999999999;
INTRA-EX;202510;513881387;CTS-EXH-TP-0016;87089235;BE;PT;10;EXW;11;3;;13;1;712;;BE0667689206;
INTRA-EX;202510;513881387;CTS-IT-105R;84213100;BE;PT;10;EXW;11;3;;4,6;1;224;;BE0670639687;
INTRA-EX;202510;513881387;03K906051;90269000;BE;PT;10;EXW;11;3;;0,1;1;19;;QV999999999999;
INTRA-EX;202510;513881387;VWR31G5GT;87088035;BE;PT;10;EXW;11;3;;11;1;246;;QV999999999999;
INTRA-EX;202510;513881387;BKR8EIX-4;85111000;BE;PT;10;EXW;11;3;;0,3;1;42;;QV999999999999;
INTRA-EX;202510;513881387;MMODP-1415B;87089997;BE;PT;10;EXW;11;3;;0,1;1;15;;QV999999999999;
INTRA-EX;202510;513881387;HP-180;87089235;BE;PT;10;EXW;11;3;;0,8;1;155;;QV999999999999;
INTRA-EX;202510;513881387;CTS-IGN-008;84099100;NL;PT;10;EXW;11;3;;0,3;6;179;;NL866860666B01;
INTRA-EX;202510;513881387;WB-288;84213100;NL;PT;10;EXW;11;3;;0,4;1;75;;NL866860666B01;
INTRA-EX;202510;513881387;U5014;84099100;NL;PT;10;EXW;11;3;;0,3;4;86;;NL866860666B01;
INTRA-EX;202510;513881387;MS100247;85111000;NL;PT;10;EXW;11;3;;0,4;4;149;;NL866860666B01;
INTRA-EX;202510;513881387;CTS-IGN-008;84099100;NL;PT;10;EXW;11;3;;0,3;4;119;;NL866860666B01;
INTRA-EX;202510;513881387;VWR1210R600EG;84213100;NL;PT;10;EXW;11;3;;5,2;1;458;;NL866996473B01;
INTRA-EX;202510;513881387;VWR120001;87089997;NL;PT;10;EXW;11;3;;0,1;2;9;;NL866996473B01;
INTRA-EX;202510;513881387;VWR31G70RW;87088035;NL;PT;10;EXW;11;3;;9,1;1;161;;NL866996473B01;
INTRA-EX;202510;513881387;VWR900002;85111000;NL;PT;10;EXW;11;3;;0,3;4;122;;NL866996473B01;
INTRA-EX;202510;513881387;VWR90000;85111000;NL;PT;10;EXW;11;3;;0,3;4;122;;NL866996473B01;
INTRA-EX;202510;513881387;VWR17G7R600;40091100;NL;PT;10;EXW;11;3;;0,2;3;114;;NL866996473B01;
INTRA-EX;202510;513881387;VWR12G7R600ITINLET;87089997;NL;PT;10;EXW;11;3;;0,4;2;200;;NL866996473B01;
INTRA-EX;202510;513881387;VWR12G7R600ITBLA;84213100;NL;PT;10;EXW;11;3;;0,8;1;76;;NL866996473B01;
INTRA-EX;202510;513881387;VWR160001;87089997;NL;PT;10;EXW;11;3;;0,4;2;171;;NL866996473B01;
INTRA-EX;202510;513881387;R7437-8;85111000;NL;PT;10;EXW;11;3;;0,1;4;136;;NL866996473B01;
INTRA-EX;202510;513881387;EVE-FLC;87084099;NL;PT;10;EXW;11;3;;0,6;1;21;;NL866996473B01;
INTRA-EX;202510;513881387;VWR810000;87089997;NL;PT;10;EXW;11;3;;0,2;3;51;;NL866996473B01;
INTRA-EX;202510;513881387;CTS-IGN-009;84099100;NL;PT;10;EXW;11;3;;0,3;8;206;;NL866996473B01;
INTRA-EX;202510;513881387;MS100210;85111000;NL;PT;10;EXW;11;3;;0,3;4;99;;NL866860666B01;
INTRA-EX;202510;513881387;R7437-9;85111000;NL;PT;10;EXW;11;3;;0,1;4;145;;NL866860666B01;
INTRA-EX;202510;513881387;U5014;84099100;NL;PT;10;EXW;11;3;;0,3;4;86;;NL866860666B01;
INTRA-EX;202510;513881387;SILZKGR8C8S-6;85111000;NL;PT;10;EXW;11;3;;0,4;1;107;;QV999999999999;
INTRA-EX;202510;513881387;MS100192;85111000;IT;PT;10;EXW;11;3;;0,3;4;149;;IT04146110160;
INTRA-EX;202510;513881387;MMFS-350Z-03;84149000;IT;PT;10;EXW;11;3;;5,8;1;162;;IT02710790060;
INTRA-EX;202510;513881387;CI100038-A;84213100;ES;PT;10;EXW;11;3;;2,6;1;494;;ES45781591E;
INTRA-EX;202510;513881387;CI100038-B;40091100;ES;PT;10;EXW;11;3;;1,6;1;305;;ES45781591E;
INTRA-EX;202510;513881387;AC-S55-DPHS;87089235;ES;PT;10;EXW;11;3;;5,2;1;260;;ESB94171030;
INTRA-EX;202510;513881387;17U-01-0550-4;87089997;ES;PT;10;EXW;11;3;;0,3;1;246;;ES44719365M;
INTRA-EX;202510;513881387;AC-6LD-IC;87089199;ES;PT;10;EXW;11;3;;12;1;317;;ES44719365M;
INTRA-EX;202510;513881387;SFDP089;87089997;ES;PT;10;EXW;11;3;;8,2;1;168;;ESB42954230;
INTRA-EX;202510;513881387;VWR13G700;84099100;ES;PT;10;EXW;11;3;;3;2;936;;ESB42954230;
INTRA-EX;202510;513881387;SFDC082;87089235;ES;PT;10;EXW;11;3;;5,6;1;161;;ESB42954230;
INTRA-EX;202510;513881387;MMRAD-WRX-01X;87089135;ES;PT;10;EXW;11;3;;7,2;1;268;;ESB42954230;
INTRA-EX;202510;513881387;CI100039;40091100;ES;PT;10;EXW;11;3;;2;1;200;;ESB42954230;
INTRA-EX;202510;513881387;VWR11G501;84213100;ES;PT;10;EXW;11;3;;0,3;1;47;;ESB42954230;
INTRA-EX;202510;513881387;VWR12G7R601FO;84213100;ES;PT;10;EXW;11;3;;0,9;3;337;;ESB42954230;
INTRA-EX;202510;513881387;VWR1200R600E;84213100;ES;PT;10;EXW;11;3;;4,9;1;309;;ESB42954230;
INTRA-EX;202510;513881387;VWR90000;85111000;ES;PT;10;EXW;11;3;;0,3;4;122;;ESB42954230;
INTRA-EX;202510;513881387;VWR1200R601E;84213100;ES;PT;10;EXW;11;3;;4,9;1;338;;ES44719365M;
INTRA-EX;202510;513881387;EVE-GR4-CF-INT;84213100;ES;PT;10;EXW;11;3;;4,9;1;975;;ES16610275C;
INTRA-EX;202510;513881387;E-TY/SS/4;87089235;ES;PT;10;EXW;11;3;;8,7;1;407;;ES16610275C;
INTRA-EX;202510;513881387;STY0014-4P-BK;87083091;ES;PT;10;EXW;11;3;;0,5;1;63;;ES16610275C;
INTRA-EX;202510;513881387;9-350;87089997;ES;PT;10;EXW;11;3;;1,2;2;284;;ESB72996382;
INTRA-EX;202510;513881387;CTS-IT-255R-2;87089135;ES;PT;10;EXW;11;3;;8;1;284;;ESB94171030;
INTRA-EX;202510;513881387;AC-MK7-MD;87089997;ES;PT;10;EXW;11;3;;0,4;1;43;;ESB36049757;
INTRA-EX;202510;513881387;PP1624;84213100;ES;PT;10;EXW;11;3;;0,5;2;41;;ESB36049757;
INTRA-EX;202510;513881387;AC-200-IT;84198998;ES;PT;10;EXW;11;3;;5;1;125;;ESB36049757;
INTRA-EX;202510;513881387;AC-200-HS;87089997;ES;PT;10;EXW;11;3;;0,5;2;30;;ESB36049757;
INTRA-EX;202510;513881387;AC-180-CPA;87089997;ES;PT;10;EXW;11;3;;0,5;2;59;;ESB36049757;
INTRA-EX;202510;513881387;VWR31G7GT;87088035;ES;PT;10;EXW;11;3;;8,5;1;161;;ESB36049757;
INTRA-EX;202510;513881387;AC-200-PCVD;87089997;ES;PT;10;EXW;11;3;;0,5;2;65;;ESB36049757;
INTRA-EX;202510;513881387;AC-UNI-WD;87089997;ES;PT;10;EXW;11;3;;0,2;2;15;;ESB36049757;
INTRA-EX;202510;513881387;AC-MK7-INLET;40091100;ES;PT;10;EXW;11;3;;0,3;2;91;;ESB36049757;
INTRA-EX;202510;513881387;8E0971824S-RD;84099100;ES;PT;10;EXW;11;3;;0,2;4;30;;ESB36049757;
INTRA-EX;202510;513881387;U5055;85111000;ES;PT;10;EXW;11;3;;0,3;6;111;;ESB42771618;
INTRA-EX;202510;513881387;9-654-1025;84133080;ES;PT;10;EXW;11;3;;0,8;1;129;;ESB42771618;
INTRA-EX;202510;513881387;D650-0003;84099100;ES;PT;10;EXW;11;3;;0,3;2;46;;ESB42771618;
INTRA-EX;202510;513881387;MMHOSE-SUB-INTRD;40093100;ES;PT;10;EXW;11;3;;1,3;1;89;;ES72815006L;
INTRA-EX;202510;513881387;AC-180-EXM;84198998;ES;PT;10;EXW;11;3;;5;1;203;;ES44719365M;
INTRA-EX;202510;513881387;AC-G8X-DPHS;87089997;ES;PT;10;EXW;11;3;;6,2;1;329;;ES53397639B;
INTRA-EX;202510;513881387;SBMMP099;87089235;ES;PT;10;EXW;11;3;;17,3;1;550;;ES53397639B;
INTRA-EX;202510;513881387;SBM098B;87089997;ES;PT;10;EXW;11;3;;2;1;58;;ES53397639B;
INTRA-EX;202510;513881387;D760-0063;84099100;ES;PT;10;EXW;11;3;;6,3;1;1330;;ES53397639B;
INTRA-EX;202510;513881387;ATMSMINI7;87089997;ES;PT;10;EXW;11;3;;2;1;233;;QV999999999999;
INTRA-EX;202510;513881387;CTS-EXH-TP-0007;87089235;ES;PT;10;EXW;11;3;;3;1;149;;ESB01796796;
INTRA-EX;202510;513881387;R7437-8-4;84099100;ES;PT;10;EXW;11;3;;0,3;1;165;;ESB01796796;
INTRA-EX;202510;513881387;BKR8EIX-4;85111000;ES;PT;10;EXW;11;3;;0,3;1;42;;QV999999999999;
INTRA-EX;202510;513881387;ATMSMINI7;87089997;ES;PT;10;EXW;11;3;;2;1;233;;QV999999999999;
INTRA-EX;202510;513881387;STY0015-4P-RD;87083091;ES;PT;10;EXW;11;3;;0,5;1;78;;QV999999999999;
INTRA-EX;202510;513881387;U3P3A8JX;87089997;ES;PT;10;EXW;11;3;;0,5;1;320;;QV999999999999;
INTRA-EX;202510;513881387;VWR190006;87089997;ES;PT;10;EXW;11;3;;0,2;1;97;;QV999999999999;
INTRA-EX;202510;513881387;FMKTMK7-BLA;40091100;ES;PT;10;EXW;11;3;;1,4;1;210;;QV999999999999;
INTRA-EX;202510;513881387;CTS-IGN-008;84099100;ES;PT;10;EXW;11;3;;0,3;6;208;;QV999999999999;
INTRA-EX;202510;513881387;FMHFIP1;87089235;ES;PT;10;EXW;11;3;;3;1;236;;QV999999999999;
INTRA-EX;202510;513881387;PFR8S8EG-6;87089997;ES;PT;10;EXW;11;3;;0,4;1;67;;QV999999999999;
INTRA-EX;202510;513881387;SILZKBR8D8S-6;84099100;ES;PT;10;EXW;11;3;;0,4;1;67;;QV999999999999;
INTRA-EX;202510;513881387;UR-TW2-1189;87088055;ES;PT;10;EXW;11;3;;3,4;1;139;;QV999999999999;
INTRA-EX;202510;513881387;MS100192-4;84099100;ES;PT;10;EXW;11;3;;1,7;1;181;;QV999999999999;
INTRA-EX;202510;513881387;R7437-9-4;87089997;ES;PT;10;EXW;11;3;;0,3;1;169;;QV999999999999;
INTRA-EX;202510;513881387;SILFER8C7ES-8;85111000;ES;PT;10;EXW;11;3;;0,5;2;194;;QV999999999999;
INTRA-EX;202510;513881387;SKHK8-S3B00;73209090;ES;PT;10;EXW;11;3;;12,5;1;219;;ES34875713p;
INTRA-EX;202510;513881387;MS100192-4;84099100;ES;PT;10;EXW;11;3;;1,7;1;183;;ESB72435332;
INTRA-EX;202510;513881387;AC-200-IT;84198998;ES;PT;10;EXW;11;3;;5;1;187;;ES77482422E;
INTRA-EX;202510;513881387;FMDV004-POL;84814090;ES;PT;10;EXW;11;3;;0,4;1;106;;ESB56647142;
INTRA-EX;202510;513881387;SAU0431-4P-BK;87083091;ES;PT;10;EXW;11;3;;0,5;1;78;;QV999999999999;
INTRA-EX;202510;513881387;Z-361074;87089997;ES;PT;10;EXW;11;3;;1,6;1;167;;QV999999999999;
INTRA-EX;202510;513881387;GTHSB-5;87089997;ES;PT;10;EXW;11;3;;0,1;1;20;;QV999999999999;
INTRA-EX;202510;513881387;CTS-EXH-TP-0008;87089235;ES;PT;10;EXW;11;3;;4;1;133;;QV999999999999;
INTRA-EX;202510;513881387;AC-S55-DP;87089235;ES;PT;10;EXW;11;3;;5,2;1;275;;QV999999999999;
INTRA-EX;202510;513881387;9-421-1024;84133080;ES;PT;10;EXW;11;3;;0,5;1;155;;QV999999999999;
INTRA-EX;202510;513881387;FMMD1;87089997;ES;PT;10;EXW;11;3;;0,7;1;105;;QV999999999999;
INTRA-EX;202510;513881387;AC-MK8R-DP;87089235;ES;PT;10;EXW;11;3;;10,2;1;307;;ESF21229786;
INTRA-EX;202510;513881387;MS100192-4;84099100;ES;PT;10;EXW;11;3;;1,7;1;181;;QV999999999999;
INTRA-EX;202510;513881387;06K103495AC;87089997;ES;PT;10;EXW;11;3;;0,6;1;31;;QV999999999999;
INTRA-EX;202510;513881387;BKR8EIX-4;85111000;ES;PT;10;EXW;11;3;;0,3;1;42;;QV999999999999;
INTRA-EX;202510;513881387;06K103495AC;87089997;ES;PT;10;EXW;11;3;;0,6;1;31;;QV999999999999;
INTRA-EX;202510;513881387;SVW0621-4P-BK;87083091;ES;PT;10;EXW;11;3;;0,5;1;78;;QV999999999999;
INTRA-EX;202510;513881387;DILKAR8R9HS-4;85111000;ES;PT;10;EXW;11;3;;0,3;1;62;;QV999999999999;
INTRA-EX;202510;513881387;DILKAR8R9HS-4;85111000;ES;PT;10;EXW;11;3;;0,3;1;62;;QV999999999999;
INTRA-EX;202510;513881387;06K103495AC;87089997;ES;PT;10;EXW;11;3;;0,6;1;31;;QV999999999999;
INTRA-EX;202510;513881387;TTE340-UP;84099100;ES;PT;10;EXW;11;3;;9,3;1;913;;ES52405596G;
INTRA-EX;202510;513881387;9-355-1025;84133080;ES;PT;10;EXW;11;3;;0,8;1;205;;QV999999999999;
INTRA-EX;202510;513881387;06E898001-4;85111000;ES;PT;10;EXW;11;3;;1,5;1;101;;QV999999999999;
INTRA-EX;202510;513881387;PX1974;84213100;ES;PT;10;EXW;11;3;;2,5;1;212;;QV999999999999;
INTRA-EX;202510;513881387;ATMSBMW24;87089997;ES;PT;10;EXW;11;3;;0,5;1;150;;QV999999999999;
INTRA-EX;202510;513881387;ATINTFO55;87089997;ES;PT;10;EXW;11;3;;10,5;1;561;;ES53284853V;
INTRA-EX;202510;513881387;DILKAR8R9HS-4;85111000;ES;PT;10;EXW;11;3;;0,3;1;62;;QV999999999999;
INTRA-EX;202510;513881387;CTS-IGN-008;84099100;FR;PT;10;EXW;11;3;;0,3;6;179;;FR35504243288;
INTRA-EX;202510;513881387;EVE-G8XMV2-CF-INT;84213100;FR;PT;10;EXW;11;3;;7,7;1;1987;;FR95817660202;
INTRA-EX;202510;513881387;FMINLH11-BLA;40091100;FR;PT;10;EXW;11;3;;0,6;1;85;;FR43935269613;
INTRA-EX;202510;513881387;M-FI/SS/1H/1;87089235;FR;PT;10;EXW;11;3;;13,9;1;766;;FR43935269613;
INTRA-EX;202510;513881387;P-HF876;87089997;FR;PT;10;EXW;11;3;;2;1;595;;FR43935269613;
INTRA-EX;202510;513881387;TP-CS/1;87089997;FR;PT;10;EXW;11;3;;2,1;1;584;;FR43935269613;
INTRA-EX;202510;513881387;CTS-IGN-007;84099100;FR;PT;10;EXW;11;3;;0,3;4;119;;FR77978902617;
INTRA-EX;202510;513881387;EVE-151-G2-FTR;84213100;FR;PT;10;EXW;11;3;;0,5;1;63;;FR80888340023;
INTRA-EX;202510;513881387;EVE-FLC;87084099;FR;PT;10;EXW;11;3;;0,6;1;21;;FR80888340023;
INTRA-EX;202510;513881387;VWR682000;87089997;FR;PT;10;EXW;11;3;;15,5;1;187;;FR46821372117;
INTRA-EX;202510;513881387;6B1584H-STD;40091100;FR;PT;10;EXW;11;3;;0,4;3;321;;FR43935269613;
INTRA-EX;202510;513881387;EVE-2TFSI-CF-INT;84213100;FR;PT;10;EXW;11;3;;3,1;1;663;;FR31895072130;
INTRA-EX;202510;513881387;EVE-G9X-CFM-INT;84213100;FR;PT;10;EXW;11;3;;5,3;1;1710;;FR81842659005;
INTRA-EX;202510;513881387;CTS-IT-800;84213100;FR;PT;10;EXW;11;3;;4,3;1;277;;FR35504243288;
INTRA-EX;202510;513881387;AC-N54-CC;87089235;FR;PT;10;EXW;11;3;;1,7;1;97;;FR35504243288;
INTRA-EX;202510;513881387;11427953129;84099100;FR;PT;10;EXW;11;3;;0,1;3;15;;FR35504243288;
INTRA-EX;202510;513881387;SBMP087;87089997;FR;PT;10;EXW;11;3;;19;1;725;;FR00498422856;
INTRA-EX;202510;513881387;CTS-IT-300R;84213100;FR;PT;10;EXW;11;3;;4,1;1;273;;QV999999999999;
INTRA-EX;202510;513881387;MMRT-CAWBK;87089997;FR;PT;10;EXW;11;3;;0,8;1;74;;QV999999999999;
INTRA-EX;202510;513881387;IKR9J8-4;87089997;FR;PT;10;EXW;11;3;;0,3;1;45;;QV999999999999;
INTRA-EX;202510;513881387;U5096-4;84099100;FR;PT;10;EXW;11;3;;1,5;1;115;;QV999999999999;
INTRA-EX;202510;513881387;MMEXH-MUS8-15HP;87089235;FR;PT;10;EXW;11;3;;5;1;252;;QV999999999999;
INTRA-EX;202510;513881387;10.127.100K;84132000;FR;PT;10;EXW;11;3;;0,3;1;314;;QV999999999999;
INTRA-EX;202510;513881387;VWR180000;87089997;FR;PT;10;EXW;11;3;;0,1;1;15;;QV999999999999;
INTRA-EX;202510;513881387;MS100192-4;84099100;FR;PT;10;EXW;11;3;;1,7;1;183;;QV999999999999;
INTRA-EX;202510;513881387;Z1003100-4;85111000;FR;PT;10;EXW;11;3;;0,4;1;108;;QV999999999999;
INTRA-EX;202510;513881387;ARMAAD0RS3-A;84213100;FR;PT;10;EXW;11;3;;5,9;1;1485;;FR55524167806;
INTRA-EX;202510;513881387;KTA252;87088035;FR;PT;10;EXW;11;3;;7,5;1;720;;FR83904691896;
INTRA-EX;202510;513881387;KLC202;87088035;FR;PT;10;EXW;11;3;;1;1;164;;FR83904691896;
INTRA-EX;202510;513881387;KLC167A;87088055;FR;PT;10;EXW;11;3;;1,4;1;164;;FR83904691896;
INTRA-EX;202510;513881387;CTS-IT-963;84213100;FR;PT;10;EXW;11;3;;7;1;539;;FR16901974451;
INTRA-EX;202510;513881387;CTS-HW-360;40091100;FR;PT;10;EXW;11;3;;1,4;1;299;;FR16901974451;
INTRA-EX;202510;513881387;SFDS074;87089235;FR;PT;10;EXW;11;3;;18,6;1;663;;FR54892354036;
INTRA-EX;202510;513881387;E10-35-020-02-22;73202081;FR;PT;10;EXW;11;3;;8,5;1;175;;FR54892354036;
INTRA-EX;202510;513881387;MMSTB-FIST-14TB;87088055;FR;PT;10;EXW;11;3;;3,4;1;168;;FR54892354036;
INTRA-EX;202510;513881387;8E0971824S-RD;84099100;FR;PT;10;EXW;11;3;;0,2;1;16;;FR10527861066;
INTRA-EX;202510;513881387;10.127.100K;84132000;FR;PT;10;EXW;11;3;;0,3;1;377;;FR10527861066;
INTRA-EX;202510;513881387;4B1609H-STD;40091100;FR;PT;10;EXW;11;3;;0,5;1;53;;FR10527861066;
INTRA-EX;202510;513881387;238SMOP270-PK;90269000;FR;PT;10;EXW;11;3;;0,4;1;99;;FR10527861066;
INTRA-EX;202510;513881387;238SMBO270-PK;90262020;FR;PT;10;EXW;11;3;;0,4;1;81;;FR10527861066;
INTRA-EX;202510;513881387;CTS-IT-105R;84213100;FR;PT;10;EXW;11;3;;4,6;1;307;;FR10527861066;
INTRA-EX;202510;513881387;CTS-IGN-006;84099100;FR;PT;10;EXW;11;3;;0,3;4;168;;FR10527861066;
INTRA-EX;202510;513881387;VSHA2-C1AA1;87089997;FR;PT;10;EXW;11;3;;31;1;1159;;FR75833253107;
INTRA-EX;202510;513881387;SBMP097;87089997;FR;PT;10;EXW;11;3;;17,4;1;527;;FR56894681972;
INTRA-EX;202510;513881387;5W40;27101999;FR;PT;10;EXW;11;3;;1,9;4;139;;FR56894681972;
INTRA-EX;202510;513881387;RBF660;27101999;FR;PT;10;EXW;11;3;;0,6;3;43;;FR56894681972;
INTRA-EX;202510;513881387;ATINTYGR1;87089997;FR;PT;10;EXW;11;3;;13,2;1;750;;FR78902172287;
INTRA-EX;202510;513881387;SP1350WR;84213100;FR;PT;10;EXW;11;3;;3,3;1;706;;FR61510618945;
INTRA-EX;202510;513881387;1118BLK;87089997;FR;PT;10;EXW;11;3;;0,1;2;69;;FR61510618945;
INTRA-EX;202510;513881387;TS-0203-1025;87089997;FR;PT;10;EXW;11;3;;1,2;1;429;;FR61510618945;
INTRA-EX;202510;513881387;20SB33005X-RD;87089997;FR;PT;10;EXW;11;3;;30;1;1302;;FR08889693925;
INTRA-EX;202510;513881387;CTS-IT-280;87089235;FR;PT;10;EXW;11;3;;1,5;1;203;;FR93900444431;
INTRA-EX;202510;513881387;30-3300;87089997;FR;PT;10;EXW;11;3;;4,9;1;515;;FR93900444431;
INTRA-EX;202510;513881387;883089.000047;84836080;FR;PT;10;EXW;11;3;;15,5;1;1467;;FR70842707275;
INTRA-EX;202510;513881387;034-301-2009;87083099;FR;PT;10;EXW;11;3;;15;1;1077;;FR90910847292;
INTRA-EX;202510;513881387;VWR810002;87089997;FR;PT;10;EXW;11;3;;0,5;1;96;;FR32882576267;
INTRA-EX;202510;513881387;VWR1200R601E;84213100;FR;PT;10;EXW;11;3;;4,9;1;579;;FR32882576267;
INTRA-EX;202510;513881387;VWR120010;40091100;FR;PT;10;EXW;11;3;;1,4;1;306;;FR32882576267;
INTRA-EX;202510;513881387;Z1003101-5;;FR;PT;10;EXW;11;3;;0,1;1;121;;FR05904077666;
INTRA-EX;202510;513881387;AC-200-CP-5;84099100;FR;PT;10;EXW;11;3;;1,3;1;123;;FR05904077666;
INTRA-EX;202510;513881387;SAU0630-4P-RD;87083091;FR;PT;10;EXW;11;3;;0,5;1;93;;FR05904077666;
INTRA-EX;202510;513881387;KLC141;87088055;FR;PT;10;EXW;11;3;;1;1;145;;FR05904077666;
INTRA-EX;202510;513881387;KLC167A;87088055;FR;PT;10;EXW;11;3;;1,4;1;164;;FR05904077666;
INTRA-EX;202510;513881387;5B5562H-STD;40091100;FR;PT;10;EXW;11;3;;0,2;1;88;;FR46519920755;
INTRA-EX;202510;513881387;R-AUD-010-I-5;84099100;FR;PT;10;EXW;11;3;;3,5;1;770;;FR46519920755;
INTRA-EX;202510;513881387;AC-MK7-MD;87089997;FR;PT;10;EXW;11;3;;0,4;1;79;;FR42888238128;
INTRA-EX;202510;513881387;CG85-02-0023;84213100;FR;PT;10;EXW;11;3;;4;1;380;;FR42888238128;
INTRA-EX;202510;513881387;CTS-IT-285;40091100;FR;PT;10;EXW;11;3;;0,3;1;99;;FR42888238128;
INTRA-EX;202510;513881387;SVWC061;87089235;FR;PT;10;EXW;11;3;;9,1;1;453;;FR42888238128;
INTRA-EX;202510;513881387;03H971921;84099100;FR;PT;10;EXW;11;3;;0,1;1;27;;FR62903775724;
INTRA-EX;202510;513881387;883089.000060;84836080;FR;PT;10;EXW;11;3;;15,5;1;1383;;FR62903775724;
INTRA-EX;202510;513881387;AC-200-IC;84198998;FR;PT;10;EXW;11;3;;11,9;1;476;;FR49832293930;
INTRA-EX;202510;513881387;FMMD5;87089235;FR;PT;10;EXW;11;3;;0,6;1;122;;FR49832293930;
INTRA-EX;202510;513881387;CTS-IT-210;40091100;FR;PT;10;EXW;11;3;;1,1;1;206;;FR49832293930;
INTRA-EX;202510;513881387;CTS-IT-600;40091100;FR;PT;10;EXW;11;3;;1,6;1;204;;FR49832293930;
INTRA-EX;202510;513881387;06K103495AC;87089997;FR;PT;10;EXW;11;3;;0,6;1;38;;FR33503105736;
INTRA-EX;202510;513881387;MMTS-GLF-15;90321020;FR;PT;10;EXW;11;3;;0,2;1;60;;FR33503105736;
INTRA-EX;202510;513881387;CTS-TR-1000;87089997;FR;PT;10;EXW;11;3;;10;1;999;;FR33503105736;
INTRA-EX;202510;513881387;PK455;84213100;FR;PT;10;EXW;11;3;;5,2;1;653;;FR93849668132;
INTRA-EX;202510;513881387;ATMSBMW15;84213100;FR;PT;10;EXW;11;3;;3,2;1;436;;FR93849668132;
INTRA-EX;202510;513881387;FMRADRS250;87089135;FR;PT;10;EXW;11;3;;18,7;1;1273;;FR34920191251;
INTRA-EX;202510;513881387;EVE-ST38V8S-CF-ENG;87089997;FR;PT;10;EXW;11;3;;1,3;1;685;;FR96912130895;
INTRA-EX;202510;513881387;CI100042;84213100;FR;PT;10;EXW;11;3;;4,8;1;1457;;FR34897942652;
INTRA-EX;202510;513881387;CTS-EXH-CB-0007.0;87089235;FR;PT;10;EXW;11;3;;23,3;1;863;;FR77978902617;
INTRA-EX;202510;513881387;VWR150003;90269000;FR;PT;10;EXW;11;3;;0,4;1;124;;FR77978902617;
INTRA-EX;202510;513881387;VWR900001-4;84099100;FR;PT;10;EXW;11;3;;1,8;1;209;;FR77978902617;
INTRA-EX;202510;513881387;SFDX082;87089235;FR;PT;10;EXW;11;3;;6,5;1;661;;FR53839757952;
INTRA-EX;202510;513881387;MS100192-4;84099100;FR;PT;10;EXW;11;3;;1,7;1;183;;FR16503169039;
INTRA-EX;202510;513881387;EVE-661-G2-FTR;84213100;FR;PT;10;EXW;11;3;;0,6;1;85;;QV999999999999;
INTRA-EX;202510;513881387;AC-S1-CH-RD;40091100;FR;PT;10;EXW;11;3;;3;1;142;;QV999999999999;
INTRA-EX;202510;513881387;VWR180000;87089997;FR;PT;10;EXW;11;3;;0,1;1;15;;QV999999999999;
INTRA-EX;202510;513881387;CTS-IT-500;40091100;FR;PT;10;EXW;11;3;;1,6;1;149;;QV999999999999;
INTRA-EX;202510;513881387;BKR8EIX-4;85111000;FR;PT;10;EXW;11;3;;0,3;1;43;;QV999999999999;
INTRA-EX;202510;513881387;FMINT16-BLA;84198998;FR;PT;10;EXW;11;3;;9;1;424;;FR91830394102;
INTRA-EX;202510;513881387;AC-211-CFA;87089997;FR;PT;10;EXW;11;3;;0,1;1;24;;QV999999999999;
INTRA-EX;202510;513881387;WHT005185;84133080;FR;PT;10;EXW;11;3;;0,1;1;8;;QV999999999999;
INTRA-EX;202510;513881387;VWR630001;87141030;FR;PT;10;EXW;11;3;;1,9;1;114;;FR86889861761;
INTRA-EX;202510;513881387;CTS-EM-MQB-60D;87089235;FR;PT;10;EXW;11;3;;1,5;1;89;;FR86889861761;
INTRA-EX;202510;513881387;VWR19G701;87089997;FR;PT;10;EXW;11;3;;0,2;1;51;;FR86889861761;
INTRA-EX;202510;513881387;AC-MK7-DPHS;87089235;FR;PT;10;EXW;11;3;;9,2;1;203;;FR86889861761;
INTRA-EX;202510;513881387;AC-MK7-RL;87088055;FR;PT;10;EXW;11;3;;0,5;1;40;;FR86889861761;
INTRA-EX;202510;513881387;VWR180001;84212300;FR;PT;10;EXW;11;3;;0,2;2;76;;FR86889861761;
INTRA-EX;202510;513881387;06K103495AC;87089997;FR;PT;10;EXW;11;3;;0,6;1;17;;FR86889861761;
INTRA-EX;202510;513881387;AC-MK7-DI.A;87089997;FR;PT;10;EXW;11;3;;0,1;1;21;;FR86889861761;
INTRA-EX;202510;513881387;AC-MK7-DI.B;87089997;FR;PT;10;EXW;11;3;;0,1;1;21;;FR86889861761;
INTRA-EX;202510;513881387;SSE0432-4P-RD;87083091;FR;PT;10;EXW;11;3;;0,5;1;76;;FR86889861761;
INTRA-EX;202510;513881387;MMRA-LC;87089235;FR;PT;10;EXW;11;3;;0,2;2;23;;FR86889861761;
INTRA-EX;202510;513881387;VWR140014;87089997;FR;PT;10;EXW;11;3;;0,1;1;18;;FR86889861761;
INTRA-EX;202510;513881387;MMTS-GLF-15;90321020;FR;PT;10;EXW;11;3;;0,2;1;37;;FR86889861761;
INTRA-EX;202510;513881387;AC-VAG-ODP;70102000;FR;PT;10;EXW;11;3;;0,2;5;28;;FR86889861761;
INTRA-EX;202510;513881387;VWR31G7GT;87088035;FR;PT;10;EXW;11;3;;8,5;1;161;;FR86889861761;
INTRA-EX;202510;513881387;VWR810000;87089997;FR;PT;10;EXW;11;3;;0,2;1;17;;FR86889861761;
INTRA-EX;202510;513881387;06K103213A;40091100;FR;PT;10;EXW;11;3;;0,1;1;10;;FR86889861761;
INTRA-EX;202510;513881387;06E898001-4;85111000;FR;PT;10;EXW;11;3;;1,5;1;102;;QV999999999999;
INTRA-EX;202510;513881387;BKR8EIX-4;85111000;FR;PT;10;EXW;11;3;;0,3;2;86;;QV999999999999;
INTRA-EX;202510;513881387;50003-M45-XL-4;84213100;FR;PT;10;EXW;11;3;;0,3;1;81;;QV999999999999;
INTRA-EX;202510;513881387;MMIG-VLSTR-19T04;85111000;FR;PT;10;EXW;11;3;;1,7;1;98;;QV999999999999;
INTRA-EX;202510;513881387;WHT005184;40091100;FR;PT;10;EXW;11;3;;0,1;1;8;;QV999999999999;
INTRA-EX;202510;513881387;Z1003101-6;85111000;FR;PT;10;EXW;11;3;;0,4;1;112;;QV999999999999;
INTRA-EX;202510;513881387;KLC167A;87088055;FR;PT;10;EXW;11;3;;1,4;1;136;;QV999999999999;
INTRA-EX;202510;513881387;VWR180001;84212300;FR;PT;10;EXW;11;3;;0,2;2;102;;QV999999999999;
INTRA-EX;202510;513881387;E10-55-013-03-22;73202081;FR;PT;10;EXW;11;3;;10;1;152;;QV999999999999;
INTRA-EX;202510;513881387;FMWRX301-ALL;84814090;FR;PT;10;EXW;11;3;;0,6;1;164;;QV999999999999;
INTRA-EX;202510;513881387;R7437-9-4;87089997;FR;PT;10;EXW;11;3;;0,3;1;171;;QV999999999999;
INTRA-EX;202510;513881387;VWR900002-4;84099100;FR;PT;10;EXW;11;3;;1,8;1;174;;QV999999999999;
INTRA-EX;202510;513881387;AC-200-CFA-KIT;87089997;FR;PT;10;EXW;11;3;;0,1;1;32;;QV999999999999;
INTRA-EX;202510;513881387;R7437-9-5;85111000;FR;PT;10;EXW;11;3;;0,3;1;213;;QV999999999999;
INTRA-EX;202510;513881387;SVW0707-4P-BK;87083091;FR;PT;10;EXW;11;3;;0,4;1;77;;QV999999999999;
INTRA-EX;202510;513881387;EM100050;84213100;FR;PT;10;EXW;11;3;;0,4;1;228;;QV999999999999;
INTRA-EX;202510;513881387;AC-Z33-EM;87089235;FR;PT;10;EXW;11;3;;8,2;1;284;;QV999999999999;
INTRA-EX;202510;513881387;AC-200-PCVD;87089997;FR;PT;10;EXW;11;3;;0,5;1;48;;QV999999999999;
INTRA-EX;202510;513881387;VWR800001-BLK;87089235;FR;PT;10;EXW;11;3;;0,5;1;47;;QV999999999999;
INTRA-EX;202510;513881387;FMTIA11-BLACK;87089997;FR;PT;10;EXW;11;3;;2,1;1;212;;QV999999999999;
INTRA-EX;202510;513881387;AC-MK7-DP;87089235;FR;PT;10;EXW;11;3;;9,2;1;224;;QV999999999999;
INTRA-EX;202510;513881387;SMNC018;87089235;FR;PT;10;EXW;11;3;;5,6;1;359;;FR77530489756;
INTRA-EX;202510;513881387;SILZKGR8B8S-4;84099100;FR;PT;10;EXW;11;3;;0,3;1;40;;FR77530489756;
INTRA-EX;202510;513881387;SMNP018;87089235;FR;PT;10;EXW;11;3;;7,7;1;203;;FR77530489756;
INTRA-EX;202510;513881387;SFD0121-4P-BK;87083091;FR;PT;10;EXW;11;3;;0,5;1;77;;QV999999999999;
INTRA-EX;202510;513881387;CTS-HW-0090;84099100;FR;PT;10;EXW;11;3;;0,5;1;146;;QV999999999999;
INTRA-EX;202510;513881387;AC-MK45-RU-RD;87088055;FR;PT;10;EXW;11;3;;3;1;74;;QV999999999999;
INTRA-EX;202510;513881387;FMINLH25-BLACK;40091100;FR;PT;10;EXW;11;3;;1;1;70;;QV999999999999;
INTRA-EX;202510;513881387;ARMAADR6C8-A;84213100;FR;PT;10;EXW;11;3;;3;1;795;;FR78952699296;
INTRA-EX;202510;513881387;MMRAD-240-89KA;87089135;FR;PT;10;EXW;11;3;;8,5;1;247;;QV999999999999;
INTRA-EX;202510;513881387;CTS-IGN-008;84099100;FR;PT;10;EXW;11;3;;0,3;1;35;;QV999999999999;
INTRA-EX;202510;513881387;SILZKBR8D8S-6;84099100;FR;PT;10;EXW;11;3;;0,4;1;68;;QV999999999999;
INTRA-EX;202510;513881387;CTS-IT-341;40091100;FR;PT;10;EXW;11;3;;1,4;1;202;;QV999999999999;
INTRA-EX;202510;513881387;BKR7EIX-4;84099100;FR;PT;10;EXW;11;3;;0,3;1;40;;QV999999999999;
INTRA-EX;202510;513881387;06E898001-4;85111000;FR;PT;10;EXW;11;3;;1,5;1;102;;QV999999999999;
INTRA-EX;202510;513881387;PSH52;87088035;LV;PT;10;EXW;11;3;;3,5;1;115;;QV999999999999;
INTRA-EX;202510;513881387;VWR150004;90269000;EE;PT;10;EXW;11;3;;0,4;1;73;;EE101721068;
INTRA-EX;202510;513881387;379-0000SP;87089997;IE;PT;10;EXW;11;3;;0,1;4;104;;QV999999999999;
INTRA-EX;202510;513881387;CI100054;40091100;IE;PT;10;EXW;11;3;;4,3;1;241;;QV999999999999;
INTRA-EX;202510;513881387;IMS-8V8S-ECCB-2;87089997;CZ;PT;10;EXW;11;3;;2;1;759;;CZ05205093;
INTRA-EX;202510;513881387;CTS-HW-0420R-SL;87089997;HU;PT;10;EXW;11;3;;5;1;562;;HU25464285;
INTRA-EX;202510;513881387;MMRAD-BRZ-13;87089135;DE;PT;10;EXW;11;3;;6,4;1;241;;DE359821210;
INTRA-EX;202510;513881387;EVE-F56-LCI-PL-INT;84213100;PL;PT;10;EXW;11;3;;4,8;1;714;;PL8141683531;
INTRA-EX;202510;513881387;CI100072;84213100;PL;PT;10;EXW;11;3;;4,8;1;429;;PL8141683531;
INTRA-EX;202510;513881387;EVE-GR4-CF-INT;84213100;PL;PT;10;EXW;11;3;;4,9;1;975;;PL8141683531;
INTRA-EX;202510;513881387;PP1825;84213100;PL;PT;10;EXW;11;3;;0,7;1;72;;QV999999999999;
INTRA-EX;202510;513881387;AC-UNI-WD;87089997;PL;PT;10;EXW;11;3;;0,2;1;13;;QV999999999999;
INTRA-EX;202510;513881387;D401-0046;84213100;GR;PT;10;EXW;11;3;;0,7;2;57;;GREL802913609;
INTRA-EX;202510;513881387;MMICP-SUP-20BK;87089997;GR;PT;10;EXW;11;3;;2,5;1;198;;GREL802913609;
INTRA-EX;202510;513881387;WB-337;84213100;GR;PT;10;EXW;11;3;;0,4;1;47;;GREL802913609;
INTRA-EX;202510;513881387;MMIG-FOST-1204;85111000;GR;PT;10;EXW;11;3;;2;1;132;;GREL802913609;
INTRA-EX;202510;513881387;MMBCC-CIV-16PBE;10;GR;PT;10;EXW;11;3;;1;1;122;;GREL802913609;
INTRA-EX;202510;513881387;SAU0531-4P-EB;87083091;GR;PT;10;EXW;11;3;;0,5;1;76;;GREL802913609;
INTRA-EX;202510;513881387;10.127.100K;84132000;GR;PT;10;EXW;11;3;;0,3;2;454;;GREL802913609;
INTRA-EX;202510;513881387;MMFS-350Z-03;84149000;GR;PT;10;EXW;11;3;;5,8;1;162;;GREL802913609;
INTRA-EX;202510;513881387;HMP-951;842131000;GR;PT;10;EXW;11;3;;0,4;2;245;;GREL802913609;
INTRA-EX;202510;513881387;70017-AN104;84213100;BE;PT;10;EXW;11;3;;0,8;1;63;;BE0717348949;
INTRA-EX;202510;513881387;U5014;84099100;NL;PT;10;EXW;11;3;;0,3;4;86;;NL866860666B01;
INTRA-EX;202510;513881387;MS100208;85111000;NL;PT;10;EXW;11;3;;0,3;4;99;;NL866860666B01;
INTRA-EX;202510;513881387;CI100037;84213100;NL;PT;10;EXW;11;3;;2,4;1;399;;NL866996473B01;
INTRA-EX;202510;513881387;AC-S55-DPHS;87089235;NL;PT;10;EXW;11;3;;5,2;1;260;;NL866860666B01;
INTRA-EX;202510;513881387;AC-BM-ODP;87089997;NL;PT;10;EXW;11;3;;0,1;1;8;;NL866860666B01;
INTRA-EX;202510;513881387;AC-S55-JP;40091100;NL;PT;10;EXW;11;3;;0,6;1;53;;NL866860666B01;
INTRA-EX;202510;513881387;MMFS-E36-92P;84149000;NL;PT;10;EXW;11;3;;5;1;183;;NL866860666B01;
INTRA-EX;202510;513881387;SBMC090;87089235;NL;PT;10;EXW;11;3;;9;1;381;;NL866860666B01;
INTRA-EX;202510;513881387;AC-W204-DP;87089997;NL;PT;10;EXW;11;3;;15;1;269;;NL866860666B01;
INTRA-EX;202510;513881387;CTS-EXH-TP-0007;87089235;NL;PT;10;EXW;11;3;;3;1;112;;NL866860666B01;
INTRA-EX;202510;513881387;R7437-9;85111000;NL;PT;10;EXW;11;3;;0,1;4;145;;NL866860666B01;
INTRA-EX;202510;513881387;CTS-IGN-007;84099100;NL;PT;10;EXW;11;3;;0,3;4;119;;NL866860666B01;
INTRA-EX;202510;513881387;U5014;84099100;NL;PT;10;EXW;11;3;;0,3;4;86;;NL866860666B01;
INTRA-EX;202510;513881387;SAUC030;87089235;NL;PT;10;EXW;11;3;;5,6;1;142;;NL866860666B01;
INTRA-EX;202510;513881387;VWR810006;87089997;NL;PT;10;EXW;11;3;;1,5;1;200;;NL866996473B01;
INTRA-EX;202510;513881387;VWR810004;87088055;NL;PT;10;EXW;11;3;;0,7;1;143;;NL866996473B01;
INTRA-EX;202510;513881387;VWR810005;87082990;NL;PT;10;EXW;11;3;;0,4;1;124;;NL866996473B01;
INTRA-EX;202510;513881387;VWR160000;87089997;NL;PT;10;EXW;11;3;;0,7;1;114;;NL866996473B01;
INTRA-EX;202510;513881387;VWR17G8R600;84213100;NL;PT;10;EXW;11;3;;0,2;1;38;;NL866996473B01;
INTRA-EX;202510;513881387;VWR810002;87089997;NL;PT;10;EXW;11;3;;0,5;2;112;;NL866996473B01;
INTRA-EX;202510;513881387;VWR120003;87089997;NL;PT;10;EXW;11;3;;1,3;1;178;;NL866996473B01;
INTRA-EX;202510;513881387;VWR640012;87089997;NL;PT;10;EXW;11;3;;2,2;1;62;;NL866996473B01;
INTRA-EX;202510;513881387;VWR12G7R600ITINLET;87089997;NL;PT;10;EXW;11;3;;0,4;2;200;;NL866996473B01;
INTRA-EX;202510;513881387;CTS-HW-540;40091100;IT;PT;10;EXW;11;3;;2;1;219;;IT03656931205;
INTRA-EX;202510;513881387;MS100192;85111000;IT;PT;10;EXW;11;3;;0,3;4;149;;IT12072620011;
INTRA-EX;202510;513881387;SFDX073;87089235;IT;PT;10;EXW;11;3;;4,8;1;385;;IT03656931205;
INTRA-EX;202510;513881387;EVE-B9RS5-CF-INT;84213100;IT;PT;10;EXW;11;3;;3,9;1;1178;;IT03813391202;
INTRA-EX;202510;513881387;EVE-GR4-CF-INT;84213100;IT;PT;10;EXW;11;3;;4,9;1;975;;IT03813391202;
INTRA-EX;202510;513881387;SAU0531-4P-RD;87083091;IT;PT;10;EXW;11;3;;0,5;1;76;;IT02710790060;
INTRA-EX;202510;513881387;MS100192;85111000;IT;PT;10;EXW;11;3;;0,3;4;149;;IT16332121009;
INTRA-EX;202510;513881387;BWR24Z;87088055;IT;PT;10;EXW;11;3;;3,6;1;160;;IT12072620011;
INTRA-EX;202510;513881387;AC-S55-CC;87089997;IT;PT;10;EXW;11;3;;1;1;47;;IT12072620011;
INTRA-EX;202510;513881387;FMACVAG01;84099100;IT;PT;10;EXW;11;3;;0,5;1;114;;IT03656931205;
INTRA-EX;202510;513881387;MS100208;85111000;IT;PT;10;EXW;11;3;;0,3;4;99;;IT12072620011;
INTRA-EX;202510;513881387;SVWS065CF;87089235;IT;PT;10;EXW;11;3;;25,9;1;1547;;IT14481871003;
INTRA-EX;202510;513881387;SAUC093;87089235;IT;PT;10;EXW;11;3;;11,5;1;336;;IT14481871003;
INTRA-EX;202510;513881387;FMCTMK7;84099100;IT;PT;10;EXW;11;3;;1,6;1;263;;IT14481871003;
INTRA-EX;202510;513881387;BKR8EIX;85111000;IT;PT;10;EXW;11;3;;0,1;4;36;;IT14481871003;
INTRA-EX;202510;513881387;SILFER8C7ES;85111000;IT;PT;10;EXW;11;3;;0,1;12;126;;IT14481871003;
INTRA-EX;202510;513881387;UR-RE2-4262;87088055;IT;PT;10;EXW;11;3;;2,1;1;67;;IT12072620011;
INTRA-EX;202510;513881387;VWR652000-RED;87089997;IT;PT;10;EXW;11;3;;36,1;1;1510;;IT12034500012;
INTRA-EX;202510;513881387;VWR62005MM;87088099;IT;PT;10;EXW;11;3;;0,5;1;81;;IT12034500012;
INTRA-EX;202510;513881387;SFDX073;87089235;IT;PT;10;EXW;11;3;;4,8;1;385;;IT02710790060;
INTRA-EX;202510;513881387;VWR81G700;87088055;IT;PT;10;EXW;11;3;;2,6;1;319;;IT02710790060;
INTRA-EX;202510;513881387;Z1003100;85111000;IT;PT;10;EXW;11;3;;0,1;4;99;;IT12072620011;
INTRA-EX;202510;513881387;PF04;85444290;IT;PT;10;EXW;11;3;;0,2;1;156;;IT03656931205;
INTRA-EX;202510;513881387;VWR420000;87089997;IT;PT;10;EXW;11;3;;2;1;159;;IT03656931205;
INTRA-EX;202510;513881387;AC-45S-DPHS;87089235;FR;PT;10;EXW;11;3;;4,7;1;337;;QV999999999999;
INTRA-EX;202510;513881387;AMT;87089997;FR;PT;10;EXW;11;3;;0,7;1;269;;QV999999999999;
INTRA-EX;202510;513881387;EVE-A45S-CF-INT;84213100;FR;PT;10;EXW;11;3;;3,9;1;1333;;QV999999999999;
INTRA-EX;202510;513881387;CTS-TR-1070;87089997;ES;PT;10;EXW;11;3;;12,3;1;1619;;ES16610275C;
INTRA-EX;202510;513881387;AC-200-PP;84198998;ES;PT;10;EXW;11;3;;0,5;1;98;;ES33558767L;
INTRA-EX;202510;513881387;U3P3A8JX;87089997;ES;PT;10;EXW;11;3;;0,5;1;387;;ES33558767L;
INTRA-EX;202510;513881387;52006-AK004;84213100;ES;PT;10;EXW;11;3;;0,6;1;15;;ES33558767L;
INTRA-EX;202510;513881387;AC-200-CFA;87089997;ES;PT;10;EXW;11;3;;0,1;1;29;;ES33558767L;
INTRA-EX;202510;513881387;AC-200-IC;84198998;ES;PT;10;EXW;11;3;;11,9;1;476;;ES33558767L;
INTRA-EX;202510;513881387;03K906051;90269000;ES;PT;10;EXW;11;3;;0,1;1;23;;ES33558767L;
INTRA-EX;202510;513881387;FMINT2TTRS;87089997;ES;PT;10;EXW;11;3;;20,3;1;1110;;ES38873546G;
INTRA-EX;202510;513881387;AC-MK8-IC;87089199;ES;PT;10;EXW;11;3;;16,5;1;629;;ES43179343V;
INTRA-EX;202510;513881387;R7437-8-4;84099100;ES;PT;10;EXW;11;3;;0,3;1;192;;ES43179343V;
INTRA-EX;202510;513881387;MS100192-4;84099100;ES;PT;10;EXW;11;3;;1,7;1;216;;ES43179343V;
INTRA-EX;202510;513881387;AC-MK5-FU-RD;87088055;ES;PT;10;EXW;11;3;;4,4;1;59;;ESB42771618;
INTRA-EX;202510;513881387;PF05;90262020;ES;PT;10;EXW;11;3;;0,2;1;170;;ESB42771618;
INTRA-EX;202510;513881387;FMKC005-BLA;40093100;ES;PT;10;EXW;11;3;;1,4;1;154;;ESB42771618;
INTRA-EX;202510;513881387;FMKT005-BLA;40093100;ES;PT;10;EXW;11;3;;1,3;1;135;;ESB42771618;
INTRA-EX;202510;513881387;AC-C7RS-DPHS;87089997;ES;PT;10;EXW;11;3;;8,8;1;335;;ESB42771618;
INTRA-EX;202510;513881387;MMRAD-STI-08;87089135;ES;PT;10;EXW;11;3;;6,9;1;236;;ESB66283003;
INTRA-EX;202510;513881387;MMHOSE-STI-08BK;40091100;ES;PT;10;EXW;11;3;;0,7;1;78;;ESB66283003;
INTRA-EX;202510;513881387;MMODP-1415B;87089997;ES;PT;10;EXW;11;3;;0,1;6;70;;ESF21716261;
INTRA-EX;202510;513881387;ATINTVAG41;87089199;ES;PT;10;EXW;11;3;;22;1;950;;ES53397639B;
INTRA-EX;202510;513881387;R7438-9;85111000;ES;PT;10;EXW;11;3;;0,1;1;34;;ES53397639B;
INTRA-EX;202510;513881387;SAUX079;87089235;ES;PT;10;EXW;11;3;;11;1;669;;ES53397639B;
INTRA-EX;202510;513881387;BHR36XZ;87088055;ES;PT;10;EXW;11;3;;5,8;1;160;;ES18062887K;
INTRA-EX;202510;513881387;MS100208;85111000;ES;PT;10;EXW;11;3;;0,3;3;74;;ES44719365M;
INTRA-EX;202510;513881387;MMRAD-E36-92;87089135;ES;PT;10;EXW;11;3;;6,2;1;200;;ESB09771205;
INTRA-EX;202510;513881387;LFR6AIX-11;85111000;ES;PT;10;EXW;11;3;;0,2;6;51;;ESB09771205;
INTRA-EX;202510;513881387;MMHP-ASHB-2424;87089997;ES;PT;10;EXW;11;3;;0,3;6;152;;ESB09771205;
INTRA-EX;202510;513881387;AC-40T-DPHS;87089997;ES;PT;10;EXW;11;3;;8,9;1;360;;ES53397639B;
INTRA-EX;202510;513881387;AMT;87089997;ES;PT;10;EXW;11;3;;0,7;1;203;;ES53397639B;
INTRA-EX;202510;513881387;R7438-9;85111000;ES;PT;10;EXW;11;3;;0,1;8;276;;ES53397639B;
INTRA-EX;202510;513881387;SHYSP102;87089997;ES;PT;10;EXW;11;3;;3;1;125;;ES18062887K;
INTRA-EX;202510;513881387;BKR7EIX;85111000;ES;PT;10;EXW;11;3;;0,1;24;206;;ES18062887K;
INTRA-EX;202510;513881387;MMRAD-E36-92;87089135;ES;PT;10;EXW;11;3;;6,2;1;200;;ES18062887K;
INTRA-EX;202510;513881387;VWR900001;85111000;ES;PT;10;EXW;11;3;;0,3;8;244;;ESB42954230;
INTRA-EX;202510;513881387;VWR120010;40091100;ES;PT;10;EXW;11;3;;1,4;1;178;;ESB42954230;
INTRA-EX;202510;513881387;D640-0002;85111000;ES;PT;10;EXW;11;3;;0,1;6;86;;ESB42954230;
INTRA-EX;202510;513881387;Z1003100;85111000;ES;PT;10;EXW;11;3;;0,1;4;99;;ESB42954230;
INTRA-EX;202510;513881387;MS100192;85111000;ES;PT;10;EXW;11;3;;0,3;20;747;;ESB42954230;
INTRA-EX;202510;513881387;VWR180006;87089997;ES;PT;10;EXW;11;3;;0,1;2;20;;ESB42954230;
INTRA-EX;202510;513881387;VWR810000;87089997;ES;PT;10;EXW;11;3;;0,2;2;34;;ESB42954230;
INTRA-EX;202510;513881387;VWR180002;87089997;ES;PT;10;EXW;11;3;;0,1;2;42;;ESB42954230;
INTRA-EX;202510;513881387;MS100208;85111000;ES;PT;10;EXW;11;3;;0,3;16;398;;ESB42954230;
INTRA-EX;202510;513881387;CTS-FPK-004-525;87089235;ES;PT;10;EXW;11;3;;0,8;1;333;;ESB42954230;
INTRA-EX;202510;513881387;VWR12G7R600ITBLA;84213100;ES;PT;10;EXW;11;3;;0,8;2;152;;ESB42954230;
INTRA-EX;202510;513881387;10.127.203K;84132000;ES;PT;10;EXW;11;3;;0,3;1;227;;ESB42954230;
INTRA-EX;202510;513881387;VWR130006;84099100;ES;PT;10;EXW;11;3;;0,3;2;81;;ESB42954230;
INTRA-EX;202510;513881387;AC-200-IC;84198998;ES;PT;10;EXW;11;3;;11,9;1;263;;ES44719365M;
INTRA-EX;202510;513881387;MS100192;85111000;ES;PT;10;EXW;11;3;;0,3;4;149;;ESB65945743;
INTRA-EX;202510;513881387;R7437-9;85111000;ES;PT;10;EXW;11;3;;0,1;4;145;;ESB65945743;
INTRA-EX;202510;513881387;MS100208;85111000;ES;PT;10;EXW;11;3;;0,3;4;99;;ESB65945743;
INTRA-EX;202510;513881387;BKR7EIX;85111000;ES;PT;10;EXW;11;3;;0,1;4;34;;ESB65945743;
INTRA-EX;202510;513881387;CTS-BV-0009-3;84814090;ES;PT;10;EXW;11;3;;0,5;1;187;;ES30691129K;
INTRA-EX;202510;513881387;EVE-F8xM-PF;84212300;ES;PT;10;EXW;11;3;;1,5;1;85;;ESB19296938;
INTRA-EX;202510;513881387;AC-B58-DP;87089235;ES;PT;10;EXW;11;3;;3,8;1;119;;ESB94171030;
INTRA-EX;202510;513881387;D650-0004;84099100;ES;PT;10;EXW;11;3;;0,3;6;139;;ES44719365M;
INTRA-EX;202510;513881387;CTS-IGN-008;84099100;ES;PT;10;EXW;11;3;;0,3;6;179;;ESB19781145;
INTRA-EX;202510;513881387;SILZKBR8D8S;85111000;ES;PT;10;EXW;11;3;;0,1;6;58;;ESB19781145;
INTRA-EX;202510;513881387;9-654-1025;84133080;ES;PT;10;EXW;11;3;;0,8;1;129;;ESB19781145;
INTRA-EX;202510;513881387;330145R;87089235;ES;PT;10;EXW;11;3;;1;1;115;;ES41572866k;
INTRA-EX;202510;513881387;S-AU/TI/20H;87089997;ES;PT;10;EXW;11;3;;24,9;1;6202;;ESB67497925;
INTRA-EX;202510;513881387;VWR630000;87141030;ES;PT;10;EXW;11;3;;1,9;1;114;;ESB42954230;
INTRA-EX;202510;513881387;AC-MK7-MD;87089997;ES;PT;10;EXW;11;3;;0,4;1;43;;ESB42954230;
INTRA-EX;202510;513881387;VWR13G700RFK;87089997;ES;PT;10;EXW;11;3;;0,5;1;46;;ESB42954230;
INTRA-EX;202510;513881387;VWR29G7250;87089135;ES;PT;10;EXW;11;3;;5,5;1;501;;ESB42954230;
INTRA-EX;202510;513881387;CTS-IT-285;40091100;ES;PT;10;EXW;11;3;;0,3;1;59;;ESB42954230;
INTRA-EX;202510;513881387;D650-0003;84099100;ES;PT;10;EXW;11;3;;0,3;6;139;;ESB42954230;
INTRA-EX;202510;513881387;VWR12P1GT;84213100;ES;PT;10;EXW;11;3;;3;1;285;;ESB42954230;
INTRA-EX;202510;513881387;MS100192;85111000;ES;PT;10;EXW;11;3;;0,3;20;747;;ESB42954230;
INTRA-EX;202510;513881387;FMPCVD1;87089997;ES;PT;10;EXW;11;3;;0,3;2;138;;ESB42954230;
INTRA-EX;202510;513881387;FMCTMK7;84099100;ES;PT;10;EXW;11;3;;1,6;1;263;;ESB42954230;
INTRA-EX;202510;513881387;VWR130006;84099100;ES;PT;10;EXW;11;3;;0,3;1;40;;ESB42954230;
INTRA-EX;202510;513881387;VWR13G700-SERV;87089997;ES;PT;10;EXW;11;3;;0,1;2;43;;ESB42954230;
INTRA-EX;202510;513881387;VWR13G700;84099100;ES;PT;10;EXW;11;3;;3;2;936;;ESB42954230;
INTRA-EX;202510;513881387;FMINDK45-FOAM;84213100;ES;PT;10;EXW;11;3;;6,2;1;169;;ESB42771618;
INTRA-EX;202510;513881387;9-301S-1005;84133080;ES;PT;10;EXW;11;3;;0,6;1;109;;ESB67114637;
INTRA-EX;202510;513881387;ALP.19.08.0002-1;84213100;ES;PT;10;EXW;11;3;;0,7;1;99;;QV999999999999;
INTRA-EX;202510;513881387;Z-9910017;87089997;ES;PT;10;EXW;11;3;;4,6;1;253;;ESB60739950;
INTRA-EX;202510;513881387;MMIG-VW-1504;85111000;ES;PT;10;EXW;11;3;;1,8;1;113;;ESB13735162;
INTRA-EX;202510;513881387;AC-200-DP;87089235;ES;PT;10;EXW;11;3;;10;1;193;;QV999999999999;
INTRA-EX;202510;513881387;SBW1176-4P-RD;87083091;ES;PT;10;EXW;11;3;;0,5;1;77;;QV999999999999;
INTRA-EX;202510;513881387;KLC167A;87088055;ES;PT;10;EXW;11;3;;1,4;1;135;;QV999999999999;
INTRA-EX;202510;513881387;VWR180002;87089997;ES;PT;10;EXW;11;3;;0,1;1;29;;QV999999999999;
INTRA-EX;202510;513881387;AC-MK7-DI.A;87089997;ES;PT;10;EXW;11;3;;0,1;1;31;;QV999999999999;
INTRA-EX;202510;513881387;MS100192-4;84099100;ES;PT;10;EXW;11;3;;1,7;1;181;;QV999999999999;
INTRA-EX;202510;513881387;R7437-9-4;87089997;ES;PT;10;EXW;11;3;;0,3;1;169;;QV999999999999;
INTRA-EX;202510;513881387;MMLG-15-20LBL;87141030;ES;PT;10;EXW;11;3;;0,8;1;72;;ES71676122a;
INTRA-EX;202510;513881387;MMIG-VW-1504;85111000;ES;PT;10;EXW;11;3;;1,8;1;112;;QV999999999999;
INTRA-EX;202510;513881387;Z1003100-4;85111000;ES;PT;10;EXW;11;3;;0,4;1;144;;ES44657479N;
INTRA-EX;202510;513881387;VWR900001-4;84099100;ES;PT;10;EXW;11;3;;1,8;1;209;;ES44657479N;
INTRA-EX;202510;513881387;CI100054;40091100;ES;PT;10;EXW;11;3;;4,3;1;269;;ES44657479N;
INTRA-EX;202510;513881387;1050.48.14.14B.4;84133080;ES;PT;10;EXW;11;3;;0,4;1;649;;ES48924146H;
INTRA-EX;202510;513881387;D650-0009-6;84099100;ES;PT;10;EXW;11;3;;2,4;1;224;;ES52045309N;
INTRA-EX;202510;513881387;SBW0271-4P-BK;87083091;ES;PT;10;EXW;11;3;;0,4;1;101;;ES52045309N;
INTRA-EX;202510;513881387;SILZKGR8C8S-6;85111000;ES;PT;10;EXW;11;3;;0,4;1;130;;ES52045309N;
INTRA-EX;202510;513881387;AC-G8x-UDT;87089997;ES;PT;10;EXW;11;3;;4,7;1;215;;ES52045309N;
INTRA-EX;202510;513881387;MB772-DD;87089235;FR;PT;10;EXW;11;3;;6,1;1;885;;FR79919917435;
INTRA-EX;202510;513881387;FMDV26A;87089997;FR;PT;10;EXW;11;3;;0,7;1;196;;FR79919917435;
INTRA-EX;202510;513881387;337966;87082910;FR;PT;10;EXW;11;3;;3,3;1;1028;;FR84912296761;
INTRA-EX;202510;513881387;6M5587H-STD;40091100;FR;PT;10;EXW;11;3;;0,4;1;142;;FR84912296761;
INTRA-EX;202510;513881387;5B5562H-STD;40091100;FR;PT;10;EXW;11;3;;0,2;1;88;;FR84912296761;
INTRA-EX;202510;513881387;CTS-TR-1000;87089997;FR;PT;10;EXW;11;3;;10;1;999;;FR22921291324;
INTRA-EX;202510;513881387;MS100195-4;84133020;FR;PT;10;EXW;11;3;;1,7;1;484;;FR22921291324;
INTRA-EX;202510;513881387;338096;87082910;FR;PT;10;EXW;11;3;;3,8;1;1537;;FR68915024525;
INTRA-EX;202510;513881387;SES9200;84213100;FR;PT;10;EXW;11;3;;33,6;1;1224;;FR20915264972;
INTRA-EX;202510;513881387;AC-MK7-CP-4;84099100;FR;PT;10;EXW;11;3;;1;1;134;;FR50982156473;
INTRA-EX;202510;513881387;9-307-1060;84133080;FR;PT;10;EXW;11;3;;0,6;1;177;;FR50982156473;
INTRA-EX;202510;513881387;MS100195-4;84133020;FR;PT;10;EXW;11;3;;1,7;1;484;;FR50982156473;
INTRA-EX;202510;513881387;AC-GR-FU;87088055;FR;PT;10;EXW;11;3;;2,4;1;99;;FR10919254805;
INTRA-EX;202510;513881387;ACCLAMP3;96072090;FR;PT;10;EXW;11;3;;0,2;4;23;;FR10919254805;
INTRA-EX;202510;513881387;216BFWAOPSM;90269000;FR;PT;10;EXW;11;3;;0,4;1;55;;FR10919254805;
INTRA-EX;202510;513881387;50-1200;87089997;FR;PT;10;EXW;11;3;;0,5;1;127;;FR10919254805;
INTRA-EX;202510;513881387;216CLSDWAOT-R;87089997;FR;PT;10;EXW;11;3;;0,4;1;59;;FR10919254805;
INTRA-EX;202510;513881387;MMHOSE-WRX-AM8BL;40093100;FR;PT;10;EXW;11;3;;0,8;1;73;;FR10919254805;
INTRA-EX;202510;513881387;216CLSDWABO-R;87089997;FR;PT;10;EXW;11;3;;0,4;1;71;;FR10919254805;
INTRA-EX;202510;513881387;MMHOSE-SUB-IHBL;40093100;FR;PT;10;EXW;11;3;;1,3;1;244;;FR10919254805;
INTRA-EX;202510;513881387;E20-15-021-06-22;73202081;FR;PT;10;EXW;11;3;;9,2;1;246;;FR41898071535;
INTRA-EX;202510;513881387;CTS-IT-963;84213100;FR;PT;10;EXW;11;3;;7;1;539;;FR41898071535;
INTRA-EX;202510;513881387;CTS-HW-540;40091100;FR;PT;10;EXW;11;3;;2;1;323;;FR41898071535;
INTRA-EX;202510;513881387;MMHOSE-MUS4-15BL;40091100;FR;PT;10;EXW;11;3;;0,9;1;89;;FR64538852930;
INTRA-EX;202510;513881387;MMINT-MUS4-15KWSL;87089997;FR;PT;10;EXW;11;3;;12,8;1;926;;FR64538852930;
INTRA-EX;202510;513881387;MMRAD-MUS4-15;87089135;FR;PT;10;EXW;11;3;;10,7;1;548;;FR64538852930;
INTRA-EX;202510;513881387;SBMS082;87089235;FR;PT;10;EXW;11;3;;18;1;868;;FR20899122717;
INTRA-EX;202510;513881387;PP2016;84213100;FR;PT;10;EXW;11;3;;0,7;1;123;;FR25831629860;
INTRA-EX;202510;513881387;D650-0004-8;84099100;FR;PT;10;EXW;11;3;;2,4;2;545;;FR25831629860;
INTRA-EX;202510;513881387;UR-RT2-3216;87088055;FR;PT;10;EXW;11;3;;3,4;1;123;;FR92901672386;
INTRA-EX;202510;513881387;UR-RE4-3213A;87088055;FR;PT;10;EXW;11;3;;6;1;179;;FR92901672386;
INTRA-EX;202510;513881387;UR-RL4-3215;87088055;FR;PT;10;EXW;11;3;;3,4;1;152;;FR92901672386;
INTRA-EX;202510;513881387;UR-LA4-3214;87088055;FR;PT;10;EXW;11;3;;3,4;1;148;;FR92901672386;
INTRA-EX;202510;513881387;UR-AR12-529;87088055;FR;PT;10;EXW;11;3;;3,1;1;209;;FR92901672386;
INTRA-EX;202510;513881387;VWR12G7R600ITBLA;84213100;FR;PT;10;EXW;11;3;;0,8;2;152;;FR43935269613;
INTRA-EX;202510;513881387;VWR13G700;84099100;FR;PT;10;EXW;11;3;;3;1;468;;FR43935269613;
INTRA-EX;202510;513881387;MMIG-BMW-0206;85111000;FR;PT;10;EXW;11;3;;2;1;102;;FR35504243288;
INTRA-EX;202510;513881387;11127565286;84836080;FR;PT;10;EXW;11;3;;0,4;3;18;;FR35504243288;
INTRA-EX;202510;513881387;CTS-IT-800;84213100;FR;PT;10;EXW;11;3;;4,3;1;247;;FR35504243288;
INTRA-EX;202510;513881387;FMBM335DV1-BLA-BLA;84814090;FR;PT;10;EXW;11;3;;3,3;1;313;;FR35504243288;
INTRA-EX;202510;513881387;SILZKBR8D8S;85111000;FR;PT;10;EXW;11;3;;0,1;18;176;;FR35504243288;
INTRA-EX;202510;513881387;6B1584H-STD;40091100;FR;PT;10;EXW;11;3;;0,4;1;107;;FR35504243288;
INTRA-EX;202510;513881387;VWR810000;87089997;FR;PT;10;EXW;11;3;;0,2;1;17;;FR94827543661;
INTRA-EX;202510;513881387;EVE-F56-PL-INT;84213100;FR;PT;10;EXW;11;3;;4,8;1;714;;FR31895072130;
INTRA-EX;202510;513881387;EVE-2TFSI-CF-INT;84213100;FR;PT;10;EXW;11;3;;3,1;1;663;;FR31895072130;
INTRA-EX;202510;513881387;EVE-2TFSI-CF-INT;84213100;FR;PT;10;EXW;11;3;;3,1;1;663;;FR26750353237;
INTRA-EX;202510;513881387;SVWC060;87089235;FR;PT;10;EXW;11;3;;10;1;383;;FR36852855436;
INTRA-EX;202510;513881387;AC-MK7-INLET;40091100;FR;PT;10;EXW;11;3;;0,3;1;67;;FR36852855436;
INTRA-EX;202510;513881387;C9000;87089997;FR;PT;10;EXW;11;3;;1;2;24;;QV999999999999;
INTRA-EX;202510;513881387;R7437-9-4;87089997;FR;PT;10;EXW;11;3;;0,3;1;171;;QV999999999999;
INTRA-EX;202510;513881387;FMKT008-BLA;40093100;FR;PT;10;EXW;11;3;;1;1;173;;QV999999999999;
INTRA-EX;202510;513881387;ATMSYGR01;87089997;FR;PT;10;EXW;11;3;;1,2;1;185;;QV999999999999;
INTRA-EX;202510;513881387;UR-TW2-1106;87088055;FR;PT;10;EXW;11;3;;2,1;1;105;;QV999999999999;
INTRA-EX;202510;513881387;U5055-6;84099100;FR;PT;10;EXW;11;3;;2,1;1;132;;QV999999999999;
INTRA-EX;202510;513881387;SILZKBR8D8S-6;84099100;FR;PT;10;EXW;11;3;;0,4;1;68;;QV999999999999;
INTRA-EX;202510;513881387;JSK-118;84213100;FR;PT;10;EXW;11;3;;3,6;1;291;;QV999999999999;
INTRA-EX;202510;513881387;VWRM025-L;90292031;FR;PT;10;EXW;11;3;;0,3;1;19;;QV999999999999;
INTRA-EX;202510;513881387;VWRM012-XL;61091000;FR;PT;10;EXW;11;3;;0,5;1;35;;QV999999999999;
INTRA-EX;202510;513881387;VWRM026-XL;90292031;FR;PT;10;EXW;11;3;;0,5;1;20;;QV999999999999;
INTRA-EX;202510;513881387;SILZKGR8B8S-4;84099100;FR;PT;10;EXW;11;3;;0,3;1;40;;QV999999999999;
INTRA-EX;202510;513881387;D650-0010-4;84099100;FR;PT;10;EXW;11;3;;1,7;1;124;;QV999999999999;
INTRA-EX;202510;513881387;PP1931;84213100;FR;PT;10;EXW;11;3;;0,7;1;38;;QV999999999999;
INTRA-EX;202510;513881387;NI37-DD;87089235;FR;PT;10;EXW;11;3;;12;1;558;;FR69888561826;
INTRA-EX;202510;513881387;PPF-1905;84213100;FR;PT;10;EXW;11;3;;0,6;1;43;;QV999999999999;
INTRA-EX;202510;513881387;R7437-9-5;85111000;FR;PT;10;EXW;11;3;;0,3;1;213;;QV999999999999;
INTRA-EX;202510;513881387;MS100208-5;84099100;FR;PT;10;EXW;11;3;;2,2;1;159;;QV999999999999;
INTRA-EX;202510;513881387;CTS-IGN-008;84099100;FR;PT;10;EXW;11;3;;0,3;12;420;;FR35504243288;
INTRA-EX;202510;513881387;AC-MK7-DP;87089235;FR;PT;10;EXW;11;3;;9,2;1;224;;QV999999999999;
INTRA-EX;202510;513881387;FMINLR60-RED;40093100;FR;PT;10;EXW;11;3;;1,3;1;148;;FR64942863556;
INTRA-EX;202510;513881387;74020001010BK;87087099;IE;PT;10;EXW;11;3;;0,8;1;137;;QV999999999999;
INTRA-EX;202510;513881387;FMINT15;84198998;CY;PT;10;EXW;11;3;;16,4;1;499;;CY00781748Y;
INTRA-EX;202510;513881387;MMTC-G80-21;87089135;BG;PT;10;EXW;11;3;;4,7;1;388;;BG204171399;
INTRA-EX;202510;513881387;MMOC-G80-21;87089997;BG;PT;10;EXW;11;3;;5,4;1;449;;BG204171399;
INTRA-EX;202510;513881387;CI100053;84213100;CZ;PT;10;EXW;11;3;;4,2;2;629;;CZ05205093;
INTRA-EX;202510;513881387;VWR900001;85111000;BG;PT;10;EXW;11;3;;0,3;8;244;;BG204171399;
INTRA-EX;202510;513881387;PK380;84213100;RO;PT;10;EXW;11;3;;5,8;1;218;;RO32125703;
INTRA-EX;202510;513881387;AC-MK7-DP;87089235;RO;PT;10;EXW;11;3;;9,2;1;226;;QV999999999999;
INTRA-EX;202510;513881387;CTS-LS-012;84213100;RO;PT;10;EXW;11;3;;13,1;1;209;;QV999999999999;
INTRA-EX;202510;513881387;ATMSVAG10;87089997;SK;PT;10;EXW;11;3;;2,2;1;166;;QV999999999999;
INTRA-EX;202510;513881387;CTS-HW-455;87089997;HU;PT;10;EXW;11;3;;1,4;1;134;;HU25464285;
INTRA-EX;202510;513881387;EVO9200;84213100;DE;PT;10;EXW;11;3;;7,5;1;378;;QV999999999999;
INTRA-EX;202510;513881387;VSA22-CUSA1;87089997;PL;PT;10;EXW;11;3;;28;1;968;;PL6112557567;
INTRA-EX;202510;513881387;D650-0003;84099100;PL;PT;10;EXW;11;3;;0,3;6;139;;PL6972395288;
INTRA-EX;202510;513881387;10.127.100K;84132000;GR;PT;10;EXW;11;3;;0,3;1;227;;GREL137646504;
INTRA-EX;202510;513881387;SP-201;32081090;GR;PT;10;EXW;11;3;;0,5;5;81;;GREL137646504;
INTRA-EX;202510;513881387;FMACVAG06;84099100;GR;PT;10;EXW;11;3;;0,6;1;114;;GREL137646504;
INTRA-EX;202510;513881387;CTS-SIL-0019;40091100;GR;PT;10;EXW;11;3;;0,7;1;44;;GREL137646504;
INTRA-EX;202510;513881387;R-MER-001-I;84099100;GR;PT;10;EXW;11;3;;4;1;322;;GREL115989483;
INTRA-EX;202510;513881387;PK380;84213100;CZ;PT;10;EXW;11;3;;5,8;2;401;;CZ05681197;
INTRA-EX;202510;513881387;8E0971824S-RD;84099100;CZ;PT;10;EXW;11;3;;0,2;2;15;;CZ05681197;
INTRA-EX;202510;513881387;AC-MQB-IC;84198998;GR;PT;10;EXW;11;3;;16,3;1;281;;GREL163940830;
INTRA-EX;202510;513881387;AC-MK7-TO;87089997;GR;PT;10;EXW;11;3;;2,1;1;59;;GREL163940830;
INTRA-EX;202510;513881387;AC-MK7-TI;40091100;GR;PT;10;EXW;11;3;;1,3;1;87;;GREL163940830;
INTRA-EX;202510;513881387;10.127.100K;84132000;GR;PT;10;EXW;11;3;;0,3;1;227;;GREL163940830;
INTRA-EX;202510;513881387;10.127.203K;84132000;GR;PT;10;EXW;11;3;;0,3;1;227;;GREL163940830;
INTRA-EX;202510;513881387;AC-200-IC;84198998;GR;PT;10;EXW;11;3;;11,9;2;527;;GREL163940830;
INTRA-EX;202510;513881387;SAUP087;87089997;BE;PT;10;EXW;11;3;;12,4;1;229;;BE0670639687;
INTRA-EX;202510;513881387;CTS-IT-300R;84213100;NL;PT;10;EXW;11;3;;4,1;1;247;;NL866860666B01;
INTRA-EX;202510;513881387;MMHOSE-E36-92IBBK;40091100;NL;PT;10;EXW;11;3;;0,5;1;55;;NL866860666B01;
INTRA-EX;202510;513881387;VWR12G60RFO;84213100;NL;PT;10;EXW;11;3;;0,5;1;76;;NL866860666B01;
INTRA-EX;202510;513881387;ARMABM87M2-A;84213100;NL;PT;10;EXW;11;3;;4,7;1;845;;NL866860666B01;
INTRA-EX;202510;513881387;CTS-IT-940;84213100;NL;PT;10;EXW;11;3;;3,5;1;224;;NL866860666B01;
INTRA-EX;202510;513881387;216BFWGBOSM;90262020;NL;PT;10;EXW;11;3;;0,3;1;21;;NL866860666B01;
INTRA-EX;202510;513881387;CTS-IT-300R;84213100;NL;PT;10;EXW;11;3;;4,1;1;247;;NL866860666B01;
INTRA-EX;202510;513881387;VWR31G7GT;87088035;NL;PT;10;EXW;11;3;;8,5;1;161;;NL866996473B01;
INTRA-EX;202510;513881387;T4100003;84099100;NL;PT;10;EXW;11;3;;12;1;1401;;NL866860666B01;
INTRA-EX;202510;513881387;R7437-9;85111000;NL;PT;10;EXW;11;3;;0,1;4;145;;NL866860666B01;
INTRA-EX;202510;513881387;SVWX043;87089235;NL;PT;10;EXW;11;3;;10;1;526;;NL866860666B01;
INTRA-EX;202510;513881387;EVE-F8XMV2-CF-INT;84213100;IT;PT;10;EXW;11;3;;6,2;1;1794;;IT08908800967;
INTRA-EX;202510;513881387;EVE-F56-LCI-PL-INT;84213100;IT;PT;10;EXW;11;3;;4,8;1;714;;IT03002640732;
INTRA-EX;202510;513881387;VWR13G700;84099100;IT;PT;10;EXW;11;3;;3;1;468;;IT12034500012;
INTRA-EX;202510;513881387;VWR19G711;84213100;IT;PT;10;EXW;11;3;;0,3;1;65;;IT12034500012;
INTRA-EX;202510;513881387;VWR640012;87089997;IT;PT;10;EXW;11;3;;2,2;2;124;;IT12034500012;
INTRA-EX;202510;513881387;VWR1200R600E;84213100;IT;PT;10;EXW;11;3;;4,9;5;1547;;IT12034500012;
INTRA-EX;202510;513881387;VWR12G7R600ITBLA;84213100;IT;PT;10;EXW;11;3;;0,8;9;687;;IT12034500012;
INTRA-EX;202510;513881387;VWR12G7R600ITRED;84213100;IT;PT;10;EXW;11;3;;0,8;4;305;;IT12034500012;
INTRA-EX;202510;513881387;VWR12G7R600ITBLU;84213100;IT;PT;10;EXW;11;3;;0,8;3;229;;IT12034500012;
INTRA-EX;202510;513881387;VWR12G7R600ITINLET;87089997;IT;PT;10;EXW;11;3;;0,4;2;200;;IT12034500012;
INTRA-EX;202510;513881387;VWR160001;87089997;IT;PT;10;EXW;11;3;;0,4;4;343;;IT12034500012;
INTRA-EX;202510;513881387;VWR17G7R600;40091100;IT;PT;10;EXW;11;3;;0,2;4;152;;IT12034500012;
INTRA-EX;202510;513881387;VWR17G8R600;84213100;IT;PT;10;EXW;11;3;;0,2;2;76;;IT12034500012;
INTRA-EX;202510;513881387;VWR682001;87089997;IT;PT;10;EXW;11;3;;13;1;799;;IT12034500012;
INTRA-EX;202510;513881387;SVWC064;87089235;IT;PT;10;EXW;11;3;;10,5;1;307;;IT12034500012;
INTRA-EX;202510;513881387;VWR1200R601E;84213100;IT;PT;10;EXW;11;3;;4,9;4;1352;;IT12034500012;
INTRA-EX;202510;513881387;S-TY/T/3;87089235;IT;PT;10;EXW;11;3;;13;1;2137;;IT12034500012;
INTRA-EX;202510;513881387;AC-MK7-DP;87089235;IT;PT;10;EXW;11;3;;9,2;1;155;;IT12072620011;
INTRA-EX;202510;513881387;U3P3A8PX;;IT;PT;10;EXW;11;3;;0,1;1;252;;IT02710790060;
INTRA-EX;202510;513881387;R7437-9;85111000;IT;PT;10;EXW;11;3;;0,1;5;181;;IT02710790060;
INTRA-EX;202510;513881387;CTS-BV-0009-3;84814090;IT;PT;10;EXW;11;3;;0,5;1;187;;IT02710790060;
INTRA-EX;202510;513881387;PP1895;84213100;IT;PT;10;EXW;11;3;;0,5;1;20;;IT16332121009;
INTRA-EX;202510;513881387;EVE-TRB8V8S-FLG-STK;85111000;IT;PT;10;EXW;11;3;;0,2;1;35;;IT16332121009;
INTRA-EX;202510;513881387;EVE-TRB8V8S-LHD-NIL;85111000;IT;PT;10;EXW;11;3;;1,7;1;428;;IT16332121009;
INTRA-EX;202510;513881387;EVE-C8BMC-FTR;84213100;IT;PT;10;EXW;11;3;;0,7;1;189;;IT12072620011;
INTRA-EX;202510;513881387;EVE-B9RS5-CF-INT;84213100;IT;PT;10;EXW;11;3;;3,9;1;1178;;IT04227541200;
INTRA-EX;202510;513881387;EVE-A45S-CF-INT;84213100;IT;PT;10;EXW;11;3;;3,9;1;999;;IT08839490011;
INTRA-EX;202510;513881387;FMINDK45-FOAM;84213100;IT;PT;10;EXW;11;3;;6,2;1;169;;IT08839490011;
INTRA-EX;202510;513881387;AC-MK8-IC;87089199;IT;PT;10;EXW;11;3;;16,5;1;349;;IT04146110160;
INTRA-EX;202510;513881387;DBA3724S-2;87089997;IT;PT;10;EXW;11;3;;15,5;1;318;;QV999999999999;
INTRA-EX;202510;513881387;R7437-9-5;85111000;IT;PT;10;EXW;11;3;;0,3;1;210;;QV999999999999;
INTRA-EX;202510;513881387;VWR682000;87089997;ES;PT;10;EXW;11;3;;15,5;1;187;;ES50902109G;
INTRA-EX;202510;513881387;AC-S55-IC;84198998;ES;PT;10;EXW;11;3;;7,3;1;299;;ESB04855516;
INTRA-EX;202510;513881387;AC-S55-DPHS;87089235;ES;PT;10;EXW;11;3;;5,2;1;260;;ESB04855516;
INTRA-EX;202510;513881387;KCA362;87089997;ES;PT;10;EXW;11;3;;3;1;149;;ES72815006L;
INTRA-EX;202510;513881387;AC-MK7-INLET;40091100;ES;PT;10;EXW;11;3;;0,3;1;45;;ESB94171030;
INTRA-EX;202510;513881387;AC-MK7-MD;87089997;ES;PT;10;EXW;11;3;;0,4;1;43;;ESB94171030;
INTRA-EX;202510;513881387;FMKCMK7-BLU;40091100;ES;PT;10;EXW;11;3;;2,2;1;301;;ESB94171030;
INTRA-EX;202510;513881387;AC-MK7R-DP;87089235;ES;PT;10;EXW;11;3;;11,6;1;185;;ESB94171030;
INTRA-EX;202510;513881387;MS100192;85111000;ES;PT;10;EXW;11;3;;0,3;6;224;;ESB94171030;
INTRA-EX;202510;513881387;FRI-0228;84213100;ES;PT;10;EXW;11;3;;4;1;951;;ESB94171030;
INTRA-EX;202510;513881387;MS100210;85111000;ES;PT;10;EXW;11;3;;0,3;4;99;;ESB94171030;
INTRA-EX;202510;513881387;ATINTVAG14;87089199;ES;PT;10;EXW;11;3;;15,7;1;473;;ESB01715598;
INTRA-EX;202510;513881387;MS100192;85111000;ES;PT;10;EXW;11;3;;0,3;4;149;;ES50902109G;
INTRA-EX;202510;513881387;MS100192;85111000;ES;PT;10;EXW;11;3;;0,3;4;149;;ES50902109G;
INTRA-EX;202510;513881387;VWR120000;84213100;ES;PT;10;EXW;11;3;;1;1;30;;ESB04855516;
INTRA-EX;202510;513881387;VWR600007;87141030;ES;PT;10;EXW;11;3;;54;1;1050;;ESB04855516;
INTRA-EX;202510;513881387;MMHOSE-EVO-8BK;40091100;ES;PT;10;EXW;11;3;;1,8;1;69;;ESB72996382;
INTRA-EX;202510;513881387;FMINDK28RF;84213100;ES;PT;10;EXW;11;3;;1;1;63;;ESB72996382;
INTRA-EX;202510;513881387;9-250;87089997;ES;PT;10;EXW;11;3;;0,8;1;90;;ESB72996382;
INTRA-EX;202510;513881387;9-250-bracket;87089997;ES;PT;10;EXW;11;3;;0,1;4;18;;ESB72996382;
INTRA-EX;202510;513881387;VWR13G700;84099100;ES;PT;10;EXW;11;3;;3;2;936;;ESB42954230;
INTRA-EX;202510;513881387;VWR180002;87089997;ES;PT;10;EXW;11;3;;0,1;5;105;;ESB42954230;
INTRA-EX;202510;513881387;VWR900004;85111000;ES;PT;10;EXW;11;3;;0,3;4;131;;ESB42954230;
INTRA-EX;202510;513881387;VWR120003;87089997;ES;PT;10;EXW;11;3;;1,3;2;357;;ESB42954230;
INTRA-EX;202510;513881387;VWR12G7R600OS;84213100;ES;PT;10;EXW;11;3;;0,3;2;43;;ESB42954230;
INTRA-EX;202510;513881387;VWR1200R601E;84213100;ES;PT;10;EXW;11;3;;4,9;1;338;;ESB42954230;
INTRA-EX;202510;513881387;VWR19G706;87089997;ES;PT;10;EXW;11;3;;0,4;2;106;;ESB42954230;
INTRA-EX;202510;513881387;VWR19G708;87089997;ES;PT;10;EXW;11;3;;0,5;1;57;;ESB42954230;
INTRA-EX;202510;513881387;VWR180004;87089997;ES;PT;10;EXW;11;3;;0,1;4;107;;ESB42954230;
INTRA-EX;202510;513881387;MS100208;85111000;ES;PT;10;EXW;11;3;;0,3;10;249;;ESB42954230;
INTRA-EX;202510;513881387;ATINTYGR1;87089997;ES;PT;10;EXW;11;3;;13,2;1;477;;ES44657479N;
INTRA-EX;202510;513881387;ATMSYGR04;87089135;ES;PT;10;EXW;11;3;;4,3;1;344;;ES44657479N;
INTRA-EX;202510;513881387;S-BM/T/22H;87089997;ES;PT;10;EXW;11;3;;22,4;1;4678;;ESB04855516;
INTRA-EX;202510;513881387;DI-BM/CA/7/G;87089235;ES;PT;10;EXW;11;3;;9,5;1;1324;;ESB04855516;
INTRA-EX;202510;513881387;ES-315086;87089997;ES;PT;10;EXW;11;3;;1,1;1;53;;QV999999999999;
INTRA-EX;202510;513881387;FMSS7;87089997;ES;PT;10;EXW;11;3;;0,3;2;123;;ES25200933V;
INTRA-EX;202510;513881387;SBW1171-4P-BK;87083091;ES;PT;10;EXW;11;3;;0,5;1;83;;QV999999999999;
INTRA-EX;202510;513881387;SAU0601-4P-BK;87083091;ES;PT;10;EXW;11;3;;0,5;1;77;;QV999999999999;
INTRA-EX;202510;513881387;EVE-GR86-CF-INT;84213100;ES;PT;10;EXW;11;3;;4,6;1;1560;;ES53209459V;
INTRA-EX;202510;513881387;EUPD4002112R;84099100;ES;PT;10;EXW;11;3;;1,4;1;868;;ES53485527Q;
INTRA-EX;202510;513881387;SVXC062;87089235;ES;PT;10;EXW;11;3;;6,5;1;371;;ES71286183Y;
INTRA-EX;202510;513881387;SVXP062;87089235;ES;PT;10;EXW;11;3;;5,7;1;296;;ES71286183Y;
INTRA-EX;202510;513881387;WB-547;84213100;ES;PT;10;EXW;11;3;;0,3;1;58;;ES71286183Y;
INTRA-EX;202510;513881387;KLC221;87089997;ES;PT;10;EXW;11;3;;0,8;1;145;;ES71515770F;
INTRA-EX;202510;513881387;KLC180-295;87089997;ES;PT;10;EXW;11;3;;1,1;1;145;;ES71515770F;
INTRA-EX;202510;513881387;KTA281;87088055;ES;PT;10;EXW;11;3;;3,2;1;309;;ES71515770F;
INTRA-EX;202510;513881387;FMOC11-BLA;87089997;ES;PT;10;EXW;11;3;;3,6;1;590;;ES71515770F;
INTRA-EX;202510;513881387;COMBO-NOV-MQB;84213100;ES;PT;10;EXW;11;3;;5,5;1;529;;ES71631297M;
INTRA-EX;202510;513881387;FMINT32;87089997;ES;PT;10;EXW;11;3;;16,7;1;852;;ES71631297M;
INTRA-EX;202510;513881387;883089.000046;84836080;ES;PT;10;EXW;11;3;;15,5;1;1429;;ES72144645Q;
INTRA-EX;202510;513881387;613182.654150;87089997;ES;PT;10;EXW;11;3;;0,5;1;75;;ES72144645Q;
INTRA-EX;202510;513881387;883089.000148;84836080;ES;PT;10;EXW;11;3;;15,7;1;1308;;ES72815006L;
INTRA-EX;202510;513881387;043DQ14144;84099100;ES;PT;10;EXW;11;3;;2,5;1;544;;ES74871058D;
INTRA-EX;202510;513881387;284779;87082910;ES;PT;10;EXW;11;3;;2,5;1;822;;ES74871058D;
INTRA-EX;202510;513881387;R7437-8-4;84099100;ES;PT;10;EXW;11;3;;0,3;1;192;;ES78914993S;
INTRA-EX;202510;513881387;COMBO-NOV-MQB;84213100;ES;PT;10;EXW;11;3;;5,5;1;529;;ES78914993S;
INTRA-EX;202510;513881387;503-M102;84213100;ES;PT;10;EXW;11;3;;0,6;1;35;;ES78914993S;
INTRA-EX;202510;513881387;17U-06-1000-6;84133080;ES;PT;10;EXW;11;3;;0,6;1;699;;ESB42954230;
INTRA-EX;202510;513881387;BNF33Z;87088055;ES;PT;10;EXW;11;3;;9,2;1;243;;ESB42954230;
INTRA-EX;202510;513881387;BNR30Z;87088055;ES;PT;10;EXW;11;3;;3,9;1;220;;ESB42954230;
INTRA-EX;202510;513881387;UR-LA8-1257;87088055;ES;PT;10;EXW;11;3;;5,3;1;220;;ESB42954230;
INTRA-EX;202510;513881387;UR-RL4-1259;87088055;ES;PT;10;EXW;11;3;;5;1;193;;ESB42954230;
INTRA-EX;202510;513881387;15004-AT013;84213100;ES;PT;10;EXW;11;3;;6,5;1;1216;;ESB66526328;
INTRA-EX;202510;513881387;E95-81-009-04-22;87088020;ES;PT;10;EXW;11;3;;27,2;1;872;;ESB67377143;
INTRA-EX;202510;513881387;KLC141;87088055;ES;PT;10;EXW;11;3;;1;1;145;;ESB67377143;
INTRA-EX;202510;513881387;KLC167A;87088055;ES;PT;10;EXW;11;3;;1,4;1;164;;ESB67377143;
INTRA-EX;202510;513881387;6B1584H-STD;40091100;ES;PT;10;EXW;11;3;;0,4;1;161;;ESB67497925;
INTRA-EX;202510;513881387;R-BMW-019-I;84099100;ES;PT;10;EXW;11;3;;3,6;1;891;;ESB67497925;
INTRA-EX;202510;513881387;EUPD4002112R;84099100;ES;PT;10;EXW;11;3;;1,4;1;868;;ESB70550694;
INTRA-EX;202510;513881387;R7437-8-4;84099100;ES;PT;10;EXW;11;3;;0,3;1;192;;ESB70550694;
INTRA-EX;202510;513881387;XF18950-4005GDG-4;87088035;ES;PT;10;EXW;11;3;;45;1;1592;;ESB86280039;
INTRA-EX;202510;513881387;MMRT-WRX-01EBK;87089997;ES;PT;10;EXW;11;3;;1;1;164;;ESB86420924;
INTRA-EX;202510;513881387;MMRT-STI-08BK;87089997;ES;PT;10;EXW;11;3;;1,8;1;190;;ESB86420924;
INTRA-EX;202510;513881387;MMFS-STI-08P;84149000;ES;PT;10;EXW;11;3;;5,3;1;245;;ESB86420924;
INTRA-EX;202510;513881387;MMRAD-STI-08;87089135;ES;PT;10;EXW;11;3;;6,9;1;380;;ESB86420924;
INTRA-EX;202510;513881387;GTHSB-5;87089997;ES;PT;10;EXW;11;3;;0,1;1;24;;ESB86420924;
INTRA-EX;202510;513881387;ASAF;33030010;ES;PT;10;EXW;11;3;;0,1;1;1;;ESB86420924;
INTRA-EX;202510;513881387;ASMSHIRTXL-Z;61091000;ES;PT;10;EXW;11;3;;1;1;15;;ESB86420924;
INTRA-EX;202510;513881387;RPF1RS158;87087099;ES;PT;10;EXW;11;3;;7,8;4;1259;;ESB87803904;
INTRA-EX;202510;513881387;VSHA2-C1AA1;87089997;ES;PT;10;EXW;11;3;;31;1;1159;;ESB91582494;
INTRA-EX;202510;513881387;SHD0390-6C-RD;87083091;ES;PT;10;EXW;11;3;;0,7;1;236;;ESB91582494;
INTRA-EX;202510;513881387;005EA14139;84099100;ES;PT;10;EXW;11;3;;2,4;1;442;;ESB75758177;
INTRA-EX;202510;513881387;GTHSB-5;87089997;ES;PT;10;EXW;11;3;;0,1;1;24;;ESB75758177;
INTRA-EX;202510;513881387;WKE259M775;87082910;ES;PT;10;EXW;11;3;;1,9;1;694;;ESB75758177;
INTRA-EX;202510;513881387;4B7787H-STD;40091100;ES;PT;10;EXW;11;3;;0,3;1;99;;ESB75758177;
INTRA-EX;202510;513881387;SP1116WB;84213100;ES;PT;10;EXW;11;3;;7,4;1;614;;ESF09552761;
INTRA-EX;202510;513881387;MMINT-MK6-06;87089199;ES;PT;10;EXW;11;3;;14,4;1;864;;ES12764811H;
INTRA-EX;202510;513881387;10.127.100K;84132000;ES;PT;10;EXW;11;3;;0,3;1;377;;ES12764811H;
INTRA-EX;202510;513881387;MMRAD-MAC-06;87089135;ES;PT;10;EXW;11;3;;9,1;1;316;;ES12764811H;
INTRA-EX;202510;513881387;CTS-IT-250;84213100;ES;PT;10;EXW;11;3;;6,6;1;387;;ESB12863981;
INTRA-EX;202510;513881387;SAUC054;87089235;ES;PT;10;EXW;11;3;;7,2;1;301;;ESB12863981;
INTRA-EX;202510;513881387;57845803592WH;87087000;ES;PT;10;EXW;11;3;;16,5;2;603;;ESA60479078;
INTRA-EX;202510;513881387;D650-0010;84099100;FR;PT;10;EXW;11;3;;0,3;3;75;;FR43935269613;
INTRA-EX;202510;513881387;CTS-IT-110;40091100;FR;PT;10;EXW;11;3;;1,3;1;172;;FR88985403690;
INTRA-EX;202510;513881387;4B2902H-STD;40091100;FR;PT;10;EXW;11;3;;0,5;5;341;;FR09904392206;
INTRA-EX;202510;513881387;AC-N54-IC;87089135;FR;PT;10;EXW;11;3;;11,5;1;214;;FR35504243288;
INTRA-EX;202510;513881387;FMBM335DV1-BLA-BLA;84814090;FR;PT;10;EXW;11;3;;3,3;1;313;;FR35504243288;
INTRA-EX;202510;513881387;SILZKBR8D8S;85111000;FR;PT;10;EXW;11;3;;0,1;6;58;;FR35504243288;
INTRA-EX;202510;513881387;MMIG-BMW-0206;85111000;FR;PT;10;EXW;11;3;;2;1;102;;FR35504243288;
INTRA-EX;202510;513881387;9-301-0847;84133080;FR;PT;10;EXW;11;3;;0,6;1;109;;FR89514442177;
INTRA-EX;202510;513881387;42M-02-1200-4;84133080;FR;PT;10;EXW;11;3;;0,2;1;299;;FR89514442177;
INTRA-EX;202510;513881387;R7437-8;85111000;FR;PT;10;EXW;11;3;;0,1;4;136;;FR89514442177;
INTRA-EX;202510;513881387;06D115562;84099100;FR;PT;10;EXW;11;3;;0,2;1;3;;FR89514442177;
INTRA-EX;202510;513881387;CTS-HW-306;87089997;FR;PT;10;EXW;11;3;;0,9;1;67;;FR19980130553;
INTRA-EX;202510;513881387;10.127.100K;84132000;FR;PT;10;EXW;11;3;;0,3;1;227;;FR19980130553;
INTRA-EX;202510;513881387;SVWC060;87089235;FR;PT;10;EXW;11;3;;10;1;276;;FR19980130553;
INTRA-EX;202510;513881387;AC-MK7-INLET;40091100;FR;PT;10;EXW;11;3;;0,3;1;45;;FR19980130553;
INTRA-EX;202510;513881387;VWR12G7R600ITBLA;84213100;FR;PT;10;EXW;11;3;;0,8;1;76;;FR19980130553;
INTRA-EX;202510;513881387;U5014;84099100;FR;PT;10;EXW;11;3;;0,3;4;86;;FR55524167806;
INTRA-EX;202510;513881387;SILFER8C7ES;85111000;FR;PT;10;EXW;11;3;;0,1;12;126;;FR55524167806;
INTRA-EX;202510;513881387;MS100192;85111000;FR;PT;10;EXW;11;3;;0,3;1;37;;FR55524167806;
INTRA-EX;202510;513881387;MMAI-MK7-15X;84213100;FR;PT;10;EXW;11;3;;4,7;1;264;;FR86889861761;
INTRA-EX;202510;513881387;U5014;84099100;FR;PT;10;EXW;11;3;;0,3;6;130;;FR55524167806;
INTRA-EX;202510;513881387;AC-S55-INLET;40091100;FR;PT;10;EXW;11;3;;2,3;1;202;;FR94827543661;
INTRA-EX;202510;513881387;ILZKBR7B8G;85111000;FR;PT;10;EXW;11;3;;0,1;4;34;;FR55524167806;
INTRA-EX;202510;513881387;50-1200;87089997;FR;PT;10;EXW;11;3;;0,5;3;312;;FR55524167806;
INTRA-EX;202510;513881387;LFR6AIX-11;85111000;FR;PT;10;EXW;11;3;;0,2;4;34;;FR55524167806;
INTRA-EX;202510;513881387;CTS-IT-810;40091100;FR;PT;10;EXW;11;3;;2,5;1;164;;FR94827543661;
INTRA-EX;202510;513881387;10.127.100K;84132000;FR;PT;10;EXW;11;3;;0,3;1;227;;FR82530667591;
INTRA-EX;202510;513881387;ARMABM92M3-A;84213100;FR;PT;10;EXW;11;3;;5,2;1;800;;FR55524167806;
INTRA-EX;202510;513881387;VWR900001;85111000;FR;PT;10;EXW;11;3;;0,3;4;122;;FR82530667591;
INTRA-EX;202510;513881387;RBF660;27101999;FR;PT;10;EXW;11;3;;0,6;5;60;;QV999999999999;
INTRA-EX;202510;513881387;MMTS-CTR-17;90321020;FR;PT;10;EXW;11;3;;0,2;1;45;;FR32882576267;
INTRA-EX;202510;513881387;ATMSMINI7;87089997;FR;PT;10;EXW;11;3;;2;1;235;;QV999999999999;
INTRA-EX;202510;513881387;D401-0039;84099100;FR;PT;10;EXW;11;3;;0,6;1;36;;QV999999999999;
INTRA-EX;202510;513881387;CTS-IGN-009;84099100;FR;PT;10;EXW;11;3;;0,3;4;127;;QV999999999999;
INTRA-EX;202510;513881387;SILZKGR8B8S-4;84099100;FR;PT;10;EXW;11;3;;0,3;1;40;;QV999999999999;
INTRA-EX;202510;513881387;FMCCHMK5-RED;40093100;FR;PT;10;EXW;11;3;;0,2;1;44;;QV999999999999;
INTRA-EX;202510;513881387;204-5408;87089997;FR;PT;10;EXW;11;3;;1;1;144;;QV999999999999;
INTRA-EX;202510;513881387;ECA913BK;84213100;FR;PT;10;EXW;11;3;;3,6;1;260;;QV999999999999;
INTRA-EX;202510;513881387;SAUP087;87089997;FR;PT;10;EXW;11;3;;12,4;1;318;;QV999999999999;
INTRA-EX;202510;513881387;280-T002;87089997;FR;PT;10;EXW;11;3;;0,4;1;276;;QV999999999999;
INTRA-EX;202510;513881387;ACCLAMP3;96072090;FR;PT;10;EXW;11;3;;0,2;5;24;;QV999999999999;
INTRA-EX;202510;513881387;FMDVMK7R-ALL;87089997;FR;PT;10;EXW;11;3;;0,6;1;225;;FR10838197143;
INTRA-EX;202510;513881387;8E0971824S-RD;84099100;FR;PT;10;EXW;11;3;;0,2;1;14;;QV999999999999;
INTRA-EX;202510;513881387;BKR7EIX-4;84099100;FR;PT;10;EXW;11;3;;0,3;1;40;;QV999999999999;
INTRA-EX;202510;513881387;06E898001-4;85111000;FR;PT;10;EXW;11;3;;1,5;1;102;;QV999999999999;
INTRA-EX;202510;513881387;10.127.101TK;87089997;FR;PT;10;EXW;11;3;;0,3;1;23;;QV999999999999;
INTRA-EX;202510;513881387;SILZKGR8B8S-6;85111000;FR;PT;10;EXW;11;3;;0,4;1;59;;QV999999999999;
INTRA-EX;202510;513881387;613182.654150;87089997;FR;PT;10;EXW;11;3;;0,5;1;62;;QV999999999999;
INTRA-EX;202510;513881387;034-108-1015;84213100;FR;PT;10;EXW;11;3;;4,6;1;702;;FR05522412154;
INTRA-EX;202510;513881387;SAUS107CF;87089235;FR;PT;10;EXW;11;3;;25,2;1;1525;;FR06821613569;
INTRA-EX;202510;513881387;AC-N55-INLET;40091100;FR;PT;10;EXW;11;3;;1,4;1;125;;FR07818794620;
INTRA-EX;202510;513881387;ARMABMWF30-A;84213100;FR;PT;10;EXW;11;3;;4,9;1;1306;;FR07818794620;
INTRA-EX;202510;513881387;33005-AF018;84213100;FR;PT;10;EXW;11;3;;9;1;1499;;FR08848538377;
INTRA-EX;202510;513881387;ARMABM92M3-A;84213100;FR;PT;10;EXW;11;3;;5,2;1;1330;;FR09538385113;
INTRA-EX;202510;513881387;ATMSYGR06;87089997;FR;PT;10;EXW;11;3;;3,9;1;318;;FR11452992845;
INTRA-EX;202510;513881387;ATINTYGR1;87089997;FR;PT;10;EXW;11;3;;13,2;1;750;;FR11452992845;
INTRA-EX;202510;513881387;UBT39;87088035;FR;PT;10;EXW;11;3;;1,1;1;103;;FR11452992845;
INTRA-EX;202510;513881387;SMBS003;87089235;FR;PT;10;EXW;11;3;;26;1;1376;;FR11808645576;
INTRA-EX;202510;513881387;F1555P+F1557P-30;87082910;FR;PT;10;EXW;11;3;;2,4;1;1201;;FR12792690208;
INTRA-EX;202510;513881387;AC-C8RS-DPHS;87089997;FR;PT;10;EXW;11;3;;9,1;1;668;;FR12812220770;
INTRA-EX;202510;513881387;10.127.100K;84132000;FR;PT;10;EXW;11;3;;0,3;1;377;;FR12812220770;
INTRA-EX;202510;513881387;CTS-B8S4-AWIC;84198998;FR;PT;10;EXW;11;3;;10;1;719;;FR13529158636;
INTRA-EX;202510;513881387;CI100042;84213100;FR;PT;10;EXW;11;3;;4,8;1;1457;;FR14503639650;
INTRA-EX;202510;513881387;SBMB050;87089235;FR;PT;10;EXW;11;3;;23;1;700;;FR16812002004;
INTRA-EX;202510;513881387;ILZKAR8H8S-4;85111000;FR;PT;10;EXW;11;3;;0,3;1;86;;FR16892316258;
INTRA-EX;202510;513881387;EVE-FK2V2-CF-LHD-INT;84213100;FR;PT;10;EXW;11;3;;3,7;1;1450;;FR16892316258;
INTRA-EX;202510;513881387;FMINT4-ACC;87089997;FR;PT;10;EXW;11;3;;20,5;1;1412;;FR18809388663;
INTRA-EX;202510;513881387;AC-MK7-HPFP;87089997;FR;PT;10;EXW;11;3;;1,6;1;593;;FR21842127813;
INTRA-EX;202510;513881387;SVWC043;87089235;FR;PT;10;EXW;11;3;;8,6;1;448;;FR21842127813;
INTRA-EX;202510;513881387;CTS-EXH-DP-0014;87089997;FR;PT;10;EXW;11;3;;6;1;486;;FR23812965960;
INTRA-EX;202510;513881387;AC-MK7-CP-4;84099100;FR;PT;10;EXW;11;3;;1;1;134;;FR23812965960;
INTRA-EX;202510;513881387;EUPD4003209R;84099100;FR;PT;10;EXW;11;3;;1,4;1;832;;FR23813497617;
INTRA-EX;202510;513881387;D650-0003-4;84099100;FR;PT;10;EXW;11;3;;1,7;1;136;;FR23829958032;
INTRA-EX;202510;513881387;GSV70-91SS2;87089997;FR;PT;10;EXW;11;3;;25;1;866;;FR23829958032;
INTRA-EX;202510;513881387;FMKCR56-BLA;40091100;FR;PT;10;EXW;11;3;;1,6;1;313;;FR23829958032;
INTRA-EX;202510;513881387;BMF58X;87088055;FR;PT;10;EXW;11;3;;7,9;1;285;;FR29825099401;
INTRA-EX;202510;513881387;KCA428;87088055;FR;PT;10;EXW;11;3;;3;1;226;;FR29825099401;
INTRA-EX;202510;513881387;KTA137;87088055;FR;PT;10;EXW;11;3;;3;1;302;;FR29825099401;
INTRA-EX;202510;513881387;0W40;27101999;FR;PT;10;EXW;11;3;;1,9;2;65;;FR29825099401;
INTRA-EX;202510;513881387;SRN031;87089235;FR;PT;10;EXW;11;3;;21,8;1;862;;FR31834233439;
INTRA-EX;202510;513881387;ATMSREN4;87089997;FR;PT;10;EXW;11;3;;2;1;386;;FR35504243288;
INTRA-EX;202510;513881387;ATINTREN7;87089199;FR;PT;10;EXW;11;3;;15;1;601;;FR35504243288;
INTRA-EX;202510;513881387;3795704935SP;87087099;FR;PT;10;EXW;11;3;;6,9;4;1135;;FR35798099065;
INTRA-EX;202510;513881387;AC-UNI-WD;87089997;FR;PT;10;EXW;11;3;;0,2;2;31;;FR36519452080;
INTRA-EX;202510;513881387;CI100039-B;40091100;FR;PT;10;EXW;11;3;;1,7;1;179;;FR36519452080;
INTRA-EX;202510;513881387;CI100039;40091100;FR;PT;10;EXW;11;3;;2;1;289;;FR36519452080;
INTRA-EX;202510;513881387;9-655-1025;84133080;FR;PT;10;EXW;11;3;;0,8;1;198;;FR36519452080;
INTRA-EX;202510;513881387;FPHWK-10-HD;84133080;FR;PT;10;EXW;11;3;;0,9;1;76;;FR36519452080;
INTRA-EX;202510;513881387;FMDV004-POL;84814090;FR;PT;10;EXW;11;3;;0,4;1;114;;FR36519452080;
INTRA-EX;202510;513881387;FMVWQS;87089997;FR;PT;10;EXW;11;3;;0,7;1;117;;FR36519452080;
INTRA-EX;202510;513881387;CTS-IT-341;40091100;FR;PT;10;EXW;11;3;;1,4;1;242;;FR36519452080;
INTRA-EX;202510;513881387;FMINT4-ACC;87089997;FR;PT;10;EXW;11;3;;20,5;1;1412;;FR37789181112;
INTRA-EX;202510;513881387;MS100195-5;84133020;FR;PT;10;EXW;11;3;;2,2;1;605;;FR38814811196;
INTRA-EX;202510;513881387;PF04;85444290;RO;PT;10;EXW;11;3;;0,2;1;207;;QV999999999999;
INTRA-EX;202510;513881387;AC-MK7-TI;40091100;SK;PT;10;EXW;11;3;;1,3;1;108;;SK2121638398;
INTRA-EX;202510;513881387;AC-MK7-TO;87089997;SK;PT;10;EXW;11;3;;2,1;1;86;;SK2121638398;
INTRA-EX;202510;513881387;AC-MK7-INLET;40091100;SK;PT;10;EXW;11;3;;0,3;1;67;;SK2121638398;
INTRA-EX;202510;513881387;AC-MK7-IT;84198998;SK;PT;10;EXW;11;3;;4,3;1;194;;SK2121638398;
INTRA-EX;202510;513881387;MMIG-VLSTR-19T04;85111000;SK;PT;10;EXW;11;3;;1,7;1;98;;SK2120005943;
INTRA-EX;202510;513881387;FM225IND-BLU;40093100;HR;PT;10;EXW;11;3;;1;1;184;;QV999999999999;
INTRA-EX;202510;513881387;CTS-IT-800;84213100;HR;PT;10;EXW;11;3;;4,3;1;266;;QV999999999999;
INTRA-EX;202510;513881387;SFDC082;87089235;SI;PT;10;EXW;11;3;;5,6;1;224;;SI53848870;
INTRA-EX;202510;513881387;034-401-1006;87089997;DE;PT;10;EXW;11;3;;3,2;1;325;;QV999999999999;
INTRA-EX;202510;513881387;CTS-IT-275;87089235;DE;PT;10;EXW;11;3;;1,9;1;171;;QV999999999999;
INTRA-EX;202510;513881387;ATIKVAG19-RD;84213100;GR;PT;10;EXW;11;3;;4,9;2;379;;GREL802913609;
INTRA-EX;202510;513881387;AC-MQB-IC;84198998;GR;PT;10;EXW;11;3;;16,3;1;281;;GREL802913609;
INTRA-EX;202510;513881387;MS100208;85111000;GR;PT;10;EXW;11;3;;0,3;8;199;;GREL802913609;
INTRA-EX;202510;513881387;D760-0067;84099100;GR;PT;10;EXW;11;3;;1,5;1;111;;GREL802913609;
INTRA-EX;202510;513881387;CTS-IT-270R;84213100;GR;PT;10;EXW;11;3;;4,3;1;247;;GREL802913609;
INTRA-EX;202510;513881387;SBW0271-4P-BK;87083091;GR;PT;10;EXW;11;3;;0,4;1;63;;GREL802913609;
INTRA-EX;202510;513881387;FMDV004-POL;84814090;GR;PT;10;EXW;11;3;;0,4;1;87;;GREL163940830;
INTRA-EX;202510;513881387;VWR140013;40091100;GR;PT;10;EXW;11;3;;3;1;279;;GREL163940830;
INTRA-EX;202510;513881387;AC-200-DP;87089235;GR;PT;10;EXW;11;3;;10;1;131;;GREL163940830;
INTRA-EX;202510;513881387;MMICP-EVO-10LBK;84213100;GR;PT;10;EXW;11;3;;3,1;1;169;;GREL802913609;
INTRA-EX;202510;513881387;BMF73;87089235;GR;PT;10;EXW;11;3;;6,1;1;160;;GREL802913609;
INTRA-EX;202510;513881387;BMR72Z;87089997;GR;PT;10;EXW;11;3;;3,9;1;152;;GREL802913609;
INTRA-EX;202510;513881387;UR-RE2-1645;87088055;GR;PT;10;EXW;11;3;;3;1;74;;GREL802913609;
INTRA-EX;202510;513881387;AC-MK8-DPHS;87089235;BE;PT;10;EXW;11;3;;8,3;1;304;;QV999999999999;
INTRA-EX;202510;513881387;CI100038-B;40091100;BE;PT;10;EXW;11;3;;1,6;1;303;;QV999999999999;
INTRA-EX;202510;513881387;EVE-C7RS6-CF-INT;84213100;NL;PT;10;EXW;11;3;;6;1;1678;;NL866996473B01;
INTRA-EX;202510;513881387;SFDX082;87089235;NL;PT;10;EXW;11;3;;6,5;1;418;;NL866860666B01;
INTRA-EX;202510;513881387;SFD084D;87089235;NL;PT;10;EXW;11;3;;21,5;1;767;;NL866860666B01;
INTRA-EX;202510;513881387;UR-LA2-829;87088055;NL;PT;10;EXW;11;3;;1,4;1;70;;QV999999999999;
INTRA-EX;202510;513881387;TS-0223-1091;87089997;IT;PT;10;EXW;11;3;;0,4;1;149;;IT02710790060;
INTRA-EX;202510;513881387;EVE-C7RS6-CF-INT;84213100;IT;PT;10;EXW;11;3;;6;1;1678;;IT02710790060;
INTRA-EX;202510;513881387;EVE-GR4-CF-INT;84213100;IT;PT;10;EXW;11;3;;4,9;1;975;;IT16332121009;
INTRA-EX;202510;513881387;VWR1200R601E;84213100;IT;PT;10;EXW;11;3;;4,9;1;338;;IT03656931205;
INTRA-EX;202510;513881387;058198025A;87089997;IT;PT;10;EXW;11;3;;0,3;2;11;;IT04149040232;
INTRA-EX;202510;513881387;058253039L;87089997;IT;PT;10;EXW;11;3;;0,1;2;8;;IT04149040232;
INTRA-EX;202510;513881387;058129717D;87089235;IT;PT;10;EXW;11;3;;0,1;2;4;;IT04149040232;
INTRA-EX;202510;513881387;U5014;84099100;IT;PT;10;EXW;11;3;;0,3;4;86;;IT04149040232;
INTRA-EX;202510;513881387;9-655-1025;84133080;IT;PT;10;EXW;11;3;;0,8;1;129;;IT04149040232;
INTRA-EX;202510;513881387;AC-180-CPA;87089997;IT;PT;10;EXW;11;3;;0,5;1;29;;IT04149040232;
INTRA-EX;202510;513881387;71008-AF005;84213100;IT;PT;10;EXW;11;3;;1,4;1;223;;IT02710790060;
INTRA-EX;202510;513881387;CTS-HW-540;40091100;IT;PT;10;EXW;11;3;;2;1;265;;QV999999999999;
INTRA-EX;202510;513881387;SNN0910-1C-BK;40093100;IT;PT;10;EXW;11;3;;0,3;1;34;;IT00961200888;
INTRA-EX;202510;513881387;MMHOSE-350Z-03IHBK;87089235;IT;PT;10;EXW;11;3;;1;1;93;;IT00961200888;
INTRA-EX;202510;513881387;VWR12UPITINLET;84213100;IT;PT;10;EXW;11;3;;0,4;1;110;;QV999999999999;
INTRA-EX;202510;513881387;IMS-8V8S-GRK;87089997;ES;PT;10;EXW;11;3;;0,2;2;117;;QV999999999999;
INTRA-EX;202510;513881387;UR-TW2-1269;87088055;ES;PT;10;EXW;11;3;;3,1;1;68;;ES18062887K;
INTRA-EX;202510;513881387;MMHOSE-RX8-03BK;40091100;ES;PT;10;EXW;11;3;;0,7;1;76;;ESB66283003;
INTRA-EX;202510;513881387;MMHOSE-WRX-01RD;40093100;ES;PT;10;EXW;11;3;;0,7;1;85;;ESB66283003;
INTRA-EX;202510;513881387;CTS-IT-105R;84213100;ES;PT;10;EXW;11;3;;4,6;1;224;;ESB88553946;
INTRA-EX;202510;513881387;SBW1162-4P-BK;87083091;ES;PT;10;EXW;11;3;;0,5;1;63;;ESB04855516;
INTRA-EX;202510;513881387;VWR180003;87089997;ES;PT;10;EXW;11;3;;0,1;1;21;;ESB04855516;
INTRA-EX;202510;513881387;VWR120000;84213100;ES;PT;10;EXW;11;3;;1;1;30;;ESB04855516;
INTRA-EX;202510;513881387;DBA2472S-2;87089997;ES;PT;10;EXW;11;3;;19;1;233;;QV999999999999;
INTRA-EX;202510;513881387;FMBH7-BLACK;40093100;ES;PT;10;EXW;11;3;;0,5;1;57;;QV999999999999;
INTRA-EX;202510;513881387;216BFWAOPSM;90269000;ES;PT;10;EXW;11;3;;0,4;1;46;;QV999999999999;
INTRA-EX;202510;513881387;216BFWAOTSM;90269000;ES;PT;10;EXW;11;3;;0,3;1;39;;QV999999999999;
INTRA-EX;202510;513881387;216BFWAFPSM;90262020;ES;PT;10;EXW;11;3;;0,4;1;46;;QV999999999999;
INTRA-EX;202510;513881387;MMOP-TPS;84099100;ES;PT;10;EXW;11;3;;0,4;1;54;;QV999999999999;
INTRA-EX;202510;513881387;SRN0615-4P-BK;87083091;ES;PT;10;EXW;11;3;;0,5;1;78;;QV999999999999;
INTRA-EX;202510;513881387;AC-MK8R-DP;87089235;ES;PT;10;EXW;11;3;;10,2;1;307;;ES09214511K;
INTRA-EX;202510;513881387;COMBO-NOV-MQB;84213100;ES;PT;10;EXW;11;3;;5,5;1;446;;ESB01550060;
INTRA-EX;202510;513881387;MS100192-4;84099100;ES;PT;10;EXW;11;3;;1,7;1;181;;QV999999999999;
INTRA-EX;202510;513881387;FMFK054-BLU;87089997;ES;PT;10;EXW;11;3;;1;1;105;;QV999999999999;
INTRA-EX;202510;513881387;AC-MK7-DP;87089235;ES;PT;10;EXW;11;3;;9,2;1;223;;QV999999999999;
INTRA-EX;202510;513881387;Z-331238;87089997;ES;PT;10;EXW;11;3;;2;1;167;;QV999999999999;
INTRA-EX;202510;513881387;VWR630000;87141030;ES;PT;10;EXW;11;3;;1,9;1;155;;ESB01796796;
INTRA-EX;202510;513881387;238CLSDWAWT-R;87089997;ES;PT;10;EXW;11;3;;0,6;1;48;;QV999999999999;
INTRA-EX;202510;513881387;9-654-1025;84133080;ES;PT;10;EXW;11;3;;0,8;1;163;;QV999999999999;
INTRA-EX;202510;513881387;52009-AK005;84213100;ES;PT;10;EXW;11;3;;0,4;1;19;;QV999999999999;
INTRA-EX;202510;513881387;52006-AK004;84213100;ES;PT;10;EXW;11;3;;0,6;1;13;;QV999999999999;
INTRA-EX;202510;513881387;52006-AK003;84213100;ES;PT;10;EXW;11;3;;1;1;14;;QV999999999999;
INTRA-EX;202510;513881387;15w50-2;27101999;ES;PT;10;EXW;11;3;;4,8;3;81;;QV999999999999;
INTRA-EX;202510;513881387;10.127.101K;84133080;ES;PT;10;EXW;11;3;;0,3;1;312;;QV999999999999;
INTRA-EX;202510;513881387;10.127.101TK;87089997;ES;PT;10;EXW;11;3;;0,3;1;22;;QV999999999999;
INTRA-EX;202510;513881387;SBW1170-4P-BK;87083091;ES;PT;10;EXW;11;3;;0,5;1;96;;QV999999999999;
INTRA-EX;202510;513881387;SBW1178-4P-BK;87083091;ES;PT;10;EXW;11;3;;0,5;1;83;;QV999999999999;
INTRA-EX;202510;513881387;RBF660;27101999;ES;PT;10;EXW;11;3;;0,6;3;35;;QV999999999999;
INTRA-EX;202510;513881387;Z-341225;87089997;ES;PT;10;EXW;11;3;;2,4;1;169;;ESB62888458;
INTRA-EX;202510;513881387;06E898001-4;85111000;ES;PT;10;EXW;11;3;;1,5;1;101;;QV999999999999;
INTRA-EX;202510;513881387;CTS-HW-046;87089997;ES;PT;10;EXW;11;3;;0,3;1;107;;QV999999999999;
INTRA-EX;202510;513881387;5B7880H-STD;40091100;ES;PT;10;EXW;11;3;;0,3;2;108;;ESA60479078;
INTRA-EX;202510;513881387;MMEXH-MUS8-15HP;87089235;ES;PT;10;EXW;11;3;;5;1;250;;QV999999999999;
INTRA-EX;202510;513881387;R28-10-2;40091100;ES;PT;10;EXW;11;3;;1;1;83;;ES09214511K;
INTRA-EX;202510;513881387;D650-0003-6;84099100;ES;PT;10;EXW;11;3;;2,4;1;173;;QV999999999999;
INTRA-EX;202510;513881387;SILZKBR8D8S-6;84099100;ES;PT;10;EXW;11;3;;0,4;1;67;;QV999999999999;
INTRA-EX;202510;513881387;AC-BM-ODP;87089997;ES;PT;10;EXW;11;3;;0,1;1;12;;QV999999999999;
INTRA-EX;202510;513881387;TS-0203-1266;87089997;ES;PT;10;EXW;11;3;;0,4;1;143;;ESB44835106;
INTRA-EX;202510;513881387;SBW1176-4P-BK;87083091;ES;PT;10;EXW;11;3;;0,5;1;77;;QV999999999999;
INTRA-EX;202510;513881387;STY0015-4P-BK;87083091;ES;PT;10;EXW;11;3;;0,5;2;157;;ESB12863981;
INTRA-EX;202510;513881387;SAU0431-4P-BK;87083091;ES;PT;10;EXW;11;3;;0,5;1;78;;QV999999999999;
INTRA-EX;202510;513881387;UR-FD3-019;87088055;ES;PT;10;EXW;11;3;;3;1;159;;QV999999999999;
INTRA-EX;202510;513881387;BKR8EIX-4;85111000;ES;PT;10;EXW;11;3;;0,3;3;128;;QV999999999999;
INTRA-EX;202510;513881387;06E898001-4;85111000;ES;PT;10;EXW;11;3;;1,5;1;102;;ES44655867x;
INTRA-EX;202510;513881387;IFR7X8G-4;84099100;ES;PT;10;EXW;11;3;;0,3;1;64;;ES44655867x;
INTRA-EX;202510;513881387;BKR7EIX-4;84099100;ES;PT;10;EXW;11;3;;0,3;1;40;;QV999999999999;
INTRA-EX;202510;513881387;613182.654150;87089997;ES;PT;10;EXW;11;3;;0,5;1;62;;QV999999999999;
INTRA-EX;202510;513881387;FMCTMK7;84099100;ES;PT;10;EXW;11;3;;1,6;1;324;;QV999999999999;
INTRA-EX;202510;513881387;ILFR7H-5;85111000;ES;PT;10;EXW;11;3;;0,3;1;68;;QV999999999999;
INTRA-EX;202510;513881387;06E898001-4;85111000;ES;PT;10;EXW;11;3;;1,5;1;101;;QV999999999999;
INTRA-EX;202510;513881387;ITGHYUNDAIi20NSH;84213100;ES;PT;10;EXW;11;3;;1,3;1;107;;QV999999999999;
INTRA-EX;202510;513881387;CTS-HW-205-4;87089997;ES;PT;10;EXW;11;3;;0,3;1;74;;QV999999999999;
INTRA-EX;202510;513881387;4B8310H-STD;40091100;ES;PT;10;EXW;11;3;;0,2;1;46;;QV999999999999;
INTRA-EX;202510;513881387;E90-57-002-01-22;73202081;FR;PT;10;EXW;11;3;;20,8;1;835;;FR40819531831;
INTRA-EX;202510;513881387;ATINTVAG12;87089135;FR;PT;10;EXW;11;3;;18;1;811;;FR43509340188;
INTRA-EX;202510;513881387;CTS-IT-810;40091100;FR;PT;10;EXW;11;3;;2,5;1;264;;FR44843962317;
INTRA-EX;202510;513881387;CTS-EXH-DP-0023;87089235;FR;PT;10;EXW;11;3;;0,8;1;319;;FR44843962317;
INTRA-EX;202510;513881387;U5055-6;84099100;FR;PT;10;EXW;11;3;;2,1;1;158;;FR44843962317;
INTRA-EX;202510;513881387;SILZKBR8D8S-6;84099100;FR;PT;10;EXW;11;3;;0,4;1;79;;FR44843962317;
INTRA-EX;202510;513881387;KCA472;87088035;FR;PT;10;EXW;11;3;;2;1;232;;FR46810264259;
INTRA-EX;202510;513881387;MS100208-4;84099100;FR;PT;10;EXW;11;3;;1,7;1;143;;FR46810264259;
INTRA-EX;202510;513881387;BKR7EIX-4;84099100;FR;PT;10;EXW;11;3;;0,3;1;48;;FR46810264259;
INTRA-EX;202510;513881387;AC-200-CFA;87089997;FR;PT;10;EXW;11;3;;0,1;1;29;;FR46810264259;
INTRA-EX;202510;513881387;CTS-IT-105R;84213100;FR;PT;10;EXW;11;3;;4,6;1;307;;FR46810264259;
INTRA-EX;202510;513881387;CTS-HS-150;87089997;FR;PT;10;EXW;11;3;;0,6;1;44;;FR46810264259;
INTRA-EX;202510;513881387;JSK-101-DD;84213100;FR;PT;10;EXW;11;3;;4,4;1;299;;FR47503616963;
INTRA-EX;202510;513881387;CTS-EXH-DP-0003;87089235;FR;PT;10;EXW;11;3;;7,5;1;479;;FR47503616963;
INTRA-EX;202510;513881387;001422.999502;84836080;FR;PT;10;EXW;11;3;;7;1;673;;FR48881778997;
INTRA-EX;202510;513881387;613182.654150;87089997;FR;PT;10;EXW;11;3;;0,5;1;75;;FR48881778997;
INTRA-EX;202510;513881387;32018-AZ010;84213100;FR;PT;10;EXW;11;3;;13;1;806;;FR51825111792;
INTRA-EX;202510;513881387;AC-200-HPFP;87089997;FR;PT;10;EXW;11;3;;1;1;575;;FR52839374543;
INTRA-EX;202510;513881387;AC-200-CFA-KIT;87089997;FR;PT;10;EXW;11;3;;0,1;1;38;;FR52839374543;
INTRA-EX;202510;513881387;CTS-IT-105R;84213100;FR;PT;10;EXW;11;3;;4,6;1;307;;FR52839374543;
INTRA-EX;202510;513881387;FMMD1;87089997;FR;PT;10;EXW;11;3;;0,7;1;149;;FR52839374543;
INTRA-EX;202510;513881387;VSUB8-C1AA2;73209090;FR;PT;10;EXW;11;3;;25;1;1060;;FR53830473112;
INTRA-EX;202510;513881387;50003-MR45XLZ-4;87089997;FR;PT;10;EXW;11;3;;0,3;1;104;;FR53830473112;
INTRA-EX;202510;513881387;ES-351102;87083099;FR;PT;10;EXW;11;3;;1,7;1;73;;FR53830473112;
INTRA-EX;202510;513881387;ES-375131;87083099;FR;PT;10;EXW;11;3;;1,2;1;57;;FR53830473112;
INTRA-EX;202510;513881387;001422.999502;84836080;FR;PT;10;EXW;11;3;;7;1;673;;FR54423658087;
INTRA-EX;202510;513881387;IC100019;85111000;FR;PT;10;EXW;11;3;;15,3;1;1199;;FR54450521752;
INTRA-EX;202510;513881387;001422.999502;84836080;FR;PT;10;EXW;11;3;;7;1;673;;FR56810999102;
INTRA-EX;202510;513881387;613182.654150;87089997;FR;PT;10;EXW;11;3;;0,5;1;75;;FR56810999102;
INTRA-EX;202510;513881387;KT4026;87089997;FR;PT;10;EXW;11;3;;1,1;1;1029;;FR57798802872;
INTRA-EX;202510;513881387;FMKCR56-BLU;40091100;FR;PT;10;EXW;11;3;;1,6;1;328;;FR57838267516;
INTRA-EX;202510;513881387;FMR56IND-BLU;40093100;FR;PT;10;EXW;11;3;;0,8;1;149;;FR57838267516;
INTRA-EX;202510;513881387;FMKTR56-BLU;40091100;FR;PT;10;EXW;11;3;;0,8;1;125;;FR57838267516;
INTRA-EX;202510;513881387;ATINTMINI01;87089135;FR;PT;10;EXW;11;3;;7,5;1;453;;FR57838267516;
INTRA-EX;202510;513881387;SMNC011;87089235;FR;PT;10;EXW;11;3;;3;1;217;;FR57838267516;
INTRA-EX;202510;513881387;FMDVMCS;84814090;FR;PT;10;EXW;11;3;;0,2;1;79;;FR57838267516;
INTRA-EX;202510;513881387;ILZKBR7B8G-4;87089997;FR;PT;10;EXW;11;3;;0,3;1;44;;FR57838267516;
INTRA-EX;202510;513881387;U5055-4;84099100;FR;PT;10;EXW;11;3;;1,5;1;105;;FR57838267516;
INTRA-EX;202510;513881387;MMINT-MK6-06;87089199;FR;PT;10;EXW;11;3;;14,4;1;864;;FR63813526019;
INTRA-EX;202510;513881387;STYC009;87089235;FR;PT;10;EXW;11;3;;10,7;1;764;;FR67823735238;
INTRA-EX;202510;513881387;32018-AZ010;84213100;FR;PT;10;EXW;11;3;;13;1;806;;FR71538891409;
INTRA-EX;202510;513881387;ATIKSUZ1;84213100;FR;PT;10;EXW;11;3;;4,6;1;436;;FR72812143675;
INTRA-EX;202510;513881387;ATMSSUZ3;87089997;FR;PT;10;EXW;11;3;;2,4;1;318;;FR72812143675;
INTRA-EX;202510;513881387;71008-AS013;84213100;FR;PT;10;EXW;11;3;;1,8;1;339;;FR72812143675;
INTRA-EX;202510;513881387;VWR12G7R601;84213100;FR;PT;10;EXW;11;3;;5,2;1;585;;FR77537634776;
INTRA-EX;202510;513881387;002352.999502;84836080;FR;PT;10;EXW;11;3;;6,8;1;673;;FR84750466617;
INTRA-EX;202510;513881387;ATIKFO14;87089997;FR;PT;10;EXW;11;3;;4,5;1;669;;FR84813706058;
INTRA-EX;202510;513881387;JSK-121-BK;84213100;FR;PT;10;EXW;11;3;;4;1;350;;FR85800015349;
INTRA-EX;202510;513881387;AC-MK7-MD;87089997;FR;PT;10;EXW;11;3;;0,4;1;79;;FR85800015349;
INTRA-EX;202510;513881387;AC-MK7-INLET;40091100;FR;PT;10;EXW;11;3;;0,3;1;80;;FR85800015349;
INTRA-EX;202510;513881387;RBF600;27101999;FR;PT;10;EXW;11;3;;0,6;3;34;;FR85800015349;
INTRA-EX;202510;513881387;SSE0426-4P-BK;87083091;FR;PT;10;EXW;11;3;;0,5;1;94;;FR85800015349;
INTRA-EX;202510;513881387;883089.000135A;84836080;FR;PT;10;EXW;11;3;;15,5;1;1408;;FR89530098268;
INTRA-EX;202510;513881387;613182.654150;87089997;FR;PT;10;EXW;11;3;;0,5;1;75;;FR89530098268;
INTRA-EX;202510;513881387;10.127.203K;84132000;FR;PT;10;EXW;11;3;;0,3;1;377;;FR89841571961;
INTRA-EX;202510;513881387;R7437-9-4;87089997;FR;PT;10;EXW;11;3;;0,3;1;199;;FR89841571961;
INTRA-EX;202510;513881387;10.127.203T;87089997;FR;PT;10;EXW;11;3;;0,1;1;16;;FR89841571961;
INTRA-EX;202510;513881387;MS100192-4;84099100;FR;PT;10;EXW;11;3;;1,7;1;216;;FR89841571961;
INTRA-EX;202510;513881387;204-5408;87089997;FR;PT;10;EXW;11;3;;1;1;186;;FR90833667108;
INTRA-EX;202510;513881387;204-4302;87089997;FR;PT;10;EXW;11;3;;1,5;1;227;;FR90833667108;
INTRA-EX;202510;513881387;R-AUD-001-I;84099100;FR;PT;10;EXW;11;3;;3,5;1;628;;FR90833667108;
INTRA-EX;202510;513881387;ATINTHYU1;87089997;FR;PT;10;EXW;11;3;;15,5;1;624;;FR91853808350;
INTRA-EX;202510;513881387;CTS-IGN-006;84099100;FR;PT;10;EXW;11;3;;0,3;4;119;;FR09800029712;
INTRA-EX;202510;513881387;R7437-9;85111000;FR;PT;10;EXW;11;3;;0,1;4;145;;FR09800029712;
INTRA-EX;202510;513881387;SILZKFR8F7S;85111000;FR;PT;10;EXW;11;3;;0,1;14;115;;FR43935269613;
INTRA-EX;202510;513881387;SILZKGR8C8S;85111000;FR;PT;10;EXW;11;3;;0,1;12;186;;FR43935269613;
INTRA-EX;202510;513881387;SILZKBR8D8S;85111000;FR;PT;10;EXW;11;3;;0,1;16;156;;FR43935269613;
INTRA-EX;202510;513881387;SILFER8C7ES;85111000;FR;PT;10;EXW;11;3;;0,1;51;535;;FR43935269613;
INTRA-EX;202510;513881387;D760-0063;84099100;FR;PT;10;EXW;11;3;;6,3;1;1330;;FR09800029712;
INTRA-EX;202510;513881387;CTS-IT-300R;84213100;FR;PT;10;EXW;11;3;;4,1;1;247;;FR09800029712;
INTRA-EX;202510;513881387;EVE-RS5-CF-INT;84213100;FR;PT;10;EXW;11;3;;6;1;1818;;FR82530667591;
INTRA-EX;202510;513881387;KLC167A;87088055;FR;PT;10;EXW;11;3;;1,4;1;136;;QV999999999999;
INTRA-EX;202510;513881387;X11127570292ALBK;87089997;FR;PT;10;EXW;11;3;;7,5;1;216;;QV999999999999;
INTRA-EX;202510;513881387;ES-331238;87089997;FR;PT;10;EXW;11;3;;1,6;1;61;;QV999999999999;
INTRA-EX;202510;513881387;PM100332;87089997;FR;PT;10;EXW;11;3;;0,2;1;16;;QV999999999999;
INTRA-EX;202510;513881387;06K103213A;40091100;FR;PT;10;EXW;11;3;;0,1;1;16;;QV999999999999;
INTRA-EX;202510;513881387;VWR12G7R601FO;84213100;FR;PT;10;EXW;11;3;;0,9;1;150;;QV999999999999;
INTRA-EX;202510;513881387;06K103495AC;87089997;FR;PT;10;EXW;11;3;;0,6;1;32;;QV999999999999;
INTRA-EX;202510;513881387;FMDVK04D;84814090;FR;PT;10;EXW;11;3;;0,2;1;145;;QV999999999999;
INTRA-EX;202510;513881387;AC-MK8-DPHS;87089235;FR;PT;10;EXW;11;3;;8,3;1;307;;FR36852855436;
INTRA-EX;202510;513881387;AC-200-PCVD;87089997;FR;PT;10;EXW;11;3;;0,5;1;48;;QV999999999999;
INTRA-EX;202510;513881387;CTS-IGN-009;84099100;FR;PT;10;EXW;11;3;;0,3;4;127;;QV999999999999;
INTRA-EX;202510;513881387;ILZTR6A8G-4;84099100;FR;PT;10;EXW;11;3;;0,2;1;33;;QV999999999999;
INTRA-EX;202510;513881387;ES-335161;87089997;FR;PT;10;EXW;11;3;;1;1;46;;QV999999999999;
INTRA-EX;202510;513881387;BBF43;87088055;FR;PT;10;EXW;11;3;;6,7;1;154;;QV999999999999;
INTRA-EX;202510;513881387;AC-W205-DPHS;87089997;FR;PT;10;EXW;11;3;;9,3;1;509;;FR31909238883;
INTRA-EX;202510;513881387;AC-200-CFA-KIT;87089997;FR;PT;10;EXW;11;3;;0,1;1;32;;QV999999999999;
INTRA-EX;202510;513881387;WHT005184;40091100;FR;PT;10;EXW;11;3;;0,1;1;8;;QV999999999999;
INTRA-EX;202510;513881387;FMINDK30-RED;84213100;FR;PT;10;EXW;11;3;;5,9;1;233;;QV999999999999;
INTRA-EX;202510;513881387;AC-211-OT;84198998;FR;PT;10;EXW;11;3;;1,3;1;97;;QV999999999999;
INTRA-EX;202510;513881387;FMRLH-RED;40093100;FR;PT;10;EXW;11;3;;0,7;1;61;;QV999999999999;
INTRA-EX;202510;513881387;06D115562;84099100;FR;PT;10;EXW;11;3;;0,2;1;4;;QV999999999999;
INTRA-EX;202510;513881387;8E0971824S-RD;84099100;FR;PT;10;EXW;11;3;;0,2;1;14;;QV999999999999;
INTRA-EX;202510;513881387;420103485B;70102000;FR;PT;10;EXW;11;3;;0,1;1;23;;QV999999999999;
INTRA-EX;202510;513881387;FMMKV1-BLA;40091100;FR;PT;10;EXW;11;3;;0,3;1;32;;QV999999999999;
INTRA-EX;202510;513881387;FMKC010-RED;40093100;FR;PT;10;EXW;11;3;;1;1;222;;QV999999999999;
INTRA-EX;202510;513881387;BKR8EIX-4;85111000;FR;PT;10;EXW;11;3;;0,3;1;43;;QV999999999999;
INTRA-EX;202510;513881387;CTS-EXH-TP-0011;87089235;FR;PT;10;EXW;11;3;;7,8;1;149;;FR17521211201;
INTRA-EX;202510;513881387;1033BLK;84213100;FR;PT;10;EXW;11;3;;0,3;1;21;;QV999999999999;
INTRA-EX;202510;513881387;613182.654150;87089997;FR;PT;10;EXW;11;3;;0,5;1;62;;QV999999999999;
INTRA-EX;202510;513881387;WHT005185;84133080;FR;PT;10;EXW;11;3;;0,1;1;8;;QV999999999999;
INTRA-EX;202510;513881387;MS100123;87089997;FR;PT;10;EXW;11;3;;1;1;299;;QV999999999999;
INTRA-EX;202510;513881387;SILZKGR8B8S-4;84099100;FR;PT;10;EXW;11;3;;0,3;1;40;;QV999999999999;
INTRA-EX;202510;513881387;SILZKBR8D8S-6;84099100;FR;PT;10;EXW;11;3;;0,4;1;68;;QV999999999999;
INTRA-EX;202510;513881387;SBW0261-4P-BK;87083091;FR;PT;10;EXW;11;3;;0,5;1;84;;QV999999999999;
INTRA-EX;202510;513881387;TS-0601-2222;87089997;FR;PT;10;EXW;11;3;;0,8;1;146;;QV999999999999;
INTRA-EX;202510;513881387;SILZKBR8D8S-6;84099100;FR;PT;10;EXW;11;3;;0,4;1;68;;QV999999999999;
INTRA-EX;202510;513881387;AC-200-EVAP;87089997;FR;PT;10;EXW;11;3;;0,3;1;20;;QV999999999999;
INTRA-EX;202510;513881387;VWR900001-4;84099100;FR;PT;10;EXW;11;3;;1,8;1;174;;QV999999999999;
INTRA-EX;202510;513881387;11127565286;84836080;FR;PT;10;EXW;11;3;;0,4;1;10;;QV999999999999;
INTRA-EX;202510;513881387;Z-341225;87089997;FR;PT;10;EXW;11;3;;2,4;1;169;;QV999999999999;
INTRA-EX;202510;513881387;ATIKBMW7;84213100;FR;PT;10;EXW;11;3;;8;1;812;;FR00498422856;
INTRA-EX;202510;513881387;SBMC098;87089235;FR;PT;10;EXW;11;3;;7,3;1;568;;FR00498422856;
INTRA-EX;202510;513881387;FMMK7INDH-BLU;40093100;FR;PT;10;EXW;11;3;;0,8;1;67;;QV999999999999;
INTRA-EX;202510;513881387;AC-211-CFA;87089997;FR;PT;10;EXW;11;3;;0,1;1;24;;QV999999999999;
INTRA-EX;202510;513881387;FMTUBL15;87089997;FR;PT;10;EXW;11;3;;0,6;1;106;;QV999999999999;
INTRA-EX;202510;513881387;MMBCC-F80-15CBE;87089997;FR;PT;10;EXW;11;3;;1,4;1;228;;QV999999999999;
INTRA-EX;202510;513881387;RBF600;27101999;FR;PT;10;EXW;11;3;;0,6;6;57;;FR89838537801;
INTRA-EX;202510;513881387;VWR13G700-SERV;87089997;FR;PT;10;EXW;11;3;;0,1;1;31;;QV999999999999;
INTRA-EX;202510;513881387;FMMK7INDH-BLA;40093100;FR;PT;10;EXW;11;3;;0,8;1;67;;QV999999999999;
INTRA-EX;202510;513881387;FMACVAG08;84099100;FR;PT;10;EXW;11;3;;0,5;1;144;;QV999999999999;
INTRA-EX;202510;513881387;ILFR7H-5;85111000;FR;PT;10;EXW;11;3;;0,3;1;68;;QV999999999999;
INTRA-EX;202510;513881387;FMDVR60R;84814090;FR;PT;10;EXW;11;3;;0,7;1;206;;QV999999999999;
INTRA-EX;202510;513881387;ATMSFO124;87089997;FR;PT;10;EXW;11;3;;3;1;179;;QV999999999999;
INTRA-EX;202510;513881387;PH/INDFO22;40093100;FR;PT;10;EXW;11;3;;0,6;1;62;;QV999999999999;
INTRA-EX;202510;513881387;6B1584H-STD;40091100;FR;PT;10;EXW;11;3;;0,4;1;143;;QV999999999999;
INTRA-EX;202510;513881387;CTS-EM-MK456-4-60D;84099100;FR;PT;10;EXW;11;3;;2,5;1;116;;QV999999999999;
INTRA-EX;202510;513881387;6-1002-FRB;84133080;FR;PT;10;EXW;11;3;;0,4;1;114;;QV999999999999;
INTRA-EX;202510;513881387;MMHOSE-370Z-09BK;40091100;FR;PT;10;EXW;11;3;;1,5;1;57;;QV999999999999;
INTRA-EX;202510;513881387;MMODP-12125B;87089997;FR;PT;10;EXW;11;3;;0,1;1;15;;QV999999999999;
INTRA-EX;202510;513881387;50-1200;87089997;FR;PT;10;EXW;11;3;;0,5;1;123;;QV999999999999;
INTRA-EX;202510;513881387;UR-TW2-1444;87088055;FR;PT;10;EXW;11;3;;2,5;1;114;;QV999999999999;
INTRA-EX;202510;513881387;03K906051;90269000;FR;PT;10;EXW;11;3;;0,1;1;19;;QV999999999999;
INTRA-EX;202510;513881387;MS100192-4;84099100;FR;PT;10;EXW;11;3;;1,7;1;183;;QV999999999999;
INTRA-EX;202510;513881387;50003-M45-XL-4;84213100;FR;PT;10;EXW;11;3;;0,3;1;81;;QV999999999999;
INTRA-EX;202510;513881387;AC-MK8-DPHS;87089235;FR;PT;10;EXW;11;3;;8,3;1;307;;QV999999999999;
INTRA-EX;202510;513881387;022905715B-6;84099100;FR;PT;10;EXW;11;3;;2,1;1;162;;QV999999999999;
INTRA-EX;202510;513881387;KCA472;87088035;FR;PT;10;EXW;11;3;;2;1;193;;QV999999999999;
INTRA-EX;202510;513881387;VIB-1458;87089235;FR;PT;10;EXW;11;3;;0,2;1;6;;QV999999999999;
INTRA-EX;202510;513881387;SILZKBR8D8S-6;84099100;FR;PT;10;EXW;11;3;;0,4;1;68;;QV999999999999;
INTRA-EX;202510;513881387;UR-TW2-4172;87088055;FR;PT;10;EXW;11;3;;3;1;129;;QV999999999999;
INTRA-EX;202510;513881387;AC-B9RS-DPHS;87089997;FR;PT;10;EXW;11;3;;6,6;1;532;;FR09951192475;
INTRA-EX;202510;513881387;BKR8EIX-4;85111000;FR;PT;10;EXW;11;3;;0,3;1;43;;QV999999999999;
INTRA-EX;202510;513881387;06E898001-5;84099100;FR;PT;10;EXW;11;3;;1,9;1;127;;QV999999999999;
INTRA-EX;202510;513881387;CG85-02-0023;84213100;FR;PT;10;EXW;11;3;;4;1;316;;QV999999999999;
INTRA-EX;202510;513881387;SILZKBR8D8S-6;84099100;FR;PT;10;EXW;11;3;;0,4;1;68;;QV999999999999;
INTRA-EX;202510;513881387;U5055-6;84099100;FR;PT;10;EXW;11;3;;2,1;1;132;;QV999999999999;
INTRA-EX;202510;513881387;BKR6E-11-4;85111000;FR;PT;10;EXW;11;3;;0,3;1;9;;QV999999999999;
INTRA-EX;202510;513881387;R7437-9-4;87089997;FR;PT;10;EXW;11;3;;0,3;1;171;;QV999999999999;
INTRA-EX;202510;513881387;MS100208-4;84099100;FR;PT;10;EXW;11;3;;1,7;2;254;;QV999999999999;
INTRA-EX;202510;513881387;CTS-IT-500;40091100;FR;PT;10;EXW;11;3;;1,6;1;149;;QV999999999999;
INTRA-EX;202510;513881387;MS100185;84835020;FR;PT;10;EXW;11;3;;2,2;1;599;;FR92527935654;
INTRA-EX;202510;513881387;SFDP090;87089997;FR;PT;10;EXW;11;3;;8,2;1;324;;FR92815251400;
INTRA-EX;202510;513881387;SFDS090;87089235;FR;PT;10;EXW;11;3;;16,5;1;611;;FR92815251400;
INTRA-EX;202510;513881387;BMF74;87089235;FR;PT;10;EXW;11;3;;8,5;1;321;;FR92852993906;
INTRA-EX;202510;513881387;BMR74Z;87089235;FR;PT;10;EXW;11;3;;6;1;239;;FR92852993906;
INTRA-EX;202510;513881387;UR-RL2-3056;87088055;FR;PT;10;EXW;11;3;;0,9;1;99;;FR92852993906;
INTRA-EX;202510;513881387;UR-ML2-3055;87088055;FR;PT;10;EXW;11;3;;2;1;116;;FR92852993906;
INTRA-EX;202510;513881387;001394.999502;84836080;FR;PT;10;EXW;11;3;;6,7;1;673;;FR94327703922;
INTRA-EX;202510;513881387;613182.654150;87089997;FR;PT;10;EXW;11;3;;0,5;1;75;;FR94327703922;
INTRA-EX;202510;513881387;SMA0112-4P-RD;87083091;FR;PT;10;EXW;11;3;;0,5;1;113;;FR94843535469;
INTRA-EX;202510;513881387;SD-3513149;87089997;FR;PT;10;EXW;11;3;;12,7;1;241;;FR94843535469;
INTRA-EX;202510;513881387;DBA2965S-2;87089997;FR;PT;10;EXW;11;3;;8,9;1;209;;FR94843535469;
INTRA-EX;202510;513881387;ES-351301;87089997;FR;PT;10;EXW;11;3;;1,3;1;83;;FR94843535469;
INTRA-EX;202510;513881387;ES-355270;87089997;FR;PT;10;EXW;11;3;;1;1;64;;FR94843535469;
INTRA-EX;202510;513881387;RBF600;27101999;FR;PT;10;EXW;11;3;;0,6;4;46;;FR94843535469;
INTRA-EX;202510;513881387;VWR1200R601E;84213100;FR;PT;10;EXW;11;3;;4,9;1;628;;FR95849530522;
INTRA-EX;202510;513881387;VWR120003;87089997;FR;PT;10;EXW;11;3;;1,3;1;306;;FR95849530522;
INTRA-EX;202510;513881387;SAU077;87089235;FR;PT;10;EXW;11;3;;25;1;1186;;FR96811318310;
INTRA-EX;202510;513881387;SRNS031;87089235;FR;PT;10;EXW;11;3;;21,8;1;754;;FR96845021542;
INTRA-EX;202510;513881387;VWR19G706;87089997;FR;PT;10;EXW;11;3;;0,4;1;106;;FR56881616460;
INTRA-EX;202510;513881387;VWR19G702;70102000;FR;PT;10;EXW;11;3;;0,1;1;98;;FR56881616460;
INTRA-EX;202510;513881387;VWR19G703;70102000;FR;PT;10;EXW;11;3;;0,2;1;114;;FR56881616460;
INTRA-EX;202510;513881387;VWR19G701;87089997;FR;PT;10;EXW;11;3;;0,2;1;81;;FR56881616460;
INTRA-EX;202510;513881387;R7437-9-4;87089997;FR;PT;10;EXW;11;3;;0,3;1;199;;FR56881616460;
INTRA-EX;202510;513881387;WKE259M775;87082910;FR;PT;10;EXW;11;3;;1,9;1;694;;FR56788432052;
INTRA-EX;202510;513881387;005EA14139;84099100;FR;PT;10;EXW;11;3;;2,4;1;442;;FR56788432052;
INTRA-EX;202510;513881387;4B7787H-STD;40091100;FR;PT;10;EXW;11;3;;0,3;1;99;;FR56788432052;
INTRA-EX;202510;513881387;5M7788H-STD;40091100;FR;PT;10;EXW;11;3;;0,2;1;124;;FR56788432052;
INTRA-EX;202510;513881387;001422.999502;84836080;FR;PT;10;EXW;11;3;;7;1;673;;FR96322604471;
INTRA-EX;202510;513881387;JSK-101-DD;84213100;FR;PT;10;EXW;11;3;;4,4;1;299;;FR75853251791;
INTRA-EX;202510;513881387;1K0253144BD;40091100;FR;PT;10;EXW;11;3;;0,2;1;11;;FR75853251791;
INTRA-EX;202510;513881387;AC-200R-DP;87089235;FR;PT;10;EXW;11;3;;10;1;299;;FR75853251791;
INTRA-EX;202510;513881387;CTS-TR-1000;87089997;FR;PT;10;EXW;11;3;;10;1;999;;FR66847706686;
INTRA-EX;202510;513881387;RF100029;84099100;FR;PT;10;EXW;11;3;;0,5;1;53;;FR79889743548;
INTRA-EX;202510;513881387;MMTS-GLF-15;90321020;FR;PT;10;EXW;11;3;;0,2;1;49;;FR79889743548;
INTRA-EX;202510;513881387;613182.654150;87089997;FR;PT;10;EXW;11;3;;0,5;1;75;;FR79889743548;
INTRA-EX;202510;513881387;002352.999502;84836080;FR;PT;10;EXW;11;3;;6,8;1;673;;FR79889743548;
INTRA-EX;202510;513881387;MMOC-E60-06;87089997;FR;PT;10;EXW;11;3;;6,6;1;602;;FR72794112151;
INTRA-EX;202510;513881387;001394.999502;84836080;FR;PT;10;EXW;11;3;;6,7;1;673;;FR03839398906;
INTRA-EX;202510;513881387;EVE-FK2V2-CF-LHD-INT;84213100;FR;PT;10;EXW;11;3;;3,7;1;1450;;FR29793777616;
INTRA-EX;202510;513881387;CI100052;84213100;FR;PT;10;EXW;11;3;;4,5;1;334;;FR29831444559;
INTRA-EX;202510;513881387;CI100052-A;84213100;FR;PT;10;EXW;11;3;;1,7;1;123;;FR29831444559;
INTRA-EX;202510;513881387;MS100227;84213100;FR;PT;10;EXW;11;3;;0,8;1;185;;FR29831444559;
INTRA-EX;202510;513881387;MS100226;40093100;FR;PT;10;EXW;11;3;;2,5;1;228;;FR29831444559;
INTRA-EX;202510;513881387;MS100224;87089997;FR;PT;10;EXW;11;3;;0,5;1;59;;FR29831444559;
INTRA-EX;202510;513881387;MS100223;84213100;FR;PT;10;EXW;11;3;;1,3;1;166;;FR29831444559;
INTRA-EX;202510;513881387;EVE-F4XB48-CF-INT;84213100;FR;PT;10;EXW;11;3;;3,7;1;1485;;FR32827601808;
INTRA-EX;202510;513881387;FMEC4;87089997;FR;PT;10;EXW;11;3;;1,6;1;318;;FR60843587288;
INTRA-EX;202510;513881387;FMINLH11-BLU;40091100;FR;PT;10;EXW;11;3;;0,6;1;141;;FR60843587288;
INTRA-EX;202510;513881387;AC-500-VRH-BL;40093100;FR;PT;10;EXW;11;3;;0,2;1;23;;FR60843587288;
INTRA-EX;202510;513881387;FMINDF500-BLU-PLE;84213100;FR;PT;10;EXW;11;3;;3;1;353;;FR60843587288;
INTRA-EX;202510;513881387;UR-AR23-361;87088055;FR;PT;10;EXW;11;3;;4,6;1;249;;FR93901613281;
INTRA-EX;202510;513881387;UR-RE2-177;87088055;FR;PT;10;EXW;11;3;;2;1;127;;FR93901613281;
INTRA-EX;202510;513881387;UR-RL2-2887;87088055;FR;PT;10;EXW;11;3;;1,3;1;105;;FR93901613281;
INTRA-EX;202510;513881387;ML2-2884;87088055;FR;PT;10;EXW;11;3;;3;1;179;;FR93901613281;
INTRA-EX;202510;513881387;001422.999502;84836080;FR;PT;10;EXW;11;3;;7;1;673;;FR03828884494;
INTRA-EX;202510;513881387;613182.654150;87089997;FR;PT;10;EXW;11;3;;0,5;1;75;;FR03828884494;
INTRA-EX;202510;513881387;KTA253;87089235;FR;PT;10;EXW;11;3;;7,5;1;512;;FR29851163592;
INTRA-EX;202510;513881387;KCA472;87088035;FR;PT;10;EXW;11;3;;2;1;206;;FR29851163592;
INTRA-EX;202510;513881387;420121321;84099100;FR;PT;10;EXW;11;3;;0,1;1;34;;FR29851163592;
INTRA-EX;202510;513881387;420103485B;70102000;FR;PT;10;EXW;11;3;;0,1;1;27;;FR29851163592;
INTRA-EX;202510;513881387;001394.999505;84836080;FR;PT;10;EXW;11;3;;6,8;1;717;;FR68818227837;
INTRA-EX;202510;513881387;613182.654150;87089997;FR;PT;10;EXW;11;3;;0,5;1;75;;FR68818227837;
INTRA-EX;202510;513881387;SR-225-BL-ECU;84213100;FR;PT;10;EXW;11;3;;2,5;1;280;;FR28824546048;
INTRA-EX;202510;513881387;ATMSFO6-BL;84099100;FR;PT;10;EXW;11;3;;5,4;1;542;;FR28824546048;
INTRA-EX;202510;513881387;SBMC090;87089235;FR;PT;10;EXW;11;3;;9;1;605;;FR22892227505;
INTRA-EX;202510;513881387;10.127.100K;84132000;CY;PT;10;EXW;11;3;;0,3;1;227;;CY00781748Y;
INTRA-EX;202510;513881387;SAUC074;87089235;CY;PT;10;EXW;11;3;;12;1;277;;CY00781748Y;
INTRA-EX;202510;513881387;330146R;87089235;CY;PT;10;EXW;11;3;;1;1;115;;CY00781748Y;
INTRA-EX;202510;513881387;9-655-1025;84133080;CY;PT;10;EXW;11;3;;0,8;1;129;;CY00781748Y;
INTRA-EX;202510;513881387;AC-MK7R-DP;87089235;CY;PT;10;EXW;11;3;;11,6;1;279;;QV999999999999;
INTRA-EX;202510;513881387;ATINTFO44;87089135;SK;PT;10;EXW;11;3;;14,5;1;473;;SK2120270581;
INTRA-EX;202510;513881387;FMVWQS;87089997;SK;PT;10;EXW;11;3;;0,7;1;95;;QV999999999999;
INTRA-EX;202510;513881387;MS100192-4;84099100;HR;PT;10;EXW;11;3;;1,7;1;175;;QV999999999999;
INTRA-EX;202510;513881387;AC-B58-TP;40091100;SI;PT;10;EXW;11;3;;1,7;1;153;;SI31023223;
INTRA-EX;202510;513881387;R7437-9-4;87089997;HR;PT;10;EXW;11;3;;0,3;1;171;;HR83950396431;
INTRA-EX;202510;513881387;BWR23Z;87088055;HR;PT;10;EXW;11;3;;7,4;1;217;;HR83950396431;
INTRA-EX;202510;513881387;VWR180004;87089997;HR;PT;10;EXW;11;3;;0,1;1;38;;HR83950396431;
INTRA-EX;202510;513881387;AC-VAG-BC;87089997;HR;PT;10;EXW;11;3;;0,2;1;22;;HR83950396431;
INTRA-EX;202510;513881387;AC-IS-TB;87089997;HR;PT;10;EXW;11;3;;0,3;1;44;;HR83950396431;
INTRA-EX;202510;513881387;AC-MK7-OC;87089997;HR;PT;10;EXW;11;3;;0,3;1;29;;HR83950396431;
INTRA-EX;202510;513881387;CTS-IGN-007;84099100;HR;PT;10;EXW;11;3;;0,3;4;140;;HR83950396431;
INTRA-EX;202510;513881387;UR-AF23-316;87088055;HR;PT;10;EXW;11;3;;6;1;186;;HR83950396431;
INTRA-EX;202510;513881387;CI100067;84213100;HU;PT;10;EXW;11;3;;5,1;1;575;;HU25464285;
INTRA-EX;202510;513881387;9-655-1025;84133080;HU;PT;10;EXW;11;3;;0,8;1;129;;HU25464285;
INTRA-EX;202510;513881387;SAUX079;87089235;HU;PT;10;EXW;11;3;;11;1;669;;HU25464285;
INTRA-EX;202510;513881387;BKR7EIX-4;84099100;DE;PT;10;EXW;11;3;;0,3;1;40;;QV999999999999;
INTRA-EX;202510;513881387;8E0971824S-RD;84099100;DE;PT;10;EXW;11;3;;0,2;1;14;;QV999999999999;
INTRA-EX;202510;513881387;7-502;84133080;DE;PT;10;EXW;11;3;;1;1;148;;QV999999999999;
INTRA-EX;202510;513881387;ACSP1;84099100;GR;PT;10;EXW;11;3;;0,5;1;21;;QV999999999999;
INTRA-EX;202510;513881387;MS100192;85111000;BE;PT;10;EXW;11;3;;0,3;8;298;;BE0740963105;
INTRA-EX;202510;513881387;AUC8R-DD;87089235;BE;PT;10;EXW;11;3;;8,4;1;1196;;BE0740963105;
INTRA-EX;202510;513881387;SBW0271-4P-BK;87083091;BE;PT;10;EXW;11;3;;0,4;2;126;;BE0740963105;
INTRA-EX;202510;513881387;MMSD-G80-21WBK;87089135;BE;PT;10;EXW;11;3;;4,8;2;583;;BE0667689206;
INTRA-EX;202510;513881387;SAUP087;87089997;NL;PT;10;EXW;11;3;;12,4;1;229;;NL866860666B01;
INTRA-EX;202510;513881387;CTS-IT-341;40091100;NL;PT;10;EXW;11;3;;1,4;1;164;;NL866860666B01;
INTRA-EX;202510;513881387;MS100208;85111000;NL;PT;10;EXW;11;3;;0,3;4;99;;NL866860666B01;
INTRA-EX;202510;513881387;AC-OPC-DP;87089235;NL;PT;10;EXW;11;3;;1,7;1;65;;NL866860666B01;
INTRA-EX;202510;513881387;MMHOSE-350Z-03IHBL;87089235;NL;PT;10;EXW;11;3;;1;1;69;;NL866860666B01;
INTRA-EX;202510;513881387;MMAF-4007;84213100;NL;PT;10;EXW;11;3;;0,8;1;35;;NL866860666B01;
INTRA-EX;202510;513881387;EVE-2TFSI-CF-INT;84213100;NL;PT;10;EXW;11;3;;3,1;1;663;;NL866996473B01;
INTRA-EX;202510;513881387;MMRAD-CIV-92;87089135;NL;PT;10;EXW;11;3;;4,2;1;145;;NL857445832B01;
INTRA-EX;202510;513881387;MMRAD-S2K-00;87089135;NL;PT;10;EXW;11;3;;7,8;1;228;;NL857445832B01;
INTRA-EX;202510;513881387;SP-201;32081090;NL;PT;10;EXW;11;3;;0,5;8;130;;NL857445832B01;
INTRA-EX;202510;513881387;SP-128;32081090;NL;PT;10;EXW;11;3;;0,5;2;26;;NL857445832B01;
INTRA-EX;202510;513881387;SP-27;32081090;NL;PT;10;EXW;11;3;;0,5;4;51;;NL857445832B01;
INTRA-EX;202510;513881387;U5014;84099100;NL;PT;10;EXW;11;3;;0,3;4;86;;NL866860666B01;
INTRA-EX;202510;513881387;AC-R56-TB;87089997;NL;PT;10;EXW;11;3;;0,4;1;39;;NL866860666B01;
INTRA-EX;202510;513881387;AC-BMB-CP-6;85111000;NL;PT;10;EXW;11;3;;3,5;1;122;;QV999999999999;
INTRA-EX;202510;513881387;EVE-ST38Y-CF-INT;84213100;IT;PT;10;EXW;11;3;;7;1;1285;;IT02710790060;
INTRA-EX;202510;513881387;SVA0715-6P-BK;87083091;IT;PT;10;EXW;11;3;;0,6;1;76;;IT03656931205;
INTRA-EX;202510;513881387;AC-MK7-RL;87088055;IT;PT;10;EXW;11;3;;0,5;1;40;;IT12072620011;
INTRA-EX;202510;513881387;AC-MK7-MD;87089997;IT;PT;10;EXW;11;3;;0,4;1;43;;IT12072620011;
INTRA-EX;202510;513881387;AC-MK7-INLET;40091100;IT;PT;10;EXW;11;3;;0,3;1;45;;IT12072620011;
INTRA-EX;202510;513881387;AC-MQB-IC;84198998;IT;PT;10;EXW;11;3;;16,3;1;281;;IT12072620011;
INTRA-EX;202510;513881387;UR-TW2-3047;87088055;IT;PT;10;EXW;11;3;;3;2;150;;IT12072620011;
INTRA-EX;202510;513881387;MMRAD-WRX-01;87089135;IT;PT;10;EXW;11;3;;7,2;1;209;;IT03656931205;
INTRA-EX;202510;513881387;SME0455-4P-RD;87083091;IT;PT;10;EXW;11;3;;0,5;1;51;;IT03656931205;
INTRA-EX;202510;513881387;FMINLD1;84213100;IT;PT;10;EXW;11;3;;1,3;1;299;;IT08839490011;
INTRA-EX;202510;513881387;FMINDK43;84213100;IT;PT;10;EXW;11;3;;3,1;1;337;;IT08839490011;
INTRA-EX;202510;513881387;FMINDK45-FOAM;84213100;IT;PT;10;EXW;11;3;;6,2;1;169;;IT08839490011;
INTRA-EX;202510;513881387;SPR0850-4P-YE;87083099;IT;PT;10;EXW;11;3;;1;1;51;;IT02710790060;
INTRA-EX;202510;513881387;SBW0901-4P-RD;87083091;IT;PT;10;EXW;11;3;;0,5;1;51;;IT02710790060;
INTRA-EX;202510;513881387;CTS-IGN-008;84099100;IT;PT;10;EXW;11;3;;0,3;6;206;;QV999999999999;
INTRA-EX;202510;513881387;AC-211-HPFP;84132000;ES;PT;10;EXW;11;3;;1,5;1;487;;ES44747717K;
INTRA-EX;202510;513881387;CTS-IT-220R;84213100;ES;PT;10;EXW;11;3;;4,5;1;280;;ES44747717K;
INTRA-EX;202510;513881387;9-350;87089997;ES;PT;10;EXW;11;3;;1,2;1;161;;ES44747717K;
INTRA-EX;202510;513881387;1K1819653B;84099100;ES;PT;10;EXW;11;3;;0,5;1;8;;ES44747717K;
INTRA-EX;202510;513881387;AC-200-DP;87089235;ES;PT;10;EXW;11;3;;10;1;131;;ESB42771618;
INTRA-EX;202510;513881387;DV100001;84213100;ES;PT;10;EXW;11;3;;0,5;1;199;;ESB42771618;
INTRA-EX;202510;513881387;AC-MK7-DP;87089235;ES;PT;10;EXW;11;3;;9,2;1;155;;ESB42771618;
INTRA-EX;202510;513881387;SAUX089;87089235;ES;PT;10;EXW;11;3;;11;1;824;;ESB42771618;
INTRA-EX;202510;513881387;PP1956;84213100;ES;PT;10;EXW;11;3;;0,7;1;55;;ESB19781145;
INTRA-EX;202510;513881387;PP1221;84213100;ES;PT;10;EXW;11;3;;0,5;1;20;;ESB19781145;
INTRA-EX;202510;513881387;AC-W205-DPHS;87089997;ES;PT;10;EXW;11;3;;9,3;1;341;;ESB19781145;
INTRA-EX;202510;513881387;AC-N55-TP;40091100;ES;PT;10;EXW;11;3;;1,7;1;107;;ESB19781145;
INTRA-EX;202510;513881387;BKR7EIX;85111000;ES;PT;10;EXW;11;3;;0,1;4;34;;ES44719365M;
INTRA-EX;202510;513881387;U5014;84099100;ES;PT;10;EXW;11;3;;0,3;4;86;;ES44719365M;
INTRA-EX;202510;513881387;VWR31G8GT;87089997;ES;PT;10;EXW;11;3;;8,5;2;322;;ESB42954230;
INTRA-EX;202510;513881387;SFDC091;87089235;ES;PT;10;EXW;11;3;;7;1;240;;ESB42954230;
INTRA-EX;202510;513881387;VWR160001;87089997;ES;PT;10;EXW;11;3;;0,4;1;86;;ESB42954230;
INTRA-EX;202510;513881387;VWR81G700;87088055;ES;PT;10;EXW;11;3;;2,6;1;319;;ESB42954230;
INTRA-EX;202510;513881387;VWR1200R601E;84213100;ES;PT;10;EXW;11;3;;4,9;1;338;;ESB42954230;
INTRA-EX;202510;513881387;MS100244-6;85111000;ES;PT;10;EXW;11;3;;2;1;204;;QV999999999999;
INTRA-EX;202510;513881387;9-350;87089997;ES;PT;10;EXW;11;3;;1,2;1;160;;QV999999999999;
INTRA-EX;202510;513881387;9-350-bracket;87089997;ES;PT;10;EXW;11;3;;0,2;1;7;;QV999999999999;
INTRA-EX;202510;513881387;LFR6AIX-11-6;85111000;ES;PT;10;EXW;11;3;;0,4;1;60;;QV999999999999;
INTRA-EX;202510;513881387;FMBGMCS;90262020;ES;PT;10;EXW;11;3;;0,1;1;37;;ESB93360485;
INTRA-EX;202510;513881387;KLC202;87088035;ES;PT;10;EXW;11;3;;1;1;135;;QV999999999999;
INTRA-EX;202510;513881387;BKR7EIX-4;84099100;ES;PT;10;EXW;11;3;;0,3;1;40;;QV999999999999;
INTRA-EX;202510;513881387;1J0201511A;84099100;ES;PT;10;EXW;11;3;;0,4;1;5;;QV999999999999;
INTRA-EX;202510;513881387;SFD0121-4P-BK;87083091;ES;PT;10;EXW;11;3;;0,5;1;77;;QV999999999999;
INTRA-EX;202510;513881387;9-654-1025;84133080;ES;PT;10;EXW;11;3;;0,8;1;163;;QV999999999999;
INTRA-EX;202510;513881387;CTS-HW-567;87089997;ES;PT;10;EXW;11;3;;4,6;1;172;;ES73575914H;
INTRA-EX;202510;513881387;50003-MR45XLZ-4;87089997;ES;PT;10;EXW;11;3;;0,3;1;132;;ES73575914H;
INTRA-EX;202510;513881387;9-301-1000;84133080;ES;PT;10;EXW;11;3;;0,5;1;139;;QV999999999999;
INTRA-EX;202510;513881387;MMAI-MUS8-15BK;84213100;ES;PT;10;EXW;11;3;;6,5;1;295;;QV999999999999;
INTRA-EX;202510;513881387;LTR7IX-11-8;84099100;ES;PT;10;EXW;11;3;;0,5;1;72;;QV999999999999;
INTRA-EX;202510;513881387;C9000;87089997;ES;PT;10;EXW;11;3;;1;2;24;;QV999999999999;
INTRA-EX;202510;513881387;FMFSITVR-BLK;84814090;ES;PT;10;EXW;11;3;;0,7;1;189;;QV999999999999;
INTRA-EX;202510;513881387;71008-AK001;84814090;ES;PT;10;EXW;11;3;;1;1;175;;QV999999999999;
INTRA-EX;202510;513881387;R7437-8-4;84099100;ES;PT;10;EXW;11;3;;0,3;1;164;;QV999999999999;
INTRA-EX;202510;513881387;SBW1162-4P-BK;87083091;ES;PT;10;EXW;11;3;;0,5;1;84;;ES77493267B;
INTRA-EX;202510;513881387;SVW0630-4P-BK;87083091;ES;PT;10;EXW;11;3;;0,5;1;77;;QV999999999999;
INTRA-EX;202510;513881387;RBF600;27101999;ES;PT;10;EXW;11;3;;0,6;3;28;;QV999999999999;
INTRA-EX;202510;513881387;CLK-2;84213100;ES;PT;10;EXW;11;3;;1;1;32;;QV999999999999;
INTRA-EX;202510;513881387;PFR7Z-TG-4;84099100;ES;PT;10;EXW;11;3;;0,3;1;36;;QV999999999999;
INTRA-EX;202510;513881387;PP1723;84213100;ES;PT;10;EXW;11;3;;0,4;1;37;;QV999999999999;
INTRA-EX;202510;513881387;SP1140WB;84213100;ES;PT;10;EXW;11;3;;3,8;1;332;;QV999999999999;
INTRA-EX;202510;513881387;613182.654150;87089997;ES;PT;10;EXW;11;3;;0,5;1;62;;QV999999999999;
INTRA-EX;202510;513881387;SAU0651-4P-BK;87083091;ES;PT;10;EXW;11;3;;0,5;1;78;;QV999999999999;
INTRA-EX;202510;513881387;DBA2832S-2;87089997;ES;PT;10;EXW;11;3;;23;1;214;;QV999999999999;
INTRA-EX;202510;513881387;RBF600;27101999;ES;PT;10;EXW;11;3;;0,6;3;28;;QV999999999999;
INTRA-EX;202510;513881387;AC-500-TB;87089997;ES;PT;10;EXW;11;3;;0,3;1;52;;QV999999999999;
INTRA-EX;202510;513881387;CTS-IGN-007;84099100;ES;PT;10;EXW;11;3;;0,3;4;140;;ES29203511C;
INTRA-EX;202510;513881387;FMDV20-BLA;84818040;ES;PT;10;EXW;11;3;;0,6;1;179;;QV999999999999;
INTRA-EX;202510;513881387;FMDVK04D;84814090;ES;PT;10;EXW;11;3;;0,2;1;144;;QV999999999999;
INTRA-EX;202510;513881387;SMA0600-4P-BK;87083091;ES;PT;10;EXW;11;3;;0,5;1;77;;ES47631175S;
INTRA-EX;202510;513881387;SMA0600-1P-BK;87083091;ES;PT;10;EXW;11;3;;0,3;1;17;;ES47631175S;
INTRA-EX;202510;513881387;R-AUD-010-I;84833080;ES;PT;10;EXW;11;3;;3,3;1;523;;ESB93360485;
INTRA-EX;202510;513881387;4B5562H-STD;40091100;ES;PT;10;EXW;11;3;;0,2;1;68;;ESB93360485;
INTRA-EX;202510;513881387;JE-353849;87082910;ES;PT;10;EXW;11;3;;2,5;1;638;;ESB93360485;
INTRA-EX;202510;513881387;CTS-IT-800;84213100;ES;PT;10;EXW;11;3;;4,3;1;275;;QV999999999999;
INTRA-EX;202510;513881387;SHD0394-6C-BK;87083091;ES;PT;10;EXW;11;3;;0,8;1;195;;QV999999999999;
INTRA-EX;202510;513881387;MMTS-350Z-03L;90321020;ES;PT;10;EXW;11;3;;0,3;1;47;;QV999999999999;
INTRA-EX;202510;513881387;SFD0121-4P-BK;87083091;ES;PT;10;EXW;11;3;;0,5;1;77;;QV999999999999;
INTRA-EX;202510;513881387;RBF660;27101999;ES;PT;10;EXW;11;3;;0,6;2;23;;QV999999999999;
INTRA-EX;202510;513881387;BAF13;84213100;ES;PT;10;EXW;11;3;;4,5;1;163;;QV999999999999;
INTRA-EX;202510;513881387;E10-20-031-09-22;73202081;ES;PT;10;EXW;11;3;;9,2;1;206;;QV999999999999;
INTRA-EX;202510;513881387;06K103495AC;87089997;ES;PT;10;EXW;11;3;;0,6;1;31;;QV999999999999;
INTRA-EX;202510;513881387;MMTS-CTR-17;90321020;ES;PT;10;EXW;11;3;;0,2;1;44;;QV999999999999;
INTRA-EX;202510;513881387;PP2045;84213100;ES;PT;10;EXW;11;3;;0,5;1;37;;QV999999999999;
INTRA-EX;202510;513881387;FM225AH-RED;40093100;ES;PT;10;EXW;11;3;;0,3;1;42;;QV999999999999;
INTRA-EX;202510;513881387;SHY0800-4P-BK;87083091;ES;PT;10;EXW;11;3;;0,8;1;96;;QV999999999999;
INTRA-EX;202510;513881387;RBF600;27101999;ES;PT;10;EXW;11;3;;0,6;2;19;;QV999999999999;
INTRA-EX;202510;513881387;AC-B58-DPHS;87089235;ES;PT;10;EXW;11;3;;3,8;1;252;;QV999999999999;
INTRA-EX;202510;513881387;U5369-4;85111000;ES;PT;10;EXW;11;3;;2;1;92;;QV999999999999;
INTRA-EX;202510;513881387;GTHSB-5;87089997;ES;PT;10;EXW;11;3;;0,1;1;20;;QV999999999999;
INTRA-EX;202510;513881387;SAU0601-4P-RD;87083091;ES;PT;10;EXW;11;3;;0,5;1;77;;QV999999999999;
INTRA-EX;202510;513881387;COASFST16T3;40091100;FR;PT;10;EXW;11;3;;1,7;1;210;;FR89908431539;
INTRA-EX;202510;513881387;MMBCC-N54-06CBE2;87089997;FR;PT;10;EXW;11;3;;2,1;1;139;;FR35504243288;
INTRA-EX;202510;513881387;MMBCC-N54-06CBE2;87089997;FR;PT;10;EXW;11;3;;2,1;1;139;;FR35504243288;
INTRA-EX;202510;513881387;R7437-9;85111000;FR;PT;10;EXW;11;3;;0,1;1;36;;FR89514442177;
INTRA-EX;202510;513881387;CTS-IT-250;84213100;FR;PT;10;EXW;11;3;;6,6;1;284;;FR89514442177;
INTRA-EX;202510;513881387;EVE-RS5-CF-INT;84213100;FR;PT;10;EXW;11;3;;6;1;1818;;FR71838456218;
INTRA-EX;202510;513881387;50003-MR45XLZ-4;87089997;FR;PT;10;EXW;11;3;;0,3;1;132;;QV999999999999;
INTRA-EX;202510;513881387;022905715B-6;84099100;FR;PT;10;EXW;11;3;;2,1;1;162;;QV999999999999;
INTRA-EX;202510;513881387;VWR520000;87089997;FR;PT;10;EXW;11;3;;0,7;1;191;;QV999999999999;
INTRA-EX;202510;513881387;IMS-8V8S-GRK;87089997;FR;PT;10;EXW;11;3;;0,2;1;70;;QV999999999999;
INTRA-EX;202510;513881387;03K906051;90269000;FR;PT;10;EXW;11;3;;0,1;1;19;;QV999999999999;
INTRA-EX;202510;513881387;06E898001-4;85111000;FR;PT;10;EXW;11;3;;1,5;1;102;;QV999999999999;
INTRA-EX;202510;513881387;MMRT-MUS-15EBK;87089997;FR;PT;10;EXW;11;3;;3,4;1;178;;QV999999999999;
INTRA-EX;202510;513881387;06E898001-4;85111000;FR;PT;10;EXW;11;3;;1,5;1;102;;QV999999999999;
INTRA-EX;202510;513881387;BKR8EIX-4;85111000;FR;PT;10;EXW;11;3;;0,3;1;43;;QV999999999999;
INTRA-EX;202510;513881387;Z1003100-5;85111000;FR;PT;10;EXW;11;3;;0,3;1;135;;FR53750449761;
INTRA-EX;202510;513881387;MMOP-TPS;84099100;FR;PT;10;EXW;11;3;;0,4;1;54;;QV999999999999;
INTRA-EX;202510;513881387;216BFWAOTSM;90269000;FR;PT;10;EXW;11;3;;0,3;1;39;;QV999999999999;
INTRA-EX;202510;513881387;L3P3BF2X;87089997;FR;PT;10;EXW;11;3;;1;1;322;;QV999999999999;
INTRA-EX;202510;513881387;R7438-9-5;85111000;FR;PT;10;EXW;11;3;;0,3;1;203;;FR01489991778;
INTRA-EX;202510;513881387;330240R;87089235;FR;PT;10;EXW;11;3;;1;1;157;;FR94439240342;
INTRA-EX;202510;513881387;204-4302;87089997;FR;PT;10;EXW;11;3;;1,5;1;176;;FR94439240342;
INTRA-EX;202510;513881387;CTS-IT-500;40091100;FR;PT;10;EXW;11;3;;1,6;1;149;;QV999999999999;
INTRA-EX;202510;513881387;PFR7Z-TG-4;84099100;FR;PT;10;EXW;11;3;;0,3;1;36;;QV999999999999;
INTRA-EX;202510;513881387;U5001-4;84099100;FR;PT;10;EXW;11;3;;1,5;1;79;;QV999999999999;
INTRA-EX;202510;513881387;MMSK-XT-3;87089997;FR;PT;10;EXW;11;3;;0,3;1;33;;QV999999999999;
INTRA-EX;202510;513881387;03K906051;90269000;FR;PT;10;EXW;11;3;;0,1;1;19;;QV999999999999;
INTRA-EX;202510;513881387;ILFR6B-5;84099100;FR;PT;10;EXW;11;3;;0,3;1;46;;QV999999999999;
INTRA-EX;202510;513881387;AC-200-PCVD;87089997;FR;PT;10;EXW;11;3;;0,5;1;48;;QV999999999999;
INTRA-EX;202510;513881387;BKR8EIX-4;85111000;FR;PT;10;EXW;11;3;;0,3;1;43;;QV999999999999;
INTRA-EX;202510;513881387;06E898001-4;85111000;FR;PT;10;EXW;11;3;;1,5;1;102;;QV999999999999;
INTRA-EX;202510;513881387;R7437-8-4;84099100;FR;PT;10;EXW;11;3;;0,3;1;165;;QV999999999999;
INTRA-EX;202510;513881387;338500FR;87089235;FR;PT;10;EXW;11;3;;1;1;147;;FR32882576267;
INTRA-EX;202510;513881387;MMTS-RSX-02;90321020;FR;PT;10;EXW;11;3;;0,2;1;65;;FR32882576267;
INTRA-EX;202510;513881387;SILZKBR8D8S-6;84099100;FR;PT;10;EXW;11;3;;0,4;1;68;;QV999999999999;
INTRA-EX;202510;513881387;AC-200-HS;87089997;FR;PT;10;EXW;11;3;;0,5;1;22;;QV999999999999;
INTRA-EX;202510;513881387;06E898001-4;85111000;FR;PT;10;EXW;11;3;;1,5;1;102;;QV999999999999;
INTRA-EX;202510;513881387;AC-200-TBH-RD;40093100;FR;PT;10;EXW;11;3;;0,2;1;18;;QV999999999999;
INTRA-EX;202510;513881387;PK419;84213100;FR;PT;10;EXW;11;3;;3,5;1;247;;QV999999999999;
INTRA-EX;202510;513881387;AC-MK7-DP;87089235;FR;PT;10;EXW;11;3;;9,2;1;224;;QV999999999999;
INTRA-EX;202510;513881387;MMHOSE-S2K-00IHRD;40091100;FR;PT;10;EXW;11;3;;0,9;1;98;;QV999999999999;
INTRA-EX;202510;513881387;MMHOSE-S2K-00RD;40091100;FR;PT;10;EXW;11;3;;2;1;114;;QV999999999999;
INTRA-EX;202510;513881387;8E0971824S-RD;84099100;FR;PT;10;EXW;11;3;;0,2;1;14;;QV999999999999;
INTRA-EX;202510;513881387;CTS-IT-105R;84213100;FR;PT;10;EXW;11;3;;4,6;1;256;;QV999999999999;
INTRA-EX;202510;513881387;AMS-00.06.0108-1;87089997;FR;PT;10;EXW;11;3;;0,1;1;4;;QV999999999999;
INTRA-EX;202510;513881387;AC-200-HS;87089997;FR;PT;10;EXW;11;3;;0,5;1;22;;QV999999999999;
INTRA-EX;202510;513881387;82494;84099100;FR;PT;10;EXW;11;3;;1,6;1;206;;FR28879099042;
INTRA-EX;202510;513881387;10.127.203T;87089997;FR;PT;10;EXW;11;3;;0,1;1;14;;QV999999999999;
INTRA-EX;202510;513881387;10.127.203K;84132000;FR;PT;10;EXW;11;3;;0,3;1;314;;QV999999999999;
INTRA-EX;202510;513881387;SSU8003-4P-BK;87083091;FR;PT;10;EXW;11;3;;0,5;1;77;;QV999999999999;
INTRA-EX;202510;513881387;SBW1162-4P-BK;87083091;FR;PT;10;EXW;11;3;;0,5;1;84;;QV999999999999;
INTRA-EX;202510;513881387;SBW1171-4P-BK;87083091;FR;PT;10;EXW;11;3;;0,5;1;84;;QV999999999999;
INTRA-EX;202510;513881387;RBF600;27101999;FR;PT;10;EXW;11;3;;0,6;12;115;;QV999999999999;
INTRA-EX;202510;513881387;MMEXH-MUS8-15XP;87089235;FR;PT;10;EXW;11;3;;8,7;1;259;;FR16901393033;
INTRA-EX;202510;513881387;ALB-S1;84213100;FR;PT;10;EXW;11;3;;0,3;1;41;;QV999999999999;
INTRA-EX;202510;513881387;AC-S2K-FU;87088055;FR;PT;10;EXW;11;3;;3,2;1;89;;QV999999999999;
INTRA-EX;202510;513881387;FMRMIND-BLU;40091100;FR;PT;10;EXW;11;3;;0,9;1;88;;QV999999999999;
INTRA-EX;202510;513881387;FMBPVXA;87089997;FR;PT;10;EXW;11;3;;0,1;1;36;;QV999999999999;
INTRA-EX;202510;513881387;10.127.100K;84132000;FR;PT;10;EXW;11;3;;0,3;1;314;;QV999999999999;
INTRA-EX;202510;513881387;WA302R+L;87088055;FR;PT;10;EXW;11;3;;5,5;1;215;;QV999999999999;
INTRA-EX;202510;513881387;SP-124;32081090;FR;PT;10;EXW;11;3;;0,5;1;21;;QV999999999999;
INTRA-EX;202510;513881387;IZKR7B-6;85111000;FR;PT;10;EXW;11;3;;0,4;1;60;;QV999999999999;
INTRA-EX;202510;513881387;KLC202;87088035;EE;PT;10;EXW;11;3;;1;1;132;;QV999999999999;
INTRA-EX;202510;513881387;KLC167A;87088055;EE;PT;10;EXW;11;3;;1,4;1;132;;QV999999999999;
INTRA-EX;202510;513881387;VWR150000;87089997;EE;PT;10;EXW;11;3;;0,2;1;110;;QV999999999999;
INTRA-EX;202510;513881387;FMDVMK7A-ALL;87089997;IE;PT;10;EXW;11;3;;0,6;1;186;;QV999999999999;
INTRA-EX;202510;513881387;MMRAD-S14-95SRX;87089235;CY;PT;10;EXW;11;3;;8,8;1;280;;QV999999999999;
INTRA-EX;202510;513881387;9-301-1024;84133080;CY;PT;10;EXW;11;3;;0,5;1;141;;QV999999999999;
INTRA-EX;202510;513881387;BKR001Z;87088055;BG;PT;10;EXW;11;3;;4;1;180;;QV999999999999;
INTRA-EX;202510;513881387;BKF001Z;87088055;BG;PT;10;EXW;11;3;;5,8;1;217;;QV999999999999;
INTRA-EX;202510;513881387;AC-Z33-YP;84198998;CY;PT;10;EXW;11;3;;6,6;1;151;;QV999999999999;
INTRA-EX;202510;513881387;CTS-IGN-009;84099100;BG;PT;10;EXW;11;3;;0,3;6;190;;BG205027665;
INTRA-EX;202510;513881387;AC-BMB-CP-6;85111000;BG;PT;10;EXW;11;3;;3,5;1;123;;BG205027665;
INTRA-EX;202510;513881387;D650-0010-6;84099100;FI;PT;10;EXW;11;3;;2,4;2;374;;FI24326363;
INTRA-EX;202510;513881387;EUPD6002209R;84099100;LU;PT;10;EXW;11;3;;2,2;1;787;;LU28446117;
INTRA-EX;202510;513881387;VWR1160RS;84213100;LU;PT;10;EXW;11;3;;1;1;179;;QV999999999999;
INTRA-EX;202510;513881387;VWR1200R600E;84213100;RO;PT;10;EXW;11;3;;4,9;1;483;;RO37171700;
INTRA-EX;202510;513881387;PK380;84213100;RO;PT;10;EXW;11;3;;5,8;1;220;;QV999999999999;
INTRA-EX;202510;513881387;AC-200-HS;87089997;RO;PT;10;EXW;11;3;;0,5;1;22;;QV999999999999;
INTRA-EX;202510;513881387;VWR652000-BLK;87089997;RO;PT;10;EXW;11;3;;36,1;1;1899;;RO37171700;
INTRA-EX;202510;513881387;SHYP102;87089997;RO;PT;10;EXW;11;3;;3;1;312;;QV999999999999;
INTRA-EX;202510;513881387;AC-MK7-IT;84198998;SI;PT;10;EXW;11;3;;4,3;1;194;;SI63173751;
INTRA-EX;202510;513881387;CTS-IT-932;84213100;HR;PT;10;EXW;11;3;;1,4;1;359;;HR59018407849;
INTRA-EX;202510;513881387;CTS-IT-256;40091100;HR;PT;10;EXW;11;3;;2,3;1;179;;HR59018407849;
INTRA-EX;202510;513881387;MS100210-4;84099100;SI;PT;10;EXW;11;3;;1,7;1;125;;QV999999999999;
INTRA-EX;202510;513881387;BKR7EIX-4;84099100;SI;PT;10;EXW;11;3;;0,3;1;39;;QV999999999999;
INTRA-EX;202510;513881387;SAUX089;87089235;PL;PT;10;EXW;11;3;;11;1;824;;PL8141683531;
INTRA-EX;202510;513881387;SAUC093;87089235;PL;PT;10;EXW;11;3;;11,5;1;336;;PL6972395288;
INTRA-EX;202510;513881387;EVE-GR4-CF-INT;84213100;PL;PT;10;EXW;11;3;;4,9;1;1560;;PL5472002575;
INTRA-EX;202510;513881387;CTS-EXH-DP-0017;87089235;PL;PT;10;EXW;11;3;;10;1;611;;PL6831081487;
INTRA-EX;202510;513881387;CI100067;84213100;GR;PT;10;EXW;11;3;;5,1;1;737;;GREL076675972;
INTRA-EX;202510;513881387;DBA419S-2;87089997;GR;PT;10;EXW;11;3;;15;1;230;;GREL076675972;
INTRA-EX;202510;513881387;MST-VW-MK888;84213100;GR;PT;10;EXW;11;3;;3,8;1;381;;GREL076675972;
INTRA-EX;202510;513881387;UR-AF27-377;87088055;GR;PT;10;EXW;11;3;;7,6;1;190;;GREL802913609;
INTRA-EX;202510;513881387;UR-TW2-2762;87088055;GR;PT;10;EXW;11;3;;2;1;85;;GREL802913609;
INTRA-EX;202510;513881387;UR-RL2-1414;87088055;GR;PT;10;EXW;11;3;;1;1;49;;GREL802913609;
INTRA-EX;202510;513881387;AC-45S-DPHS;87089235;GR;PT;10;EXW;11;3;;4,7;1;227;;GREL115989483;
INTRA-EX;202510;513881387;mmai-cla45-14bk;84213100;GR;PT;10;EXW;11;3;;4,1;2;626;;GREL115989483;
INTRA-EX;202510;513881387;ATMSYGR04;87089135;BE;PT;10;EXW;11;3;;4,3;1;414;;QV999999999999;
INTRA-EX;202510;513881387;KDT985;87088055;BE;PT;10;EXW;11;3;;0,1;1;33;;QV999999999999;
INTRA-EX;202510;513881387;VWR140014;87089997;GR;PT;10;EXW;11;3;;0,1;1;30;;QV999999999999;
INTRA-EX;202510;513881387;WHT005185;84133080;GR;PT;10;EXW;11;3;;0,1;1;8;;QV999999999999;
INTRA-EX;202510;513881387;1K0253144AE;87089997;GR;PT;10;EXW;11;3;;1;1;8;;QV999999999999;
INTRA-EX;202510;513881387;FMINDK31;84213100;BE;PT;10;EXW;11;3;;3,5;1;263;;QV999999999999;
INTRA-EX;202510;513881387;FMTIA4-BLA;40093100;BE;PT;10;EXW;11;3;;0,6;1;145;;QV999999999999;
INTRA-EX;202510;513881387;COMBO-NOV-MQB;84213100;BE;PT;10;EXW;11;3;;5,5;1;437;;QV999999999999;
INTRA-EX;202510;513881387;CTS-IT-289;84213100;BE;PT;10;EXW;11;3;;3,3;1;322;;BE0840460260;
INTRA-EX;202510;513881387;AC-S55-DPHS;87089235;BE;PT;10;EXW;11;3;;5,2;1;385;;BE0840460260;
INTRA-EX;202510;513881387;SBMP081;87089235;BE;PT;10;EXW;11;3;;11,3;1;376;;BE0840460260;
INTRA-EX;202510;513881387;AC-S55-IC;84198998;BE;PT;10;EXW;11;3;;7,3;1;449;;BE0840460260;
INTRA-EX;202510;513881387;AC-S55-CHP;84835020;BE;PT;10;EXW;11;3;;0,3;1;74;;BE0840460260;
INTRA-EX;202510;513881387;AC-S55-RAD;84198998;BE;PT;10;EXW;11;3;;8,5;1;449;;BE0840460260;
INTRA-EX;202510;513881387;AC-N55-DP;87089235;BE;PT;10;EXW;11;3;;2,5;1;168;;BE0738962034;
INTRA-EX;202510;513881387;ASKC;33030010;BE;PT;10;EXW;11;3;;0,1;1;1;;QV999999999999;
INTRA-EX;202510;513881387;TFSI3xx-wh;48211010;BE;PT;10;EXW;11;3;;0,1;1;3;;QV999999999999;
INTRA-EX;202510;513881387;TFSI3xx-BK;48211010;BE;PT;10;EXW;11;3;;0,1;1;3;;QV999999999999;
INTRA-EX;202510;513881387;asmjacles-L;87089997;BE;PT;10;EXW;11;3;;1;1;33;;QV999999999999;
INTRA-EX;202510;513881387;71008-AF006;84213100;BE;PT;10;EXW;11;3;;1,3;1;222;;QV999999999999;
INTRA-EX;202510;513881387;50003-M45-XL-4;84213100;BE;PT;10;EXW;11;3;;0,3;1;80;;QV999999999999;
INTRA-EX;202510;513881387;D760-0064;84099100;BE;PT;10;EXW;11;3;;1,1;1;131;;QV999999999999;
INTRA-EX;202510;513881387;SFDS071;87089235;NL;PT;10;EXW;11;3;;25,3;1;842;;NL001963390B53;
INTRA-EX;202510;513881387;FMINDDS3-BLU;84213100;NL;PT;10;EXW;11;3;;1,2;1;107;;NL866996473B01;
INTRA-EX;202510;513881387;VWR19G706;87089997;NL;PT;10;EXW;11;3;;0,4;1;53;;NL866996473B01;
INTRA-EX;202510;513881387;VWR12P1GT;84213100;NL;PT;10;EXW;11;3;;3;1;285;;NL866996473B01;
INTRA-EX;202510;513881387;VWR31G7GT;87088035;NL;PT;10;EXW;11;3;;8,5;1;161;;NL866996473B01;
INTRA-EX;202510;513881387;VWR12G7R600ITRED;84213100;NL;PT;10;EXW;11;3;;0,8;1;76;;NL866996473B01;
INTRA-EX;202510;513881387;VWR12G7R600ITINLET;87089997;NL;PT;10;EXW;11;3;;0,4;1;100;;NL866996473B01;
INTRA-EX;202510;513881387;VWR17G7R600;40091100;NL;PT;10;EXW;11;3;;0,2;2;76;;NL866996473B01;
INTRA-EX;202510;513881387;VWR12G7R600ITBLA;84213100;NL;PT;10;EXW;11;3;;0,8;1;76;;NL866996473B01;
INTRA-EX;202510;513881387;VWR810000;87089997;NL;PT;10;EXW;11;3;;0,2;10;172;;NL866996473B01;
INTRA-EX;202510;513881387;IKER7A8EGS;85111000;NL;PT;10;EXW;11;3;;0,2;3;38;;NL866996473B01;
INTRA-EX;202510;513881387;06F103483E;87089235;NL;PT;10;EXW;11;3;;0,1;1;4;;NL866996473B01;
INTRA-EX;202510;513881387;LTR7IX-11;85111000;NL;PT;10;EXW;11;3;;0,2;10;78;;NL866996473B01;
INTRA-EX;202510;513881387;VWR160001;87089997;NL;PT;10;EXW;11;3;;0,4;1;86;;NL866996473B01;
INTRA-EX;202510;513881387;Z1003100;85111000;NL;PT;10;EXW;11;3;;0,1;5;124;;NL866860666B01;
INTRA-EX;202510;513881387;PFR7G-11S-4;85111000;NL;PT;10;EXW;11;3;;0,3;2;94;;QV999999999999;
INTRA-EX;202510;513881387;CTS-EM-MQB-60D;87089235;NL;PT;10;EXW;11;3;;1,5;1;115;;QV999999999999;
INTRA-EX;202510;513881387;CTS-TM-MQB-60D;87089235;NL;PT;10;EXW;11;3;;2,5;1;115;;QV999999999999;
INTRA-EX;202510;513881387;ATINTVAG14-BK;;NL;PT;10;EXW;11;3;;0,1;1;643;;NL002241494B08;
INTRA-EX;202510;513881387;UR-FT4-2846;87088055;IT;PT;10;EXW;11;3;;4,5;1;124;;IT12072620011;
INTRA-EX;202510;513881387;BKR8EIX;85111000;IT;PT;10;EXW;11;3;;0,1;4;36;;IT12072620011;
INTRA-EX;202510;513881387;UR-LA2-3052;87088055;IT;PT;10;EXW;11;3;;2,2;1;53;;IT12072620011;
INTRA-EX;202510;513881387;EVE-FLC;87084099;IT;PT;10;EXW;11;3;;0,6;1;21;;IT12072620011;
INTRA-EX;202510;513881387;EVE-W210-FTR;84213100;IT;PT;10;EXW;11;3;;0,6;1;71;;IT12072620011;
INTRA-EX;202510;513881387;EVE-W210-FTR;84213100;IT;PT;10;EXW;11;3;;0,6;1;71;;IT12072620011;
INTRA-EX;202510;513881387;EVE-ST38Y-CF-INT;84213100;IT;PT;10;EXW;11;3;;7;1;1285;;IT02710790060;
INTRA-EX;202510;513881387;SFDC089;87089235;IT;PT;10;EXW;11;3;;3;1;214;;IT02710790060;
INTRA-EX;202510;513881387;VWR3130RS;87088035;IT;PT;10;EXW;11;3;;9,2;1;161;;IT02710790060;
INTRA-EX;202510;513881387;SAU0528-4P-RD;87083091;IT;PT;10;EXW;11;3;;0,5;1;63;;IT12072620011;
INTRA-EX;202510;513881387;"TTE340 1.8T";84099100;IT;PT;10;EXW;11;3;;9,3;1;1217;;IT04149040232;
INTRA-EX;202510;513881387;AC-R56-IC;84198998;IT;PT;10;EXW;11;3;;10,5;1;167;;IT02710790060;
INTRA-EX;202510;513881387;VWR900001;85111000;IT;PT;10;EXW;11;3;;0,3;15;459;;IT04227541200;
INTRA-EX;202510;513881387;AC-250-MP;87089235;IT;PT;10;EXW;11;3;;5,3;1;119;;IT04227541200;
INTRA-EX;202510;513881387;R-MIN-002-I;84833080;IT;PT;10;EXW;11;3;;3,5;1;322;;IT03656931205;
INTRA-EX;202510;513881387;MS100208-4;84099100;ES;PT;10;EXW;11;3;;1,7;1;127;;ES44712074M;
INTRA-EX;202510;513881387;VWR180000;87089997;ES;PT;10;EXW;11;3;;0,1;1;15;;ES44712074M;
INTRA-EX;202510;513881387;SILZKBR8D8S-6;84099100;ES;PT;10;EXW;11;3;;0,4;1;67;;QV999999999999;
INTRA-EX;202510;513881387;MMTS-F80-15;87089997;ES;PT;10;EXW;11;3;;0,5;1;98;;QV999999999999;
INTRA-EX;202510;513881387;7M1397H-STD;40091100;ES;PT;10;EXW;11;3;;0,7;1;170;;QV999999999999;
INTRA-EX;202510;513881387;6B1584H-STD;40091100;ES;PT;10;EXW;11;3;;0,4;1;142;;QV999999999999;
INTRA-EX;202510;513881387;COMBO-NOV-MQB;84213100;ES;PT;10;EXW;11;3;;5,5;1;437;;QV999999999999;
INTRA-EX;202510;513881387;ATINTP&C4-RD;40091100;ES;PT;10;EXW;11;3;;1,7;1;161;;QV999999999999;
INTRA-EX;202510;513881387;FMTUBL4;87089997;ES;PT;10;EXW;11;3;;0,8;1;131;;QV999999999999;
INTRA-EX;202510;513881387;SCNC014;87089235;ES;PT;10;EXW;11;3;;2,4;1;144;;QV999999999999;
INTRA-EX;202510;513881387;COMBO-NOV-MQB;84213100;ES;PT;10;EXW;11;3;;5,5;1;437;;QV999999999999;
INTRA-EX;202510;513881387;DBA3659S-2;87089997;ES;PT;10;EXW;11;3;;8,5;1;212;;QV999999999999;
INTRA-EX;202510;513881387;DBA2472S-2;87089997;ES;PT;10;EXW;11;3;;19;1;233;;QV999999999999;
INTRA-EX;202510;513881387;COMBO-NOV-MQB;84213100;ES;PT;10;EXW;11;3;;5,5;1;437;;QV999999999999;
INTRA-EX;202510;513881387;COMBO-NOV-MQB;84213100;ES;PT;10;EXW;11;3;;5,5;1;437;;QV999999999999;
INTRA-EX;202510;513881387;ATMSMINI19;87089997;ES;PT;10;EXW;11;3;;8,3;1;424;;QV999999999999;
INTRA-EX;202510;513881387;COMBO-NOV-MQB;84213100;ES;PT;10;EXW;11;3;;5,5;1;437;;QV999999999999;
INTRA-EX;202510;513881387;WKE259M77;87082910;ES;PT;10;EXW;11;3;;1,9;1;579;;ESB30034532;
INTRA-EX;202510;513881387;201-4304;87089997;ES;PT;10;EXW;11;3;;1,5;1;234;;QV999999999999;
INTRA-EX;202510;513881387;201-5401;87089997;ES;PT;10;EXW;11;3;;1,3;1;259;;QV999999999999;
INTRA-EX;202510;513881387;ATMSSUZ1;87089135;ES;PT;10;EXW;11;3;;4,1;1;408;;QV999999999999;
INTRA-EX;202510;513881387;BWR24Z;87088055;ES;PT;10;EXW;11;3;;3,6;1;217;;ESB01796796;
INTRA-EX;202510;513881387;VWR150000;87089997;ES;PT;10;EXW;11;3;;0,2;1;113;;ESB01796796;
INTRA-EX;202510;513881387;VWR501001;87089997;ES;PT;10;EXW;11;3;;3,2;1;392;;ESB01796796;
INTRA-EX;202510;513881387;SBMP081;87089235;ES;PT;10;EXW;11;3;;11,3;1;376;;ES53284853V;
INTRA-EX;202510;513881387;RBF700;27101999;ES;PT;10;EXW;11;3;;0,6;4;58;;ES53284853V;
INTRA-EX;202510;513881387;COMBO-NOV-MQB;84213100;ES;PT;10;EXW;11;3;;5,5;1;437;;QV999999999999;
INTRA-EX;202510;513881387;BNF40Z;87088055;ES;PT;10;EXW;11;3;;8,8;1;403;;ESF21229786;
INTRA-EX;202510;513881387;BNR36XZ;87088055;ES;PT;10;EXW;11;3;;6,9;1;217;;ESF21229786;
INTRA-EX;202510;513881387;PFR8S8EG-6;87089997;ES;PT;10;EXW;11;3;;0,4;1;68;;ES70917434Q;
INTRA-EX;202510;513881387;CTS-HW-360;40091100;ES;PT;10;EXW;11;3;;1,4;1;247;;QV999999999999;
INTRA-EX;202510;513881387;CTS-IT-256;40091100;ES;PT;10;EXW;11;3;;2,3;1;178;;QV999999999999;
INTRA-EX;202510;513881387;E-BM/T/12;87089235;ES;PT;10;EXW;11;3;;11,8;1;1804;;ESB15501539;
INTRA-EX;202510;513881387;SILZKGR8C8S-6;85111000;ES;PT;10;EXW;11;3;;0,4;1;108;;ESB15501539;
INTRA-EX;202510;513881387;EUPD6002211R;84099100;ES;PT;10;EXW;11;3;;1,8;1;1040;;ESB15501539;
INTRA-EX;202510;513881387;FMEC3;84213100;ES;PT;10;EXW;11;3;;2;1;450;;ESB72435332;
INTRA-EX;202510;513881387;VWR19G706;87089997;ES;PT;10;EXW;11;3;;0,4;1;88;;ESB72435332;
INTRA-EX;202510;513881387;VWR900001;85111000;ES;PT;10;EXW;11;3;;0,3;4;122;;ESB94171030;
INTRA-EX;202510;513881387;AC-MK7-INLET;40091100;ES;PT;10;EXW;11;3;;0,3;1;45;;ESB94171030;
INTRA-EX;202510;513881387;AC-MK7-MD;87089997;ES;PT;10;EXW;11;3;;0,4;1;43;;ESB94171030;
INTRA-EX;202510;513881387;BKR7EIX;85111000;ES;PT;10;EXW;11;3;;0,1;4;34;;ES44719365M;
INTRA-EX;202510;513881387;AC-MK8R-DP;87089235;ES;PT;10;EXW;11;3;;10,2;1;203;;ESB88553946;
INTRA-EX;202510;513881387;AC-MK7R-DP;87089235;ES;PT;10;EXW;11;3;;11,6;1;185;;ESB88553946;
INTRA-EX;202510;513881387;MS100208;85111000;ES;PT;10;EXW;11;3;;0,3;4;99;;ESB94171030;
INTRA-EX;202510;513881387;D650-0002;84099100;ES;PT;10;EXW;11;3;;0,3;6;139;;ES44719365M;
INTRA-EX;202510;513881387;AC-N54-TP;40091100;ES;PT;10;EXW;11;3;;1,7;1;80;;ESB94171030;
INTRA-EX;202510;513881387;PICK-UP;;ES;PT;10;EXW;11;3;;0,1;1;0;;ESB94171030;
INTRA-EX;202510;513881387;AC-N55-TP;40091100;ES;PT;10;EXW;11;3;;1,7;1;107;;ESF21716261;
INTRA-EX;202510;513881387;AC-F56-DP;87089235;ES;PT;10;EXW;11;3;;4,5;1;115;;ESF21716261;
INTRA-EX;202510;513881387;R7437-9;85111000;ES;PT;10;EXW;11;3;;0,1;5;181;;ES33558767L;
INTRA-EX;202510;513881387;VWR1200R601E;84213100;ES;PT;10;EXW;11;3;;4,9;1;338;;ES18062887K;
INTRA-EX;202510;513881387;MS100137;87089997;ES;PT;10;EXW;11;3;;0,7;1;178;;QV999999999999;
INTRA-EX;202510;513881387;FMDV8PS3-RED;87089997;ES;PT;10;EXW;11;3;;1,2;1;231;;QV999999999999;
INTRA-EX;202510;513881387;SSE0426-4P-BK;87083091;ES;PT;10;EXW;11;3;;0,5;1;78;;QV999999999999;
INTRA-EX;202510;513881387;SP-124;32081090;ES;PT;10;EXW;11;3;;0,5;5;108;;QV999999999999;
INTRA-EX;202510;513881387;SP-121;32081090;ES;PT;10;EXW;11;3;;0,5;5;108;;QV999999999999;
INTRA-EX;202510;513881387;VWR140014;87089997;ES;PT;10;EXW;11;3;;0,1;1;30;;QV999999999999;
INTRA-EX;202510;513881387;AC-VAG-ODP;70102000;ES;PT;10;EXW;11;3;;0,2;1;8;;QV999999999999;
INTRA-EX;202510;513881387;SBW1176-4P-BK;87083091;ES;PT;10;EXW;11;3;;0,5;1;77;;QV999999999999;
INTRA-EX;202510;513881387;Z1003100-4;85111000;ES;PT;10;EXW;11;3;;0,4;1;107;;QV999999999999;
INTRA-EX;202510;513881387;SAU1558-4P-BK;87083091;ES;PT;10;EXW;11;3;;0,5;1;65;;ES78926960E;
INTRA-EX;202510;513881387;KLC167A;87088055;ES;PT;10;EXW;11;3;;1,4;1;135;;QV999999999999;
INTRA-EX;202510;513881387;KCA472;87088035;ES;PT;10;EXW;11;3;;2;1;191;;QV999999999999;
INTRA-EX;202510;513881387;LFR6AIX-11-6;85111000;ES;PT;10;EXW;11;3;;0,4;1;60;;QV999999999999;
INTRA-EX;202510;513881387;S90-2-12-023-B-BT;87087050;ES;PT;10;EXW;11;3;;1,8;2;220;;ESA60479078;
INTRA-EX;202510;513881387;ATMSFO6-G;84099100;ES;PT;10;EXW;11;3;;5,4;1;520;;ESA60479078;
INTRA-EX;202510;513881387;17U-00-0650-5;87089997;ES;PT;10;EXW;11;3;;0,3;1;441;;ESA60479078;
INTRA-EX;202510;513881387;SCEXVDM;87089235;ES;PT;10;EXW;11;3;;0,1;1;24;;QV999999999999;
INTRA-EX;202510;513881387;CI100033-B;87089235;ES;PT;10;EXW;11;3;;1;1;227;;QV999999999999;
INTRA-EX;202510;513881387;STT-K8;87089997;ES;PT;10;EXW;11;3;;0,4;1;81;;QV999999999999;
INTRA-EX;202510;513881387;PF04;85444290;ES;PT;10;EXW;11;3;;0,2;1;204;;QV999999999999;
INTRA-EX;202510;513881387;EVE-FLC;87084099;ES;PT;10;EXW;11;3;;0,6;1;27;;QV999999999999;
INTRA-EX;202510;513881387;SRN0405-4P-BK;87083091;ES;PT;10;EXW;11;3;;0,5;1;78;;QV999999999999;
INTRA-EX;202510;513881387;PP1389;84213100;ES;PT;10;EXW;11;3;;0,5;1;37;;QV999999999999;
INTRA-EX;202510;513881387;CTS-HW-046;87089997;ES;PT;10;EXW;11;3;;0,3;1;107;;QV999999999999;
INTRA-EX;202510;513881387;MMLG-125-20LBL;87141030;ES;PT;10;EXW;11;3;;0,8;1;62;;QV999999999999;
INTRA-EX;202510;513881387;VWR12UPITINLET;84213100;ES;PT;10;EXW;11;3;;0,4;1;111;;QV999999999999;
INTRA-EX;202510;513881387;CTS-IT-220R;84213100;ES;PT;10;EXW;11;3;;4,5;1;278;;QV999999999999;
INTRA-EX;202510;513881387;MMICP-N55-11;87089997;ES;PT;10;EXW;11;3;;2,2;1;258;;QV999999999999;
INTRA-EX;202510;513881387;AC-BM-ODP;87089997;ES;PT;10;EXW;11;3;;0,1;1;12;;QV999999999999;
INTRA-EX;202510;513881387;CTS-HW-0271;84099100;ES;PT;10;EXW;11;3;;0,4;1;69;;QV999999999999;
INTRA-EX;202510;513881387;U5055-6;84099100;ES;PT;10;EXW;11;3;;2,1;1;131;;QV999999999999;
INTRA-EX;202510;513881387;SILZKBR8D8S-6;84099100;ES;PT;10;EXW;11;3;;0,4;1;67;;QV999999999999;
INTRA-EX;202510;513881387;AC-N54-TP;40091100;ES;PT;10;EXW;11;3;;1,7;1;119;;QV999999999999;
INTRA-EX;202510;513881387;VWR640015;87089997;ES;PT;10;EXW;11;3;;2,2;1;92;;QV999999999999;
INTRA-EX;202510;513881387;VWR640012;87089997;ES;PT;10;EXW;11;3;;2,2;1;86;;QV999999999999;
INTRA-EX;202510;513881387;FMDV23A-ALL;87089997;ES;PT;10;EXW;11;3;;0,6;1;198;;QV999999999999;
INTRA-EX;202510;513881387;D650-0004-4;84099100;ES;PT;10;EXW;11;3;;1,7;1;115;;QV999999999999;
INTRA-EX;202510;513881387;MS100210-6;84099100;ES;PT;10;EXW;11;3;;2,4;1;190;;QV999999999999;
INTRA-EX;202510;513881387;SBW0260-6P-BK;87083091;ES;PT;10;EXW;11;3;;0,5;1;117;;ESB72435332;
INTRA-EX;202510;513881387;BKR8EIX-4;85111000;ES;PT;10;EXW;11;3;;0,3;1;42;;QV999999999999;
INTRA-EX;202510;513881387;06E898001-4;85111000;ES;PT;10;EXW;11;3;;1,5;1;101;;QV999999999999;
INTRA-EX;202510;513881387;SVW0610-4P-RD;87083091;ES;PT;10;EXW;11;3;;0,5;1;83;;QV999999999999;
INTRA-EX;202510;513881387;FMCT5-BLA;87089997;ES;PT;10;EXW;11;3;;3,7;1;442;;ES74871058D;
INTRA-EX;202510;513881387;A1000008;87089997;ES;PT;10;EXW;11;3;;0,1;1;19;;QV999999999999;
INTRA-EX;202510;513881387;MS100097;84213100;ES;PT;10;EXW;11;3;;0,3;1;100;;QV999999999999;
INTRA-EX;202510;513881387;R7437-9-5;85111000;ES;PT;10;EXW;11;3;;0,3;1;212;;QV999999999999;
INTRA-EX;202510;513881387;DILKAR8R9HS-4;85111000;ES;PT;10;EXW;11;3;;0,3;1;62;;QV999999999999;
INTRA-EX;202510;513881387;R7437-9-4;87089997;ES;PT;10;EXW;11;3;;0,3;1;171;;ESB84995711;
INTRA-EX;202510;513881387;EVE-661-G2-FTR;84213100;ES;PT;10;EXW;11;3;;0,6;1;85;;ESB84995711;
INTRA-EX;202510;513881387;CTS-TB-B-4;87089997;ES;PT;10;EXW;11;3;;0,3;1;101;;ESB84995711;
INTRA-EX;202510;513881387;VWR69G7KIT;87083091;ES;PT;10;EXW;11;3;;0,5;1;150;;ESB84995711;
INTRA-EX;202510;513881387;VWR180003;87089997;ES;PT;10;EXW;11;3;;0,1;1;30;;ESB84995711;
INTRA-EX;202510;513881387;VWR180000;87089997;ES;PT;10;EXW;11;3;;0,1;1;15;;ESB84995711;
INTRA-EX;202510;513881387;MS100192-4;84099100;ES;PT;10;EXW;11;3;;1,7;1;183;;ESB84995711;
INTRA-EX;202510;513881387;FMTIA2-BLA;40091100;ES;PT;10;EXW;11;3;;1,5;1;135;;QV999999999999;
INTRA-EX;202510;513881387;UR-TW4-3717;87088055;ES;PT;10;EXW;11;3;;4,3;1;159;;QV999999999999;
INTRA-EX;202510;513881387;SVA0714-4P-BK;87083091;ES;PT;10;EXW;11;3;;0,5;1;78;;ESE27517754;
INTRA-EX;202510;513881387;MS100210-4;84099100;ES;PT;10;EXW;11;3;;1,7;1;126;;QV999999999999;
INTRA-EX;202510;513881387;AC-R56-IC;84198998;ES;PT;10;EXW;11;3;;10,5;1;245;;QV999999999999;
INTRA-EX;202510;513881387;SVW0630-4P-BK;87083091;ES;PT;10;EXW;11;3;;0,5;1;77;;QV999999999999;
INTRA-EX;202510;513881387;S90-2-15-001-B-BT;87087050;ES;PT;10;EXW;11;3;;1,8;2;230;;QV999999999999;
INTRA-EX;202510;513881387;D650-0003-4;84099100;ES;PT;10;EXW;11;3;;1,7;1;115;;QV999999999999;
INTRA-EX;202510;513881387;06E898001-4;85111000;ES;PT;10;EXW;11;3;;1,5;1;101;;QV999999999999;
INTRA-EX;202510;513881387;VWR630001;87141030;ES;PT;10;EXW;11;3;;1,9;1;154;;QV999999999999;
INTRA-EX;202510;513881387;MMICP-RS-16CBK;40091100;ES;PT;10;EXW;11;3;;2,4;1;180;;QV999999999999;
INTRA-EX;202510;513881387;ES-335036;87089997;ES;PT;10;EXW;11;3;;0,7;1;55;;ES71155708X;
INTRA-EX;202510;513881387;57845803592WH;87087000;ES;PT;10;EXW;11;3;;16,5;2;603;;ES71155708X;
INTRA-EX;202510;513881387;MMOC-BRZ-13T;87089135;ES;PT;10;EXW;11;3;;5,4;1;742;;ESF21229786;
INTRA-EX;202510;513881387;DBA42830S-2;87089997;ES;PT;10;EXW;11;3;;23,3;1;330;;ESB42771618;
INTRA-EX;202510;513881387;DBA42809S-2;87089997;ES;PT;10;EXW;11;3;;15;1;295;;ESB42771618;
INTRA-EX;202510;513881387;001422.999502;84836080;ES;PT;10;EXW;11;3;;7;1;683;;ES04842987S;
INTRA-EX;202510;513881387;CTS-HW-0484-BK;87089997;ES;PT;10;EXW;11;3;;5,2;1;899;;ES16610275C;
INTRA-EX;202510;513881387;420103485B;70102000;ES;PT;10;EXW;11;3;;0,1;1;23;;QV999999999999;
INTRA-EX;202510;513881387;ASKC;33030010;ES;PT;10;EXW;11;3;;0,1;1;1;;QV999999999999;
INTRA-EX;202510;513881387;ACCLAMP3;96072090;ES;PT;10;EXW;11;3;;0,2;3;14;;QV999999999999;
INTRA-EX;202510;513881387;asmjacles-L;87089997;ES;PT;10;EXW;11;3;;1;1;33;;QV999999999999;
INTRA-EX;202510;513881387;001422.999502;84836080;ES;PT;10;EXW;11;3;;7;1;673;;ES33558767L;
INTRA-EX;202510;513881387;MMRAD-MIA-99;87089135;ES;PT;10;EXW;11;3;;8,4;1;239;;ES38873546G;
INTRA-EX;202510;513881387;UR-TW2-323;87088055;ES;PT;10;EXW;11;3;;3;1;125;;ES38873546G;
INTRA-EX;202510;513881387;70019-AZ104;84213100;ES;PT;10;EXW;11;3;;1,8;1;169;;ES38873546G;
INTRA-EX;202510;513881387;JSK-314-BK;84213100;ES;PT;10;EXW;11;3;;2,1;1;267;;ES43179343V;
INTRA-EX;202510;513881387;NurbStick-W-BK;39199080;ES;PT;10;EXW;11;3;;0,1;1;2;;ES43179343V;
INTRA-EX;202510;513881387;CK-003;87089997;ES;PT;10;EXW;11;3;;0,3;1;22;;ES43179343V;
INTRA-EX;202510;513881387;FMRS250IND-BLA;40091100;ES;PT;10;EXW;11;3;;0,7;1;108;;ES43179343V;
INTRA-EX;202510;513881387;FMKT035-BLA;40093100;ES;PT;10;EXW;11;3;;1,6;1;222;;ES43179343V;
INTRA-EX;202510;513881387;VWR630300;87089997;ES;PT;10;EXW;11;3;;0,3;1;49;;ES44657479N;
INTRA-EX;202510;513881387;AC-VAG-CC;87089997;ES;PT;10;EXW;11;3;;0,3;1;44;;ES44657479N;
INTRA-EX;202510;513881387;AC-VAG-BC;87089997;ES;PT;10;EXW;11;3;;0,2;1;26;;ES44657479N;
INTRA-EX;202510;513881387;VWR420001;87089997;ES;PT;10;EXW;11;3;;2;1;273;;ES44657479N;
INTRA-EX;202510;513881387;WA302R+L;87088055;ES;PT;10;EXW;11;3;;5,5;1;229;;ES44657479N;
INTRA-EX;202510;513881387;CTS-IT-277;87089235;ES;PT;10;EXW;11;3;;1,7;1;229;;ES44657479N;
INTRA-EX;202510;513881387;CI100038;40093100;ES;PT;10;EXW;11;3;;4,2;1;1079;;ES48924146H;
INTRA-EX;202510;513881387;BTR84Z;87088055;ES;PT;10;EXW;11;3;;3;1;208;;ES52045309N;
INTRA-EX;202510;513881387;UR-LA4-420;87088055;ES;PT;10;EXW;11;3;;2,5;1;148;;ES52045309N;
INTRA-EX;202510;513881387;UR-RL2-422;87088055;ES;PT;10;EXW;11;3;;2,1;1;89;;ES52045309N;
INTRA-EX;202510;513881387;BTF81Z;87088055;ES;PT;10;EXW;11;3;;4,2;1;208;;ES52045309N;
INTRA-EX;202510;513881387;STY0015-4P-BK;87083091;ES;PT;10;EXW;11;3;;0,5;1;94;;ES52045309N;
INTRA-EX;202510;513881387;4B1355H-STD;40091100;ES;PT;10;EXW;11;3;;0,2;1;58;;ES53209459V;
INTRA-EX;202510;513881387;WKE365M79;87082910;ES;PT;10;EXW;11;3;;2;1;729;;ES53209459V;
INTRA-EX;202510;513881387;R-OPE-005-I;84099100;ES;PT;10;EXW;11;3;;2,3;1;586;;ES53209459V;
INTRA-EX;202510;513881387;MMAI-CTR-17RBK;84213100;ES;PT;10;EXW;11;3;;5;1;689;;ES53485527Q;
INTRA-EX;202510;513881387;BFR78Z;87088055;ES;PT;10;EXW;11;3;;7,5;1;261;;ES71286183Y;
INTRA-EX;202510;513881387;KLC198;87088055;ES;PT;10;EXW;11;3;;0,8;1;145;;ES71286183Y;
INTRA-EX;202510;513881387;BFF96Z;87088055;ES;PT;10;EXW;11;3;;6,9;1;261;;ES71286183Y;
INTRA-EX;202510;513881387;KLC140-295;87088055;ES;PT;10;EXW;11;3;;1;1;145;;ES71286183Y;
INTRA-EX;202510;513881387;24996-AK031;84213100;ES;PT;10;EXW;11;3;;0,3;1;120;;ES71515770F;
INTRA-EX;202510;513881387;VWR69000BF1;87089997;ES;PT;10;EXW;11;3;;0,6;3;68;;ES71515770F;
INTRA-EX;202510;513881387;MMHOSE-R35-09BK;40091100;ES;PT;10;EXW;11;3;;1,7;1;101;;ES71515770F;
INTRA-EX;202510;513881387;52008-AK002;84213100;ES;PT;10;EXW;11;3;;4,4;2;142;;ES71515770F;
INTRA-EX;202510;513881387;BL02010405;87089199;ES;PT;10;EXW;11;3;;3;1;552;;ES71515770F;
INTRA-EX;202510;513881387;500001031;87089997;ES;PT;10;EXW;11;3;;10;1;1603;;ES71631297M;
INTRA-EX;202510;513881387;001394.999502;84836080;ES;PT;10;EXW;11;3;;6,7;1;673;;ES72144645Q;
INTRA-EX;202510;513881387;06F129101P;84814090;ES;PT;10;EXW;11;3;;0,2;1;20;;ES72144645Q;
INTRA-EX;202510;513881387;FR-0525;84213100;ES;PT;10;EXW;11;3;;7,1;1;1281;;ES72815006L;
INTRA-EX;202510;513881387;GTHSB-5;87089997;ES;PT;10;EXW;11;3;;0,1;1;24;;ES74871058D;
INTRA-EX;202510;513881387;EUPD4002106R;84099100;ES;PT;10;EXW;11;3;;1,4;1;819;;ES74871058D;
INTRA-EX;202510;513881387;FMCCHMK5-BLA;40093100;ES;PT;10;EXW;11;3;;0,2;1;60;;ES78914993S;
INTRA-EX;202510;513881387;FMKC010-BLA;40093100;ES;PT;10;EXW;11;3;;1;1;276;;ES78914993S;
INTRA-EX;202510;513881387;MS100208-4;84099100;ES;PT;10;EXW;11;3;;1,7;1;143;;ES78914993S;
INTRA-EX;202510;513881387;BKR8EIX-4;85111000;ES;PT;10;EXW;11;3;;0,3;1;50;;ES78914993S;
INTRA-EX;202510;513881387;CTS-IT-110;40091100;ES;PT;10;EXW;11;3;;1,3;1;228;;ES78914993S;
INTRA-EX;202510;513881387;AC-200-TP;40091100;ES;PT;10;EXW;11;3;;1,2;1;134;;ES78914993S;
INTRA-EX;202510;513881387;KCA485;87089997;ES;PT;10;EXW;11;3;;2;1;120;;ESB42954230;
INTRA-EX;202510;513881387;SHY0900-4P-BK;87083091;ES;PT;10;EXW;11;3;;0,8;1;116;;ESB42954230;
INTRA-EX;202510;513881387;RBF600;27101999;ES;PT;10;EXW;11;3;;0,6;3;34;;ESB42954230;
INTRA-EX;202510;513881387;FMCT5-BLA;87089997;ES;PT;10;EXW;11;3;;3,7;1;509;;ESB42954230;
INTRA-EX;202510;513881387;03K906051;90269000;ES;PT;10;EXW;11;3;;0,1;1;23;;ESB66526328;
INTRA-EX;202510;513881387;ATINTVAG7;87089135;ES;PT;10;EXW;11;3;;18,1;1;773;;ESB66526328;
INTRA-EX;202510;513881387;MMAI-RS-16WBL;87089910;ES;PT;10;EXW;11;3;;7,1;1;481;;ESB67377143;
INTRA-EX;202510;513881387;SFD1216-4P-EB;87083091;ES;PT;10;EXW;11;3;;0,5;1;93;;ESB67377143;
INTRA-EX;202510;513881387;SFDC082;87089235;ES;PT;10;EXW;11;3;;5,6;1;256;;ESB67377143;
INTRA-EX;202510;513881387;MS100204-4;84099100;ES;PT;10;EXW;11;3;;1,7;1;216;;ESB67497925;
INTRA-EX;202510;513881387;EVE-EA8884-CF-ENG;84213100;ES;PT;10;EXW;11;3;;3;1;683;;ESB67497925;
INTRA-EX;202510;513881387;WKE150M79AP;87082910;ES;PT;10;EXW;11;3;;2;1;795;;ESB70550694;
INTRA-EX;202510;513881387;MMOC-MUS8-15T-SL;87089997;ES;PT;10;EXW;11;3;;10;1;657;;ESB86280039;
INTRA-EX;202510;513881387;14030-AN001;84213100;ES;PT;10;EXW;11;3;;1,2;1;622;;ESB86420924;
INTRA-EX;202510;513881387;BHF98Z;87088055;ES;PT;10;EXW;11;3;;6,9;1;208;;ESB87803904;
INTRA-EX;202510;513881387;BHR98Z;87088055;ES;PT;10;EXW;11;3;;3,6;1;185;;ESB87803904;
INTRA-EX;202510;513881387;STAB122XLI30N;84213100;ES;PT;10;EXW;11;3;;2,4;1;339;;ESB87803904;
INTRA-EX;202510;513881387;VWR130006;84099100;ES;PT;10;EXW;11;3;;0,3;1;69;;ESB91582494;
INTRA-EX;202510;513881387;VWR13G700;84099100;ES;PT;10;EXW;11;3;;3;1;762;;ESB91582494;
INTRA-EX;202510;513881387;ATINTP&C7;87089997;ES;PT;10;EXW;11;3;;12,9;1;709;;ESB75758177;
INTRA-EX;202510;513881387;ATIKYGR01;84213100;ES;PT;10;EXW;11;3;;4,7;1;408;;ESF09552761;
INTRA-EX;202510;513881387;Z-311555;87089997;ES;PT;10;EXW;11;3;;3;1;202;;ESF09552761;
INTRA-EX;202510;513881387;STY0014-4P-RD;87083091;ES;PT;10;EXW;11;3;;0,5;1;93;;ESF09552761;
INTRA-EX;202510;513881387;CTS-EXH-CB-0008;87089235;ES;PT;10;EXW;11;3;;18;1;809;;ES12764811H;
INTRA-EX;202510;513881387;RBF600;27101999;ES;PT;10;EXW;11;3;;0,6;2;23;;ESB12863981;
INTRA-EX;202510;513881387;D650-0009-4;84099100;ES;PT;10;EXW;11;3;;1,7;1;149;;ESB12863981;
INTRA-EX;202510;513881387;SILZKGR8B8S-4;84099100;ES;PT;10;EXW;11;3;;0,3;1;47;;ESB12863981;
INTRA-EX;202510;513881387;FMINDF56;84213100;ES;PT;10;EXW;11;3;;2,3;1;368;;ESB12863981;
INTRA-EX;202510;513881387;SBW1176-4P-BK;87083091;ES;PT;10;EXW;11;3;;0,5;1;93;;ESB12863981;
INTRA-EX;202510;513881387;6B1584H-STD;40091100;ES;PT;10;EXW;11;3;;0,4;1;161;;ESA60479078;
INTRA-EX;202510;513881387;FMBM335DV1-BLA-BLA;84814090;ES;PT;10;EXW;11;3;;3,3;1;475;;ESA60479078;
INTRA-EX;202510;513881387;FR-0028;84213100;FR;PT;10;EXW;11;3;;3;1;567;;FR58910324516;
INTRA-EX;202510;513881387;AC-WS-NI-20;87088099;FR;PT;10;EXW;11;3;;1,6;1;67;;FR58910324516;
INTRA-EX;202510;513881387;FMIND5R32-BLU;84213100;FR;PT;10;EXW;11;3;;4,1;1;336;;FR64540045739;
INTRA-EX;202510;513881387;03H971921;84099100;FR;PT;10;EXW;11;3;;0,1;1;27;;FR64540045739;
INTRA-EX;202510;513881387;R7437-8-4;84099100;FR;PT;10;EXW;11;3;;0,3;1;192;;FR64540045739;
INTRA-EX;202510;513881387;AC-MK7-CP-4;84099100;FR;PT;10;EXW;11;3;;1;1;134;;FR64540045739;
INTRA-EX;202510;513881387;FMTIA11-PERFBLUE;87089997;FR;PT;10;EXW;11;3;;2,1;1;254;;FR21828177758;
INTRA-EX;202510;513881387;ATINTHYU4;87089997;FR;PT;10;EXW;11;3;;12,3;1;684;;FR21828177758;
INTRA-EX;202510;513881387;FMINTRS3-BLA;87089997;FR;PT;10;EXW;11;3;;19,9;1;1110;;FR40844842138;
INTRA-EX;202510;513881387;CTS-IT-250;84213100;FR;PT;10;EXW;11;3;;6,6;1;387;;FR40844842138;
INTRA-EX;202510;513881387;DBA53298SLVS-2;87089997;FR;PT;10;EXW;11;3;;27;1;1164;;FR21914749676;
INTRA-EX;202510;513881387;RBF600;27101999;FR;PT;10;EXW;11;3;;0,6;2;23;;FR21914749676;
INTRA-EX;202510;513881387;ATINTVAG18;;FR;PT;10;EXW;11;3;;0,1;1;1174;;FR55524167806;
INTRA-EX;202510;513881387;SVWS042;87089235;FR;PT;10;EXW;11;3;;20,4;1;657;;FR83904691896;
INTRA-EX;202510;513881387;ILFR7H-5;85111000;FR;PT;10;EXW;11;3;;0,3;1;81;;FR16901974451;
INTRA-EX;202510;513881387;06E898001-5;84099100;FR;PT;10;EXW;11;3;;1,9;1;157;;FR16901974451;
INTRA-EX;202510;513881387;CTS-IT-250;84213100;FR;PT;10;EXW;11;3;;6,6;1;387;;FR16901974451;
INTRA-EX;202510;513881387;SSTS011C;87089235;FR;PT;10;EXW;11;3;;22,6;1;1185;;FR54892354036;
INTRA-EX;202510;513881387;32018-AT041;84213100;FR;PT;10;EXW;11;3;;23;1;1372;;FR10527861066;
INTRA-EX;202510;513881387;SP1116WB;84213100;FR;PT;10;EXW;11;3;;7,4;1;614;;FR75833253107;
INTRA-EX;202510;513881387;MS100210-4;84099100;FR;PT;10;EXW;11;3;;1,7;1;143;;FR75833253107;
INTRA-EX;202510;513881387;8E0971824S-RD;84099100;FR;PT;10;EXW;11;3;;0,2;1;16;;FR75833253107;
INTRA-EX;202510;513881387;CTS-IT-220R;84213100;FR;PT;10;EXW;11;3;;4,5;1;336;;FR75833253107;
INTRA-EX;202510;513881387;VWR120000;84213100;FR;PT;10;EXW;11;3;;1;1;36;;FR56894681972;
INTRA-EX;202510;513881387;VWR120010;40091100;FR;PT;10;EXW;11;3;;1,4;1;306;;FR56894681972;
INTRA-EX;202510;513881387;VWR1200R600E;84213100;FR;PT;10;EXW;11;3;;4,9;1;530;;FR56894681972;
INTRA-EX;202510;513881387;VWR17G8R600;84213100;FR;PT;10;EXW;11;3;;0,2;1;65;;FR56894681972;
INTRA-EX;202510;513881387;SES1116ICPWB;40091100;FR;PT;10;EXW;11;3;;2,5;1;471;;FR78902172287;
INTRA-EX;202510;513881387;CTS-IT-312;87089997;FR;PT;10;EXW;11;3;;0,6;2;309;;FR78902172287;
INTRA-EX;202510;513881387;9-654-1025;84133080;FR;PT;10;EXW;11;3;;0,8;1;198;;FR78902172287;
INTRA-EX;202510;513881387;ATIKVAG19-RD;84213100;FR;PT;10;EXW;11;3;;4,9;2;506;;FR78902172287;
INTRA-EX;202510;513881387;TRBP-K8;87089997;FR;PT;10;EXW;11;3;;1;1;659;;FR08889693925;
INTRA-EX;202510;513881387;E40-85-014-06-11;87088055;FR;PT;10;EXW;11;3;;13,2;1;552;;FR93900444431;
INTRA-EX;202510;513881387;VWR15G503;84099100;FR;PT;10;EXW;11;3;;1,1;1;260;;FR93900444431;
INTRA-EX;202510;513881387;VWR120000;84213100;FR;PT;10;EXW;11;3;;1;1;36;;FR93900444431;
INTRA-EX;202510;513881387;06D115562;84099100;FR;PT;10;EXW;11;3;;0,2;1;5;;FR93900444431;
INTRA-EX;202510;513881387;CTS-TM-MK56-60D;84099100;FR;PT;10;EXW;11;3;;2;1;129;;FR93900444431;
INTRA-EX;202510;513881387;CTS-EM-MK456-4-60D;84099100;FR;PT;10;EXW;11;3;;2,5;1;139;;FR93900444431;
INTRA-EX;202510;513881387;ARMAAD0RS3-A;84213100;FR;PT;10;EXW;11;3;;5,9;1;1485;;FR70842707275;
INTRA-EX;202510;513881387;FMINDK47;84213100;FR;PT;10;EXW;11;3;;5,8;1;757;;FR90910847292;
INTRA-EX;202510;513881387;SAUC089;87089235;FR;PT;10;EXW;11;3;;10;1;897;;FR32882576267;
INTRA-EX;202510;513881387;32018-AZ010;84213100;FR;PT;10;EXW;11;3;;13;1;806;;FR05904077666;
INTRA-EX;202510;513881387;FMINT28;84198998;FR;PT;10;EXW;11;3;;15,6;1;714;;FR46519920755;
INTRA-EX;202510;513881387;ATINTVAG41;87089199;FR;PT;10;EXW;11;3;;22;1;1355;;FR42888238128;
INTRA-EX;202510;513881387;31021-AS003;84213100;FR;PT;10;EXW;11;3;;14,7;1;1131;;FR62903775724;
INTRA-EX;202510;513881387;MMEXH-MUS8-15HP;87089235;FR;PT;10;EXW;11;3;;5;1;303;;FR49832293930;
INTRA-EX;202510;513881387;EVO9202;84213100;FR;PT;10;EXW;11;3;;5,6;1;427;;FR49832293930;
INTRA-EX;202510;513881387;ATINTMB02;87089135;FR;PT;10;EXW;11;3;;4,2;1;473;;QV999999999999;
INTRA-EX;202510;513881387;PRK-148-BK;84213100;FR;PT;10;EXW;11;3;;4;1;440;;QV999999999999;
INTRA-EX;202510;513881387;SD-1357992;87089997;FR;PT;10;EXW;11;3;;8,4;1;261;;QV999999999999;
INTRA-EX;202510;513881387;Z-1355110;87089997;FR;PT;10;EXW;11;3;;1,2;1;192;;QV999999999999;
INTRA-EX;202510;513881387;71008-AN029;84213100;FR;PT;10;EXW;11;3;;2;1;383;;QV999999999999;
INTRA-EX;202510;513881387;70017-AN105;84213100;FR;PT;10;EXW;11;3;;0,6;1;64;;QV999999999999;
INTRA-EX;202510;513881387;CTS-CC-MK6TSI;84099100;FR;PT;10;EXW;11;3;;3;1;404;;QV999999999999;
INTRA-EX;202510;513881387;AC-MK5-FU-BL;87088055;FR;PT;10;EXW;11;3;;4,4;1;97;;QV999999999999;
INTRA-EX;202510;513881387;VSH64-A1DS2;84099100;FR;PT;10;EXW;11;3;;14,7;1;452;;QV999999999999;
INTRA-EX;202510;513881387;CTS-IT-963;84213100;FR;PT;10;EXW;11;3;;7;1;449;;QV999999999999;
INTRA-EX;202510;513881387;AC-MQB-IC;84198998;FR;PT;10;EXW;11;3;;16,3;1;419;;QV999999999999;
INTRA-EX;202510;513881387;COMBO-NOV-MQB;84213100;FR;PT;10;EXW;11;3;;5,5;1;441;;QV999999999999;
INTRA-EX;202510;513881387;001422.999502;84836080;FR;PT;10;EXW;11;3;;7;1;569;;FR36852855436;
INTRA-EX;202510;513881387;AC-MQB-IC;84198998;FR;PT;10;EXW;11;3;;16,3;1;419;;QV999999999999;
INTRA-EX;202510;513881387;SVWC064;87089235;FR;PT;10;EXW;11;3;;10,5;1;426;;QV999999999999;
INTRA-EX;202510;513881387;FRI-0405;84213100;FR;PT;10;EXW;11;3;;4,1;1;1676;;FR95835324872;
INTRA-EX;202510;513881387;FMINT25;84198998;FR;PT;10;EXW;11;3;;13,7;1;795;;FR65890019185;
INTRA-EX;202510;513881387;06K103495AC;87089997;FR;PT;10;EXW;11;3;;0,6;1;32;;FR17920918422;
INTRA-EX;202510;513881387;FMACF14;87089997;FR;PT;10;EXW;11;3;;0,5;1;144;;FR53910897073;
INTRA-EX;202510;513881387;005EA14139;84099100;FR;PT;10;EXW;11;3;;2,4;1;368;;FR33830399838;
INTRA-EX;202510;513881387;3797806535SP;87087099;FR;PT;10;EXW;11;3;;10;2;715;;FR33503105736;
INTRA-EX;202510;513881387;AC-451-RAD;84198998;FR;PT;10;EXW;11;3;;6,3;1;485;;FR93849668132;
INTRA-EX;202510;513881387;PX1974;84213100;FR;PT;10;EXW;11;3;;2,5;1;256;;FR93849668132;
INTRA-EX;202510;513881387;C9000;87089997;FR;PT;10;EXW;11;3;;1;1;14;;FR93849668132;
INTRA-EX;202510;513881387;DBA53922BLKS-2;87089997;FR;PT;10;EXW;11;3;;20,5;1;1261;;FR34920191251;
INTRA-EX;202510;513881387;PST77;87088035;FR;PT;10;EXW;11;3;;3,2;1;147;;FR34920191251;
INTRA-EX;202510;513881387;Z-315561;87089997;FR;PT;10;EXW;11;3;;1,3;1;184;;FR34920191251;
INTRA-EX;202510;513881387;SAUC079;87089235;FR;PT;10;EXW;11;3;;9,1;1;836;;FR96912130895;
INTRA-EX;202510;513881387;CI100038-B;40091100;FR;PT;10;EXW;11;3;;1,6;1;367;;FR96912130895;
INTRA-EX;202510;513881387;MMOC-BRZ-13T;87089135;FR;PT;10;EXW;11;3;;5,4;1;742;;FR34897942652;
INTRA-EX;202510;513881387;MMAI-BRZ-13BBK;84213100;FR;PT;10;EXW;11;3;;4,4;1;328;;FR34897942652;
INTRA-EX;202510;513881387;E90-57-004-02-22;87088020;FR;PT;10;EXW;11;3;;19,8;1;862;;FR77978902617;
INTRA-EX;202510;513881387;UR-TW2-3051;87088055;FR;PT;10;EXW;11;3;;1,7;1;157;;FR77978902617;
INTRA-EX;202510;513881387;001422.999502;84836080;FR;PT;10;EXW;11;3;;7;1;683;;FR53839757952;
INTRA-EX;202510;513881387;AC-211-IT;84198998;FR;PT;10;EXW;11;3;;5,5;1;224;;FR79919917435;
INTRA-EX;202510;513881387;MS100208-4;84099100;FR;PT;10;EXW;11;3;;1,7;2;287;;FR79919917435;
INTRA-EX;202510;513881387;CTS-IT-825;84213100;FR;PT;10;EXW;11;3;;3,8;1;378;;FR79919917435;
INTRA-EX;202510;513881387;AC-UNI-WD;87089997;FR;PT;10;EXW;11;3;;0,2;2;31;;FR79919917435;
INTRA-EX;202510;513881387;FMIND5R32-BLU;84213100;FR;PT;10;EXW;11;3;;4,1;1;336;;FR79919917435;
INTRA-EX;202510;513881387;AC-200-TP;40091100;FR;PT;10;EXW;11;3;;1,2;1;134;;FR79919917435;
INTRA-EX;202510;513881387;001423.000685;84836080;FR;PT;10;EXW;11;3;;6,7;1;644;;FR84912296761;
INTRA-EX;202510;513881387;SFDX089;87089235;FR;PT;10;EXW;11;3;;4;1;718;;FR22921291324;
INTRA-EX;202510;513881387;PX1974;84213100;FR;PT;10;EXW;11;3;;2,5;1;256;;FR68915024525;
INTRA-EX;202510;513881387;CTS-EXH-DP-0029;87089235;FR;PT;10;EXW;11;3;;4,5;1;553;;FR68915024525;
INTRA-EX;202510;513881387;SBMP098;87089997;FR;PT;10;EXW;11;3;;17,7;1;829;;FR20915264972;
INTRA-EX;202510;513881387;ATINTVAG15;87089135;FR;PT;10;EXW;11;3;;10,2;1;709;;FR50982156473;
INTRA-EX;202510;513881387;FMOCRS4;87089135;FR;PT;10;EXW;11;3;;5;1;1168;;FR10919254805;
INTRA-EX;202510;513881387;06E898001-8;85111000;FR;PT;10;EXW;11;3;;3;1;251;;FR10919254805;
INTRA-EX;202510;513881387;079133074B;87089235;FR;PT;10;EXW;11;3;;0,1;2;26;;FR10919254805;
INTRA-EX;202510;513881387;SRN023;87089235;FR;PT;10;EXW;11;3;;17;1;599;;FR41898071535;
INTRA-EX;202510;513881387;DBA42366S-2;87089997;FR;PT;10;EXW;11;3;;23,2;1;436;;FR64538852930;
INTRA-EX;202510;513881387;SRN0616-4P-BK;87083091;FR;PT;10;EXW;11;3;;0,5;1;94;;FR64538852930;
INTRA-EX;202510;513881387;ES-1350571;87083099;FR;PT;10;EXW;11;3;;1,3;1;73;;FR64538852930;
INTRA-EX;202510;513881387;FMINDK47;84213100;FR;PT;10;EXW;11;3;;5,8;1;757;;FR20899122717;
INTRA-EX;202510;513881387;71008-AZ008;84213100;FR;PT;10;EXW;11;3;;1,2;1;269;;FR25831629860;
INTRA-EX;202510;513881387;10.127.100K;84132000;FR;PT;10;EXW;11;3;;0,3;1;377;;FR25831629860;
INTRA-EX;202510;513881387;SP6063BLK;84213100;FR;PT;10;EXW;11;3;;2,3;1;294;;FR25831629860;
INTRA-EX;202510;513881387;ATINTMAZ05;84198998;FR;PT;10;EXW;11;3;;10,4;1;513;;FR25831629860;
INTRA-EX;202510;513881387;SMA0380-4P-RD;87083091;FR;PT;10;EXW;11;3;;0,5;1;99;;FR25831629860;
INTRA-EX;202510;513881387;JE-337967;;FR;PT;10;EXW;11;3;;0,1;1;1028;;FR92901672386;
INTRA-EX;202510;513881387;EVE-A35-CF-INT;84213100;FR;PT;10;EXW;11;3;;4,2;1;928;;FR71791829385;
INTRA-EX;202510;513881387;VWR900001;85111000;FR;PT;10;EXW;11;3;;0,3;4;122;;FR71791829385;
INTRA-EX;202510;513881387;EVE-ST38Y-CF-INT;84213100;FR;PT;10;EXW;11;3;;7;1;1285;;FR71791829385;
INTRA-EX;202510;513881387;SRNS022;87089235;FR;PT;10;EXW;11;3;;22;1;445;;FR55524167806;
INTRA-EX;202510;513881387;EVE-B9S5-CF-INT;84213100;FR;PT;10;EXW;11;3;;3,4;1;1035;;FR82530667591;
INTRA-EX;202510;513881387;FMDVMK7A-BLA;87089997;FR;PT;10;EXW;11;3;;0,6;1;190;;FR73881389712;
INTRA-EX;202510;513881387;COMBO-NOV-MQB;84213100;FR;PT;10;EXW;11;3;;5,5;1;446;;FR73881389712;
INTRA-EX;202510;513881387;06E898001-5;84099100;FR;PT;10;EXW;11;3;;1,9;1;127;;QV999999999999;
INTRA-EX;202510;513881387;ESR916WR;84213100;FR;PT;10;EXW;11;3;;4,4;1;269;;QV999999999999;
INTRA-EX;202510;513881387;UR-TW2-3051;87088055;FR;PT;10;EXW;11;3;;1,7;1;131;;QV999999999999;
INTRA-EX;202510;513881387;R7437-9-5;85111000;FR;PT;10;EXW;11;3;;0,3;1;213;;QV999999999999;
INTRA-EX;202510;513881387;CTS-HW-0242;70102000;FR;PT;10;EXW;11;3;;0,5;1;62;;QV999999999999;
INTRA-EX;202510;513881387;MMHOSE-MUS8-15IHBK;40093100;FR;PT;10;EXW;11;3;;1,5;1;140;;QV999999999999;
INTRA-EX;202510;513881387;82494;84099100;FR;PT;10;EXW;11;3;;1,6;1;206;;QV999999999999;
INTRA-EX;202510;513881387;SHD0394-6C-BK;87083091;FR;PT;10;EXW;11;3;;0,8;1;196;;QV999999999999;
INTRA-EX;202510;513881387;CTS-HW-0242;70102000;FR;PT;10;EXW;11;3;;0,5;1;62;;QV999999999999;
INTRA-EX;202510;513881387;03H971921;84099100;FR;PT;10;EXW;11;3;;0,1;1;23;;QV999999999999;
INTRA-EX;202510;513881387;ILZKAR7A10-8;85111000;FR;PT;10;EXW;11;3;;0,5;1;73;;QV999999999999;
INTRA-EX;202510;513881387;CTS-HW-0242;70102000;FR;PT;10;EXW;11;3;;0,5;1;62;;QV999999999999;
INTRA-EX;202510;513881387;AC-VAG-ODP;70102000;FR;PT;10;EXW;11;3;;0,2;1;8;;QV999999999999;
INTRA-EX;202510;513881387;420121321;84099100;FR;PT;10;EXW;11;3;;0,1;1;29;;QV999999999999;
INTRA-EX;202510;513881387;WHT005184;40091100;FR;PT;10;EXW;11;3;;0,1;1;8;;QV999999999999;
INTRA-EX;202510;513881387;ES-331238;87089997;FR;PT;10;EXW;11;3;;1,6;1;61;;QV999999999999;
INTRA-EX;202510;513881387;DRF-S1-FS;87083099;FR;PT;10;EXW;11;3;;15,3;1;299;;QV999999999999;
INTRA-EX;202510;513881387;ILZTR6A8G-4;84099100;FR;PT;10;EXW;11;3;;0,2;1;33;;QV999999999999;
INTRA-EX;202510;513881387;SILZKBR8D8S-6;84099100;FR;PT;10;EXW;11;3;;0,4;1;68;;QV999999999999;
INTRA-EX;202510;513881387;WHT005184;40091100;FR;PT;10;EXW;11;3;;0,1;1;8;;QV999999999999;
INTRA-EX;202510;513881387;AC-200-HS;87089997;FR;PT;10;EXW;11;3;;0,5;1;22;;QV999999999999;
INTRA-EX;202510;513881387;SILZKGR8B8S-6;85111000;FR;PT;10;EXW;11;3;;0,4;1;59;;QV999999999999;
INTRA-EX;202510;513881387;VWR31F020;84213100;FR;PT;10;EXW;11;3;;9,1;1;268;;FR36852855436;
INTRA-EX;202510;513881387;20FI33001X-RD;87089997;FR;PT;10;EXW;11;3;;30;1;999;;FR50804578573;
INTRA-EX;202510;513881387;ES-2755347;87089997;FR;PT;10;EXW;11;3;;0,8;1;92;;FR50804578573;
INTRA-EX;202510;513881387;SD-2652458;87089997;FR;PT;10;EXW;11;3;;7,4;1;161;;FR50804578573;
INTRA-EX;202510;513881387;CTS-IT-105R;84213100;FR;PT;10;EXW;11;3;;4,6;1;256;;QV999999999999;
INTRA-EX;202510;513881387;AC-200-HS;87089997;FR;PT;10;EXW;11;3;;0,5;1;22;;QV999999999999;
INTRA-EX;202510;513881387;CTS-IT-270R;84213100;FR;PT;10;EXW;11;3;;4,3;1;279;;QV999999999999;
INTRA-EX;202510;513881387;ILTR6A-8G-4;87089997;FR;PT;10;EXW;11;3;;0,3;1;55;;QV999999999999;
INTRA-EX;202510;513881387;RPF-1992;84213100;FR;PT;10;EXW;11;3;;0,4;1;25;;QV999999999999;
INTRA-EX;202510;513881387;4B1609H-STD;40091100;FR;PT;10;EXW;11;3;;0,5;1;47;;QV999999999999;
INTRA-EX;202510;513881387;VWR19G703;70102000;FR;PT;10;EXW;11;3;;0,2;1;95;;QV999999999999;
INTRA-EX;202510;513881387;VWR19G702;70102000;FR;PT;10;EXW;11;3;;0,1;1;81;;QV999999999999;
INTRA-EX;202510;513881387;BKR8EIX-4;85111000;FR;PT;10;EXW;11;3;;0,3;1;43;;QV999999999999;
INTRA-EX;202510;513881387;JSK-103-80;84213100;FR;PT;10;EXW;11;3;;1,3;1;124;;FR09800029712;
INTRA-EX;202510;513881387;82494;84099100;FR;PT;10;EXW;11;3;;1,6;1;206;;QV999999999999;
INTRA-EX;202510;513881387;CTS-HW-0133;84099100;FR;PT;10;EXW;11;3;;0,5;1;135;;QV999999999999;
INTRA-EX;202510;513881387;R7437-8-4;84099100;FR;PT;10;EXW;11;3;;0,3;1;165;;QV999999999999;
INTRA-EX;202510;513881387;VWR900001-4;84099100;FR;PT;10;EXW;11;3;;1,8;1;174;;QV999999999999;
INTRA-EX;202510;513881387;10.127.101K;84133080;FR;PT;10;EXW;11;3;;0,3;1;314;;QV999999999999;
INTRA-EX;202510;513881387;CTS-IGN-008;84099100;FR;PT;10;EXW;11;3;;0,3;6;210;;QV999999999999;
INTRA-EX;202510;513881387;VWR810000;87089997;FR;PT;10;EXW;11;3;;0,2;1;28;;QV999999999999;
INTRA-EX;202510;513881387;AC-B58-DP;87089235;FR;PT;10;EXW;11;3;;3,8;1;172;;QV999999999999;
INTRA-EX;202510;513881387;FMDV37-BLACK;84818040;FR;PT;10;EXW;11;3;;0,6;1;180;;QV999999999999;
INTRA-EX;202510;513881387;VWR670007;87089997;FR;PT;10;EXW;11;3;;1,1;1;85;;QV999999999999;
INTRA-EX;202510;513881387;CTS-IT-220R;84213100;FR;PT;10;EXW;11;3;;4,5;1;280;;QV999999999999;
INTRA-EX;202510;513881387;Z1003101-6;85111000;FR;PT;10;EXW;11;3;;0,4;1;112;;QV999999999999;
INTRA-EX;202510;513881387;11427953129;84099100;FR;PT;10;EXW;11;3;;0,1;12;62;;FR35504243288;
INTRA-EX;202510;513881387;SP-671;32081090;FR;PT;10;EXW;11;3;;0,8;5;107;;QV999999999999;
INTRA-EX;202510;513881387;AC-MK5-FU-RD;87088055;FR;PT;10;EXW;11;3;;4,4;1;97;;QV999999999999;
INTRA-EX;202510;513881387;AC-200-IT;84198998;FR;PT;10;EXW;11;3;;5;1;187;;QV999999999999;
INTRA-EX;202510;513881387;VWR190007;87141030;FR;PT;10;EXW;11;3;;0,3;1;24;;QV999999999999;
INTRA-EX;202510;513881387;50003-M45-XL-4;84213100;FR;PT;10;EXW;11;3;;0,3;1;81;;QV999999999999;
INTRA-EX;202510;513881387;FM225IND-BLU;40093100;FR;PT;10;EXW;11;3;;1;1;192;;QV999999999999;
INTRA-EX;202510;513881387;VWR630001;87141030;FR;PT;10;EXW;11;3;;1,9;1;155;;QV999999999999;
INTRA-EX;202510;513881387;CTS-FPK-004-450;87089235;FR;PT;10;EXW;11;3;;0,8;1;358;;QV999999999999;
INTRA-EX;202510;513881387;E20-81-016-04-22;73202081;FR;PT;10;EXW;11;3;;7,7;1;155;;QV999999999999;
INTRA-EX;202510;513881387;FMINLCVXR-BLU;40091100;FR;PT;10;EXW;11;3;;0,8;1;114;;QV999999999999;
INTRA-EX;202510;513881387;SVA0714-4P-EB;87083091;FR;PT;10;EXW;11;3;;0,5;1;78;;QV999999999999;
INTRA-EX;202510;513881387;FMSBCVXR;87088055;FR;PT;10;EXW;11;3;;1,3;1;43;;QV999999999999;
INTRA-EX;202510;513881387;ATINTFT3-BK;;FR;PT;10;EXW;11;3;;0,1;1;708;;FR05522412154;
INTRA-EX;202510;513881387;SFT005C;87089235;FR;PT;10;EXW;11;3;;22,1;1;825;;FR05522412154;
INTRA-EX;202510;513881387;883089.000047;84836080;FR;PT;10;EXW;11;3;;15,5;1;1467;;FR06821613569;
INTRA-EX;202510;513881387;613182.654150;87089997;FR;PT;10;EXW;11;3;;0,5;1;75;;FR06821613569;
INTRA-EX;202510;513881387;AC-200-HPFP;87089997;FR;PT;10;EXW;11;3;;1;1;575;;FR07818794620;
INTRA-EX;202510;513881387;AC-200-CFA-KIT;87089997;FR;PT;10;EXW;11;3;;0,1;1;38;;FR07818794620;
INTRA-EX;202510;513881387;ATINTVAG8;87089135;FR;PT;10;EXW;11;3;;14,7;1;709;;FR08848538377;
INTRA-EX;202510;513881387;CI100042;84213100;FR;PT;10;EXW;11;3;;4,8;1;1457;;FR09538385113;
INTRA-EX;202510;513881387;AMS.04.05.0001-1;87089235;FR;PT;10;EXW;11;3;;7,8;1;599;;FR11452992845;
INTRA-EX;202510;513881387;CTS-TR-1000;87089997;FR;PT;10;EXW;11;3;;10;1;999;;FR11808645576;
INTRA-EX;202510;513881387;EVE-GR4-CF-INT;84213100;FR;PT;10;EXW;11;3;;4,9;1;1560;;FR12792690208;
INTRA-EX;202510;513881387;PK424;84213100;FR;PT;10;EXW;11;3;;4,6;1;396;;FR12812220770;
INTRA-EX;202510;513881387;FMDV20-BLA;84818040;FR;PT;10;EXW;11;3;;0,6;1;212;;FR12812220770;
INTRA-EX;202510;513881387;VWR13G700;84099100;FR;PT;10;EXW;11;3;;3;1;762;;FR13529158636;
INTRA-EX;202510;513881387;CTS-EXH-TP-0012;87089235;FR;PT;10;EXW;11;3;;4,8;1;674;;FR14503639650;
INTRA-EX;202510;513881387;EVE-TRB8V8S-LHD-TTE;84213100;FR;PT;10;EXW;11;3;;1,4;1;734;;FR16812002004;
INTRA-EX;202510;513881387;VWR13G500;84099100;FR;PT;10;EXW;11;3;;2;1;505;;FR16892316258;
INTRA-EX;202510;513881387;06E898001-4;85111000;FR;PT;10;EXW;11;3;;1,5;1;125;;FR16892316258;
INTRA-EX;202510;513881387;8E0971824S-RD;84099100;FR;PT;10;EXW;11;3;;0,2;1;16;;FR16892316258;
INTRA-EX;202510;513881387;06F103483E;87089235;FR;PT;10;EXW;11;3;;0,1;1;9;;FR16892316258;
INTRA-EX;202510;513881387;1K1819653B;84099100;FR;PT;10;EXW;11;3;;0,5;1;9;;FR16892316258;
INTRA-EX;202510;513881387;AC-VAG-ODP;70102000;FR;PT;10;EXW;11;3;;0,2;2;19;;FR16892316258;
INTRA-EX;202510;513881387;06D115562;84099100;FR;PT;10;EXW;11;3;;0,2;3;16;;FR16892316258;
INTRA-EX;202510;513881387;2Q0121321A;87089997;FR;PT;10;EXW;11;3;;0,2;1;10;;FR16892316258;
INTRA-EX;202510;513881387;AC-200-CFA-KIT;87089997;FR;PT;10;EXW;11;3;;0,1;1;38;;FR16892316258;
INTRA-EX;202510;513881387;3797704943SP;87087099;FR;PT;10;EXW;11;3;;8,5;4;1371;;FR18809388663;
INTRA-EX;202510;513881387;MS100192-4;84099100;FR;PT;10;EXW;11;3;;1,7;1;216;;FR21842127813;
INTRA-EX;202510;513881387;SVAGC005;87089235;FR;PT;10;EXW;11;3;;11;1;416;;FR21842127813;
INTRA-EX;202510;513881387;R7437-9-4;87089997;FR;PT;10;EXW;11;3;;0,3;1;199;;FR21842127813;
INTRA-EX;202510;513881387;CI100033;84213100;FR;PT;10;EXW;11;3;;3,2;1;499;;FR21842127813;
INTRA-EX;202510;513881387;CTS-EXH-CB-0007.0;87089235;FR;PT;10;EXW;11;3;;23,3;1;863;;FR23812965960;
INTRA-EX;202510;513881387;CTS-EXH-DP-0014;87089997;FR;PT;10;EXW;11;3;;6;1;486;;FR23812965960;
INTRA-EX;202510;513881387;GSJ14-91AS2;73209090;FR;PT;10;EXW;11;3;;26;1;866;;FR23813497617;
INTRA-EX;202510;513881387;279948;87082910;FR;PT;10;EXW;11;3;;4,1;1;1297;;FR23829958032;
INTRA-EX;202510;513881387;32018-AT041;84213100;FR;PT;10;EXW;11;3;;23;1;1372;;FR29825099401;
INTRA-EX;202510;513881387;AC-WS-5;87088099;FR;PT;10;EXW;11;3;;2,3;1;32;;FR31834233439;
INTRA-EX;202510;513881387;002352.999502;84836080;FR;PT;10;EXW;11;3;;6,8;1;673;;FR31834233439;
INTRA-EX;202510;513881387;20AU33006X-RD;87083091;FR;PT;10;EXW;11;3;;26,5;1;1268;;FR35798099065;
INTRA-EX;202510;513881387;ATMSBMW22;87089997;FR;PT;10;EXW;11;3;;8,7;2;565;;FR36519452080;
INTRA-EX;202510;513881387;ECA913BK;84213100;FR;PT;10;EXW;11;3;;3,6;1;313;;FR37789181112;
INTRA-EX;202510;513881387;FMKT035-BK;;FR;PT;10;EXW;11;3;;0,1;1;222;;FR37789181112;
INTRA-EX;202510;513881387;AC-451-RAD;84198998;FR;PT;10;EXW;11;3;;6,3;1;485;;FR38814811196;
INTRA-EX;202510;513881387;SHYP104;87089235;FR;PT;10;EXW;11;3;;3,2;1;242;;FR40819531831;
INTRA-EX;202510;513881387;ATMSHYU5;87089997;FR;PT;10;EXW;11;3;;3,9;1;218;;FR40819531831;
INTRA-EX;202510;513881387;ATEXHHYU1;87089235;FR;PT;10;EXW;11;3;;4,8;1;269;;FR40819531831;
INTRA-EX;202510;513881387;CI100042;84213100;FR;PT;10;EXW;11;3;;4,8;1;1457;;FR43509340188;
INTRA-EX;202510;513881387;CTS-IT-270R;84213100;FR;PT;10;EXW;11;3;;4,3;1;335;;FR44843962317;
INTRA-EX;202510;513881387;CTS-IGN-007;84099100;FR;PT;10;EXW;11;3;;0,3;4;168;;FR44843962317;
INTRA-EX;202510;513881387;VWR13G700;84099100;FR;PT;10;EXW;11;3;;3;1;762;;FR46810264259;
INTRA-EX;202510;513881387;CTS-IT-110;40091100;FR;PT;10;EXW;11;3;;1,3;1;228;;FR47503616963;
INTRA-EX;202510;513881387;CTS-IT-500;40091100;FR;PT;10;EXW;11;3;;1,6;1;179;;FR47503616963;
INTRA-EX;202510;513881387;1K0121407A;87089997;FR;PT;10;EXW;11;3;;0,8;1;11;;FR47503616963;
INTRA-EX;202510;513881387;FMPCVD1;87089997;FR;PT;10;EXW;11;3;;0,3;1;114;;FR47503616963;
INTRA-EX;202510;513881387;FMMKV1-BK;;FR;PT;10;EXW;11;3;;0,1;1;39;;FR47503616963;
INTRA-EX;202510;513881387;VWR180000;87089997;FR;PT;10;EXW;11;3;;0,1;1;18;;FR47503616963;
INTRA-EX;202510;513881387;KLC141;87088055;FR;PT;10;EXW;11;3;;1;1;145;;FR47503616963;
INTRA-EX;202510;513881387;SAU0780-4P-BK;87083091;FR;PT;10;EXW;11;3;;0,5;1;93;;FR48881778997;
INTRA-EX;202510;513881387;FMOCRS4;87089135;FR;PT;10;EXW;11;3;;5;1;1147;;FR48881778997;
INTRA-EX;202510;513881387;RBF660;27101999;FR;PT;10;EXW;11;3;;0,6;1;14;;FR48881778997;
INTRA-EX;202510;513881387;10w60-2;27101999;FR;PT;10;EXW;11;3;;4,7;1;32;;FR48881778997;
INTRA-EX;202510;513881387;CTS-HW-0420R-BK;87089997;FR;PT;10;EXW;11;3;;5;1;917;;FR51825111792;
INTRA-EX;202510;513881387;11002BK;87089997;FR;PT;10;EXW;11;3;;0,7;1;29;;FR51825111792;
INTRA-EX;202510;513881387;STT-K8;87089997;FR;PT;10;EXW;11;3;;0,4;1;98;;FR52839374543;
INTRA-EX;202510;513881387;EMS-K8-RR;87089997;FR;PT;10;EXW;11;3;;2;1;229;;FR52839374543;
INTRA-EX;202510;513881387;CAM-K8;87088020;FR;PT;10;EXW;11;3;;3,4;1;327;;FR52839374543;
INTRA-EX;202510;513881387;PRA-K8;87088020;FR;PT;10;EXW;11;3;;4,4;1;429;;FR52839374543;
INTRA-EX;202510;513881387;SVWS056;87089235;FR;PT;10;EXW;11;3;;22,6;1;951;;FR53830473112;
INTRA-EX;202510;513881387;AC-M2F-MP;87089997;FR;PT;10;EXW;11;3;;16,5;1;719;;FR54423658087;
INTRA-EX;202510;513881387;CTS-IT-312;87089997;FR;PT;10;EXW;11;3;;0,6;1;154;;FR54423658087;
INTRA-EX;202510;513881387;FRI-0406;84213100;FR;PT;10;EXW;11;3;;3,5;1;778;;FR54450521752;
INTRA-EX;202510;513881387;VSUB8-C1AA2;73209090;FR;PT;10;EXW;11;3;;25;1;1060;;FR56810999102;
INTRA-EX;202510;513881387;CTS-20T-MQB-DF;87089199;FR;PT;10;EXW;11;3;;16;1;863;;FR57798802872;
INTRA-EX;202510;513881387;VWR12G7R600ITINLET;87089997;FR;PT;10;EXW;11;3;;0,4;1;171;;FR57838267516;
INTRA-EX;202510;513881387;VWR160001;87089997;FR;PT;10;EXW;11;3;;0,4;1;147;;FR57838267516;
INTRA-EX;202510;513881387;VWR31G7GT;87088035;FR;PT;10;EXW;11;3;;8,5;1;322;;FR57838267516;
INTRA-EX;202510;513881387;VWR640020;87089997;FR;PT;10;EXW;11;3;;2,2;1;126;;FR57838267516;
INTRA-EX;202510;513881387;VWR640012;87089997;FR;PT;10;EXW;11;3;;2,2;1;104;;FR57838267516;
INTRA-EX;202510;513881387;VWR12G7R600ITBLA;84213100;FR;PT;10;EXW;11;3;;0,8;1;131;;FR57838267516;
INTRA-EX;202510;513881387;VWR19G702;70102000;FR;PT;10;EXW;11;3;;0,1;1;98;;FR57838267516;
INTRA-EX;202510;513881387;VWR19G704;70102000;FR;PT;10;EXW;11;3;;0,1;1;98;;FR57838267516;
INTRA-EX;202510;513881387;VWR19G701;87089997;FR;PT;10;EXW;11;3;;0,2;1;81;;FR57838267516;
INTRA-EX;202510;513881387;VWR19G703;70102000;FR;PT;10;EXW;11;3;;0,2;1;114;;FR57838267516;
INTRA-EX;202510;513881387;VW26;87089235;FR;PT;10;EXW;11;3;;17;1;586;;FR63813526019;
INTRA-EX;202510;513881387;8E0971824S-BL;84099100;FR;PT;10;EXW;11;3;;0,2;1;22;;FR63813526019;
INTRA-EX;202510;513881387;420103485B;70102000;FR;PT;10;EXW;11;3;;0,1;1;27;;FR63813526019;
INTRA-EX;202510;513881387;FMPCVD1;87089997;FR;PT;10;EXW;11;3;;0,3;1;114;;FR63813526019;
INTRA-EX;202510;513881387;FMRLH-BK;;FR;PT;10;EXW;11;3;;0,1;1;73;;FR63813526019;
INTRA-EX;202510;513881387;FRI-0104;84213100;FR;PT;10;EXW;11;3;;4,6;1;713;;FR67823735238;
INTRA-EX;202510;513881387;MMOC-BRZ-13T;87089135;FR;PT;10;EXW;11;3;;5,4;1;676;;FR71538891409;
INTRA-EX;202510;513881387;VSGB0-C1AA3;87089997;FR;PT;10;EXW;11;3;;21;1;1060;;FR72812143675;
INTRA-EX;202510;513881387;CTS-HW-0484;87089997;FR;PT;10;EXW;11;3;;5,2;1;809;;FR77537634776;
INTRA-EX;202510;513881387;002352.999502;84836080;LT;PT;10;EXW;11;3;;6,8;1;556;;QV999999999999;
INTRA-EX;202510;513881387;613182.654150;87089997;LT;PT;10;EXW;11;3;;0,5;1;62;;QV999999999999;
INTRA-EX;202510;513881387;CI100053;84213100;CZ;PT;10;EXW;11;3;;4,2;2;629;;CZ05205093;
INTRA-EX;202510;513881387;CI100052-A;84213100;CZ;PT;10;EXW;11;3;;1,7;2;219;;CZ05205093;
INTRA-EX;202510;513881387;CTS-IT-312;87089997;CY;PT;10;EXW;11;3;;0,6;1;130;;QV999999999999;
INTRA-EX;202510;513881387;CTS-IT-288;84213100;CY;PT;10;EXW;11;3;;2,2;1;302;;QV999999999999;
INTRA-EX;202510;513881387;216BFWAOTSM;90269000;BG;PT;10;EXW;11;3;;0,3;1;29;;BG206125482;
INTRA-EX;202510;513881387;216CLSDWAOT-R;87089997;BG;PT;10;EXW;11;3;;0,4;1;42;;BG206125482;
INTRA-EX;202510;513881387;216CLSDWAOP-R;87089997;BG;PT;10;EXW;11;3;;0,4;1;67;;BG206125482;
INTRA-EX;202510;513881387;MMOP-TPS;84099100;BG;PT;10;EXW;11;3;;0,4;1;40;;BG206125482;
INTRA-EX;202510;513881387;6-1002-FRB;84133080;BG;PT;10;EXW;11;3;;0,4;1;97;;BG206125482;
INTRA-EX;202510;513881387;MMTS-S2K-00L;90321020;BG;PT;10;EXW;11;3;;0,2;3;113;;BG206125482;
INTRA-EX;202510;513881387;CI100053;84213100;SK;PT;10;EXW;11;3;;4,2;1;314;;SK2120431379;
INTRA-EX;202510;513881387;FMMD1;87089997;SK;PT;10;EXW;11;3;;0,7;1;106;;SK2120431379;
INTRA-EX;202510;513881387;CI100053;84213100;RO;PT;10;EXW;11;3;;4,2;1;317;;QV999999999999;
INTRA-EX;202510;513881387;CI100052-A;84213100;RO;PT;10;EXW;11;3;;1,7;1;110;;QV999999999999;
INTRA-EX;202510;513881387;MS100204-4;84099100;HR;PT;10;EXW;11;3;;1,7;1;175;;QV999999999999;
INTRA-EX;202510;513881387;CTS-IT-256;40091100;SI;PT;10;EXW;11;3;;2,3;1;177;;QV999999999999;
INTRA-EX;202510;513881387;CTS-HW-360;40091100;SI;PT;10;EXW;11;3;;1,4;1;245;;QV999999999999;
INTRA-EX;202510;513881387;PP1949;84213100;SI;PT;10;EXW;11;3;;0,7;1;37;;QV999999999999;
INTRA-EX;202510;513881387;C9000;87089997;SI;PT;10;EXW;11;3;;1;1;12;;QV999999999999;
INTRA-EX;202510;513881387;9-307-1059;84133080;DE;PT;10;EXW;11;3;;0,5;1;156;;QV999999999999;
INTRA-EX;202510;513881387;VWR12PRWRCFO;84213100;DE;PT;10;EXW;11;3;;0,3;1;92;;QV999999999999;
INTRA-EX;202510;513881387;06E898001-4;85111000;DE;PT;10;EXW;11;3;;1,5;1;103;;QV999999999999;
INTRA-EX;202510;513881387;8E0971824S-RD;84099100;DE;PT;10;EXW;11;3;;0,2;1;14;;QV999999999999;
INTRA-EX;202510;513881387;FMTIA4-Y;;PL;PT;10;EXW;11;3;;0,1;1;172;;PL5472002575;
INTRA-EX;202510;513881387;SRN0635-6P-YE;87083091;PL;PT;10;EXW;11;3;;0,5;1;113;;PL5472002575;
INTRA-EX;202510;513881387;ATMSREN9;87089997;PL;PT;10;EXW;11;3;;1;1;176;;PL5472002575;
INTRA-EX;202510;513881387;ATMSREN10;87089997;PL;PT;10;EXW;11;3;;1,2;1;176;;PL5472002575;
INTRA-EX;202510;513881387;ATMSREN11;87089997;PL;PT;10;EXW;11;3;;1;1;318;;PL5472002575;
INTRA-EX;202510;513881387;6B1584H-STD;40091100;GR;PT;10;EXW;11;3;;0,4;1;107;;GREL802913609;
INTRA-EX;202510;513881387;UR-TW2-3300;87088055;BE;PT;10;EXW;11;3;;3,5;1;128;;QV999999999999;
INTRA-EX;202510;513881387;CTS-HW-540;40091100;BE;PT;10;EXW;11;3;;2;1;269;;BE0478437949;
INTRA-EX;202510;513881387;MS100195-5;84133020;BE;PT;10;EXW;11;3;;2,2;1;539;;BE0478437949;
INTRA-EX;202510;513881387;CTS-EXH-DP-0019;87089235;BE;PT;10;EXW;11;3;;6;1;584;;BE0478437949;
INTRA-EX;202510;513881387;R7437-9-5;85111000;BE;PT;10;EXW;11;3;;0,3;1;213;;BE0478437949;
INTRA-EX;202510;513881387;SSU8003-4P-BK;87083091;BE;PT;10;EXW;11;3;;0,5;1;77;;QV999999999999;
INTRA-EX;202510;513881387;IKR9J8-4;87089997;BE;PT;10;EXW;11;3;;0,3;1;45;;QV999999999999;
INTRA-EX;202510;513881387;U5096-4;84099100;BE;PT;10;EXW;11;3;;1,5;1;114;;QV999999999999;
INTRA-EX;202510;513881387;VWG7T-DD;87089235;BE;PT;10;EXW;11;3;;6,6;1;615;;QV999999999999;
INTRA-EX;202510;513881387;MMTS-GTR-09;90321020;NL;PT;10;EXW;11;3;;0,4;1;74;;NL866860666B01;
INTRA-EX;202510;513881387;EVE-FX34M-PF;84213100;NL;PT;10;EXW;11;3;;1,5;1;142;;NL866860666B01;
INTRA-EX;202510;513881387;VWR8130S3;84099100;NL;PT;10;EXW;11;3;;2,6;1;319;;NL866996473B01;
INTRA-EX;202510;513881387;VWR8130S3;84099100;NL;PT;10;EXW;11;3;;2,6;1;319;;NL866996473B01;
INTRA-EX;202510;513881387;R7437-8;85111000;NL;PT;10;EXW;11;3;;0,1;4;136;;NL866860666B01;
INTRA-EX;202510;513881387;SAUS107CF;87089235;NL;PT;10;EXW;11;3;;25,2;1;961;;NL866860666B01;
INTRA-EX;202510;513881387;50003-MR45XLZ-4;87089997;NL;PT;10;EXW;11;3;;0,3;1;130;;QV999999999999;
INTRA-EX;202510;513881387;E10-85-043-06-22;87088035;NL;PT;10;EXW;11;3;;11,4;1;201;;NL005242230B27;
INTRA-EX;202510;513881387;SILFER8C7ES-5;85111000;NL;PT;10;EXW;11;3;;0,3;5;307;;NL005242230B27;
INTRA-EX;202510;513881387;06D115562;84099100;NL;PT;10;EXW;11;3;;0,2;10;46;;NL005242230B27;
INTRA-EX;202510;513881387;AC-MK7-TI;40091100;NL;PT;10;EXW;11;3;;1,3;1;107;;QV999999999999;
INTRA-EX;202510;513881387;PF05;90262020;NL;PT;10;EXW;11;3;;0,2;1;223;;QV999999999999;
INTRA-EX;202510;513881387;PRK-148-BK;84213100;NL;PT;10;EXW;11;3;;4;1;436;;QV999999999999;
INTRA-EX;202510;513881387;ATINTVAG7;87089135;IT;PT;10;EXW;11;3;;18,1;1;569;;IT04146110160;
INTRA-EX;202510;513881387;VWR810003;87089235;IT;PT;10;EXW;11;3;;1,7;1;191;;IT03656931205;
INTRA-EX;202510;513881387;EVE-F56-LCI-PL-INT;84213100;IT;PT;10;EXW;11;3;;4,8;1;714;;IT04146110160;
INTRA-EX;202510;513881387;CTS-IT-180;84213100;IT;PT;10;EXW;11;3;;6;1;224;;IT02710790060;
INTRA-EX;202510;513881387;AC-MK8-DPHS;87089235;IT;PT;10;EXW;11;3;;8,3;1;209;;IT02330960994;
INTRA-EX;202510;513881387;SFDP089;87089997;IT;PT;10;EXW;11;3;;8,2;1;168;;IT02710790060;
INTRA-EX;202510;513881387;CTS-HW-532;87089997;IT;PT;10;EXW;11;3;;0,3;1;58;;IT02710790060;
INTRA-EX;202510;513881387;FMTUBL15;87089997;IT;PT;10;EXW;11;3;;0,6;1;104;;IT02710790060;
INTRA-EX;202510;513881387;VWR140012;87089199;IT;PT;10;EXW;11;3;;3;1;240;;IT02710790060;
INTRA-EX;202510;513881387;VWR150003;90269000;IT;PT;10;EXW;11;3;;0,4;1;73;;IT02710790060;
INTRA-EX;202510;513881387;AC-250-CH-RD;40093100;IT;PT;10;EXW;11;3;;2,4;1;129;;IT12072620011;
INTRA-EX;202510;513881387;SME0455-4P-RD;87083091;IT;PT;10;EXW;11;3;;0,5;1;61;;IT12072620011;
INTRA-EX;202510;513881387;SBW0271-4P-BK;87083091;IT;PT;10;EXW;11;3;;0,4;1;75;;IT12072620011;
INTRA-EX;202510;513881387;EVE-A45S-CF-INT;84213100;IT;PT;10;EXW;11;3;;3,9;1;999;;IT12072620011;
INTRA-EX;202510;513881387;EVE-S1-CF-INT;84213100;IT;PT;10;EXW;11;3;;3;1;456;;IT04146110160;
INTRA-EX;202510;513881387;EVE-FLC;87084099;IT;PT;10;EXW;11;3;;0,6;1;21;;IT04146110160;
INTRA-EX;202510;513881387;FR-0039;84213100;IT;PT;10;EXW;11;3;;4,3;1;442;;QV999999999999;
INTRA-EX;202510;513881387;FMTVTUN;84814090;ES;PT;10;EXW;11;3;;0,1;1;19;;ESB76731736;
INTRA-EX;202510;513881387;AC-MK7-DP;87089235;ES;PT;10;EXW;11;3;;9,2;1;155;;ESB76731736;
INTRA-EX;202510;513881387;AC-G8X-DPHS;87089997;ES;PT;10;EXW;11;3;;6,2;1;329;;ESB76731736;
INTRA-EX;202510;513881387;AC-S2K-FU;87088055;ES;PT;10;EXW;11;3;;3,2;1;58;;ESB76731736;
INTRA-EX;202510;513881387;6-02-0010-V3;87089997;ES;PT;10;EXW;11;3;;0,7;1;25;;ESB76731736;
INTRA-EX;202510;513881387;SCNX014;87089235;ES;PT;10;EXW;11;3;;3,7;1;323;;ES38873546G;
INTRA-EX;202510;513881387;VWR900003;85111000;ES;PT;10;EXW;11;3;;0,3;4;122;;ESB66283003;
INTRA-EX;202510;513881387;MMOP-TPS;84099100;ES;PT;10;EXW;11;3;;0,4;1;40;;ESB66283003;
INTRA-EX;202510;513881387;9-309-1008;84133080;ES;PT;10;EXW;11;3;;0,4;1;122;;ESB66283003;
INTRA-EX;202510;513881387;KLC202;87088035;ES;PT;10;EXW;11;3;;1;1;100;;ES48924146H;
INTRA-EX;202510;513881387;FMFOCSTDV-BLU;84814090;ES;PT;10;EXW;11;3;;0,7;1;125;;ES29524079Z;
INTRA-EX;202510;513881387;ILFR6B;85111000;ES;PT;10;EXW;11;3;;0,1;5;39;;ES29524079Z;
INTRA-EX;202510;513881387;SP-201;32081090;ES;PT;10;EXW;11;3;;0,5;1;16;;ES29524079Z;
INTRA-EX;202510;513881387;MS100204;85111000;ES;PT;10;EXW;11;3;;0,3;4;149;;ES29524079Z;
INTRA-EX;202510;513881387;VWR190006;87089997;ES;PT;10;EXW;11;3;;0,2;1;59;;ES71155708X;
INTRA-EX;202510;513881387;CTS-HW-360;40091100;ES;PT;10;EXW;11;3;;1,4;1;224;;ES71155708X;
INTRA-EX;202510;513881387;CTS-IT-256;40091100;ES;PT;10;EXW;11;3;;2,3;1;149;;ES71155708X;
INTRA-EX;202510;513881387;WB-750;84213100;ES;PT;10;EXW;11;3;;0,4;1;37;;ES71155708X;
INTRA-EX;202510;513881387;Evo1102;84213100;ES;PT;10;EXW;11;3;;6,6;1;559;;ESB04855516;
INTRA-EX;202510;513881387;ATINTREN1;87089135;ES;PT;10;EXW;11;3;;11,8;1;364;;ES18062887K;
INTRA-EX;202510;513881387;BFF95Z;87088055;ES;PT;10;EXW;11;3;;6,2;1;177;;ES48924146H;
INTRA-EX;202510;513881387;VWR120010;40091100;ES;PT;10;EXW;11;3;;1,4;1;178;;ES44719365M;
INTRA-EX;202510;513881387;MMIG-VW-0604;85111000;ES;PT;10;EXW;11;3;;1,5;1;105;;QV999999999999;
INTRA-EX;202510;513881387;BKR8EIX-4;85111000;ES;PT;10;EXW;11;3;;0,3;1;42;;QV999999999999;
INTRA-EX;202510;513881387;AC-200-HS;87089997;ES;PT;10;EXW;11;3;;0,5;1;22;;QV999999999999;
INTRA-EX;202510;513881387;8E0971824S-RD;84099100;ES;PT;10;EXW;11;3;;0,2;1;14;;QV999999999999;
INTRA-EX;202510;513881387;AC-VAG-ODP;70102000;ES;PT;10;EXW;11;3;;0,2;1;8;;QV999999999999;
INTRA-EX;202510;513881387;SBMP075;87089235;ES;PT;10;EXW;11;3;;10;1;211;;QV999999999999;
INTRA-EX;202510;513881387;30-4110;87089997;ES;PT;10;EXW;11;3;;0,7;1;195;;ES71676122a;
INTRA-EX;202510;513881387;EXHSL76;96072090;ES;PT;10;EXW;11;3;;0,7;1;14;;QV999999999999;
INTRA-EX;202510;513881387;ACCLAMP3;96072090;ES;PT;10;EXW;11;3;;0,2;1;4;;QV999999999999;
INTRA-EX;202510;513881387;SAU0431-4P-BK;87083091;ES;PT;10;EXW;11;3;;0,5;1;78;;QV999999999999;
INTRA-EX;202510;513881387;FMTTUHOSE-;40091100;ES;PT;10;EXW;11;3;;0,8;1;26;;QV999999999999;
INTRA-EX;202510;513881387;CTS-EM-MK456-4-60D;84099100;ES;PT;10;EXW;11;3;;2,5;1;115;;QV999999999999;
INTRA-EX;202510;513881387;CTS-TM-MK4-60D;87089235;ES;PT;10;EXW;11;3;;2;1;107;;QV999999999999;
INTRA-EX;202510;513881387;4B1609H-STD;40091100;ES;PT;10;EXW;11;3;;0,5;1;46;;QV999999999999;
INTRA-EX;202510;513881387;06K103495AC;87089997;ES;PT;10;EXW;11;3;;0,6;1;31;;QV999999999999;
INTRA-EX;202510;513881387;SILFER8C7ES-5;85111000;ES;PT;10;EXW;11;3;;0,3;1;60;;QV999999999999;
INTRA-EX;202510;513881387;AC-S55-CC;87089997;ES;PT;10;EXW;11;3;;1;1;81;;QV999999999999;
INTRA-EX;202510;513881387;PPF-9822;84213100;ES;PT;10;EXW;11;3;;1;1;85;;QV999999999999;
INTRA-EX;202510;513881387;DV100001;84213100;ES;PT;10;EXW;11;3;;0,5;1;223;;QV999999999999;
INTRA-EX;202510;513881387;82594;84099100;ES;PT;10;EXW;11;3;;1,7;1;304;;ES71676122a;
INTRA-EX;202510;513881387;RPF-1869;84213100;ES;PT;10;EXW;11;3;;0,5;1;64;;ES71676122a;
INTRA-EX;202510;513881387;SRN0405-4P-EB;87083091;ES;PT;10;EXW;11;3;;0,5;1;78;;QV999999999999;
INTRA-EX;202510;513881387;MMFS-MIA-99;84149000;ES;PT;10;EXW;11;3;;5,1;1;186;;QV999999999999;
INTRA-EX;202510;513881387;06K103495AC;87089997;ES;PT;10;EXW;11;3;;0,6;1;32;;ESB01550060;
INTRA-EX;202510;513881387;Z1003100-4;85111000;ES;PT;10;EXW;11;3;;0,4;1;107;;ESB56246770;
INTRA-EX;202510;513881387;AC-200-CFA-KIT;87089997;ES;PT;10;EXW;11;3;;0,1;1;32;;QV999999999999;
INTRA-EX;202510;513881387;SVW0630-4P-BK;87083091;ES;PT;10;EXW;11;3;;0,5;1;77;;ESB72435332;
INTRA-EX;202510;513881387;4B8172H-STD;40091100;ES;PT;10;EXW;11;3;;0,2;1;57;;QV999999999999;
INTRA-EX;202510;513881387;9-654-1025;84133080;ES;PT;10;EXW;11;3;;0,8;1;163;;QV999999999999;
INTRA-EX;202510;513881387;R7438-9-5;85111000;ES;PT;10;EXW;11;3;;0,3;1;201;;QV999999999999;
INTRA-EX;202510;513881387;RPF-1251;84213100;ES;PT;10;EXW;11;3;;0,3;1;31;;QV999999999999;
INTRA-EX;202510;513881387;FMDV14T-POL;84814090;ES;PT;10;EXW;11;3;;0,2;1;63;;QV999999999999;
INTRA-EX;202510;513881387;50003-M45-XL-4;84213100;ES;PT;10;EXW;11;3;;0,3;1;80;;QV999999999999;
INTRA-EX;202510;513881387;SBW1110-4P-BK;87083091;ES;PT;10;EXW;11;3;;0,4;1;77;;ESB09959933;
INTRA-EX;202510;513881387;FM225AH-BLA;40093100;ES;PT;10;EXW;11;3;;0,3;1;45;;QV999999999999;
INTRA-EX;202510;513881387;MMTS-GTI-99;90321020;ES;PT;10;EXW;11;3;;0,1;1;50;;QV999999999999;
INTRA-EX;202510;513881387;MMRA-LC-EG-PK;87089997;ES;PT;10;EXW;11;3;;5,5;2;49;;QV999999999999;
INTRA-EX;202510;513881387;420103485B;70102000;ES;PT;10;EXW;11;3;;0,1;1;23;;QV999999999999;
INTRA-EX;202510;513881387;SD-3617023;87089997;ES;PT;10;EXW;11;3;;21;1;236;;QV999999999999;
INTRA-EX;202510;513881387;503-F101;84213100;ES;PT;10;EXW;11;3;;0,4;1;29;;QV999999999999;
INTRA-EX;202510;513881387;VWR120001;87089997;ES;PT;10;EXW;11;3;;0,1;1;6;;QV999999999999;
INTRA-EX;202510;513881387;06L115466C;84213100;ES;PT;10;EXW;11;3;;0,2;1;5;;QV999999999999;
INTRA-EX;202510;513881387;1K0253144AE;87089997;ES;PT;10;EXW;11;3;;1;1;8;;QV999999999999;
INTRA-EX;202510;513881387;VWR810000;87089997;ES;PT;10;EXW;11;3;;0,2;1;28;;QV999999999999;
INTRA-EX;202510;513881387;VWRA10000;87089997;ES;PT;10;EXW;11;3;;0,1;1;8;;QV999999999999;
INTRA-EX;202510;513881387;SRN0405-4P-BK;87083091;ES;PT;10;EXW;11;3;;0,5;1;78;;QV999999999999;
INTRA-EX;202510;513881387;Z-1382491;87089997;ES;PT;10;EXW;11;3;;3,1;1;337;;ESB60872124;
INTRA-EX;202510;513881387;CI100039-B;40091100;ES;PT;10;EXW;11;3;;1,7;1;151;;QV999999999999;
INTRA-EX;202510;513881387;"70 AV 13";87083091;ES;PT;10;EXW;11;3;;21;1;446;;QV999999999999;
INTRA-EX;202510;513881387;SAUC093;87089235;ES;PT;10;EXW;11;3;;11,5;1;440;;QV999999999999;
INTRA-EX;202510;513881387;AC-45-IC;84198998;ES;PT;10;EXW;11;3;;7,5;1;483;;QV999999999999;
INTRA-EX;202510;513881387;CTS-HX-006;87089135;ES;PT;10;EXW;11;3;;6;1;247;;QV999999999999;
INTRA-EX;202510;513881387;AC-MK5-FU-RD;87088055;ES;PT;10;EXW;11;3;;4,4;1;96;;QV999999999999;
INTRA-EX;202510;513881387;AC-MK45-RU-RD;87088055;ES;PT;10;EXW;11;3;;3;1;74;;QV999999999999;
INTRA-EX;202510;513881387;999760.999985;84836080;ES;PT;10;EXW;11;3;;6,3;1;419;;QV999999999999;
INTRA-EX;202510;513881387;MMRAD-RX8-04;87089135;ES;PT;10;EXW;11;3;;7;1;242;;QV999999999999;
INTRA-EX;202510;513881387;MMFS-RX8-04;84149000;ES;PT;10;EXW;11;3;;5,1;1;185;;QV999999999999;
INTRA-EX;202510;513881387;MMTS-RX8-04L;90321020;ES;PT;10;EXW;11;3;;0,2;1;48;;QV999999999999;
INTRA-EX;202510;513881387;CTS-EM-MQB-60D;87089235;ES;PT;10;EXW;11;3;;1,5;1;139;;ES71155708X;
INTRA-EX;202510;513881387;CTS-TM-MQB-60D;87089235;ES;PT;10;EXW;11;3;;2,5;1;139;;ES71155708X;
INTRA-EX;202510;513881387;MMICP-MK7-15KWBK;87089199;ES;PT;10;EXW;11;3;;5,1;1;372;;ES71155708X;
INTRA-EX;202510;513881387;EVE-S55-CF-CHG;84212300;ES;PT;10;EXW;11;3;;1,9;1;948;;ESF21229786;
INTRA-EX;202510;513881387;E90-57-004-02-22;87088020;ES;PT;10;EXW;11;3;;19,8;1;862;;ESB42771618;
INTRA-EX;202510;513881387;E90-35-020-02-22;73202081;ES;PT;10;EXW;11;3;;23,3;1;842;;ES04842987S;
INTRA-EX;202510;513881387;ATINTFO25;87089199;ES;PT;10;EXW;11;3;;10;1;324;;ES04842987S;
INTRA-EX;202510;513881387;001422.999502;84836080;ES;PT;10;EXW;11;3;;7;1;673;;ES16610275C;
INTRA-EX;202510;513881387;SHY0800-4P-BK;87083091;ES;PT;10;EXW;11;3;;0,8;1;116;;ES33558767L;
INTRA-EX;202510;513881387;FMSS7;87089997;ES;PT;10;EXW;11;3;;0,3;1;79;;ES33558767L;
INTRA-EX;202510;513881387;BHR100Z;87088055;ES;PT;10;EXW;11;3;;5;1;298;;ES33558767L;
INTRA-EX;202510;513881387;BF30500;87083091;ES;PT;10;EXW;11;3;;0,5;2;29;;ES33558767L;
INTRA-EX;202510;513881387;BHF100Z;87088055;ES;PT;10;EXW;11;3;;6;1;252;;ES33558767L;
INTRA-EX;202510;513881387;VWR18G700;87089997;ES;PT;10;EXW;11;3;;4;1;720;;ES38873546G;
INTRA-EX;202510;513881387;CTS-CC-MK7GRS3;84099100;ES;PT;10;EXW;11;3;;3;1;562;;ES43179343V;
INTRA-EX;202510;513881387;AC-MQB-IC;84198998;ES;PT;10;EXW;11;3;;16,3;1;566;;ES43179343V;
INTRA-EX;202510;513881387;37981056515B;87087099;ES;PT;10;EXW;11;3;;12;2;892;;ES44657479N;
INTRA-EX;202510;513881387;3798956515B;87087099;ES;PT;10;EXW;11;3;;11,3;2;862;;ES48924146H;
INTRA-EX;202510;513881387;ATINTHON03;87089199;ES;PT;10;EXW;11;3;;15,7;1;773;;ES52045309N;
INTRA-EX;202510;513881387;ATINTFO55;87089997;ES;PT;10;EXW;11;3;;10,5;1;610;;ES53209459V;
INTRA-EX;202510;513881387;PP2008;84213100;ES;PT;10;EXW;11;3;;0,5;1;45;;ES53209459V;
INTRA-EX;202510;513881387;VWG7T-DD;87089235;ES;PT;10;EXW;11;3;;6,6;1;745;;ES53485527Q;
INTRA-EX;202510;513881387;ARMABZA450S-A;84213100;ES;PT;10;EXW;11;3;;3;1;772;;ES71286183Y;
INTRA-EX;202510;513881387;MMTC-F80-15;87089135;ES;PT;10;EXW;11;3;;3,1;1;420;;ES71515770F;
INTRA-EX;202510;513881387;AC-S55-OC;87089997;ES;PT;10;EXW;11;3;;5,5;1;359;;ES71515770F;
INTRA-EX;202510;513881387;AC-S55-CHP;84835020;ES;PT;10;EXW;11;3;;0,3;1;89;;ES71515770F;
INTRA-EX;202510;513881387;FMRADRS250;87089135;ES;PT;10;EXW;11;3;;18,7;1;1396;;ES71631297M;
INTRA-EX;202510;513881387;8E0971824S-RD;84099100;ES;PT;10;EXW;11;3;;0,2;1;16;;ES72144645Q;
INTRA-EX;202510;513881387;BKR8EIX-4;85111000;ES;PT;10;EXW;11;3;;0,3;1;50;;ES72144645Q;
INTRA-EX;202510;513881387;FMPCVD1;87089997;ES;PT;10;EXW;11;3;;0,3;1;116;;ES72144645Q;
INTRA-EX;202510;513881387;SVW1070-4P-BK;87083091;ES;PT;10;EXW;11;3;;0,5;1;93;;ES72144645Q;
INTRA-EX;202510;513881387;AC-MK5-FU-RD;87088055;ES;PT;10;EXW;11;3;;4,4;1;116;;ES72144645Q;
INTRA-EX;202510;513881387;06E898001-4;85111000;ES;PT;10;EXW;11;3;;1,5;1;125;;ES72144645Q;
INTRA-EX;202510;513881387;FMFSITAT-POL;87089997;ES;PT;10;EXW;11;3;;0,7;1;260;;ES72144645Q;
INTRA-EX;202510;513881387;AC-200-HPFP;87089997;ES;PT;10;EXW;11;3;;1;1;575;;ES72144645Q;
INTRA-EX;202510;513881387;Z-1313587;87089997;ES;PT;10;EXW;11;3;;2,5;1;221;;ES72144645Q;
INTRA-EX;202510;513881387;UR-LA4-1192;87088055;ES;PT;10;EXW;11;3;;3,8;1;149;;ES72815006L;
INTRA-EX;202510;513881387;UR-RT2-329;87088055;ES;PT;10;EXW;11;3;;2,5;1;89;;ES72815006L;
INTRA-EX;202510;513881387;UR-RL4-2960;87088055;ES;PT;10;EXW;11;3;;3;1;139;;ES72815006L;
INTRA-EX;202510;513881387;UR-ML4-1193;87088055;ES;PT;10;EXW;11;3;;3,8;1;140;;ES72815006L;
INTRA-EX;202510;513881387;KTA253;87089235;ES;PT;10;EXW;11;3;;7,5;1;512;;ES72815006L;
INTRA-EX;202510;513881387;KCA472;87088035;ES;PT;10;EXW;11;3;;2;1;206;;ES72815006L;
INTRA-EX;202510;513881387;R7437-9-4;87089997;ES;PT;10;EXW;11;3;;0,3;1;199;;ES74871058D;
INTRA-EX;202510;513881387;MMTS-GLF-15;90321020;ES;PT;10;EXW;11;3;;0,2;1;49;;ES74871058D;
INTRA-EX;202510;513881387;AC-MK7-HPFP;87089997;ES;PT;10;EXW;11;3;;1,6;1;593;;ES74871058D;
INTRA-EX;202510;513881387;4M2633H-STD;40091100;ES;PT;10;EXW;11;3;;0,3;1;66;;ES78914993S;
INTRA-EX;202510;513881387;6B2640H-STD;40091100;ES;PT;10;EXW;11;3;;0,3;1;74;;ES78914993S;
INTRA-EX;202510;513881387;321249;87082910;ES;PT;10;EXW;11;3;;4,1;1;909;;ES78914993S;
INTRA-EX;202510;513881387;CTS-IT-255R;;ES;PT;10;EXW;11;3;;0,1;1;386;;ESB42954230;
INTRA-EX;202510;513881387;CTS-HW-360;40091100;ES;PT;10;EXW;11;3;;1,4;1;299;;ESB42954230;
INTRA-EX;202510;513881387;000827.999980;84836080;ES;PT;10;EXW;11;3;;6;1;727;;ESB66526328;
INTRA-EX;202510;513881387;613182.654150;87089997;ES;PT;10;EXW;11;3;;0,5;2;150;;ESB66526328;
INTRA-EX;202510;513881387;GSH98-9USS2;73209090;ES;PT;10;EXW;11;3;;20;1;735;;ESB67377143;
INTRA-EX;202510;513881387;IFR7X8G-4;84099100;ES;PT;10;EXW;11;3;;0,3;2;148;;ESB67497925;
INTRA-EX;202510;513881387;U5001-4;84099100;ES;PT;10;EXW;11;3;;1,5;1;95;;ESB67497925;
INTRA-EX;202510;513881387;ATINTREN1;87089135;ES;PT;10;EXW;11;3;;11,8;1;545;;ESB67497925;
INTRA-EX;202510;513881387;PP1389;84213100;ES;PT;10;EXW;11;3;;0,5;1;45;;ESB86280039;
INTRA-EX;202510;513881387;ATINTVAG13;87089997;ES;PT;10;EXW;11;3;;17,1;1;675;;ESB86280039;
INTRA-EX;202510;513881387;KTA252;87088035;ES;PT;10;EXW;11;3;;7,5;1;640;;ESB86420924;
INTRA-EX;202510;513881387;S90-4-25-008;87087050;ES;PT;10;EXW;11;3;;1,6;2;265;;ESB87803904;
INTRA-EX;202510;513881387;SFDP090;87089997;ES;PT;10;EXW;11;3;;8,2;1;324;;ESB87803904;
INTRA-EX;202510;513881387;SFDC089;87089235;ES;PT;10;EXW;11;3;;3;1;347;;ESB87803904;
INTRA-EX;202510;513881387;4B1609H-STD;40091100;ES;PT;10;EXW;11;3;;0,5;1;53;;ESB91582494;
INTRA-EX;202510;513881387;284779;87082910;ES;PT;10;EXW;11;3;;2,5;1;822;;ESB91582494;
INTRA-EX;202510;513881387;043DQ14144;84099100;ES;PT;10;EXW;11;3;;2,5;1;544;;ESB91582494;
INTRA-EX;202510;513881387;MS100244-6;85111000;ES;PT;10;EXW;11;3;;2;1;205;;ESB91228114;
INTRA-EX;202510;513881387;06F103483D;87089997;ES;PT;10;EXW;11;3;;0,1;1;8;;QV999999999999;
INTRA-EX;202510;513881387;284779;87082910;ES;PT;10;EXW;11;3;;2,5;1;679;;QV999999999999;
INTRA-EX;202510;513881387;AC-200-CFA-KIT;87089997;ES;PT;10;EXW;11;3;;0,1;1;32;;QV999999999999;
INTRA-EX;202510;513881387;06F253039F;87089997;ES;PT;10;EXW;11;3;;0,1;1;4;;QV999999999999;
INTRA-EX;202510;513881387;MS100210-4;84099100;ES;PT;10;EXW;11;3;;1,7;1;126;;QV999999999999;
INTRA-EX;202510;513881387;4B1609H-STD;40091100;ES;PT;10;EXW;11;3;;0,5;1;46;;QV999999999999;
INTRA-EX;202510;513881387;WHT005184;40091100;ES;PT;10;EXW;11;3;;0,1;1;8;;QV999999999999;
INTRA-EX;202510;513881387;164-Z001J;84213100;ES;PT;10;EXW;11;3;;13,4;1;578;;QV999999999999;
INTRA-EX;202510;513881387;COMBO-NOV-MQB;84213100;ES;PT;10;EXW;11;3;;5,5;1;437;;QV999999999999;
INTRA-EX;202510;513881387;COMBO-NOV-MQB;84213100;ES;PT;10;EXW;11;3;;5,5;1;437;;QV999999999999;
INTRA-EX;202510;513881387;COMBO-NOV-MQB;84213100;ES;PT;10;EXW;11;3;;5,5;1;437;;QV999999999999;
INTRA-EX;202510;513881387;JSK-111-70;84213100;ES;PT;10;EXW;11;3;;1,2;1;130;;QV999999999999;
INTRA-EX;202510;513881387;FMDV008-BLA;84814090;ES;PT;10;EXW;11;3;;0,5;1;150;;QV999999999999;
INTRA-EX;202510;513881387;FMINDIBFR4-RED;40093100;ES;PT;10;EXW;11;3;;1,1;1;191;;QV999999999999;
INTRA-EX;202510;513881387;COMBO-NOV-MQB;84213100;ES;PT;10;EXW;11;3;;5,5;1;437;;QV999999999999;
INTRA-EX;202510;513881387;FMINDK50;84213100;ES;PT;10;EXW;11;3;;3,6;1;447;;QV999999999999;
INTRA-EX;202510;513881387;COMBO-NOV-MQB;84213100;ES;PT;10;EXW;11;3;;5,5;1;437;;QV999999999999;
INTRA-EX;202510;513881387;10.127.100K;84132000;ES;PT;10;EXW;11;3;;0,3;1;312;;QV999999999999;
INTRA-EX;202510;513881387;MMBCC-MS3-07PBE2;84099100;ES;PT;10;EXW;11;3;;2,2;1;163;;QV999999999999;
INTRA-EX;202510;513881387;FMMK5CTC;87089135;ES;PT;10;EXW;11;3;;1,6;1;423;;QV999999999999;
INTRA-EX;202510;513881387;Z-1012569;87089997;ES;PT;10;EXW;11;3;;2,3;1;199;;QV999999999999;
INTRA-EX;202510;513881387;ATEXHFO6;87089235;ES;PT;10;EXW;11;3;;4,3;1;220;;QV999999999999;
INTRA-EX;202510;513881387;JSK-101-DD;84213100;ES;PT;10;EXW;11;3;;4,4;2;467;;ESB70550694;
INTRA-EX;202510;513881387;001422.999502;84836080;ES;PT;10;EXW;11;3;;7;1;590;;ESB70550694;
INTRA-EX;202510;513881387;613182.654150;87089997;ES;PT;10;EXW;11;3;;0,5;1;61;;ESB70550694;
INTRA-EX;202510;513881387;MMOC-BRZ-13T;87089135;FR;PT;10;EXW;11;3;;5,4;1;676;;FR84750466617;
INTRA-EX;202510;513881387;F2419P+F2417P;87082910;FR;PT;10;EXW;11;3;;1,2;1;802;;FR84813706058;
INTRA-EX;202510;513881387;204-4708;87089997;FR;PT;10;EXW;11;3;;1,6;1;376;;FR84813706058;
INTRA-EX;202510;513881387;CI100038-B;40091100;FR;PT;10;EXW;11;3;;1,6;1;367;;FR84813706058;
INTRA-EX;202510;513881387;FMINDK31;84213100;FR;PT;10;EXW;11;3;;3,5;1;321;;FR85800015349;
INTRA-EX;202510;513881387;FMKT027-RED;40093100;FR;PT;10;EXW;11;3;;1,9;1;291;;FR85800015349;
INTRA-EX;202510;513881387;FMTIA4-RED;40093100;FR;PT;10;EXW;11;3;;0,6;1;175;;FR85800015349;
INTRA-EX;202510;513881387;JE-315367;;FR;PT;10;EXW;11;3;;0,1;1;857;;FR89530098268;
INTRA-EX;202510;513881387;MMEXH-WRX-15;87089235;FR;PT;10;EXW;11;3;;21,5;1;864;;FR89841571961;
INTRA-EX;202510;513881387;001394.999505;84836080;FR;PT;10;EXW;11;3;;6,8;1;717;;FR90833667108;
INTRA-EX;202510;513881387;ATINTHON02;87089997;FR;PT;10;EXW;11;3;;21,8;1;1001;;FR91853808350;
INTRA-EX;202510;513881387;ATINTVAG19;87089135;FR;PT;10;EXW;11;3;;21;1;968;;FR92527935654;
INTRA-EX;202510;513881387;FMINDK32-RED-BLA;842131000;FR;PT;10;EXW;11;3;;5,2;1;468;;FR92815251400;
INTRA-EX;202510;513881387;71008-AS013;84213100;FR;PT;10;EXW;11;3;;1,8;1;289;;FR92815251400;
INTRA-EX;202510;513881387;CI100072;84213100;FR;PT;10;EXW;11;3;;4,8;1;659;;FR92852993906;
INTRA-EX;202510;513881387;JE-337967;;FR;PT;10;EXW;11;3;;0,1;1;1028;;FR94327703922;
INTRA-EX;202510;513881387;AC-MK7-CP-5;84099100;FR;PT;10;EXW;11;3;;1,3;1;169;;FR94843535469;
INTRA-EX;202510;513881387;R7437-9-5;85111000;FR;PT;10;EXW;11;3;;0,3;1;249;;FR94843535469;
INTRA-EX;202510;513881387;CTS-HW-360;40091100;FR;PT;10;EXW;11;3;;1,4;1;299;;FR94843535469;
INTRA-EX;202510;513881387;F2177P+F2179P;87082910;FR;PT;10;EXW;11;3;;1,5;1;686;;FR95849530522;
INTRA-EX;202510;513881387;4B5562H-STD;40091100;FR;PT;10;EXW;11;3;;0,2;1;77;;FR95849530522;
INTRA-EX;202510;513881387;5M5585H-STD;40091100;FR;PT;10;EXW;11;3;;0,3;1;109;;FR95849530522;
INTRA-EX;202510;513881387;AC-MK7-CP-4;84099100;FR;PT;10;EXW;11;3;;1;1;134;;FR96811318310;
INTRA-EX;202510;513881387;1CCVW08F02;87089997;FR;PT;10;EXW;11;3;;2,3;1;258;;FR96811318310;
INTRA-EX;202510;513881387;VWR12G7R600FO;84213100;FR;PT;10;EXW;11;3;;0,5;1;122;;FR96811318310;
INTRA-EX;202510;513881387;AC-MK7-CH-RD;40091100;FR;PT;10;EXW;11;3;;0,7;1;58;;FR96811318310;
INTRA-EX;202510;513881387;RIP-007-RD;40093100;FR;PT;10;EXW;11;3;;1;1;78;;FR96811318310;
INTRA-EX;202510;513881387;KT4026;87089997;FR;PT;10;EXW;11;3;;1,1;1;1029;;FR96845021542;
INTRA-EX;202510;513881387;10.127.100K;84132000;FR;PT;10;EXW;11;3;;0,3;1;377;;FR56881616460;
INTRA-EX;202510;513881387;FMINTS3FS;87089997;FR;PT;10;EXW;11;3;;8,5;1;716;;FR56881616460;
INTRA-EX;202510;513881387;JE-302300;;FR;PT;10;EXW;11;3;;0,1;1;776;;FR56788432052;
INTRA-EX;202510;513881387;CTS-HW-360;40091100;FR;PT;10;EXW;11;3;;1,4;1;299;;FR96322604471;
INTRA-EX;202510;513881387;CTS-IT-255R;;FR;PT;10;EXW;11;3;;0,1;1;386;;FR96322604471;
INTRA-EX;202510;513881387;MS100128;84213100;FR;PT;10;EXW;11;3;;4;1;959;;FR75853251791;
INTRA-EX;202510;513881387;10.127.101K;84133080;FR;PT;10;EXW;11;3;;0,3;1;377;;FR75853251791;
INTRA-EX;202510;513881387;SES9004;84213100;FR;PT;10;EXW;11;3;;23,2;1;1079;;FR66847706686;
INTRA-EX;202510;513881387;8E0971824S-RD;84099100;FR;PT;10;EXW;11;3;;0,2;1;16;;FR79889743548;
INTRA-EX;202510;513881387;JSK-103-80;84213100;FR;PT;10;EXW;11;3;;1,3;1;148;;FR79889743548;
INTRA-EX;202510;513881387;SAU040;87089235;FR;PT;10;EXW;11;3;;22;1;724;;FR79889743548;
INTRA-EX;202510;513881387;SBM011;87089235;FR;PT;10;EXW;11;3;;13,7;1;610;;FR72794112151;
INTRA-EX;202510;513881387;CTS-FPK-005-980;84133020;FR;PT;10;EXW;11;3;;1,1;1;893;;FR03839398906;
INTRA-EX;202510;513881387;ATINTVAG28;87089997;FR;PT;10;EXW;11;3;;16;1;1022;;FR29793777616;
INTRA-EX;202510;513881387;242881;87082910;FR;PT;10;EXW;11;3;;2;1;822;;FR29831444559;
INTRA-EX;202510;513881387;STYP009;87089997;FR;PT;10;EXW;11;3;;7,8;1;333;;FR32827601808;
INTRA-EX;202510;513881387;ATMSYGR02;87089997;FR;PT;10;EXW;11;3;;3,2;1;318;;FR32827601808;
INTRA-EX;202510;513881387;043DQ14144;84099100;FR;PT;10;EXW;11;3;;2,5;1;544;;FR60843587288;
INTRA-EX;202510;513881387;204-3901;87089997;FR;PT;10;EXW;11;3;;1,1;1;207;;FR60843587288;
INTRA-EX;202510;513881387;242881;87082910;FR;PT;10;EXW;11;3;;2;1;822;;FR60843587288;
INTRA-EX;202510;513881387;1J0121407E;87089997;FR;PT;10;EXW;11;3;;0,9;1;12;;FR60843587288;
INTRA-EX;202510;513881387;4B1609H-STD;40091100;FR;PT;10;EXW;11;3;;0,5;1;53;;FR60843587288;
INTRA-EX;202510;513881387;MMIG-BMW-0206;85111000;FR;PT;10;EXW;11;3;;2;1;102;;FR35504243288;
INTRA-EX;202510;513881387;EVE-X56M-CF-INT;84213100;FR;PT;10;EXW;11;3;;7;1;1856;;FR81842659005;
INTRA-EX;202510;513881387;MMRAD-E90-07A;87089135;FR;PT;10;EXW;11;3;;6,4;1;351;;FR35504243288;
INTRA-EX;202510;513881387;JE-353850;87082910;FR;PT;10;EXW;11;3;;2,5;1;638;;FR50804578573;
INTRA-EX;202510;513881387;R-AUD-010-I;84833080;FR;PT;10;EXW;11;3;;3,3;1;523;;FR50804578573;
INTRA-EX;202510;513881387;MMAF-4007;84213100;FR;PT;10;EXW;11;3;;0,8;1;47;;QV999999999999;
INTRA-EX;202510;513881387;MMAF-REOIL-RD;84213100;FR;PT;10;EXW;11;3;;0,9;1;16;;QV999999999999;
INTRA-EX;202510;513881387;CTS-IT-210;40091100;FR;PT;10;EXW;11;3;;1,1;1;172;;QV999999999999;
INTRA-EX;202510;513881387;AC-N55-TP;40091100;FR;PT;10;EXW;11;3;;1,7;1;157;;QV999999999999;
INTRA-EX;202510;513881387;CTS-IT-110;40091100;FR;PT;10;EXW;11;3;;1,3;1;190;;QV999999999999;
INTRA-EX;202510;513881387;ILZKAR7A10-8;85111000;FR;PT;10;EXW;11;3;;0,5;1;73;;QV999999999999;
INTRA-EX;202510;513881387;R7437-8-4;84099100;FR;PT;10;EXW;11;3;;0,3;1;165;;QV999999999999;
INTRA-EX;202510;513881387;AC-S55-OTC;84213100;FR;PT;10;EXW;11;3;;0,3;1;37;;QV999999999999;
INTRA-EX;202510;513881387;AC-BM-ODP;87089997;FR;PT;10;EXW;11;3;;0,1;1;12;;QV999999999999;
INTRA-EX;202510;513881387;CTS-HW-0271;84099100;FR;PT;10;EXW;11;3;;0,4;1;69;;QV999999999999;
INTRA-EX;202510;513881387;ILFR7H-5;85111000;FR;PT;10;EXW;11;3;;0,3;1;68;;QV999999999999;
INTRA-EX;202510;513881387;AC-200-CFA-KIT;87089997;FR;PT;10;EXW;11;3;;0,1;1;32;;QV999999999999;
INTRA-EX;202510;513881387;ILZTR6A8G-4;84099100;FR;PT;10;EXW;11;3;;0,2;1;33;;QV999999999999;
INTRA-EX;202510;513881387;ATMSP&C4;40091100;FR;PT;10;EXW;11;3;;6;1;303;;QV999999999999;
INTRA-EX;202510;513881387;VWR810002;87089997;FR;PT;10;EXW;11;3;;0,5;1;80;;QV999999999999;
INTRA-EX;202510;513881387;AC-MK8-DPHS;87089235;FR;PT;10;EXW;11;3;;8,3;1;307;;QV999999999999;
INTRA-EX;202510;513881387;CTS-ACC-006;87089997;FR;PT;10;EXW;11;3;;1;1;74;;QV999999999999;
INTRA-EX;202510;513881387;CTS-ACC-009;87089997;FR;PT;10;EXW;11;3;;1;1;66;;QV999999999999;
INTRA-EX;202510;513881387;U5055-6;84099100;FR;PT;10;EXW;11;3;;2,1;1;132;;QV999999999999;
INTRA-EX;202510;513881387;PK433;84213100;FR;PT;10;EXW;11;3;;4,6;1;308;;QV999999999999;
INTRA-EX;202510;513881387;BKR7EIX-4;84099100;FR;PT;10;EXW;11;3;;0,3;1;40;;QV999999999999;
INTRA-EX;202510;513881387;D650-0004-6;84099100;FR;PT;10;EXW;11;3;;2,4;1;174;;QV999999999999;
INTRA-EX;202510;513881387;SILZKBR8D8S-6;84099100;FR;PT;10;EXW;11;3;;0,4;1;68;;QV999999999999;
INTRA-EX;202510;513881387;022905715B-6;84099100;FR;PT;10;EXW;11;3;;2,1;1;162;;QV999999999999;
INTRA-EX;202510;513881387;PH/INDFO22;40093100;FR;PT;10;EXW;11;3;;0,6;1;65;;QV999999999999;
INTRA-EX;202510;513881387;ILFR7H-5;85111000;FR;PT;10;EXW;11;3;;0,3;1;68;;QV999999999999;
INTRA-EX;202510;513881387;CTS-IT-270R;84213100;FR;PT;10;EXW;11;3;;4,3;1;279;;QV999999999999;
INTRA-EX;202510;513881387;SBMP094;87089235;FR;PT;10;EXW;11;3;;13,4;1;364;;QV999999999999;
INTRA-EX;202510;513881387;AC-MK7-DPHS;87089235;FR;PT;10;EXW;11;3;;9,2;1;299;;QV999999999999;
INTRA-EX;202510;513881387;BKR7EIX-4;84099100;FR;PT;10;EXW;11;3;;0,3;1;40;;QV999999999999;
INTRA-EX;202510;513881387;1J0201511A;84099100;FR;PT;10;EXW;11;3;;0,4;1;5;;QV999999999999;
INTRA-EX;202510;513881387;1J0121407E;87089997;FR;PT;10;EXW;11;3;;0,9;1;10;;QV999999999999;
INTRA-EX;202510;513881387;SME0865-4P-RD;87083091;FR;PT;10;EXW;11;3;;0,5;1;84;;QV999999999999;
INTRA-EX;202510;513881387;CTS-CC-GolfR;84099100;FR;PT;10;EXW;11;3;;2;1;359;;QV999999999999;
INTRA-EX;202510;513881387;10.127.100K;84132000;FR;PT;10;EXW;11;3;;0,3;1;314;;QV999999999999;
INTRA-EX;202510;513881387;FMTUBL15;87089997;FR;PT;10;EXW;11;3;;0,6;1;106;;QV999999999999;
INTRA-EX;202510;513881387;FMINDK50;84213100;FR;PT;10;EXW;11;3;;3,6;1;442;;QV999999999999;
INTRA-EX;202510;513881387;CTS-IT-220R;84213100;FR;PT;10;EXW;11;3;;4,5;1;280;;QV999999999999;
INTRA-EX;202510;513881387;CTS-IT-210;40091100;FR;PT;10;EXW;11;3;;1,1;1;172;;QV999999999999;
INTRA-EX;202510;513881387;034-108-5000;87089997;FR;PT;10;EXW;11;3;;2,5;1;438;;QV999999999999;
INTRA-EX;202510;513881387;8D0121403M;84099100;FR;PT;10;EXW;11;3;;0,9;1;21;;QV999999999999;
INTRA-EX;202510;513881387;5w30;27101999;FR;PT;10;EXW;11;3;;1,9;4;116;;QV999999999999;
INTRA-EX;202510;513881387;RBF600;27101999;FR;PT;10;EXW;11;3;;0,6;3;28;;QV999999999999;
INTRA-EX;202510;513881387;11427953129;84099100;FR;PT;10;EXW;11;3;;0,1;1;5;;QV999999999999;
INTRA-EX;202510;513881387;SILZKBR8D8S-6;84099100;FR;PT;10;EXW;11;3;;0,4;1;68;;QV999999999999;
INTRA-EX;202510;513881387;SBW1171-4P-BK;87083091;FR;PT;10;EXW;11;3;;0,5;1;84;;QV999999999999;
INTRA-EX;202510;513881387;E10-20-035-01-22;87088035;FR;PT;10;EXW;11;3;;11,2;1;217;;QV999999999999;
INTRA-EX;202510;513881387;VOUCHER50;00000001;FR;PT;10;EXW;11;3;;0,1;3;125;;QV999999999999;
INTRA-EX;202510;513881387;COMBO-NOV-MQB;84213100;FR;PT;10;EXW;11;3;;5,5;1;441;;QV999999999999;
INTRA-EX;202510;513881387;VWR810000;87089997;FR;PT;10;EXW;11;3;;0,2;1;28;;QV999999999999;
INTRA-EX;202510;513881387;E40-15-021-01-11;73202081;FR;PT;10;EXW;11;3;;9,3;1;478;;QV999999999999;
INTRA-EX;202510;513881387;VWR12G7R601;84213100;FR;PT;10;EXW;11;3;;5,2;1;488;;QV999999999999;
INTRA-EX;202510;513881387;BWF20XZ;87089997;FR;PT;10;EXW;11;3;;6;1;205;;QV999999999999;
INTRA-EX;202510;513881387;BWR21XZ;87089997;FR;PT;10;EXW;11;3;;5,4;1;205;;QV999999999999;
INTRA-EX;202510;513881387;KDT968;87088020;FR;PT;10;EXW;11;3;;0,4;1;26;;QV999999999999;
INTRA-EX;202510;513881387;ATINTP308;87089135;FR;PT;10;EXW;11;3;;11,3;1;486;;QV999999999999;
INTRA-EX;202510;513881387;FMMK7INDH-RED;40093100;FR;PT;10;EXW;11;3;;0,8;1;67;;QV999999999999;
INTRA-EX;202510;513881387;Z1003100-4;85111000;FR;PT;10;EXW;11;3;;0,4;1;108;;QV999999999999;
INTRA-EX;202510;513881387;MS100192-4;84099100;FR;PT;10;EXW;11;3;;1,7;1;183;;QV999999999999;
INTRA-EX;202510;513881387;AC-MK7-INLET;40091100;FR;PT;10;EXW;11;3;;0,3;1;67;;QV999999999999;
INTRA-EX;202510;513881387;AC-MK7-MD;87089997;FR;PT;10;EXW;11;3;;0,4;1;65;;QV999999999999;
INTRA-EX;202510;513881387;L3P3AB8X;87089997;FR;PT;10;EXW;11;3;;1;1;322;;QV999999999999;
INTRA-EX;202510;513881387;CTS-HW-0150;87088035;FR;PT;10;EXW;11;3;;0,2;1;55;;QV999999999999;
INTRA-EX;202510;513881387;P3ESVA;87089997;FR;PT;10;EXW;11;3;;0,1;1;70;;QV999999999999;
INTRA-EX;202510;513881387;CTS-EXH-DP-0023;87089235;FR;PT;10;EXW;11;3;;0,8;1;266;;QV999999999999;
INTRA-EX;202510;513881387;E10-20-035-01-22;87088035;FR;PT;10;EXW;11;3;;11,2;1;217;;QV999999999999;
INTRA-EX;202510;513881387;COMBO-NOV-MQB;84213100;FR;PT;10;EXW;11;3;;5,5;1;441;;QV999999999999;
INTRA-EX;202510;513881387;FMDV6A;84814090;FR;PT;10;EXW;11;3;;1;1;315;;QV999999999999;
INTRA-EX;202510;513881387;FMKT025;40091100;FR;PT;10;EXW;11;3;;1,5;1;96;;QV999999999999;
INTRA-EX;202510;513881387;AC-KC-AU-RSK-BK;87089997;FR;PT;10;EXW;11;3;;0,1;1;12;;QV999999999999;
INTRA-EX;202510;513881387;VWR810003;87089235;FR;PT;10;EXW;11;3;;1,7;1;273;;QV999999999999;
INTRA-EX;202510;513881387;ATMSVAG21;87089997;FR;PT;10;EXW;11;3;;2;1;186;;QV999999999999;
INTRA-EX;202510;513881387;GTHSB-5;87089997;FR;PT;10;EXW;11;3;;0,1;1;20;;QV999999999999;
INTRA-EX;202510;513881387;FMINDK50;84213100;FR;PT;10;EXW;11;3;;3,6;1;450;;QV999999999999;
INTRA-EX;202510;513881387;R7438-9-5;85111000;FR;PT;10;EXW;11;3;;0,3;1;203;;QV999999999999;
INTRA-EX;202510;513881387;110859;27101999;FR;PT;10;EXW;11;3;;2,1;4;116;;QV999999999999;
INTRA-EX;202510;513881387;SAU0631-4C-BK;87083091;FR;PT;10;EXW;11;3;;0,5;1;105;;QV999999999999;
INTRA-EX;202510;513881387;10.127.100K;84132000;FR;PT;10;EXW;11;3;;0,3;1;314;;QV999999999999;
INTRA-EX;202510;513881387;BKR8EIX-4;85111000;FR;PT;10;EXW;11;3;;0,3;4;172;;QV999999999999;
INTRA-EX;202510;513881387;CTS-CC-MK7GRS3;84099100;FR;PT;10;EXW;11;3;;3;1;468;;QV999999999999;
INTRA-EX;202510;513881387;R7437-9-4;87089997;FR;PT;10;EXW;11;3;;0,3;1;171;;QV999999999999;
INTRA-EX;202510;513881387;MS100192-4;84099100;FR;PT;10;EXW;11;3;;1,7;1;183;;QV999999999999;
INTRA-EX;202510;513881387;VWR12G7R600ITBLA;84213100;FR;PT;10;EXW;11;3;;0,8;1;109;;QV999999999999;
INTRA-EX;202510;513881387;P101112010;87089997;FR;PT;10;EXW;11;3;;3;1;416;;QV999999999999;
INTRA-EX;202510;513881387;CTS-B58-HX;87089135;FR;PT;10;EXW;11;3;;10,6;1;461;;QV999999999999;
INTRA-EX;202510;513881387;AC-S55-IC;84198998;FR;PT;10;EXW;11;3;;7,3;1;449;;QV999999999999;
INTRA-EX;202510;513881387;COMBO-NOV-MQB;84213100;FR;PT;10;EXW;11;3;;5,5;1;441;;QV999999999999;
INTRA-EX;202510;513881387;CTS-HW-360;40091100;FR;PT;10;EXW;11;3;;1,4;1;299;;FR32834194219;
INTRA-EX;202510;513881387;CTS-IT-255R-2;87089135;FR;PT;10;EXW;11;3;;8;1;386;;FR32834194219;
INTRA-EX;202510;513881387;C9000;87089997;SE;PT;10;EXW;11;3;;1;1;11;;QV999999999999;
INTRA-EX;202510;513881387;AC-VAG-ODP;70102000;SE;PT;10;EXW;11;3;;0,2;1;7;;QV999999999999;
INTRA-EX;202510;513881387;WHT005184;40091100;SE;PT;10;EXW;11;3;;0,1;1;7;;QV999999999999;
INTRA-EX;202510;513881387;VWR180002;87089997;SE;PT;10;EXW;11;3;;0,1;1;28;;QV999999999999;
INTRA-EX;202510;513881387;VWR900001-4;84099100;SK;PT;10;EXW;11;3;;1,8;1;170;;QV999999999999;
INTRA-EX;202510;513881387;AC-MK7-INLET;40091100;SK;PT;10;EXW;11;3;;0,3;1;65;;QV999999999999;
INTRA-EX;202510;513881387;AC-MK7-MD;87089997;SK;PT;10;EXW;11;3;;0,4;1;64;;QV999999999999;
INTRA-EX;202510;513881387;SAUC089;87089235;SI;PT;10;EXW;11;3;;10;1;785;;SI63173751;
INTRA-EX;202510;513881387;D650-0010-4;84099100;HR;PT;10;EXW;11;3;;1,7;1;119;;QV999999999999;
INTRA-EX;202510;513881387;S90-2-10-038-B-BT;87087050;HU;PT;10;EXW;11;3;;1,8;1;98;;QV999999999999;
INTRA-EX;202510;513881387;S90-2-15-055-B-BT;87087050;HU;PT;10;EXW;11;3;;1,8;1;109;;QV999999999999;
INTRA-EX;202510;513881387;KLC221;87089997;GR;PT;10;EXW;11;3;;0,8;1;117;;QV999999999999;
INTRA-EX;202510;513881387;BHR98Z;87088055;GR;PT;10;EXW;11;3;;3,6;1;149;;QV999999999999;
INTRA-EX;202510;513881387;SHD0394-6C-RD;87083091;GR;PT;10;EXW;11;3;;0,8;1;192;;GREL163940830;
INTRA-EX;202510;513881387;SHD0380-4P-RD;87083091;GR;PT;10;EXW;11;3;;0,5;1;75;;GREL163940830;
INTRA-EX;202510;513881387;06D115562;84099100;BE;PT;10;EXW;11;3;;0,2;1;4;;QV999999999999;
INTRA-EX;202510;513881387;VWRM012-XL;61091000;BE;PT;10;EXW;11;3;;0,5;1;35;;QV999999999999;
INTRA-EX;202510;513881387;BKR7EIX-4;84099100;BE;PT;10;EXW;11;3;;0,3;1;40;;QV999999999999;
INTRA-EX;202510;513881387;MS100208-4;84099100;BE;PT;10;EXW;11;3;;1,7;1;126;;QV999999999999;
INTRA-EX;202510;513881387;VWRM026-XL;90292031;BE;PT;10;EXW;11;3;;0,5;1;19;;QV999999999999;
INTRA-EX;202510;513881387;D640-0002-6;85111000;BE;PT;10;EXW;11;3;;0,4;1;119;;QV999999999999;
INTRA-EX;202510;513881387;EVO2001;84213100;NL;PT;10;EXW;11;3;;6,8;1;339;;QV999999999999;
INTRA-EX;202510;513881387;10.127.113K;84133080;NL;PT;10;EXW;11;3;;0,3;1;253;;NL866996473B01;
INTRA-EX;202510;513881387;10.127.113T;87089997;NL;PT;10;EXW;11;3;;0,2;1;21;;NL866996473B01;
INTRA-EX;202510;513881387;SILFER8C7ES;85111000;NL;PT;10;EXW;11;3;;0,1;12;126;;NL866996473B01;
INTRA-EX;202510;513881387;VWR160001;87089997;NL;PT;10;EXW;11;3;;0,4;1;86;;NL866996473B01;
INTRA-EX;202510;513881387;AC-211-CFA;87089997;NL;PT;10;EXW;11;3;;0,1;1;16;;NL866996473B01;
INTRA-EX;202510;513881387;VWR810002;87089997;NL;PT;10;EXW;11;3;;0,5;4;225;;NL866996473B01;
INTRA-EX;202510;513881387;VWR90000;85111000;NL;PT;10;EXW;11;3;;0,3;4;122;;NL866996473B01;
INTRA-EX;202510;513881387;VWR180004;87089997;NL;PT;10;EXW;11;3;;0,1;1;26;;NL866996473B01;
INTRA-EX;202510;513881387;VWR17G7R600;40091100;NL;PT;10;EXW;11;3;;0,2;1;38;;NL866996473B01;
INTRA-EX;202510;513881387;VWR12G7R600ITINLET;87089997;NL;PT;10;EXW;11;3;;0,4;2;200;;NL866996473B01;
INTRA-EX;202510;513881387;CTS-IGN-007;84099100;NL;PT;10;EXW;11;3;;0,3;12;359;;NL866996473B01;
INTRA-EX;202510;513881387;VWR180000;87089997;NL;PT;10;EXW;11;3;;0,1;1;9;;NL866996473B01;
INTRA-EX;202510;513881387;CTS-IT-810;40091100;NL;PT;10;EXW;11;3;;2,5;1;164;;NL866860666B01;
INTRA-EX;202510;513881387;R7437-9;85111000;NL;PT;10;EXW;11;3;;0,1;5;181;;NL866860666B01;
INTRA-EX;202510;513881387;MS100192;85111000;NL;PT;10;EXW;11;3;;0,3;5;186;;NL866860666B01;
INTRA-EX;202510;513881387;ATINTYGR1;87089997;IT;PT;10;EXW;11;3;;13,2;1;477;;IT16332121009;
INTRA-EX;202510;513881387;ATMSYGR04;87089135;IT;PT;10;EXW;11;3;;4,3;1;344;;IT16332121009;
INTRA-EX;202510;513881387;CTS-IT-277;87089235;IT;PT;10;EXW;11;3;;1,7;1;172;;IT02710790060;
INTRA-EX;202510;513881387;DILKAR7B11;85111000;IT;PT;10;EXW;11;3;;0,2;6;92;;IT12072620011;
INTRA-EX;202510;513881387;10.127.203K;84132000;IT;PT;10;EXW;11;3;;0,3;3;682;;IT14481871003;
INTRA-EX;202510;513881387;10.127.100K;84132000;IT;PT;10;EXW;11;3;;0,3;1;227;;IT14481871003;
INTRA-EX;202510;513881387;10.127.203T;87089997;IT;PT;10;EXW;11;3;;0,1;2;21;;IT14481871003;
INTRA-EX;202510;513881387;AC-MK7-MD;87089997;IT;PT;10;EXW;11;3;;0,4;2;87;;IT14481871003;
INTRA-EX;202510;513881387;R7437-8;85111000;ES;PT;10;EXW;11;3;;0,1;4;136;;ES78832668F;
INTRA-EX;202510;513881387;216EVOAFRWB4.9-WO;90261029;ES;PT;10;EXW;11;3;;1,1;1;129;;ES78832668F;
INTRA-EX;202510;513881387;CTS-FPK-004-525;87089235;ES;PT;10;EXW;11;3;;0,8;1;416;;ES43291342Y;
INTRA-EX;202510;513881387;001422.999502;84836080;ES;PT;10;EXW;11;3;;7;1;569;;ESB67497925;
INTRA-EX;202510;513881387;E20-85-051-05-22;73202081;ES;PT;10;EXW;11;3;;8,7;1;201;;ES77199567k;
INTRA-EX;202510;513881387;SVW0630-4P-BK;87083091;ES;PT;10;EXW;11;3;;0,5;1;77;;ES77199567k;
INTRA-EX;202510;513881387;PP1895;84213100;ES;PT;10;EXW;11;3;;0,5;1;38;;ES77199567k;
INTRA-EX;202510;513881387;AC-MK8-DP;87089235;ES;PT;10;EXW;11;3;;8,3;1;232;;ES77199567k;
INTRA-EX;202510;513881387;MMTS-CTR-17;90321020;ES;PT;10;EXW;11;3;;0,2;1;44;;QV999999999999;
INTRA-EX;202510;513881387;SHD0394-6C-BK;87083091;ES;PT;10;EXW;11;3;;0,8;1;195;;QV999999999999;
INTRA-EX;202510;513881387;Z1003100-5;85111000;ES;PT;10;EXW;11;3;;0,3;1;134;;QV999999999999;
INTRA-EX;202510;513881387;SVW0630-4P-BK;87083091;ES;PT;10;EXW;11;3;;0,5;1;77;;QV999999999999;
INTRA-EX;202510;513881387;10.127.203K;84132000;ES;PT;10;EXW;11;3;;0,3;1;312;;QV999999999999;
INTRA-EX;202510;513881387;SFD1216-4P-BK;87083091;ES;PT;10;EXW;11;3;;0,5;1;77;;ESB72435332;
INTRA-EX;202510;513881387;JSK-122-BK-TI;84213100;ES;PT;10;EXW;11;3;;4;1;297;;QV999999999999;
INTRA-EX;202510;513881387;FMTIA6-RED;87089997;ES;PT;10;EXW;11;3;;1,1;1;123;;ES78982207T;
INTRA-EX;202510;513881387;CI100053;84213100;ES;PT;10;EXW;11;3;;4,2;1;250;;ESB04886776;
INTRA-EX;202510;513881387;AC-MK8R-DP;87089235;ES;PT;10;EXW;11;3;;10,2;1;203;;ESB94171030;
INTRA-EX;202510;513881387;9-421-1000;84133080;ES;PT;10;EXW;11;3;;0,5;1;129;;ESB09771205;
INTRA-EX;202510;513881387;CTS-IT-270R;84213100;ES;PT;10;EXW;11;3;;4,3;1;247;;ESB67497925;
INTRA-EX;202510;513881387;10.127.100K;84132000;ES;PT;10;EXW;11;3;;0,3;1;227;;ESB67497925;
INTRA-EX;202510;513881387;AC-200-IC;84198998;ES;PT;10;EXW;11;3;;11,9;1;263;;ESB67497925;
INTRA-EX;202510;513881387;CTS-HW-0199;87089997;ES;PT;10;EXW;11;3;;0,3;1;59;;ESB67497925;
INTRA-EX;202510;513881387;ATINTFO22;87089235;ES;PT;10;EXW;11;3;;18,9;1;378;;ES18062887K;
INTRA-EX;202510;513881387;CTS-CC-MK7GRS3;84099100;ES;PT;10;EXW;11;3;;3;1;374;;ESB42954230;
INTRA-EX;202510;513881387;MS100192;85111000;ES;PT;10;EXW;11;3;;0,3;12;448;;ESB42954230;
INTRA-EX;202510;513881387;FMFSITAT-BLK;87089997;ES;PT;10;EXW;11;3;;0,7;2;350;;ESB42954230;
INTRA-EX;202510;513881387;VWR13G500;84099100;ES;PT;10;EXW;11;3;;2;1;332;;ESB42954230;
INTRA-EX;202510;513881387;MS100210;85111000;ES;PT;10;EXW;11;3;;0,3;12;298;;ESB42954230;
INTRA-EX;202510;513881387;VWR12G7R600FO;84213100;ES;PT;10;EXW;11;3;;0,5;1;86;;ESB42954230;
INTRA-EX;202510;513881387;EVE-2TFSI-CF-INT;84213100;ES;PT;10;EXW;11;3;;3,1;1;663;;ESB42954230;
INTRA-EX;202510;513881387;VWR90000;85111000;ES;PT;10;EXW;11;3;;0,3;8;244;;ESB42954230;
INTRA-EX;202510;513881387;FMKT025-;;ES;PT;10;EXW;11;3;;0,1;1;66;;ESB42954230;
INTRA-EX;202510;513881387;BKR8EIX-4;85111000;ES;PT;10;EXW;11;3;;0,3;1;42;;QV999999999999;
INTRA-EX;202510;513881387;10.127.203T;87089997;ES;PT;10;EXW;11;3;;0,1;1;14;;ES76045186X;
INTRA-EX;202510;513881387;SHD0012-4P-BK;87083091;ES;PT;10;EXW;11;3;;0,5;1;83;;QV999999999999;
INTRA-EX;202510;513881387;BF20500;87083091;ES;PT;10;EXW;11;3;;0,5;1;7;;QV999999999999;
INTRA-EX;202510;513881387;RF328;87089997;ES;PT;10;EXW;11;3;;1,3;1;18;;QV999999999999;
INTRA-EX;202510;513881387;VWR13G700-SERV;87089997;ES;PT;10;EXW;11;3;;0,1;1;31;;QV999999999999;
INTRA-EX;202510;513881387;ATIKVAG19-RD;84213100;ES;PT;10;EXW;11;3;;4,9;1;230;;QV999999999999;
INTRA-EX;202510;513881387;AC-S55-DPHS;87089235;ES;PT;10;EXW;11;3;;5,2;1;382;;QV999999999999;
INTRA-EX;202510;513881387;AC-VAG-CC;87089997;ES;PT;10;EXW;11;3;;0,3;1;37;;QV999999999999;
INTRA-EX;202510;513881387;PST78;87088035;ES;PT;10;EXW;11;3;;3,4;1;121;;QV999999999999;
INTRA-EX;202510;513881387;MS100244-6;85111000;ES;PT;10;EXW;11;3;;2;1;204;;QV999999999999;
INTRA-EX;202510;513881387;EVE-E46-PF;84213100;ES;PT;10;EXW;11;3;;0,6;1;58;;QV999999999999;
INTRA-EX;202510;513881387;SBW0901-4P-BK;87083091;ES;PT;10;EXW;11;3;;0,5;1;78;;QV999999999999;
INTRA-EX;202510;513881387;DCPR8EKP-6;85111000;ES;PT;10;EXW;11;3;;0,4;1;67;;QV999999999999;
INTRA-EX;202510;513881387;9-201-1031;84133080;ES;PT;10;EXW;11;3;;0,5;1;89;;QV999999999999;
INTRA-EX;202510;513881387;MS100210-4;84099100;ES;PT;10;EXW;11;3;;1,7;1;126;;QV999999999999;
INTRA-EX;202510;513881387;BKR8EIX-4;85111000;ES;PT;10;EXW;11;3;;0,3;1;42;;QV999999999999;
INTRA-EX;202510;513881387;SILZKGR8B8S-6;85111000;ES;PT;10;EXW;11;3;;0,4;1;59;;QV999999999999;
INTRA-EX;202510;513881387;FMDVR56A;84814090;FR;PT;10;EXW;11;3;;0,8;1;220;;QV999999999999;
INTRA-EX;202510;513881387;06E898001-4;85111000;FR;PT;10;EXW;11;3;;1,5;1;102;;QV999999999999;
INTRA-EX;202510;513881387;CTS-IT-105R;84213100;FR;PT;10;EXW;11;3;;4,6;1;256;;FR21824621932;
INTRA-EX;202510;513881387;10.127.100K;84132000;FR;PT;10;EXW;11;3;;0,3;1;314;;FR21824621932;
INTRA-EX;202510;513881387;F1554P+F1556P-30;87082910;FR;PT;10;EXW;11;3;;2,4;1;1031;;FR70842707275;
INTRA-EX;202510;513881387;AC-200-DP;87089235;FR;PT;10;EXW;11;3;;10;1;194;;QV999999999999;
INTRA-EX;202510;513881387;AC-250-IP;84198998;FR;PT;10;EXW;11;3;;1,9;1;127;;QV999999999999;
INTRA-EX;202510;513881387;KCA362;87089997;ES;PT;10;EXW;11;3;;3;1;211;;QV999999999999;
INTRA-EX;202510;513881387;420121321;84099100;FR;PT;10;EXW;11;3;;0,1;1;29;;QV999999999999;
INTRA-EX;202510;513881387;420103485B;70102000;FR;PT;10;EXW;11;3;;0,1;1;23;;QV999999999999;
INTRA-EX;202510;513881387;FMKC010-RED;40093100;FR;PT;10;EXW;11;3;;1;1;234;;QV999999999999;
INTRA-EX;202510;513881387;AC-MK8-DP;87089235;FR;PT;10;EXW;11;3;;8,3;1;232;;QV999999999999;
INTRA-EX;202510;513881387;DILKAR8R9HS-4;85111000;FR;PT;10;EXW;11;3;;0,3;1;62;;QV999999999999;
INTRA-EX;202510;513881387;06E898001-4;85111000;FR;PT;10;EXW;11;3;;1,5;1;102;;QV999999999999;
INTRA-EX;202510;513881387;BKR7EIX-4;84099100;FR;PT;10;EXW;11;3;;0,3;1;40;;QV999999999999;
INTRA-EX;202510;513881387;ATIKMAZ01;84213100;FR;PT;10;EXW;11;3;;3,6;1;232;;QV999999999999;
INTRA-EX;202510;513881387;Z1003100-4;85111000;FR;PT;10;EXW;11;3;;0,4;1;108;;QV999999999999;
INTRA-EX;202510;513881387;E25-85-051-19-22;73209090;FR;PT;10;EXW;11;3;;11,6;1;297;;FR96989300603;
INTRA-EX;202510;513881387;ATMSFO104;87089997;FR;PT;10;EXW;11;3;;0,1;1;50;;QV999999999999;
INTRA-EX;202510;513881387;CTS-IT-270R;84213100;FR;PT;10;EXW;11;3;;4,3;1;279;;QV999999999999;
INTRA-EX;202510;513881387;D640-0002-6;85111000;FR;PT;10;EXW;11;3;;0,4;1;119;;QV999999999999;
INTRA-EX;202510;513881387;WEK003;87088055;FR;PT;10;EXW;11;3;;2;1;262;;QV999999999999;
INTRA-EX;202510;513881387;RBF600;27101999;FR;PT;10;EXW;11;3;;0,6;3;28;;QV999999999999;
INTRA-EX;202510;513881387;50003-M45-XL-4;84213100;FR;PT;10;EXW;11;3;;0,3;1;81;;QV999999999999;
INTRA-EX;202510;513881387;FM225SH-BLA;40091100;FR;PT;10;EXW;11;3;;0,1;1;29;;QV999999999999;
INTRA-EX;202510;513881387;SILZKBR8D8S-6;84099100;FR;PT;10;EXW;11;3;;0,4;1;68;;QV999999999999;
INTRA-EX;202510;513881387;MMRAD-CIV-02SI;87089135;FR;PT;10;EXW;11;3;;8,7;1;263;;QV999999999999;
INTRA-EX;202510;513881387;BKR8EIX-4;85111000;FR;PT;10;EXW;11;3;;0,3;1;43;;QV999999999999;
INTRA-EX;202510;513881387;06E898001-4;85111000;FR;PT;10;EXW;11;3;;1,5;1;102;;QV999999999999;
INTRA-EX;202510;513881387;AC-27-DEL;87089997;LV;PT;10;EXW;11;3;;0,1;1;20;;QV999999999999;
INTRA-EX;202510;513881387;EVE-C8RS6-CF-INT;84213100;SE;PT;10;EXW;11;3;;4,8;2;5300;;SE559134211701;
INTRA-EX;202510;513881387;CI100039-B;40091100;CZ;PT;10;EXW;11;3;;1,7;2;264;;CZ05681197;
INTRA-EX;202510;513881387;CI100039;40091100;CZ;PT;10;EXW;11;3;;2;2;400;;CZ05681197;
INTRA-EX;202510;513881387;AC-G8x-UDT;87089997;CZ;PT;10;EXW;11;3;;4,7;1;149;;CZ05681197;
INTRA-EX;202510;513881387;PF04;85444290;CZ;PT;10;EXW;11;3;;0,2;1;156;;CZ05681197;
INTRA-EX;202510;513881387;AC-200-HS;87089997;FI;PT;10;EXW;11;3;;0,5;1;21;;QV999999999999;
INTRA-EX;202510;513881387;TBP-005;87089997;FI;PT;10;EXW;11;3;;0,3;1;21;;QV999999999999;
INTRA-EX;202510;513881387;KCA435;87088055;FI;PT;10;EXW;11;3;;2;1;198;;QV999999999999;
INTRA-EX;202510;513881387;KSR210;87089997;FI;PT;10;EXW;11;3;;0,3;1;35;;QV999999999999;
INTRA-EX;202510;513881387;VWR120000;84213100;LU;PT;10;EXW;11;3;;1;1;37;;QV999999999999;
INTRA-EX;202510;513881387;14011-AT001;84213100;RO;PT;10;EXW;11;3;;3;1;302;;QV999999999999;
INTRA-EX;202510;513881387;AC-VAG-ODP;70102000;SK;PT;10;EXW;11;3;;0,2;1;8;;QV999999999999;
INTRA-EX;202510;513881387;VWR420000;87089997;SK;PT;10;EXW;11;3;;2;1;221;;QV999999999999;
INTRA-EX;202510;513881387;FMMD1;87089997;SK;PT;10;EXW;11;3;;0,7;1;103;;QV999999999999;
INTRA-EX;202510;513881387;CTS-BV-0009-3;84814090;SK;PT;10;EXW;11;3;;0,5;1;179;;QV999999999999;
INTRA-EX;202510;513881387;15009-AK004;84213100;SK;PT;10;EXW;11;3;;0,1;1;23;;QV999999999999;
INTRA-EX;202510;513881387;CTS-IT-300R;84213100;SK;PT;10;EXW;11;3;;4,1;1;267;;QV999999999999;
INTRA-EX;202510;513881387;UR-TW2-1715;87088055;SK;PT;10;EXW;11;3;;3,6;1;107;;QV999999999999;
INTRA-EX;202510;513881387;AC-N14-IND-BL;87089997;SK;PT;10;EXW;11;3;;1,2;1;58;;QV999999999999;
INTRA-EX;202510;513881387;CTS-HW-0199;87089997;SK;PT;10;EXW;11;3;;0,3;1;78;;QV999999999999;
INTRA-EX;202510;513881387;034-145-A028-BLK;40091100;SK;PT;10;EXW;11;3;;0,5;1;58;;QV999999999999;
INTRA-EX;202510;513881387;DBA53932SLVS-2;87083099;SI;PT;10;EXW;11;3;;18;1;1155;;SI78338735;
INTRA-EX;202510;513881387;VWR640015;87089997;HR;PT;10;EXW;11;3;;2,2;1;89;;QV999999999999;
INTRA-EX;202510;513881387;VWR640012;87089997;HR;PT;10;EXW;11;3;;2,2;1;83;;QV999999999999;
INTRA-EX;202510;513881387;E20-15-021-06-22;73202081;HR;PT;10;EXW;11;3;;9,2;1;197;;QV999999999999;
INTRA-EX;202510;513881387;FMCT5-BLA;87089997;SK;PT;10;EXW;11;3;;3,7;1;414;;QV999999999999;
INTRA-EX;202510;513881387;ITGHYUNDAIi20NSH;84213100;SK;PT;10;EXW;11;3;;1,3;1;105;;QV999999999999;
INTRA-EX;202510;513881387;FMFSITAT-BLK;87089997;HU;PT;10;EXW;11;3;;0,7;1;190;;HU27324769;
INTRA-EX;202510;513881387;FM225TBH-BLA;40091100;DE;PT;10;EXW;11;3;;0,1;1;30;;QV999999999999;
INTRA-EX;202510;513881387;FM225SH-BLA;40091100;DE;PT;10;EXW;11;3;;0,1;1;27;;QV999999999999;
INTRA-EX;202510;513881387;ATMSSUZ3;87089997;DE;PT;10;EXW;11;3;;2,4;1;294;;QV999999999999;
INTRA-EX;202510;513881387;ARMAAD0RS4-1;84213100;DE;PT;10;EXW;11;3;;1,5;1;158;;QV999999999999;
INTRA-EX;202510;513881387;SVWS040;87089235;PL;PT;10;EXW;11;3;;21;1;506;;PL8141683531;
INTRA-EX;202510;513881387;KCA511;84099100;PL;PT;10;EXW;11;3;;1,1;1;78;;PL6112557567;
INTRA-EX;202510;513881387;EVE-G8XM-CF-ENG;84213100;PL;PT;10;EXW;11;3;;4,2;1;675;;PL8141683531;
INTRA-EX;202510;513881387;EVE-FX34M-PF;84213100;PL;PT;10;EXW;11;3;;1,5;1;142;;PL8141683531;
INTRA-EX;202510;513881387;VWR17G7R600;40091100;PL;PT;10;EXW;11;3;;0,2;1;38;;PL8141683531;
INTRA-EX;202510;513881387;CTS-IT-256;40091100;PL;PT;10;EXW;11;3;;2,3;1;149;;PL8141683531;
INTRA-EX;202510;513881387;FMTIA4-BLA;40093100;PL;PT;10;EXW;11;3;;0,6;1;142;;QV999999999999;
INTRA-EX;202510;513881387;EVE-C8BMC-FTR;84213100;GR;PT;10;EXW;11;3;;0,7;1;189;;GREL802913609;
INTRA-EX;202510;513881387;E10-20-041-01-22;87088035;GR;PT;10;EXW;11;3;;13,9;1;212;;GREL802913609;
INTRA-EX;202510;513881387;MMRAD-DBP-26;87089135;GR;PT;10;EXW;11;3;;9,3;1;259;;GREL128217320;
INTRA-EX;202510;513881387;AC-R53-IC;87089135;GR;PT;10;EXW;11;3;;4,6;1;179;;GREL128217320;
INTRA-EX;202510;513881387;AC-200-DP;87089235;GR;PT;10;EXW;11;3;;10;1;131;;GREL128217320;
INTRA-EX;202510;513881387;AC-MK7-DPHS;87089235;GR;PT;10;EXW;11;3;;9,2;1;203;;GREL128217320;
INTRA-EX;202510;513881387;AC-R56-TB;87089997;GR;PT;10;EXW;11;3;;0,4;2;79;;GREL128217320;
INTRA-EX;202510;513881387;8E0971824S-RD;84099100;GR;PT;10;EXW;11;3;;0,2;4;30;;GREL128217320;
INTRA-EX;202510;513881387;AC-S55-OTC;84213100;GR;PT;10;EXW;11;3;;0,3;1;24;;GREL128217320;
INTRA-EX;202510;513881387;AC-S55-CC;87089997;GR;PT;10;EXW;11;3;;1;1;47;;GREL128217320;
INTRA-EX;202510;513881387;AC-B9S-INLET;40091100;GR;PT;10;EXW;11;3;;0,6;1;53;;GREL128217320;
INTRA-EX;202510;513881387;AC-B58-TP;40091100;GR;PT;10;EXW;11;3;;1,7;2;215;;GREL128217320;
INTRA-EX;202510;513881387;AC-N55-TP;40091100;GR;PT;10;EXW;11;3;;1,7;1;107;;GREL128217320;
INTRA-EX;202510;513881387;AC-MK8-IC;87089199;GR;PT;10;EXW;11;3;;16,5;1;349;;GREL128217320;
INTRA-EX;202510;513881387;AC-S55-JP;40091100;GR;PT;10;EXW;11;3;;0,6;1;53;;GREL128217320;
INTRA-EX;202510;513881387;AC-250-CH-BK;40093100;GR;PT;10;EXW;11;3;;2,4;1;129;;GREL128217320;
INTRA-EX;202510;513881387;MMBCC-MUS4-15PBE;84099100;GR;PT;10;EXW;11;3;;3;1;134;;GREL128217320;
INTRA-EX;202510;513881387;AC-N54-CHA;87089997;GR;PT;10;EXW;11;3;;0,2;2;12;;GREL128217320;
INTRA-EX;202510;513881387;AC-B58.2-DP;87089235;BE;PT;10;EXW;11;3;;4,4;5;659;;BE0667689206;
INTRA-EX;202510;513881387;50003-M45-XL-4;84213100;BE;PT;10;EXW;11;3;;0,3;1;80;;QV999999999999;
INTRA-EX;202510;513881387;AC-200-DP;87089235;BE;PT;10;EXW;11;3;;10;1;193;;QV999999999999;
INTRA-EX;202510;513881387;WB-285;84213100;BE;PT;10;EXW;11;3;;0,2;1;38;;QV999999999999;
INTRA-EX;202510;513881387;SILZKGR8B8S-6;85111000;BE;PT;10;EXW;11;3;;0,4;1;59;;QV999999999999;
INTRA-EX;202510;513881387;ECA1576-RD;84213100;BE;PT;10;EXW;11;3;;3;1;238;;QV999999999999;
INTRA-EX;202510;513881387;D640-0001-6;85111000;BE;PT;10;EXW;11;3;;0,4;1;119;;QV999999999999;
INTRA-EX;202510;513881387;D650-0010-6;84099100;BE;PT;10;EXW;11;3;;2,4;1;185;;QV999999999999;
INTRA-EX;202510;513881387;Z1004081;85111000;BE;PT;10;EXW;11;3;;0,1;8;159;;BE0740963105;
INTRA-EX;202510;513881387;MS100192;85111000;NL;PT;10;EXW;11;3;;0,3;4;149;;NL866860666B01;
INTRA-EX;202510;513881387;MS100192;85111000;NL;PT;10;EXW;11;3;;0,3;4;149;;NL866860666B01;
INTRA-EX;202510;513881387;10.127.113K;84133080;NL;PT;10;EXW;11;3;;0,3;1;312;;QV999999999999;
INTRA-EX;202510;513881387;10.127.113T;87089997;NL;PT;10;EXW;11;3;;0,2;1;24;;QV999999999999;
INTRA-EX;202510;513881387;CTS-IT-800;84213100;NL;PT;10;EXW;11;3;;4,3;1;275;;QV999999999999;
INTRA-EX;202510;513881387;PF04;85444290;NL;PT;10;EXW;11;3;;0,2;1;204;;QV999999999999;
INTRA-EX;202510;513881387;PP1624;84213100;NL;PT;10;EXW;11;3;;0,5;1;37;;QV999999999999;
INTRA-EX;202510;513881387;CI100054;40091100;IT;PT;10;EXW;11;3;;4,3;5;938;;IT12034500012;
INTRA-EX;202510;513881387;FMDVC200A-BLU;87089997;IT;PT;10;EXW;11;3;;0,8;1;145;;IT12034500012;
INTRA-EX;202510;513881387;SFDP089;87089997;IT;PT;10;EXW;11;3;;8,2;3;505;;IT12034500012;
INTRA-EX;202510;513881387;CTS-FPK-004-525;87089235;IT;PT;10;EXW;11;3;;0,8;1;333;;IT08839490011;
INTRA-EX;202510;513881387;EVE-F4XB48-CF-INT;84213100;IT;PT;10;EXW;11;3;;3,7;1;928;;IT08839490011;
INTRA-EX;202510;513881387;SILFER8C7ES;85111000;IT;PT;10;EXW;11;3;;0,1;8;84;;IT08839490011;
INTRA-EX;202510;513881387;10.127.203K;84132000;IT;PT;10;EXW;11;3;;0,3;1;227;;IT08839490011;
INTRA-EX;202510;513881387;PFR7S8EG;85111000;IT;PT;10;EXW;11;3;;0,2;12;92;;IT08839490011;
INTRA-EX;202510;513881387;R7437-9;85111000;IT;PT;10;EXW;11;3;;0,1;8;290;;IT08839490011;
INTRA-EX;202510;513881387;FR-0059;84213100;IT;PT;10;EXW;11;3;;4,4;1;587;;IT02710790060;
INTRA-EX;202510;513881387;PP1949;84213100;IT;PT;10;EXW;11;3;;0,7;1;20;;IT12072620011;
INTRA-EX;202510;513881387;PF05;90262020;IT;PT;10;EXW;11;3;;0,2;2;341;;IT14481871003;
INTRA-EX;202510;513881387;EVE-TRB8V8S-FLG-STK;85111000;IT;PT;10;EXW;11;3;;0,2;1;35;;IT02710790060;
INTRA-EX;202510;513881387;EVE-TRB8V8S-LHD-NIL;85111000;IT;PT;10;EXW;11;3;;1,7;1;428;;IT02710790060;
INTRA-EX;202510;513881387;VWR1200R601E;84213100;IT;PT;10;EXW;11;3;;4,9;1;338;;IT03656931205;
INTRA-EX;202510;513881387;VWR140011;87089235;IT;PT;10;EXW;11;3;;3;1;229;;IT03656931205;
INTRA-EX;202510;513881387;SAUX089;87089235;IT;PT;10;EXW;11;3;;11;1;824;;IT02710790060;
INTRA-EX;202510;513881387;URCN-RL2-2114;87088055;IT;PT;10;EXW;11;3;;1,8;1;55;;IT12072620011;
INTRA-EX;202510;513881387;MMBCC-MIA-16PBE;84099100;IT;PT;10;EXW;11;3;;1,6;1;164;;IT08839490011;
INTRA-EX;202510;513881387;U5014;84099100;IT;PT;10;EXW;11;3;;0,3;4;86;;IT08839490011;
INTRA-EX;202510;513881387;U5020;85111000;IT;PT;10;EXW;11;3;;0,2;6;137;;IT08839490011;
INTRA-EX;202510;513881387;IZKR7B;85111000;IT;PT;10;EXW;11;3;;0,2;6;49;;IT08839490011;
INTRA-EX;202510;513881387;ACSP1;84099100;IT;PT;10;EXW;11;3;;0,5;1;18;;IT08839490011;
INTRA-EX;202510;513881387;CI100056D;84213100;IT;PT;10;EXW;11;3;;5,5;1;748;;IT08839490011;
INTRA-EX;202510;513881387;SVW069;;IT;PT;10;EXW;11;3;;23;1;679;;IT02330960994;
INTRA-EX;202510;513881387;ATMSYGR23;84099100;IT;PT;10;EXW;11;3;;5;1;505;;IT12072620011;
INTRA-EX;202510;513881387;U5001-4;84099100;IT;PT;10;EXW;11;3;;1,5;1;77;;QV999999999999;
INTRA-EX;202510;513881387;UR-LA2-1647;87088055;IT;PT;10;EXW;11;3;;2,5;1;84;;QV999999999999;
INTRA-EX;202510;513881387;BHR98Z;87088055;IT;PT;10;EXW;11;3;;3,6;1;152;;QV999999999999;
INTRA-EX;202510;513881387;ACSP1;84099100;IT;PT;10;EXW;11;3;;0,5;1;22;;QV999999999999;
INTRA-EX;202510;513881387;RF100018;84099100;ES;PT;10;EXW;11;3;;1;1;111;;ESB76260033;
INTRA-EX;202510;513881387;CG85-02-0023;84213100;ES;PT;10;EXW;11;3;;4;1;228;;ESB76260033;
INTRA-EX;202510;513881387;AC-MK7-MD;87089997;ES;PT;10;EXW;11;3;;0,4;1;43;;ESB76260033;
INTRA-EX;202510;513881387;AC-MK7-INLET;40091100;ES;PT;10;EXW;11;3;;0,3;1;45;;ESB76260033;
INTRA-EX;202510;513881387;VWR11G701;84213100;ES;PT;10;EXW;11;3;;0,3;1;57;;ESB42954230;
INTRA-EX;202510;513881387;VWR1230S3;842131000;ES;PT;10;EXW;11;3;;3,5;1;371;;ESB42954230;
INTRA-EX;202510;513881387;VWR12G7R600ITRED;84213100;ES;PT;10;EXW;11;3;;0,8;1;76;;ESB42954230;
INTRA-EX;202510;513881387;VWR12G7R600ITINLET;87089997;ES;PT;10;EXW;11;3;;0,4;1;100;;ESB42954230;
INTRA-EX;202510;513881387;VWR160001;87089997;ES;PT;10;EXW;11;3;;0,4;2;171;;ESB42954230;
INTRA-EX;202510;513881387;VWR1200R600E;84213100;ES;PT;10;EXW;11;3;;4,9;2;619;;ESB42954230;
INTRA-EX;202510;513881387;EVE-661-G2-FTR;84213100;ES;PT;10;EXW;11;3;;0,6;2;127;;ESB42954230;
INTRA-EX;202510;513881387;SFDC082;87089235;ES;PT;10;EXW;11;3;;5,6;1;161;;ESB42954230;
INTRA-EX;202510;513881387;SVWC060;87089235;ES;PT;10;EXW;11;3;;10;1;276;;ESB04855516;
INTRA-EX;202510;513881387;VWR180002;87089997;ES;PT;10;EXW;11;3;;0,1;1;21;;ESB04855516;
INTRA-EX;202510;513881387;AC-200-IT;84198998;ES;PT;10;EXW;11;3;;5;1;125;;ESB04855516;
INTRA-EX;202510;513881387;WB-514;84213100;ES;PT;10;EXW;11;3;;0,4;1;37;;ESB04855516;
INTRA-EX;202510;513881387;VWR18G700-EUBRACKETS;87089997;ES;PT;10;EXW;11;3;;0,3;1;35;;ESB04855516;
INTRA-EX;202510;513881387;CTS-HW-306;87089997;ES;PT;10;EXW;11;3;;0,9;1;67;;ES53397639B;
INTRA-EX;202510;513881387;L3P3M58X;87089997;ES;PT;10;EXW;11;3;;0,3;1;259;;ESB36049757;
INTRA-EX;202510;513881387;FMGK1-RED;87089997;ES;PT;10;EXW;11;3;;0,3;1;71;;ESB36049757;
INTRA-EX;202510;513881387;FMSS8;87089997;ES;PT;10;EXW;11;3;;0,3;1;71;;ES25200933V;
INTRA-EX;202510;513881387;CTS-IT-250;84213100;ES;PT;10;EXW;11;3;;6,6;1;322;;ESB44835106;
INTRA-EX;202510;513881387;RPF-1747;84213100;ES;PT;10;EXW;11;3;;0,5;1;33;;ESB44835106;
INTRA-EX;202510;513881387;SAUC077;87089235;ES;PT;10;EXW;11;3;;10;1;928;;ESB44835106;
INTRA-EX;202510;513881387;SME0455-4P-BK;87083091;ES;PT;10;EXW;11;3;;0,5;1;78;;QV999999999999;
INTRA-EX;202510;513881387;SILZKFR8D7S-4;85111000;ES;PT;10;EXW;11;3;;0,3;1;34;;QV999999999999;
INTRA-EX;202510;513881387;330149R;87089235;ES;PT;10;EXW;11;3;;1;1;156;;QV999999999999;
INTRA-EX;202510;513881387;FMVWQS;87089997;ES;PT;10;EXW;11;3;;0,7;1;97;;QV999999999999;
INTRA-EX;202510;513881387;RPF-1747;84213100;ES;PT;10;EXW;11;3;;0,5;1;33;;QV999999999999;
INTRA-EX;202510;513881387;AC-200K04-OT;87089997;ES;PT;10;EXW;11;3;;1,4;1;111;;QV999999999999;
INTRA-EX;202510;513881387;BKR8EIX-4;85111000;ES;PT;10;EXW;11;3;;0,3;1;42;;QV999999999999;
INTRA-EX;202510;513881387;RPF-1512;84213100;ES;PT;10;EXW;11;3;;0,4;1;36;;QV999999999999;
INTRA-EX;202510;513881387;AC-E46-FU;87088055;ES;PT;10;EXW;11;3;;4,3;1;148;;QV999999999999;
INTRA-EX;202510;513881387;VWR130010;84099100;ES;PT;10;EXW;11;3;;3;1;723;;ESB91228114;
INTRA-EX;202510;513881387;VWR13G800RFK;87089997;ES;PT;10;EXW;11;3;;1;1;54;;ESB91228114;
INTRA-EX;202510;513881387;500-A021;84213100;ES;PT;10;EXW;11;3;;2;1;57;;QV999999999999;
INTRA-EX;202510;513881387;SR-225-RD-ECU;84213100;ES;PT;10;EXW;11;3;;2,5;1;231;;QV999999999999;
INTRA-EX;202510;513881387;SBW1171-4P-BK;87083091;ES;PT;10;EXW;11;3;;0,5;1;83;;QV999999999999;
INTRA-EX;202510;513881387;MS100244-6;85111000;ES;PT;10;EXW;11;3;;2;1;205;;ESB91228114;
INTRA-EX;202510;513881387;ATINTP&C4;40091100;ES;PT;10;EXW;11;3;;1,7;1;161;;QV999999999999;
INTRA-EX;202510;513881387;ATIKSUZ1;84213100;ES;PT;10;EXW;11;3;;4,6;1;397;;QV999999999999;
INTRA-EX;202510;513881387;ES-361074;87089997;ES;PT;10;EXW;11;3;;1,5;1;68;;QV999999999999;
INTRA-EX;202510;513881387;FMKT035-BLA;40093100;ES;PT;10;EXW;11;3;;1,6;1;187;;QV999999999999;
INTRA-EX;202510;513881387;TS-0203-1009;40091100;ES;PT;10;EXW;11;3;;0,6;1;136;;QV999999999999;
INTRA-EX;202510;513881387;52009-AK005;84213100;ES;PT;10;EXW;11;3;;0,4;2;39;;QV999999999999;
INTRA-EX;202510;513881387;NST36B;87088035;ES;PT;10;EXW;11;3;;3;1;97;;QV999999999999;
INTRA-EX;202510;513881387;FMDVRMA-BLA;87089997;ES;PT;10;EXW;11;3;;0,9;1;165;;QV999999999999;
INTRA-EX;202510;513881387;ACSP1;84099100;ES;PT;10;EXW;11;3;;0,5;2;44;;QV999999999999;
INTRA-EX;202510;513881387;238EVOOT-PK-R;90269000;ES;PT;10;EXW;11;3;;0,6;1;66;;QV999999999999;
INTRA-EX;202510;513881387;FMDVK04S-MAC;84814090;ES;PT;10;EXW;11;3;;0,2;1;141;;QV999999999999;
INTRA-EX;202510;513881387;SBMP081;87089235;ES;PT;10;EXW;11;3;;11,3;1;373;;QV999999999999;
INTRA-EX;202510;513881387;MMHOSE-MK7-15RRBK;40093100;ES;PT;10;EXW;11;3;;0,3;1;26;;QV999999999999;
INTRA-EX;202510;513881387;AC-VAG-ODP;70102000;ES;PT;10;EXW;11;3;;0,2;1;8;;QV999999999999;
INTRA-EX;202510;513881387;1J0201511A;84099100;ES;PT;10;EXW;11;3;;0,4;5;28;;QV999999999999;
INTRA-EX;202510;513881387;PP1128;84213100;ES;PT;10;EXW;11;3;;0,5;1;37;;QV999999999999;
INTRA-EX;202510;513881387;PP1389;84213100;ES;PT;10;EXW;11;3;;0,5;1;37;;QV999999999999;
INTRA-EX;202510;513881387;IKR9J8-4;87089997;ES;PT;10;EXW;11;3;;0,3;1;45;;QV999999999999;
INTRA-EX;202510;513881387;MMHOSE-MS3-07TIHBL;40091100;ES;PT;10;EXW;11;3;;1;1;145;;QV999999999999;
INTRA-EX;202510;513881387;Z-341225;87089997;ES;PT;10;EXW;11;3;;2,4;1;167;;QV999999999999;
INTRA-EX;202510;513881387;LAP3M58X;87089997;ES;PT;10;EXW;11;3;;0,3;1;221;;QV999999999999;
INTRA-EX;202510;513881387;PP1693;84213100;ES;PT;10;EXW;11;3;;0,5;1;37;;QV999999999999;
INTRA-EX;202510;513881387;C9000;87089997;ES;PT;10;EXW;11;3;;1;1;12;;QV999999999999;
INTRA-EX;202510;513881387;MMBCC-MUS4-15PBE;84099100;ES;PT;10;EXW;11;3;;3;1;178;;QV999999999999;
INTRA-EX;202510;513881387;ACSP1;84099100;ES;PT;10;EXW;11;3;;0,5;1;22;;QV999999999999;
INTRA-EX;202510;513881387;SAU0601-4P-BK;87083091;ES;PT;10;EXW;11;3;;0,5;1;77;;QV999999999999;
INTRA-EX;202510;513881387;SVW0620-4P-BK;87083091;ES;PT;10;EXW;11;3;;0,5;1;78;;QV999999999999;
INTRA-EX;202510;513881387;BKR7EIX-4;84099100;ES;PT;10;EXW;11;3;;0,3;1;40;;QV999999999999;
INTRA-EX;202510;513881387;RBF660;27101999;ES;PT;10;EXW;11;3;;0,6;3;35;;QV999999999999;
INTRA-EX;202510;513881387;SBW1170-4P-BK;87083091;ES;PT;10;EXW;11;3;;0,5;1;96;;QV999999999999;
INTRA-EX;202510;513881387;SBW1176-4P-BK;87083091;ES;PT;10;EXW;11;3;;0,5;1;77;;QV999999999999;
INTRA-EX;202510;513881387;RBF660;27101999;ES;PT;10;EXW;11;3;;0,6;2;23;;QV999999999999;
INTRA-EX;202510;513881387;MMLG-125-20LBK;87141030;ES;PT;10;EXW;11;3;;0,8;1;62;;QV999999999999;
INTRA-EX;202510;513881387;FMDV008PA-BLA;87089997;ES;PT;10;EXW;11;3;;0,5;1;150;;QV999999999999;
INTRA-EX;202510;513881387;E10-42-052-03-22;73202081;ES;PT;10;EXW;11;3;;8,9;1;188;;QV999999999999;
INTRA-EX;202510;513881387;SHY0800-4P-BK;87083091;ES;PT;10;EXW;11;3;;0,8;1;96;;QV999999999999;
INTRA-EX;202510;513881387;ES-335233;87089997;ES;PT;10;EXW;11;3;;0,9;1;68;;QV999999999999;
INTRA-EX;202510;513881387;CTS-IT-210;40091100;ES;PT;10;EXW;11;3;;1,1;1;171;;QV999999999999;
INTRA-EX;202510;513881387;06E898001-4;85111000;ES;PT;10;EXW;11;3;;1,5;1;101;;QV999999999999;
INTRA-EX;202510;513881387;Z1003101-4;85111000;ES;PT;10;EXW;11;3;;0,4;1;74;;QV999999999999;
INTRA-EX;202510;513881387;MMFW-LG-6RD;87089997;ES;PT;10;EXW;11;3;;0,1;1;10;;QV999999999999;
INTRA-EX;202510;513881387;AC-200-HS;87089997;ES;PT;10;EXW;11;3;;0,5;1;22;;QV999999999999;
INTRA-EX;202510;513881387;EVE-F10M5-CF-INT;84213100;FR;PT;10;EXW;11;3;;6;1;1582;;FR31895072130;
INTRA-EX;202510;513881387;CTS-IT-105R;84213100;FR;PT;10;EXW;11;3;;4,6;1;224;;FR94827543661;
INTRA-EX;202510;513881387;SVW0630-4P-BK;87083091;FR;PT;10;EXW;11;3;;0,5;1;63;;FR82530667591;
INTRA-EX;202510;513881387;CTS-IT-938;84213100;FR;PT;10;EXW;11;3;;3,6;1;299;;FR82530667591;
INTRA-EX;202510;513881387;CTS-IT-963;84213100;FR;PT;10;EXW;11;3;;7;1;365;;FR82530667591;
INTRA-EX;202510;513881387;VWR12G7R600ITINLET;87089997;FR;PT;10;EXW;11;3;;0,4;1;100;;FR82530667591;
INTRA-EX;202510;513881387;VWR12G7R600ITBLA;84213100;FR;PT;10;EXW;11;3;;0,8;1;76;;FR82530667591;
INTRA-EX;202510;513881387;VWR160001;87089997;FR;PT;10;EXW;11;3;;0,4;1;86;;FR82530667591;
INTRA-EX;202510;513881387;MS100192;85111000;FR;PT;10;EXW;11;3;;0,3;16;597;;FR09800029712;
INTRA-EX;202510;513881387;CI100053;84213100;FR;PT;10;EXW;11;3;;4,2;1;250;;FR09800029712;
INTRA-EX;202510;513881387;EVE-GR4-CFM-INT;84213100;FR;PT;10;EXW;11;3;;4,7;1;975;;FR94827543661;
INTRA-EX;202510;513881387;R7437-8-4;84099100;FR;PT;10;EXW;11;3;;0,3;1;165;;FR77530489756;
INTRA-EX;202510;513881387;AC-S55-JP;40091100;FR;PT;10;EXW;11;3;;0,6;1;78;;QV999999999999;
INTRA-EX;202510;513881387;SFDP089;87089997;FR;PT;10;EXW;11;3;;8,2;1;233;;QV999999999999;
INTRA-EX;202510;513881387;ILZKAR8H8S-4;85111000;FR;PT;10;EXW;11;3;;0,3;1;72;;QV999999999999;
INTRA-EX;202510;513881387;ES-335161;87089997;FR;PT;10;EXW;11;3;;1;1;46;;QV999999999999;
INTRA-EX;202510;513881387;FMDVMCS;84814090;FR;PT;10;EXW;11;3;;0,2;1;67;;QV999999999999;
INTRA-EX;202510;513881387;06E898001-5;84099100;FR;PT;10;EXW;11;3;;1,9;1;127;;QV999999999999;
INTRA-EX;202510;513881387;E20-81-016-04-22;73202081;FR;PT;10;EXW;11;3;;7,7;1;155;;QV999999999999;
INTRA-EX;202510;513881387;MMHOSE-E46-01IBK;40091100;FR;PT;10;EXW;11;3;;0,7;1;75;;QV999999999999;
INTRA-EX;202510;513881387;06E898001-5;84099100;FR;PT;10;EXW;11;3;;1,9;1;127;;QV999999999999;
INTRA-EX;202510;513881387;ILFR7H-5;85111000;FR;PT;10;EXW;11;3;;0,3;1;68;;QV999999999999;
INTRA-EX;202510;513881387;AC-MK7-DP;87089235;FR;PT;10;EXW;11;3;;9,2;1;224;;QV999999999999;
INTRA-EX;202510;513881387;MMRAD-350Z-07;87089135;FR;PT;10;EXW;11;3;;7,2;1;294;;QV999999999999;
INTRA-EX;202510;513881387;SVWC060;87089235;FR;PT;10;EXW;11;3;;10;1;383;;QV999999999999;
INTRA-EX;202510;513881387;SILZKGR8B8S-6;85111000;FR;PT;10;EXW;11;3;;0,4;1;59;;QV999999999999;
INTRA-EX;202510;513881387;ES-355270;87089997;FR;PT;10;EXW;11;3;;1;1;53;;QV999999999999;
INTRA-EX;202510;513881387;R7437-9-4;87089997;FR;PT;10;EXW;11;3;;0,3;1;171;;QV999999999999;
INTRA-EX;202510;513881387;CTS-IT-110;40091100;FR;PT;10;EXW;11;3;;1,3;1;190;;QV999999999999;
INTRA-EX;202510;513881387;AC-200-PP;84198998;FR;PT;10;EXW;11;3;;0,5;1;82;;QV999999999999;
INTRA-EX;202510;513881387;FMMD1;87089997;FR;PT;10;EXW;11;3;;0,7;1;106;;QV999999999999;
INTRA-EX;202510;513881387;AC-B58-IND;40093100;FR;PT;10;EXW;11;3;;1;1;44;;QV999999999999;
INTRA-EX;202510;513881387;R7437-9-4;87089997;FR;PT;10;EXW;11;3;;0,3;1;171;;QV999999999999;
INTRA-EX;202510;513881387;SILZKBR8D8S-6;84099100;FR;PT;10;EXW;11;3;;0,4;2;136;;QV999999999999;
INTRA-EX;202510;513881387;SILZKBR8D8S-8;85111000;FR;PT;10;EXW;11;3;;0,5;1;90;;QV999999999999;
INTRA-EX;202510;513881387;BKR8EIX-4;85111000;FR;PT;10;EXW;11;3;;0,3;1;43;;QV999999999999;
INTRA-EX;202510;513881387;06E898001-4;85111000;FR;PT;10;EXW;11;3;;1,5;1;102;;QV999999999999;
INTRA-EX;202510;513881387;BKR7EIX-4;84099100;FR;PT;10;EXW;11;3;;0,3;1;40;;QV999999999999;
INTRA-EX;202510;513881387;06E898001-4;85111000;FR;PT;10;EXW;11;3;;1,5;1;102;;QV999999999999;
INTRA-EX;202510;513881387;AC-211-CFA;87089997;FR;PT;10;EXW;11;3;;0,1;1;24;;QV999999999999;
INTRA-EX;202510;513881387;ATMSP&C4;40091100;FR;PT;10;EXW;11;3;;6;1;303;;QV999999999999;
INTRA-EX;202510;513881387;VWR12G7R600FO;84213100;FR;PT;10;EXW;11;3;;0,5;1;114;;QV999999999999;
INTRA-EX;202510;513881387;VWR120000;84213100;FR;PT;10;EXW;11;3;;1;1;36;;QV999999999999;
INTRA-EX;202510;513881387;CTS-IGN-007;84099100;FR;PT;10;EXW;11;3;;0,3;4;140;;QV999999999999;
INTRA-EX;202510;513881387;MMBCC-F80-15CBE;87089997;FR;PT;10;EXW;11;3;;1,4;1;228;;QV999999999999;
INTRA-EX;202510;513881387;AC-BMB-CP-6;85111000;FR;PT;10;EXW;11;3;;3,5;1;123;;QV999999999999;
INTRA-EX;202510;513881387;FMRLH-RED;40093100;FR;PT;10;EXW;11;3;;0,7;1;62;;QV999999999999;
INTRA-EX;202510;513881387;10.127.203K;84132000;FR;PT;10;EXW;11;3;;0,3;1;314;;QV999999999999;
INTRA-EX;202510;513881387;AC-MK7-FPT;84133080;FR;PT;10;EXW;11;3;;0,1;1;10;;QV999999999999;
INTRA-EX;202510;513881387;ILZKBR7B8G-4;87089997;FR;PT;10;EXW;11;3;;0,3;1;38;;QV999999999999;
INTRA-EX;202510;513881387;ILFR6B-5;84099100;FR;PT;10;EXW;11;3;;0,3;1;46;;QV999999999999;
INTRA-EX;202510;513881387;IZKR7B-6;85111000;FR;PT;10;EXW;11;3;;0,4;1;60;;QV999999999999;
INTRA-EX;202510;513881387;CTS-IGN-009;84099100;FR;PT;10;EXW;11;3;;0,3;4;127;;QV999999999999;
INTRA-EX;202510;513881387;AC-MK7-DP;87089235;FR;PT;10;EXW;11;3;;9,2;1;224;;QV999999999999;
INTRA-EX;202510;513881387;E20-15-021-06-22;73202081;FR;PT;10;EXW;11;3;;9,2;1;205;;QV999999999999;
INTRA-EX;202510;513881387;4B1609H-STD;40091100;FR;PT;10;EXW;11;3;;0,5;1;47;;QV999999999999;
INTRA-EX;202510;513881387;SILZKFR8D7S-4;85111000;FR;PT;10;EXW;11;3;;0,3;1;34;;QV999999999999;
INTRA-EX;202510;513881387;AC-MK7-DP;87089235;FR;PT;10;EXW;11;3;;9,2;1;224;;QV999999999999;
