FLUXO;PERIODO;NIF;REF;NC;PAIS;PORIGEM;REGIAO;CODENT;NATTRA;MODTRA;AERPOR;MASSA;UNSUP;VALFAC;"VAL ESTAT";ADQNIF;ERRO
INTRA-EX;202408;513881387;005EA14139;84099100;SE;PT;10;EXW;11;3;;2,4;1;408;;SE559091346201;
INTRA-EX;202408;513881387;SP9002P;84213100;FI;PT;10;EXW;11;3;;4,7;1;237;;QV999999999999;
INTRA-EX;202408;513881387;VWR420001;87089997;LU;PT;10;EXW;11;3;;2;1;233;;QV999999999999;
INTRA-EX;202408;513881387;SAU0630-4P-BK;87083091;GR;PT;10;EXW;11;3;;0,5;1;81;;QV999999999999;
INTRA-EX;202408;513881387;AC-27-DEL;87089997;DE;PT;10;EXW;11;3;;0,1;1;20;;QV999999999999;
INTRA-EX;202408;513881387;VWR120010;40091100;PL;PT;10;EXW;11;3;;1,4;3;536;;PL8141683531;
INTRA-EX;202408;513881387;10.127.113K;84133080;PL;PT;10;EXW;11;3;;0,3;1;253;;PL8141683531;
INTRA-EX;202408;513881387;10.127.113K;84133080;PL;PT;10;EXW;11;3;;0,3;2;507;;PL8141683531;
INTRA-EX;202408;513881387;BKR7EIX-4;84099100;BE;PT;10;EXW;11;3;;0,5;1;40;;QV999999999999;
INTRA-EX;202408;513881387;SVW0630-4P-BK;87083091;BE;PT;10;EXW;11;3;;0,5;2;157;;BE0740963105;
INTRA-EX;202408;513881387;SBW1171-4P-BK;87083091;BE;PT;10;EXW;11;3;;0,5;1;78;;BE0740963105;
INTRA-EX;202408;513881387;AC-200-CH-BK;40093100;IT;PT;10;EXW;11;3;;1;1;69;;IT03943631204;
INTRA-EX;202408;513881387;AC-200-CH-BL;40093100;IT;PT;10;EXW;11;3;;1;1;69;;IT03943631204;
INTRA-EX;202408;513881387;AC-200-CH-RD;40093100;IT;PT;10;EXW;11;3;;1;2;139;;IT03943631204;
INTRA-EX;202408;513881387;EVE-FK2V3-CF-CHG;40091100;IT;PT;10;EXW;11;3;;2,1;1;498;;IT03943631204;
INTRA-EX;202408;513881387;VWR13G700;84099100;IT;PT;10;EXW;11;3;;2,8;1;468;;IT03943631204;
INTRA-EX;202408;513881387;AC-200-QS;87089997;IT;PT;10;EXW;11;3;;0,4;1;49;;IT03656931205;
INTRA-EX;202408;513881387;R7438-9;84099100;NL;PT;10;EXW;11;3;;0,1;5;166;;NL002254344B79;
INTRA-EX;202408;513881387;VWR120001;87089997;NL;PT;10;EXW;11;3;;0,1;4;19;;NL002254344B79;
INTRA-EX;202408;513881387;03K906051;90269000;NL;PT;10;EXW;11;3;;0,1;2;27;;NL002254344B79;
INTRA-EX;202408;513881387;SILZKGR8B8S;85111000;NL;PT;10;EXW;11;3;;0,1;10;84;;NL002254344B79;
INTRA-EX;202408;513881387;VWR800003;58109210;NL;PT;10;EXW;11;3;;0,1;2;14;;NL002254344B79;
INTRA-EX;202408;513881387;PFR8S8EG;85111000;NL;PT;10;EXW;11;3;;0,2;4;39;;NL002254344B79;
INTRA-EX;202408;513881387;VWR800002;58109210;NL;PT;10;EXW;11;3;;0,1;1;7;;NL002254344B79;
INTRA-EX;202408;513881387;VWR180000;87089997;NL;PT;10;EXW;11;3;;0,1;1;9;;NL002254344B79;
INTRA-EX;202408;513881387;BKR8EIX;85111000;NL;PT;10;EXW;11;3;;0,1;20;177;;NL002254344B79;
INTRA-EX;202408;513881387;VWR1200R600E;84213100;NL;PT;10;EXW;11;3;;5,2;1;309;;NL002241494B08;
INTRA-EX;202408;513881387;MMHOSE-WRX-AM8BK;40093100;NL;PT;10;EXW;11;3;;0,8;1;45;;NL002241494B08;
INTRA-EX;202408;513881387;AC-200-DB;87089997;NL;PT;10;EXW;11;3;;0,6;1;49;;NL002241494B08;
INTRA-EX;202408;513881387;CTS-HX-007;87089135;NL;PT;10;EXW;11;3;;6,5;1;357;;QV999999999999;
INTRA-EX;202408;513881387;SVWCS045;87089235;ES;PT;10;EXW;11;3;;9,2;1;254;;ESB19296938;
INTRA-EX;202408;513881387;EVE-GR4-CF-INT;84213100;ES;PT;10;EXW;11;3;;5,7;1;975;;ESB67084251;
INTRA-EX;202408;513881387;216BFWAWTSM;90262020;ES;PT;10;EXW;11;3;;0,3;4;118;;ESB67084251;
INTRA-EX;202408;513881387;10.127.100K;84132000;ES;PT;10;EXW;11;3;;0,3;1;227;;ESB67084251;
INTRA-EX;202408;513881387;10.127.203K;84132000;ES;PT;10;EXW;11;3;;0,3;1;227;;ESB67084251;
INTRA-EX;202408;513881387;BMF49Z;87088055;ES;PT;10;EXW;11;3;;6,1;1;136;;ES18062887K;
INTRA-EX;202408;513881387;BMR77Z;87088055;ES;PT;10;EXW;11;3;;2,6;1;115;;ES18062887K;
INTRA-EX;202408;513881387;SFD1216-4P-BK;87083091;ES;PT;10;EXW;11;3;;0,5;1;83;;QV999999999999;
INTRA-EX;202408;513881387;AC-200-FD;87089997;ES;PT;10;EXW;11;3;;0,5;1;48;;ES34275397S;
INTRA-EX;202408;513881387;AC-211-CFA;87089997;ES;PT;10;EXW;11;3;;0,1;1;24;;QV999999999999;
INTRA-EX;202408;513881387;UR-TW2-340;87088055;ES;PT;10;EXW;11;3;;2,5;1;103;;QV999999999999;
INTRA-EX;202408;513881387;SAU0601-4P-RD;87083091;ES;PT;10;EXW;11;3;;0,5;1;76;;QV999999999999;
INTRA-EX;202408;513881387;JS-090-BK;84213100;ES;PT;10;EXW;11;3;;0,6;1;64;;QV999999999999;
INTRA-EX;202408;513881387;SILZKBR8D8S-6;84099100;ES;PT;10;EXW;11;3;;0,2;1;65;;QV999999999999;
INTRA-EX;202408;513881387;SCNC014;87089235;ES;PT;10;EXW;11;3;;2,4;1;140;;QV999999999999;
INTRA-EX;202408;513881387;ES-331238;87089997;ES;PT;10;EXW;11;3;;1,6;1;60;;QV999999999999;
INTRA-EX;202408;513881387;VWR900001-4;84099100;ES;PT;10;EXW;11;3;;1,2;1;173;;QV999999999999;
INTRA-EX;202408;513881387;FMDV20-BK;84818040;ES;PT;10;EXW;11;3;;0,6;1;177;;ES47532557K;
INTRA-EX;202408;513881387;10.127.100K;84132000;ES;PT;10;EXW;11;3;;0,3;1;312;;QV999999999999;
INTRA-EX;202408;513881387;SP6080WB;84213100;ES;PT;10;EXW;11;3;;4,8;1;403;;ES15484935R;
INTRA-EX;202408;513881387;ES-315086;87089997;ES;PT;10;EXW;11;3;;1,1;1;53;;QV999999999999;
INTRA-EX;202408;513881387;E40-15-021-04-11;73202081;FR;PT;10;EXW;11;3;;9,4;1;618;;FR90910847292;
INTRA-EX;202408;513881387;U5055-6;84099100;FR;PT;10;EXW;11;3;;1,5;1;132;;QV999999999999;
INTRA-EX;202408;513881387;SILZKBR8D8S-6;84099100;FR;PT;10;EXW;11;3;;0,2;1;66;;QV999999999999;
INTRA-EX;202408;513881387;ILZKBR7B8G-4;87089997;FR;PT;10;EXW;11;3;;0,2;2;74;;QV999999999999;
INTRA-EX;202408;513881387;AC-200-QS;87089997;FR;PT;10;EXW;11;3;;0,4;1;74;;QV999999999999;
INTRA-EX;202408;513881387;TS-0604-1155;87089997;FR;PT;10;EXW;11;3;;0,5;1;175;;QV999999999999;
INTRA-EX;202408;513881387;TS-0629-1072;87089997;FR;PT;10;EXW;11;3;;0,5;1;103;;QV999999999999;
INTRA-EX;202408;513881387;VWR12G7R600FO;84213100;FR;PT;10;EXW;11;3;;0,5;1;102;;QV999999999999;
INTRA-EX;202408;513881387;SVXP062;87089235;FR;PT;10;EXW;11;3;;5,7;1;233;;QV999999999999;
INTRA-EX;202408;513881387;10.127.203T;87089997;FR;PT;10;EXW;11;3;;0,1;1;14;;QV999999999999;
INTRA-EX;202408;513881387;10.127.203K;84132000;FR;PT;10;EXW;11;3;;0,3;1;314;;QV999999999999;
INTRA-EX;202408;513881387;EVE-F9XM5M8-CF-INT;84213100;SI;PT;10;EXW;11;3;;6;1;1571;;SI84452412;
INTRA-EX;202408;513881387;VWR12G7R600FO;84213100;SI;PT;10;EXW;11;3;;0,5;2;153;;SI84452412;
INTRA-EX;202408;513881387;VWR12G7R600ITBLA;84213100;SI;PT;10;EXW;11;3;;0,8;1;76;;SI84452412;
INTRA-EX;202408;513881387;ITGHYUNDAIi20NF;84213100;GR;PT;10;EXW;11;3;;3,1;1;297;;GREL156587530;
INTRA-EX;202408;513881387;TS-0223-1066;87089997;GR;PT;10;EXW;11;3;;0,4;1;149;;GREL156587530;
INTRA-EX;202408;513881387;AC-45-FU-BK;84213100;GR;PT;10;EXW;11;3;;2,7;1;74;;GREL156587530;
INTRA-EX;202408;513881387;mmai-cla45-14bk;84213100;GR;PT;10;EXW;11;3;;3,8;1;255;;GREL156587530;
INTRA-EX;202408;513881387;SMN003;10;PL;PT;10;EXW;11;3;;20,2;1;449;;PL8141683531;
INTRA-EX;202408;513881387;S-AU/TI/23H;87089235;IT;PT;10;EXW;11;3;;25,3;1;4456;;IT03656931205;
INTRA-EX;202408;513881387;BWR23Z;87088055;IT;PT;10;EXW;11;3;;7,4;1;136;;IT02710790060;
INTRA-EX;202408;513881387;CG85-02-0023;84213100;IT;PT;10;EXW;11;3;;4;1;228;;IT02710790060;
INTRA-EX;202408;513881387;9-307-1060;84133080;IT;PT;10;EXW;11;3;;0,6;1;122;;IT03656931205;
INTRA-EX;202408;513881387;PF04;90262020;IT;PT;10;EXW;11;3;;0,2;1;159;;IT02330960994;
INTRA-EX;202408;513881387;4B1609H-STD;40091100;ES;PT;10;EXW;11;3;;0,5;1;44;;QV999999999999;
INTRA-EX;202408;513881387;AC-200-PP;84198998;ES;PT;10;EXW;11;3;;0,5;1;81;;QV999999999999;
INTRA-EX;202408;513881387;AC-200-EVAP;87089997;ES;PT;10;EXW;11;3;;0,3;1;20;;QV999999999999;
INTRA-EX;202408;513881387;BKR8EIX-4;85111000;ES;PT;10;EXW;11;3;;0,2;1;41;;QV999999999999;
INTRA-EX;202408;513881387;FMTVTUN;87089997;ES;PT;10;EXW;11;3;;0,1;1;25;;QV999999999999;
INTRA-EX;202408;513881387;SVW0608-4P-Y;87083091;ES;PT;10;EXW;11;3;;0,5;1;76;;QV999999999999;
INTRA-EX;202408;513881387;CTS-IT-810;40091100;ES;PT;10;EXW;11;3;;1,4;1;218;;QV999999999999;
INTRA-EX;202408;513881387;KCA472;87088035;ES;PT;10;EXW;11;3;;2;1;170;;QV999999999999;
INTRA-EX;202408;513881387;AC-VAG-ODP;70102000;ES;PT;10;EXW;11;3;;0,2;1;8;;QV999999999999;
INTRA-EX;202408;513881387;BKR7EIX-4;84099100;ES;PT;10;EXW;11;3;;0,5;1;40;;QV999999999999;
INTRA-EX;202408;513881387;SAUC036;87089235;ES;PT;10;EXW;11;3;;7;1;227;;QV999999999999;
INTRA-EX;202408;513881387;MMOC-E60-06;87089997;ES;PT;10;EXW;11;3;;6,6;1;374;;ESB88553946;
INTRA-EX;202408;513881387;CTS-FPK-004-450;87089235;ES;PT;10;EXW;11;3;;0,8;1;292;;ES44719365M;
INTRA-EX;202408;513881387;MS100210;85111000;ES;PT;10;EXW;11;3;;0,3;4;99;;ESB94171030;
INTRA-EX;202408;513881387;BKR7EIX;85111000;ES;PT;10;EXW;11;3;;0,1;4;34;;ESB94171030;
INTRA-EX;202408;513881387;ILFR6B-5;84099100;ES;PT;10;EXW;11;3;;0,8;1;44;;QV999999999999;
INTRA-EX;202408;513881387;AC-200-PP;84198998;FR;PT;10;EXW;11;3;;0,5;1;82;;QV999999999999;
INTRA-EX;202408;513881387;06D115562;84099100;FR;PT;10;EXW;11;3;;0,2;2;9;;QV999999999999;
INTRA-EX;202408;513881387;FMCTDS3-RD;87089997;FR;PT;10;EXW;11;3;;3;1;325;;QV999999999999;
INTRA-EX;202408;513881387;SBMC067;87089235;FR;PT;10;EXW;11;3;;2,3;1;240;;QV999999999999;
INTRA-EX;202408;513881387;KLC167A;87088055;FR;PT;10;EXW;11;3;;1,4;1;121;;QV999999999999;
INTRA-EX;202408;513881387;AC-B58-IC;84198998;FR;PT;10;EXW;11;3;;9,3;1;374;;QV999999999999;
INTRA-EX;202408;513881387;AC-200-HS;87089997;FR;PT;10;EXW;11;3;;0,5;1;22;;QV999999999999;
INTRA-EX;202408;513881387;1K0121407A;87089997;FR;PT;10;EXW;11;3;;0,8;1;9;;QV999999999999;
INTRA-EX;202408;513881387;CLPT-SET1;87088035;EE;PT;10;EXW;11;3;;3,4;1;196;;QV999999999999;
INTRA-EX;202408;513881387;AC-R56-TB;87089997;DK;PT;10;EXW;11;3;;0,4;1;59;;DK37800139;
INTRA-EX;202408;513881387;GTHSB-5;87089997;DK;PT;10;EXW;11;3;;0,1;1;20;;DK37800139;
INTRA-EX;202408;513881387;KLC167A;87088055;SE;PT;10;EXW;11;3;;1,4;1;116;;QV999999999999;
INTRA-EX;202408;513881387;BWF22Z;87088055;FI;PT;10;EXW;11;3;;6,7;1;206;;QV999999999999;
INTRA-EX;202408;513881387;KTA259;87088055;RO;PT;10;EXW;11;3;;4,7;1;272;;QV999999999999;
INTRA-EX;202408;513881387;VWR180000;87089997;RO;PT;10;EXW;11;3;;0,1;1;13;;QV999999999999;
INTRA-EX;202408;513881387;AC-200-HS;87089997;RO;PT;10;EXW;11;3;;0,5;1;22;;QV999999999999;
INTRA-EX;202408;513881387;420103485B;70102000;RO;PT;10;EXW;11;3;;0,1;1;23;;QV999999999999;
INTRA-EX;202408;513881387;420121321;84099100;RO;PT;10;EXW;11;3;;0,1;1;29;;QV999999999999;
INTRA-EX;202408;513881387;CTS-IT-500;40091100;RO;PT;10;EXW;11;3;;1,6;1;151;;QV999999999999;
INTRA-EX;202408;513881387;VWR190000;87089997;RO;PT;10;EXW;11;3;;0,3;1;99;;QV999999999999;
INTRA-EX;202408;513881387;UR-RE2-3886;87088055;DE;PT;10;EXW;11;3;;3,3;1;105;;QV999999999999;
INTRA-EX;202408;513881387;AC-200-QS;87089997;DE;PT;10;EXW;11;3;;0,4;1;75;;QV999999999999;
INTRA-EX;202408;513881387;AC-MK7R-DP;87089235;DE;PT;10;EXW;11;3;;11,3;1;279;;QV999999999999;
INTRA-EX;202408;513881387;CTS-IT-341;40091100;BE;PT;10;EXW;11;3;;1,4;1;200;;QV999999999999;
INTRA-EX;202408;513881387;FMDVR60A;84814090;BE;PT;10;EXW;11;3;;0,7;1;214;;QV999999999999;
INTRA-EX;202408;513881387;FMKTR56N18-BL;40091100;BE;PT;10;EXW;11;3;;1,4;1;125;;QV999999999999;
INTRA-EX;202408;513881387;FMBGMCS;90262020;BE;PT;10;EXW;11;3;;0,1;1;34;;QV999999999999;
INTRA-EX;202408;513881387;AC-200-CH-BK;40093100;IT;PT;10;EXW;11;3;;1;1;69;;IT12034500012;
INTRA-EX;202408;513881387;VWR1200R600E;84213100;IT;PT;10;EXW;11;3;;5,2;4;1238;;IT12034500012;
INTRA-EX;202408;513881387;EVE-C8RS6-CF-ENG;84213100;IT;PT;10;EXW;11;3;;3,3;1;472;;IT03813391202;
INTRA-EX;202408;513881387;VWR31G8GT;87089997;IT;PT;10;EXW;11;3;;7,9;1;161;;IT03002640732;
INTRA-EX;202408;513881387;VWR1200R600E;84213100;IT;PT;10;EXW;11;3;;5,2;1;309;;IT10491230966;
INTRA-EX;202408;513881387;R7437-9;85111000;IT;PT;10;EXW;11;3;;0,1;1;35;;IT10491230966;
INTRA-EX;202408;513881387;VIB-1458;87089235;IT;PT;10;EXW;11;3;;0,2;2;13;;QV999999999999;
INTRA-EX;202408;513881387;TS-0215-1023;87089997;IT;PT;10;EXW;11;3;;0,7;1;303;;QV999999999999;
INTRA-EX;202408;513881387;VWR12G6GTFO;84213100;NL;PT;10;EXW;11;3;;0,5;1;76;;NL002241494B08;
INTRA-EX;202408;513881387;06D115562;84099100;NL;PT;10;EXW;11;3;;0,2;1;3;;NL002241494B08;
INTRA-EX;202408;513881387;PF04;90262020;NL;PT;10;EXW;11;3;;0,2;1;159;;NL002241494B08;
INTRA-EX;202408;513881387;MMHOSE-SUB-INTRD;40093100;NL;PT;10;EXW;11;3;;1,3;1;67;;NL002241494B08;
INTRA-EX;202408;513881387;TS-0203-1061;40091100;NL;PT;10;EXW;11;3;;0,5;1;123;;NL002241494B08;
INTRA-EX;202408;513881387;MMRAD-E36-92;87089135;NL;PT;10;EXW;11;3;;6,7;1;169;;NL002241494B08;
INTRA-EX;202408;513881387;MMFS-E36-92P;84149000;NL;PT;10;EXW;11;3;;5;1;155;;NL002241494B08;
INTRA-EX;202408;513881387;VWR1130RS;842131000;NL;PT;10;EXW;11;3;;0,4;1;52;;NL002241494B08;
INTRA-EX;202408;513881387;AC-MK7R-DP;87089235;NL;PT;10;EXW;11;3;;11,3;1;185;;NL002241494B08;
INTRA-EX;202408;513881387;216BFWABOSM;90262020;NL;PT;10;EXW;11;3;;0,3;1;22;;NL002241494B08;
INTRA-EX;202408;513881387;VWR160001;87089997;NL;PT;10;EXW;11;3;;0,4;1;86;;NL002241494B08;
INTRA-EX;202408;513881387;AC-MK7-IM;84099100;NL;PT;10;EXW;11;3;;3;1;299;;NL002241494B08;
INTRA-EX;202408;513881387;AC-200-DB;87089997;NL;PT;10;EXW;11;3;;0,6;1;49;;NL002241494B08;
INTRA-EX;202408;513881387;VWR420001;87089997;NL;PT;10;EXW;11;3;;2;1;159;;NL002254344B79;
INTRA-EX;202408;513881387;VWR810000;87089997;NL;PT;10;EXW;11;3;;0,2;2;34;;NL002254344B79;
INTRA-EX;202408;513881387;CTS-IGN-006;84099100;NL;PT;10;EXW;11;3;;0,3;16;479;;NL002254344B79;
INTRA-EX;202408;513881387;VWR12G7R600FO;84213100;NL;PT;10;EXW;11;3;;0,5;1;76;;NL002254344B79;
INTRA-EX;202408;513881387;MS100204;85111000;NL;PT;10;EXW;11;3;;0,3;4;149;;NL002254344B79;
INTRA-EX;202408;513881387;VWR180000;87089997;NL;PT;10;EXW;11;3;;0,1;1;9;;NL002254344B79;
INTRA-EX;202408;513881387;17U-01-0440-4;87089997;NL;PT;10;EXW;11;3;;0,3;1;246;;NL002241494B08;
INTRA-EX;202408;513881387;SBMP086;87089235;NL;PT;10;EXW;11;3;;11,8;1;262;;NL002241494B08;
INTRA-EX;202408;513881387;VWR1210R600EG;84213100;NL;PT;10;EXW;11;3;;5,2;1;458;;NL002254344B79;
INTRA-EX;202408;513881387;EVE-F56-LCI-CF-INT;84213100;NL;PT;10;EXW;11;3;;4,9;1;1156;;NL002241494B08;
INTRA-EX;202408;513881387;VWR1210R600EG;84213100;NL;PT;10;EXW;11;3;;5,2;1;458;;NL002254344B79;
INTRA-EX;202408;513881387;CI100037;84213100;NL;PT;10;EXW;11;3;;2,4;1;375;;NL002254344B79;
INTRA-EX;202408;513881387;VWR90000;85111000;NL;PT;10;EXW;11;3;;0,3;4;122;;NL002254344B79;
INTRA-EX;202408;513881387;BKR7EIX;85111000;NL;PT;10;EXW;11;3;;0,1;8;68;;NL002254344B79;
INTRA-EX;202408;513881387;SILZKBR8D8S;85111000;NL;PT;10;EXW;11;3;;0,1;24;228;;NL002254344B79;
INTRA-EX;202408;513881387;D650-0004-6;84099100;NL;PT;10;EXW;11;3;;1,8;1;170;;QV999999999999;
INTRA-EX;202408;513881387;R7437-9-4;87089997;NL;PT;10;EXW;11;3;;0,2;1;165;;QV999999999999;
INTRA-EX;202408;513881387;EVE-FLC;87084099;ES;PT;10;EXW;11;3;;0,6;1;29;;ES45352498V;
INTRA-EX;202408;513881387;EVE-F8xM-PF;84212300;ES;PT;10;EXW;11;3;;1,5;1;113;;ES45352498V;
INTRA-EX;202408;513881387;10.127.100K;84132000;ES;PT;10;EXW;11;3;;0,3;1;314;;ES45377406Q;
INTRA-EX;202408;513881387;4B1609H-STD;40091100;ES;PT;10;EXW;11;3;;0,5;1;44;;ES45377406Q;
INTRA-EX;202408;513881387;001394.999505;84836080;ES;PT;10;EXW;11;3;;6,8;1;597;;ES45377406Q;
INTRA-EX;202408;513881387;9-654-1025;84133080;ES;PT;10;EXW;11;3;;0,8;1;165;;ES45377406Q;
INTRA-EX;202408;513881387;03K906051;90269000;ES;PT;10;EXW;11;3;;0,1;1;19;;ES45377406Q;
INTRA-EX;202408;513881387;AC-180-EM;87089997;ES;PT;10;EXW;11;3;;2,3;1;54;;ES78832668F;
INTRA-EX;202408;513881387;AC-200-DB;87089997;ES;PT;10;EXW;11;3;;0,6;1;49;;ES78832668F;
INTRA-EX;202408;513881387;AC-200-QS;87089997;ES;PT;10;EXW;11;3;;0,4;1;49;;ES78832668F;
INTRA-EX;202408;513881387;AC-200-LMI;87089997;ES;PT;10;EXW;11;3;;0,5;1;18;;ES78832668F;
INTRA-EX;202408;513881387;AC-UNI-WD;87089997;ES;PT;10;EXW;11;3;;0,2;1;7;;ES78832668F;
INTRA-EX;202408;513881387;AC-BM-ODP;87089997;ES;PT;10;EXW;11;3;;0,1;1;8;;ES78832668F;
INTRA-EX;202408;513881387;AC-MK7-DI.B;87089997;ES;PT;10;EXW;11;3;;0,1;1;21;;ES78832668F;
INTRA-EX;202408;513881387;03K906051;90269000;ES;PT;10;EXW;11;3;;0,1;1;13;;ES78832668F;
INTRA-EX;202408;513881387;VWR13G700;84099100;ES;PT;10;EXW;11;3;;2,8;1;468;;ESB42954230;
INTRA-EX;202408;513881387;VWR130006;84099100;ES;PT;10;EXW;11;3;;0,3;2;81;;ESB42954230;
INTRA-EX;202408;513881387;9-654-1025;84133080;ES;PT;10;EXW;11;3;;0,8;1;161;;ESB42954230;
INTRA-EX;202408;513881387;VWR1200R600E;84213100;ES;PT;10;EXW;11;3;;5,2;2;619;;ESB42954230;
INTRA-EX;202408;513881387;MS100210;85111000;ES;PT;10;EXW;11;3;;0,3;4;99;;ESB42954230;
INTRA-EX;202408;513881387;VWR12G7R600FO;84213100;ES;PT;10;EXW;11;3;;0,5;1;76;;ES48924146H;
INTRA-EX;202408;513881387;AC-18FW-DP;87089997;ES;PT;10;EXW;11;3;;7;1;92;;ESE24731622;
INTRA-EX;202408;513881387;BKR7EIX;85111000;ES;PT;10;EXW;11;3;;0,1;8;68;;ESB42771618;
INTRA-EX;202408;513881387;SHYC105;87089235;ES;PT;10;EXW;11;3;;2,5;1;150;;ESB42771618;
INTRA-EX;202408;513881387;AC-MK5-FU-BL;87088055;ES;PT;10;EXW;11;3;;4,4;1;59;;ESB42771618;
INTRA-EX;202408;513881387;VWR13G700;84099100;ES;PT;10;EXW;11;3;;2,8;1;468;;ESB42954230;
INTRA-EX;202408;513881387;VWR13G700RFK;87089997;ES;PT;10;EXW;11;3;;0,5;1;46;;ESB42954230;
INTRA-EX;202408;513881387;VWR180004;87089997;ES;PT;10;EXW;11;3;;0,1;1;26;;ESB42954230;
INTRA-EX;202408;513881387;VWR180002;87089997;ES;PT;10;EXW;11;3;;0,1;1;21;;ESB42954230;
INTRA-EX;202408;513881387;10.127.203K;84132000;ES;PT;10;EXW;11;3;;0,3;1;227;;ESB42954230;
INTRA-EX;202408;513881387;VWR1200R601E;84213100;ES;PT;10;EXW;11;3;;5,2;1;338;;ESB42954230;
INTRA-EX;202408;513881387;VWR19G711;84213100;ES;PT;10;EXW;11;3;;0,3;2;131;;ESB42954230;
INTRA-EX;202408;513881387;CTS-EM-MK456-4-60D;84099100;ES;PT;10;EXW;11;3;;2,5;1;89;;ES18062887K;
INTRA-EX;202408;513881387;VWR12G60RFO;84213100;ES;PT;10;EXW;11;3;;0,5;1;76;;ESB04855516;
INTRA-EX;202408;513881387;SILFER8C7ES;85111000;ES;PT;10;EXW;11;3;;0,1;4;38;;ES44534463T;
INTRA-EX;202408;513881387;VWR900001;85111000;ES;PT;10;EXW;11;3;;0,3;4;122;;ES44534463T;
INTRA-EX;202408;513881387;BBF15Z;87088055;ES;PT;10;EXW;11;3;;8,9;1;136;;ES48924146H;
INTRA-EX;202408;513881387;MS100195;84133020;ES;PT;10;EXW;11;3;;0,1;4;363;;ES48924146H;
INTRA-EX;202408;513881387;SAU0431-4P-BK;87083091;ES;PT;10;EXW;11;3;;0,5;1;78;;QV999999999999;
INTRA-EX;202408;513881387;022905715B-6;84099100;ES;PT;10;EXW;11;3;;1,4;1;161;;QV999999999999;
INTRA-EX;202408;513881387;IZKR7B-6;85111000;ES;PT;10;EXW;11;3;;0,2;1;55;;QV999999999999;
INTRA-EX;202408;513881387;03H971921;84099100;ES;PT;10;EXW;11;3;;0,1;1;23;;QV999999999999;
INTRA-EX;202408;513881387;FMTIA6-BK;87089997;ES;PT;10;EXW;11;3;;1,1;1;151;;QV999999999999;
INTRA-EX;202408;513881387;034-145-Z049;87089997;ES;PT;10;EXW;11;3;;0,6;1;69;;QV999999999999;
INTRA-EX;202408;513881387;DILKAR8R9HS-4;85111000;ES;PT;10;EXW;11;3;;0,6;1;62;;QV999999999999;
INTRA-EX;202408;513881387;DILKAR8R9HS-4;85111000;ES;PT;10;EXW;11;3;;0,6;1;62;;QV999999999999;
INTRA-EX;202408;513881387;FMTIA4-BK;87089997;ES;PT;10;EXW;11;3;;0,6;1;142;;QV999999999999;
INTRA-EX;202408;513881387;SSE0432-4P-BK;87083091;ES;PT;10;EXW;11;3;;0,5;1;82;;QV999999999999;
INTRA-EX;202408;513881387;UR-RL2-1414;87088055;ES;PT;10;EXW;11;3;;1;1;72;;QV999999999999;
INTRA-EX;202408;513881387;UR-TW2-1412;87088055;ES;PT;10;EXW;11;3;;2;1;115;;QV999999999999;
INTRA-EX;202408;513881387;UR-ML4-1413;87088055;ES;PT;10;EXW;11;3;;5,2;1;145;;QV999999999999;
INTRA-EX;202408;513881387;PF04;90262020;ES;PT;10;EXW;11;3;;0,2;1;204;;QV999999999999;
INTRA-EX;202408;513881387;PF04;90262020;ES;PT;10;EXW;11;3;;0,2;1;204;;QV999999999999;
INTRA-EX;202408;513881387;VWR501001;87089997;ES;PT;10;EXW;11;3;;3,2;1;350;;QV999999999999;
INTRA-EX;202408;513881387;06E898001-4;85111000;ES;PT;10;EXW;11;3;;1,2;1;104;;QV999999999999;
INTRA-EX;202408;513881387;CTS-AF-275;84213100;ES;PT;10;EXW;11;3;;0,5;1;49;;QV999999999999;
INTRA-EX;202408;513881387;9-350;87089997;ES;PT;10;EXW;11;3;;1,2;1;160;;QV999999999999;
INTRA-EX;202408;513881387;VWR120000;84213100;ES;PT;10;EXW;11;3;;1;1;26;;QV999999999999;
INTRA-EX;202408;513881387;MST-BW-B5801;84213100;ES;PT;10;EXW;11;3;;2,7;1;349;;QV999999999999;
INTRA-EX;202408;513881387;BKR7EIX-4;84099100;ES;PT;10;EXW;11;3;;0,5;1;40;;QV999999999999;
INTRA-EX;202408;513881387;1J0819644A;84099100;ES;PT;10;EXW;11;3;;0,5;1;7;;QV999999999999;
INTRA-EX;202408;513881387;06E898001-4;85111000;ES;PT;10;EXW;11;3;;1,2;1;104;;QV999999999999;
INTRA-EX;202408;513881387;GTHSB-5;87089997;ES;PT;10;EXW;11;3;;0,1;1;20;;QV999999999999;
INTRA-EX;202408;513881387;BKR8EIX-4;85111000;ES;PT;10;EXW;11;3;;0,2;1;41;;QV999999999999;
INTRA-EX;202408;513881387;MMRAD-RX8-04;87089135;ES;PT;10;EXW;11;3;;7;1;242;;QV999999999999;
INTRA-EX;202408;513881387;MMTS-RX8-04L;90321020;ES;PT;10;EXW;11;3;;0,2;1;48;;QV999999999999;
INTRA-EX;202408;513881387;BKR8EIX-4;85111000;ES;PT;10;EXW;11;3;;0,2;1;41;;QV999999999999;
INTRA-EX;202408;513881387;MS100210-4;84099100;ES;PT;10;EXW;11;3;;1,1;1;123;;QV999999999999;
INTRA-EX;202408;513881387;DBA42500S-2;87089997;ES;PT;10;EXW;11;3;;14,5;1;282;;QV999999999999;
INTRA-EX;202408;513881387;238CLSDWAOP-R;87089997;ES;PT;10;EXW;11;3;;0,6;1;76;;QV999999999999;
INTRA-EX;202408;513881387;238CLSDWAWT-R;87089997;ES;PT;10;EXW;11;3;;0,6;1;48;;QV999999999999;
INTRA-EX;202408;513881387;238CLSDWAOT-R;87089997;ES;PT;10;EXW;11;3;;0,5;1;48;;QV999999999999;
INTRA-EX;202408;513881387;BKR7EIX-4;84099100;ES;PT;10;EXW;11;3;;0,5;1;40;;QV999999999999;
INTRA-EX;202408;513881387;R7437-9-4;87089997;ES;PT;10;EXW;11;3;;0,2;1;165;;QV999999999999;
INTRA-EX;202408;513881387;AC-B58-INLET;40091100;ES;PT;10;EXW;11;3;;0,6;1;104;;QV999999999999;
INTRA-EX;202408;513881387;10.127.100K;84132000;ES;PT;10;EXW;11;3;;0,3;1;312;;QV999999999999;
INTRA-EX;202408;513881387;PX1999;84213100;ES;PT;10;EXW;11;3;;0,8;1;50;;QV999999999999;
INTRA-EX;202408;513881387;VWR12G7R601FO;84213100;ES;PT;10;EXW;11;3;;0,9;1;134;;QV999999999999;
INTRA-EX;202408;513881387;VWR130006;84099100;ES;PT;10;EXW;11;3;;0,3;1;51;;QV999999999999;
INTRA-EX;202408;513881387;VIB-1458;87089235;ES;PT;10;EXW;11;3;;0,2;1;6;;QV999999999999;
INTRA-EX;202408;513881387;FMTUBL14;87089997;ES;PT;10;EXW;11;3;;0,8;1;143;;QV999999999999;
INTRA-EX;202408;513881387;SMA0600-1P-BK;87083091;ES;PT;10;EXW;11;3;;0,3;1;17;;QV999999999999;
INTRA-EX;202408;513881387;RE8C-L+RE9B-T;84099100;ES;PT;10;EXW;11;3;;0,4;1;104;;QV999999999999;
INTRA-EX;202408;513881387;MMOP-TPS;84099100;ES;PT;10;EXW;11;3;;0,4;1;55;;QV999999999999;
INTRA-EX;202408;513881387;MMRAD-MAC-06;87089135;ES;PT;10;EXW;11;3;;8,3;1;277;;QV999999999999;
INTRA-EX;202408;513881387;FMDVTUN-BL;84814090;ES;PT;10;EXW;11;3;;0,1;1;14;;QV999999999999;
INTRA-EX;202408;513881387;FMSS114-BL;87089997;ES;PT;10;EXW;11;3;;0,1;1;7;;QV999999999999;
INTRA-EX;202408;513881387;KCA485;87089997;ES;PT;10;EXW;11;3;;2;1;99;;QV999999999999;
INTRA-EX;202408;513881387;FMDVK04D;84814090;ES;PT;10;EXW;11;3;;0,2;1;141;;QV999999999999;
INTRA-EX;202408;513881387;KLC202;87088035;FR;PT;10;EXW;11;3;;1;1;85;;FR90912665460;
INTRA-EX;202408;513881387;VWR1200R601E;84213100;FR;PT;10;EXW;11;3;;5,2;1;338;;FR82530667591;
INTRA-EX;202408;513881387;SRN023;87089235;FR;PT;10;EXW;11;3;;17;1;362;;FR46821372117;
INTRA-EX;202408;513881387;SILZKBR8D8S;85111000;FR;PT;10;EXW;11;3;;0,1;6;57;;FR81803959303;
INTRA-EX;202408;513881387;SILZKBR8D8S-6;84099100;FR;PT;10;EXW;11;3;;0,2;1;66;;QV999999999999;
INTRA-EX;202408;513881387;PX1806;84213100;FR;PT;10;EXW;11;3;;0,6;1;74;;QV999999999999;
INTRA-EX;202408;513881387;06D998907;87089997;FR;PT;10;EXW;11;3;;0,1;4;23;;QV999999999999;
INTRA-EX;202408;513881387;BKR8EIX-4;85111000;FR;PT;10;EXW;11;3;;0,2;1;41;;QV999999999999;
INTRA-EX;202408;513881387;AC-200-FD;87089997;FR;PT;10;EXW;11;3;;0,5;1;48;;QV999999999999;
INTRA-EX;202408;513881387;D650-0009-6;84099100;FR;PT;10;EXW;11;3;;1,8;1;214;;QV999999999999;
INTRA-EX;202408;513881387;SILZKGR8B8S-6;85111000;FR;PT;10;EXW;11;3;;0,2;1;59;;QV999999999999;
INTRA-EX;202408;513881387;MS100204-4;84099100;FR;PT;10;EXW;11;3;;1,2;1;184;;QV999999999999;
INTRA-EX;202408;513881387;8E0971824S-BL;84099100;FR;PT;10;EXW;11;3;;0,2;1;18;;QV999999999999;
INTRA-EX;202408;513881387;CTS-HW-0091;84099100;FR;PT;10;EXW;11;3;;0,8;1;155;;QV999999999999;
INTRA-EX;202408;513881387;SILZKBR8D8S-6;84099100;FR;PT;10;EXW;11;3;;0,2;1;66;;QV999999999999;
INTRA-EX;202408;513881387;FMINDK26;84213100;FR;PT;10;EXW;11;3;;2,3;1;307;;QV999999999999;
INTRA-EX;202408;513881387;SVWP054;87089235;FR;PT;10;EXW;11;3;;3,7;1;143;;QV999999999999;
INTRA-EX;202408;513881387;SILZKGR8B8S-6;85111000;FR;PT;10;EXW;11;3;;0,2;1;59;;QV999999999999;
INTRA-EX;202408;513881387;D650-0009-6;84099100;FR;PT;10;EXW;11;3;;1,8;1;214;;QV999999999999;
INTRA-EX;202408;513881387;AC-200-DB;87089997;FR;PT;10;EXW;11;3;;0,6;1;70;;QV999999999999;
INTRA-EX;202408;513881387;VWR11G503;84213100;FR;PT;10;EXW;11;3;;0,4;1;61;;QV999999999999;
INTRA-EX;202408;513881387;KDT968;87088020;FR;PT;10;EXW;11;3;;0,4;1;23;;QV999999999999;
INTRA-EX;202408;513881387;VWR900002-4;84099100;FR;PT;10;EXW;11;3;;1,2;1;157;;QV999999999999;
INTRA-EX;202408;513881387;PFR7Z-TG-4;84099100;FR;PT;10;EXW;11;3;;0,8;1;36;;QV999999999999;
INTRA-EX;202408;513881387;AC-45-FU-BK;84213100;FR;PT;10;EXW;11;3;;2,7;1;112;;QV999999999999;
INTRA-EX;202408;513881387;MS100210-4;84099100;FR;PT;10;EXW;11;3;;1,1;1;124;;QV999999999999;
INTRA-EX;202408;513881387;8E0971824S-BL;84099100;FR;PT;10;EXW;11;3;;0,2;1;18;;QV999999999999;
INTRA-EX;202408;513881387;UR-LA4-4265;87088055;FR;PT;10;EXW;11;3;;2,5;1;163;;QV999999999999;
INTRA-EX;202408;513881387;AC-MK5-FU-BL;87088055;FR;PT;10;EXW;11;3;;4,4;1;97;;QV999999999999;
INTRA-EX;202408;513881387;FMKT010-RD;40093100;FR;PT;10;EXW;11;3;;1,7;1;191;;QV999999999999;
INTRA-EX;202408;513881387;8E0971824S-RD;84099100;FR;PT;10;EXW;11;3;;0,2;1;14;;QV999999999999;
INTRA-EX;202408;513881387;AC-200-CAN-RD;40093100;FR;PT;10;EXW;11;3;;0,3;1;29;;QV999999999999;
INTRA-EX;202408;513881387;06F129717D;87089235;FR;PT;10;EXW;11;3;;0,1;1;8;;QV999999999999;
INTRA-EX;202408;513881387;JSK-121-BK;84213100;FR;PT;10;EXW;11;3;;4;1;267;;QV999999999999;
INTRA-EX;202408;513881387;CTS-IT-255R;87089135;FR;PT;10;EXW;11;3;;8;1;322;;QV999999999999;
INTRA-EX;202408;513881387;CTS-IT-255R;87089135;FR;PT;10;EXW;11;3;;8;1;322;;QV999999999999;
INTRA-EX;202408;513881387;CTS-TM-MK56-60D;84099100;FR;PT;10;EXW;11;3;;2;1;107;;QV999999999999;
INTRA-EX;202408;513881387;06D998907;87089997;FR;PT;10;EXW;11;3;;0,1;4;23;;QV999999999999;
INTRA-EX;202408;513881387;MS100204-4;84099100;FR;PT;10;EXW;11;3;;1,2;1;184;;QV999999999999;
INTRA-EX;202408;513881387;S90-2-15-001-B-BT;87087050;FR;PT;10;EXW;11;3;;1,8;1;111;;QV999999999999;
INTRA-EX;202408;513881387;SBMP075;87089235;FR;PT;10;EXW;11;3;;10;1;202;;QV999999999999;
INTRA-EX;202408;513881387;BKR7EIX-4;84099100;FR;PT;10;EXW;11;3;;0,5;1;40;;QV999999999999;
INTRA-EX;202408;513881387;MMHOSE-CIV-02SIBL;;FR;PT;10;EXW;11;3;;0,1;1;54;;QV999999999999;
INTRA-EX;202408;513881387;CTS-IGN-008;84099100;FR;PT;10;EXW;11;3;;0,3;6;210;;QV999999999999;
INTRA-EX;202408;513881387;CTS-IT-210;40091100;FR;PT;10;EXW;11;3;;1,1;1;172;;QV999999999999;
INTRA-EX;202408;513881387;10.127.100K;84132000;FR;PT;10;EXW;11;3;;0,3;1;314;;QV999999999999;
INTRA-EX;202408;513881387;AC-200-VRH-RD;40093100;FR;PT;10;EXW;11;3;;0,6;1;23;;QV999999999999;
INTRA-EX;202408;513881387;CTS-IT-270R;84213100;FR;PT;10;EXW;11;3;;4,3;1;279;;QV999999999999;
INTRA-EX;202408;513881387;SRNS023;87089235;FR;PT;10;EXW;11;3;;17;1;454;;FR09800029712;
INTRA-EX;202408;513881387;SP3081WB;84213100;FR;PT;10;EXW;11;3;;3;1;273;;QV999999999999;
INTRA-EX;202408;513881387;AC-UNI-WD;87089997;FR;PT;10;EXW;11;3;;0,2;1;13;;QV999999999999;
INTRA-EX;202408;513881387;UAP3A8JX;87089997;FR;PT;10;EXW;11;3;;0,5;1;215;;QV999999999999;
INTRA-EX;202408;513881387;E10-25-036-05-22;73202081;FR;PT;10;EXW;11;3;;14,2;1;258;;QV999999999999;
INTRA-EX;202408;513881387;BWF19XZ;87088055;FR;PT;10;EXW;11;3;;5,5;1;193;;QV999999999999;
INTRA-EX;202408;513881387;BWR20XZ;87088055;FR;PT;10;EXW;11;3;;5,8;1;172;;QV999999999999;
INTRA-EX;202408;513881387;FMSCPS53T;87089997;FR;PT;10;EXW;11;3;;0,7;1;185;;QV999999999999;
INTRA-EX;202408;513881387;CTS-HW-266-180;87089997;FR;PT;10;EXW;11;3;;2,7;1;322;;QV999999999999;
INTRA-EX;202408;513881387;SP3081WB;84213100;FR;PT;10;EXW;11;3;;3;1;273;;QV999999999999;
INTRA-EX;202408;513881387;SAUC079;87089235;FR;PT;10;EXW;11;3;;11;1;696;;FR77530489756;
INTRA-EX;202408;513881387;Z1003100-5;85111000;FR;PT;10;EXW;11;3;;0,5;1;166;;FR77530489756;
INTRA-EX;202408;513881387;034-108-1014;84213100;FR;PT;10;EXW;11;3;;4,8;1;728;;FR77530489756;
INTRA-EX;202408;513881387;SILZKBR8D8S-6;84099100;FR;PT;10;EXW;11;3;;0,2;1;66;;QV999999999999;
INTRA-EX;202408;513881387;VWR180002;87089997;FR;PT;10;EXW;11;3;;0,1;4;108;;QV999999999999;
INTRA-EX;202408;513881387;AC-S55-CHP;84835020;FR;PT;10;EXW;11;3;;0,3;1;74;;FR84750466617;
INTRA-EX;202408;513881387;AC-WS-12;87088099;FR;PT;10;EXW;11;3;;2,3;1;35;;QV999999999999;
INTRA-EX;202408;513881387;FMACVAG06;84099100;FR;PT;10;EXW;11;3;;0,6;1;141;;QV999999999999;
INTRA-EX;202408;513881387;FMBM335DV1;84814090;FR;PT;10;EXW;11;3;;3,3;1;369;;QV999999999999;
INTRA-EX;202408;513881387;CTS-IGN-008;84099100;FR;PT;10;EXW;11;3;;0,3;6;210;;FR59851811950;
INTRA-EX;202408;513881387;SILZKBR8D8S-6;84099100;FR;PT;10;EXW;11;3;;0,2;1;66;;FR59851811950;
INTRA-EX;202408;513881387;VWR810009;87089997;FR;PT;10;EXW;11;3;;0,2;1;51;;QV999999999999;
INTRA-EX;202408;513881387;034-1ZZ-0002;87089997;FR;PT;10;EXW;11;3;;0,2;1;86;;QV999999999999;
INTRA-EX;202408;513881387;VWR190006;87089997;FR;PT;10;EXW;11;3;;0,2;1;88;;QV999999999999;
INTRA-EX;202408;513881387;VWR19G702;70102000;FR;PT;10;EXW;11;3;;0,1;1;73;;QV999999999999;
INTRA-EX;202408;513881387;5M8312H-STD;40091100;FR;PT;10;EXW;11;3;;0,6;1;89;;QV999999999999;
INTRA-EX;202408;513881387;CTS-IT-110;40091100;FR;PT;10;EXW;11;3;;1,3;1;193;;QV999999999999;
INTRA-EX;202408;513881387;FD42;87089235;FR;PT;10;EXW;11;3;;6;1;388;;QV999999999999;
INTRA-EX;202408;513881387;FMTUBL16;70102000;FR;PT;10;EXW;11;3;;0,6;1;106;;QV999999999999;
INTRA-EX;202408;513881387;034-108-1044;84213100;FR;PT;10;EXW;11;3;;4,7;1;267;;QV999999999999;
INTRA-EX;202408;513881387;"CTS-HW-036 ARP";87089997;FR;PT;10;EXW;11;3;;0,7;1;141;;QV999999999999;
INTRA-EX;202408;513881387;022905715B-6;84099100;FR;PT;10;EXW;11;3;;1,4;1;162;;QV999999999999;
INTRA-EX;202408;513881387;IZKR7B-6;85111000;FR;PT;10;EXW;11;3;;0,2;1;55;;QV999999999999;
INTRA-EX;202408;513881387;022103483E;84099100;FR;PT;10;EXW;11;3;;0,2;1;13;;QV999999999999;
INTRA-EX;202408;513881387;06E898001-4;85111000;FR;PT;10;EXW;11;3;;1,2;1;104;;QV999999999999;
INTRA-EX;202408;513881387;CTS-IT-105R;84213100;FR;PT;10;EXW;11;3;;5;1;256;;FR14903848943;
INTRA-EX;202408;513881387;ILZTR6A8G-4;84099100;FR;PT;10;EXW;11;3;;0,2;1;33;;QV999999999999;
INTRA-EX;202408;513881387;CTS-IT-290R;84213100;BG;PT;10;EXW;11;3;;6;1;276;;BG205613443;
INTRA-EX;202408;513881387;MS100204;85111000;CZ;PT;10;EXW;11;3;;0,3;8;298;;CZ05681197;
INTRA-EX;202408;513881387;MS100210;85111000;CZ;PT;10;EXW;11;3;;0,3;12;298;;CZ05681197;
INTRA-EX;202408;513881387;VWR680014;87083099;CZ;PT;10;EXW;11;3;;19,7;1;435;;CZ05681197;
INTRA-EX;202408;513881387;VWR670002;87089997;CZ;PT;10;EXW;11;3;;1,8;1;205;;CZ05681197;
INTRA-EX;202408;513881387;PF04;90262020;CZ;PT;10;EXW;11;3;;0,2;1;159;;CZ05681197;
INTRA-EX;202408;513881387;MMTS-VR6-93L;87089235;HU;PT;10;EXW;11;3;;0,1;1;44;;QV999999999999;
INTRA-EX;202408;513881387;SVWS040;87089235;PL;PT;10;EXW;11;3;;21;1;385;;PL8141683531;
INTRA-EX;202408;513881387;VWR670001;10;IT;PT;10;EXW;11;3;;1,8;1;138;;IT14481871003;
INTRA-EX;202408;513881387;SILFER8C7ES;85111000;IT;PT;10;EXW;11;3;;0,1;8;76;;IT14481871003;
INTRA-EX;202408;513881387;U5014;84099100;IT;PT;10;EXW;11;3;;0,3;8;171;;IT14481871003;
INTRA-EX;202408;513881387;FMAS049-BL;87089997;IT;PT;10;EXW;11;3;;0,2;1;14;;QV999999999999;
INTRA-EX;202408;513881387;VWR81G700;87088055;IT;PT;10;EXW;11;3;;2,6;1;319;;IT03656931205;
INTRA-EX;202408;513881387;EVE-ST38V8S-CF-INT;84213100;IT;PT;10;EXW;11;3;;7,2;1;1285;;IT03943631204;
INTRA-EX;202408;513881387;TS-0623-1071;87089997;NL;PT;10;EXW;11;3;;0,6;1;161;;QV999999999999;
INTRA-EX;202408;513881387;216BFWAOTSM;90269000;NL;PT;10;EXW;11;3;;0,3;1;29;;NL002241494B08;
INTRA-EX;202408;513881387;216BFWAOPSM;90269000;NL;PT;10;EXW;11;3;;0,4;1;34;;NL002241494B08;
INTRA-EX;202408;513881387;216BFWAWTSM;90262020;NL;PT;10;EXW;11;3;;0,3;1;29;;NL002241494B08;
INTRA-EX;202408;513881387;VWR900001;85111000;NL;PT;10;EXW;11;3;;0,3;4;122;;NL002241494B08;
INTRA-EX;202408;513881387;SILZKGR8B8S;85111000;NL;PT;10;EXW;11;3;;0,1;6;50;;NL002241494B08;
INTRA-EX;202408;513881387;L3P3BF2X;87089997;NL;PT;10;EXW;11;3;;1;1;252;;NL002241494B08;
INTRA-EX;202408;513881387;MS100210-4;84099100;ES;PT;10;EXW;11;3;;1,1;1;123;;QV999999999999;
INTRA-EX;202408;513881387;216CLSDWABO-R;87089997;ES;PT;10;EXW;11;3;;0,4;1;59;;QV999999999999;
INTRA-EX;202408;513881387;PST79;87088035;ES;PT;10;EXW;11;3;;3;1;121;;QV999999999999;
INTRA-EX;202408;513881387;WB-586;842131000;ES;PT;10;EXW;11;3;;0,4;1;53;;QV999999999999;
INTRA-EX;202408;513881387;BKR7EIX-4;84099100;ES;PT;10;EXW;11;3;;0,5;1;40;;QV999999999999;
INTRA-EX;202408;513881387;06E898001-4;85111000;ES;PT;10;EXW;11;3;;1,2;1;104;;QV999999999999;
INTRA-EX;202408;513881387;CLK-2;84213100;ES;PT;10;EXW;11;3;;1;1;27;;QV999999999999;
INTRA-EX;202408;513881387;ATMSREN8;87089997;ES;PT;10;EXW;11;3;;1,1;1;122;;QV999999999999;
INTRA-EX;202408;513881387;KTA282;87088055;ES;PT;10;EXW;11;3;;4;1;246;;QV999999999999;
INTRA-EX;202408;513881387;P3BTAP1;87089997;ES;PT;10;EXW;11;3;;0,3;1;49;;QV999999999999;
INTRA-EX;202408;513881387;R7437-8-4;84099100;ES;PT;10;EXW;11;3;;0,2;1;159;;QV999999999999;
INTRA-EX;202408;513881387;VWR640112;87089997;ES;PT;10;EXW;11;3;;2,2;1;62;;ES33558767L;
INTRA-EX;202408;513881387;VWR420000;87089997;ES;PT;10;EXW;11;3;;2;1;159;;ES33558767L;
INTRA-EX;202408;513881387;R7437-9;85111000;ES;PT;10;EXW;11;3;;0,1;8;282;;ES33558767L;
INTRA-EX;202408;513881387;SBW1110-4P-BK;87083091;ES;PT;10;EXW;11;3;;0,4;1;83;;QV999999999999;
INTRA-EX;202408;513881387;AC-200K04-OT;87089997;ES;PT;10;EXW;11;3;;1,4;1;98;;QV999999999999;
INTRA-EX;202408;513881387;BSR49XZ;87088055;ES;PT;10;EXW;11;3;;6;1;136;;ES72815006L;
INTRA-EX;202408;513881387;BSF39Z;87088055;ES;PT;10;EXW;11;3;;4,3;1;122;;ES72815006L;
INTRA-EX;202408;513881387;R10-10-2;40091100;FR;PT;10;EXW;11;3;;0,3;1;83;;QV999999999999;
INTRA-EX;202408;513881387;AC-200-CAN-BL;40093100;FR;PT;10;EXW;11;3;;0,3;1;29;;QV999999999999;
INTRA-EX;202408;513881387;10.127.100K;84132000;FR;PT;10;EXW;11;3;;0,3;1;314;;QV999999999999;
INTRA-EX;202408;513881387;AC-WS-12-BT;87088099;FR;PT;10;EXW;11;3;;2,3;1;46;;QV999999999999;
INTRA-EX;202408;513881387;06E898001-4;85111000;FR;PT;10;EXW;11;3;;1,2;1;104;;QV999999999999;
INTRA-EX;202408;513881387;AC-180-CPA;87089997;FR;PT;10;EXW;11;3;;0,5;1;44;;QV999999999999;
INTRA-EX;202408;513881387;R7437-9-5;85111000;FR;PT;10;EXW;11;3;;0,3;1;208;;QV999999999999;
INTRA-EX;202408;513881387;06E898001-4;85111000;FR;PT;10;EXW;11;3;;1,2;1;104;;QV999999999999;
INTRA-EX;202408;513881387;CTS-IT-220R;84213100;FR;PT;10;EXW;11;3;;4,5;1;280;;QV999999999999;
INTRA-EX;202408;513881387;AC-200-CH-RD;40093100;FR;PT;10;EXW;11;3;;1;1;123;;QV999999999999;
INTRA-EX;202408;513881387;FMKCMK5-RD;40091100;FR;PT;10;EXW;11;3;;0,6;1;97;;QV999999999999;
INTRA-EX;202408;513881387;FMHMMK65-RD;40093100;FR;PT;10;EXW;11;3;;0,4;1;38;;QV999999999999;
INTRA-EX;202408;513881387;CTS-IT-500;40091100;FR;PT;10;EXW;11;3;;1,6;1;149;;QV999999999999;
INTRA-EX;202408;513881387;CTS-HW-046;87089997;FR;PT;10;EXW;11;3;;0,3;1;108;;QV999999999999;
INTRA-EX;202408;513881387;SVWC043;87089235;FR;PT;10;EXW;11;3;;8,6;1;269;;FR88985403690;
INTRA-EX;202408;513881387;HMP-712;84213100;FR;PT;10;EXW;11;3;;0,3;1;53;;FR81803959303;
INTRA-EX;202408;513881387;D401-0042;84099100;FR;PT;10;EXW;11;3;;0,9;1;62;;QV999999999999;
INTRA-EX;202408;513881387;SILZKBR8D8S-6;84099100;FR;PT;10;EXW;11;3;;0,2;1;66;;QV999999999999;
INTRA-EX;202408;513881387;CTS-F8X-DF;87089135;FR;PT;10;EXW;11;3;;8,1;1;633;;FR68900018334;
INTRA-EX;202408;513881387;9-654-1025;84133080;FR;PT;10;EXW;11;3;;0,8;1;161;;FR09904392206;
INTRA-EX;202408;513881387;SBMP086;87089235;FR;PT;10;EXW;11;3;;11,8;1;262;;FR82530667591;
INTRA-EX;202408;513881387;FMDVA45A;84814090;GR;PT;10;EXW;11;3;;0,6;1;149;;QV999999999999;
INTRA-EX;202408;513881387;VWR81G700;87088055;DE;PT;10;EXW;11;3;;2,6;1;413;;QV999999999999;
INTRA-EX;202408;513881387;CTS-IT-291;84213100;DE;PT;10;EXW;11;3;;3,4;1;181;;QV999999999999;
INTRA-EX;202408;513881387;EVE-F56-PL-INT;84213100;PL;PT;10;EXW;11;3;;4,8;1;714;;PL8141683531;
INTRA-EX;202408;513881387;AC-500-TB;87089997;BE;PT;10;EXW;11;3;;0,3;1;59;;QV999999999999;
INTRA-EX;202408;513881387;SMA0101-4P-BK;87083091;BE;PT;10;EXW;11;3;;0,5;1;101;;QV999999999999;
INTRA-EX;202408;513881387;AC-211-IT;84198998;BE;PT;10;EXW;11;3;;5,5;1;185;;QV999999999999;
INTRA-EX;202408;513881387;SMNC018;87089235;BE;PT;10;EXW;11;3;;3,7;1;247;;BE0740963105;
INTRA-EX;202408;513881387;CTS-BV-0009-3;84814090;IT;PT;10;EXW;11;3;;0,5;1;181;;QV999999999999;
INTRA-EX;202408;513881387;CTS-MM-TAI-3;87089235;IT;PT;10;EXW;11;3;;0,5;1;39;;QV999999999999;
INTRA-EX;202408;513881387;EVE-A35-CF-INT;84213100;IT;PT;10;EXW;11;3;;4,2;1;928;;IT03813391202;
INTRA-EX;202408;513881387;VWR810002;87089997;NL;PT;10;EXW;11;3;;0,5;4;225;;NL002254344B79;
INTRA-EX;202408;513881387;SILZKGR8C8S;85111000;NL;PT;10;EXW;11;3;;0,1;12;180;;NL002254344B79;
INTRA-EX;202408;513881387;BKR7EIX;85111000;NL;PT;10;EXW;11;3;;0,1;4;34;;NL002254344B79;
INTRA-EX;202408;513881387;CTS-IGN-006;84099100;NL;PT;10;EXW;11;3;;0,3;22;659;;NL002254344B79;
INTRA-EX;202408;513881387;MMEXH-MUS8-15HP;87089235;ES;PT;10;EXW;11;3;;5;1;189;;ESX7383985L;
INTRA-EX;202408;513881387;BKR7EIX-4;84099100;ES;PT;10;EXW;11;3;;0,5;1;40;;QV999999999999;
INTRA-EX;202408;513881387;ECA913BK;84213100;ES;PT;10;EXW;11;3;;3,6;1;258;;QV999999999999;
INTRA-EX;202408;513881387;AC-OPC-DP;87089235;ES;PT;10;EXW;11;3;;1,7;1;96;;QV999999999999;
INTRA-EX;202408;513881387;CTS-IT-805;40091100;ES;PT;10;EXW;11;3;;1,4;1;218;;QV999999999999;
INTRA-EX;202408;513881387;ES-331238;87089997;ES;PT;10;EXW;11;3;;1,6;1;60;;QV999999999999;
INTRA-EX;202408;513881387;50003-MR45XLZ-4;87089997;ES;PT;10;EXW;11;3;;0,4;1;82;;QV999999999999;
INTRA-EX;202408;513881387;PF04;90262020;ES;PT;10;EXW;11;3;;0,2;1;159;;ESB19296938;
INTRA-EX;202408;513881387;R7437-9-5;85111000;FR;PT;10;EXW;11;3;;0,3;1;208;;QV999999999999;
INTRA-EX;202408;513881387;CTS-HW-360;40091100;FR;PT;10;EXW;11;3;;1,4;1;249;;QV999999999999;
INTRA-EX;202408;513881387;FMKT024-BK;40093100;FR;PT;10;EXW;11;3;;1,5;1;201;;QV999999999999;
INTRA-EX;202408;513881387;10.127.203K;84132000;FR;PT;10;EXW;11;3;;0,3;1;314;;QV999999999999;
INTRA-EX;202408;513881387;10.127.203T;87089997;FR;PT;10;EXW;11;3;;0,1;1;14;;QV999999999999;
INTRA-EX;202408;513881387;FMBPVRM;87089997;FR;PT;10;EXW;11;3;;0,1;1;33;;QV999999999999;
INTRA-EX;202408;513881387;10.127.203K;84132000;FR;PT;10;EXW;11;3;;0,3;1;314;;QV999999999999;
INTRA-EX;202408;513881387;AC-MK7-FPT;84133080;FR;PT;10;EXW;11;3;;0,1;1;10;;QV999999999999;
INTRA-EX;202408;513881387;SILFER8C7ES-8;85111000;FR;PT;10;EXW;11;3;;0,4;1;92;;QV999999999999;
INTRA-EX;202408;513881387;110859;27101999;FR;PT;10;EXW;11;3;;2,1;3;87;;QV999999999999;
INTRA-EX;202408;513881387;FMAM-B3;84073410;FR;PT;10;EXW;11;3;;0,2;1;49;;QV999999999999;
INTRA-EX;202408;513881387;FM225BHP;87089135;FR;PT;10;EXW;11;3;;1,3;1;134;;FR55823261680;
INTRA-EX;202408;513881387;CTS-IGN-009;84099100;FR;PT;10;EXW;11;3;;0,3;4;127;;QV999999999999;
INTRA-EX;202408;513881387;9-655-1025;84133080;FR;PT;10;EXW;11;3;;0,8;1;165;;QV999999999999;
INTRA-EX;202408;513881387;034-601-0039;87089997;FR;PT;10;EXW;11;3;;0,5;1;104;;QV999999999999;
INTRA-EX;202408;513881387;8E0971824S-RD;84099100;FR;PT;10;EXW;11;3;;0,2;1;14;;QV999999999999;
INTRA-EX;202408;513881387;06F103483D;87089997;FR;PT;10;EXW;11;3;;0,1;1;8;;QV999999999999;
INTRA-EX;202408;513881387;VWR1200R600E;84213100;FR;PT;10;EXW;11;3;;5,2;1;309;;FR82530667591;
INTRA-EX;202408;513881387;VWR12P2GTM;84213100;FR;PT;10;EXW;11;3;;2,1;1;444;;FR82530667591;
INTRA-EX;202408;513881387;BFR80;87088055;IE;PT;10;EXW;11;3;;4,7;1;180;;QV999999999999;
INTRA-EX;202408;513881387;CTS-HW-266-187;87089997;EE;PT;10;EXW;11;3;;2,7;1;322;;QV999999999999;
INTRA-EX;202408;513881387;"THE-B5 022 05";40093100;BG;PT;10;EXW;11;3;;0,1;1;20;;QV999999999999;
INTRA-EX;202408;513881387;034-101-3051;40093100;BG;PT;10;EXW;11;3;;0,1;1;15;;QV999999999999;
INTRA-EX;202408;513881387;SK15;87089235;CZ;PT;10;EXW;11;3;;6,2;1;92;;QV999999999999;
INTRA-EX;202408;513881387;SVWP054;87089235;NL;PT;10;EXW;11;3;;3,7;1;104;;NL002241494B08;
INTRA-EX;202408;513881387;SFD068;1;NL;PT;10;EXW;11;3;;16;1;325;;NL002241494B08;
INTRA-EX;202408;513881387;MS100112;87089997;NL;PT;10;EXW;11;3;;0,3;1;33;;NL002241494B08;
INTRA-EX;202408;513881387;VWR13G700;84099100;NL;PT;10;EXW;11;3;;2,8;1;468;;NL002241494B08;
INTRA-EX;202408;513881387;L3P3TA90;87089997;NL;PT;10;EXW;11;3;;0,2;1;259;;NL002241494B08;
INTRA-EX;202408;513881387;SSE0426-4P-RD;87083091;NL;PT;10;EXW;11;3;;0,5;1;78;;QV999999999999;
INTRA-EX;202408;513881387;RBF600;27101999;NL;PT;10;EXW;11;3;;0,6;1;9;;QV999999999999;
INTRA-EX;202408;513881387;CTS-HW-046;87089997;ES;PT;10;EXW;11;3;;0,3;1;89;;ESB67084251;
INTRA-EX;202408;513881387;BBR44Z;87088055;ES;PT;10;EXW;11;3;;6,7;1;156;;ESB67084251;
INTRA-EX;202408;513881387;BBF44Z;87088055;ES;PT;10;EXW;11;3;;8,7;1;184;;ESB67084251;
INTRA-EX;202408;513881387;9-201-0847;84133080;ES;PT;10;EXW;11;3;;0,6;2;141;;ESB67084251;
INTRA-EX;202408;513881387;CTS-AF-275;84213100;ES;PT;10;EXW;11;3;;0,5;1;37;;ESB67084251;
INTRA-EX;202408;513881387;AC-N54-DP;87089235;ES;PT;10;EXW;11;3;;6,1;1;163;;ESB67084251;
INTRA-EX;202408;513881387;AC-200-QS;87089997;ES;PT;10;EXW;11;3;;0,4;1;49;;ESB67084251;
INTRA-EX;202408;513881387;AC-MK7-THK-RD;87089997;ES;PT;10;EXW;11;3;;1,8;3;262;;ESB67084251;
INTRA-EX;202408;513881387;MS100204;85111000;ES;PT;10;EXW;11;3;;0,3;5;186;;ESB67084251;
INTRA-EX;202408;513881387;AC-MK7-CP-BL;84099100;ES;PT;10;EXW;11;3;;0,3;12;215;;ESB67084251;
INTRA-EX;202408;513881387;AC-200-DB;87089997;ES;PT;10;EXW;11;3;;0,6;2;99;;ESB67084251;
INTRA-EX;202408;513881387;AC-MK4-FU;87088055;ES;PT;10;EXW;11;3;;3,1;1;58;;ESB67084251;
INTRA-EX;202408;513881387;SVWP054;87089235;ES;PT;10;EXW;11;3;;3,7;1;104;;ESB67084251;
INTRA-EX;202408;513881387;VWR12G7R600ITBLA;84213100;ES;PT;10;EXW;11;3;;0,8;3;229;;ESB42954230;
INTRA-EX;202408;513881387;VWR630003;87089997;ES;PT;10;EXW;11;3;;2,3;1;114;;ESB42954230;
INTRA-EX;202408;513881387;VWR13G700;84099100;ES;PT;10;EXW;11;3;;2,8;1;468;;ESB42954230;
INTRA-EX;202408;513881387;AC-200-CH-BL;40093100;ES;PT;10;EXW;11;3;;1;1;69;;ESB42954230;
INTRA-EX;202408;513881387;EVE-G8XMV2-CF-INT;84213100;ES;PT;10;EXW;11;3;;7,2;1;1987;;ESB72996382;
INTRA-EX;202408;513881387;PF04;90262020;ES;PT;10;EXW;11;3;;0,2;1;159;;ESB42771618;
INTRA-EX;202408;513881387;AC-300-CP;84099100;ES;PT;10;EXW;11;3;;0,3;12;142;;ESB42771618;
INTRA-EX;202408;513881387;SHYC105;87089235;ES;PT;10;EXW;11;3;;2,5;1;150;;ESB42771618;
INTRA-EX;202408;513881387;R7437-9;85111000;ES;PT;10;EXW;11;3;;0,1;12;423;;ESB42771618;
INTRA-EX;202408;513881387;SILZKBR8D8S;85111000;ES;PT;10;EXW;11;3;;0,1;12;114;;ESB42771618;
INTRA-EX;202408;513881387;MS100210-4;84099100;ES;PT;10;EXW;11;3;;1,1;1;123;;QV999999999999;
INTRA-EX;202408;513881387;AC-200-FD;87089997;ES;PT;10;EXW;11;3;;0,5;1;48;;QV999999999999;
INTRA-EX;202408;513881387;06E898001-4;85111000;ES;PT;10;EXW;11;3;;1,2;1;104;;QV999999999999;
INTRA-EX;202408;513881387;BKR8EIX-4;85111000;ES;PT;10;EXW;11;3;;0,2;1;41;;QV999999999999;
INTRA-EX;202408;513881387;WB-446;87089997;ES;PT;10;EXW;11;3;;0,2;1;42;;QV999999999999;
INTRA-EX;202408;513881387;216CLSDWABO-R;87089997;ES;PT;10;EXW;11;3;;0,4;1;59;;QV999999999999;
INTRA-EX;202408;513881387;BKR8EIX-4;85111000;ES;PT;10;EXW;11;3;;0,2;1;41;;QV999999999999;
INTRA-EX;202408;513881387;AC-200-EVAP;87089997;ES;PT;10;EXW;11;3;;0,3;1;20;;QV999999999999;
INTRA-EX;202408;513881387;PPF-3129;842131000;ES;PT;10;EXW;11;3;;0,4;1;42;;QV999999999999;
INTRA-EX;202408;513881387;LA-2001;84213100;ES;PT;10;EXW;11;3;;0,5;1;54;;QV999999999999;
INTRA-EX;202408;513881387;PM100332;87089997;ES;PT;10;EXW;11;3;;0,2;1;28;;QV999999999999;
INTRA-EX;202408;513881387;AC-IS-TB;87089997;ES;PT;10;EXW;11;3;;0,3;1;43;;QV999999999999;
INTRA-EX;202408;513881387;FMVWQS;87089997;ES;PT;10;EXW;11;3;;0,7;1;107;;QV999999999999;
INTRA-EX;202408;513881387;IZKR7B-6;85111000;ES;PT;10;EXW;11;3;;0,2;1;55;;QV999999999999;
INTRA-EX;202408;513881387;BKR7EIX-4;84099100;ES;PT;10;EXW;11;3;;0,5;1;40;;QV999999999999;
INTRA-EX;202408;513881387;FD125;87089235;ES;PT;10;EXW;11;3;;8;1;373;;QV999999999999;
INTRA-EX;202408;513881387;ATMSFO149;87089997;ES;PT;10;EXW;11;3;;8;1;388;;ES41572866k;
INTRA-EX;202408;513881387;9-201-1031;84133080;FR;PT;10;EXW;11;3;;0,5;1;70;;FR46821372117;
INTRA-EX;202408;513881387;BKR7EIX-4;84099100;FR;PT;10;EXW;11;3;;0,5;1;40;;QV999999999999;
INTRA-EX;202408;513881387;1K1819653B;84099100;FR;PT;10;EXW;11;3;;0,5;1;8;;QV999999999999;
INTRA-EX;202408;513881387;03K906051;90269000;FR;PT;10;EXW;11;3;;0,1;1;19;;QV999999999999;
INTRA-EX;202408;513881387;AC-300-CP-6;84099100;FR;PT;10;EXW;11;3;;1,6;1;107;;FR13914440987;
INTRA-EX;202408;513881387;SILZKBR8D8S-6;84099100;FR;PT;10;EXW;11;3;;0,2;1;66;;FR13914440987;
INTRA-EX;202408;513881387;AC-S55-CHP;84835020;FR;PT;10;EXW;11;3;;0,3;1;74;;FR13914440987;
INTRA-EX;202408;513881387;AC-BM-ODP;87089997;FR;PT;10;EXW;11;3;;0,1;1;12;;FR13914440987;
INTRA-EX;202408;513881387;5W40;27101999;FR;PT;10;EXW;11;3;;1,9;4;116;;FR13914440987;
INTRA-EX;202408;513881387;SVWCS045;87089235;FR;PT;10;EXW;11;3;;9,2;1;328;;QV999999999999;
INTRA-EX;202408;513881387;CTS-IT-310;87089235;FR;PT;10;EXW;11;3;;1,4;1;172;;QV999999999999;
INTRA-EX;202408;513881387;CTS-HW-266-187;87089997;FR;PT;10;EXW;11;3;;2,7;1;322;;QV999999999999;
INTRA-EX;202408;513881387;SVW0615-4P-BK;87083091;FR;PT;10;EXW;11;3;;0,5;1;77;;QV999999999999;
INTRA-EX;202408;513881387;825945;84099100;FR;PT;10;EXW;11;3;;1,7;1;279;;QV999999999999;
INTRA-EX;202408;513881387;AC-N55-TP;40091100;FR;PT;10;EXW;11;3;;1,7;1;149;;QV999999999999;
INTRA-EX;202408;513881387;VWR520000;87089997;FR;PT;10;EXW;11;3;;0,7;1;171;;QV999999999999;
INTRA-EX;202408;513881387;L3P3S7SX;87089997;FR;PT;10;EXW;11;3;;0,3;1;322;;QV999999999999;
INTRA-EX;202408;513881387;FMACST;84099100;FR;PT;10;EXW;11;3;;0,5;1;175;;QV999999999999;
INTRA-EX;202408;513881387;VWR494101;87089997;FR;PT;10;EXW;11;3;;0,4;1;168;;QV999999999999;
INTRA-EX;202408;513881387;CTS-ACC-008;70102000;FR;PT;10;EXW;11;3;;0,2;1;71;;QV999999999999;
INTRA-EX;202408;513881387;SD-3657024;87089997;FR;PT;10;EXW;11;3;;12,8;1;184;;QV999999999999;
INTRA-EX;202408;513881387;ES-331238;87089997;FR;PT;10;EXW;11;3;;1,6;1;61;;QV999999999999;
INTRA-EX;202408;513881387;ES-335112;87089997;FR;PT;10;EXW;11;3;;1;1;46;;QV999999999999;
INTRA-EX;202408;513881387;VWR640015;87089997;FR;PT;10;EXW;11;3;;2,2;2;168;;QV999999999999;
INTRA-EX;202408;513881387;ILFR7H-5;85111000;FR;PT;10;EXW;11;3;;0,2;1;63;;QV999999999999;
INTRA-EX;202408;513881387;06E898001-5;84099100;FR;PT;10;EXW;11;3;;1,6;1;131;;QV999999999999;
INTRA-EX;202408;513881387;FMAS049-BL;87089997;FR;PT;10;EXW;11;3;;0,2;1;15;;QV999999999999;
INTRA-EX;202408;513881387;ATIKFO21;87089235;FR;PT;10;EXW;11;3;;2,1;1;179;;FR70821313731;
INTRA-EX;202408;513881387;SILZKGR8B8S-6;85111000;FR;PT;10;EXW;11;3;;0,2;1;59;;QV999999999999;
INTRA-EX;202408;513881387;GTHSB-5;87089997;FR;PT;10;EXW;11;3;;0,1;1;20;;QV999999999999;
INTRA-EX;202408;513881387;DBA42699S-2;87089997;FR;PT;10;EXW;11;3;;16,7;1;245;;QV999999999999;
INTRA-EX;202408;513881387;SILZKFR8D7S-4;85111000;FR;PT;10;EXW;11;3;;0,2;1;34;;QV999999999999;
INTRA-EX;202408;513881387;AC-27-DP;87089235;FR;PT;10;EXW;11;3;;9,8;1;247;;FR24909412058;
INTRA-EX;202408;513881387;SBW1162-4P-BK;87083091;FR;PT;10;EXW;11;3;;0,5;1;84;;QV999999999999;
INTRA-EX;202408;513881387;AC-S55-CHP;84835020;FR;PT;10;EXW;11;3;;0,3;1;74;;QV999999999999;
INTRA-EX;202408;513881387;S90-2-12-002-B-BT;87087050;FR;PT;10;EXW;11;3;;1,8;2;210;;QV999999999999;
INTRA-EX;202408;513881387;FMINDK28-BL;84213100;FR;PT;10;EXW;11;3;;5,9;1;319;;QV999999999999;
INTRA-EX;202408;513881387;E10-42-040-06-22;73202081;FR;PT;10;EXW;11;3;;9,5;1;219;;QV999999999999;
INTRA-EX;202408;513881387;FMTIA2-BL;40091100;FR;PT;10;EXW;11;3;;1,5;1;133;;QV999999999999;
INTRA-EX;202408;513881387;CTS-IGN-007;84099100;FR;PT;10;EXW;11;3;;0,3;4;140;;FR63818188906;
INTRA-EX;202408;513881387;VWR21G702RCUP;87089235;FR;PT;10;EXW;11;3;;10,5;1;358;;FR63818188906;
INTRA-EX;202408;513881387;UR-LA2-1110;87088055;FR;PT;10;EXW;11;3;;1,4;1;82;;QV999999999999;
INTRA-EX;202408;513881387;UR-RU2-1109;87088055;FR;PT;10;EXW;11;3;;2,4;1;90;;QV999999999999;
INTRA-EX;202408;513881387;UR-TW2-3047;87088055;ES;PT;10;EXW;11;3;;3;1;129;;ESB76323815;
INTRA-EX;202408;513881387;VWR13G700;84099100;ES;PT;10;EXW;11;3;;2,8;1;635;;ESB76323815;
INTRA-EX;202408;513881387;30-4110;87089997;ES;PT;10;EXW;11;3;;0,7;1;174;;ESB76323815;
INTRA-EX;202408;513881387;SHDC015;87089235;ES;PT;10;EXW;11;3;;3,5;1;258;;ESB76323815;
INTRA-EX;202408;513881387;SHDC015;87089235;RO;PT;10;EXW;11;3;;3,5;1;310;;RO37876108;
INTRA-EX;202408;513881387;R7437-9-4;87089997;ES;PT;10;EXW;11;3;;0,2;1;166;;ES54094995F;
INTRA-EX;202408;513881387;AC-MQB-FD;87089997;ES;PT;10;EXW;11;3;;0,1;1;59;;ES54094995F;
INTRA-EX;202408;513881387;E10-15-027-01-22;73202081;MT;PT;10;EXW;11;3;;9,8;1;324;;MT13803115;
INTRA-EX;202408;513881387;MMFS-EVO-01;84149000;AT;PT;10;EXW;11;3;;3,4;1;169;;QV999999999999;
INTRA-EX;202408;513881387;FMKCTT225-BL;;IE;PT;10;EXW;11;3;;0,1;1;298;;QV999999999999;
INTRA-EX;202408;513881387;50003-MR45XLZ-4;87089997;CY;PT;10;EXW;11;3;;0,4;1;84;;QV999999999999;
INTRA-EX;202408;513881387;CTS-IT-180;84213100;CZ;PT;10;EXW;11;3;;6;1;252;;QV999999999999;
INTRA-EX;202408;513881387;FMVWQS;87089997;SE;PT;10;EXW;11;3;;0,7;1;104;;QV999999999999;
INTRA-EX;202408;513881387;SFD0122-4P-BK;87083091;HR;PT;10;EXW;11;3;;0,5;1;80;;QV999999999999;
INTRA-EX;202408;513881387;PF05;90262020;HU;PT;10;EXW;11;3;;0,2;1;212;;QV999999999999;
INTRA-EX;202408;513881387;X-1015-BB;84213100;RO;PT;10;EXW;11;3;;0,7;1;52;;QV999999999999;
INTRA-EX;202408;513881387;CTS-IT-285;40091100;SI;PT;10;EXW;11;3;;0,3;1;81;;QV999999999999;
INTRA-EX;202408;513881387;KLC140-335;87089997;RO;PT;10;EXW;11;3;;1;1;122;;QV999999999999;
INTRA-EX;202408;513881387;KLC217;87089997;RO;PT;10;EXW;11;3;;1;1;122;;QV999999999999;
INTRA-EX;202408;513881387;ATINTFO42;87089997;GR;PT;10;EXW;11;3;;10,6;1;304;;GREL801563540;
INTRA-EX;202408;513881387;ES-341225;87089997;GR;PT;10;EXW;11;3;;2,7;1;66;;QV999999999999;
INTRA-EX;202408;513881387;BHR97Z;87088055;GR;PT;10;EXW;11;3;;3;1;164;;QV999999999999;
INTRA-EX;202408;513881387;MS100219-8;85111000;DE;PT;10;EXW;11;3;;2,3;1;405;;QV999999999999;
INTRA-EX;202408;513881387;TI-123-BK;40091100;PL;PT;10;EXW;11;3;;2,1;1;95;;QV999999999999;
INTRA-EX;202408;513881387;VWR12G6GT;84213100;BE;PT;10;EXW;11;3;;1,9;1;305;;BE0715936511;
INTRA-EX;202408;513881387;MS100210-4;84099100;BE;PT;10;EXW;11;3;;1,1;1;119;;QV999999999999;
INTRA-EX;202408;513881387;AC-200-FD;87089997;BE;PT;10;EXW;11;3;;0,5;1;48;;QV999999999999;
INTRA-EX;202408;513881387;10B1580H-STD;40091100;BE;PT;10;EXW;11;3;;0,6;1;197;;BE0889574132;
INTRA-EX;202408;513881387;ATINTHYU4;87089997;BE;PT;10;EXW;11;3;;12,3;1;567;;BE0524.905.503;
INTRA-EX;202408;513881387;SME0455-4P-BK;87083091;BE;PT;10;EXW;11;3;;0,5;1;77;;BE0524.905.503;
INTRA-EX;202408;513881387;FMDV18-RD;84814090;BE;PT;10;EXW;11;3;;1,5;1;202;;QV999999999999;
INTRA-EX;202408;513881387;TS-0623-1072;87089997;IT;PT;10;EXW;11;3;;0,6;1;177;;QV999999999999;
INTRA-EX;202408;513881387;KCA313;87089499;IT;PT;10;EXW;11;3;;2,5;1;160;;QV999999999999;
INTRA-EX;202408;513881387;KLC139;87088035;IT;PT;10;EXW;11;3;;0,7;1;123;;QV999999999999;
INTRA-EX;202408;513881387;Z1003100-4;85111000;IT;PT;10;EXW;11;3;;0,4;1;118;;QV999999999999;
INTRA-EX;202408;513881387;AC-18FW-DP;87089997;IT;PT;10;EXW;11;3;;7;1;140;;QV999999999999;
INTRA-EX;202408;513881387;FM225TH;40091100;IT;PT;10;EXW;11;3;;0,3;1;90;;QV999999999999;
INTRA-EX;202408;513881387;SBMP081;87089235;NL;PT;10;EXW;11;3;;11,3;1;364;;QV999999999999;
INTRA-EX;202408;513881387;CTS-TR-1050X;87089997;NL;PT;10;EXW;11;3;;12,2;1;1660;;NL805856766B01;
INTRA-EX;202408;513881387;ATINTP&C4-BK;40091100;NL;PT;10;EXW;11;3;;1,7;1;146;;QV999999999999;
INTRA-EX;202408;513881387;AC-WS-AU-10;87088099;NL;PT;10;EXW;11;3;;1,3;2;74;;QV999999999999;
INTRA-EX;202408;513881387;ATINTVAG10-BK;87089199;ES;PT;10;EXW;11;3;;15,5;1;536;;ESB36581619;
INTRA-EX;202408;513881387;SSE0426-4P-BK;87083091;ES;PT;10;EXW;11;3;;0,5;1;78;;QV999999999999;
INTRA-EX;202408;513881387;RBF600;27101999;ES;PT;10;EXW;11;3;;0,6;1;9;;QV999999999999;
INTRA-EX;202408;513881387;51007-AK553;87089997;ES;PT;10;EXW;11;3;;0,3;4;16;;QV999999999999;
INTRA-EX;202408;513881387;UR-TW2-515;87088055;ES;PT;10;EXW;11;3;;2,9;1;141;;QV999999999999;
INTRA-EX;202408;513881387;FMRMCLMP;87089997;ES;PT;10;EXW;11;3;;0,1;1;27;;QV999999999999;
INTRA-EX;202408;513881387;FMDVTUN-GR;84814090;ES;PT;10;EXW;11;3;;0,1;1;14;;QV999999999999;
INTRA-EX;202408;513881387;UR-RE3-2576;87088055;ES;PT;10;EXW;11;3;;2,7;1;122;;QV999999999999;
INTRA-EX;202408;513881387;FMTUBL4;87089997;ES;PT;10;EXW;11;3;;0,8;1;131;;QV999999999999;
INTRA-EX;202408;513881387;SVA0714-4P-BK;87083091;ES;PT;10;EXW;11;3;;0,5;1;76;;QV999999999999;
INTRA-EX;202408;513881387;RBF600;27101999;ES;PT;10;EXW;11;3;;0,6;1;9;;QV999999999999;
INTRA-EX;202408;513881387;PST77;87088035;ES;PT;10;EXW;11;3;;3,2;1;127;;QV999999999999;
INTRA-EX;202408;513881387;PST78;87088035;ES;PT;10;EXW;11;3;;3,4;1;115;;QV999999999999;
INTRA-EX;202408;513881387;FMTUBL14;87089997;ES;PT;10;EXW;11;3;;0,8;1;143;;QV999999999999;
INTRA-EX;202408;513881387;SILZKBR8D8S-6;84099100;ES;PT;10;EXW;11;3;;0,2;1;65;;QV999999999999;
INTRA-EX;202408;513881387;AC-N55-TP;40091100;ES;PT;10;EXW;11;3;;1,7;1;148;;QV999999999999;
INTRA-EX;202408;513881387;SVW0608-4P-BL;87083091;ES;PT;10;EXW;11;3;;0,5;1;76;;QV999999999999;
INTRA-EX;202408;513881387;FMDV32A-BK;84814090;ES;PT;10;EXW;11;3;;0,6;1;201;;QV999999999999;
INTRA-EX;202408;513881387;FMCB-BL;87089997;ES;PT;10;EXW;11;3;;0,1;1;13;;QV999999999999;
INTRA-EX;202408;513881387;216VWBWEOP270;90269000;ES;PT;10;EXW;11;3;;0,3;1;70;;QV999999999999;
INTRA-EX;202408;513881387;AC-200-OSA;87089997;ES;PT;10;EXW;11;3;;0,2;1;27;;QV999999999999;
INTRA-EX;202408;513881387;FMIND32A3-RD;84213100;ES;PT;10;EXW;11;3;;4,1;1;257;;QV999999999999;
INTRA-EX;202408;513881387;AC-211-IT;84198998;ES;PT;10;EXW;11;3;;5,5;1;185;;QV999999999999;
INTRA-EX;202408;513881387;BKR8EIX-4;85111000;ES;PT;10;EXW;11;3;;0,2;1;41;;QV999999999999;
INTRA-EX;202408;513881387;ATMSBMW8;87089997;ES;PT;10;EXW;11;3;;1;1;146;;QV999999999999;
INTRA-EX;202408;513881387;MMAI-RS-16WBK;87089910;ES;PT;10;EXW;11;3;;7,1;1;356;;QV999999999999;
INTRA-EX;202408;513881387;MMTS-GTI-99;90321020;ES;PT;10;EXW;11;3;;0,1;1;47;;QV999999999999;
INTRA-EX;202408;513881387;VWR120000;84213100;ES;PT;10;EXW;11;3;;1;1;26;;QV999999999999;
INTRA-EX;202408;513881387;ACSP1;84099100;ES;PT;10;EXW;11;3;;0,5;1;22;;QV999999999999;
INTRA-EX;202408;513881387;216CLSDWAOT-R;87089997;ES;PT;10;EXW;11;3;;0,4;1;49;;QV999999999999;
INTRA-EX;202408;513881387;Z1003100-4;85111000;ES;PT;10;EXW;11;3;;0,4;1;119;;QV999999999999;
INTRA-EX;202408;513881387;VWR90000-4;84099100;ES;PT;10;EXW;11;3;;1,2;1;156;;QV999999999999;
INTRA-EX;202408;513881387;MMICP-N55-11;87089997;ES;PT;10;EXW;11;3;;2,2;1;239;;QV999999999999;
INTRA-EX;202408;513881387;MMFS-E36-92P;84149000;ES;PT;10;EXW;11;3;;5;1;207;;QV999999999999;
INTRA-EX;202408;513881387;MMRT-E36-92EBK;87089199;ES;PT;10;EXW;11;3;;2,2;1;112;;QV999999999999;
INTRA-EX;202408;513881387;03K906051;90269000;ES;PT;10;EXW;11;3;;0,1;1;19;;ESB53001988;
INTRA-EX;202408;513881387;AC-200-FD;87089997;ES;PT;10;EXW;11;3;;0,5;1;48;;ESB53001988;
INTRA-EX;202408;513881387;CS57-AR60010;84213100;ES;PT;10;EXW;11;3;;0,6;1;47;;QV999999999999;
INTRA-EX;202408;513881387;AC-OPC-DP;87089235;ES;PT;10;EXW;11;3;;1,7;1;96;;QV999999999999;
INTRA-EX;202408;513881387;ATIKVAG19-RD;84213100;ES;PT;10;EXW;11;3;;4,9;1;219;;QV999999999999;
INTRA-EX;202408;513881387;TI-123-BK;40091100;ES;PT;10;EXW;11;3;;2,1;1;97;;QV999999999999;
INTRA-EX;202408;513881387;VWR900001-4;84099100;ES;PT;10;EXW;11;3;;1,2;1;157;;ESB90283060;
INTRA-EX;202408;513881387;R7437-9-4;87089997;ES;PT;10;EXW;11;3;;0,2;1;166;;ESB90283060;
INTRA-EX;202408;513881387;AC-MK7-INLET;40091100;ES;PT;10;EXW;11;3;;0,3;1;67;;ESB90283060;
INTRA-EX;202408;513881387;AC-MK7-IND-BK;40091100;ES;PT;10;EXW;11;3;;0,9;1;48;;ESB90283060;
INTRA-EX;202408;513881387;AC-MK7-MD;87089997;ES;PT;10;EXW;11;3;;0,4;1;65;;ESB90283060;
INTRA-EX;202408;513881387;FMTUBL1;87089997;ES;PT;10;EXW;11;3;;0,3;1;73;;QV999999999999;
INTRA-EX;202408;513881387;MS100210-4;84099100;ES;PT;10;EXW;11;3;;1,1;1;119;;QV999999999999;
INTRA-EX;202408;513881387;Z1003101-4;85111000;ES;PT;10;EXW;11;3;;0,4;1;80;;QV999999999999;
INTRA-EX;202408;513881387;GTHSB-5;87089997;ES;PT;10;EXW;11;3;;0,1;1;20;;QV999999999999;
INTRA-EX;202408;513881387;FM225IND-BL;40093100;ES;PT;10;EXW;11;3;;1;1;187;;QV999999999999;
INTRA-EX;202408;513881387;FM225AH-BL;40093100;ES;PT;10;EXW;11;3;;0,3;1;44;;QV999999999999;
INTRA-EX;202408;513881387;JSK-103-80;84213100;ES;PT;10;EXW;11;3;;1,3;1;124;;ESB86420924;
INTRA-EX;202408;513881387;216CLSDWAOT-R;87089997;ES;PT;10;EXW;11;3;;0,4;1;49;;QV999999999999;
INTRA-EX;202408;513881387;FMSS5;87089997;FR;PT;10;EXW;11;3;;0,2;1;55;;QV999999999999;
INTRA-EX;202408;513881387;FMFSITVR-BK;84814090;FR;PT;10;EXW;11;3;;0,7;1;206;;QV999999999999;
INTRA-EX;202408;513881387;MS100204-4;84099100;FR;PT;10;EXW;11;3;;1,2;1;180;;QV999999999999;
INTRA-EX;202408;513881387;MS100222;84213100;FR;PT;10;EXW;11;3;;1,5;1;185;;QV999999999999;
INTRA-EX;202408;513881387;4B1609H-STD;40091100;FR;PT;10;EXW;11;3;;0,5;1;44;;QV999999999999;
INTRA-EX;202408;513881387;4B1609H-STD;40091100;FR;PT;10;EXW;11;3;;0,5;1;44;;QV999999999999;
INTRA-EX;202408;513881387;SVWC060;87089235;FR;PT;10;EXW;11;3;;9,7;1;365;;QV999999999999;
INTRA-EX;202408;513881387;8E0971824S-RD;84099100;FR;PT;10;EXW;11;3;;0,2;1;14;;QV999999999999;
INTRA-EX;202408;513881387;AC-180-CAN;40093100;FR;PT;10;EXW;11;3;;0,4;1;16;;QV999999999999;
INTRA-EX;202408;513881387;058129717D;87089997;FR;PT;10;EXW;11;3;;0,1;1;3;;QV999999999999;
INTRA-EX;202408;513881387;058198025A;87089997;FR;PT;10;EXW;11;3;;0,3;1;8;;QV999999999999;
INTRA-EX;202408;513881387;UR-RT2-3216;87088055;FR;PT;10;EXW;11;3;;3,4;1;103;;QV999999999999;
INTRA-EX;202408;513881387;BKR8EIX-4;85111000;FR;PT;10;EXW;11;3;;0,2;1;41;;QV999999999999;
INTRA-EX;202408;513881387;FMKTTTRS-BK;40091100;FR;PT;10;EXW;11;3;;1,4;1;136;;QV999999999999;
INTRA-EX;202408;513881387;51007-AK473;84213100;FR;PT;10;EXW;11;3;;2,9;1;116;;QV999999999999;
INTRA-EX;202408;513881387;D401-0035;84099100;FR;PT;10;EXW;11;3;;0,7;1;34;;QV999999999999;
INTRA-EX;202408;513881387;MMICP-N54-07;87089997;FR;PT;10;EXW;11;3;;2,2;1;180;;QV999999999999;
INTRA-EX;202408;513881387;11427566327;84099100;FR;PT;10;EXW;11;3;;0,1;1;5;;QV999999999999;
INTRA-EX;202408;513881387;BW-MK3352V1;84213100;FR;PT;10;EXW;11;3;;2,6;1;180;;QV999999999999;
INTRA-EX;202408;513881387;AC-300-CP-6;84099100;FR;PT;10;EXW;11;3;;1,6;1;107;;FR35504243288;
INTRA-EX;202408;513881387;CTS-IT-805;40091100;FR;PT;10;EXW;11;3;;1,4;2;440;;FR35504243288;
INTRA-EX;202408;513881387;SBMC067;87089235;FR;PT;10;EXW;11;3;;2,3;1;240;;FR35504243288;
INTRA-EX;202408;513881387;AC-N55-TP;40091100;FR;PT;10;EXW;11;3;;1,7;1;149;;FR35504243288;
INTRA-EX;202408;513881387;6B1584H-STD;40091100;FR;PT;10;EXW;11;3;;0,4;1;134;;FR35504243288;
INTRA-EX;202408;513881387;CTS-IGN-008;84099100;FR;PT;10;EXW;11;3;;0,3;18;630;;FR35504243288;
INTRA-EX;202408;513881387;11427566327;84099100;FR;PT;10;EXW;11;3;;0,1;3;15;;FR35504243288;
INTRA-EX;202408;513881387;SILZKBR8D8S-6;84099100;FR;PT;10;EXW;11;3;;0,2;3;199;;FR35504243288;
INTRA-EX;202408;513881387;CTS-IT-289;84213100;FR;PT;10;EXW;11;3;;3,3;1;322;;FR35504243288;
INTRA-EX;202408;513881387;AC-S55-TP;40091100;FR;PT;10;EXW;11;3;;1,7;1;149;;FR35504243288;
INTRA-EX;202408;513881387;AC-S55-JP;40091100;FR;PT;10;EXW;11;3;;0,6;1;89;;FR35504243288;
INTRA-EX;202408;513881387;FMMK7INDH-BL;40093100;FR;PT;10;EXW;11;3;;0,8;1;76;;QV999999999999;
INTRA-EX;202408;513881387;ATINTVAUX5-BK;87089997;FR;PT;10;EXW;11;3;;20,8;1;776;;FR37849601539;
INTRA-EX;202408;513881387;SVA1350-4P-BK;87083091;FR;PT;10;EXW;11;3;;0,5;1;100;;FR37849601539;
INTRA-EX;202408;513881387;AC-300-CP-6;84099100;FR;PT;10;EXW;11;3;;1,6;1;107;;QV999999999999;
INTRA-EX;202408;513881387;AC-S55-CHP;84835020;FR;PT;10;EXW;11;3;;0,3;2;149;;QV999999999999;
INTRA-EX;202408;513881387;SILZKBR8D8S-6;84099100;FR;PT;10;EXW;11;3;;0,2;1;66;;QV999999999999;
INTRA-EX;202408;513881387;BKR7EIX-4;84099100;FR;PT;10;EXW;11;3;;0,5;1;40;;QV999999999999;
INTRA-EX;202408;513881387;CTS-HW-0271;84099100;FR;PT;10;EXW;11;3;;0,4;1;64;;QV999999999999;
INTRA-EX;202408;513881387;FMARSDV;40091100;FR;PT;10;EXW;11;3;;2,3;1;309;;QV999999999999;
INTRA-EX;202408;513881387;AC-N55-TP;40091100;FR;PT;10;EXW;11;3;;1,7;1;149;;QV999999999999;
INTRA-EX;202408;513881387;ZKER6A-10EG-3;85111000;FR;PT;10;EXW;11;3;;0,8;1;15;;QV999999999999;
INTRA-EX;202408;513881387;2Q0121321A;87089997;FR;PT;10;EXW;11;3;;0,2;1;8;;QV999999999999;
INTRA-EX;202408;513881387;SILZKBR8D8S-6;84099100;FR;PT;10;EXW;11;3;;0,2;1;66;;QV999999999999;
INTRA-EX;202408;513881387;EVO300E;84213100;FR;PT;10;EXW;11;3;;5,8;1;344;;QV999999999999;
INTRA-EX;202408;513881387;SVW0610-4P-RD;87083091;FR;PT;10;EXW;11;3;;0,5;1;84;;QV999999999999;
INTRA-EX;202408;513881387;CTS-IT-105R;84213100;FR;PT;10;EXW;11;3;;5;1;256;;QV999999999999;
INTRA-EX;202408;513881387;CTS-IT-300R;84213100;FR;PT;10;EXW;11;3;;4,1;1;273;;QV999999999999;
INTRA-EX;202408;513881387;PF04;90262020;FR;PT;10;EXW;11;3;;0,2;1;206;;QV999999999999;
INTRA-EX;202408;513881387;06F103483E;87089235;FR;PT;10;EXW;11;3;;0,1;1;8;;QV999999999999;
INTRA-EX;202408;513881387;06D115562;84099100;FR;PT;10;EXW;11;3;;0,2;1;4;;QV999999999999;
INTRA-EX;202408;513881387;AC-VAG-ODP;70102000;FR;PT;10;EXW;11;3;;0,2;1;8;;QV999999999999;
INTRA-EX;202408;513881387;06F129101P;84814090;FR;PT;10;EXW;11;3;;0,2;1;17;;QV999999999999;
INTRA-EX;202408;513881387;06F129717D;87089235;FR;PT;10;EXW;11;3;;0,1;1;8;;QV999999999999;
INTRA-EX;202408;513881387;4B1609H-STD;40091100;FR;PT;10;EXW;11;3;;0,5;1;44;;QV999999999999;
INTRA-EX;202408;513881387;06D998907;87089997;FR;PT;10;EXW;11;3;;0,1;4;23;;QV999999999999;
INTRA-EX;202408;513881387;AC-200-LMI;87089997;FR;PT;10;EXW;11;3;;0,5;1;15;;QV999999999999;
INTRA-EX;202408;513881387;FMSS114-BL;87089997;FR;PT;10;EXW;11;3;;0,1;1;7;;QV999999999999;
INTRA-EX;202408;513881387;X-1030;84213100;FR;PT;10;EXW;11;3;;0,9;1;23;;QV999999999999;
INTRA-EX;202408;513881387;ATMSFO71;40091100;FR;PT;10;EXW;11;3;;0,3;1;119;;QV999999999999;
INTRA-EX;202408;513881387;VSGB6-B1DS3;84099100;FR;PT;10;EXW;11;3;;3,6;1;542;;FR38834149601;
INTRA-EX;202408;513881387;D650-0009-4;84099100;FR;PT;10;EXW;11;3;;1,2;1;141;;QV999999999999;
INTRA-EX;202408;513881387;AC-FIST7-BAD;87089997;FR;PT;10;EXW;11;3;;0,5;1;59;;FR38834149601;
INTRA-EX;202408;513881387;AC-MK7-FU-RD;87088055;FR;PT;10;EXW;11;3;;2,2;1;82;;QV999999999999;
INTRA-EX;202408;513881387;AC-MK7-RU;87089235;FR;PT;10;EXW;11;3;;2,2;1;74;;QV999999999999;
INTRA-EX;202408;513881387;1K0253144BD;40091100;FR;PT;10;EXW;11;3;;0,2;1;9;;QV999999999999;
INTRA-EX;202408;513881387;FMKT007-RD;40091100;FR;PT;10;EXW;11;3;;0,7;1;100;;FR55823261680;
INTRA-EX;202408;513881387;06E898001-5;84099100;FR;PT;10;EXW;11;3;;1,6;1;131;;QV999999999999;
INTRA-EX;202408;513881387;MMRAD-GLF-99;87089135;FR;PT;10;EXW;11;3;;8;1;279;;QV999999999999;
INTRA-EX;202408;513881387;CTS-IT-341;40091100;FR;PT;10;EXW;11;3;;1,4;1;202;;QV999999999999;
INTRA-EX;202408;513881387;DILKAR7C9H-4;85111000;FR;PT;10;EXW;11;3;;0,2;1;52;;QV999999999999;
INTRA-EX;202408;513881387;52006-AK003;84213100;FR;PT;10;EXW;11;3;;1;2;29;;QV999999999999;
INTRA-EX;202408;513881387;MMOFC-SUB-PK;70102000;FR;PT;10;EXW;11;3;;0,2;1;38;;QV999999999999;
INTRA-EX;202408;513881387;FMINDS5-BK;40091100;FR;PT;10;EXW;11;3;;1,2;1;102;;QV999999999999;
INTRA-EX;202408;513881387;CTS-IT-105R;84213100;FR;PT;10;EXW;11;3;;5;1;256;;QV999999999999;
INTRA-EX;202408;513881387;06E898001-4;85111000;FR;PT;10;EXW;11;3;;1,2;1;104;;QV999999999999;
INTRA-EX;202408;513881387;RPF-2045;84213100;FR;PT;10;EXW;11;3;;0,4;1;33;;QV999999999999;
INTRA-EX;202408;513881387;ASAF;33030010;FR;PT;10;EXW;11;3;;0,1;1;1;;QV999999999999;
INTRA-EX;202408;513881387;CTS-IT-810;40091100;FR;PT;10;EXW;11;3;;1,4;1;219;;QV999999999999;
INTRA-EX;202408;513881387;SAUP087;87089997;FR;PT;10;EXW;11;3;;12,4;1;303;;QV999999999999;
INTRA-EX;202408;513881387;FM225IND-BL;40093100;FR;PT;10;EXW;11;3;;1;1;184;;QV999999999999;
INTRA-EX;202408;513881387;FMKT008-BL;40093100;FR;PT;10;EXW;11;3;;1;1;167;;QV999999999999;
INTRA-EX;202408;513881387;AC-300-CP-6;84099100;FR;PT;10;EXW;11;3;;1,6;1;107;;QV999999999999;
INTRA-EX;202408;513881387;SNN0910-1P-BK;;FR;PT;10;EXW;11;3;;0,1;1;28;;QV999999999999;
INTRA-EX;202408;513881387;SMA0002-1P-BK;87083091;FR;PT;10;EXW;11;3;;0,3;1;17;;QV999999999999;
INTRA-EX;202408;513881387;MMFS-S2K-00;84149000;FR;PT;10;EXW;11;3;;5,3;1;166;;QV999999999999;
INTRA-EX;202408;513881387;KTA255;87089997;FR;PT;10;EXW;11;3;;7,4;1;364;;QV999999999999;
INTRA-EX;202408;513881387;VWR900002-4;84099100;FR;PT;10;EXW;11;3;;1,2;1;157;;QV999999999999;
INTRA-EX;202408;513881387;KV061816R;87089997;FR;PT;10;EXW;11;3;;5,6;1;215;;QV999999999999;
INTRA-EX;202408;513881387;SAU0630-4P-BK;87083091;FR;PT;10;EXW;11;3;;0,5;1;84;;QV999999999999;
INTRA-EX;202408;513881387;SAU114B;87088055;FR;PT;10;EXW;11;3;;2;1;83;;QV999999999999;
INTRA-EX;202408;513881387;UR-RT2-329;87088055;FR;PT;10;EXW;11;3;;2,5;1;74;;QV999999999999;
INTRA-EX;202408;513881387;VWR69000BF1;87089997;FR;PT;10;EXW;11;3;;0,6;2;34;;QV999999999999;
INTRA-EX;202408;513881387;AC-VAG-ODP;70102000;FR;PT;10;EXW;11;3;;0,2;1;8;;QV999999999999;
INTRA-EX;202408;513881387;AC-UNI-WD;87089997;FR;PT;10;EXW;11;3;;0,2;1;13;;QV999999999999;
INTRA-EX;202408;513881387;5B7880H-STD;40091100;FR;PT;10;EXW;11;3;;0,3;1;54;;FR78919466417;
INTRA-EX;202408;513881387;U5055-6;84099100;FR;PT;10;EXW;11;3;;1,5;1;132;;QV999999999999;
INTRA-EX;202408;513881387;AC-N55-TP;40091100;FR;PT;10;EXW;11;3;;1,7;1;149;;FR96881981161;
INTRA-EX;202408;513881387;RF100031;84099100;FR;PT;10;EXW;11;3;;1;1;89;;FR27798821583;
INTRA-EX;202408;513881387;FMDV21;84818040;FR;PT;10;EXW;11;3;;1,5;1;147;;FR77978902617;
INTRA-EX;202408;513881387;KCF-4;87089997;FR;PT;10;EXW;11;3;;0,3;1;4;;QV999999999999;
INTRA-EX;202408;513881387;51007-AK553;87089997;FR;PT;10;EXW;11;3;;0,3;1;4;;QV999999999999;
INTRA-EX;202408;513881387;L3P3MF56;90261029;FR;PT;10;EXW;11;3;;1;1;322;;QV999999999999;
INTRA-EX;202408;513881387;6-45-M54;84133080;FR;PT;10;EXW;11;3;;0,5;1;35;;QV999999999999;
INTRA-EX;202408;513881387;VWR160001;87089997;CY;PT;10;EXW;11;3;;0,4;1;111;;QV999999999999;
INTRA-EX;202408;513881387;VWR120000;84213100;CY;PT;10;EXW;11;3;;1;1;27;;QV999999999999;
INTRA-EX;202408;513881387;VWRA10000;87089997;CY;PT;10;EXW;11;3;;0,1;1;7;;QV999999999999;
INTRA-EX;202408;513881387;VWR800001;58109210;CY;PT;10;EXW;11;3;;0,1;1;9;;QV999999999999;
INTRA-EX;202408;513881387;VWR12G7R600OS;84213100;CY;PT;10;EXW;11;3;;0,3;1;28;;QV999999999999;
INTRA-EX;202408;513881387;MS100210-4;84099100;LU;PT;10;EXW;11;3;;1,1;1;119;;LU25864107;
INTRA-EX;202408;513881387;CS57-AR60022;87089997;DE;PT;10;EXW;11;3;;0,6;1;48;;QV999999999999;
INTRA-EX;202408;513881387;S90-2-10-004-B-BT;87087050;BE;PT;10;EXW;11;3;;1,8;2;198;;BE0781910268;
INTRA-EX;202408;513881387;E10-20-035-01-22;87088035;BE;PT;10;EXW;11;3;;11,2;1;210;;BE0781910268;
INTRA-EX;202408;513881387;R7437-9-4;87089997;BE;PT;10;EXW;11;3;;0,2;1;165;;QV999999999999;
INTRA-EX;202408;513881387;E10-35-020-02-22;73202081;BE;PT;10;EXW;11;3;;8,5;1;139;;QV999999999999;
INTRA-EX;202408;513881387;105777;27101999;BE;PT;10;EXW;11;3;;1,1;3;43;;QV999999999999;
INTRA-EX;202408;513881387;SVW0630-4P-BK;87083091;IT;PT;10;EXW;11;3;;0,5;1;78;;IT03656931205;
INTRA-EX;202408;513881387;SME0455-4P-RD;87083091;IT;PT;10;EXW;11;3;;0,5;1;77;;IT03656931205;
INTRA-EX;202408;513881387;AC-250-IP;84198998;ES;PT;10;EXW;11;3;;1,9;1;119;;QV999999999999;
INTRA-EX;202408;513881387;DBA42957S-2;87089997;ES;PT;10;EXW;11;3;;9,5;1;235;;QV999999999999;
INTRA-EX;202408;513881387;DBA42809S-2;87089997;ES;PT;10;EXW;11;3;;15;1;235;;ESB72393911;
INTRA-EX;202408;513881387;06E898001-4;85111000;ES;PT;10;EXW;11;3;;1,2;1;104;;QV999999999999;
INTRA-EX;202408;513881387;BKR7EIX-4;84099100;ES;PT;10;EXW;11;3;;0,5;1;40;;QV999999999999;
INTRA-EX;202408;513881387;VWR120000;84213100;ES;PT;10;EXW;11;3;;1;1;26;;QV999999999999;
INTRA-EX;202408;513881387;SILZKBR8D8S-8;85111000;ES;PT;10;EXW;11;3;;0,4;1;87;;QV999999999999;
INTRA-EX;202408;513881387;CTS-IGN-008;84099100;ES;PT;10;EXW;11;3;;0,3;8;278;;QV999999999999;
INTRA-EX;202408;513881387;AC-MK7-CH-BK;40091100;ES;PT;10;EXW;11;3;;0,7;1;48;;QV999999999999;
INTRA-EX;202408;513881387;AC-MK7-FU-BK;87088055;ES;PT;10;EXW;11;3;;2,2;1;81;;QV999999999999;
INTRA-EX;202408;513881387;SP-201;32081090;ES;PT;10;EXW;11;3;;0,5;2;54;;QV999999999999;
INTRA-EX;202408;513881387;06E898001-5;84099100;FR;PT;10;EXW;11;3;;1,6;1;131;;FR15848407300;
INTRA-EX;202408;513881387;ILFR7H-5;85111000;FR;PT;10;EXW;11;3;;0,2;1;63;;FR15848407300;
INTRA-EX;202408;513881387;AC-451-RAD;84198998;FR;PT;10;EXW;11;3;;6,3;1;404;;QV999999999999;
INTRA-EX;202408;513881387;03K906051;90269000;FR;PT;10;EXW;11;3;;0,1;1;19;;QV999999999999;
INTRA-EX;202408;513881387;SILZKBR8D8S-6;84099100;FR;PT;10;EXW;11;3;;0,2;1;66;;QV999999999999;
INTRA-EX;202408;513881387;CTS-IT-938;40091100;FR;PT;10;EXW;11;3;;3,1;1;366;;FR76819650474;
INTRA-EX;202408;513881387;SAU0755-4P-BK;87083091;FR;PT;10;EXW;11;3;;0,5;1;77;;FR76819650474;
INTRA-EX;202408;513881387;AC-200-DB;87089997;FR;PT;10;EXW;11;3;;0,6;1;70;;QV999999999999;
INTRA-EX;202408;513881387;AC-N55-TP;40091100;FR;PT;10;EXW;11;3;;1,7;1;149;;QV999999999999;
INTRA-EX;202408;513881387;ATINTFO42;87089997;FR;PT;10;EXW;11;3;;10,6;1;304;;FR34953804952;
INTRA-EX;202408;513881387;VWR800003;58109210;FR;PT;10;EXW;11;3;;0,1;1;9;;QV999999999999;
INTRA-EX;202408;513881387;VWR12G7R601FO;84213100;FR;PT;10;EXW;11;3;;0,9;1;135;;QV999999999999;
INTRA-EX;202408;513881387;VWR120000;84213100;FR;PT;10;EXW;11;3;;1;1;27;;QV999999999999;
INTRA-EX;202408;513881387;D650-0009-6;84099100;FR;PT;10;EXW;11;3;;1,8;1;212;;QV999999999999;
INTRA-EX;202408;513881387;SP-229;32081090;RO;PT;10;EXW;11;3;;0,5;4;78;;RO6388018;
INTRA-EX;202408;513881387;SP-102;32081090;RO;PT;10;EXW;11;3;;0,5;1;26;;RO6388018;
INTRA-EX;202408;513881387;216CLSDWAEGT-R;87089997;ES;PT;10;EXW;11;3;;0,4;1;92;;QV999999999999;
INTRA-EX;202408;513881387;MMRT-WRX-01EBK;87089997;ES;PT;10;EXW;11;3;;1;1;136;;ES71631297M;
INTRA-EX;202408;513881387;4B1355H-STD;40091100;ES;PT;10;EXW;11;3;;0,2;1;48;;QV999999999999;
INTRA-EX;202408;513881387;ATMSBMW7;87089997;FR;PT;10;EXW;11;3;;2,5;1;245;;QV999999999999;
INTRA-EX;202408;513881387;AC-B58-INLET;40091100;FR;PT;10;EXW;11;3;;0,6;1;104;;QV999999999999;
INTRA-EX;202408;513881387;MS100210-4;84099100;FR;PT;10;EXW;11;3;;1,1;1;119;;QV999999999999;
INTRA-EX;202408;513881387;AC-200-DB;87089997;FR;PT;10;EXW;11;3;;0,6;1;70;;QV999999999999;
INTRA-EX;202408;513881387;8E0971824S-RD;84099100;FR;PT;10;EXW;11;3;;0,2;1;14;;QV999999999999;
INTRA-EX;202408;513881387;SBMC066;87089235;FR;PT;10;EXW;11;3;;2;1;239;;QV999999999999;
INTRA-EX;202408;513881387;VWR12G7R600ITBLA;84213100;HR;PT;10;EXW;11;3;;0,8;1;117;;HR08981682739;
INTRA-EX;202408;513881387;AC-MK7-INLET;40091100;HR;PT;10;EXW;11;3;;0,3;1;80;;HR08981682739;
INTRA-EX;202408;513881387;MS100112;87089997;HR;PT;10;EXW;11;3;;0,3;1;48;;HR08981682739;
INTRA-EX;202408;513881387;SAUX089;87089235;ES;PT;10;EXW;11;3;;11;1;1089;;ESB76323815;
INTRA-EX;202408;513881387;SCEXVDM2;87089235;LV;PT;10;EXW;11;3;;1;1;44;;QV999999999999;
INTRA-EX;202408;513881387;VWR11UPGT;84213100;DK;PT;10;EXW;11;3;;0,4;1;73;;QV999999999999;
INTRA-EX;202408;513881387;ZKER6A-10EG-3;85111000;DK;PT;10;EXW;11;3;;0,8;1;14;;QV999999999999;
INTRA-EX;202408;513881387;VSR84-C1SA4;8708803590;EE;PT;10;EXW;11;3;;32;1;836;;EE102228311;
INTRA-EX;202408;513881387;EVE-ST38Y-CF-INT;84213100;CZ;PT;10;EXW;11;3;;7;1;1285;;CZ05681197;
INTRA-EX;202408;513881387;EVE-TRB8V8S-LHD-NIL;85111000;CZ;PT;10;EXW;11;3;;0,2;1;428;;CZ05681197;
INTRA-EX;202408;513881387;EVE-TRB8V8S-FLG-STK;85111000;CZ;PT;10;EXW;11;3;;0,2;1;35;;CZ05681197;
INTRA-EX;202408;513881387;EVE-ST38Y-CF-INT;84213100;CZ;PT;10;EXW;11;3;;7;1;1285;;CZ05681197;
INTRA-EX;202408;513881387;PF04;90262020;CZ;PT;10;EXW;11;3;;0,2;1;159;;CZ05681197;
INTRA-EX;202408;513881387;AC-MK7-FU-RD;87088055;CZ;PT;10;EXW;11;3;;2,2;3;179;;CZ05681197;
INTRA-EX;202408;513881387;KTA253;87089235;CZ;PT;10;EXW;11;3;;7,5;1;300;;CZ05681197;
INTRA-EX;202408;513881387;ATINTREN3;87089997;HR;PT;10;EXW;11;3;;13;1;540;;HR59018407849;
INTRA-EX;202408;513881387;ATINTVAG35;87089199;HR;PT;10;EXW;11;3;;14,3;1;829;;HR59018407849;
INTRA-EX;202408;513881387;VWR1200R601E;84213100;HR;PT;10;EXW;11;3;;5,2;1;338;;HR09842419742;
INTRA-EX;202408;513881387;VWR17G8R600;84213100;HR;PT;10;EXW;11;3;;0,2;1;38;;HR09842419742;
INTRA-EX;202408;513881387;VWR120003;87089997;HR;PT;10;EXW;11;3;;1,3;1;178;;HR09842419742;
INTRA-EX;202408;513881387;MMBCC-MUS4-15PBE;84099100;GR;PT;10;EXW;11;3;;2,6;1;144;;GREL801563540;
INTRA-EX;202408;513881387;mmai-cla45-14bk;84213100;GR;PT;10;EXW;11;3;;3,8;1;255;;GREL156587530;
INTRA-EX;202408;513881387;MMBCC-F80-15CBE;87089997;GR;PT;10;EXW;11;3;;1,4;1;184;;GREL156587530;
INTRA-EX;202408;513881387;MMTS-F80-15;87089997;GR;PT;10;EXW;11;3;;0,5;1;68;;GREL156587530;
INTRA-EX;202408;513881387;MMAI-STI-08WRD;84213100;GR;PT;10;EXW;11;3;;3,7;1;212;;GREL156587530;
INTRA-EX;202408;513881387;MMGRT-215;87089997;GR;PT;10;EXW;11;3;;0,1;1;21;;GREL156587530;
INTRA-EX;202408;513881387;CTS-HW-306;87089997;GR;PT;10;EXW;11;3;;0,9;1;67;;GREL801324798;
INTRA-EX;202408;513881387;9-307-1060;84133080;GR;PT;10;EXW;11;3;;0,6;1;122;;GREL156587530;
INTRA-EX;202408;513881387;CTS-IT-190;87089997;GR;PT;10;EXW;11;3;;6;1;224;;GREL156587530;
INTRA-EX;202408;513881387;MMLG-125-20LBK;87141030;GR;PT;10;EXW;11;3;;0,8;1;54;;GREL156587530;
INTRA-EX;202408;513881387;MMRA-LC;87089235;GR;PT;10;EXW;11;3;;0,2;1;12;;GREL156587530;
INTRA-EX;202408;513881387;MMODP-2015B;87089235;GR;PT;10;EXW;11;3;;0,1;1;9;;GREL156587530;
INTRA-EX;202408;513881387;MMTS-WRX-01;87089997;GR;PT;10;EXW;11;3;;0,1;1;41;;GREL156587530;
INTRA-EX;202408;513881387;MMFS-WRX-01P;84149000;GR;PT;10;EXW;11;3;;5,4;1;187;;GREL156587530;
INTRA-EX;202408;513881387;MMTB-WRX-01;87089997;GR;PT;10;EXW;11;3;;0,5;1;64;;GREL156587530;
INTRA-EX;202408;513881387;MMRAD-WRX-01X;87089135;GR;PT;10;EXW;11;3;;7;1;222;;GREL156587530;
INTRA-EX;202408;513881387;EXHSL76;96072090;DE;PT;10;EXW;11;3;;0,7;5;71;;DE304909612;
INTRA-EX;202408;513881387;A1000008;87089997;DE;PT;10;EXW;11;3;;0,1;4;48;;DE304909612;
INTRA-EX;202408;513881387;MS100178;85111000;DE;PT;10;EXW;11;3;;0,1;4;22;;DE304909612;
INTRA-EX;202408;513881387;MS100197;85111000;DE;PT;10;EXW;11;3;;0,1;4;26;;DE304909612;
INTRA-EX;202408;513881387;CTS-HW-0420R-SL;87089997;DE;PT;10;EXW;11;3;;5;1;562;;DE181881308;
INTRA-EX;202408;513881387;10.127.101K;84133080;DE;PT;10;EXW;11;3;;0,3;1;227;;DE181881308;
INTRA-EX;202408;513881387;9-654-1025;84133080;DE;PT;10;EXW;11;3;;0,8;1;161;;DE181881308;
INTRA-EX;202408;513881387;9-655-1025;84133080;DE;PT;10;EXW;11;3;;0,8;1;161;;DE181881308;
INTRA-EX;202408;513881387;VWR1200R600E;84213100;DE;PT;10;EXW;11;3;;5,2;3;928;;DE181881308;
INTRA-EX;202408;513881387;CTS-HW-266-180;87089997;DE;PT;10;EXW;11;3;;2,7;1;284;;DE181881308;
INTRA-EX;202408;513881387;CI100042;84213100;PL;PT;10;EXW;11;3;;4,8;1;1306;;PL6772310933;
INTRA-EX;202408;513881387;9-201-1000;84133080;PL;PT;10;EXW;11;3;;0,5;4;283;;PL8141683531;
INTRA-EX;202408;513881387;EVE-151-G2-FTR;84213100;PL;PT;10;EXW;11;3;;0,5;2;127;;PL8141683531;
INTRA-EX;202408;513881387;EVE-4V8TT-CF-INT;84213100;PL;PT;10;EXW;11;3;;7,4;1;2039;;PL8141683531;
INTRA-EX;202408;513881387;EVE-G8XMV2-CF-INT;84213100;PL;PT;10;EXW;11;3;;7,2;2;3975;;PL8141683531;
INTRA-EX;202408;513881387;EVE-G8XMV2-CF-INT;84213100;PL;PT;10;EXW;11;3;;7,2;2;3975;;PL8141683531;
INTRA-EX;202408;513881387;EVE-FX34M-V2-INT;84213100;PL;PT;10;EXW;11;3;;5,9;1;999;;PL8141683531;
INTRA-EX;202408;513881387;EVE-W192-FTR;84213100;PL;PT;10;EXW;11;3;;0,6;1;71;;PL8141683531;
INTRA-EX;202408;513881387;10.127.113T;87089997;PL;PT;10;EXW;11;3;;0,2;1;21;;PL8141683531;
INTRA-EX;202408;513881387;9-201-1000;84133080;PL;PT;10;EXW;11;3;;0,5;1;70;;PL8141683531;
INTRA-EX;202408;513881387;EVE-151-G2-FTR;84213100;PL;PT;10;EXW;11;3;;0,5;1;63;;PL8141683531;
INTRA-EX;202408;513881387;SILZKBR8D8S-6;84099100;BE;PT;10;EXW;11;3;;0,2;1;65;;QV999999999999;
INTRA-EX;202408;513881387;U5055-6;84099100;BE;PT;10;EXW;11;3;;1,5;1;131;;QV999999999999;
INTRA-EX;202408;513881387;VWR140004;87089235;BE;PT;10;EXW;11;3;;1,7;1;158;;BE0789537438;
INTRA-EX;202408;513881387;VWR29DQ381;87089997;BE;PT;10;EXW;11;3;;6,2;1;524;;BE0789537438;
INTRA-EX;202408;513881387;VWR19G704;70102000;BE;PT;10;EXW;11;3;;0,1;1;49;;BE0789537438;
INTRA-EX;202408;513881387;VWR1200R601E;84213100;BE;PT;10;EXW;11;3;;5,2;1;338;;BE0789537438;
INTRA-EX;202408;513881387;VWR18G700;87089997;BE;PT;10;EXW;11;3;;4;1;420;;BE0789537438;
INTRA-EX;202408;513881387;EVE-B9RS5-CF-INT;84213100;BE;PT;10;EXW;11;3;;4,8;1;1178;;BE0740963105;
INTRA-EX;202408;513881387;EVE-FX34M-PF;84213100;BE;PT;10;EXW;11;3;;1,5;1;142;;BE0740963105;
INTRA-EX;202408;513881387;EVE-F8xM-PF;84212300;BE;PT;10;EXW;11;3;;1,5;1;85;;BE0740963105;
INTRA-EX;202408;513881387;VWR180001;84212300;BE;PT;10;EXW;11;3;;0,2;2;76;;BE0789537438;
INTRA-EX;202408;513881387;VWR13G700RFK;87089997;BE;PT;10;EXW;11;3;;0,5;1;46;;BE0789537438;
INTRA-EX;202408;513881387;VWR1200R600E;84213100;BE;PT;10;EXW;11;3;;5,2;1;309;;BE0789537438;
INTRA-EX;202408;513881387;EVE-F9XM5M8-CHG;84212300;BE;PT;10;EXW;11;3;;1,2;3;1417;;BE0740963105;
INTRA-EX;202408;513881387;EVE-N55V2-CF-INT;84213100;BE;PT;10;EXW;11;3;;5,1;1;985;;BE0740963105;
INTRA-EX;202408;513881387;NST36B;87088035;IT;PT;10;EXW;11;3;;3;1;96;;QV999999999999;
INTRA-EX;202408;513881387;PF04;90262020;IT;PT;10;EXW;11;3;;0,2;1;202;;QV999999999999;
INTRA-EX;202408;513881387;EVE-ST38V8S-CF-ENG;87089997;IT;PT;10;EXW;11;3;;1,3;1;428;;IT03656931205;
INTRA-EX;202408;513881387;EVE-FLC;87084099;IT;PT;10;EXW;11;3;;0,6;1;21;;IT03656931205;
INTRA-EX;202408;513881387;AC-300-CP;84099100;IT;PT;10;EXW;11;3;;0,3;4;47;;IT02710790060;
INTRA-EX;202408;513881387;TS-0223-1078;40091100;IT;PT;10;EXW;11;3;;0,4;1;149;;IT02710790060;
INTRA-EX;202408;513881387;9-307-1060;84133080;IT;PT;10;EXW;11;3;;0,6;1;122;;IT02710790060;
INTRA-EX;202408;513881387;VWR1200R601E;84213100;IT;PT;10;EXW;11;3;;5,2;1;338;;IT04146110160;
INTRA-EX;202408;513881387;VWR13G700;84099100;IT;PT;10;EXW;11;3;;2,8;1;468;;IT03813391202;
INTRA-EX;202408;513881387;VWR1200R601E;84213100;IT;PT;10;EXW;11;3;;5,2;1;338;;IT03813391202;
INTRA-EX;202408;513881387;FR-0419;84213100;IT;PT;10;EXW;11;3;;4;1;1128;;IT02710790060;
INTRA-EX;202408;513881387;AC-300-CP;84099100;IT;PT;10;EXW;11;3;;0,3;8;94;;IT02710790060;
INTRA-EX;202408;513881387;AC-MQB-IC;84198998;IT;PT;10;EXW;11;3;;16;1;324;;IT03656931205;
INTRA-EX;202408;513881387;VWR30G700;87089997;IT;PT;10;EXW;11;3;;17;1;377;;IT03656931205;
INTRA-EX;202408;513881387;AC-MK7-FU-RD;87088055;IT;PT;10;EXW;11;3;;2,2;1;59;;IT03656931205;
INTRA-EX;202408;513881387;EVE-FK2V2-CF-LHD-INT;84213100;IT;PT;10;EXW;11;3;;3,7;1;906;;IT03813391202;
INTRA-EX;202408;513881387;EVE-F56-PL-INT;84213100;IT;PT;10;EXW;11;3;;4,8;1;714;;IT03813391202;
INTRA-EX;202408;513881387;SILZKBR8D8S-6;84099100;NL;PT;10;EXW;11;3;;0,2;1;65;;QV999999999999;
INTRA-EX;202408;513881387;ILFR7H;85111000;NL;PT;10;EXW;11;3;;0,2;5;57;;NL859402022B01;
INTRA-EX;202408;513881387;06D115562;84099100;NL;PT;10;EXW;11;3;;0,2;1;3;;NL859402022B01;
INTRA-EX;202408;513881387;U5014;84099100;NL;PT;10;EXW;11;3;;0,3;5;106;;NL859402022B01;
INTRA-EX;202408;513881387;8E0971824S-RD;84099100;NL;PT;10;EXW;11;3;;0,2;1;7;;NL859402022B01;
INTRA-EX;202408;513881387;SP-731;32081090;NL;PT;10;EXW;11;3;;0,5;1;12;;NL859402022B01;
INTRA-EX;202408;513881387;CTS-IT-260;84213100;NL;PT;10;EXW;11;3;;5;1;202;;NL002241494B08;
INTRA-EX;202408;513881387;VWR640015;87089997;NL;PT;10;EXW;11;3;;2,2;2;131;;NL002254344B79;
INTRA-EX;202408;513881387;VWR640020;87089997;NL;PT;10;EXW;11;3;;2,2;1;74;;NL002254344B79;
INTRA-EX;202408;513881387;VWR180000;87089997;NL;PT;10;EXW;11;3;;0,1;2;18;;NL002254344B79;
INTRA-EX;202408;513881387;VWR810000;87089997;NL;PT;10;EXW;11;3;;0,2;4;68;;NL002254344B79;
INTRA-EX;202408;513881387;1K0253144AE;87089997;NL;PT;10;EXW;11;3;;1;1;6;;NL002254344B79;
INTRA-EX;202408;513881387;CTS-IGN-006;84099100;NL;PT;10;EXW;11;3;;0,3;27;809;;NL002254344B79;
INTRA-EX;202408;513881387;AC-200-QS;87089997;NL;PT;10;EXW;11;3;;0,4;1;49;;NL002241494B08;
INTRA-EX;202408;513881387;VWR160001;87089997;NL;PT;10;EXW;11;3;;0,4;1;86;;NL002241494B08;
INTRA-EX;202408;513881387;CTS-IGN-006;84099100;NL;PT;10;EXW;11;3;;0,3;24;719;;NL002254344B79;
INTRA-EX;202408;513881387;1K0253144AE;87089997;NL;PT;10;EXW;11;3;;1;1;6;;NL002254344B79;
INTRA-EX;202408;513881387;VWR12UPITINLET;84213100;NL;PT;10;EXW;11;3;;0,4;2;156;;NL002254344B79;
INTRA-EX;202408;513881387;VWR150003;90269000;NL;PT;10;EXW;11;3;;0,4;2;146;;NL002254344B79;
INTRA-EX;202408;513881387;VWR810002;87089997;NL;PT;10;EXW;11;3;;0,5;1;56;;NL002254344B79;
INTRA-EX;202408;513881387;VWR12P1GTIS38;40091100;NL;PT;10;EXW;11;3;;1,2;1;202;;NL002254344B79;
INTRA-EX;202408;513881387;VWR670008;10;NL;PT;10;EXW;11;3;;1,2;1;59;;NL002241494B08;
INTRA-EX;202408;513881387;VWR682000;87089997;NL;PT;10;EXW;11;3;;15,5;1;187;;NL002241494B08;
INTRA-EX;202408;513881387;EVE-FX34M-V2-INT;84213100;NL;PT;10;EXW;11;3;;5,9;1;999;;NL002241494B08;
INTRA-EX;202408;513881387;MMAI-MIA-16WBK;84213100;NL;PT;10;EXW;11;3;;6;1;316;;NL002241494B08;
INTRA-EX;202408;513881387;8D0121403M;84099100;NL;PT;10;EXW;11;3;;0,9;1;15;;NL002241494B08;
INTRA-EX;202408;513881387;8E0971824S-RD;84099100;NL;PT;10;EXW;11;3;;0,2;1;7;;NL002241494B08;
INTRA-EX;202408;513881387;R23-1-1100-01;40091100;NL;PT;10;EXW;11;3;;0,2;1;48;;NL002241494B08;
INTRA-EX;202408;513881387;PF04;90262020;NL;PT;10;EXW;11;3;;0,2;1;159;;NL002241494B08;
INTRA-EX;202408;513881387;CTS-IT-285;40091100;NL;PT;10;EXW;11;3;;0,3;1;59;;NL002241494B08;
INTRA-EX;202408;513881387;AC-FIST7-QS;87089997;NL;PT;10;EXW;11;3;;0,3;1;24;;NL002241494B08;
INTRA-EX;202408;513881387;VWR12UPITINLET;84213100;NL;PT;10;EXW;11;3;;0,4;1;78;;NL002241494B08;
INTRA-EX;202408;513881387;VWR640112;87089997;NL;PT;10;EXW;11;3;;2,2;1;62;;NL002241494B08;
INTRA-EX;202408;513881387;VWR12G60RFO;84213100;NL;PT;10;EXW;11;3;;0,5;1;76;;NL002254344B79;
INTRA-EX;202408;513881387;VWR900001;85111000;NL;PT;10;EXW;11;3;;0,3;4;122;;NL002254344B79;
INTRA-EX;202408;513881387;VWR640015;87089997;NL;PT;10;EXW;11;3;;2,2;1;65;;NL002254344B79;
INTRA-EX;202408;513881387;VWR810000;87089997;NL;PT;10;EXW;11;3;;0,2;2;34;;NL002254344B79;
INTRA-EX;202408;513881387;R7437-9;85111000;NL;PT;10;EXW;11;3;;0,1;5;176;;NL002254344B79;
INTRA-EX;202408;513881387;SILZKGR8B8S;85111000;NL;PT;10;EXW;11;3;;0,1;8;67;;NL002254344B79;
INTRA-EX;202408;513881387;MMODP-1615B;70102000;NL;PT;10;EXW;11;3;;0,1;1;9;;NL002241494B08;
INTRA-EX;202408;513881387;VWR160001;87089997;NL;PT;10;EXW;11;3;;0,4;1;86;;NL002241494B08;
INTRA-EX;202408;513881387;VWR900001;85111000;NL;PT;10;EXW;11;3;;0,3;4;122;;NL002241494B08;
INTRA-EX;202408;513881387;VWR1200R600E;84213100;NL;PT;10;EXW;11;3;;5,2;1;309;;NL002241494B08;
INTRA-EX;202408;513881387;VWR12G7R600ITBLA;84213100;NL;PT;10;EXW;11;3;;0,8;1;76;;NL002241494B08;
INTRA-EX;202408;513881387;VWR160001;87089997;NL;PT;10;EXW;11;3;;0,4;1;86;;NL002241494B08;
INTRA-EX;202408;513881387;VWR12G7R600ITINLET;87089997;NL;PT;10;EXW;11;3;;0,4;1;100;;NL002241494B08;
INTRA-EX;202408;513881387;EVE-B58-CF-INT;84213100;NL;PT;10;EXW;11;3;;5;1;928;;NL002254344B79;
INTRA-EX;202408;513881387;SHY0800-4P-BK;87083091;ES;PT;10;EXW;11;3;;0,8;1;76;;QV999999999999;
INTRA-EX;202408;513881387;FMRMIND-BK;40091100;ES;PT;10;EXW;11;3;;0,9;1;91;;QV999999999999;
INTRA-EX;202408;513881387;06E898001-8;85111000;ES;PT;10;EXW;11;3;;1,9;1;208;;QV999999999999;
INTRA-EX;202408;513881387;BKR8EIX-4;85111000;ES;PT;10;EXW;11;3;;0,2;1;41;;QV999999999999;
INTRA-EX;202408;513881387;06E898001-4;85111000;ES;PT;10;EXW;11;3;;1,2;1;104;;QV999999999999;
INTRA-EX;202408;513881387;VWR17G7R600;40091100;ES;PT;10;EXW;11;3;;0,2;1;48;;QV999999999999;
INTRA-EX;202408;513881387;VWR120003;87089997;ES;PT;10;EXW;11;3;;1,3;1;227;;QV999999999999;
INTRA-EX;202408;513881387;SHYP105;87089235;ES;PT;10;EXW;11;3;;4,9;1;178;;QV999999999999;
INTRA-EX;202408;513881387;BKR8EIX-4;85111000;ES;PT;10;EXW;11;3;;0,2;1;41;;QV999999999999;
INTRA-EX;202408;513881387;06E898001-4;85111000;ES;PT;10;EXW;11;3;;1,2;1;104;;QV999999999999;
INTRA-EX;202408;513881387;ATMSREN11;87089997;ES;PT;10;EXW;11;3;;1;1;262;;QV999999999999;
INTRA-EX;202408;513881387;FMINT33;87089235;ES;PT;10;EXW;11;3;;24,8;1;1170;;ES53267474A;
INTRA-EX;202408;513881387;MMRAD-E36-92;87089135;ES;PT;10;EXW;11;3;;6,7;1;225;;QV999999999999;
INTRA-EX;202408;513881387;MMHOSE-E36-92BK;40091100;ES;PT;10;EXW;11;3;;0,7;1;83;;QV999999999999;
INTRA-EX;202408;513881387;MMWP-M50-92;84099100;ES;PT;10;EXW;11;3;;1,2;1;49;;QV999999999999;
INTRA-EX;202408;513881387;MMRA-LC;87089235;ES;PT;10;EXW;11;3;;0,2;1;19;;QV999999999999;
INTRA-EX;202408;513881387;8E0971824S-RD;84099100;ES;PT;10;EXW;11;3;;0,2;1;14;;QV999999999999;
INTRA-EX;202408;513881387;70017-AM107;84213100;ES;PT;10;EXW;11;3;;0,7;1;33;;ES44472151H;
INTRA-EX;202408;513881387;AC-250-IP;84198998;ES;PT;10;EXW;11;3;;1,9;1;119;;QV999999999999;
INTRA-EX;202408;513881387;ILFR6B-5;84099100;ES;PT;10;EXW;11;3;;0,8;1;44;;QV999999999999;
INTRA-EX;202408;513881387;AC-250-IP;84198998;ES;PT;10;EXW;11;3;;1,9;1;119;;QV999999999999;
INTRA-EX;202408;513881387;NST80;87088035;ES;PT;10;EXW;11;3;;2,7;1;121;;QV999999999999;
INTRA-EX;202408;513881387;FMMK7INDH-RD;40093100;ES;PT;10;EXW;11;3;;0,8;1;75;;QV999999999999;
INTRA-EX;202408;513881387;AC-MK7-DI.A;87089997;ES;PT;10;EXW;11;3;;0,1;1;31;;QV999999999999;
INTRA-EX;202408;513881387;KLC167A;87088055;ES;PT;10;EXW;11;3;;1,4;1;120;;QV999999999999;
INTRA-EX;202408;513881387;ILZKBR7B8G-4;87089997;ES;PT;10;EXW;11;3;;0,2;1;36;;QV999999999999;
INTRA-EX;202408;513881387;30-4110;87089997;ES;PT;10;EXW;11;3;;0,7;1;173;;QV999999999999;
INTRA-EX;202408;513881387;BKR7EIX-4;84099100;ES;PT;10;EXW;11;3;;0,5;1;40;;QV999999999999;
INTRA-EX;202408;513881387;06E898001-4;85111000;ES;PT;10;EXW;11;3;;1,2;1;104;;QV999999999999;
INTRA-EX;202408;513881387;30-3300;87089997;ES;PT;10;EXW;11;3;;4,9;1;399;;ESB42954230;
INTRA-EX;202408;513881387;VWR810002;87089997;ES;PT;10;EXW;11;3;;0,5;1;56;;ESB42954230;
INTRA-EX;202408;513881387;VWR13G700;84099100;ES;PT;10;EXW;11;3;;2,8;1;468;;ESB42954230;
INTRA-EX;202408;513881387;VWR13G700-SERV;87089997;ES;PT;10;EXW;11;3;;0,1;1;21;;ESB42954230;
INTRA-EX;202408;513881387;VWR13G700RFK;87089997;ES;PT;10;EXW;11;3;;0,5;1;46;;ESB42954230;
INTRA-EX;202408;513881387;VWR130006;84099100;ES;PT;10;EXW;11;3;;0,3;1;40;;ESB42954230;
INTRA-EX;202408;513881387;CTS-IT-280;87089235;ES;PT;10;EXW;11;3;;1,5;1;127;;ESB42954230;
INTRA-EX;202408;513881387;VWR160001;87089997;ES;PT;10;EXW;11;3;;0,4;5;429;;ESB42954230;
INTRA-EX;202408;513881387;VWR12G7R600OS;84213100;ES;PT;10;EXW;11;3;;0,3;1;21;;ESB42954230;
INTRA-EX;202408;513881387;VWR1200R601E;84213100;ES;PT;10;EXW;11;3;;5,2;1;338;;ESB42954230;
INTRA-EX;202408;513881387;KCA476;87088055;ES;PT;10;EXW;11;3;;2,1;1;268;;ES44534463T;
INTRA-EX;202408;513881387;01J-00-0740-4;84133080;ES;PT;10;EXW;11;3;;0,3;1;359;;ESB66283003;
INTRA-EX;202408;513881387;MMRAD-STI-08X;87089135;ES;PT;10;EXW;11;3;;6,9;1;263;;ESB66283003;
INTRA-EX;202408;513881387;9-201-0847;84133080;ES;PT;10;EXW;11;3;;0,6;1;70;;ESB66283003;
INTRA-EX;202408;513881387;9-651-1026;84133080;ES;PT;10;EXW;11;3;;0,5;2;206;;ESB66283003;
INTRA-EX;202408;513881387;EVE-GR4-CF-INT;84213100;ES;PT;10;EXW;11;3;;5,7;1;975;;ES18062887K;
INTRA-EX;202408;513881387;MMHP-GRB-2424;10;ES;PT;10;EXW;11;3;;0,3;1;21;;ES39913758H;
INTRA-EX;202408;513881387;MMGRT-215;87089997;ES;PT;10;EXW;11;3;;0,1;1;21;;ES39913758H;
INTRA-EX;202408;513881387;CTS-IT-110;40091100;ES;PT;10;EXW;11;3;;1,3;1;172;;ESB72996382;
INTRA-EX;202408;513881387;VWR1200R601E;84213100;ES;PT;10;EXW;11;3;;5,2;2;676;;ESB42954230;
INTRA-EX;202408;513881387;AC-MQB-IC;84198998;ES;PT;10;EXW;11;3;;16;1;324;;ESB67084251;
INTRA-EX;202408;513881387;WSK-SUB006;87088055;ES;PT;10;EXW;11;3;;7,4;1;99;;ESB67084251;
INTRA-EX;202408;513881387;EVE-M2C-CF-INT;84213100;ES;PT;10;EXW;11;3;;6;1;1485;;ESB55258800;
INTRA-EX;202408;513881387;AC-18FW-DP;87089997;ES;PT;10;EXW;11;3;;7;1;92;;ESB55258800;
INTRA-EX;202408;513881387;EVE-F56-LCI-PL-INT;84213100;ES;PT;10;EXW;11;3;;4,8;1;714;;ESB86420924;
INTRA-EX;202408;513881387;VWR12G7R601FO;84213100;ES;PT;10;EXW;11;3;;0,9;1;112;;ESB04855516;
INTRA-EX;202408;513881387;SMNS011;87089235;ES;PT;10;EXW;11;3;;25,5;1;465;;ESB88553946;
INTRA-EX;202408;513881387;EVE-M2C-CF-INT;84213100;ES;PT;10;EXW;11;3;;6;1;1485;;ESB86420924;
INTRA-EX;202408;513881387;MMGRT-215;87089997;ES;PT;10;EXW;11;3;;0,1;1;21;;ES43179343V;
INTRA-EX;202408;513881387;P3ABS;90269000;ES;PT;10;EXW;11;3;;0,1;1;52;;ES43179343V;
INTRA-EX;202408;513881387;R7437-9;85111000;ES;PT;10;EXW;11;3;;0,1;4;141;;ES44534463T;
INTRA-EX;202408;513881387;SMNX014;84099100;ES;PT;10;EXW;11;3;;8,5;1;513;;ES28841101K;
INTRA-EX;202408;513881387;VWR1200R601E;84213100;ES;PT;10;EXW;11;3;;5,2;1;338;;ESB42954230;
INTRA-EX;202408;513881387;MS100210;85111000;ES;PT;10;EXW;11;3;;0,3;4;99;;ESB42954230;
INTRA-EX;202408;513881387;KCA472;87088035;ES;PT;10;EXW;11;3;;2;1;136;;ESB42954230;
INTRA-EX;202408;513881387;VWR12G7R600FO;84213100;ES;PT;10;EXW;11;3;;0,5;2;153;;ESB42954230;
INTRA-EX;202408;513881387;CI100039-B;40091100;ES;PT;10;EXW;11;3;;1,7;1;132;;ESB42954230;
INTRA-EX;202408;513881387;ARMABM8235-A;84213100;ES;PT;10;EXW;11;3;;5,8;1;581;;ESB86420924;
INTRA-EX;202408;513881387;VWR12G7R601FO;84213100;ES;PT;10;EXW;11;3;;0,9;1;112;;ES44719365M;
INTRA-EX;202408;513881387;SMNC010;87089235;ES;PT;10;EXW;11;3;;3,7;1;231;;ESB42771618;
INTRA-EX;202408;513881387;AC-MK7-INLET;40091100;ES;PT;10;EXW;11;3;;0,3;1;45;;ESB42771618;
INTRA-EX;202408;513881387;AC-MK7-MD;87089997;ES;PT;10;EXW;11;3;;0,4;1;43;;ESB42771618;
INTRA-EX;202408;513881387;AC-MK7-IND-BK;40091100;ES;PT;10;EXW;11;3;;0,9;1;32;;ESB42771618;
INTRA-EX;202408;513881387;MMBCC-F80-15CBE;87089997;ES;PT;10;EXW;11;3;;1,4;2;368;;ESB88553946;
INTRA-EX;202408;513881387;MMICP-G80-21;87089199;ES;PT;10;EXW;11;3;;5,2;1;390;;ESB88553946;
INTRA-EX;202408;513881387;MMRAD-E46-323;87089997;ES;PT;10;EXW;11;3;;7,2;1;213;;ES43179343V;
INTRA-EX;202408;513881387;EVE-ST38Y-CF-INT;84213100;ES;PT;10;EXW;11;3;;7;1;1285;;ESB19296938;
INTRA-EX;202408;513881387;17U-01-0750-4;87089997;ES;PT;10;EXW;11;3;;0,3;1;299;;ESB70550694;
INTRA-EX;202408;513881387;VWR1200R600E;84213100;ES;PT;10;EXW;11;3;;5,2;2;619;;ESB70550694;
INTRA-EX;202408;513881387;VWR12G7R600ITINLET;87089997;ES;PT;10;EXW;11;3;;0,4;2;200;;ESB70550694;
INTRA-EX;202408;513881387;VWR160001;87089997;ES;PT;10;EXW;11;3;;0,4;2;171;;ESB70550694;
INTRA-EX;202408;513881387;TS-0203-1262;87089997;ES;PT;10;EXW;11;3;;0,4;1;136;;ESB70550694;
INTRA-EX;202408;513881387;VWR81G700;87088055;ES;PT;10;EXW;11;3;;2,6;1;319;;ESE24731622;
INTRA-EX;202408;513881387;043151.271937;84836080;FR;PT;10;EXW;11;3;;0,2;1;49;;QV999999999999;
INTRA-EX;202408;513881387;CTS-HW-308;84213100;FR;PT;10;EXW;11;3;;0,1;1;134;;QV999999999999;
INTRA-EX;202408;513881387;FMSTC1-RD;84073410;FR;PT;10;EXW;11;3;;0,2;1;59;;QV999999999999;
INTRA-EX;202408;513881387;CTS-HW-0133;84099100;FR;PT;10;EXW;11;3;;0,5;1;135;;QV999999999999;
INTRA-EX;202408;513881387;KDT911;87089997;FR;PT;10;EXW;11;3;;0,8;1;79;;QV999999999999;
INTRA-EX;202408;513881387;VWR121000;842131000;FR;PT;10;EXW;11;3;;2;1;318;;QV999999999999;
INTRA-EX;202408;513881387;06A115561B;84099100;FR;PT;10;EXW;11;3;;0,5;2;10;;QV999999999999;
INTRA-EX;202408;513881387;W13203;87088035;FR;PT;10;EXW;11;3;;0,1;2;32;;QV999999999999;
INTRA-EX;202408;513881387;1J0201511A;84099100;FR;PT;10;EXW;11;3;;0,4;1;5;;QV999999999999;
INTRA-EX;202408;513881387;1J0121407E;87089997;FR;PT;10;EXW;11;3;;0,9;1;10;;QV999999999999;
INTRA-EX;202408;513881387;AC-180-DB;87089997;FR;PT;10;EXW;11;3;;1,5;1;32;;QV999999999999;
INTRA-EX;202408;513881387;058198025A;87089997;FR;PT;10;EXW;11;3;;0,3;1;8;;QV999999999999;
INTRA-EX;202408;513881387;1J0819644A;84099100;FR;PT;10;EXW;11;3;;0,5;1;7;;QV999999999999;
INTRA-EX;202408;513881387;EVO9202;84213100;FR;PT;10;EXW;11;3;;6,8;1;356;;QV999999999999;
INTRA-EX;202408;513881387;CTS-HW-450;87089997;FR;PT;10;EXW;11;3;;0,8;1;137;;QV999999999999;
INTRA-EX;202408;513881387;24996-AK051;84213100;FR;PT;10;EXW;11;3;;0,4;1;69;;QV999999999999;
INTRA-EX;202408;513881387;R7437-8-4;84099100;FR;PT;10;EXW;11;3;;0,2;1;160;;QV999999999999;
INTRA-EX;202408;513881387;VWR180000;87089997;FR;PT;10;EXW;11;3;;0,1;1;13;;QV999999999999;
INTRA-EX;202408;513881387;1K0121407A;87089997;FR;PT;10;EXW;11;3;;0,8;1;9;;QV999999999999;
INTRA-EX;202408;513881387;1K0253144BD;40091100;FR;PT;10;EXW;11;3;;0,2;1;9;;QV999999999999;
INTRA-EX;202408;513881387;SILZKBR8D8S-6;84099100;FR;PT;10;EXW;11;3;;0,2;1;66;;QV999999999999;
INTRA-EX;202408;513881387;UE-TW2-1212;87088055;FR;PT;10;EXW;11;3;;1,7;1;104;;QV999999999999;
INTRA-EX;202408;513881387;420121321;84099100;FR;PT;10;EXW;11;3;;0,1;1;29;;QV999999999999;
INTRA-EX;202408;513881387;420103485B;70102000;FR;PT;10;EXW;11;3;;0,1;1;23;;QV999999999999;
INTRA-EX;202408;513881387;06E898001-4;85111000;FR;PT;10;EXW;11;3;;1,2;1;104;;QV999999999999;
INTRA-EX;202408;513881387;CTS-IT-810;40091100;FR;PT;10;EXW;11;3;;1,4;1;220;;FR47422629238;
INTRA-EX;202408;513881387;VWR640012;87089997;FR;PT;10;EXW;11;3;;2,2;1;78;;QV999999999999;
INTRA-EX;202408;513881387;VWR640015;87089997;FR;PT;10;EXW;11;3;;2,2;1;84;;QV999999999999;
INTRA-EX;202408;513881387;VWR800001-BLK;87089235;FR;PT;10;EXW;11;3;;0,5;1;42;;QV999999999999;
INTRA-EX;202408;513881387;AC-N55-IC;84198998;FR;PT;10;EXW;11;3;;18;1;374;;FR47422629238;
INTRA-EX;202408;513881387;AC-300-CP-6;84099100;FR;PT;10;EXW;11;3;;1,6;1;107;;FR47422629238;
INTRA-EX;202408;513881387;SILZKBR8D8S-6;84099100;FR;PT;10;EXW;11;3;;0,2;1;66;;FR47422629238;
INTRA-EX;202408;513881387;KLC180-295;87089997;FR;PT;10;EXW;11;3;;1,1;1;97;;QV999999999999;
INTRA-EX;202408;513881387;AC-MK7-MD;87089997;FR;PT;10;EXW;11;3;;0,4;1;65;;QV999999999999;
INTRA-EX;202408;513881387;AC-MK7-INLET;40091100;FR;PT;10;EXW;11;3;;0,3;1;67;;QV999999999999;
INTRA-EX;202408;513881387;EVO9202;84213100;FR;PT;10;EXW;11;3;;6,8;1;356;;QV999999999999;
INTRA-EX;202408;513881387;UR-FT4-2846;87088055;FR;PT;10;EXW;11;3;;4,5;1;174;;QV999999999999;
INTRA-EX;202408;513881387;MMFS-EVO-01;84149000;FR;PT;10;EXW;11;3;;3,4;1;169;;QV999999999999;
INTRA-EX;202408;513881387;BWR20XZ;87088055;FR;PT;10;EXW;11;3;;5,8;1;172;;QV999999999999;
INTRA-EX;202408;513881387;SP1202WR;84213100;FR;PT;10;EXW;11;3;;3,1;1;242;;QV999999999999;
INTRA-EX;202408;513881387;1033BLK;84213100;FR;PT;10;EXW;11;3;;0,3;1;24;;QV999999999999;
INTRA-EX;202408;513881387;CTS-IT-105R;84213100;FR;PT;10;EXW;11;3;;5;1;256;;FR09800029712;
INTRA-EX;202408;513881387;CTS-HS-150;87089997;FR;PT;10;EXW;11;3;;0,6;1;36;;FR09800029712;
INTRA-EX;202408;513881387;SILZKFR8F7S-8;85111000;FR;PT;10;EXW;11;3;;0,4;1;85;;FR24985381391;
INTRA-EX;202408;513881387;SILZKBR8D8S-6;84099100;FR;PT;10;EXW;11;3;;0,2;1;66;;QV999999999999;
INTRA-EX;202408;513881387;MMTS-F80-15;87089997;FR;PT;10;EXW;11;3;;0,5;1;93;;FR35504243288;
INTRA-EX;202408;513881387;AC-S55-CHP;84835020;FR;PT;10;EXW;11;3;;0,3;1;74;;FR35504243288;
INTRA-EX;202408;513881387;ATMSBMW10;40091100;FR;PT;10;EXW;11;3;;0,8;1;144;;FR35504243288;
INTRA-EX;202408;513881387;AC-N55-TP;40091100;FR;PT;10;EXW;11;3;;1,7;2;299;;FR35504243288;
INTRA-EX;202408;513881387;SBW1162-4P-BL;87083091;FR;PT;10;EXW;11;3;;0,5;1;84;;FR35504243288;
INTRA-EX;202408;513881387;AC-WS-BM-12;87088099;FR;PT;10;EXW;11;3;;2,4;1;34;;FR35504243288;
INTRA-EX;202408;513881387;HP-180;87089235;FR;PT;10;EXW;11;3;;0,8;1;143;;QV999999999999;
INTRA-EX;202408;513881387;MMICP-FIST-14HWBK;40091100;FR;PT;10;EXW;11;3;;2,4;1;131;;QV999999999999;
INTRA-EX;202408;513881387;EVE-FLC;87084099;FR;PT;10;EXW;11;3;;0,6;1;21;;FR82530667591;
INTRA-EX;202408;513881387;VWR12P2GTM;84213100;FR;PT;10;EXW;11;3;;2,1;1;444;;FR82530667591;
INTRA-EX;202408;513881387;10.127.203K;84132000;FR;PT;10;EXW;11;3;;0,3;1;227;;FR96845021542;
INTRA-EX;202408;513881387;SMBC004;87089235;FR;PT;10;EXW;11;3;;8,9;1;299;;FR90912665460;
INTRA-EX;202408;513881387;RF100024;84099100;FR;PT;10;EXW;11;3;;0,7;1;37;;FR82530667591;
INTRA-EX;202408;513881387;VWR1200R600E;84213100;FR;PT;10;EXW;11;3;;5,2;1;309;;FR82530667591;
INTRA-EX;202408;513881387;MMINT-MK7-15;84198998;FR;PT;10;EXW;11;3;;16,5;1;538;;FR81803959303;
INTRA-EX;202408;513881387;SILZKBR8D8S;85111000;FR;PT;10;EXW;11;3;;0,1;6;57;;FR81803959303;
INTRA-EX;202408;513881387;VWR120010;40091100;FR;PT;10;EXW;11;3;;1,4;1;178;;FR82530667591;
INTRA-EX;202408;513881387;EVE-B9RS5-CF-INT;84213100;FR;PT;10;EXW;11;3;;4,8;1;1178;;FR26750353237;
INTRA-EX;202408;513881387;EVE-FLC;87084099;FR;PT;10;EXW;11;3;;0,6;1;21;;FR82530667591;
INTRA-EX;202408;513881387;CTS-IGN-008;84099100;FR;PT;10;EXW;11;3;;0,3;2;70;;QV999999999999;
INTRA-EX;202408;513881387;JSK-140-RD;84213100;FR;PT;10;EXW;11;3;;1,6;1;200;;QV999999999999;
INTRA-EX;202408;513881387;D401-0042;84099100;FR;PT;10;EXW;11;3;;0,9;1;62;;QV999999999999;
INTRA-EX;202408;513881387;SILZKBR8D8S-6;84099100;FR;PT;10;EXW;11;3;;0,2;1;66;;QV999999999999;
INTRA-EX;202408;513881387;AC-S55-CHP;84835020;FR;PT;10;EXW;11;3;;0,3;1;74;;QV999999999999;
INTRA-EX;202408;513881387;3P3BF1XW;87089997;FR;PT;10;EXW;11;3;;0,4;1;322;;QV999999999999;
INTRA-EX;202408;513881387;CTS-IT-800;84213100;HU;PT;10;EXW;11;3;;3,6;1;262;;QV999999999999;
INTRA-EX;202408;513881387;VWR130006;84099100;HU;PT;10;EXW;11;3;;0,3;1;40;;HU25464285;
INTRA-EX;202408;513881387;CTS-IT-910;40091100;HU;PT;10;EXW;11;3;;1,9;1;142;;HU25464285;
INTRA-EX;202408;513881387;CTS-IT-256;40091100;HU;PT;10;EXW;11;3;;2,3;1;149;;HU25464285;
INTRA-EX;202408;513881387;CTS-IT-810;40091100;HU;PT;10;EXW;11;3;;1,4;2;329;;HU25464285;
INTRA-EX;202408;513881387;RF100027;84099100;HU;PT;10;EXW;11;3;;0,7;1;42;;QV999999999999;
INTRA-EX;202408;513881387;06D115562;84099100;HU;PT;10;EXW;11;3;;0,2;1;4;;QV999999999999;
INTRA-EX;202408;513881387;1K1819653B;84099100;HU;PT;10;EXW;11;3;;0,5;1;7;;QV999999999999;
INTRA-EX;202408;513881387;AC-VAG-ODP;70102000;HU;PT;10;EXW;11;3;;0,2;1;7;;QV999999999999;
INTRA-EX;202408;513881387;VWR180001;84212300;SI;PT;10;EXW;11;3;;0,2;1;48;;QV999999999999;
INTRA-EX;202408;513881387;VWR13G700-SERV;87089997;SI;PT;10;EXW;11;3;;0,1;1;27;;QV999999999999;
INTRA-EX;202408;513881387;VWR120001;87089997;SI;PT;10;EXW;11;3;;0,1;1;6;;QV999999999999;
INTRA-EX;202408;513881387;VWR900002-4;84099100;GR;PT;10;EXW;11;3;;1,2;1;157;;GREL099510210;
INTRA-EX;202408;513881387;VWR180004;87089997;GR;PT;10;EXW;11;3;;0,1;1;34;;GREL099510210;
INTRA-EX;202408;513881387;VWR810009;87089997;GR;PT;10;EXW;11;3;;0,2;1;51;;GREL099510210;
INTRA-EX;202408;513881387;VWR810005;87082990;GR;PT;10;EXW;11;3;;0,4;1;159;;GREL099510210;
INTRA-EX;202408;513881387;VWR502000;87089997;GR;PT;10;EXW;11;3;;1;1;134;;GREL099510210;
INTRA-EX;202408;513881387;VWR810006;87089997;GR;PT;10;EXW;11;3;;1,5;1;257;;GREL099510210;
INTRA-EX;202408;513881387;VWR150003;90269000;GR;PT;10;EXW;11;3;;0,4;1;93;;GREL099510210;
INTRA-EX;202408;513881387;VWR800001;58109210;GR;PT;10;EXW;11;3;;0,1;1;9;;GREL099510210;
INTRA-EX;202408;513881387;VSTD8-C1SA4;87089997;DE;PT;10;EXW;11;3;;26,5;1;734;;DE304909612;
INTRA-EX;202408;513881387;AC-45-IT;84213100;BE;PT;10;EXW;11;3;;1,5;1;156;;QV999999999999;
INTRA-EX;202408;513881387;ILZKBR7B8G-4;87089997;BE;PT;10;EXW;11;3;;0,2;1;36;;QV999999999999;
INTRA-EX;202408;513881387;U5055-4;84099100;BE;PT;10;EXW;11;3;;1,2;1;87;;QV999999999999;
INTRA-EX;202408;513881387;FMMD5;87089235;BE;PT;10;EXW;11;3;;0,6;1;140;;QV999999999999;
INTRA-EX;202408;513881387;VWR17G7R600;40091100;BE;PT;10;EXW;11;3;;0,2;1;38;;BE0789537438;
INTRA-EX;202408;513881387;VWR1200R600E;84213100;BE;PT;10;EXW;11;3;;5,2;1;309;;BE0789537438;
INTRA-EX;202408;513881387;VWR12G7R600ITBLA;84213100;BE;PT;10;EXW;11;3;;0,8;1;76;;BE0789537438;
INTRA-EX;202408;513881387;VWR12G7R600ITINLET;87089997;BE;PT;10;EXW;11;3;;0,4;1;100;;BE0789537438;
INTRA-EX;202408;513881387;VWR160001;87089997;BE;PT;10;EXW;11;3;;0,4;1;86;;BE0789537438;
INTRA-EX;202408;513881387;VWR1241S4;84213100;BE;PT;10;EXW;11;3;;1,8;1;745;;BE0897648094;
INTRA-EX;202408;513881387;EUPD4002112R;84099100;IT;PT;10;EXW;11;3;;1,4;1;724;;IT02643740026;
INTRA-EX;202408;513881387;MS100204-4;84099100;IT;PT;10;EXW;11;3;;1,2;1;180;;IT02643740026;
INTRA-EX;202408;513881387;VWR12G7R600ITINLET;87089997;IT;PT;10;EXW;11;3;;0,4;1;100;;IT03813391202;
INTRA-EX;202408;513881387;VWR1200R601E;84213100;IT;PT;10;EXW;11;3;;5,2;1;338;;IT03813391202;
INTRA-EX;202408;513881387;VWR12G7R600ITBLU;84213100;IT;PT;10;EXW;11;3;;0,8;1;76;;IT03813391202;
INTRA-EX;202408;513881387;VWR13G700;84099100;IT;PT;10;EXW;11;3;;2,8;1;468;;IT03943631204;
INTRA-EX;202408;513881387;MMRAD-MAC-06;87089135;IT;PT;10;EXW;11;3;;8,3;1;208;;IT03943631204;
INTRA-EX;202408;513881387;10.127.203K;84132000;IT;PT;10;EXW;11;3;;0,3;1;227;;IT03943631204;
INTRA-EX;202408;513881387;FMACVAG03G;84099100;NL;PT;10;EXW;11;3;;0,8;1;140;;QV999999999999;
INTRA-EX;202408;513881387;2Q0121321A;87089997;NL;PT;10;EXW;11;3;;0,2;1;8;;QV999999999999;
INTRA-EX;202408;513881387;1J0121407E;87089997;NL;PT;10;EXW;11;3;;0,9;1;10;;QV999999999999;
INTRA-EX;202408;513881387;TS-0623-1072;87089997;NL;PT;10;EXW;11;3;;0,6;1;179;;QV999999999999;
INTRA-EX;202408;513881387;35PE134;87083091;NL;PT;10;EXW;11;3;;8,1;1;92;;QV999999999999;
INTRA-EX;202408;513881387;VWR420001;87089997;NL;PT;10;EXW;11;3;;2;1;203;;QV999999999999;
INTRA-EX;202408;513881387;VWR520000;87089997;NL;PT;10;EXW;11;3;;0,7;1;170;;QV999999999999;
INTRA-EX;202408;513881387;TS-0223-1079;87089997;NL;PT;10;EXW;11;3;;0,4;1;149;;NL002241494B08;
INTRA-EX;202408;513881387;CTS-IT-270R;84213100;NL;PT;10;EXW;11;3;;4,3;1;247;;NL002241494B08;
INTRA-EX;202408;513881387;VWR900002;85111000;NL;PT;10;EXW;11;3;;0,3;4;122;;NL002241494B08;
INTRA-EX;202408;513881387;VWR160001;87089997;NL;PT;10;EXW;11;3;;0,4;1;86;;NL002241494B08;
INTRA-EX;202408;513881387;AC-FIST7-QS;87089997;NL;PT;10;EXW;11;3;;0,3;1;24;;NL002241494B08;
INTRA-EX;202408;513881387;CTS-AF-270;84213100;NL;PT;10;EXW;11;3;;0,5;1;37;;NL002241494B08;
INTRA-EX;202408;513881387;VWR17G7R600;40091100;NL;PT;10;EXW;11;3;;0,2;1;38;;NL002241494B08;
INTRA-EX;202408;513881387;EVE-E9X-CFM-INT;10;NL;PT;10;EXW;11;3;;3;1;621;;NL002241494B08;
INTRA-EX;202408;513881387;ARMABZA250G-A;84213100;NL;PT;10;EXW;11;3;;5,9;1;579;;NL002241494B08;
INTRA-EX;202408;513881387;AC-200-DB;87089997;NL;PT;10;EXW;11;3;;0,6;1;49;;NL002241494B08;
INTRA-EX;202408;513881387;VWR31T120;10;NL;PT;10;EXW;11;3;;11;1;161;;NL002254344B79;
INTRA-EX;202408;513881387;R7437-9;85111000;NL;PT;10;EXW;11;3;;0,1;5;176;;NL002254344B79;
INTRA-EX;202408;513881387;VWR180000;87089997;NL;PT;10;EXW;11;3;;0,1;1;9;;NL002254344B79;
INTRA-EX;202408;513881387;9-354-1025;84133080;NL;PT;10;EXW;11;3;;0,8;1;161;;NL002254344B79;
INTRA-EX;202408;513881387;CTS-IGN-006;84099100;NL;PT;10;EXW;11;3;;0,3;21;629;;NL002254344B79;
INTRA-EX;202408;513881387;SILFER8C7ES;85111000;NL;PT;10;EXW;11;3;;0,1;5;47;;NL002254344B79;
INTRA-EX;202408;513881387;SILZKGR8B8S;85111000;NL;PT;10;EXW;11;3;;0,1;12;101;;NL002254344B79;
INTRA-EX;202408;513881387;AC-211-CFA;87089997;NL;PT;10;EXW;11;3;;0,1;1;16;;NL002254344B79;
INTRA-EX;202408;513881387;SILZKFR8D7S;85111000;NL;PT;10;EXW;11;3;;0,2;6;45;;NL002254344B79;
INTRA-EX;202408;513881387;BKR7EIX;85111000;NL;PT;10;EXW;11;3;;0,1;9;77;;NL002254344B79;
INTRA-EX;202408;513881387;CTS-IT-220R;84213100;NL;PT;10;EXW;11;3;;4,5;1;247;;NL002254344B79;
INTRA-EX;202408;513881387;PP1949;84213100;ES;PT;10;EXW;11;3;;0,7;1;37;;QV999999999999;
INTRA-EX;202408;513881387;SAU0631-4C-BK;87083091;ES;PT;10;EXW;11;3;;0,5;1;104;;QV999999999999;
INTRA-EX;202408;513881387;BF410LV;87089997;ES;PT;10;EXW;11;3;;1,3;2;25;;QV999999999999;
INTRA-EX;202408;513881387;KCA416;87141030;ES;PT;10;EXW;11;3;;0,6;1;31;;QV999999999999;
INTRA-EX;202408;513881387;AC-BM-ODP;87089997;ES;PT;10;EXW;11;3;;0,1;1;12;;QV999999999999;
INTRA-EX;202408;513881387;BBF38Z;87088055;ES;PT;10;EXW;11;3;;8;1;191;;QV999999999999;
INTRA-EX;202408;513881387;BBR38Z;85111000;ES;PT;10;EXW;11;3;;5;1;182;;QV999999999999;
INTRA-EX;202408;513881387;A1000004;87089997;ES;PT;10;EXW;11;3;;0,1;1;6;;QV999999999999;
INTRA-EX;202408;513881387;06A115561B;84099100;ES;PT;10;EXW;11;3;;0,5;1;5;;QV999999999999;
INTRA-EX;202408;513881387;1J0121407E;87089997;ES;PT;10;EXW;11;3;;0,9;2;20;;QV999999999999;
INTRA-EX;202408;513881387;FM225SH-BK;40091100;ES;PT;10;EXW;11;3;;0,1;1;27;;QV999999999999;
INTRA-EX;202408;513881387;FM225AH-BK;40093100;ES;PT;10;EXW;11;3;;0,3;1;44;;QV999999999999;
INTRA-EX;202408;513881387;BKR7EIX-4;84099100;ES;PT;10;EXW;11;3;;0,5;1;40;;QV999999999999;
INTRA-EX;202408;513881387;SNN0910-1C-BK;87083091;ES;PT;10;EXW;11;3;;0,3;1;28;;QV999999999999;
INTRA-EX;202408;513881387;CTS-IT-220R;84213100;ES;PT;10;EXW;11;3;;4,5;1;278;;QV999999999999;
INTRA-EX;202408;513881387;034-145-A059;40093100;ES;PT;10;EXW;11;3;;1,3;1;151;;ESB15501539;
INTRA-EX;202408;513881387;VWR12G7R600ITBLA;84213100;ES;PT;10;EXW;11;3;;0,8;1;117;;ESB15501539;
INTRA-EX;202408;513881387;AC-Z33-FU;87089997;ES;PT;10;EXW;11;3;;4;1;49;;ESB67084251;
INTRA-EX;202408;513881387;SVXC059;87089235;ES;PT;10;EXW;11;3;;2,1;1;223;;QV999999999999;
INTRA-EX;202408;513881387;E10-82-092-01-22;73202081;ES;PT;10;EXW;11;3;;11;1;182;;ESB93570570;
INTRA-EX;202408;513881387;STY0014-4P-BK;87083091;ES;PT;10;EXW;11;3;;0,5;1;77;;ESB93570570;
INTRA-EX;202408;513881387;ATMSYGR07;87089997;ES;PT;10;EXW;11;3;;0,5;1;118;;ESB93570570;
INTRA-EX;202408;513881387;STY0014-1C-BK;87083091;ES;PT;10;EXW;11;3;;0,5;1;24;;ESB93570570;
INTRA-EX;202408;513881387;BTF102Z;87088055;ES;PT;10;EXW;11;3;;5,7;1;179;;ESB93570570;
INTRA-EX;202408;513881387;BTR102Z;87088055;ES;PT;10;EXW;11;3;;5,6;1;179;;ESB93570570;
INTRA-EX;202408;513881387;WB-512;84213100;ES;PT;10;EXW;11;3;;0,3;1;48;;ESB93570570;
INTRA-EX;202408;513881387;UR-TW4-3717;87088055;ES;PT;10;EXW;11;3;;4,3;1;159;;QV999999999999;
INTRA-EX;202408;513881387;SMA0112-4P-BK;87083091;ES;PT;10;EXW;11;3;;0,5;1;104;;QV999999999999;
INTRA-EX;202408;513881387;RBF600;27101999;ES;PT;10;EXW;11;3;;0,6;2;19;;QV999999999999;
INTRA-EX;202408;513881387;WA302R+L;87088055;FR;PT;10;EXW;11;3;;5,5;1;191;;QV999999999999;
INTRA-EX;202408;513881387;SAUC089;87089235;FR;PT;10;EXW;11;3;;9,7;1;748;;FR67949185920;
INTRA-EX;202408;513881387;AC-200-OSA;87089997;FR;PT;10;EXW;11;3;;0,2;1;27;;QV999999999999;
INTRA-EX;202408;513881387;20VW33006X-RD;87089997;FR;PT;10;EXW;11;3;;26,7;1;1056;;FR05914432513;
INTRA-EX;202408;513881387;VWR120000;84213100;FR;PT;10;EXW;11;3;;1;1;27;;QV999999999999;
INTRA-EX;202408;513881387;AC-200-VRH-RD;40093100;FR;PT;10;EXW;11;3;;0,6;1;23;;QV999999999999;
INTRA-EX;202408;513881387;SILZKBR8D8S-6;84099100;FR;PT;10;EXW;11;3;;0,2;1;66;;QV999999999999;
INTRA-EX;202408;513881387;420121321;84099100;FR;PT;10;EXW;11;3;;0,1;1;29;;QV999999999999;
INTRA-EX;202408;513881387;420103485B;70102000;FR;PT;10;EXW;11;3;;0,1;1;23;;QV999999999999;
INTRA-EX;202408;513881387;06E898001-6;85111000;FR;PT;10;EXW;11;3;;1,9;1;157;;QV999999999999;
INTRA-EX;202408;513881387;PFR8S8EG-6;87089997;FR;PT;10;EXW;11;3;;1,4;1;68;;QV999999999999;
INTRA-EX;202408;513881387;03K906051;90269000;FR;PT;10;EXW;11;3;;0,1;1;19;;QV999999999999;
INTRA-EX;202408;513881387;10.127.100K;84132000;FR;PT;10;EXW;11;3;;0,3;1;314;;QV999999999999;
INTRA-EX;202408;513881387;MMRAD-E90-07;87089135;FR;PT;10;EXW;11;3;;6,4;1;447;;FR35504243288;
INTRA-EX;202408;513881387;11427566327;84099100;FR;PT;10;EXW;11;3;;0,1;3;15;;FR35504243288;
INTRA-EX;202408;513881387;MMIG-BMW-0206;85111000;FR;PT;10;EXW;11;3;;2;3;331;;FR35504243288;
INTRA-EX;202408;513881387;MMBCC-N54-06CBE2;87089997;FR;PT;10;EXW;11;3;;2,1;1;188;;FR35504243288;
INTRA-EX;202408;513881387;CTS-IT-290R;84213100;FR;PT;10;EXW;11;3;;6;1;276;;QV999999999999;
INTRA-EX;202408;513881387;SVW0630-4P-BK;87083091;FR;PT;10;EXW;11;3;;0,5;1;78;;QV999999999999;
INTRA-EX;202408;513881387;RBF600;27101999;FR;PT;10;EXW;11;3;;0,6;2;19;;QV999999999999;
INTRA-EX;202408;513881387;03K906051;90269000;FR;PT;10;EXW;11;3;;0,1;2;38;;QV999999999999;
INTRA-EX;202408;513881387;SILZKBR8D8S-6;84099100;FR;PT;10;EXW;11;3;;0,2;1;66;;QV999999999999;
INTRA-EX;202408;513881387;MMTS-CTR-17;90321020;FR;PT;10;EXW;11;3;;0,2;1;51;;FR93538688557;
INTRA-EX;202408;513881387;MMIG-BMW-0206;85111000;FR;PT;10;EXW;11;3;;2;1;110;;FR93538688557;
INTRA-EX;202408;513881387;SILZKGR8B8S-4;84099100;FR;PT;10;EXW;11;3;;0,2;1;39;;QV999999999999;
INTRA-EX;202408;513881387;CTS-IT-255R;87089135;FR;PT;10;EXW;11;3;;8;1;322;;QV999999999999;
INTRA-EX;202408;513881387;BKR7EIX-4;84099100;FR;PT;10;EXW;11;3;;0,5;1;40;;QV999999999999;
INTRA-EX;202408;513881387;CTS-AF-275;84213100;FR;PT;10;EXW;11;3;;0,5;1;49;;QV999999999999;
INTRA-EX;202408;513881387;VWR123020;84213100;FR;PT;10;EXW;11;3;;3,4;1;327;;QV999999999999;
INTRA-EX;202408;513881387;AC-MK45-RU-RD;87088055;FR;PT;10;EXW;11;3;;2,8;1;74;;QV999999999999;
INTRA-EX;202408;513881387;71008-AT021;84213100;FR;PT;10;EXW;11;3;;2,9;1;833;;QV999999999999;
INTRA-EX;202408;513881387;UR-LA4-1192;87088055;FR;PT;10;EXW;11;3;;3,8;1;124;;QV999999999999;
INTRA-EX;202408;513881387;UR-RL4-2960;87088055;FR;PT;10;EXW;11;3;;2,6;1;116;;FR66919803585;
INTRA-EX;202408;513881387;UR-LA2-829;87088055;FR;PT;10;EXW;11;3;;1,4;1;71;;FR66919803585;
INTRA-EX;202408;513881387;FMMD1;87089997;FR;PT;10;EXW;11;3;;0,7;1;142;;FR66919803585;
INTRA-EX;202408;513881387;AC-200-QS;87089997;FR;PT;10;EXW;11;3;;0,4;1;74;;FR66919803585;
INTRA-EX;202408;513881387;UR-ML4-1193;87088055;FR;PT;10;EXW;11;3;;3,8;1;116;;FR66919803585;
INTRA-EX;202408;513881387;UR-RT2-329;87088055;FR;PT;10;EXW;11;3;;2,5;1;74;;FR66919803585;
INTRA-EX;202408;513881387;AC-S55-CHP;84835020;FR;PT;10;EXW;11;3;;0,3;1;74;;FR06531292472;
INTRA-EX;202408;513881387;EVE-W210-FTR;84213100;FR;PT;10;EXW;11;3;;0,6;4;319;;FR32803663178;
INTRA-EX;202408;513881387;FMHFIP1;87089235;FR;PT;10;EXW;11;3;;2,8;1;249;;QV999999999999;
INTRA-EX;202408;513881387;MMRAD-MAC-06;87089135;FR;PT;10;EXW;11;3;;8,3;1;279;;QV999999999999;
INTRA-EX;202408;513881387;1K0253144BD;40091100;FR;PT;10;EXW;11;3;;0,2;1;9;;QV999999999999;
INTRA-EX;202408;513881387;RBF600;27101999;FR;PT;10;EXW;11;3;;0,6;4;38;;QV999999999999;
INTRA-EX;202408;513881387;E10-75-012-05-22;73202081;FR;PT;10;EXW;11;3;;10;1;201;;FR62897446571;
INTRA-EX;202408;513881387;UR-TW2-2762;87088055;FR;PT;10;EXW;11;3;;2;1;131;;QV999999999999;
INTRA-EX;202408;513881387;4B1609H-STD;40091100;FR;PT;10;EXW;11;3;;0,5;1;44;;QV999999999999;
INTRA-EX;202408;513881387;06E898001-6;85111000;FR;PT;10;EXW;11;3;;1,9;1;157;;FR23980921654;
INTRA-EX;202408;513881387;VWR90000-4;84099100;HU;PT;10;EXW;11;3;;1,2;1;148;;QV999999999999;
INTRA-EX;202408;513881387;ATINTFT1-BL;87089199;GR;PT;10;EXW;11;3;;16,7;1;562;;GREL801563540;
INTRA-EX;202408;513881387;EVE-B9RS5-CF-INT;84213100;PL;PT;10;EXW;11;3;;4,8;1;1178;;PL8141683531;
INTRA-EX;202408;513881387;TS-0203-1262;87089997;BE;PT;10;EXW;11;3;;0,4;1;182;;QV999999999999;
INTRA-EX;202408;513881387;SILZKGR8B8S;85111000;BE;PT;10;EXW;11;3;;0,1;55;465;;BE0740963105;
INTRA-EX;202408;513881387;AC-200-CH-RD;40093100;IT;PT;10;EXW;11;3;;1;1;69;;IT02710790060;
INTRA-EX;202408;513881387;MS100252-6;84099100;NL;PT;10;EXW;11;3;;2,5;1;276;;NL859373976B01;
INTRA-EX;202408;513881387;AC-MK7-MD;87089997;NL;PT;10;EXW;11;3;;0,4;1;43;;NL002241494B08;
INTRA-EX;202408;513881387;VWR1200R601E;84213100;NL;PT;10;EXW;11;3;;5,2;1;338;;NL002241494B08;
INTRA-EX;202408;513881387;MMHOSE-WRX-01RD;40093100;NL;PT;10;EXW;11;3;;0,7;1;67;;NL002241494B08;
INTRA-EX;202408;513881387;8E0971824S-RD;84099100;NL;PT;10;EXW;11;3;;0,2;1;7;;NL002241494B08;
INTRA-EX;202408;513881387;EVE-S1-CF-INT;84213100;NL;PT;10;EXW;11;3;;3,2;1;456;;NL002254344B79;
INTRA-EX;202408;513881387;VWR19G711;84213100;NL;PT;10;EXW;11;3;;0,3;1;65;;NL002254344B79;
INTRA-EX;202408;513881387;VWR190002;87089997;NL;PT;10;EXW;11;3;;0,2;1;49;;NL002254344B79;
INTRA-EX;202408;513881387;VWR19G707;84213100;NL;PT;10;EXW;11;3;;0,1;1;49;;NL002254344B79;
INTRA-EX;202408;513881387;VWR19G701;87089997;NL;PT;10;EXW;11;3;;0,2;1;40;;NL002254344B79;
INTRA-EX;202408;513881387;VWR19G704;70102000;NL;PT;10;EXW;11;3;;0,1;2;98;;NL002254344B79;
INTRA-EX;202408;513881387;VWR640015;87089997;NL;PT;10;EXW;11;3;;2,2;1;65;;NL002254344B79;
INTRA-EX;202408;513881387;CTS-IGN-006;84099100;NL;PT;10;EXW;11;3;;0,3;19;569;;NL002254344B79;
INTRA-EX;202408;513881387;SILZKBR8D8S;85111000;NL;PT;10;EXW;11;3;;0,1;10;95;;NL002254344B79;
INTRA-EX;202408;513881387;BKR7EIX-4;84099100;ES;PT;10;EXW;11;3;;0,5;1;40;;ES44739907P;
INTRA-EX;202408;513881387;216EVOBO;90262020;ES;PT;10;EXW;11;3;;0,3;1;66;;ES44739907P;
INTRA-EX;202408;513881387;AC-VAG-BC;87089997;ES;PT;10;EXW;11;3;;0,2;1;22;;ES44739907P;
INTRA-EX;202408;513881387;AC-VAG-ODP;70102000;ES;PT;10;EXW;11;3;;0,2;1;8;;ES44739907P;
INTRA-EX;202408;513881387;ES-361074;87089997;ES;PT;10;EXW;11;3;;1,5;1;68;;QV999999999999;
INTRA-EX;202408;513881387;06E898001-6;85111000;ES;PT;10;EXW;11;3;;1,9;1;157;;ESB86420924;
INTRA-EX;202408;513881387;MS100204-4;84099100;ES;PT;10;EXW;11;3;;1,2;1;179;;QV999999999999;
INTRA-EX;202408;513881387;MN44;87089235;ES;PT;10;EXW;11;3;;5,8;1;175;;ESB72435332;
INTRA-EX;202408;513881387;FMDV37;84818040;ES;PT;10;EXW;11;3;;0,6;1;175;;QV999999999999;
INTRA-EX;202408;513881387;SVW0621-4P-BK;87083091;ES;PT;10;EXW;11;3;;0,5;1;76;;QV999999999999;
INTRA-EX;202408;513881387;DBA2472S-2;87089997;ES;PT;10;EXW;11;3;;19;1;182;;QV999999999999;
INTRA-EX;202408;513881387;KLC167A;87088055;ES;PT;10;EXW;11;3;;1,4;1;120;;QV999999999999;
INTRA-EX;202408;513881387;R7438-9;84099100;ES;PT;10;EXW;11;3;;0,1;5;166;;ESB44942472;
INTRA-EX;202408;513881387;MMOC-BRZ-13T;87089135;ES;PT;10;EXW;11;3;;5,4;1;420;;ESB66283003;
INTRA-EX;202408;513881387;MMAI-350Z-03H;84213100;ES;PT;10;EXW;11;3;;3,9;1;134;;ESB66283003;
INTRA-EX;202408;513881387;MMRAD-GLF-99;87089135;ES;PT;10;EXW;11;3;;8;1;208;;ES18062887K;
INTRA-EX;202408;513881387;FMRMIND-RD;40091100;FR;PT;10;EXW;11;3;;0,9;1;88;;QV999999999999;
INTRA-EX;202408;513881387;U5055-4;84099100;FR;PT;10;EXW;11;3;;1,2;1;88;;QV999999999999;
INTRA-EX;202408;513881387;E10-55-013-03-22;73202081;FR;PT;10;EXW;11;3;;9,8;1;167;;QV999999999999;
INTRA-EX;202408;513881387;SNN0910-1C-BK;87083091;FR;PT;10;EXW;11;3;;0,3;1;28;;QV999999999999;
INTRA-EX;202408;513881387;IFR7G-11KS-4;85111000;FR;PT;10;EXW;11;3;;0,2;1;59;;QV999999999999;
INTRA-EX;202408;513881387;PP1895;84213100;FR;PT;10;EXW;11;3;;0,5;1;38;;QV999999999999;
INTRA-EX;202408;513881387;SILZKBR8D8S-6;84099100;FR;PT;10;EXW;11;3;;0,2;1;66;;QV999999999999;
INTRA-EX;202408;513881387;R17-10-2;40091100;LT;PT;10;EXW;11;3;;0,1;1;48;;LT100016248411;
INTRA-EX;202408;513881387;MMTS-F80-15;87089997;LT;PT;10;EXW;11;3;;0,5;1;68;;LT100016248411;
INTRA-EX;202408;513881387;VWR49G700;87084099;SK;PT;10;EXW;11;3;;0,1;1;131;;SK2120270581;
INTRA-EX;202408;513881387;VWR1200R600E;84213100;SK;PT;10;EXW;11;3;;5,2;1;309;;SK2120270581;
INTRA-EX;202408;513881387;VWR12G7R600ITBLA;84213100;SK;PT;10;EXW;11;3;;0,8;1;76;;SK2120270581;
INTRA-EX;202408;513881387;VWR160001;87089997;SK;PT;10;EXW;11;3;;0,4;1;86;;SK2120270581;
INTRA-EX;202408;513881387;VWR12G7R600ITINLET;87089997;SK;PT;10;EXW;11;3;;0,4;1;100;;SK2120270581;
INTRA-EX;202408;513881387;CTS-IT-289;84213100;SK;PT;10;EXW;11;3;;3,3;1;284;;SK2120270581;
INTRA-EX;202408;513881387;PF04;90262020;HR;PT;10;EXW;11;3;;0,2;1;206;;HR59018407849;
INTRA-EX;202408;513881387;BSF20Z;87088055;GR;PT;10;EXW;11;3;;4,1;1;122;;GREL156587530;
INTRA-EX;202408;513881387;EVE-4V8TT-CF-INT;84213100;PL;PT;10;EXW;11;3;;7,4;1;2039;;PL8141683531;
INTRA-EX;202408;513881387;VWR1200R601E;84213100;IT;PT;10;EXW;11;3;;5,2;1;338;;IT02710790060;
INTRA-EX;202408;513881387;AC-MK7-FU-RD;87088055;NL;PT;10;EXW;11;3;;2,2;1;59;;NL002241494B08;
INTRA-EX;202408;513881387;DILKAR8R9HS-4;85111000;ES;PT;10;EXW;11;3;;0,6;1;62;;QV999999999999;
INTRA-EX;202408;513881387;SAU0431-4P-BK;87083091;ES;PT;10;EXW;11;3;;0,5;1;78;;ES46054743A;
INTRA-EX;202408;513881387;8E0971824S-RD;84099100;ES;PT;10;EXW;11;3;;0,2;1;14;;ES46054743A;
INTRA-EX;202408;513881387;JSK-101-DD;84213100;ES;PT;10;EXW;11;3;;4,4;1;247;;QV999999999999;
INTRA-EX;202408;513881387;FMPCVD1;87089997;ES;PT;10;EXW;11;3;;0,3;1;94;;QV999999999999;
INTRA-EX;202408;513881387;CTS-IGN-006;84099100;ES;PT;10;EXW;11;3;;0,3;4;139;;QV999999999999;
INTRA-EX;202408;513881387;VWR180000;87089997;ES;PT;10;EXW;11;3;;0,1;1;13;;QV999999999999;
INTRA-EX;202408;513881387;FMHPRM-BL;40091100;ES;PT;10;EXW;11;3;;3,5;1;176;;QV999999999999;
INTRA-EX;202408;513881387;FMSS114-YL;87089997;ES;PT;10;EXW;11;3;;0,1;1;7;;QV999999999999;
INTRA-EX;202408;513881387;SRNC032;87089235;ES;PT;10;EXW;11;3;;5,2;1;195;;ES33558767L;
INTRA-EX;202408;513881387;SRN032;87089235;ES;PT;10;EXW;11;3;;21,4;1;599;;ES33558767L;
INTRA-EX;202408;513881387;CTS-IT-275;87089235;ES;PT;10;EXW;11;3;;1,7;1;149;;ES33558767L;
INTRA-EX;202408;513881387;AC-FU-E36;87088055;ES;PT;10;EXW;11;3;;3;1;59;;ESB67084251;
INTRA-EX;202408;513881387;VWR810002;87089997;ES;PT;10;EXW;11;3;;0,5;1;56;;ES44534463T;
INTRA-EX;202408;513881387;SHYP102;87089997;ES;PT;10;EXW;11;3;;2,4;1;224;;ESB67084251;
INTRA-EX;202408;513881387;CTS-IT-220R;84213100;ES;PT;10;EXW;11;3;;4,5;1;247;;ESB67084251;
INTRA-EX;202408;513881387;AC-S4B5-CB;;ES;PT;10;EXW;11;3;;0,1;1;273;;ESB67084251;
INTRA-EX;202408;513881387;U5014;84099100;ES;PT;10;EXW;11;3;;0,3;4;85;;ESB04855516;
INTRA-EX;202408;513881387;P-HF876;87089997;ES;PT;10;EXW;11;3;;1,5;1;595;;ESB04855516;
INTRA-EX;202408;513881387;VWR120010;40091100;ES;PT;10;EXW;11;3;;1,4;2;357;;ESB42954230;
INTRA-EX;202408;513881387;VWR1200R601E;84213100;ES;PT;10;EXW;11;3;;5,2;1;338;;ESB42954230;
INTRA-EX;202408;513881387;VWR180006;87089997;ES;PT;10;EXW;11;3;;0,1;1;10;;ESB42954230;
INTRA-EX;202408;513881387;VWR180000;87089997;ES;PT;10;EXW;11;3;;0,1;1;9;;ESB42954230;
INTRA-EX;202408;513881387;VWR120000;84213100;ES;PT;10;EXW;11;3;;1;2;51;;ESB42954230;
INTRA-EX;202408;513881387;VWR18G700;87089997;ES;PT;10;EXW;11;3;;4;1;420;;ESB72996382;
INTRA-EX;202408;513881387;WHL00002;85111000;ES;PT;10;EXW;11;3;;12;4;1086;;ESB72996382;
INTRA-EX;202408;513881387;MMRAD-CIV-92;87089135;ES;PT;10;EXW;11;3;;4,2;1;138;;ES18062887K;
INTRA-EX;202408;513881387;CTS-TR-1000;87089997;ES;PT;10;EXW;11;3;;9,8;1;599;;ESB26554915;
INTRA-EX;202408;513881387;AC-WS-12-BT;87088099;FR;PT;10;EXW;11;3;;2,3;1;46;;QV999999999999;
INTRA-EX;202408;513881387;BHR67Z;87088055;FR;PT;10;EXW;11;3;;5;1;183;;QV999999999999;
INTRA-EX;202408;513881387;BHF50Z;87088055;FR;PT;10;EXW;11;3;;5;1;183;;QV999999999999;
INTRA-EX;202408;513881387;06E898001-4;85111000;FR;PT;10;EXW;11;3;;1,2;1;104;;QV999999999999;
INTRA-EX;202408;513881387;FMACCVXR;84818040;FR;PT;10;EXW;11;3;;0,5;1;167;;QV999999999999;
INTRA-EX;202408;513881387;VWR120000;84213100;FR;PT;10;EXW;11;3;;1;1;27;;QV999999999999;
INTRA-EX;202408;513881387;ZKER6A-10EG-3;85111000;FR;PT;10;EXW;11;3;;0,8;1;15;;QV999999999999;
INTRA-EX;202408;513881387;AC-MK7-HPFP;87089997;FR;PT;10;EXW;11;3;;1,5;1;509;;FR58910324516;
INTRA-EX;202408;513881387;AC-200-QS;87089997;FR;PT;10;EXW;11;3;;0,4;1;74;;QV999999999999;
INTRA-EX;202408;513881387;VWR810000;87089997;FR;PT;10;EXW;11;3;;0,2;1;25;;QV999999999999;
INTRA-EX;202408;513881387;VWR900001-4;84099100;FR;PT;10;EXW;11;3;;1,2;1;157;;QV999999999999;
INTRA-EX;202408;513881387;Z1003100-5;85111000;FR;PT;10;EXW;11;3;;0,5;1;150;;QV999999999999;
INTRA-EX;202408;513881387;CTS-IT-110;40091100;FR;PT;10;EXW;11;3;;1,3;1;190;;QV999999999999;
INTRA-EX;202408;513881387;R7437-9-5;85111000;FR;PT;10;EXW;11;3;;0,3;1;208;;QV999999999999;
INTRA-EX;202408;513881387;50-1200;87089997;FR;PT;10;EXW;11;3;;0,5;1;104;;FR55524167806;
INTRA-EX;202408;513881387;UR-LA8-1257;87088055;FR;PT;10;EXW;11;3;;5,3;1;183;;QV999999999999;
INTRA-EX;202408;513881387;UR-LA2-1256;87088055;FR;PT;10;EXW;11;3;;1,7;1;82;;QV999999999999;
INTRA-EX;202408;513881387;R7437-9-4;87089997;RO;PT;10;EXW;11;3;;0,2;2;335;;QV999999999999;
INTRA-EX;202408;513881387;FMDV18-BK;84814090;BE;PT;10;EXW;11;3;;1,5;1;202;;QV999999999999;
INTRA-EX;202408;513881387;FMINDK45-PLEATED;84213100;BE;PT;10;EXW;11;3;;6,2;1;207;;QV999999999999;
INTRA-EX;202408;513881387;AC-200-QS;87089997;BE;PT;10;EXW;11;3;;0,4;1;74;;QV999999999999;
INTRA-EX;202408;513881387;216VWBWEOP270;90269000;BE;PT;10;EXW;11;3;;0,3;1;70;;QV999999999999;
INTRA-EX;202408;513881387;PP1624;84213100;BE;PT;10;EXW;11;3;;0,5;1;37;;QV999999999999;
INTRA-EX;202408;513881387;EVE-B9RS5-CF-INT;84213100;BE;PT;10;EXW;11;3;;4,8;1;1178;;BE0789537438;
INTRA-EX;202408;513881387;NST37;87088035;IT;PT;10;EXW;11;3;;2,2;1;96;;QV999999999999;
INTRA-EX;202408;513881387;VWR650000-BLU;87083099;IT;PT;10;EXW;11;3;;39,8;1;2838;;IT03813391202;
INTRA-EX;202408;513881387;AC-200-TP;40091100;IT;PT;10;EXW;11;3;;1,7;1;73;;IT03656931205;
INTRA-EX;202408;513881387;SVAGC005;87089235;IT;PT;10;EXW;11;3;;11;1;251;;IT03656931205;
INTRA-EX;202408;513881387;EVE-2TFSI-CF-INT;84213100;IT;PT;10;EXW;11;3;;3,5;1;663;;IT08839490011;
INTRA-EX;202408;513881387;U5014;84099100;IT;PT;10;EXW;11;3;;0,3;16;342;;IT08839490011;
INTRA-EX;202408;513881387;10.127.100K;84132000;IT;PT;10;EXW;11;3;;0,3;2;454;;IT08839490011;
INTRA-EX;202408;513881387;AC-MK8-IC;87089199;IT;PT;10;EXW;11;3;;16,5;1;349;;IT02710790060;
INTRA-EX;202408;513881387;CTS-HW-0377;87089997;NL;PT;10;EXW;11;3;;0,3;1;75;;QV999999999999;
INTRA-EX;202408;513881387;CTS-HW-0242;70102000;NL;PT;10;EXW;11;3;;0,5;1;62;;QV999999999999;
INTRA-EX;202408;513881387;VWR800003;58109210;NL;PT;10;EXW;11;3;;0,1;1;9;;QV999999999999;
INTRA-EX;202408;513881387;AC-180-DB;87089997;NL;PT;10;EXW;11;3;;1,5;1;21;;NL002241494B08;
INTRA-EX;202408;513881387;AC-18FW-DP;87089997;NL;PT;10;EXW;11;3;;7;1;92;;NL002241494B08;
INTRA-EX;202408;513881387;MMRAD-GLF-99;87089135;ES;PT;10;EXW;11;3;;8;1;277;;QV999999999999;
INTRA-EX;202408;513881387;MMTS-GTI-99;90321020;ES;PT;10;EXW;11;3;;0,1;1;47;;QV999999999999;
INTRA-EX;202408;513881387;216EVOWT-C;90262020;ES;PT;10;EXW;11;3;;0,2;1;50;;QV999999999999;
INTRA-EX;202408;513881387;ATIKFO21;87089235;ES;PT;10;EXW;11;3;;2,1;1;177;;QV999999999999;
INTRA-EX;202408;513881387;30-4110;87089997;ES;PT;10;EXW;11;3;;0,7;1;173;;QV999999999999;
INTRA-EX;202408;513881387;FMFSITVR-BK;84814090;ES;PT;10;EXW;11;3;;0,7;1;204;;QV999999999999;
INTRA-EX;202408;513881387;SFD0253-4P-BK;87083091;ES;PT;10;EXW;11;3;;0,5;1;78;;QV999999999999;
INTRA-EX;202408;513881387;VWR670004;87083099;ES;PT;10;EXW;11;3;;2,2;1;95;;ESB04855516;
INTRA-EX;202408;513881387;VWR670007;87089997;ES;PT;10;EXW;11;3;;1,1;2;119;;ESB04855516;
INTRA-EX;202408;513881387;VWR670006;87089235;ES;PT;10;EXW;11;3;;2,8;2;238;;ESB04855516;
INTRA-EX;202408;513881387;EVE-B58-CF-INT;84213100;ES;PT;10;EXW;11;3;;5;1;928;;ESB19296938;
INTRA-EX;202408;513881387;ILZKAR7A10-8;85111000;FR;PT;10;EXW;11;3;;0,4;1;73;;QV999999999999;
INTRA-EX;202408;513881387;BKR7EIX-4;84099100;FR;PT;10;EXW;11;3;;0,5;1;40;;QV999999999999;
INTRA-EX;202408;513881387;VWR11G701;84213100;FR;PT;10;EXW;11;3;;0,3;1;73;;QV999999999999;
INTRA-EX;202408;513881387;BMF51X;87088055;FR;PT;10;EXW;11;3;;7,9;1;174;;QV999999999999;
INTRA-EX;202408;513881387;SILZKGR8B8S-6;85111000;FR;PT;10;EXW;11;3;;0,2;2;118;;FR35504243288;
INTRA-EX;202408;513881387;CTS-IT-341;40091100;FR;PT;10;EXW;11;3;;1,4;1;202;;FR35504243288;
INTRA-EX;202408;513881387;SILZKBR8D8S-6;84099100;FR;PT;10;EXW;11;3;;0,2;2;132;;FR35504243288;
INTRA-EX;202408;513881387;6B1584H-STD;40091100;FR;PT;10;EXW;11;3;;0,4;1;134;;FR35504243288;
INTRA-EX;202408;513881387;11427566327;84099100;FR;PT;10;EXW;11;3;;0,1;3;15;;FR35504243288;
INTRA-EX;202408;513881387;CTS-IGN-009;84099100;FR;PT;10;EXW;11;3;;0,3;6;190;;FR35504243288;
INTRA-EX;202408;513881387;CTS-IT-910;40091100;FR;PT;10;EXW;11;3;;1,9;1;161;;FR35504243288;
INTRA-EX;202408;513881387;CTS-IGN-008;84099100;FR;PT;10;EXW;11;3;;0,3;6;210;;FR35504243288;
INTRA-EX;202408;513881387;VWR12G7R600FO;84213100;FR;PT;10;EXW;11;3;;0,5;1;92;;QV999999999999;
INTRA-EX;202408;513881387;FMFSITAT-BK;87089997;FR;PT;10;EXW;11;3;;0,7;1;217;;QV999999999999;
INTRA-EX;202408;513881387;R02-10-2;40091100;FR;PT;10;EXW;11;3;;0,1;1;83;;QV999999999999;
INTRA-EX;202408;513881387;UR-RE2-1833;87088055;FR;PT;10;EXW;11;3;;2;1;105;;QV999999999999;
INTRA-EX;202408;513881387;PFR8S8EG;85111000;FR;PT;10;EXW;11;3;;0,2;8;78;;FR05802699280;
INTRA-EX;202408;513881387;U5014;84099100;FR;PT;10;EXW;11;3;;0,3;9;192;;FR05802699280;
INTRA-EX;202408;513881387;8E0971824S-RD;84099100;FR;PT;10;EXW;11;3;;0,2;2;15;;FR88985403690;
INTRA-EX;202408;513881387;FMKTRC-BK;40091100;IE;PT;10;EXW;11;3;;1,7;1;183;;QV999999999999;
INTRA-EX;202408;513881387;FMDVC200A-BK;87089997;IE;PT;10;EXW;11;3;;0,8;1;175;;QV999999999999;
INTRA-EX;202408;513881387;VWR12G7R601FO;84213100;RO;PT;10;EXW;11;3;;0,9;1;136;;QV999999999999;
INTRA-EX;202408;513881387;ATIKVAG19-RD;84213100;DE;PT;10;EXW;11;3;;4,9;1;223;;QV999999999999;
INTRA-EX;202408;513881387;VWR13G700;84099100;DE;PT;10;EXW;11;3;;2,8;1;468;;DE181881308;
INTRA-EX;202408;513881387;PF04;90262020;DE;PT;10;EXW;11;3;;0,2;2;318;;DE181881308;
INTRA-EX;202408;513881387;PF05;90262020;DE;PT;10;EXW;11;3;;0,2;2;341;;DE181881308;
INTRA-EX;202408;513881387;ALP.19.08.0002-1;84213100;BE;PT;10;EXW;11;3;;0,7;1;99;;QV999999999999;
INTRA-EX;202408;513881387;VWR1200R600E;84213100;IT;PT;10;EXW;11;3;;5,2;1;309;;IT03813391202;
INTRA-EX;202408;513881387;VWR12G7R600ITINLET;87089997;IT;PT;10;EXW;11;3;;0,4;1;100;;IT03813391202;
INTRA-EX;202408;513881387;VWR12G7R600ITRED;84213100;IT;PT;10;EXW;11;3;;0,8;1;76;;IT03813391202;
INTRA-EX;202408;513881387;VWR160001;87089997;IT;PT;10;EXW;11;3;;0,4;1;86;;IT03813391202;
INTRA-EX;202408;513881387;R7437-8;85111000;NL;PT;10;EXW;11;3;;0,1;40;1362;;NL002241494B08;
INTRA-EX;202408;513881387;MMRAD-E90-07A;87089135;NL;PT;10;EXW;11;3;;6,4;1;396;;NL002241494B08;
INTRA-EX;202408;513881387;CTS-EXH-TP-0008;87089235;NL;PT;10;EXW;11;3;;4;1;112;;NL002241494B08;
INTRA-EX;202408;513881387;VWR3130RS;87088035;NL;PT;10;EXW;11;3;;9,2;1;161;;NL002254344B79;
INTRA-EX;202408;513881387;ES-335300;87089997;ES;PT;10;EXW;11;3;;0,9;1;45;;QV999999999999;
INTRA-EX;202408;513881387;AC-45-FU-BK;84213100;ES;PT;10;EXW;11;3;;2,7;1;111;;QV999999999999;
INTRA-EX;202408;513881387;UR-ML2-3055;87088055;ES;PT;10;EXW;11;3;;2;1;96;;QV999999999999;
INTRA-EX;202408;513881387;WB-439;84213100;ES;PT;10;EXW;11;3;;0,3;1;53;;QV999999999999;
INTRA-EX;202408;513881387;RBF600;27101999;ES;PT;10;EXW;11;3;;0,6;2;19;;QV999999999999;
INTRA-EX;202408;513881387;SBW1176-4P-BK;87083091;ES;PT;10;EXW;11;3;;0,5;1;83;;QV999999999999;
INTRA-EX;202408;513881387;ATMSREN7;87089997;ES;PT;10;EXW;11;3;;0,9;1;116;;QV999999999999;
INTRA-EX;202408;513881387;AC-MK7-IND-BK;40091100;ES;PT;10;EXW;11;3;;0,9;1;48;;QV999999999999;
INTRA-EX;202408;513881387;VWR17G7R600;40091100;ES;PT;10;EXW;11;3;;0,2;1;48;;QV999999999999;
INTRA-EX;202408;513881387;VWR13G700-SERV;87089997;ES;PT;10;EXW;11;3;;0,1;1;28;;QV999999999999;
INTRA-EX;202408;513881387;CTS-IT-275;87089235;ES;PT;10;EXW;11;3;;1,7;1;168;;QV999999999999;
INTRA-EX;202408;513881387;9-201-1031;84133080;ES;PT;10;EXW;11;3;;0,5;1;89;;QV999999999999;
INTRA-EX;202408;513881387;BKR8EIX-4;85111000;ES;PT;10;EXW;11;3;;0,2;1;41;;QV999999999999;
INTRA-EX;202408;513881387;MMSD-G80-21WBK;87089135;ES;PT;10;EXW;11;3;;4,8;1;269;;ESB88553946;
INTRA-EX;202408;513881387;VWR1200R601E;84213100;ES;PT;10;EXW;11;3;;5,2;1;338;;ESB42954230;
INTRA-EX;202408;513881387;MS100204;85111000;ES;PT;10;EXW;11;3;;0,3;4;149;;ESB42954230;
INTRA-EX;202408;513881387;MS100210;85111000;ES;PT;10;EXW;11;3;;0,3;14;348;;ESB42954230;
INTRA-EX;202408;513881387;AC-HD1-FU;87088055;ES;PT;10;EXW;11;3;;2;2;107;;ESB67084251;
INTRA-EX;202408;513881387;P3PSEN;87089997;ES;PT;10;EXW;11;3;;0,1;1;42;;ESB67084251;
INTRA-EX;202408;513881387;CTS-TM-MK4-60D;87089235;ES;PT;10;EXW;11;3;;2;2;179;;ESB67084251;
INTRA-EX;202408;513881387;AC-200-EM;87089997;ES;PT;10;EXW;11;3;;2,3;1;54;;ESB67084251;
INTRA-EX;202408;513881387;AC-MK7-HPFP;87089997;ES;PT;10;EXW;11;3;;1,5;1;339;;ESB67084251;
INTRA-EX;202408;513881387;BKR8EIX;85111000;ES;PT;10;EXW;11;3;;0,1;18;160;;ESB67084251;
INTRA-EX;202408;513881387;U5014;84099100;ES;PT;10;EXW;11;3;;0,3;10;213;;ESB04855516;
INTRA-EX;202408;513881387;KCA428;87088055;ES;PT;10;EXW;11;3;;3;1;149;;ESE24731622;
INTRA-EX;202408;513881387;AC-200-DB;87089997;FR;PT;10;EXW;11;3;;0,6;1;70;;QV999999999999;
INTRA-EX;202408;513881387;U5014;84099100;FR;PT;10;EXW;11;3;;0,3;4;108;;QV999999999999;
INTRA-EX;202408;513881387;VWR810002;87089997;FR;PT;10;EXW;11;3;;0,5;1;72;;QV999999999999;
INTRA-EX;202408;513881387;AC-200-FD;87089997;FR;PT;10;EXW;11;3;;0,5;1;48;;QV999999999999;
INTRA-EX;202408;513881387;CTS-IT-220R;84213100;FR;PT;10;EXW;11;3;;4,5;1;280;;FR09800029712;
INTRA-EX;202408;513881387;IFR7X8G-4;84099100;FR;PT;10;EXW;11;3;;0,2;1;61;;QV999999999999;
INTRA-EX;202408;513881387;AC-200-VRH-RD;40093100;FR;PT;10;EXW;11;3;;0,6;1;23;;QV999999999999;
INTRA-EX;202408;513881387;SILZKBR8D8S-6;84099100;FR;PT;10;EXW;11;3;;0,2;2;132;;FR53884052614;
INTRA-EX;202408;513881387;SILZKGR8B8S-6;85111000;FR;PT;10;EXW;11;3;;0,2;2;118;;FR53884052614;
INTRA-EX;202408;513881387;SILFER8C7ES-8;85111000;FR;PT;10;EXW;11;3;;0,4;2;184;;FR53884052614;
INTRA-EX;202408;513881387;BKR8EIX-8;84099100;FR;PT;10;EXW;11;3;;0,4;1;83;;FR53884052614;
INTRA-EX;202408;513881387;L3P3BE9x;87089997;FR;PT;10;EXW;11;3;;1;1;322;;QV999999999999;
INTRA-EX;202408;513881387;E10-57-002-01-22;73202081;FR;PT;10;EXW;11;3;;6,6;1;167;;QV999999999999;
