FLUXO;PERIODO;NIF;REF;NC;PAIS;PORIGEM;REGIAO;CODENT;NATTRA;MODTRA;AERPOR;MASSA;UNSUP;VALFAC;"VAL ESTAT";ADQNIF;ERRO
INTRA-EX;202507;513881387;AC-211-HPFP;84132000;LV;PT;10;EXW;11;3;;1,5;1;483;;QV999999999999;
INTRA-EX;202507;513881387;RBF660;27101999;IE;PT;10;EXW;11;3;;0,6;3;35;;QV999999999999;
INTRA-EX;202507;513881387;MMRAD-FOST-13;87089135;LT;PT;10;EXW;11;3;;8,4;1;425;;QV999999999999;
INTRA-EX;202507;513881387;MMRAD-E36-92;87089135;FI;PT;10;EXW;11;3;;6,2;2;400;;FI26073136;
INTRA-EX;202507;513881387;MMHOSE-SUB-IHBK;40093100;FI;PT;10;EXW;11;3;;1,3;1;152;;FI26073136;
INTRA-EX;202507;513881387;VWR180001;84212300;SE;PT;10;EXW;11;3;;0,2;1;52;;QV999999999999;
INTRA-EX;202507;513881387;SAUC030;87089235;SE;PT;10;EXW;11;3;;5,6;1;179;;QV999999999999;
INTRA-EX;202507;513881387;CTS-HW-540;40091100;HR;PT;10;EXW;11;3;;2;1;219;;HR09842419742;
INTRA-EX;202507;513881387;ITGHYUNDAIi20NSH;84213100;SK;PT;10;EXW;11;3;;1,3;1;105;;QV999999999999;
INTRA-EX;202507;513881387;COMBO-NOV-MQB;84213100;HR;PT;10;EXW;11;3;;5,5;1;423;;QV999999999999;
INTRA-EX;202507;513881387;FMCT5-BLA;87089997;SK;PT;10;EXW;11;3;;3,7;1;414;;QV999999999999;
INTRA-EX;202507;513881387;D650-0003-8;84099100;SI;PT;10;EXW;11;3;;3,4;1;223;;QV999999999999;
INTRA-EX;202507;513881387;D650-0002;84099100;HU;PT;10;EXW;11;3;;0,3;8;185;;HU25464285;
INTRA-EX;202507;513881387;VWR120010;40091100;HU;PT;10;EXW;11;3;;1,4;1;178;;HU25464285;
INTRA-EX;202507;513881387;AC-200-IT;84198998;HU;PT;10;EXW;11;3;;5;2;250;;HU25464285;
INTRA-EX;202507;513881387;VWR15G501;84099100;HU;PT;10;EXW;11;3;;2;1;292;;HU11344160;
INTRA-EX;202507;513881387;MS100210-4;84099100;HU;PT;10;EXW;11;3;;1,7;1;113;;QV999999999999;
INTRA-EX;202507;513881387;BKR7EIX-4;84099100;HU;PT;10;EXW;11;3;;0,3;1;38;;QV999999999999;
INTRA-EX;202507;513881387;ATIKVAG19;84213100;HU;PT;10;EXW;11;3;;4,9;1;220;;QV999999999999;
INTRA-EX;202507;513881387;AC-200-HS;87089997;HU;PT;10;EXW;11;3;;0,5;1;21;;QV999999999999;
INTRA-EX;202507;513881387;MMRAD-RX8-04;87089135;DE;PT;10;EXW;11;3;;7;1;209;;DE359821210;
INTRA-EX;202507;513881387;044DW21143;84099100;DE;PT;10;EXW;11;3;;3,6;1;464;;QV999999999999;
INTRA-EX;202507;513881387;FMCT5-BLA;87089997;DE;PT;10;EXW;11;3;;3,7;1;428;;QV999999999999;
INTRA-EX;202507;513881387;CTS-IT-963;84213100;DE;PT;10;EXW;11;3;;7;1;453;;QV999999999999;
INTRA-EX;202507;513881387;D650-0003;84099100;PL;PT;10;EXW;11;3;;0,3;16;371;;PL6972395288;
INTRA-EX;202507;513881387;BHR87Z;87088055;PL;PT;10;EXW;11;3;;7,5;1;197;;PL8141683531;
INTRA-EX;202507;513881387;COMBO-NOV-MQB;84213100;PL;PT;10;EXW;11;3;;5,5;1;430;;QV999999999999;
INTRA-EX;202507;513881387;VWR800001;58109210;PL;PT;10;EXW;11;3;;0,1;1;9;;QV999999999999;
INTRA-EX;202507;513881387;VWR120000;84213100;PL;PT;10;EXW;11;3;;1;1;29;;QV999999999999;
INTRA-EX;202507;513881387;VWR8130S3-SEDAN;84099100;PL;PT;10;EXW;11;3;;2,6;1;444;;QV999999999999;
INTRA-EX;202507;513881387;FMTUBL15;87089997;PL;PT;10;EXW;11;3;;0,6;1;103;;QV999999999999;
INTRA-EX;202507;513881387;CTS-IT-300R;84213100;GR;PT;10;EXW;11;3;;4,1;1;247;;GREL156587530;
INTRA-EX;202507;513881387;MS100210;85111000;GR;PT;10;EXW;11;3;;0,3;4;99;;GREL156587530;
INTRA-EX;202507;513881387;BHR83XZ;87088055;GR;PT;10;EXW;11;3;;7,8;1;160;;GREL156587530;
INTRA-EX;202507;513881387;MMTS-MAZ-04;90321020;GR;PT;10;EXW;11;3;;0,1;1;48;;GREL156587530;
INTRA-EX;202507;513881387;L3P3BF2W;87089997;GR;PT;10;EXW;11;3;;1;1;252;;GREL156587530;
INTRA-EX;202507;513881387;CTS-IT-300R;84213100;GR;PT;10;EXW;11;3;;4,1;1;247;;GREL156587530;
INTRA-EX;202507;513881387;VWR1210R600EG;84213100;GR;PT;10;EXW;11;3;;5,2;1;458;;GREL156587530;
INTRA-EX;202507;513881387;AC-S1-CF-IP;40091100;GR;PT;10;EXW;11;3;;1,3;1;377;;GREL116214050;
INTRA-EX;202507;513881387;SAU0900-4C-RD;87083091;GR;PT;10;EXW;11;3;;0,5;1;116;;GREL116214050;
INTRA-EX;202507;513881387;AC-451-RAD;84198998;GR;PT;10;EXW;11;3;;6,3;1;391;;QV999999999999;
INTRA-EX;202507;513881387;MMAI-MUS4-15P;842131000;GR;PT;10;EXW;11;3;;6;1;263;;QV999999999999;
INTRA-EX;202507;513881387;MMBCC-MUS4-15PBE;84099100;GR;PT;10;EXW;11;3;;3;1;140;;QV999999999999;
INTRA-EX;202507;513881387;CTS-IT-256;40091100;BE;PT;10;EXW;11;3;;2,3;1;149;;BE0670639687;
INTRA-EX;202507;513881387;FMIND5R32-BLU;84213100;BE;PT;10;EXW;11;3;;4,1;1;280;;BE0782932134;
INTRA-EX;202507;513881387;R17-10-2;40091100;BE;PT;10;EXW;11;3;;0,1;1;82;;QV999999999999;
INTRA-EX;202507;513881387;SBW0271-4P-BK;87083091;BE;PT;10;EXW;11;3;;0,4;1;83;;QV999999999999;
INTRA-EX;202507;513881387;CTS-IGN-009;84099100;BE;PT;10;EXW;11;3;;0,3;3;94;;QV999999999999;
INTRA-EX;202507;513881387;AC-MK7-DI.A;87089997;BE;PT;10;EXW;11;3;;0,1;1;31;;QV999999999999;
INTRA-EX;202507;513881387;E90-85-040-01-22;73202081;BE;PT;10;EXW;11;3;;20;1;487;;QV999999999999;
INTRA-EX;202507;513881387;CTS-HW-0133;84099100;BE;PT;10;EXW;11;3;;0,5;1;134;;QV999999999999;
INTRA-EX;202507;513881387;CTS-HW-266-187;87089997;BE;PT;10;EXW;11;3;;3,4;1;320;;QV999999999999;
INTRA-EX;202507;513881387;SAUP044;87089235;BE;PT;10;EXW;11;3;;11,2;1;424;;QV999999999999;
INTRA-EX;202507;513881387;ATINTFO12;84198998;BE;PT;10;EXW;11;3;;16;1;449;;QV999999999999;
INTRA-EX;202507;513881387;CTS-IT-500;40091100;BE;PT;10;EXW;11;3;;1,6;1;148;;QV999999999999;
INTRA-EX;202507;513881387;FMDV8PS3-BLA;87089997;BE;PT;10;EXW;11;3;;1,2;1;231;;QV999999999999;
INTRA-EX;202507;513881387;BKR8EIX-4;85111000;BE;PT;10;EXW;11;3;;0,3;1;41;;QV999999999999;
INTRA-EX;202507;513881387;VWR13G500;84099100;BE;PT;10;EXW;11;3;;2;1;417;;QV999999999999;
INTRA-EX;202507;513881387;FMINT16-BLA;84198998;BE;PT;10;EXW;11;3;;9;1;420;;QV999999999999;
INTRA-EX;202507;513881387;VWR900003-5;85111000;BE;PT;10;EXW;11;3;;1,7;1;216;;QV999999999999;
INTRA-EX;202507;513881387;R7437-9-5;85111000;BE;PT;10;EXW;11;3;;0,3;1;206;;QV999999999999;
INTRA-EX;202507;513881387;06D115562;84099100;BE;PT;10;EXW;11;3;;0,2;1;4;;QV999999999999;
INTRA-EX;202507;513881387;ATMSFO5;84099100;BE;PT;10;EXW;11;3;;5,4;1;450;;QV999999999999;
INTRA-EX;202507;513881387;FMDV37-BLACK;84818040;BE;PT;10;EXW;11;3;;0,6;1;179;;QV999999999999;
INTRA-EX;202507;513881387;FMINDK45-PLEATED;84213100;BE;PT;10;EXW;11;3;;6,2;1;211;;QV999999999999;
INTRA-EX;202507;513881387;VWR1200R600E;84213100;IT;PT;10;EXW;11;3;;4,9;1;309;;IT03813391202;
INTRA-EX;202507;513881387;VWR1200R600E;84213100;IT;PT;10;EXW;11;3;;4,9;4;1238;;IT12034500012;
INTRA-EX;202507;513881387;VWR12G7R600ITBLA;84213100;IT;PT;10;EXW;11;3;;0,8;4;305;;IT12034500012;
INTRA-EX;202507;513881387;VWR12G7R600ITINLET;87089997;IT;PT;10;EXW;11;3;;0,4;2;200;;IT12034500012;
INTRA-EX;202507;513881387;VWR160001;87089997;IT;PT;10;EXW;11;3;;0,4;2;171;;IT12034500012;
INTRA-EX;202507;513881387;FMINDK45-PLEATED;84213100;IT;PT;10;EXW;11;3;;6,2;1;169;;IT12034500012;
INTRA-EX;202507;513881387;FMBH7-RED;40093100;IT;PT;10;EXW;11;3;;0,5;1;41;;IT12034500012;
INTRA-EX;202507;513881387;BSR20XZ;87088055;IT;PT;10;EXW;11;3;;5,1;1;122;;IT02710790060;
INTRA-EX;202507;513881387;9-301-1000;84133080;IT;PT;10;EXW;11;3;;0,5;1;109;;IT14481871003;
INTRA-EX;202507;513881387;MS100192;85111000;IT;PT;10;EXW;11;3;;0,3;16;597;;IT14481871003;
INTRA-EX;202507;513881387;MS100208;85111000;IT;PT;10;EXW;11;3;;0,3;4;99;;IT14481871003;
INTRA-EX;202507;513881387;VWR140014;87089997;IT;PT;10;EXW;11;3;;0,1;5;93;;IT14481871003;
INTRA-EX;202507;513881387;VWR180004;87089997;IT;PT;10;EXW;11;3;;0,1;2;53;;IT14481871003;
INTRA-EX;202507;513881387;CTS-HW-0133;84099100;IT;PT;10;EXW;11;3;;0,5;1;119;;IT02710790060;
INTRA-EX;202507;513881387;AC-MK7-RL;87088055;IT;PT;10;EXW;11;3;;0,5;1;40;;IT03656931205;
INTRA-EX;202507;513881387;CTS-IT-805;40091100;IT;PT;10;EXW;11;3;;2,5;1;164;;IT12072620011;
INTRA-EX;202507;513881387;UR-TW2-323;87088055;IT;PT;10;EXW;11;3;;3;1;74;;IT12072620011;
INTRA-EX;202507;513881387;AC-N55-DP;87089235;IT;PT;10;EXW;11;3;;2,5;1;113;;IT02710790060;
INTRA-EX;202507;513881387;SVW0630-4P-RD;87083091;IT;PT;10;EXW;11;3;;0,5;1;63;;IT03656931205;
INTRA-EX;202507;513881387;UR-TW2-3212;87088055;IT;PT;10;EXW;11;3;;3,2;1;72;;IT12072620011;
INTRA-EX;202507;513881387;U5014;84099100;IT;PT;10;EXW;11;3;;0,3;4;86;;IT12072620011;
INTRA-EX;202507;513881387;EVE-W210-FTR;84213100;IT;PT;10;EXW;11;3;;0,6;1;71;;IT03656931205;
INTRA-EX;202507;513881387;SME0455-4P-BK;87083091;IT;PT;10;EXW;11;3;;0,5;2;102;;IT12072620011;
INTRA-EX;202507;513881387;CTS-CC-MK7TSI;84099100;IT;PT;10;EXW;11;3;;3;1;442;;QV999999999999;
INTRA-EX;202507;513881387;ATINTSUZ1;87089199;IT;PT;10;EXW;11;3;;10;1;473;;QV999999999999;
INTRA-EX;202507;513881387;CTS-FPK-004-525;87089235;IT;PT;10;EXW;11;3;;0,8;1;409;;QV999999999999;
INTRA-EX;202507;513881387;COMBO-NOV-MQB;84213100;IT;PT;10;EXW;11;3;;5,5;1;433;;QV999999999999;
INTRA-EX;202507;513881387;MS100223;84213100;IT;PT;10;EXW;11;3;;1,3;1;136;;QV999999999999;
INTRA-EX;202507;513881387;MS100224;87089997;IT;PT;10;EXW;11;3;;0,5;1;49;;QV999999999999;
INTRA-EX;202507;513881387;MS100225;87089997;IT;PT;10;EXW;11;3;;0,5;1;49;;QV999999999999;
INTRA-EX;202507;513881387;MS100226;40093100;IT;PT;10;EXW;11;3;;2,5;1;186;;QV999999999999;
INTRA-EX;202507;513881387;ATMSSUZ1;87089135;IT;PT;10;EXW;11;3;;4,1;1;404;;QV999999999999;
INTRA-EX;202507;513881387;COMBO-NOV-MQB;84213100;IT;PT;10;EXW;11;3;;5,5;1;433;;QV999999999999;
INTRA-EX;202507;513881387;VWR19G703;70102000;IT;PT;10;EXW;11;3;;0,2;1;93;;QV999999999999;
INTRA-EX;202507;513881387;VWR19G704;70102000;IT;PT;10;EXW;11;3;;0,1;1;80;;QV999999999999;
INTRA-EX;202507;513881387;VWR19G701;87089997;IT;PT;10;EXW;11;3;;0,2;1;67;;QV999999999999;
INTRA-EX;202507;513881387;VWR19G711;84213100;IT;PT;10;EXW;11;3;;0,3;1;107;;QV999999999999;
INTRA-EX;202507;513881387;VWR19G707;84213100;IT;PT;10;EXW;11;3;;0,1;1;80;;QV999999999999;
INTRA-EX;202507;513881387;SAU0630-4P-YE;87083091;IT;PT;10;EXW;11;3;;0,5;1;77;;IT01447650498;
INTRA-EX;202507;513881387;50003-MR45XLZ-4;87089997;IT;PT;10;EXW;11;3;;0,3;1;86;;QV999999999999;
INTRA-EX;202507;513881387;ATMSHYU8;87089997;IT;PT;10;EXW;11;3;;2;1;164;;QV999999999999;
INTRA-EX;202507;513881387;BKR7EIX;85111000;NL;PT;10;EXW;11;3;;0,1;4;34;;NL866860666B01;
INTRA-EX;202507;513881387;BBR44;87088055;NL;PT;10;EXW;11;3;;4,2;1;152;;NL866860666B01;
INTRA-EX;202507;513881387;50-1200;87089997;NL;PT;10;EXW;11;3;;0,5;1;104;;NL866860666B01;
INTRA-EX;202507;513881387;U5014;84099100;NL;PT;10;EXW;11;3;;0,3;4;86;;NL866860666B01;
INTRA-EX;202507;513881387;U5014;84099100;NL;PT;10;EXW;11;3;;0,3;4;86;;NL866860666B01;
INTRA-EX;202507;513881387;AC-45-IT;84213100;NL;PT;10;EXW;11;3;;1,5;1;74;;NL866860666B01;
INTRA-EX;202507;513881387;MMRAD-E36-92;87089135;NL;PT;10;EXW;11;3;;6,2;1;200;;NL866860666B01;
INTRA-EX;202507;513881387;CI100039-B;40091100;NL;PT;10;EXW;11;3;;1,7;1;132;;NL866996473B01;
INTRA-EX;202507;513881387;VWR120001;87089997;NL;PT;10;EXW;11;3;;0,1;1;4;;NL866996473B01;
INTRA-EX;202507;513881387;VWR19G702;70102000;NL;PT;10;EXW;11;3;;0,1;1;49;;NL866996473B01;
INTRA-EX;202507;513881387;VWR180000;87089997;NL;PT;10;EXW;11;3;;0,1;2;18;;NL866996473B01;
INTRA-EX;202507;513881387;MS100208;85111000;NL;PT;10;EXW;11;3;;0,3;4;99;;NL866996473B01;
INTRA-EX;202507;513881387;VWR800003;58109210;NL;PT;10;EXW;11;3;;0,1;2;14;;NL866996473B01;
INTRA-EX;202507;513881387;VWR120010;40091100;NL;PT;10;EXW;11;3;;1,4;1;178;;NL866996473B01;
INTRA-EX;202507;513881387;D650-0004;84099100;NL;PT;10;EXW;11;3;;0,3;1;23;;NL866996473B01;
INTRA-EX;202507;513881387;VWR900001;85111000;NL;PT;10;EXW;11;3;;0,3;8;244;;NL866996473B01;
INTRA-EX;202507;513881387;VWR810000;87089997;NL;PT;10;EXW;11;3;;0,2;5;86;;NL866996473B01;
INTRA-EX;202507;513881387;AC-200-CFA;87089997;NL;PT;10;EXW;11;3;;0,1;3;48;;NL866996473B01;
INTRA-EX;202507;513881387;CTS-IGN-009;84099100;NL;PT;10;EXW;11;3;;0,3;24;620;;NL866996473B01;
INTRA-EX;202507;513881387;MMAI-FOST-13P;84213100;NL;PT;10;EXW;11;3;;6,9;1;269;;NL866860666B01;
INTRA-EX;202507;513881387;AC-MQB-IC;84198998;NL;PT;10;EXW;11;3;;16,3;1;281;;NL866860666B01;
INTRA-EX;202507;513881387;VWR12P2GTM;84213100;NL;PT;10;EXW;11;3;;2,1;1;444;;NL866996473B01;
INTRA-EX;202507;513881387;CTS-AF-270;84213100;NL;PT;10;EXW;11;3;;0,5;1;37;;NL866860666B01;
INTRA-EX;202507;513881387;SILFER8C7ES-8;85111000;NL;PT;10;EXW;11;3;;0,5;1;91;;QV999999999999;
INTRA-EX;202507;513881387;3797906545SP;87087099;NL;PT;10;EXW;11;3;;10;1;307;;QV999999999999;
INTRA-EX;202507;513881387;R7437-9-5;85111000;NL;PT;10;EXW;11;3;;0,3;2;499;;NL865367012B01;
INTRA-EX;202507;513881387;COMBO-NOV-MQB;84213100;NL;PT;10;EXW;11;3;;5,5;1;437;;QV999999999999;
INTRA-EX;202507;513881387;PK424;84213100;NL;PT;10;EXW;11;3;;4,6;1;327;;QV999999999999;
INTRA-EX;202507;513881387;FMTIA2-BLA;40091100;NL;PT;10;EXW;11;3;;1,5;1;135;;QV999999999999;
INTRA-EX;202507;513881387;MS100192-6;84099100;NL;PT;10;EXW;11;3;;2,4;1;270;;NL003337809B13;
INTRA-EX;202507;513881387;SILKGR9A7ES-6;85111000;NL;PT;10;EXW;11;3;;0,3;1;94;;NL003337809B13;
INTRA-EX;202507;513881387;8300xx;;ES;PT;10;EXW;11;3;;0,1;1;30;;ESJ56286909;
INTRA-EX;202507;513881387;FMINDK45-PLEATED;84213100;ES;PT;10;EXW;11;3;;6,2;1;169;;ESB72996382;
INTRA-EX;202507;513881387;AC-S55-IC;84198998;ES;PT;10;EXW;11;3;;7,3;1;299;;ESB70550694;
INTRA-EX;202507;513881387;AC-S55-JP;40091100;ES;PT;10;EXW;11;3;;0,6;1;53;;ESB70550694;
INTRA-EX;202507;513881387;BKR8EIX;85111000;ES;PT;10;EXW;11;3;;0,1;8;72;;ESB70550694;
INTRA-EX;202507;513881387;VWR1200R600E;84213100;ES;PT;10;EXW;11;3;;4,9;2;619;;ESB70550694;
INTRA-EX;202507;513881387;AC-45-DP;87089235;ES;PT;10;EXW;11;3;;9,2;2;407;;ESB70550694;
INTRA-EX;202507;513881387;PK424;84213100;ES;PT;10;EXW;11;3;;4,6;1;214;;ESB70550694;
INTRA-EX;202507;513881387;R7438-9;85111000;ES;PT;10;EXW;11;3;;0,1;9;311;;ESB70550694;
INTRA-EX;202507;513881387;VWR120003;87089997;ES;PT;10;EXW;11;3;;1,3;1;178;;ESB70550694;
INTRA-EX;202507;513881387;VWR12G7R600ITINLET;87089997;ES;PT;10;EXW;11;3;;0,4;2;200;;ESB70550694;
INTRA-EX;202507;513881387;ATINTVAG13;87089997;ES;PT;10;EXW;11;3;;17,1;1;473;;ES29524079Z;
INTRA-EX;202507;513881387;AC-MK7R-DP;87089235;ES;PT;10;EXW;11;3;;11,6;1;185;;ESB42771618;
INTRA-EX;202507;513881387;BKR8EIX;85111000;ES;PT;10;EXW;11;3;;0,1;4;36;;ESB42771618;
INTRA-EX;202507;513881387;MS100208;85111000;ES;PT;10;EXW;11;3;;0,3;8;199;;ESB42771618;
INTRA-EX;202507;513881387;ILZKBR7B8G;85111000;ES;PT;10;EXW;11;3;;0,1;4;34;;ESB42771618;
INTRA-EX;202507;513881387;MS100208;85111000;ES;PT;10;EXW;11;3;;0,3;8;199;;ES29524079Z;
INTRA-EX;202507;513881387;AC-180-EXM;84198998;ES;PT;10;EXW;11;3;;5;1;203;;ES44719365M;
INTRA-EX;202507;513881387;AC-N54-IC;87089135;ES;PT;10;EXW;11;3;;11,5;1;214;;ES44719365M;
INTRA-EX;202507;513881387;AC-N54-DP;87089235;ES;PT;10;EXW;11;3;;5,5;1;167;;ESB94171030;
INTRA-EX;202507;513881387;SHIP-PICK;;ES;PT;10;EXW;11;3;;0,1;1;0;;ESB94171030;
INTRA-EX;202507;513881387;SILZKBR8D8S-6;84099100;ES;PT;10;EXW;11;3;;0,4;1;65;;QV999999999999;
INTRA-EX;202507;513881387;MMIG-BMW-0206;85111000;ES;PT;10;EXW;11;3;;2;1;150;;QV999999999999;
INTRA-EX;202507;513881387;AC-200-VRA;87089997;ES;PT;10;EXW;11;3;;0,2;1;29;;QV999999999999;
INTRA-EX;202507;513881387;FMHPRM-BLA;40091100;ES;PT;10;EXW;11;3;;3,5;1;180;;QV999999999999;
INTRA-EX;202507;513881387;SILZKBR8D8S-6;84099100;ES;PT;10;EXW;11;3;;0,4;1;65;;QV999999999999;
INTRA-EX;202507;513881387;MMFS-E36-92P;84149000;ES;PT;10;EXW;11;3;;5;1;207;;QV999999999999;
INTRA-EX;202507;513881387;AC-200-HS;87089997;ES;PT;10;EXW;11;3;;0,5;1;22;;QV999999999999;
INTRA-EX;202507;513881387;SVW1090-4P-BK;87083091;ES;PT;10;EXW;11;3;;0,5;1;78;;QV999999999999;
INTRA-EX;202507;513881387;BKR7EIX-4;84099100;ES;PT;10;EXW;11;3;;0,3;1;40;;QV999999999999;
INTRA-EX;202507;513881387;RPF-1747;84213100;ES;PT;10;EXW;11;3;;0,5;1;33;;QV999999999999;
INTRA-EX;202507;513881387;RBF600;27101999;ES;PT;10;EXW;11;3;;0,6;3;28;;QV999999999999;
INTRA-EX;202507;513881387;CTS-IT-938;84213100;ES;PT;10;EXW;11;3;;3,6;1;363;;QV999999999999;
INTRA-EX;202507;513881387;R7437-8-4;84099100;ES;PT;10;EXW;11;3;;0,3;1;159;;QV999999999999;
INTRA-EX;202507;513881387;06J103600AFKIT;84099100;ES;PT;10;EXW;11;3;;2,5;1;49;;QV999999999999;
INTRA-EX;202507;513881387;COMBO-NOV-MQB;84213100;ES;PT;10;EXW;11;3;;5,5;1;437;;QV999999999999;
INTRA-EX;202507;513881387;"70 AV 13";87083091;ES;PT;10;EXW;11;3;;21;1;446;;QV999999999999;
INTRA-EX;202507;513881387;TS-0203-1050;87089997;ES;PT;10;EXW;11;3;;1,5;1;439;;QV999999999999;
INTRA-EX;202507;513881387;MMRAD-R35-09;87089135;ES;PT;10;EXW;11;3;;11;1;431;;QV999999999999;
INTRA-EX;202507;513881387;FMEC1;84213100;ES;PT;10;EXW;11;3;;1,5;1;409;;QV999999999999;
INTRA-EX;202507;513881387;RAB65CRS200;84213100;ES;PT;10;EXW;11;3;;2,4;1;437;;QV999999999999;
INTRA-EX;202507;513881387;ATINTFO22;87089235;ES;PT;10;EXW;11;3;;18,9;1;445;;QV999999999999;
INTRA-EX;202507;513881387;CTS-IT-805;40091100;ES;PT;10;EXW;11;3;;2,5;1;218;;QV999999999999;
INTRA-EX;202507;513881387;SILZKBR8D8S-6;84099100;ES;PT;10;EXW;11;3;;0,4;1;65;;QV999999999999;
INTRA-EX;202507;513881387;D650-0003-6;84099100;ES;PT;10;EXW;11;3;;2,4;1;169;;QV999999999999;
INTRA-EX;202507;513881387;AC-211-HPFP;84132000;ES;PT;10;EXW;11;3;;1,5;1;483;;QV999999999999;
INTRA-EX;202507;513881387;CTS-HW-360;40091100;ES;PT;10;EXW;11;3;;1,4;1;247;;QV999999999999;
INTRA-EX;202507;513881387;CTS-IT-256;40091100;ES;PT;10;EXW;11;3;;2,3;1;178;;QV999999999999;
INTRA-EX;202507;513881387;AC-200-HPFP;87089997;ES;PT;10;EXW;11;3;;1;1;476;;QV999999999999;
INTRA-EX;202507;513881387;FMOC11-BLA;87089997;ES;PT;10;EXW;11;3;;3,6;1;488;;QV999999999999;
INTRA-EX;202507;513881387;COMBO-NOV-MQB;84213100;ES;PT;10;EXW;11;3;;5,5;1;437;;QV999999999999;
INTRA-EX;202507;513881387;COMBO-NOV-MQB;84213100;ES;PT;10;EXW;11;3;;5,5;1;437;;QV999999999999;
INTRA-EX;202507;513881387;COMBO-NOV-MQB;84213100;ES;PT;10;EXW;11;3;;5,5;1;437;;QV999999999999;
INTRA-EX;202507;513881387;AC-200-HPFP;87089997;ES;PT;10;EXW;11;3;;1;1;476;;QV999999999999;
INTRA-EX;202507;513881387;AC-211-HPFP;84132000;ES;PT;10;EXW;11;3;;1,5;1;483;;QV999999999999;
INTRA-EX;202507;513881387;ATMSFO124;87089997;ES;PT;10;EXW;11;3;;3;1;177;;QV999999999999;
INTRA-EX;202507;513881387;ATMSFO108;87089997;ES;PT;10;EXW;11;3;;0,2;1;101;;QV999999999999;
INTRA-EX;202507;513881387;ATMSFO134;87089997;ES;PT;10;EXW;11;3;;2,3;1;171;;QV999999999999;
INTRA-EX;202507;513881387;CTS-IT-300R;84213100;ES;PT;10;EXW;11;3;;4,1;1;271;;QV999999999999;
INTRA-EX;202507;513881387;MS100208-6;84099100;ES;PT;10;EXW;11;3;;2,4;1;178;;QV999999999999;
INTRA-EX;202507;513881387;COMBO-NOV-MQB;84213100;ES;PT;10;EXW;11;3;;5,5;1;437;;QV999999999999;
INTRA-EX;202507;513881387;COMBO-NOV-MQB;84213100;ES;PT;10;EXW;11;3;;5,5;1;437;;ES30269089p;
INTRA-EX;202507;513881387;COMBO-NOV-MQB;84213100;ES;PT;10;EXW;11;3;;5,5;1;437;;QV999999999999;
INTRA-EX;202507;513881387;BMF54Z;87089997;ES;PT;10;EXW;11;3;;4,9;1;182;;QV999999999999;
INTRA-EX;202507;513881387;BMR81Z;87089997;ES;PT;10;EXW;11;3;;2;1;153;;QV999999999999;
INTRA-EX;202507;513881387;SMA0110-4P-BK;87083091;ES;PT;10;EXW;11;3;;0,5;1;107;;QV999999999999;
INTRA-EX;202507;513881387;COMBO-NOV-MQB;84213100;ES;PT;10;EXW;11;3;;5,5;1;437;;QV999999999999;
INTRA-EX;202507;513881387;IMS-8S-DCCB;87089997;ES;PT;10;EXW;11;3;;1,3;1;406;;ES52704232P;
INTRA-EX;202507;513881387;9-350;87089997;ES;PT;10;EXW;11;3;;1,2;1;160;;QV999999999999;
INTRA-EX;202507;513881387;9-350-bracket;87089997;ES;PT;10;EXW;11;3;;0,2;1;7;;QV999999999999;
INTRA-EX;202507;513881387;BKR8EIX-4;85111000;ES;PT;10;EXW;11;3;;0,3;1;41;;QV999999999999;
INTRA-EX;202507;513881387;1K0253144BD;40091100;ES;PT;10;EXW;11;3;;0,2;1;9;;QV999999999999;
INTRA-EX;202507;513881387;AC-200-HS;87089997;ES;PT;10;EXW;11;3;;0,5;1;22;;QV999999999999;
INTRA-EX;202507;513881387;DBA2808S-2;87089997;ES;PT;10;EXW;11;3;;25,2;1;205;;QV999999999999;
INTRA-EX;202507;513881387;AC-200-DP;87089235;ES;PT;10;EXW;11;3;;10;1;193;;QV999999999999;
INTRA-EX;202507;513881387;KCA472;87088035;ES;PT;10;EXW;11;3;;2;1;191;;QV999999999999;
INTRA-EX;202507;513881387;KDT970M;87088055;ES;PT;10;EXW;11;3;;1;1;24;;QV999999999999;
INTRA-EX;202507;513881387;PLFR5A-11-6;85111000;ES;PT;10;EXW;11;3;;0,4;1;52;;QV999999999999;
INTRA-EX;202507;513881387;BKR7EIX-4;84099100;ES;PT;10;EXW;11;3;;0,3;1;40;;QV999999999999;
INTRA-EX;202507;513881387;06E898001-4;85111000;ES;PT;10;EXW;11;3;;1,5;1;101;;QV999999999999;
INTRA-EX;202507;513881387;SVW0630-4P-BK;87083091;ES;PT;10;EXW;11;3;;0,5;1;77;;QV999999999999;
INTRA-EX;202507;513881387;4B1355H-STD;40091100;ES;PT;10;EXW;11;3;;0,2;2;96;;QV999999999999;
INTRA-EX;202507;513881387;216EVOWGAFRWB4.9-WO;87089997;ES;PT;10;EXW;11;3;;1,1;1;159;;QV999999999999;
INTRA-EX;202507;513881387;BKR8EIX-4;85111000;ES;PT;10;EXW;11;3;;0,3;1;42;;QV999999999999;
INTRA-EX;202507;513881387;CTS-EXH-TP-0007;87089235;ES;PT;10;EXW;11;3;;3;1;148;;QV999999999999;
INTRA-EX;202507;513881387;SVAGC005;87089235;ES;PT;10;EXW;11;3;;11;1;363;;QV999999999999;
INTRA-EX;202507;513881387;DBA43148S-2;87083099;ES;PT;10;EXW;11;3;;27,9;1;381;;QV999999999999;
INTRA-EX;202507;513881387;RBF700;27101999;ES;PT;10;EXW;11;3;;0,6;2;28;;QV999999999999;
INTRA-EX;202507;513881387;AC-UNI-WD;87089997;FR;PT;10;EXW;11;3;;0,2;1;13;;QV999999999999;
INTRA-EX;202507;513881387;EVE-G8XM-CF-ENG;84213100;FR;PT;10;EXW;11;3;;4,2;1;675;;FR26750353237;
INTRA-EX;202507;513881387;SILFER8C7ES;85111000;FR;PT;10;EXW;11;3;;0,1;8;84;;FR55524167806;
INTRA-EX;202507;513881387;FRI-0192;84213100;FR;PT;10;EXW;11;3;;10;1;1798;;FR26750353237;
INTRA-EX;202507;513881387;D760-0061;84099100;FR;PT;10;EXW;11;3;;1;1;159;;FR43935269613;
INTRA-EX;202507;513881387;AC-WS-12-BT;87088099;FR;PT;10;EXW;11;3;;2,3;2;93;;QV999999999999;
INTRA-EX;202507;513881387;AC-200-IT;84198998;FR;PT;10;EXW;11;3;;5;1;187;;QV999999999999;
INTRA-EX;202507;513881387;AC-200-CFA-KIT;87089997;FR;PT;10;EXW;11;3;;0,1;1;32;;QV999999999999;
INTRA-EX;202507;513881387;06F103483E;87089235;FR;PT;10;EXW;11;3;;0,1;1;8;;QV999999999999;
INTRA-EX;202507;513881387;420103485B;70102000;FR;PT;10;EXW;11;3;;0,1;1;23;;QV999999999999;
INTRA-EX;202507;513881387;R7437-8-4;84099100;FR;PT;10;EXW;11;3;;0,3;1;160;;QV999999999999;
INTRA-EX;202507;513881387;0W40;27101999;FR;PT;10;EXW;11;3;;1,9;1;27;;QV999999999999;
INTRA-EX;202507;513881387;R7437-9-4;87089997;FR;PT;10;EXW;11;3;;0,3;1;166;;QV999999999999;
INTRA-EX;202507;513881387;VWR12G6GTFO;84213100;FR;PT;10;EXW;11;3;;0,5;1;102;;QV999999999999;
INTRA-EX;202507;513881387;FMGK2-POLISHED-POLISHED6;87089997;FR;PT;10;EXW;11;3;;0,5;1;77;;QV999999999999;
INTRA-EX;202507;513881387;VWR180000;87089997;FR;PT;10;EXW;11;3;;0,1;1;15;;QV999999999999;
INTRA-EX;202507;513881387;VWR19G711;84213100;FR;PT;10;EXW;11;3;;0,3;1;109;;QV999999999999;
INTRA-EX;202507;513881387;AC-N55-INLET;40091100;FR;PT;10;EXW;11;3;;1,4;1;104;;QV999999999999;
INTRA-EX;202507;513881387;AC-N55-TP;40091100;FR;PT;10;EXW;11;3;;1,7;1;149;;QV999999999999;
INTRA-EX;202507;513881387;10.127.100K;84132000;FR;PT;10;EXW;11;3;;0,3;1;314;;QV999999999999;
INTRA-EX;202507;513881387;JSK-140-BK;84213100;FR;PT;10;EXW;11;3;;1,6;1;218;;QV999999999999;
INTRA-EX;202507;513881387;PK419;84213100;FR;PT;10;EXW;11;3;;3,5;1;215;;QV999999999999;
INTRA-EX;202507;513881387;CTS-HW-0199;87089997;FR;PT;10;EXW;11;3;;0,3;1;79;;QV999999999999;
INTRA-EX;202507;513881387;06J103600AFKIT;84099100;FR;PT;10;EXW;11;3;;2,5;1;49;;QV999999999999;
INTRA-EX;202507;513881387;COMBO-NOV-MQB;84213100;FR;PT;10;EXW;11;3;;5,5;1;441;;QV999999999999;
INTRA-EX;202507;513881387;FMPCVD1;87089997;FR;PT;10;EXW;11;3;;0,3;1;97;;QV999999999999;
INTRA-EX;202507;513881387;FMHPRM-BLU;40091100;FR;PT;10;EXW;11;3;;3,5;1;181;;QV999999999999;
INTRA-EX;202507;513881387;AC-500-DP;87089235;FR;PT;10;EXW;11;3;;2,4;1;149;;QV999999999999;
INTRA-EX;202507;513881387;FMINTMK7;;FR;PT;10;EXW;11;3;;0,1;1;492;;QV999999999999;
INTRA-EX;202507;513881387;AC-200-HPFP;87089997;FR;PT;10;EXW;11;3;;1;1;479;;QV999999999999;
INTRA-EX;202507;513881387;JSK-101-DD;84213100;FR;PT;10;EXW;11;3;;4,4;1;249;;QV999999999999;
INTRA-EX;202507;513881387;FMPCVD1;87089997;FR;PT;10;EXW;11;3;;0,3;1;97;;QV999999999999;
INTRA-EX;202507;513881387;AC-200-HS;87089997;FR;PT;10;EXW;11;3;;0,5;1;22;;QV999999999999;
INTRA-EX;202507;513881387;VWR180000;87089997;FR;PT;10;EXW;11;3;;0,1;1;15;;QV999999999999;
INTRA-EX;202507;513881387;BKR8EIX-4;85111000;FR;PT;10;EXW;11;3;;0,3;1;41;;QV999999999999;
INTRA-EX;202507;513881387;AC-200-EVAP;87089997;FR;PT;10;EXW;11;3;;0,3;1;20;;QV999999999999;
INTRA-EX;202507;513881387;MB-K8-F;87088055;FR;PT;10;EXW;11;3;;1,4;1;129;;QV999999999999;
INTRA-EX;202507;513881387;TB-K8-F;87088055;FR;PT;10;EXW;11;3;;2,3;1;163;;QV999999999999;
INTRA-EX;202507;513881387;TB-K8-R;87088055;FR;PT;10;EXW;11;3;;1,7;1;163;;QV999999999999;
INTRA-EX;202507;513881387;PRK-148-BK;84213100;FR;PT;10;EXW;11;3;;4;1;440;;QV999999999999;
INTRA-EX;202507;513881387;KTA286;87088055;FR;PT;10;EXW;11;3;;3;1;185;;QV999999999999;
INTRA-EX;202507;513881387;KTA285;87088055;FR;PT;10;EXW;11;3;;4,5;1;294;;QV999999999999;
INTRA-EX;202507;513881387;HN17;87089235;FR;PT;10;EXW;11;3;;24;1;480;;QV999999999999;
INTRA-EX;202507;513881387;CI100037;84213100;FR;PT;10;EXW;11;3;;2,4;1;449;;QV999999999999;
INTRA-EX;202507;513881387;AC-MQB-IC;84198998;FR;PT;10;EXW;11;3;;16,3;1;472;;QV999999999999;
INTRA-EX;202507;513881387;W53286;87088055;FR;PT;10;EXW;11;3;;0,6;1;28;;QV999999999999;
INTRA-EX;202507;513881387;KCA465;87088055;FR;PT;10;EXW;11;3;;3,5;1;251;;QV999999999999;
INTRA-EX;202507;513881387;MMRT-RS-16EBK;87089499;FR;PT;10;EXW;11;3;;3;1;183;;QV999999999999;
INTRA-EX;202507;513881387;1K0253144BD;40091100;FR;PT;10;EXW;11;3;;0,2;1;9;;QV999999999999;
INTRA-EX;202507;513881387;BKR8EIX-4;85111000;FR;PT;10;EXW;11;3;;0,3;1;41;;QV999999999999;
INTRA-EX;202507;513881387;KTA253;87089235;FR;PT;10;EXW;11;3;;7,5;1;426;;QV999999999999;
INTRA-EX;202507;513881387;PRK-148-BK;84213100;FR;PT;10;EXW;11;3;;4;1;440;;QV999999999999;
INTRA-EX;202507;513881387;CTS-IT-220R;84213100;FR;PT;10;EXW;11;3;;4,5;1;280;;QV999999999999;
INTRA-EX;202507;513881387;MS100208-4;84099100;FR;PT;10;EXW;11;3;;1,7;1;119;;QV999999999999;
INTRA-EX;202507;513881387;Z1003101-4;85111000;FR;PT;10;EXW;11;3;;0,4;1;80;;QV999999999999;
INTRA-EX;202507;513881387;9-655-1025;84133080;FR;PT;10;EXW;11;3;;0,8;1;165;;QV999999999999;
INTRA-EX;202507;513881387;FMIND32A3-BLA;84213100;FR;PT;10;EXW;11;3;;4,5;1;264;;QV999999999999;
INTRA-EX;202507;513881387;FMINT16-BLA;84198998;FR;PT;10;EXW;11;3;;9;1;472;;QV999999999999;
INTRA-EX;202507;513881387;AC-MQB-IC;84198998;FR;PT;10;EXW;11;3;;16,3;1;472;;QV999999999999;
INTRA-EX;202507;513881387;VWR180001;84212300;FR;PT;10;EXW;11;3;;0,2;5;273;;QV999999999999;
INTRA-EX;202507;513881387;R7437-8-4;84099100;FR;PT;10;EXW;11;3;;0,3;1;160;;QV999999999999;
INTRA-EX;202507;513881387;MMOC-370Z-09T;87089135;FR;PT;10;EXW;11;3;;4,8;1;460;;QV999999999999;
INTRA-EX;202507;513881387;ATINTSUZ1;87089199;FR;PT;10;EXW;11;3;;10;1;472;;QV999999999999;
INTRA-EX;202507;513881387;BMF65Z;87088055;FR;PT;10;EXW;11;3;;3,3;1;218;;QV999999999999;
INTRA-EX;202507;513881387;BMR94Z;87088055;FR;PT;10;EXW;11;3;;3;1;251;;QV999999999999;
INTRA-EX;202507;513881387;COMBO-NOV-MQB;84213100;FR;PT;10;EXW;11;3;;5,5;1;441;;QV999999999999;
INTRA-EX;202507;513881387;AC-MK7-CP-4;84099100;FR;PT;10;EXW;11;3;;1;1;112;;QV999999999999;
INTRA-EX;202507;513881387;AC-MK7-IT;84198998;FR;PT;10;EXW;11;3;;4,3;1;194;;QV999999999999;
INTRA-EX;202507;513881387;AC-MK7-INLET;40091100;FR;PT;10;EXW;11;3;;0,3;1;67;;QV999999999999;
INTRA-EX;202507;513881387;BKR7EIX-4;84099100;FR;PT;10;EXW;11;3;;0,3;1;40;;QV999999999999;
INTRA-EX;202507;513881387;VWR8130S3-SEDAN;84099100;FR;PT;10;EXW;11;3;;2,6;1;455;;QV999999999999;
INTRA-EX;202507;513881387;SAUP044;87089235;FR;PT;10;EXW;11;3;;11,2;1;428;;QV999999999999;
INTRA-EX;202507;513881387;8K0253115K;87089997;FR;PT;10;EXW;11;3;;0,1;2;8;;QV999999999999;
INTRA-EX;202507;513881387;SBMP086;87089235;FR;PT;10;EXW;11;3;;11,8;1;364;;QV999999999999;
INTRA-EX;202507;513881387;AC-B58-INLET;40091100;FR;PT;10;EXW;11;3;;0,6;1;104;;QV999999999999;
INTRA-EX;202507;513881387;AC-MQB-IC;84198998;FR;PT;10;EXW;11;3;;16,3;1;472;;QV999999999999;
INTRA-EX;202507;513881387;UR-TW2-3051;87088055;FR;PT;10;EXW;11;3;;1,7;1;131;;QV999999999999;
INTRA-EX;202507;513881387;UR-LA4-3053;87088055;FR;PT;10;EXW;11;3;;3,6;1;123;;QV999999999999;
INTRA-EX;202507;513881387;UR-ML4-3054;87088055;FR;PT;10;EXW;11;3;;1,9;1;116;;QV999999999999;
INTRA-EX;202507;513881387;UR-LA2-3052;87088055;FR;PT;10;EXW;11;3;;2,2;1;73;;QV999999999999;
INTRA-EX;202507;513881387;SILZKGR8B8S-4;84099100;FR;PT;10;EXW;11;3;;0,3;1;39;;QV999999999999;
INTRA-EX;202507;513881387;ATMSFO129;87089997;FR;PT;10;EXW;11;3;;4,5;1;411;;QV999999999999;
INTRA-EX;202507;513881387;FMDV8PS3-BLA;87089997;FR;PT;10;EXW;11;3;;1,2;1;233;;QV999999999999;
INTRA-EX;202507;513881387;JSK-101-DD;84213100;FR;PT;10;EXW;11;3;;4,4;1;249;;QV999999999999;
INTRA-EX;202507;513881387;AC-200-HPFP;87089997;FR;PT;10;EXW;11;3;;1;1;479;;QV999999999999;
INTRA-EX;202507;513881387;MMEXH-MUS8-15APBK;87089235;FR;PT;10;EXW;11;3;;8,6;1;472;;QV999999999999;
INTRA-EX;202507;513881387;AC-200-HPFP;87089997;FR;PT;10;EXW;11;3;;1;1;479;;QV999999999999;
INTRA-EX;202507;513881387;KTA253;87089235;FR;PT;10;EXW;11;3;;7,5;1;426;;QV999999999999;
INTRA-EX;202507;513881387;AC-MQB-IC;84198998;FR;PT;10;EXW;11;3;;16,3;1;472;;QV999999999999;
INTRA-EX;202507;513881387;200001032;87089997;FR;PT;10;EXW;11;3;;16,7;1;468;;QV999999999999;
INTRA-EX;202507;513881387;COMBO-NOV-MQB;84213100;FR;PT;10;EXW;11;3;;5,5;1;441;;QV999999999999;
INTRA-EX;202507;513881387;BNR30Z;87088055;FR;PT;10;EXW;11;3;;3,9;1;183;;QV999999999999;
INTRA-EX;202507;513881387;KLC110;87088055;FR;PT;10;EXW;11;3;;1;1;121;;QV999999999999;
INTRA-EX;202507;513881387;KLC141;87088055;FR;PT;10;EXW;11;3;;1;1;121;;QV999999999999;
INTRA-EX;202507;513881387;BKR8EIX-4;85111000;FR;PT;10;EXW;11;3;;0,3;1;41;;QV999999999999;
INTRA-EX;202507;513881387;MMIG-VW-0604;85111000;FR;PT;10;EXW;11;3;;1,5;1;106;;QV999999999999;
INTRA-EX;202507;513881387;JSK-101-DD;84213100;FR;PT;10;EXW;11;3;;4,4;1;249;;QV999999999999;
INTRA-EX;202507;513881387;AC-200-CFA-KIT;87089997;FR;PT;10;EXW;11;3;;0,1;1;32;;QV999999999999;
INTRA-EX;202507;513881387;AC-200-HPFP;87089997;FR;PT;10;EXW;11;3;;1;1;479;;QV999999999999;
INTRA-EX;202507;513881387;AC-MQB-IC;84198998;FR;PT;10;EXW;11;3;;16,3;1;472;;QV999999999999;
INTRA-EX;202507;513881387;SVWC058;87089235;FR;PT;10;EXW;11;3;;10,1;1;415;;QV999999999999;
INTRA-EX;202507;513881387;AC-200-HPFP;87089997;FR;PT;10;EXW;11;3;;1;1;479;;QV999999999999;
INTRA-EX;202507;513881387;SILZKGR8B8S-6;85111000;FR;PT;10;EXW;11;3;;0,4;1;59;;QV999999999999;
INTRA-EX;202507;513881387;D650-0010-6;84099100;FR;PT;10;EXW;11;3;;2,4;1;187;;QV999999999999;
INTRA-EX;202507;513881387;CTS-IT-341;40091100;FR;PT;10;EXW;11;3;;1,4;1;202;;QV999999999999;
INTRA-EX;202507;513881387;AC-MQB-IC;84198998;FR;PT;10;EXW;11;3;;16,3;1;472;;QV999999999999;
INTRA-EX;202507;513881387;MMOC-370Z-09T;87089135;FR;PT;10;EXW;11;3;;4,8;1;460;;QV999999999999;
INTRA-EX;202507;513881387;BWR24Z;87088055;FR;PT;10;EXW;11;3;;3,6;1;193;;QV999999999999;
INTRA-EX;202507;513881387;VWR31G7GT;87088035;FR;PT;10;EXW;11;3;;8,5;1;268;;QV999999999999;
INTRA-EX;202507;513881387;SCNX014;87089235;FR;PT;10;EXW;11;3;;3,7;1;428;;QV999999999999;
INTRA-EX;202507;513881387;CTS-EXH-DP-0029;87089235;FR;PT;10;EXW;11;3;;4,5;1;461;;QV999999999999;
INTRA-EX;202507;513881387;CTS-IT-270R;84213100;FR;PT;10;EXW;11;3;;4,3;1;279;;QV999999999999;
INTRA-EX;202507;513881387;CTS-BV-0009-3;84814090;FR;PT;10;EXW;11;3;;0,5;1;184;;QV999999999999;
INTRA-EX;202507;513881387;AC-200-IC;84198998;FR;PT;10;EXW;11;3;;11,9;1;449;;QV999999999999;
INTRA-EX;202507;513881387;17U-00-0650-5;87089997;FR;PT;10;EXW;11;3;;0,3;1;441;;QV999999999999;
INTRA-EX;202507;513881387;AC-MQB-IC;84198998;FR;PT;10;EXW;11;3;;16,3;1;472;;QV999999999999;
INTRA-EX;202507;513881387;EVE-FLC;87084099;FR;PT;10;EXW;11;3;;0,6;1;28;;QV999999999999;
INTRA-EX;202507;513881387;R7437-9-5;85111000;FR;PT;10;EXW;11;3;;0,3;1;208;;QV999999999999;
INTRA-EX;202507;513881387;VWR180002;87089997;FR;PT;10;EXW;11;3;;0,1;1;30;;QV999999999999;
INTRA-EX;202507;513881387;VWR180003;87089997;FR;PT;10;EXW;11;3;;0,1;2;60;;QV999999999999;
INTRA-EX;202507;513881387;06D115562;84099100;FR;PT;10;EXW;11;3;;0,2;1;4;;QV999999999999;
INTRA-EX;202507;513881387;VWR810009;87089997;FR;PT;10;EXW;11;3;;0,2;1;57;;QV999999999999;
INTRA-EX;202507;513881387;AC-MK7-DI.A;87089997;FR;PT;10;EXW;11;3;;0,1;1;32;;QV999999999999;
INTRA-EX;202507;513881387;VWR180006;87089997;FR;PT;10;EXW;11;3;;0,1;1;17;;QV999999999999;
INTRA-EX;202507;513881387;AC-MQB-IC;84198998;FR;PT;10;EXW;11;3;;16,3;1;472;;QV999999999999;
INTRA-EX;202507;513881387;VWR1200R601E;84213100;FR;PT;10;EXW;11;3;;4,9;1;483;;QV999999999999;
INTRA-EX;202507;513881387;AC-MQB-IC;84198998;FR;PT;10;EXW;11;3;;16,3;1;419;;QV999999999999;
INTRA-EX;202507;513881387;AC-N55-INLET;40091100;FR;PT;10;EXW;11;3;;1,4;1;104;;QV999999999999;
INTRA-EX;202507;513881387;FMKT135F20;87089997;FR;PT;10;EXW;11;3;;0,7;1;88;;QV999999999999;
INTRA-EX;202507;513881387;CTS-IT-810;40091100;FR;PT;10;EXW;11;3;;2,5;1;219;;QV999999999999;
INTRA-EX;202507;513881387;E10-20-035-01-22;87088035;FR;PT;10;EXW;11;3;;11,2;1;217;;QV999999999999;
INTRA-EX;202507;513881387;S90-2-10-004-B-BT;87087050;FR;PT;10;EXW;11;3;;1,8;2;198;;QV999999999999;
INTRA-EX;202507;513881387;MS100204-4;84099100;FR;PT;10;EXW;11;3;;1,7;1;180;;QV999999999999;
INTRA-EX;202507;513881387;R7437-8-4;84099100;FR;PT;10;EXW;11;3;;0,3;1;160;;QV999999999999;
INTRA-EX;202507;513881387;VWR160001;87089997;FR;PT;10;EXW;11;3;;0,4;1;122;;QV999999999999;
INTRA-EX;202507;513881387;SBW1175-4P-BK;87083091;FR;PT;10;EXW;11;3;;0,5;1;78;;QV999999999999;
INTRA-EX;202507;513881387;D650-0004-4;84099100;FR;PT;10;EXW;11;3;;1,7;1;114;;QV999999999999;
INTRA-EX;202507;513881387;UR-RE2-1645;87088055;FR;PT;10;EXW;11;3;;3;1;104;;QV999999999999;
INTRA-EX;202507;513881387;UR-TW2-1715;87088055;FR;PT;10;EXW;11;3;;3,6;1;110;;QV999999999999;
INTRA-EX;202507;513881387;PP1693;84213100;FR;PT;10;EXW;11;3;;0,5;1;38;;QV999999999999;
INTRA-EX;202507;513881387;COMBO-NOV-MQB;84213100;FR;PT;10;EXW;11;3;;5,5;1;441;;QV999999999999;
INTRA-EX;202507;513881387;D650-0009-4;84099100;FR;PT;10;EXW;11;3;;1,7;1;124;;QV999999999999;
INTRA-EX;202507;513881387;SILZKGR8B8S-4;84099100;FR;PT;10;EXW;11;3;;0,3;1;39;;QV999999999999;
INTRA-EX;202507;513881387;CTS-HW-0243;87089997;FR;PT;10;EXW;11;3;;0,4;1;71;;QV999999999999;
INTRA-EX;202507;513881387;PFR8S8EG-6;87089997;FR;PT;10;EXW;11;3;;0,4;1;68;;QV999999999999;
INTRA-EX;202507;513881387;SVW0610-4P-RD;87083091;FR;PT;10;EXW;11;3;;0,5;1;84;;QV999999999999;
INTRA-EX;202507;513881387;SILZKBR8D8S-6;84099100;FR;PT;10;EXW;11;3;;0,4;1;68;;QV999999999999;
INTRA-EX;202507;513881387;CTS-IT-255R;;FR;PT;10;EXW;11;3;;0,1;1;322;;FR55823261680;
INTRA-EX;202507;513881387;BMF51X;87088055;FR;PT;10;EXW;11;3;;7,9;1;174;;FR50982156473;
INTRA-EX;202507;513881387;CTS-IT-105R;84213100;FR;PT;10;EXW;11;3;;4,6;1;256;;QV999999999999;
INTRA-EX;202507;513881387;AC-200-DP;87089235;FR;PT;10;EXW;11;3;;10;1;194;;QV999999999999;
INTRA-EX;202507;513881387;70999-AT002;84213100;FR;PT;10;EXW;11;3;;0,6;1;124;;QV999999999999;
INTRA-EX;202507;513881387;EUPD5002115R;85111000;FR;PT;10;EXW;11;3;;1,5;1;941;;FR55823261680;
INTRA-EX;202507;513881387;UR-LA4-157x;87088055;FR;PT;10;EXW;11;3;;3,7;1;123;;QV999999999999;
INTRA-EX;202507;513881387;SFDC066;87089235;FR;PT;10;EXW;11;3;;4,2;1;158;;QV999999999999;
INTRA-EX;202507;513881387;AC-N55-TP;40091100;FR;PT;10;EXW;11;3;;1,7;1;149;;QV999999999999;
INTRA-EX;202507;513881387;0W20;27101999;FR;PT;10;EXW;11;3;;1,9;2;54;;QV999999999999;
INTRA-EX;202507;513881387;50003-M45-XL-4;84213100;FR;PT;10;EXW;11;3;;0,3;1;81;;QV999999999999;
INTRA-EX;202507;513881387;CLK-2;84213100;FR;PT;10;EXW;11;3;;1;1;33;;QV999999999999;
INTRA-EX;202507;513881387;BKR7EIX-4;84099100;FR;PT;10;EXW;11;3;;0,3;2;80;;QV999999999999;
INTRA-EX;202507;513881387;78198025;;FR;PT;10;EXW;11;3;;0,1;1;11;;QV999999999999;
INTRA-EX;202507;513881387;SBMC073;87089235;FR;PT;10;EXW;11;3;;11,4;1;299;;QV999999999999;
INTRA-EX;202507;513881387;UR-RL2-652;87088055;FR;PT;10;EXW;11;3;;1,9;1;73;;QV999999999999;
INTRA-EX;202507;513881387;UR-RL2-422;87088055;FR;PT;10;EXW;11;3;;2,1;1;74;;QV999999999999;
INTRA-EX;202507;513881387;MMODP-1415B;87089997;FR;PT;10;EXW;11;3;;0,1;1;12;;QV999999999999;
INTRA-EX;202507;513881387;FMOC12-BLACK;87089997;FR;PT;10;EXW;11;3;;3,5;1;482;;FR88527842371;
INTRA-EX;202507;513881387;STY0014-4P-BK;87083091;FR;PT;10;EXW;11;3;;0,5;1;77;;FR88527842371;
INTRA-EX;202507;513881387;KDT985;87088055;FR;PT;10;EXW;11;3;;0,1;1;34;;FR88527842371;
INTRA-EX;202507;513881387;X11127570292ALBK;87089997;FR;PT;10;EXW;11;3;;7,5;1;216;;QV999999999999;
INTRA-EX;202507;513881387;UR-RL2-2525;87088055;FR;PT;10;EXW;11;3;;1,7;1;81;;QV999999999999;
INTRA-EX;202507;513881387;LTR7IX-11-8;84099100;FR;PT;10;EXW;11;3;;0,5;1;71;;QV999999999999;
INTRA-EX;202507;513881387;SHYP103;87089235;FR;PT;10;EXW;11;3;;3,2;1;202;;QV999999999999;
INTRA-EX;202507;513881387;FMMK7INDH-RED;40093100;FR;PT;10;EXW;11;3;;0,8;1;67;;QV999999999999;
INTRA-EX;202507;513881387;CTS-IT-250;84213100;HU;PT;10;EXW;11;3;;6,6;1;284;;HU25464285;
INTRA-EX;202507;513881387;VWR17G8R600;84213100;HU;PT;10;EXW;11;3;;0,2;3;114;;HU25464285;
INTRA-EX;202507;513881387;VWR810006;87089997;PL;PT;10;EXW;11;3;;1,5;1;200;;PL8141683531;
INTRA-EX;202507;513881387;EVE-8YS3-CF-INT;84213100;PL;PT;10;EXW;11;3;;4,9;1;999;;PL8141683531;
INTRA-EX;202507;513881387;EVE-ST38Y-CF-INT;84213100;GR;PT;10;EXW;11;3;;7;1;1285;;GREL156587530;
INTRA-EX;202507;513881387;VWR160001;87089997;BE;PT;10;EXW;11;3;;0,4;2;171;;BE0670639687;
INTRA-EX;202507;513881387;VWR12G7R600ITINLET;87089997;BE;PT;10;EXW;11;3;;0,4;1;100;;BE0670639687;
INTRA-EX;202507;513881387;SMNX018;87089235;IT;PT;10;EXW;11;3;;5,6;1;584;;IT03813391202;
INTRA-EX;202507;513881387;MS100192;85111000;IT;PT;10;EXW;11;3;;0,3;4;149;;IT04146110160;
INTRA-EX;202507;513881387;AC-200-IC;84198998;IT;PT;10;EXW;11;3;;11,9;1;263;;IT02710790060;
INTRA-EX;202507;513881387;EVE-E9X-CF-INT;84213100;IT;PT;10;EXW;11;3;;2,5;1;621;;IT02710790060;
INTRA-EX;202507;513881387;SBW1171-4P-RD;87083091;IT;PT;10;EXW;11;3;;0,5;1;63;;IT03656931205;
INTRA-EX;202507;513881387;EVE-FLC;87084099;IT;PT;10;EXW;11;3;;0,6;1;21;;IT03656931205;
INTRA-EX;202507;513881387;10.127.100K;84132000;IT;PT;10;EXW;11;3;;0,3;1;227;;IT08908800967;
INTRA-EX;202507;513881387;SBW0271-4P-RD;87083091;IT;PT;10;EXW;11;3;;0,4;1;63;;IT02710790060;
INTRA-EX;202507;513881387;ARMABZA250S;84213100;IT;PT;10;EXW;11;3;;5,9;1;700;;IT02710790060;
INTRA-EX;202507;513881387;MMAI-BRZ-13BBK;84213100;IT;PT;10;EXW;11;3;;4,4;1;233;;IT03656931205;
INTRA-EX;202507;513881387;CI100039;40091100;NL;PT;10;EXW;11;3;;2;1;200;;NL866860666B01;
INTRA-EX;202507;513881387;1K0253144BD;40091100;NL;PT;10;EXW;11;3;;0,2;1;6;;NL866860666B01;
INTRA-EX;202507;513881387;BKR8EIX;85111000;NL;PT;10;EXW;11;3;;0,1;20;182;;NL866860666B01;
INTRA-EX;202507;513881387;EVE-2TFSI-CF-INT;84213100;NL;PT;10;EXW;11;3;;3,1;1;663;;NL866996473B01;
INTRA-EX;202507;513881387;ATINTVAG11;87089199;ES;PT;10;EXW;11;3;;12,7;1;429;;ESB76260033;
INTRA-EX;202507;513881387;CTS-TR-1000;87089997;ES;PT;10;EXW;11;3;;10;1;599;;ESB76260033;
INTRA-EX;202507;513881387;ATINTVAG6;87089135;ES;PT;10;EXW;11;3;;12,7;1;473;;ESB76260033;
INTRA-EX;202507;513881387;10.127.100K;84132000;ES;PT;10;EXW;11;3;;0,3;1;227;;ESB76260033;
INTRA-EX;202507;513881387;VWR150000;87089997;ES;PT;10;EXW;11;3;;0,2;1;79;;ES33558767L;
INTRA-EX;202507;513881387;VWR180002;87089997;ES;PT;10;EXW;11;3;;0,1;1;21;;ES33558767L;
INTRA-EX;202507;513881387;VWR19G702;70102000;ES;PT;10;EXW;11;3;;0,1;1;49;;ES33558767L;
INTRA-EX;202507;513881387;SAU0631-4C-BK;87083091;ES;PT;10;EXW;11;3;;0,5;1;79;;ES33558767L;
INTRA-EX;202507;513881387;VWR3130RS;87088035;ES;PT;10;EXW;11;3;;9,2;1;161;;ES33558767L;
INTRA-EX;202507;513881387;VWR1200R601E;84213100;ES;PT;10;EXW;11;3;;4,9;1;338;;ES33558767L;
INTRA-EX;202507;513881387;06J103600AF;84099100;ES;PT;10;EXW;11;3;;2,5;5;71;;ES33558767L;
INTRA-EX;202507;513881387;MS100192;85111000;ES;PT;10;EXW;11;3;;0,3;24;896;;ESB42954230;
INTRA-EX;202507;513881387;VWR1200R600E;84213100;ES;PT;10;EXW;11;3;;4,9;1;309;;ESB42954230;
INTRA-EX;202507;513881387;MS100247;85111000;ES;PT;10;EXW;11;3;;0,4;4;149;;ESB42954230;
INTRA-EX;202507;513881387;VWR12G6GT;84213100;ES;PT;10;EXW;11;3;;1,9;1;237;;ESB42954230;
INTRA-EX;202507;513881387;9-355-1025;84133080;ES;PT;10;EXW;11;3;;0,8;1;161;;ESB42954230;
INTRA-EX;202507;513881387;MS100204;85111000;ES;PT;10;EXW;11;3;;0,3;4;149;;ESB42954230;
INTRA-EX;202507;513881387;VWR630000;87141030;ES;PT;10;EXW;11;3;;1,9;1;114;;ESB42954230;
INTRA-EX;202507;513881387;VWR12G7R600ITBLA;84213100;ES;PT;10;EXW;11;3;;0,8;2;152;;ESB42954230;
INTRA-EX;202507;513881387;D650-0003;84099100;ES;PT;10;EXW;11;3;;0,3;2;46;;ESB42954230;
INTRA-EX;202507;513881387;R7437-9;85111000;ES;PT;10;EXW;11;3;;0,1;13;472;;ESB42954230;
INTRA-EX;202507;513881387;FMR56RDH-BLU;40091100;ES;PT;10;EXW;11;3;;1,1;1;109;;ES28841101K;
INTRA-EX;202507;513881387;FMR56RDH-RED;40091100;ES;PT;10;EXW;11;3;;1,1;2;218;;ES28841101K;
INTRA-EX;202507;513881387;VWR31G7GT;87088035;ES;PT;10;EXW;11;3;;8,5;1;161;;ES33558767L;
INTRA-EX;202507;513881387;06J103600AF;84099100;ES;PT;10;EXW;11;3;;2,5;1;14;;ES33558767L;
INTRA-EX;202507;513881387;MMRAD-GLF-99;87089135;ES;PT;10;EXW;11;3;;8;1;196;;ES44719365M;
INTRA-EX;202507;513881387;KLC173;87088055;ES;PT;10;EXW;11;3;;0,8;1;85;;ESB72996382;
INTRA-EX;202507;513881387;FMRMCLMP;87089997;ES;PT;10;EXW;11;3;;0,1;1;21;;ESB72996382;
INTRA-EX;202507;513881387;FMINT24;87089997;ES;PT;10;EXW;11;3;;20;1;562;;ES29524079Z;
INTRA-EX;202507;513881387;SVAGC005;87089235;ES;PT;10;EXW;11;3;;11;1;263;;ESB44699973;
INTRA-EX;202507;513881387;216BFWAEBOSM;90262020;ES;PT;10;EXW;11;3;;0,3;1;37;;ESB42547083;
INTRA-EX;202507;513881387;216CLSDWAOT-R;87089997;ES;PT;10;EXW;11;3;;0,4;1;42;;ESB42547083;
INTRA-EX;202507;513881387;AC-MK5-FU-RD;87088055;ES;PT;10;EXW;11;3;;4,4;1;59;;ES50902109G;
INTRA-EX;202507;513881387;AC-MK8R-DPHS;87089235;ES;PT;10;EXW;11;3;;10,2;1;257;;ESB72371628;
INTRA-EX;202507;513881387;D650-0002;84099100;ES;PT;10;EXW;11;3;;0,3;6;139;;ESB19781145;
INTRA-EX;202507;513881387;WB-341;84213100;ES;PT;10;EXW;11;3;;0,2;1;33;;ESB19781145;
INTRA-EX;202507;513881387;AC-Z33-DP;87089235;ES;PT;10;EXW;11;3;;4,5;1;111;;QV999999999999;
INTRA-EX;202507;513881387;SVWCS045;87089235;ES;PT;10;EXW;11;3;;9,2;1;325;;QV999999999999;
INTRA-EX;202507;513881387;500-A027;84213100;FR;PT;10;EXW;11;3;;2,1;1;91;;QV999999999999;
INTRA-EX;202507;513881387;JSK-110;84213100;FR;PT;10;EXW;11;3;;3;1;214;;QV999999999999;
INTRA-EX;202507;513881387;VWR180000;87089997;FR;PT;10;EXW;11;3;;0,1;1;15;;QV999999999999;
INTRA-EX;202507;513881387;BKR7EIX-4;84099100;FR;PT;10;EXW;11;3;;0,3;1;40;;QV999999999999;
INTRA-EX;202507;513881387;PPF-9786;84213100;FR;PT;10;EXW;11;3;;0,5;1;34;;QV999999999999;
INTRA-EX;202507;513881387;MS100208-4;84099100;FR;PT;10;EXW;11;3;;1,7;1;119;;QV999999999999;
INTRA-EX;202507;513881387;MMRAD-MAC-06;87089135;CZ;PT;10;EXW;11;3;;9,1;1;196;;CZ05681197;
INTRA-EX;202507;513881387;PF04;85444290;CZ;PT;10;EXW;11;3;;0,2;2;318;;CZ05681197;
INTRA-EX;202507;513881387;33004-BT003;84213100;RO;PT;10;EXW;11;3;;6;1;344;;QV999999999999;
INTRA-EX;202507;513881387;VWR640020;87089997;DE;PT;10;EXW;11;3;;2,2;1;106;;QV999999999999;
INTRA-EX;202507;513881387;VWR640012;87089997;DE;PT;10;EXW;11;3;;2,2;1;88;;QV999999999999;
INTRA-EX;202507;513881387;EVE-G8XMV2-CF-INT;84213100;PL;PT;10;EXW;11;3;;7,7;1;1987;;PL8141683531;
INTRA-EX;202507;513881387;D650-0010;84099100;GR;PT;10;EXW;11;3;;0,3;6;151;;GREL156587530;
INTRA-EX;202507;513881387;AC-500-DP;87089235;BE;PT;10;EXW;11;3;;2,4;1;99;;BE0670639687;
INTRA-EX;202507;513881387;AC-45-DPCAT;87089235;BE;PT;10;EXW;11;3;;9,9;1;275;;BE0800520610;
INTRA-EX;202507;513881387;AC-MK3ST-SC-BL;87089997;BE;PT;10;EXW;11;3;;0,7;1;102;;QV999999999999;
INTRA-EX;202507;513881387;BTF81Z;87088055;IT;PT;10;EXW;11;3;;4,2;1;143;;IT02710790060;
INTRA-EX;202507;513881387;BTR84Z;87088055;IT;PT;10;EXW;11;3;;3;1;143;;IT02710790060;
INTRA-EX;202507;513881387;UR-TW2-1269;87088055;IT;PT;10;EXW;11;3;;3,1;1;60;;IT12072620011;
INTRA-EX;202507;513881387;FMMK5FMIC-BLA;87089997;IT;PT;10;EXW;11;3;;16,4;1;526;;IT03813391202;
INTRA-EX;202507;513881387;Z1003101;85111000;IT;PT;10;EXW;11;3;;0,1;16;265;;IT04227541200;
INTRA-EX;202507;513881387;Z1003100;85111000;IT;PT;10;EXW;11;3;;0,1;16;398;;IT04227541200;
INTRA-EX;202507;513881387;MS100192;85111000;IT;PT;10;EXW;11;3;;0,3;20;747;;IT04227541200;
INTRA-EX;202507;513881387;MS100204;85111000;IT;PT;10;EXW;11;3;;0,3;12;448;;IT04227541200;
INTRA-EX;202507;513881387;CI100033-B;87089235;IT;PT;10;EXW;11;3;;1;2;332;;IT04227541200;
INTRA-EX;202507;513881387;CI100054;40091100;IT;PT;10;EXW;11;3;;4,3;2;375;;IT04227541200;
INTRA-EX;202507;513881387;CI100053;84213100;IT;PT;10;EXW;11;3;;4,2;3;751;;IT04227541200;
INTRA-EX;202507;513881387;CTS-IT-250;84213100;NL;PT;10;EXW;11;3;;6,6;1;284;;NL866860666B01;
INTRA-EX;202507;513881387;MS100204;85111000;NL;PT;10;EXW;11;3;;0,3;4;149;;NL866860666B01;
INTRA-EX;202507;513881387;U5014;84099100;NL;PT;10;EXW;11;3;;0,3;4;86;;NL866860666B01;
INTRA-EX;202507;513881387;MMTS-FIST-14;87089997;NL;PT;10;EXW;11;3;;0,1;1;37;;NL866860666B01;
INTRA-EX;202507;513881387;CTS-EXH-TP-0007;87089235;NL;PT;10;EXW;11;3;;3;1;112;;NL866860666B01;
INTRA-EX;202507;513881387;MS100244;85111000;NL;PT;10;EXW;11;3;;0,3;6;166;;NL866860666B01;
INTRA-EX;202507;513881387;MMICP-F80-15;40091100;NL;PT;10;EXW;11;3;;2,5;1;266;;NL866860666B01;
INTRA-EX;202507;513881387;CTS-SIL-0070;40091100;NL;PT;10;EXW;11;3;;0,7;1;52;;NL866860666B01;
INTRA-EX;202507;513881387;CTS-IT-285;40091100;NL;PT;10;EXW;11;3;;0,3;1;59;;NL866860666B01;
INTRA-EX;202507;513881387;MMFS-CIV-92;87089997;NL;PT;10;EXW;11;3;;3,3;1;104;;NL857445832B01;
INTRA-EX;202507;513881387;EVE-151-G2-FTR;84213100;NL;PT;10;EXW;11;3;;0,5;1;63;;NL857445832B01;
INTRA-EX;202507;513881387;FR-0529;84213100;NL;PT;10;EXW;11;3;;4,2;1;1015;;NL857445832B01;
INTRA-EX;202507;513881387;30-3300;87089997;NL;PT;10;EXW;11;3;;4,9;1;399;;NL857445832B01;
INTRA-EX;202507;513881387;204-3901;87089997;ES;PT;10;EXW;11;3;;1,1;1;172;;ES44749766T;
INTRA-EX;202507;513881387;R21-10-2;40091100;LT;PT;10;EXW;11;3;;0,2;1;63;;LT100016248411;
INTRA-EX;202507;513881387;SILZKFR8D7S;85111000;LT;PT;10;EXW;11;3;;0,2;6;45;;LT100016248411;
INTRA-EX;202507;513881387;VWR12G7R600ITBLA;84213100;GR;PT;10;EXW;11;3;;0,8;1;76;;GREL156587530;
INTRA-EX;202507;513881387;ARMAAD0RS3-A;84213100;ES;PT;10;EXW;11;3;;5,9;1;893;;ESB01715598;
INTRA-EX;202507;513881387;FMFSITAT-BLK;87089997;ES;PT;10;EXW;11;3;;0,7;1;175;;ES16610275C;
INTRA-EX;202507;513881387;AC-S55-DP;87089235;ES;PT;10;EXW;11;3;;5,2;1;203;;ES71155708X;
INTRA-EX;202507;513881387;SVWS038;87089235;ES;PT;10;EXW;11;3;;21;1;567;;ES44657479N;
INTRA-EX;202507;513881387;VWR120000;84213100;ES;PT;10;EXW;11;3;;1;1;30;;ESB04855516;
INTRA-EX;202507;513881387;MS100208;85111000;ES;PT;10;EXW;11;3;;0,3;10;249;;ESB04855516;
INTRA-EX;202507;513881387;CTS-TR-1050;87089997;ES;PT;10;EXW;11;3;;13,6;1;1124;;ESB04886776;
INTRA-EX;202507;513881387;Z1003100;85111000;ES;PT;10;EXW;11;3;;0,1;12;298;;ESB04886776;
INTRA-EX;202507;513881387;CTS-IT-255R-2;87089135;ES;PT;10;EXW;11;3;;8;1;284;;ES44719365M;
INTRA-EX;202507;513881387;AC-180-EXM;84198998;ES;PT;10;EXW;11;3;;5;1;203;;ES44719365M;
INTRA-EX;202507;513881387;CTS-SIL-0070;40091100;ES;PT;10;EXW;11;3;;0,7;1;52;;ES44719365M;
INTRA-EX;202507;513881387;42M-02-1000-4;84133080;ES;PT;10;EXW;11;3;;0,2;1;239;;ESB42547083;
INTRA-EX;202507;513881387;9-307-1026;84133080;ES;PT;10;EXW;11;3;;0,5;1;122;;ESB42547083;
INTRA-EX;202507;513881387;216CLSDWABO-R;87089997;ES;PT;10;EXW;11;3;;0,4;1;53;;ESB42547083;
INTRA-EX;202507;513881387;EXHSL76;96072090;ES;PT;10;EXW;11;3;;0,7;1;14;;ESB42547083;
INTRA-EX;202507;513881387;MS100192;85111000;ES;PT;10;EXW;11;3;;0,3;30;1121;;ESB42954230;
INTRA-EX;202507;513881387;VWR1200R601E;84213100;ES;PT;10;EXW;11;3;;4,9;1;338;;ESB42954230;
INTRA-EX;202507;513881387;216BFWAOPSM;90269000;ES;PT;10;EXW;11;3;;0,4;1;34;;ESB42954230;
INTRA-EX;202507;513881387;Z1003100;85111000;ES;PT;10;EXW;11;3;;0,1;4;99;;ESB42954230;
INTRA-EX;202507;513881387;VWR18G700;87089997;ES;PT;10;EXW;11;3;;4;1;420;;ESB42954230;
INTRA-EX;202507;513881387;VWR19G701;87089997;ES;PT;10;EXW;11;3;;0,2;2;102;;ESB42954230;
INTRA-EX;202507;513881387;PK431;84213100;ES;PT;10;EXW;11;3;;4,7;1;314;;QV999999999999;
INTRA-EX;202507;513881387;10.127.100K;84132000;FR;PT;10;EXW;11;3;;0,3;1;227;;FR94827543661;
INTRA-EX;202507;513881387;MMRAD-E90-07;87089135;FR;PT;10;EXW;11;3;;6,4;1;308;;FR35504243288;
INTRA-EX;202507;513881387;CTS-IGN-008;84099100;FR;PT;10;EXW;11;3;;0,3;18;539;;FR35504243288;
INTRA-EX;202507;513881387;SBMP086;87089235;FR;PT;10;EXW;11;3;;11,8;1;275;;FR35504243288;
INTRA-EX;202507;513881387;HX-N-00;87089997;FR;PT;10;EXW;11;3;;5,6;1;1046;;FR80888340023;
INTRA-EX;202507;513881387;EVE-FLC;87084099;FR;PT;10;EXW;11;3;;0,6;1;21;;FR80888340023;
INTRA-EX;202507;513881387;CTS-IT-110;40091100;FR;PT;10;EXW;11;3;;1,3;1;190;;QV999999999999;
INTRA-EX;202507;513881387;SVWC060;87089235;FR;PT;10;EXW;11;3;;10;1;383;;QV999999999999;
INTRA-EX;202507;513881387;AC-200-IT;84198998;FR;PT;10;EXW;11;3;;5;1;187;;QV999999999999;
INTRA-EX;202507;513881387;BHR67Z;87088055;IE;PT;10;EXW;11;3;;5;1;183;;IE3443879DH;
INTRA-EX;202507;513881387;8E0971824S-BL;84099100;IE;PT;10;EXW;11;3;;0,2;1;18;;QV999999999999;
INTRA-EX;202507;513881387;AC-200-CP-4;84099100;IE;PT;10;EXW;11;3;;1;1;80;;QV999999999999;
INTRA-EX;202507;513881387;BKR7EIX-4;84099100;IE;PT;10;EXW;11;3;;0,3;1;39;;QV999999999999;
INTRA-EX;202507;513881387;AC-27-CB;87089235;FI;PT;10;EXW;11;3;;21,2;1;286;;QV999999999999;
INTRA-EX;202507;513881387;SHYC103;87089235;FI;PT;10;EXW;11;3;;4,5;1;281;;QV999999999999;
INTRA-EX;202507;513881387;FMSS3;87089997;FI;PT;10;EXW;11;3;;0,3;1;100;;QV999999999999;
INTRA-EX;202507;513881387;MMRT-MIA-16TP;87089499;SE;PT;10;EXW;11;3;;1,9;1;148;;QV999999999999;
INTRA-EX;202507;513881387;R7437-9-8;84099100;FI;PT;10;EXW;11;3;;0,5;1;327;;QV999999999999;
INTRA-EX;202507;513881387;E10-42-040-06-22;73202081;FI;PT;10;EXW;11;3;;9,5;1;210;;QV999999999999;
INTRA-EX;202507;513881387;FMDV20-BLA;84818040;FI;PT;10;EXW;11;3;;0,6;1;169;;QV999999999999;
INTRA-EX;202507;513881387;110282;27101999;FI;PT;10;EXW;11;3;;1;6;62;;QV999999999999;
INTRA-EX;202507;513881387;RBF700;27101999;FI;PT;10;EXW;11;3;;0,6;2;27;;QV999999999999;
INTRA-EX;202507;513881387;RBF660;27101999;FI;PT;10;EXW;11;3;;0,6;2;23;;QV999999999999;
INTRA-EX;202507;513881387;MMICP-SUP-20RD;87089997;FI;PT;10;EXW;11;3;;2,5;1;299;;QV999999999999;
INTRA-EX;202507;513881387;EVE-W210-FTR;84213100;FI;PT;10;EXW;11;3;;0,6;1;90;;QV999999999999;
INTRA-EX;202507;513881387;S90-4-25-029;87087050;FI;PT;10;EXW;11;3;;2,1;2;186;;QV999999999999;
INTRA-EX;202507;513881387;KCA435;87088055;RO;PT;10;EXW;11;3;;2;1;208;;QV999999999999;
INTRA-EX;202507;513881387;KCA434;87088055;RO;PT;10;EXW;11;3;;0,6;1;63;;QV999999999999;
INTRA-EX;202507;513881387;W0509;87088055;RO;PT;10;EXW;11;3;;0,3;1;46;;QV999999999999;
INTRA-EX;202507;513881387;KSR210;87089997;RO;PT;10;EXW;11;3;;0,3;1;37;;QV999999999999;
INTRA-EX;202507;513881387;UR-LA4-991;87088055;RO;PT;10;EXW;11;3;;2,1;1;124;;QV999999999999;
INTRA-EX;202507;513881387;UR-TW2-990;87088055;RO;PT;10;EXW;11;3;;3,4;1;117;;QV999999999999;
INTRA-EX;202507;513881387;UR-RE4-1321;87088055;RO;PT;10;EXW;11;3;;4,1;1;130;;QV999999999999;
INTRA-EX;202507;513881387;03K906051;90269000;LU;PT;10;EXW;11;3;;0,1;1;19;;QV999999999999;
INTRA-EX;202507;513881387;BBF46;87088055;HR;PT;10;EXW;11;3;;8,7;1;157;;QV999999999999;
INTRA-EX;202507;513881387;FMINDK26;84213100;HR;PT;10;EXW;11;3;;2,3;1;313;;HR04156715506;
INTRA-EX;202507;513881387;FMCTDS3-BK;87089997;SI;PT;10;EXW;11;3;;3;1;320;;QV999999999999;
INTRA-EX;202507;513881387;JSK-126-BK;84213100;SI;PT;10;EXW;11;3;;3,9;1;252;;QV999999999999;
INTRA-EX;202507;513881387;508-T024;84213100;DE;PT;10;EXW;11;3;;3,8;1;201;;QV999999999999;
INTRA-EX;202507;513881387;STY0015-4P-RD;87083091;DE;PT;10;EXW;11;3;;0,5;1;79;;QV999999999999;
INTRA-EX;202507;513881387;URKR-TW2-4201;87088055;DE;PT;10;EXW;11;3;;3;1;150;;QV999999999999;
INTRA-EX;202507;513881387;14011-AF001;84213100;GR;PT;10;EXW;11;3;;2;1;145;;QV999999999999;
INTRA-EX;202507;513881387;SSU0500-4P-BK;87083091;GR;PT;10;EXW;11;3;;0,5;1;81;;QV999999999999;
INTRA-EX;202507;513881387;33004-BT003;84213100;GR;PT;10;EXW;11;3;;6;1;330;;QV999999999999;
INTRA-EX;202507;513881387;FMMD7;87089235;GR;PT;10;EXW;11;3;;0,6;2;178;;QV999999999999;
INTRA-EX;202507;513881387;NurbStick-W-BK;39199080;GR;PT;10;EXW;11;3;;0,1;1;2;;QV999999999999;
INTRA-EX;202507;513881387;613182.654150;87089997;BE;PT;10;EXW;11;3;;0,5;1;62;;BE0826169982;
INTRA-EX;202507;513881387;CTS-sil-noise;87089997;BE;PT;10;EXW;11;3;;0,3;1;27;;BE0826169982;
INTRA-EX;202507;513881387;PST78;87088035;BE;PT;10;EXW;11;3;;3,4;1;121;;QV999999999999;
INTRA-EX;202507;513881387;SDN150R-C;87088035;BE;PT;10;EXW;11;3;;1;1;108;;QV999999999999;
INTRA-EX;202507;513881387;CTS-HW-306;87089997;BE;PT;10;EXW;11;3;;0,9;1;83;;BE1017766857;
INTRA-EX;202507;513881387;CTS-IT-210;40091100;BE;PT;10;EXW;11;3;;1,1;1;171;;QV999999999999;
INTRA-EX;202507;513881387;50003-M45-XL-4;84213100;BE;PT;10;EXW;11;3;;0,3;1;80;;QV999999999999;
INTRA-EX;202507;513881387;60FO06;87083091;IT;PT;10;EXW;11;3;;25;1;376;;QV999999999999;
INTRA-EX;202507;513881387;FMINLS1-BLA;40091100;NL;PT;10;EXW;11;3;;0,8;1;62;;QV999999999999;
INTRA-EX;202507;513881387;06K103213A;40091100;NL;PT;10;EXW;11;3;;0,1;1;16;;QV999999999999;
INTRA-EX;202507;513881387;BHR100Z;87088055;ES;PT;10;EXW;11;3;;5;1;277;;QV999999999999;
INTRA-EX;202507;513881387;BHF100Z;87088055;ES;PT;10;EXW;11;3;;6;1;209;;QV999999999999;
INTRA-EX;202507;513881387;GTHSB-5;87089997;ES;PT;10;EXW;11;3;;0,1;1;20;;QV999999999999;
INTRA-EX;202507;513881387;EVO300E;84213100;ES;PT;10;EXW;11;3;;5,8;1;342;;QV999999999999;
INTRA-EX;202507;513881387;SILZKBR8D8S-6;84099100;ES;PT;10;EXW;11;3;;0,4;1;67;;QV999999999999;
INTRA-EX;202507;513881387;SILZKBR8D8S-6;84099100;ES;PT;10;EXW;11;3;;0,4;1;67;;QV999999999999;
INTRA-EX;202507;513881387;75W140;27101999;ES;PT;10;EXW;11;3;;1;2;35;;QV999999999999;
INTRA-EX;202507;513881387;IZKR7B-6;85111000;ES;PT;10;EXW;11;3;;0,4;1;58;;QV999999999999;
INTRA-EX;202507;513881387;6B2640H-STD;40091100;ES;PT;10;EXW;11;3;;0,3;1;64;;QV999999999999;
INTRA-EX;202507;513881387;DBA2472S-2;87089997;ES;PT;10;EXW;11;3;;19;1;233;;QV999999999999;
INTRA-EX;202507;513881387;DBA2472S-2;87089997;ES;PT;10;EXW;11;3;;19;1;233;;QV999999999999;
INTRA-EX;202507;513881387;MMRAD-GLF-99;87089135;ES;PT;10;EXW;11;3;;8;1;261;;QV999999999999;
INTRA-EX;202507;513881387;EVO2300;84213100;ES;PT;10;EXW;11;3;;4,8;1;307;;ESA25038415;
INTRA-EX;202507;513881387;DILKAR8R9HS-4;85111000;ES;PT;10;EXW;11;3;;0,3;1;62;;QV999999999999;
INTRA-EX;202507;513881387;AC-180-EXM;84198998;ES;PT;10;EXW;11;3;;5;1;307;;ES44842025Y;
INTRA-EX;202507;513881387;SILZKFR8D7S-4;85111000;ES;PT;10;EXW;11;3;;0,3;1;34;;QV999999999999;
INTRA-EX;202507;513881387;MMRAD-240-89KA;87089135;ES;PT;10;EXW;11;3;;8,5;1;213;;QV999999999999;
INTRA-EX;202507;513881387;FMMK5CTC;87089135;ES;PT;10;EXW;11;3;;1,6;1;406;;QV999999999999;
INTRA-EX;202507;513881387;D650-0010-6;84099100;ES;PT;10;EXW;11;3;;2,4;1;185;;QV999999999999;
INTRA-EX;202507;513881387;ACSP1;84099100;ES;PT;10;EXW;11;3;;0,5;1;22;;QV999999999999;
INTRA-EX;202507;513881387;BHR100Z;87088055;ES;PT;10;EXW;11;3;;5;1;277;;QV999999999999;
INTRA-EX;202507;513881387;BHF100Z;87088055;ES;PT;10;EXW;11;3;;6;1;209;;QV999999999999;
INTRA-EX;202507;513881387;06E898001-4;85111000;ES;PT;10;EXW;11;3;;1,5;1;101;;QV999999999999;
INTRA-EX;202507;513881387;8E0971824S-RD;84099100;ES;PT;10;EXW;11;3;;0,2;1;14;;QV999999999999;
INTRA-EX;202507;513881387;BKR8EIX-4;85111000;ES;PT;10;EXW;11;3;;0,3;1;42;;QV999999999999;
INTRA-EX;202507;513881387;FMKT010-BLA;40093100;ES;PT;10;EXW;11;3;;1,7;1;190;;QV999999999999;
INTRA-EX;202507;513881387;06K103484F;87089997;ES;PT;10;EXW;11;3;;0,1;1;6;;QV999999999999;
INTRA-EX;202507;513881387;AC-MK7-RL;87088055;ES;PT;10;EXW;11;3;;0,5;1;59;;QV999999999999;
INTRA-EX;202507;513881387;AC-MK7-CL;87088055;ES;PT;10;EXW;11;3;;1,3;1;74;;QV999999999999;
INTRA-EX;202507;513881387;WHT005184;40091100;ES;PT;10;EXW;11;3;;0,1;1;8;;QV999999999999;
INTRA-EX;202507;513881387;SBW1171-4P-BK;87083091;ES;PT;10;EXW;11;3;;0,5;1;83;;QV999999999999;
INTRA-EX;202507;513881387;FMKT135F20;87089997;ES;PT;10;EXW;11;3;;0,7;1;87;;QV999999999999;
INTRA-EX;202507;513881387;CTS-HW-455;87089997;ES;PT;10;EXW;11;3;;1,4;1;164;;QV999999999999;
INTRA-EX;202507;513881387;FR-0039;84213100;ES;PT;10;EXW;11;3;;4,3;1;446;;QV999999999999;
INTRA-EX;202507;513881387;UR-TW2-3212;87088055;ES;PT;10;EXW;11;3;;3,2;2;245;;QV999999999999;
INTRA-EX;202507;513881387;FMOC11-BLA;87089997;ES;PT;10;EXW;11;3;;3,6;1;492;;ESB96140132;
INTRA-EX;202507;513881387;ATINTHYU3;87089199;ES;PT;10;EXW;11;3;;14,8;1;602;;ESB96140132;
INTRA-EX;202507;513881387;MMIG-VLSTR-19T04;85111000;ES;PT;10;EXW;11;3;;1,7;2;197;;ESB96140132;
INTRA-EX;202507;513881387;50003-MR45XLZ-4;87089997;ES;PT;10;EXW;11;3;;0,3;3;262;;ESB96140132;
INTRA-EX;202507;513881387;R7437-9-4;87089997;ES;PT;10;EXW;11;3;;0,3;1;169;;QV999999999999;
INTRA-EX;202507;513881387;SAUC074;87089235;ES;PT;10;EXW;11;3;;12;1;382;;QV999999999999;
INTRA-EX;202507;513881387;AC-MK7-IT;84198998;ES;PT;10;EXW;11;3;;4,3;1;193;;QV999999999999;
INTRA-EX;202507;513881387;D650-0003-6;84099100;ES;PT;10;EXW;11;3;;2,4;1;169;;QV999999999999;
INTRA-EX;202507;513881387;MMTS-E90-07;87089997;ES;PT;10;EXW;11;3;;0,1;1;61;;QV999999999999;
INTRA-EX;202507;513881387;F5502+F5500;87082910;ES;PT;10;EXW;11;3;;1,3;1;193;;QV999999999999;
INTRA-EX;202507;513881387;5M1959H-STD;40091100;ES;PT;10;EXW;11;3;;0,5;1;55;;QV999999999999;
INTRA-EX;202507;513881387;KDT914;87088020;ES;PT;10;EXW;11;3;;0,4;1;26;;QV999999999999;
INTRA-EX;202507;513881387;SHY0900-4P-EB;87083091;ES;PT;10;EXW;11;3;;0,8;1;96;;QV999999999999;
INTRA-EX;202507;513881387;AC-OPC-DP;87089235;ES;PT;10;EXW;11;3;;1,7;1;96;;QV999999999999;
INTRA-EX;202507;513881387;ATMSFO132;87089997;ES;PT;10;EXW;11;3;;5,2;1;243;;QV999999999999;
INTRA-EX;202507;513881387;CTS-HW-046;87089997;ES;PT;10;EXW;11;3;;0,3;1;107;;QV999999999999;
INTRA-EX;202507;513881387;EVO1105;84213100;ES;PT;10;EXW;11;3;;5,6;1;317;;QV999999999999;
INTRA-EX;202507;513881387;STAB122XLI30N;84213100;ES;PT;10;EXW;11;3;;2,4;1;280;;QV999999999999;
INTRA-EX;202507;513881387;MMRA-LC-EG-BL;87083099;ES;PT;10;EXW;11;3;;5,6;3;74;;ES33558767L;
INTRA-EX;202507;513881387;5w30;27101999;ES;PT;10;EXW;11;3;;1,9;4;116;;ES33558767L;
INTRA-EX;202507;513881387;11427953129;84099100;ES;PT;10;EXW;11;3;;0,1;2;10;;ES33558767L;
INTRA-EX;202507;513881387;S90-2-15-055-B-BT;87087050;ES;PT;10;EXW;11;3;;1,8;1;121;;ESB01796796;
INTRA-EX;202507;513881387;S90-2-12-023-B-BT;87087050;ES;PT;10;EXW;11;3;;1,8;1;116;;ESB01796796;
INTRA-EX;202507;513881387;SMT0710-4P-BK;87083091;ES;PT;10;EXW;11;3;;0,6;1;83;;QV999999999999;
INTRA-EX;202507;513881387;PK455;84213100;ES;PT;10;EXW;11;3;;5,2;1;448;;ESB57963290;
INTRA-EX;202507;513881387;ILZKBR7B8G-4;87089997;ES;PT;10;EXW;11;3;;0,3;1;38;;QV999999999999;
INTRA-EX;202507;513881387;ATMSFO132;87089997;ES;PT;10;EXW;11;3;;5,2;1;243;;QV999999999999;
INTRA-EX;202507;513881387;CTS-IT-288;84213100;ES;PT;10;EXW;11;3;;2,2;1;297;;QV999999999999;
INTRA-EX;202507;513881387;ES-351255;87089997;ES;PT;10;EXW;11;3;;1,8;1;61;;ESB40522484;
INTRA-EX;202507;513881387;FMCCHMK5-BLU;40093100;ES;PT;10;EXW;11;3;;0,2;1;50;;QV999999999999;
INTRA-EX;202507;513881387;8E0971824S-BL;84099100;ES;PT;10;EXW;11;3;;0,2;1;18;;QV999999999999;
INTRA-EX;202507;513881387;CTS-TM-MK4-60D;87089235;ES;PT;10;EXW;11;3;;2;1;107;;QV999999999999;
INTRA-EX;202507;513881387;SBW1110-4P-BK;87083091;ES;PT;10;EXW;11;3;;0,4;1;77;;QV999999999999;
INTRA-EX;202507;513881387;FMDV32A-BLK;84814090;FR;PT;10;EXW;11;3;;0,6;1;207;;QV999999999999;
INTRA-EX;202507;513881387;SILZKBR8D8S-6;84099100;FR;PT;10;EXW;11;3;;0,4;1;68;;QV999999999999;
INTRA-EX;202507;513881387;CTS-IGN-007;84099100;FR;PT;10;EXW;11;3;;0,3;1;35;;QV999999999999;
INTRA-EX;202507;513881387;FMKCMEG-BLU;40091100;FR;PT;10;EXW;11;3;;3;1;344;;QV999999999999;
INTRA-EX;202507;513881387;AC-UNI-WD;87089997;FR;PT;10;EXW;11;3;;0,2;1;13;;QV999999999999;
INTRA-EX;202507;513881387;VWR810000;87089997;FR;PT;10;EXW;11;3;;0,2;1;28;;QV999999999999;
INTRA-EX;202507;513881387;ATMSREN12;87089997;FR;PT;10;EXW;11;3;;4;1;411;;FR93901613281;
INTRA-EX;202507;513881387;FMMK7INDH-BLA;40093100;FR;PT;10;EXW;11;3;;0,8;1;67;;QV999999999999;
INTRA-EX;202507;513881387;AC-200-FD;87089997;FR;PT;10;EXW;11;3;;0,5;1;48;;QV999999999999;
INTRA-EX;202507;513881387;SAU0496-4P-EB;87083091;FR;PT;10;EXW;11;3;;0,5;1;84;;FR44843962317;
INTRA-EX;202507;513881387;L3P3BF2W;87089997;FR;PT;10;EXW;11;3;;1;1;322;;QV999999999999;
INTRA-EX;202507;513881387;U5055-6;84099100;FR;PT;10;EXW;11;3;;2,1;1;132;;FR16951063338;
INTRA-EX;202507;513881387;BKR8EIX-4;85111000;FR;PT;10;EXW;11;3;;0,3;1;43;;QV999999999999;
INTRA-EX;202507;513881387;MS100210-4;84099100;FR;PT;10;EXW;11;3;;1,7;1;119;;QV999999999999;
INTRA-EX;202507;513881387;FMDVK04S-MAC;84814090;FR;PT;10;EXW;11;3;;0,2;1;142;;QV999999999999;
INTRA-EX;202507;513881387;001422.999502;84836080;FR;PT;10;EXW;11;3;;7;1;560;;QV999999999999;
INTRA-EX;202507;513881387;613182.654150;87089997;FR;PT;10;EXW;11;3;;0,5;1;62;;QV999999999999;
INTRA-EX;202507;513881387;FMINDK43;84213100;FR;PT;10;EXW;11;3;;3,1;1;417;;FR65890019185;
INTRA-EX;202507;513881387;FMTIA8-STOCK;87089997;FR;PT;10;EXW;11;3;;3,2;1;259;;FR65890019185;
INTRA-EX;202507;513881387;R7437-9-4;87089997;FR;PT;10;EXW;11;3;;0,3;1;166;;QV999999999999;
INTRA-EX;202507;513881387;VWR120001;87089997;FR;PT;10;EXW;11;3;;0,1;1;6;;QV999999999999;
INTRA-EX;202507;513881387;CTS-HW-250;87089997;FR;PT;10;EXW;11;3;;3;1;341;;QV999999999999;
INTRA-EX;202507;513881387;8E0971824S-RD;84099100;FR;PT;10;EXW;11;3;;0,2;1;14;;QV999999999999;
INTRA-EX;202507;513881387;R18-10-2;87089235;FR;PT;10;EXW;11;3;;0,3;1;66;;QV999999999999;
INTRA-EX;202507;513881387;AC-300-CP-6;84099100;FR;PT;10;EXW;11;3;;1,6;1;107;;QV999999999999;
INTRA-EX;202507;513881387;EVO9202;84213100;FR;PT;10;EXW;11;3;;5,6;1;356;;QV999999999999;
INTRA-EX;202507;513881387;CTS-IT-259;40091100;FR;PT;10;EXW;11;3;;1,1;1;145;;FR09800029712;
INTRA-EX;202507;513881387;CTS-IT-105R;84213100;FR;PT;10;EXW;11;3;;4,6;1;256;;FR09800029712;
INTRA-EX;202507;513881387;FMKT008-BLU;40093100;FR;PT;10;EXW;11;3;;1;1;173;;QV999999999999;
INTRA-EX;202507;513881387;AC-UNI-WD;87089997;FR;PT;10;EXW;11;3;;0,2;1;13;;QV999999999999;
INTRA-EX;202507;513881387;06E898001-4;85111000;FR;PT;10;EXW;11;3;;1,5;1;102;;QV999999999999;
INTRA-EX;202507;513881387;MS100123;87089997;FR;PT;10;EXW;11;3;;1;1;299;;QV999999999999;
INTRA-EX;202507;513881387;FMINLR60-RED;40093100;FR;PT;10;EXW;11;3;;1,3;1;129;;FR09984331264;
INTRA-EX;202507;513881387;MS100208-4;84099100;FR;PT;10;EXW;11;3;;1,7;1;119;;QV999999999999;
INTRA-EX;202507;513881387;AC-MK7-RL;87088055;FR;PT;10;EXW;11;3;;0,5;1;59;;QV999999999999;
INTRA-EX;202507;513881387;SVW0630-4P-BK;87083091;FR;PT;10;EXW;11;3;;0,5;1;77;;QV999999999999;
INTRA-EX;202507;513881387;SNN0801-6P-BK;87083091;FR;PT;10;EXW;11;3;;0,9;1;141;;QV999999999999;
INTRA-EX;202507;513881387;RBF600;27101999;FR;PT;10;EXW;11;3;;0,6;5;47;;QV999999999999;
INTRA-EX;202507;513881387;SFD0121-4P-BK;87083091;FR;PT;10;EXW;11;3;;0,5;1;77;;QV999999999999;
INTRA-EX;202507;513881387;ATIKMAZ01;84213100;FR;PT;10;EXW;11;3;;3,6;1;232;;QV999999999999;
INTRA-EX;202507;513881387;ILTR6A-8G-4;87089997;FR;PT;10;EXW;11;3;;0,3;1;54;;QV999999999999;
INTRA-EX;202507;513881387;VWR121020;84213100;FR;PT;10;EXW;11;3;;4,3;1;517;;FR82918280173;
INTRA-EX;202507;513881387;UR-TW2-3300;87088055;FR;PT;10;EXW;11;3;;3,5;1;129;;QV999999999999;
INTRA-EX;202507;513881387;CTS-sil-noise;87089997;FR;PT;10;EXW;11;3;;0,3;1;27;;QV999999999999;
INTRA-EX;202507;513881387;SVWC042;87089235;FR;PT;10;EXW;11;3;;11,4;1;348;;QV999999999999;
INTRA-EX;202507;513881387;FMACVAG08;84099100;FR;PT;10;EXW;11;3;;0,5;1;144;;FR33819169954;
INTRA-EX;202507;513881387;BKR8EIX-4;85111000;FR;PT;10;EXW;11;3;;0,3;1;43;;QV999999999999;
INTRA-EX;202507;513881387;WHT005184;40091100;FR;PT;10;EXW;11;3;;0,1;2;16;;QV999999999999;
INTRA-EX;202507;513881387;AC-VAG-ODP;70102000;FR;PT;10;EXW;11;3;;0,2;1;8;;QV999999999999;
INTRA-EX;202507;513881387;F2365P+F2367P-24;87082910;FR;PT;10;EXW;11;3;;1,3;1;857;;FR35504243288;
INTRA-EX;202507;513881387;BKR8EIX-4;85111000;FR;PT;10;EXW;11;3;;0,3;1;43;;QV999999999999;
INTRA-EX;202507;513881387;034-106-3039;87089997;FR;PT;10;EXW;11;3;;0,2;1;320;;QV999999999999;
INTRA-EX;202507;513881387;WHT005184;40091100;FR;PT;10;EXW;11;3;;0,1;1;8;;QV999999999999;
INTRA-EX;202507;513881387;PKR7A-6;85111000;FR;PT;10;EXW;11;3;;0,4;2;144;;FR47383072444;
INTRA-EX;202507;513881387;KDT969;87088055;FR;PT;10;EXW;11;3;;0,8;2;115;;FR47383072444;
INTRA-EX;202507;513881387;AC-N55-IC;84198998;FR;PT;10;EXW;11;3;;18;1;374;;QV999999999999;
INTRA-EX;202507;513881387;FMKT135F20;87089997;FR;PT;10;EXW;11;3;;0,7;1;88;;QV999999999999;
INTRA-EX;202507;513881387;06J103600AFKIT;84099100;FR;PT;10;EXW;11;3;;2,5;1;49;;QV999999999999;
INTRA-EX;202507;513881387;MS100112;87089997;FR;PT;10;EXW;11;3;;0,3;1;40;;QV999999999999;
INTRA-EX;202507;513881387;SMA0002-1C-BK;40093100;FR;PT;10;EXW;11;3;;0,3;1;34;;QV999999999999;
INTRA-EX;202507;513881387;AC-MK7-CP-4;84099100;FR;PT;10;EXW;11;3;;1;1;112;;QV999999999999;
INTRA-EX;202507;513881387;FMACST;84099100;FR;PT;10;EXW;11;3;;0,5;1;175;;QV999999999999;
INTRA-EX;202507;513881387;BKR8EIX-4;85111000;FR;PT;10;EXW;11;3;;0,3;1;43;;QV999999999999;
INTRA-EX;202507;513881387;AC-MK7-DP;87089235;FR;PT;10;EXW;11;3;;9,2;1;224;;QV999999999999;
INTRA-EX;202507;513881387;AC-BM-ODP;87089997;FR;PT;10;EXW;11;3;;0,1;2;25;;QV999999999999;
INTRA-EX;202507;513881387;CTS-HW-455;87089997;FR;PT;10;EXW;11;3;;1,4;1;166;;QV999999999999;
INTRA-EX;202507;513881387;FMKT135F20;87089997;FR;PT;10;EXW;11;3;;0,7;1;88;;QV999999999999;
INTRA-EX;202507;513881387;6B1584H-STD;40091100;FR;PT;10;EXW;11;3;;0,4;1;134;;QV999999999999;
INTRA-EX;202507;513881387;AC-S55-CHP;84835020;FR;PT;10;EXW;11;3;;0,3;1;74;;QV999999999999;
INTRA-EX;202507;513881387;EVE-F8xM-PF;84212300;FR;PT;10;EXW;11;3;;1,5;1;113;;QV999999999999;
INTRA-EX;202507;513881387;AC-BM-ODP;87089997;FR;PT;10;EXW;11;3;;0,1;1;12;;QV999999999999;
INTRA-EX;202507;513881387;11427953129;84099100;FR;PT;10;EXW;11;3;;0,1;1;5;;QV999999999999;
INTRA-EX;202507;513881387;AC-200-CFA;87089997;FR;PT;10;EXW;11;3;;0,1;1;24;;QV999999999999;
INTRA-EX;202507;513881387;BKR8EIX-4;85111000;FR;PT;10;EXW;11;3;;0,3;1;43;;QV999999999999;
INTRA-EX;202507;513881387;06D115562;84099100;FR;PT;10;EXW;11;3;;0,2;1;4;;QV999999999999;
INTRA-EX;202507;513881387;AC-45-IT;84213100;FR;PT;10;EXW;11;3;;1,5;1;119;;QV999999999999;
INTRA-EX;202507;513881387;S90-2-15-004-BT;87087050;FR;PT;10;EXW;11;3;;1,8;1;110;;QV999999999999;
INTRA-EX;202507;513881387;S90-2-12-019-BT;87087050;FR;PT;10;EXW;11;3;;1,8;1;104;;QV999999999999;
INTRA-EX;202507;513881387;VWR180002;87089997;FR;PT;10;EXW;11;3;;0,1;1;30;;QV999999999999;
INTRA-EX;202507;513881387;AC-VAG-ODP;70102000;FR;PT;10;EXW;11;3;;0,2;1;8;;QV999999999999;
INTRA-EX;202507;513881387;06D115562;84099100;FR;PT;10;EXW;11;3;;0,2;1;4;;QV999999999999;
INTRA-EX;202507;513881387;1K1819653B;84099100;FR;PT;10;EXW;11;3;;0,5;1;8;;QV999999999999;
INTRA-EX;202507;513881387;VWR90000-4;84099100;FR;PT;10;EXW;11;3;;1,8;1;174;;FR87938003605;
INTRA-EX;202507;513881387;VWR11G502;84213100;FR;PT;10;EXW;11;3;;0,4;1;68;;QV999999999999;
INTRA-EX;202507;513881387;50003-M45-XL-4;84213100;FR;PT;10;EXW;11;3;;0,3;1;81;;QV999999999999;
INTRA-EX;202507;513881387;420103485B;70102000;FR;PT;10;EXW;11;3;;0,1;1;23;;QV999999999999;
INTRA-EX;202507;513881387;AC-180S-DVH-BL;40093100;FR;PT;10;EXW;11;3;;0,4;1;29;;QV999999999999;
INTRA-EX;202507;513881387;R7437-8-4;84099100;FR;PT;10;EXW;11;3;;0,3;1;160;;QV999999999999;
INTRA-EX;202507;513881387;AC-200R-DP;87089235;FR;PT;10;EXW;11;3;;10;1;224;;QV999999999999;
INTRA-EX;202507;513881387;CTS-DP-IK1;87089997;FR;PT;10;EXW;11;3;;0,3;1;13;;QV999999999999;
INTRA-EX;202507;513881387;R7437-9-5;85111000;FR;PT;10;EXW;11;3;;0,3;1;213;;QV999999999999;
INTRA-EX;202507;513881387;06F103483D;87089997;FR;PT;10;EXW;11;3;;0,1;1;8;;QV999999999999;
INTRA-EX;202507;513881387;VWR12G60RFO;84213100;FR;PT;10;EXW;11;3;;0,5;1;102;;QV999999999999;
INTRA-EX;202507;513881387;SAU0630-4P-BK;87083091;FR;PT;10;EXW;11;3;;0,5;1;77;;QV999999999999;
INTRA-EX;202507;513881387;RBF600;27101999;FR;PT;10;EXW;11;3;;0,6;2;19;;QV999999999999;
INTRA-EX;202507;513881387;CTS-IT-938;84213100;FR;PT;10;EXW;11;3;;3,6;1;366;;QV999999999999;
INTRA-EX;202507;513881387;EVE-FLC;87084099;AT;PT;10;EXW;11;3;;0,6;1;28;;QV999999999999;
INTRA-EX;202507;513881387;EVE-F9XM5M8-CHG;84212300;EE;PT;10;EXW;11;3;;1,2;1;630;;EE102005437;
INTRA-EX;202507;513881387;ATMSMINI15;87089997;LT;PT;10;EXW;11;3;;1,5;1;183;;LT100007842411;
INTRA-EX;202507;513881387;AC-MK7-DP;87089235;CZ;PT;10;EXW;11;3;;9,2;1;223;;QV999999999999;
INTRA-EX;202507;513881387;D650-0004-8;84099100;FI;PT;10;EXW;11;3;;2,4;1;227;;FI24326363;
INTRA-EX;202507;513881387;PF04;85444290;RO;PT;10;EXW;11;3;;0,2;1;207;;QV999999999999;
INTRA-EX;202507;513881387;EVE-F56-LCI-PL-INT;84213100;LU;PT;10;EXW;11;3;;4,8;1;714;;LU28446117;
INTRA-EX;202507;513881387;SVWC060;87089235;SK;PT;10;EXW;11;3;;10;1;383;;SK2121638398;
INTRA-EX;202507;513881387;SST011;87089235;SK;PT;10;EXW;11;3;;22,6;1;951;;SK2121638398;
INTRA-EX;202507;513881387;VWR436000;87141030;HR;PT;10;EXW;11;3;;1;1;107;;QV999999999999;
INTRA-EX;202507;513881387;FMWS11;87088099;HR;PT;10;EXW;11;3;;0,8;1;50;;QV999999999999;
INTRA-EX;202507;513881387;034-145-A028-BLK;40091100;SK;PT;10;EXW;11;3;;0,5;1;58;;QV999999999999;
INTRA-EX;202507;513881387;AC-200-CFA-KIT;87089997;SI;PT;10;EXW;11;3;;0,1;1;31;;QV999999999999;
INTRA-EX;202507;513881387;"CTS-HW-036 ARP";87089997;SI;PT;10;EXW;11;3;;0,7;1;139;;QV999999999999;
INTRA-EX;202507;513881387;CTS-HW-216-FWD;87089997;SI;PT;10;EXW;11;3;;0,3;1;78;;QV999999999999;
INTRA-EX;202507;513881387;FMPCVD1;87089997;HU;PT;10;EXW;11;3;;0,3;1;91;;QV999999999999;
INTRA-EX;202507;513881387;AC-200-CFA-KIT;87089997;HU;PT;10;EXW;11;3;;0,1;1;30;;QV999999999999;
INTRA-EX;202507;513881387;06F103483E;87089235;HU;PT;10;EXW;11;3;;0,1;1;7;;QV999999999999;
INTRA-EX;202507;513881387;PK451;84213100;DE;PT;10;EXW;11;3;;2;1;97;;QV999999999999;
INTRA-EX;202507;513881387;BKR7EIX-4;84099100;DE;PT;10;EXW;11;3;;0,3;1;40;;QV999999999999;
INTRA-EX;202507;513881387;VWR190000;87089997;PL;PT;10;EXW;11;3;;0,3;2;131;;PL8141683531;
INTRA-EX;202507;513881387;CI100052-A;84213100;PL;PT;10;EXW;11;3;;1,7;1;83;;PL8141683531;
INTRA-EX;202507;513881387;10.127.101TK;87089997;PL;PT;10;EXW;11;3;;0,3;1;16;;PL8141683531;
INTRA-EX;202507;513881387;CTS-HW-266-187;87089997;PL;PT;10;EXW;11;3;;3,4;1;284;;PL8141683531;
INTRA-EX;202507;513881387;9-655-1025;84133080;PL;PT;10;EXW;11;3;;0,8;2;259;;PL8141683531;
INTRA-EX;202507;513881387;VWR131000;84099100;PL;PT;10;EXW;11;3;;2,4;1;621;;PL8141683531;
INTRA-EX;202507;513881387;D650-0003;84099100;PL;PT;10;EXW;11;3;;0,3;16;371;;PL6972395288;
INTRA-EX;202507;513881387;D650-0002;84099100;PL;PT;10;EXW;11;3;;0,3;16;371;;PL6972395288;
INTRA-EX;202507;513881387;EVE-G8XMV2-CF-INT;84213100;PL;PT;10;EXW;11;3;;7,7;2;3975;;PL8141683531;
INTRA-EX;202507;513881387;VWR12G7R600ITBLA;84213100;PL;PT;10;EXW;11;3;;0,8;1;76;;PL6972395288;
INTRA-EX;202507;513881387;VWR1200R601E;84213100;PL;PT;10;EXW;11;3;;4,9;1;338;;PL6972395288;
INTRA-EX;202507;513881387;FMCTMK7;84099100;PL;PT;10;EXW;11;3;;1,6;1;263;;PL6972395288;
INTRA-EX;202507;513881387;EVE-F9XM5M8-CF-INT;84213100;PL;PT;10;EXW;11;3;;5,3;1;1571;;PL8141683531;
INTRA-EX;202507;513881387;MS100210-4;84099100;PL;PT;10;EXW;11;3;;1,7;1;117;;QV999999999999;
INTRA-EX;202507;513881387;MS100204-4;84099100;PL;PT;10;EXW;11;3;;1,7;1;216;;PL8421640497;
INTRA-EX;202507;513881387;WHL00017;85111000;GR;PT;10;EXW;11;3;;11;4;916;;GREL156587530;
INTRA-EX;202507;513881387;FMINT7;87089997;GR;PT;10;EXW;11;3;;16,4;1;448;;GREL156587530;
INTRA-EX;202507;513881387;SMA0110-4P-BK;87083091;GR;PT;10;EXW;11;3;;0,5;1;76;;GREL136030005;
INTRA-EX;202507;513881387;FMMD5;87089235;GR;PT;10;EXW;11;3;;0,6;1;82;;GREL156587530;
INTRA-EX;202507;513881387;AC-MK3ST-SC-BL;87089997;GR;PT;10;EXW;11;3;;0,7;1;80;;GREL156587530;
INTRA-EX;202507;513881387;MS100210-4;84099100;BE;PT;10;EXW;11;3;;1,7;1;119;;QV999999999999;
INTRA-EX;202507;513881387;BKR8EIX-4;85111000;BE;PT;10;EXW;11;3;;0,3;1;42;;QV999999999999;
INTRA-EX;202507;513881387;STY0014-4P-BK;87083091;BE;PT;10;EXW;11;3;;0,5;1;77;;QV999999999999;
INTRA-EX;202507;513881387;SFD0255-4P-BK;87083091;BE;PT;10;EXW;11;3;;0,5;1;76;;QV999999999999;
INTRA-EX;202507;513881387;R7437-8-4;84099100;BE;PT;10;EXW;11;3;;0,3;1;159;;QV999999999999;
INTRA-EX;202507;513881387;CTS-EM-MK456-4-60D;84099100;BE;PT;10;EXW;11;3;;2,5;1;115;;QV999999999999;
INTRA-EX;202507;513881387;CTS-TM-MK56-60D;84099100;BE;PT;10;EXW;11;3;;2;1;107;;QV999999999999;
INTRA-EX;202507;513881387;SMNC018;87089235;BE;PT;10;EXW;11;3;;5,6;1;340;;QV999999999999;
INTRA-EX;202507;513881387;ESR1581WB;84213100;BE;PT;10;EXW;11;3;;4,5;1;312;;QV999999999999;
INTRA-EX;202507;513881387;SILZKBR8D8S-6;84099100;BE;PT;10;EXW;11;3;;0,4;1;67;;QV999999999999;
INTRA-EX;202507;513881387;MMIG-BMW-0206;85111000;BE;PT;10;EXW;11;3;;2;1;150;;QV999999999999;
INTRA-EX;202507;513881387;SILZKGR8B8S-4;84099100;BE;PT;10;EXW;11;3;;0,3;1;39;;QV999999999999;
INTRA-EX;202507;513881387;AC-BMB-CP-4;85111000;BE;PT;10;EXW;11;3;;2,5;1;81;;QV999999999999;
INTRA-EX;202507;513881387;CTS-IGN-009;84099100;BE;PT;10;EXW;11;3;;0,3;6;189;;QV999999999999;
INTRA-EX;202507;513881387;JSK-122-BK-TI;84213100;BE;PT;10;EXW;11;3;;4;1;297;;QV999999999999;
INTRA-EX;202507;513881387;BKR8EIX-8;85111000;BE;PT;10;EXW;11;3;;0,5;1;86;;BE0753629325;
INTRA-EX;202507;513881387;06E898001-8;85111000;BE;PT;10;EXW;11;3;;3;1;204;;BE0753629325;
INTRA-EX;202507;513881387;AC-MK7R-DP;87089235;BE;PT;10;EXW;11;3;;11,6;1;277;;BE0753629325;
INTRA-EX;202507;513881387;FMMK7INDH-BLA;40093100;BE;PT;10;EXW;11;3;;0,8;1;67;;BE0753629325;
INTRA-EX;202507;513881387;AC-MK7-INLET;40091100;BE;PT;10;EXW;11;3;;0,3;1;67;;BE0753629325;
INTRA-EX;202507;513881387;AC-MK7-MD;87089997;BE;PT;10;EXW;11;3;;0,4;1;65;;BE0753629325;
INTRA-EX;202507;513881387;VWR90000-4;84099100;BE;PT;10;EXW;11;3;;1,8;1;174;;BE0753629325;
INTRA-EX;202507;513881387;R7437-8-4;84099100;BE;PT;10;EXW;11;3;;0,3;1;160;;BE0753629325;
INTRA-EX;202507;513881387;CI100052-B;84213100;BE;PT;10;EXW;11;3;;1,7;1;355;;QV999999999999;
INTRA-EX;202507;513881387;SNN0940-6P-BK;87083091;BE;PT;10;EXW;11;3;;0,9;1;140;;QV999999999999;
INTRA-EX;202507;513881387;SVWS065CF;87089235;IT;PT;10;EXW;11;3;;25,9;1;1547;;IT12034500012;
INTRA-EX;202507;513881387;VWR120010;40091100;IT;PT;10;EXW;11;3;;1,4;1;178;;IT12034500012;
INTRA-EX;202507;513881387;SPR1000-4P-BK;87083091;IT;PT;10;EXW;11;3;;0,5;1;51;;IT02710790060;
INTRA-EX;202507;513881387;UR-RE2-3933A;87088055;IT;PT;10;EXW;11;3;;3;1;98;;IT08839490011;
INTRA-EX;202507;513881387;UR-TW2-3932;87088055;IT;PT;10;EXW;11;3;;2,2;1;106;;IT08839490011;
INTRA-EX;202507;513881387;MS100192;85111000;IT;PT;10;EXW;11;3;;0,3;16;597;;IT08839490011;
INTRA-EX;202507;513881387;EVE-ST38Y-CF-INT;84213100;IT;PT;10;EXW;11;3;;7;1;1285;;IT08839490011;
INTRA-EX;202507;513881387;10.127.203K;84132000;IT;PT;10;EXW;11;3;;0,3;1;227;;IT08839490011;
INTRA-EX;202507;513881387;AC-500-VRH-BL;40093100;IT;PT;10;EXW;11;3;;0,2;1;13;;IT12072620011;
INTRA-EX;202507;513881387;AC-BMB-CP;85111000;IT;PT;10;EXW;11;3;;0,6;6;74;;IT12072620011;
INTRA-EX;202507;513881387;SBW1176-4P-BK;87083091;IT;PT;10;EXW;11;3;;0,5;1;63;;IT02710790060;
INTRA-EX;202507;513881387;AC-F56-DP;87089235;IT;PT;10;EXW;11;3;;4,5;1;115;;IT02710790060;
INTRA-EX;202507;513881387;SFDS091D;87089235;IT;PT;10;EXW;11;3;;24,4;1;546;;IT02710790060;
INTRA-EX;202507;513881387;MMIG-STI-1104;85111000;IT;PT;10;EXW;11;3;;2;1;132;;IT03656931205;
INTRA-EX;202507;513881387;D650-0003;84099100;IT;PT;10;EXW;11;3;;0,3;4;92;;IT03656931205;
INTRA-EX;202507;513881387;AC-211-IT;84198998;IT;PT;10;EXW;11;3;;5,5;1;125;;IT12072620011;
INTRA-EX;202507;513881387;AC-211-IT;84198998;IT;PT;10;EXW;11;3;;5,5;1;125;;IT12072620011;
INTRA-EX;202507;513881387;UR-TW2-3909;87088055;IT;PT;10;EXW;11;3;;1,9;1;72;;IT12072620011;
INTRA-EX;202507;513881387;MMAI-BRZ-13BBK;84213100;IT;PT;10;EXW;11;3;;4,4;1;269;;QV999999999999;
INTRA-EX;202507;513881387;FK8FK;87088035;IT;PT;10;EXW;11;3;;12;1;214;;QV999999999999;
INTRA-EX;202507;513881387;AC-C8RS-DPHS;87089997;IT;PT;10;EXW;11;3;;9,1;1;539;;IT03528320785;
INTRA-EX;202507;513881387;CTS-TR-1050;87089997;NL;PT;10;EXW;11;3;;13,6;1;1124;;NL866860666B01;
INTRA-EX;202507;513881387;VWR810002;87089997;NL;PT;10;EXW;11;3;;0,5;2;112;;NL866996473B01;
INTRA-EX;202507;513881387;CTS-HW-308;84213100;NL;PT;10;EXW;11;3;;0,1;1;112;;NL866996473B01;
INTRA-EX;202507;513881387;VWR12G7R602ITBLA;84213100;NL;PT;10;EXW;11;3;;0,6;1;76;;NL866996473B01;
INTRA-EX;202507;513881387;VWR670006;87089235;NL;PT;10;EXW;11;3;;3;1;119;;NL866996473B01;
INTRA-EX;202507;513881387;LTR7IX-11;85111000;NL;PT;10;EXW;11;3;;0,2;3;22;;NL866996473B01;
INTRA-EX;202507;513881387;VWR800001;58109210;NL;PT;10;EXW;11;3;;0,1;2;14;;NL866996473B01;
INTRA-EX;202507;513881387;MS100210;85111000;NL;PT;10;EXW;11;3;;0,3;4;99;;NL866860666B01;
INTRA-EX;202507;513881387;Z1003101;85111000;NL;PT;10;EXW;11;3;;0,1;4;66;;NL866860666B01;
INTRA-EX;202507;513881387;MS100195;84133020;NL;PT;10;EXW;11;3;;0,1;4;363;;NL866860666B01;
INTRA-EX;202507;513881387;MS100204;85111000;NL;PT;10;EXW;11;3;;0,3;4;149;;NL866860666B01;
INTRA-EX;202507;513881387;EVE-FX34M-PF;84213100;NL;PT;10;EXW;11;3;;1,5;1;142;;NL866860666B01;
INTRA-EX;202507;513881387;06J103600AFKIT;84099100;NL;PT;10;EXW;11;3;;2,5;2;99;;QV999999999999;
INTRA-EX;202507;513881387;ATIKFO33;87089997;ES;PT;10;EXW;11;3;;12,8;1;259;;ESB66283003;
INTRA-EX;202507;513881387;MMHOSE-WRX-01BK;40093100;ES;PT;10;EXW;11;3;;0,7;1;85;;ESB66283003;
INTRA-EX;202507;513881387;MMRAD-WRX-01;87089135;ES;PT;10;EXW;11;3;;7,2;1;209;;ESB66283003;
INTRA-EX;202507;513881387;MMOC-BRZ-13T;87089135;ES;PT;10;EXW;11;3;;5,4;1;473;;ESB66283003;
INTRA-EX;202507;513881387;CI100053;84213100;ES;PT;10;EXW;11;3;;4,2;1;250;;ES43179343V;
INTRA-EX;202507;513881387;CI100052-A;84213100;ES;PT;10;EXW;11;3;;1,7;1;83;;ES43179343V;
INTRA-EX;202507;513881387;MMFS-E36-92P;84149000;ES;PT;10;EXW;11;3;;5;1;183;;ES43179343V;
INTRA-EX;202507;513881387;MMRT-E36-92EBK;87089199;ES;PT;10;EXW;11;3;;2,2;1;108;;ES43179343V;
INTRA-EX;202507;513881387;MMRAD-E36-92;87089135;ES;PT;10;EXW;11;3;;6,2;1;200;;ES43179343V;
INTRA-EX;202507;513881387;MMRAD-E36-92;87089135;ES;PT;10;EXW;11;3;;6,2;1;200;;ES18062887K;
INTRA-EX;202507;513881387;VWR180000;87089997;ES;PT;10;EXW;11;3;;0,1;3;27;;ESB42954230;
INTRA-EX;202507;513881387;AC-45S-DPHS;87089235;ES;PT;10;EXW;11;3;;4,7;1;227;;ESB42954230;
INTRA-EX;202507;513881387;VWR13G700;84099100;ES;PT;10;EXW;11;3;;3;1;468;;ESB42954230;
INTRA-EX;202507;513881387;AC-180-CPA;87089997;ES;PT;10;EXW;11;3;;0,5;2;59;;ESB42954230;
INTRA-EX;202507;513881387;VWR1200R601E;84213100;ES;PT;10;EXW;11;3;;4,9;1;338;;ESB42954230;
INTRA-EX;202507;513881387;VWR810000;87089997;ES;PT;10;EXW;11;3;;0,2;2;34;;ESB42954230;
INTRA-EX;202507;513881387;MS100208;85111000;ES;PT;10;EXW;11;3;;0,3;8;199;;ESB42954230;
INTRA-EX;202507;513881387;SFDP091;87089235;ES;PT;10;EXW;11;3;;8,1;1;92;;ESB42954230;
INTRA-EX;202507;513881387;VWR1200R600E;84213100;ES;PT;10;EXW;11;3;;4,9;1;309;;ESB42954230;
INTRA-EX;202507;513881387;VWR12G7R600ITRED;84213100;ES;PT;10;EXW;11;3;;0,8;1;76;;ESB42954230;
INTRA-EX;202507;513881387;MS100247;85111000;ES;PT;10;EXW;11;3;;0,4;8;298;;ESB42954230;
INTRA-EX;202507;513881387;FMPCVD1;87089997;ES;PT;10;EXW;11;3;;0,3;1;69;;ESB42954230;
INTRA-EX;202507;513881387;MS100192;85111000;ES;PT;10;EXW;11;3;;0,3;24;896;;ESB42954230;
INTRA-EX;202507;513881387;VWR11G815;84213100;ES;PT;10;EXW;11;3;;0,4;1;62;;ESB42954230;
INTRA-EX;202507;513881387;SVW0630-4P-BK;87083091;ES;PT;10;EXW;11;3;;0,5;2;126;;ES71155708X;
INTRA-EX;202507;513881387;CTS-HW-360;40091100;ES;PT;10;EXW;11;3;;1,4;1;224;;ES71155708X;
INTRA-EX;202507;513881387;CTS-IT-256;40091100;ES;PT;10;EXW;11;3;;2,3;1;149;;ES71155708X;
INTRA-EX;202507;513881387;06K103484F;87089997;ES;PT;10;EXW;11;3;;0,1;2;8;;ES71155708X;
INTRA-EX;202507;513881387;06K103495AC;87089997;ES;PT;10;EXW;11;3;;0,6;1;17;;ES71155708X;
INTRA-EX;202507;513881387;06F103483D;87089997;ES;PT;10;EXW;11;3;;0,1;1;5;;ES71155708X;
INTRA-EX;202507;513881387;EVE-FLC;87084099;ES;PT;10;EXW;11;3;;0,6;1;21;;ESB04855516;
INTRA-EX;202507;513881387;MS100208;85111000;ES;PT;10;EXW;11;3;;0,3;10;249;;ESB04855516;
INTRA-EX;202507;513881387;UR-TW2-305;84099100;ES;PT;10;EXW;11;3;;2,5;2;185;;ESF21716261;
INTRA-EX;202507;513881387;SMNX011;87089235;ES;PT;10;EXW;11;3;;3,6;1;323;;ESF21716261;
INTRA-EX;202507;513881387;VWR31G7GT;87088035;ES;PT;10;EXW;11;3;;8,5;1;161;;ESB19296938;
INTRA-EX;202507;513881387;MMAI-MIA-16WRD;84213100;ES;PT;10;EXW;11;3;;6;1;316;;ES38873546G;
INTRA-EX;202507;513881387;VWR900001;85111000;ES;PT;10;EXW;11;3;;0,3;4;122;;ES38873546G;
INTRA-EX;202507;513881387;MMRAD-MIA-90X;87089135;ES;PT;10;EXW;11;3;;9,5;1;238;;ES18062887K;
INTRA-EX;202507;513881387;MMFS-MIA-90;84149000;ES;PT;10;EXW;11;3;;5,1;1;140;;ES18062887K;
INTRA-EX;202507;513881387;VWR17G7R600;40091100;ES;PT;10;EXW;11;3;;0,2;1;38;;ES44719365M;
INTRA-EX;202507;513881387;MS100247;85111000;ES;PT;10;EXW;11;3;;0,4;1;37;;ES29524079Z;
INTRA-EX;202507;513881387;FMINDK38;84213100;ES;PT;10;EXW;11;3;;3;1;167;;ES29524079Z;
INTRA-EX;202507;513881387;PZKER7B8EGS;85111000;ES;PT;10;EXW;11;3;;0,3;4;48;;ES50902109G;
INTRA-EX;202507;513881387;MS100192;85111000;ES;PT;10;EXW;11;3;;0,3;4;149;;ES50902109G;
INTRA-EX;202507;513881387;VWR12G7R601FO;84213100;ES;PT;10;EXW;11;3;;0,9;1;112;;ESB42771618;
INTRA-EX;202507;513881387;216EVOBO;90262020;ES;PT;10;EXW;11;3;;0,3;1;49;;ESB42771618;
INTRA-EX;202507;513881387;WB-665;84213100;ES;PT;10;EXW;11;3;;0,4;1;37;;ESB42771618;
INTRA-EX;202507;513881387;VWR12G7R600ITBLA;84213100;ES;PT;10;EXW;11;3;;0,8;1;76;;ESB42771618;
INTRA-EX;202507;513881387;AC-MQB-IC;84198998;ES;PT;10;EXW;11;3;;16,3;1;281;;ESB42771618;
INTRA-EX;202507;513881387;AC-MK7-MD;87089997;ES;PT;10;EXW;11;3;;0,4;1;43;;ESB42771618;
INTRA-EX;202507;513881387;VWR12G7R600ITINLET;87089997;ES;PT;10;EXW;11;3;;0,4;1;100;;ESB42771618;
INTRA-EX;202507;513881387;SHYC105;87089235;ES;PT;10;EXW;11;3;;2,5;1;157;;ESB42771618;
INTRA-EX;202507;513881387;MMOCC-SAWRD;84099100;ES;PT;10;EXW;11;3;;1;1;93;;QV999999999999;
INTRA-EX;202507;513881387;BHR98Z;87088055;ES;PT;10;EXW;11;3;;3,6;1;153;;QV999999999999;
INTRA-EX;202507;513881387;BHF98Z;87088055;ES;PT;10;EXW;11;3;;6,9;1;172;;QV999999999999;
INTRA-EX;202507;513881387;MMTS-RX8-04L;90321020;ES;PT;10;EXW;11;3;;0,2;1;48;;ESE44939056;
INTRA-EX;202507;513881387;MMHOSE-RX8-03BK;40091100;ES;PT;10;EXW;11;3;;0,7;1;95;;ESE44939056;
INTRA-EX;202507;513881387;MMRAD-RX8-04;87089135;ES;PT;10;EXW;11;3;;7;1;281;;ESE44939056;
INTRA-EX;202507;513881387;UR-RU4-2987;87088055;ES;PT;10;EXW;11;3;;3,3;1;159;;QV999999999999;
INTRA-EX;202507;513881387;URKR-TW2-4201;87088055;ES;PT;10;EXW;11;3;;3;1;148;;QV999999999999;
INTRA-EX;202507;513881387;VWR120000;84213100;ES;PT;10;EXW;11;3;;1;1;36;;QV999999999999;
INTRA-EX;202507;513881387;JS-090-BK;84213100;ES;PT;10;EXW;11;3;;0,6;1;64;;QV999999999999;
INTRA-EX;202507;513881387;FMSBCVXR;87088055;ES;PT;10;EXW;11;3;;1,3;1;42;;QV999999999999;
INTRA-EX;202507;513881387;SVA0714-4P-BK;87083091;ES;PT;10;EXW;11;3;;0,5;1;78;;QV999999999999;
INTRA-EX;202507;513881387;FMTIA11-BLACK;87089997;ES;PT;10;EXW;11;3;;2,1;1;210;;QV999999999999;
INTRA-EX;202507;513881387;PP2045;84213100;ES;PT;10;EXW;11;3;;0,5;1;37;;QV999999999999;
INTRA-EX;202507;513881387;C9000;87089997;ES;PT;10;EXW;11;3;;1;1;12;;QV999999999999;
INTRA-EX;202507;513881387;70027-AH001;84213100;ES;PT;10;EXW;11;3;;0,2;1;33;;QV999999999999;
INTRA-EX;202507;513881387;50003-MR45HLZ-4;87089997;ES;PT;10;EXW;11;3;;0,3;1;86;;QV999999999999;
INTRA-EX;202507;513881387;FMDVCS14R;87089997;ES;PT;10;EXW;11;3;;0,1;1;145;;ESB44543098;
INTRA-EX;202507;513881387;MMIG-FOST-1204;85111000;ES;PT;10;EXW;11;3;;2;1;172;;ESB44543098;
INTRA-EX;202507;513881387;SFDC082;87089235;ES;PT;10;EXW;11;3;;5,6;1;224;;ESB44543098;
INTRA-EX;202507;513881387;SCEXVDM;87089235;ES;PT;10;EXW;11;3;;0,1;1;24;;QV999999999999;
INTRA-EX;202507;513881387;UR-TW2-3051;87088055;ES;PT;10;EXW;11;3;;1,7;1;130;;QV999999999999;
INTRA-EX;202507;513881387;KCA520;87088055;ES;PT;10;EXW;11;3;;1;1;96;;QV999999999999;
INTRA-EX;202507;513881387;AC-45-DP;87089235;ES;PT;10;EXW;11;3;;9,2;1;297;;QV999999999999;
INTRA-EX;202507;513881387;SMA0101-4P-BK;87083091;ES;PT;10;EXW;11;3;;0,5;1;101;;QV999999999999;
INTRA-EX;202507;513881387;SMA0001-1C-BK;40093100;ES;PT;10;EXW;11;3;;0,3;1;42;;QV999999999999;
INTRA-EX;202507;513881387;KLC182;87088055;ES;PT;10;EXW;11;3;;1;1;120;;QV999999999999;
INTRA-EX;202507;513881387;E10-15-004-03-22;73202081;ES;PT;10;EXW;11;3;;10,2;1;159;;QV999999999999;
INTRA-EX;202507;513881387;E20-81-009-02-22;73202081;ES;PT;10;EXW;11;3;;10,6;1;150;;QV999999999999;
INTRA-EX;202507;513881387;PM100332;87089997;ES;PT;10;EXW;11;3;;0,2;1;28;;QV999999999999;
INTRA-EX;202507;513881387;UR-TW2-729;87088055;ES;PT;10;EXW;11;3;;3;1;109;;QV999999999999;
INTRA-EX;202507;513881387;KTA255;87089997;ES;PT;10;EXW;11;3;;7,8;1;406;;QV999999999999;
INTRA-EX;202507;513881387;52006-AK003;84213100;ES;PT;10;EXW;11;3;;1;1;14;;QV999999999999;
INTRA-EX;202507;513881387;AC-300-CP-6;84099100;ES;PT;10;EXW;11;3;;1,6;1;106;;QV999999999999;
INTRA-EX;202507;513881387;SILZKBR8D8S-6;84099100;ES;PT;10;EXW;11;3;;0,4;1;67;;QV999999999999;
INTRA-EX;202507;513881387;SVW0610-4P-BK;87083091;ES;PT;10;EXW;11;3;;0,5;1;83;;QV999999999999;
INTRA-EX;202507;513881387;9-307-1059;84133080;ES;PT;10;EXW;11;3;;0,5;1;153;;QV999999999999;
INTRA-EX;202507;513881387;MDB-MT;84213100;ES;PT;10;EXW;11;3;;0,2;2;26;;QV999999999999;
INTRA-EX;202507;513881387;BKR7EIX-4;84099100;ES;PT;10;EXW;11;3;;0,3;1;40;;QV999999999999;
INTRA-EX;202507;513881387;AC-200-CP-4;84099100;ES;PT;10;EXW;11;3;;1;1;81;;QV999999999999;
INTRA-EX;202507;513881387;8E0971824S-BL;84099100;ES;PT;10;EXW;11;3;;0,2;1;18;;QV999999999999;
INTRA-EX;202507;513881387;AC-35-DP;87089235;ES;PT;10;EXW;11;3;;5,2;1;275;;QV999999999999;
INTRA-EX;202507;513881387;CTS-F8X-HX;87089199;ES;PT;10;EXW;11;3;;6;1;450;;ESB57963290;
INTRA-EX;202507;513881387;FMDVC200R-RED;84814090;ES;PT;10;EXW;11;3;;1,1;1;136;;QV999999999999;
INTRA-EX;202507;513881387;R7437-9-4;87089997;ES;PT;10;EXW;11;3;;0,3;1;171;;ES55741256C;
INTRA-EX;202507;513881387;FMDV008PA-BLA;87089997;ES;PT;10;EXW;11;3;;0,5;1;150;;QV999999999999;
INTRA-EX;202507;513881387;HMP-424;84213100;ES;PT;10;EXW;11;3;;0,2;1;68;;ESB56965627;
INTRA-EX;202507;513881387;SSE0433-4P-BK;87083091;ES;PT;10;EXW;11;3;;0,5;1;77;;QV999999999999;
INTRA-EX;202507;513881387;001422.999502;84836080;ES;PT;10;EXW;11;3;;7;1;569;;ESB72435332;
INTRA-EX;202507;513881387;613182.654150;87089997;ES;PT;10;EXW;11;3;;0,5;1;62;;ESB72435332;
INTRA-EX;202507;513881387;STY1005-4P-BK;87083091;ES;PT;10;EXW;11;3;;0,5;1;77;;ESA25038415;
INTRA-EX;202507;513881387;MMODP-1415B;87089997;ES;PT;10;EXW;11;3;;0,1;1;12;;QV999999999999;
INTRA-EX;202507;513881387;ATMSFO149;87089997;ES;PT;10;EXW;11;3;;11,6;1;424;;QV999999999999;
INTRA-EX;202507;513881387;FMMK7INDH-BLA;40093100;ES;PT;10;EXW;11;3;;0,8;1;67;;ESE94201142;
INTRA-EX;202507;513881387;U5001-4;84099100;ES;PT;10;EXW;11;3;;1,5;1;78;;QV999999999999;
INTRA-EX;202507;513881387;SVW0630-4P-BK;87083091;ES;PT;10;EXW;11;3;;0,5;1;77;;QV999999999999;
INTRA-EX;202507;513881387;CTS-IT-105R;84213100;FR;PT;10;EXW;11;3;;4,6;1;224;;FR94827543661;
INTRA-EX;202507;513881387;AC-WS-15-FK;87088099;FR;PT;10;EXW;11;3;;1,9;2;78;;FR82530667591;
INTRA-EX;202507;513881387;50-1200;87089997;FR;PT;10;EXW;11;3;;0,5;1;104;;FR55524167806;
INTRA-EX;202507;513881387;ILZKBR7B8G;85111000;FR;PT;10;EXW;11;3;;0,1;4;34;;FR55524167806;
INTRA-EX;202507;513881387;EVE-G8XMV2-CF-INT;84213100;FR;PT;10;EXW;11;3;;7,7;1;1987;;FR71791829385;
INTRA-EX;202507;513881387;EVE-2TFSI-CF-INT;84213100;FR;PT;10;EXW;11;3;;3,1;1;663;;FR26750353237;
INTRA-EX;202507;513881387;EVE-G8XMV2-CF-INT;84213100;FR;PT;10;EXW;11;3;;7,7;1;1987;;FR26750353237;
INTRA-EX;202507;513881387;CTS-HW-450;87089997;FR;PT;10;EXW;11;3;;0,8;1;112;;FR94827543661;
INTRA-EX;202507;513881387;CTS-TR-1000;87089997;FR;PT;10;EXW;11;3;;10;1;599;;FR79889743548;
INTRA-EX;202507;513881387;EVE-G9X-CF-INT;84213100;FR;PT;10;EXW;11;3;;5,3;1;1710;;FR71791829385;
INTRA-EX;202507;513881387;CTS-IT-810;40091100;FR;PT;10;EXW;11;3;;2,5;1;164;;FR94827543661;
INTRA-EX;202507;513881387;E10-35-047-07-22;73202081;FR;PT;10;EXW;11;3;;10,7;1;184;;FR62844329177;
INTRA-EX;202507;513881387;FMACAVXR;84099100;FR;PT;10;EXW;11;3;;0,6;2;358;;QV999999999999;
INTRA-EX;202507;513881387;JSK-145-80C-BK;84213100;FR;PT;10;EXW;11;3;;2;1;185;;FR03921777223;
INTRA-EX;202507;513881387;VWR90000-4;84099100;FR;PT;10;EXW;11;3;;1,8;1;174;;FR03921777223;
INTRA-EX;202507;513881387;IMS-8V8S-GRK;87089997;FR;PT;10;EXW;11;3;;0,2;1;70;;QV999999999999;
INTRA-EX;202507;513881387;R7437-9-4;87089997;FR;PT;10;EXW;11;3;;0,3;1;171;;FR09800029712;
INTRA-EX;202507;513881387;10.127.101TK;87089997;FR;PT;10;EXW;11;3;;0,3;1;23;;QV999999999999;
INTRA-EX;202507;513881387;MMTS-MB62-08L;90321020;FR;PT;10;EXW;11;3;;0,2;1;47;;QV999999999999;
INTRA-EX;202507;513881387;SBM105B;87088055;FR;PT;10;EXW;11;3;;1,6;1;72;;QV999999999999;
INTRA-EX;202507;513881387;UR-RL2-2525;87088055;FR;PT;10;EXW;11;3;;1,7;1;81;;QV999999999999;
INTRA-EX;202507;513881387;F5508-F5510;87082910;FR;PT;10;EXW;11;3;;1,3;1;222;;QV999999999999;
INTRA-EX;202507;513881387;AC-200-EVAP;87089997;FR;PT;10;EXW;11;3;;0,3;1;20;;QV999999999999;
INTRA-EX;202507;513881387;AC-200-CFA;87089997;FR;PT;10;EXW;11;3;;0,1;1;24;;QV999999999999;
INTRA-EX;202507;513881387;WHT005184;40091100;FR;PT;10;EXW;11;3;;0,1;1;8;;QV999999999999;
INTRA-EX;202507;513881387;06F129717D;87089235;FR;PT;10;EXW;11;3;;0,1;1;8;;QV999999999999;
INTRA-EX;202507;513881387;MS100210-4;84099100;FR;PT;10;EXW;11;3;;1,7;1;119;;QV999999999999;
INTRA-EX;202507;513881387;BKR8EIX-4;85111000;FR;PT;10;EXW;11;3;;0,3;1;43;;QV999999999999;
INTRA-EX;202507;513881387;06J103600AFKIT;84099100;FR;PT;10;EXW;11;3;;2,5;1;49;;QV999999999999;
INTRA-EX;202507;513881387;AC-VAG-ODP;70102000;FR;PT;10;EXW;11;3;;0,2;1;8;;QV999999999999;
INTRA-EX;202507;513881387;VWR800001;58109210;FR;PT;10;EXW;11;3;;0,1;1;10;;QV999999999999;
INTRA-EX;202507;513881387;034-112-6007-BL;40091100;FR;PT;10;EXW;11;3;;0,4;1;54;;QV999999999999;
INTRA-EX;202507;513881387;034-101-3066;40091100;FR;PT;10;EXW;11;3;;0,2;1;21;;QV999999999999;
INTRA-EX;202507;513881387;R7437-9-5;85111000;FR;PT;10;EXW;11;3;;0,3;1;213;;FR63912039898;
INTRA-EX;202507;513881387;IZKR7B-6;85111000;FR;PT;10;EXW;11;3;;0,4;2;117;;QV999999999999;
INTRA-EX;202507;513881387;022905715B-6;84099100;FR;PT;10;EXW;11;3;;2,1;1;162;;QV999999999999;
INTRA-EX;202507;513881387;SVWC042;87089235;FR;PT;10;EXW;11;3;;11,4;1;348;;QV999999999999;
INTRA-EX;202507;513881387;71008-AH009;84213100;FR;PT;10;EXW;11;3;;2,5;1;330;;QV999999999999;
INTRA-EX;202507;513881387;PFR8S8EG-6;87089997;FR;PT;10;EXW;11;3;;0,4;1;68;;QV999999999999;
INTRA-EX;202507;513881387;AC-MK8-DP;87089235;FR;PT;10;EXW;11;3;;8,3;1;232;;QV999999999999;
INTRA-EX;202507;513881387;034-401-1006;87089997;FR;PT;10;EXW;11;3;;3,2;1;322;;FR68818227837;
INTRA-EX;202507;513881387;ILTR6A-8G-4;87089997;FR;PT;10;EXW;11;3;;0,3;1;54;;QV999999999999;
INTRA-EX;202507;513881387;7M1397H-STD;40091100;FR;PT;10;EXW;11;3;;0,7;1;161;;QV999999999999;
INTRA-EX;202507;513881387;CTS-IT-300R;84213100;FR;PT;10;EXW;11;3;;4,1;1;273;;FR09800029712;
INTRA-EX;202507;513881387;R7437-9-4;87089997;FR;PT;10;EXW;11;3;;0,3;1;171;;FR09800029712;
INTRA-EX;202507;513881387;FMBP135F20;40091100;FR;PT;10;EXW;11;3;;1,6;2;588;;FR09800029712;
INTRA-EX;202507;513881387;DILKAR7C9H-4;85111000;FR;PT;10;EXW;11;3;;0,3;1;52;;QV999999999999;
INTRA-EX;202507;513881387;AC-200-OSA;87089997;FR;PT;10;EXW;11;3;;0,2;1;27;;FR53839757952;
INTRA-EX;202507;513881387;216VWBWEOP270;90269000;FR;PT;10;EXW;11;3;;0,3;1;70;;FR53839757952;
INTRA-EX;202507;513881387;FMIND3RCTY-BLU;84213100;FR;PT;10;EXW;11;3;;1,2;1;169;;QV999999999999;
INTRA-EX;202507;513881387;52008-AK003;84213100;FR;PT;10;EXW;11;3;;4,4;2;113;;QV999999999999;
INTRA-EX;202507;513881387;15009-AK004;84213100;FR;PT;10;EXW;11;3;;0,1;1;24;;QV999999999999;
INTRA-EX;202507;513881387;AC-MK45-RU-BK;87088055;FR;PT;10;EXW;11;3;;3;1;74;;QV999999999999;
INTRA-EX;202507;513881387;AC-MK5-FU-RD;87088055;FR;PT;10;EXW;11;3;;4,4;1;97;;QV999999999999;
INTRA-EX;202507;513881387;UR-TW2-3051;87088055;FR;PT;10;EXW;11;3;;1,7;1;131;;QV999999999999;
INTRA-EX;202507;513881387;AC-S55-DP;87089235;FR;PT;10;EXW;11;3;;5,2;1;277;;FR95817660202;
INTRA-EX;202507;513881387;FMDVMCS;84814090;FR;PT;10;EXW;11;3;;0,2;1;67;;QV999999999999;
INTRA-EX;202507;513881387;PK398;84213100;FR;PT;10;EXW;11;3;;4,1;1;301;;QV999999999999;
INTRA-EX;202507;513881387;VWR800001-BLK;87089235;FR;PT;10;EXW;11;3;;0,5;1;47;;QV999999999999;
INTRA-EX;202507;513881387;4B1609H-STD;40091100;FR;PT;10;EXW;11;3;;0,5;1;44;;FR77978902617;
INTRA-EX;202507;513881387;MS100219-8;85111000;FR;PT;10;EXW;11;3;;3,4;1;401;;QV999999999999;
INTRA-EX;202507;513881387;AC-VAG-ODP;70102000;FR;PT;10;EXW;11;3;;0,2;1;8;;QV999999999999;
INTRA-EX;202507;513881387;AC-200-CFA-KIT;87089997;FR;PT;10;EXW;11;3;;0,1;1;32;;QV999999999999;
INTRA-EX;202507;513881387;VWR120000;84213100;FR;PT;10;EXW;11;3;;1;1;36;;QV999999999999;
INTRA-EX;202507;513881387;06F103483D;87089997;FR;PT;10;EXW;11;3;;0,1;1;8;;QV999999999999;
INTRA-EX;202507;513881387;MS100208-4;84099100;FR;PT;10;EXW;11;3;;1,7;1;119;;QV999999999999;
INTRA-EX;202507;513881387;BKR8EIX-4;85111000;FR;PT;10;EXW;11;3;;0,3;1;43;;QV999999999999;
INTRA-EX;202507;513881387;06J103600AFKIT;84099100;FR;PT;10;EXW;11;3;;2,5;1;49;;QV999999999999;
INTRA-EX;202507;513881387;FMCT6;84099100;FR;PT;10;EXW;11;3;;1,3;1;348;;QV999999999999;
INTRA-EX;202507;513881387;MMODP-1415B;87089997;FR;PT;10;EXW;11;3;;0,1;1;12;;QV999999999999;
INTRA-EX;202507;513881387;022905715B-6;84099100;FR;PT;10;EXW;11;3;;2,1;1;162;;QV999999999999;
INTRA-EX;202507;513881387;IZKR7B-6;85111000;FR;PT;10;EXW;11;3;;0,4;1;58;;QV999999999999;
INTRA-EX;202507;513881387;KDT914;87088020;FR;PT;10;EXW;11;3;;0,4;1;26;;QV999999999999;
INTRA-EX;202507;513881387;"CTS-HW-036 ARP";87089997;FR;PT;10;EXW;11;3;;0,7;1;141;;QV999999999999;
INTRA-EX;202507;513881387;06J103600AFKIT;84099100;FR;PT;10;EXW;11;3;;2,5;1;49;;QV999999999999;
INTRA-EX;202507;513881387;SHD0380-4P-RD;87083091;FR;PT;10;EXW;11;3;;0,5;1;97;;QV999999999999;
INTRA-EX;202507;513881387;KCA520;87088055;FR;PT;10;EXW;11;3;;1;1;97;;QV999999999999;
INTRA-EX;202507;513881387;RBF660;27101999;FR;PT;10;EXW;11;3;;0,6;2;24;;QV999999999999;
INTRA-EX;202507;513881387;CTS-DP-IK1;87089997;FR;PT;10;EXW;11;3;;0,3;1;13;;QV999999999999;
INTRA-EX;202507;513881387;VWR12G7R600OS;84213100;FR;PT;10;EXW;11;3;;0,3;1;31;;QV999999999999;
INTRA-EX;202507;513881387;03K906051;90269000;FR;PT;10;EXW;11;3;;0,1;1;19;;QV999999999999;
INTRA-EX;202507;513881387;UR-RE2-1157;87088055;FR;PT;10;EXW;11;3;;3,1;1;96;;QV999999999999;
INTRA-EX;202507;513881387;BKR7EIX-4;84099100;FR;PT;10;EXW;11;3;;0,3;1;40;;QV999999999999;
INTRA-EX;202507;513881387;AC-200-IT;84198998;FR;PT;10;EXW;11;3;;5;1;187;;QV999999999999;
INTRA-EX;202507;513881387;70018-AT006;84213100;FR;PT;10;EXW;11;3;;1,9;1;229;;QV999999999999;
INTRA-EX;202507;513881387;MMICP-MUS4-15WBK;40091100;FR;PT;10;EXW;11;3;;3,1;1;324;;QV999999999999;
INTRA-EX;202507;513881387;06E898001-4;85111000;FR;PT;10;EXW;11;3;;1,5;1;102;;QV999999999999;
INTRA-EX;202507;513881387;CTS-IT-260;84213100;FR;PT;10;EXW;11;3;;3,6;1;242;;QV999999999999;
INTRA-EX;202507;513881387;SRN0481-4C-RD;87083091;FR;PT;10;EXW;11;3;;0,5;1;90;;QV999999999999;
INTRA-EX;202507;513881387;RBF600;27101999;FR;PT;10;EXW;11;3;;0,6;2;19;;QV999999999999;
INTRA-EX;202507;513881387;SRNC026;87089235;FR;PT;10;EXW;11;3;;4,6;1;174;;QV999999999999;
INTRA-EX;202507;513881387;BKR8EIX-4;85111000;FR;PT;10;EXW;11;3;;0,3;1;43;;QV999999999999;
INTRA-EX;202507;513881387;MMIG-VW-0604;85111000;FR;PT;10;EXW;11;3;;1,5;1;106;;QV999999999999;
INTRA-EX;202507;513881387;MMRAD-RSF-09;87089235;FR;PT;10;EXW;11;3;;8;1;441;;QV999999999999;
INTRA-EX;202507;513881387;UR-AR18-642;87088055;FR;PT;10;EXW;11;3;;4;1;189;;QV999999999999;
INTRA-EX;202507;513881387;AC-MK7-DPHS;87089235;FR;PT;10;EXW;11;3;;9,2;1;299;;QV999999999999;
INTRA-EX;202507;513881387;AC-200-CFA-KIT;87089997;FR;PT;10;EXW;11;3;;0,1;1;32;;QV999999999999;
INTRA-EX;202507;513881387;MMIG-VLSTR-19T04;85111000;FR;PT;10;EXW;11;3;;1,7;1;98;;QV999999999999;
INTRA-EX;202507;513881387;4B5562H-25;40091100;FR;PT;10;EXW;11;3;;0,2;Uni.;64;;QV999999999999;
INTRA-EX;202507;513881387;10.127.100K;84132000;FR;PT;10;EXW;11;3;;0,3;1;314;;QV999999999999;
INTRA-EX;202507;513881387;110859;27101999;FR;PT;10;EXW;11;3;;2,1;4;116;;FR53840279715;
INTRA-EX;202507;513881387;R7438-9-5;85111000;FR;PT;10;EXW;11;3;;0,3;1;203;;FR53840279715;
INTRA-EX;202507;513881387;VWR180001;84212300;FR;PT;10;EXW;11;3;;0,2;1;54;;FR53840279715;
INTRA-EX;202507;513881387;06J103600AFKIT;84099100;FR;PT;10;EXW;11;3;;2,5;1;49;;FR53840279715;
INTRA-EX;202507;513881387;SILFER8C7ES-5;85111000;FR;PT;10;EXW;11;3;;0,3;1;61;;QV999999999999;
INTRA-EX;202507;513881387;MS100110;87089997;FR;PT;10;EXW;11;3;;0,1;1;39;;QV999999999999;
INTRA-EX;202507;513881387;BKR7EIX-4;84099100;FR;PT;10;EXW;11;3;;0,3;1;40;;QV999999999999;
INTRA-EX;202507;513881387;FMTIA9-BLACK;40091100;LV;PT;10;EXW;11;3;;1,7;1;187;;QV999999999999;
INTRA-EX;202507;513881387;KLC180-335;87088055;CZ;PT;10;EXW;11;3;;1,6;1;136;;CZ05411882;
INTRA-EX;202507;513881387;BWR23Z;87088055;RO;PT;10;EXW;11;3;;7,4;1;172;;QV999999999999;
INTRA-EX;202507;513881387;MMTS-E90-07;87089997;LU;PT;10;EXW;11;3;;0,1;1;63;;QV999999999999;
INTRA-EX;202507;513881387;EVE-661-G2-FTR;84213100;LU;PT;10;EXW;11;3;;0,6;1;87;;QV999999999999;
INTRA-EX;202507;513881387;CTS-HW-0199;87089997;SK;PT;10;EXW;11;3;;0,3;1;78;;QV999999999999;
INTRA-EX;202507;513881387;CI100052-A;84213100;HU;PT;10;EXW;11;3;;1,7;1;83;;HU25464285;
INTRA-EX;202507;513881387;SP-731;32081090;HU;PT;10;EXW;11;3;;1;10;128;;HU25464285;
INTRA-EX;202507;513881387;CTS-IT-300R;84213100;GR;PT;10;EXW;11;3;;4,1;1;247;;GREL156587530;
INTRA-EX;202507;513881387;FMPCVD1;87089997;GR;PT;10;EXW;11;3;;0,3;1;69;;GREL156587530;
INTRA-EX;202507;513881387;COASFST16T3;40091100;GR;PT;10;EXW;11;3;;1,7;1;210;;GREL156587530;
INTRA-EX;202507;513881387;CTS-IT-300R;84213100;GR;PT;10;EXW;11;3;;4,1;1;247;;GREL156587530;
INTRA-EX;202507;513881387;ATINTVAG47;87089199;GR;PT;10;EXW;11;3;;19,5;1;971;;GREL156587530;
INTRA-EX;202507;513881387;MMIG-FOST-1204;85111000;BE;PT;10;EXW;11;3;;2;1;170;;QV999999999999;
INTRA-EX;202507;513881387;ATMSFO4;87089997;BE;PT;10;EXW;11;3;;1,2;1;91;;QV999999999999;
INTRA-EX;202507;513881387;W53286;87088055;BE;PT;10;EXW;11;3;;0,6;1;32;;QV999999999999;
INTRA-EX;202507;513881387;AC-211-CFA;87089997;BE;PT;10;EXW;11;3;;0,1;1;24;;QV999999999999;
INTRA-EX;202507;513881387;AC-211-IT;84198998;BE;PT;10;EXW;11;3;;5,5;1;185;;QV999999999999;
INTRA-EX;202507;513881387;FMACVAG08;84099100;BE;PT;10;EXW;11;3;;0,5;1;142;;QV999999999999;
INTRA-EX;202507;513881387;EVE-GR4-CF-INT;84213100;IT;PT;10;EXW;11;3;;4,9;1;975;;IT16332121009;
INTRA-EX;202507;513881387;AC-300-CP;84099100;IT;PT;10;EXW;11;3;;0,3;4;47;;IT12072620011;
INTRA-EX;202507;513881387;SAU0631-4C-RD;87083091;IT;PT;10;EXW;11;3;;0,5;1;79;;IT12072620011;
INTRA-EX;202507;513881387;URTW-ML4-4011;87088055;IT;PT;10;EXW;11;3;;2,5;1;88;;IT12072620011;
INTRA-EX;202507;513881387;VWR30G500;87088035;IT;PT;10;EXW;11;3;;14,5;1;298;;IT02710790060;
INTRA-EX;202507;513881387;VWR31G80R;73209090;IT;PT;10;EXW;11;3;;8;1;161;;IT02710790060;
INTRA-EX;202507;513881387;AC-45S-DPHS;87089235;IT;PT;10;EXW;11;3;;4,7;1;227;;IT02710790060;
INTRA-EX;202507;513881387;ILZKBR7B8G;85111000;IT;PT;10;EXW;11;3;;0,1;4;34;;IT02710790060;
INTRA-EX;202507;513881387;SBW0261-4P-BK;87083091;IT;PT;10;EXW;11;3;;0,5;1;63;;IT02710790060;
INTRA-EX;202507;513881387;SFDX087;87089235;IT;PT;10;EXW;11;3;;10;1;567;;IT03656931205;
INTRA-EX;202507;513881387;ARMAFDMSTG-A;84213100;IT;PT;10;EXW;11;3;;3,1;1;377;;IT03656931205;
INTRA-EX;202507;513881387;VWR12G60RFO;84213100;IT;PT;10;EXW;11;3;;0,5;1;76;;IT12072620011;
INTRA-EX;202507;513881387;UR-LA4-3887;87088055;IT;PT;10;EXW;11;3;;3,4;1;72;;IT12072620011;
INTRA-EX;202507;513881387;UR-RE2-3886;87088055;IT;PT;10;EXW;11;3;;3,3;1;60;;IT12072620011;
INTRA-EX;202507;513881387;UR-TW2-3909;87088055;IT;PT;10;EXW;11;3;;1,9;1;72;;IT12072620011;
INTRA-EX;202507;513881387;9-354-1025;84133080;IT;PT;10;EXW;11;3;;0,8;1;161;;IT03656931205;
INTRA-EX;202507;513881387;AC-300-CP;84099100;IT;PT;10;EXW;11;3;;0,3;4;47;;IT12072620011;
INTRA-EX;202507;513881387;UR-TW2-3047;87088055;IT;PT;10;EXW;11;3;;3;1;75;;IT12072620011;
INTRA-EX;202507;513881387;BNR30Z;87088055;IT;PT;10;EXW;11;3;;3,9;1;183;;IT00961200888;
INTRA-EX;202507;513881387;BNF33Z;87088055;IT;PT;10;EXW;11;3;;9,2;1;203;;IT00961200888;
INTRA-EX;202507;513881387;70017-AN101;84213100;IT;PT;10;EXW;11;3;;0,5;1;37;;IT00961200888;
INTRA-EX;202507;513881387;CI100033;84213100;IT;PT;10;EXW;11;3;;3,2;1;433;;QV999999999999;
INTRA-EX;202507;513881387;UR-RL2-301;87088055;IT;PT;10;EXW;11;3;;1,9;1;71;;QV999999999999;
INTRA-EX;202507;513881387;VWR800002;58109210;NL;PT;10;EXW;11;3;;0,1;1;7;;NL866860666B01;
INTRA-EX;202507;513881387;U5014;84099100;NL;PT;10;EXW;11;3;;0,3;4;86;;NL866860666B01;
INTRA-EX;202507;513881387;ATINTFO20;87089997;NL;PT;10;EXW;11;3;;10,5;1;287;;NL866860666B01;
INTRA-EX;202507;513881387;CTS-HW-046;87089997;NL;PT;10;EXW;11;3;;0,3;1;89;;NL866860666B01;
INTRA-EX;202507;513881387;PF04;85444290;NL;PT;10;EXW;11;3;;0,2;1;159;;NL866860666B01;
INTRA-EX;202507;513881387;FR-0059;84213100;NL;PT;10;EXW;11;3;;4,4;1;587;;NL866860666B01;
INTRA-EX;202507;513881387;MS100204;85111000;NL;PT;10;EXW;11;3;;0,3;4;149;;NL866860666B01;
INTRA-EX;202507;513881387;BKR7EIX;85111000;NL;PT;10;EXW;11;3;;0,1;4;34;;NL866860666B01;
INTRA-EX;202507;513881387;EVE-W210-FTR;84213100;NL;PT;10;EXW;11;3;;0,6;1;71;;NL866860666B01;
INTRA-EX;202507;513881387;EVE-FLC;87084099;NL;PT;10;EXW;11;3;;0,6;1;21;;NL866860666B01;
INTRA-EX;202507;513881387;U5014;84099100;NL;PT;10;EXW;11;3;;0,3;4;86;;NL866860666B01;
INTRA-EX;202507;513881387;MMTS-BRZ-13;90321020;NL;PT;10;EXW;11;3;;0,1;1;37;;NL866860666B01;
INTRA-EX;202507;513881387;AC-MK5-FU-RD;87088055;NL;PT;10;EXW;11;3;;4,4;1;59;;NL866860666B01;
INTRA-EX;202507;513881387;MS100210;85111000;NL;PT;10;EXW;11;3;;0,3;4;99;;NL866860666B01;
INTRA-EX;202507;513881387;10.127.203T;87089997;NL;PT;10;EXW;11;3;;0,1;2;21;;NL866996473B01;
INTRA-EX;202507;513881387;VWR8130S3-SEDAN;84099100;NL;PT;10;EXW;11;3;;2,6;1;319;;NL866996473B01;
INTRA-EX;202507;513881387;VWR180004;87089997;NL;PT;10;EXW;11;3;;0,1;1;26;;NL866996473B01;
INTRA-EX;202507;513881387;VWR12G7R600ITBLA;84213100;NL;PT;10;EXW;11;3;;0,8;2;152;;NL866996473B01;
INTRA-EX;202507;513881387;VWR17G7R600;40091100;NL;PT;10;EXW;11;3;;0,2;1;38;;NL866996473B01;
INTRA-EX;202507;513881387;VWR12G7R600ITRED;84213100;NL;PT;10;EXW;11;3;;0,8;1;76;;NL866996473B01;
INTRA-EX;202507;513881387;VWR900002;85111000;NL;PT;10;EXW;11;3;;0,3;4;122;;NL866996473B01;
INTRA-EX;202507;513881387;AC-211-CFA;87089997;NL;PT;10;EXW;11;3;;0,1;2;33;;NL866996473B01;
INTRA-EX;202507;513881387;AC-200-CFA;87089997;NL;PT;10;EXW;11;3;;0,1;2;32;;NL866996473B01;
INTRA-EX;202507;513881387;VWR12G7R602ITBLA;84213100;NL;PT;10;EXW;11;3;;0,6;1;76;;NL866996473B01;
INTRA-EX;202507;513881387;VWR800001;58109210;NL;PT;10;EXW;11;3;;0,1;1;7;;NL866996473B01;
INTRA-EX;202507;513881387;R7437-9;85111000;NL;PT;10;EXW;11;3;;0,1;4;145;;NL866996473B01;
INTRA-EX;202507;513881387;CTS-IGN-009;84099100;NL;PT;10;EXW;11;3;;0,3;4;103;;NL866996473B01;
INTRA-EX;202507;513881387;CTS-IGN-007;84099100;NL;PT;10;EXW;11;3;;0,3;20;599;;NL866996473B01;
INTRA-EX;202507;513881387;VWR1210R601EM;84213100;NL;PT;10;EXW;11;3;;5,2;1;505;;NL866996473B01;
INTRA-EX;202507;513881387;VWR17G8R600;84213100;NL;PT;10;EXW;11;3;;0,2;1;38;;NL866996473B01;
INTRA-EX;202507;513881387;EVE-F56-LCI-PL-INT;84213100;NL;PT;10;EXW;11;3;;4,8;1;714;;NL866860666B01;
INTRA-EX;202507;513881387;CTS-IT-275;87089235;NL;PT;10;EXW;11;3;;1,7;1;149;;NL866860666B01;
INTRA-EX;202507;513881387;U5014;84099100;NL;PT;10;EXW;11;3;;0,3;1;21;;NL866860666B01;
INTRA-EX;202507;513881387;EVE-C8RS6-CF-ENG;84213100;NL;PT;10;EXW;11;3;;3;1;472;;NL866860666B01;
INTRA-EX;202507;513881387;VWR1210R601EG;84213100;NL;PT;10;EXW;11;3;;5,2;1;505;;NL866996473B01;
INTRA-EX;202507;513881387;VWR180000;87089997;NL;PT;10;EXW;11;3;;0,1;2;18;;NL866996473B01;
INTRA-EX;202507;513881387;R7437-8;85111000;NL;PT;10;EXW;11;3;;0,1;4;136;;NL866996473B01;
INTRA-EX;202507;513881387;10.127.203K;84132000;NL;PT;10;EXW;11;3;;0,3;1;314;;NL865367012B01;
INTRA-EX;202507;513881387;CTS-HW-540;40091100;NL;PT;10;EXW;11;3;;2;1;269;;NL004871143B03;
INTRA-EX;202507;513881387;CTS-IT-963;84213100;NL;PT;10;EXW;11;3;;7;1;449;;NL004871143B03;
INTRA-EX;202507;513881387;MS100208;85111000;NL;PT;10;EXW;11;3;;0,3;4;99;;NL866860666B01;
INTRA-EX;202507;513881387;VWR1200R600E;84213100;ES;PT;10;EXW;11;3;;4,9;1;309;;ESB42954230;
INTRA-EX;202507;513881387;MS100208;85111000;ES;PT;10;EXW;11;3;;0,3;28;697;;ESB42954230;
INTRA-EX;202507;513881387;MMAI-MK7-15X;84213100;ES;PT;10;EXW;11;3;;4,7;1;264;;ESB42954230;
INTRA-EX;202507;513881387;AC-45-DPHS;87089235;ES;PT;10;EXW;11;3;;9,2;1;269;;ESB42954230;
INTRA-EX;202507;513881387;MS100192;85111000;ES;PT;10;EXW;11;3;;0,3;10;373;;ESB42954230;
INTRA-EX;202507;513881387;VWR1200R601E;84213100;ES;PT;10;EXW;11;3;;4,9;2;676;;ESB42954230;
INTRA-EX;202507;513881387;VWR13G700;84099100;ES;PT;10;EXW;11;3;;3;1;468;;ESB67497925;
INTRA-EX;202507;513881387;10.127.203K;84132000;ES;PT;10;EXW;11;3;;0,3;1;227;;ES18062887K;
INTRA-EX;202507;513881387;CTS-FPK-004-450;87089235;ES;PT;10;EXW;11;3;;0,8;1;277;;ES18062887K;
INTRA-EX;202507;513881387;MMRAD-E46-323;87089997;ES;PT;10;EXW;11;3;;7,2;1;280;;ESB01715598;
INTRA-EX;202507;513881387;D650-0009;84099100;ES;PT;10;EXW;11;3;;0,3;4;100;;ESB04855516;
INTRA-EX;202507;513881387;D650-0002;84099100;ES;PT;10;EXW;11;3;;0,3;6;139;;ESB04855516;
INTRA-EX;202507;513881387;AC-200-CP;84099100;ES;PT;10;EXW;11;3;;0,3;4;54;;ESB94171030;
INTRA-EX;202507;513881387;UR-TW2-1820;87088055;ES;PT;10;EXW;11;3;;3;1;92;;ESB94171030;
INTRA-EX;202507;513881387;SHYC105;87089235;ES;PT;10;EXW;11;3;;2,5;1;157;;ES44719365M;
INTRA-EX;202507;513881387;R7438-9;85111000;ES;PT;10;EXW;11;3;;0,1;14;484;;ES48924146H;
INTRA-EX;202507;513881387;MMFS-E46-01;84149000;ES;PT;10;EXW;11;3;;4,9;1;204;;ESB01715598;
INTRA-EX;202507;513881387;SBMP091;87089997;ES;PT;10;EXW;11;3;;19,5;1;495;;ESB70550694;
INTRA-EX;202507;513881387;VWR1200R601E;84213100;ES;PT;10;EXW;11;3;;4,9;2;676;;ESB70550694;
INTRA-EX;202507;513881387;PK424;84213100;ES;PT;10;EXW;11;3;;4,6;1;214;;ESB70550694;
INTRA-EX;202507;513881387;R7438-9;85111000;ES;PT;10;EXW;11;3;;0,1;4;138;;ESB70550694;
INTRA-EX;202507;513881387;AC-MK7-INLET;40091100;ES;PT;10;EXW;11;3;;0,3;1;45;;ESB42771618;
INTRA-EX;202507;513881387;AC-MK7-MD;87089997;ES;PT;10;EXW;11;3;;0,4;1;43;;ESB42771618;
INTRA-EX;202507;513881387;SFDM068;1;ES;PT;10;EXW;11;3;;9;1;263;;ESB42771618;
INTRA-EX;202507;513881387;SMNX014;84099100;ES;PT;10;EXW;11;3;;8,7;1;539;;ESF21716261;
INTRA-EX;202507;513881387;AC-200-DP;87089235;ES;PT;10;EXW;11;3;;10;1;193;;QV999999999999;
INTRA-EX;202507;513881387;06K103484F;87089997;ES;PT;10;EXW;11;3;;0,1;2;12;;QV999999999999;
INTRA-EX;202507;513881387;06J103600AFKIT;84099100;ES;PT;10;EXW;11;3;;2,5;1;49;;QV999999999999;
INTRA-EX;202507;513881387;5M5585H-STD;40091100;ES;PT;10;EXW;11;3;;0,3;1;90;;QV999999999999;
INTRA-EX;202507;513881387;MMTS-350Z-03L;90321020;ES;PT;10;EXW;11;3;;0,3;1;47;;QV999999999999;
INTRA-EX;202507;513881387;VWR140014;87089997;ES;PT;10;EXW;11;3;;0,1;1;30;;QV999999999999;
INTRA-EX;202507;513881387;FMBGFK2;87089997;ES;PT;10;EXW;11;3;;0,3;1;50;;QV999999999999;
INTRA-EX;202507;513881387;216VWBWEBO270;90262020;ES;PT;10;EXW;11;3;;0,3;1;57;;QV999999999999;
INTRA-EX;202507;513881387;AC-200-HS;87089997;ES;PT;10;EXW;11;3;;0,5;2;44;;QV999999999999;
INTRA-EX;202507;513881387;ILFR6B-5;84099100;ES;PT;10;EXW;11;3;;0,3;1;46;;QV999999999999;
INTRA-EX;202507;513881387;KLC167A;87088055;ES;PT;10;EXW;11;3;;1,4;1;136;;ESB60872124;
INTRA-EX;202507;513881387;KCA476;87088055;ES;PT;10;EXW;11;3;;2,1;1;387;;ESB60872124;
INTRA-EX;202507;513881387;WSK-AUD001;87088055;ES;PT;10;EXW;11;3;;10;1;193;;ESB60872124;
INTRA-EX;202507;513881387;RE8C-L+RE9B-T;84099100;ES;PT;10;EXW;11;3;;0,3;1;104;;QV999999999999;
INTRA-EX;202507;513881387;216EVOBO;90262020;ES;PT;10;EXW;11;3;;0,3;1;66;;QV999999999999;
INTRA-EX;202507;513881387;216EVOEOP-RB;87089997;ES;PT;10;EXW;11;3;;0,4;1;79;;QV999999999999;
INTRA-EX;202507;513881387;216EVOOT-RB;90269000;ES;PT;10;EXW;11;3;;0,3;1;46;;QV999999999999;
INTRA-EX;202507;513881387;FMRLH-RED;40093100;ES;PT;10;EXW;11;3;;0,7;1;62;;QV999999999999;
INTRA-EX;202507;513881387;CTS-IT-810;40091100;FR;PT;10;EXW;11;3;;2,5;1;164;;FR94827543661;
INTRA-EX;202507;513881387;CTS-IGN-008;84099100;FR;PT;10;EXW;11;3;;0,3;24;719;;FR35504243288;
INTRA-EX;202507;513881387;MMIG-BMW-0206;85111000;FR;PT;10;EXW;11;3;;2;1;102;;FR35504243288;
INTRA-EX;202507;513881387;KLC140-335;87089997;FR;PT;10;EXW;11;3;;1;1;100;;FR35504243288;
INTRA-EX;202507;513881387;MS100208;85111000;FR;PT;10;EXW;11;3;;0,3;4;99;;FR94827543661;
INTRA-EX;202507;513881387;SRNC032;87089235;FR;PT;10;EXW;11;3;;5,2;1;204;;FR58820771400;
INTRA-EX;202507;513881387;VWR900001-4;84099100;FR;PT;10;EXW;11;3;;1,8;1;174;;QV999999999999;
INTRA-EX;202507;513881387;06E898001-4;85111000;FR;PT;10;EXW;11;3;;1,5;1;102;;QV999999999999;
INTRA-EX;202507;513881387;BKR8EIX-4;85111000;FR;PT;10;EXW;11;3;;0,3;1;43;;QV999999999999;
INTRA-EX;202507;513881387;78198025;;FR;PT;10;EXW;11;3;;0,1;2;23;;QV999999999999;
INTRA-EX;202507;513881387;SCEXVDM;87089235;FR;PT;10;EXW;11;3;;0,1;1;24;;QV999999999999;
INTRA-EX;202507;513881387;E10-35-020-02-22;73202081;FR;PT;10;EXW;11;3;;8,5;1;146;;QV999999999999;
INTRA-EX;202507;513881387;AC-200-CP-4;84099100;FR;PT;10;EXW;11;3;;1;1;82;;QV999999999999;
INTRA-EX;202507;513881387;216BFWGOPSM;90269000;FR;PT;10;EXW;11;3;;0,4;1;46;;QV999999999999;
INTRA-EX;202507;513881387;216BFWGFPSM;90262020;FR;PT;10;EXW;11;3;;0,5;1;46;;QV999999999999;
INTRA-EX;202507;513881387;15009-AK004;84213100;FR;PT;10;EXW;11;3;;0,1;1;24;;QV999999999999;
INTRA-EX;202507;513881387;WB-665;84213100;FR;PT;10;EXW;11;3;;0,4;1;53;;QV999999999999;
INTRA-EX;202507;513881387;EVO1106;84213100;FR;PT;10;EXW;11;3;;4,6;1;305;;QV999999999999;
INTRA-EX;202507;513881387;ES-1350571;87083099;FR;PT;10;EXW;11;3;;1,3;1;61;;QV999999999999;
INTRA-EX;202507;513881387;8E0971824S-RD;84099100;FR;PT;10;EXW;11;3;;0,2;1;14;;QV999999999999;
INTRA-EX;202507;513881387;BKR7EIX-4;84099100;FR;PT;10;EXW;11;3;;0,3;1;40;;QV999999999999;
INTRA-EX;202507;513881387;VWR12G7R600FO;84213100;FR;PT;10;EXW;11;3;;0,5;1;114;;QV999999999999;
INTRA-EX;202507;513881387;AC-MK7R-DP;87089235;FR;PT;10;EXW;11;3;;11,6;1;277;;QV999999999999;
INTRA-EX;202507;513881387;FMSS114-BLU;84814090;FR;PT;10;EXW;11;3;;0,1;1;7;;QV999999999999;
INTRA-EX;202507;513881387;107920;27101999;FR;PT;10;EXW;11;3;;1,2;1;15;;QV999999999999;
INTRA-EX;202507;513881387;111049;27101999;FR;PT;10;EXW;11;3;;1,2;1;4;;QV999999999999;
INTRA-EX;202507;513881387;SILZKGR8B8S-6;85111000;FR;PT;10;EXW;11;3;;0,4;1;59;;QV999999999999;
INTRA-EX;202507;513881387;D650-0003-4;84099100;FR;PT;10;EXW;11;3;;1,7;1;114;;QV999999999999;
INTRA-EX;202507;513881387;MMICP-FOST-13HP;84213100;FR;PT;10;EXW;11;3;;3;1;130;;QV999999999999;
INTRA-EX;202507;513881387;BKR8EIX-4;85111000;FR;PT;10;EXW;11;3;;0,3;1;43;;QV999999999999;
INTRA-EX;202507;513881387;AC-200-CP-4;84099100;FR;PT;10;EXW;11;3;;1;1;82;;QV999999999999;
INTRA-EX;202507;513881387;8E0971824S-BL;84099100;FR;PT;10;EXW;11;3;;0,2;1;18;;QV999999999999;
INTRA-EX;202507;513881387;AC-200-TBH-BL;40093100;FR;PT;10;EXW;11;3;;0,2;1;18;;QV999999999999;
INTRA-EX;202507;513881387;06F103483D;87089997;FR;PT;10;EXW;11;3;;0,1;1;8;;QV999999999999;
INTRA-EX;202507;513881387;AC-200-FD;87089997;FR;PT;10;EXW;11;3;;0,5;1;48;;QV999999999999;
INTRA-EX;202507;513881387;06F129717D;87089235;FR;PT;10;EXW;11;3;;0,1;1;8;;QV999999999999;
INTRA-EX;202507;513881387;10.127.101K;84133080;DK;PT;10;EXW;11;3;;0,3;1;302;;QV999999999999;
INTRA-EX;202507;513881387;MMTS-240-89KA;90321020;DK;PT;10;EXW;11;3;;0,1;1;45;;QV999999999999;
INTRA-EX;202507;513881387;L3P3AB8X;87089997;DK;PT;10;EXW;11;3;;1;1;310;;QV999999999999;
INTRA-EX;202507;513881387;AC-27-CB;87089235;DK;PT;10;EXW;11;3;;21,2;1;338;;QV999999999999;
INTRA-EX;202507;513881387;MMSBH-F80-15;40093100;CY;PT;10;EXW;11;3;;1,5;1;376;;CY10187883D;
INTRA-EX;202507;513881387;MMOC-F80-15;87089135;CY;PT;10;EXW;11;3;;5;1;453;;CY10187883D;
INTRA-EX;202507;513881387;AC-S55-JP;40091100;CY;PT;10;EXW;11;3;;0,6;1;78;;CY10187883D;
INTRA-EX;202507;513881387;MMHE-F80-15;87089199;CY;PT;10;EXW;11;3;;8,2;1;505;;CY10187883D;
INTRA-EX;202507;513881387;06J103600AFKIT;84099100;IE;PT;10;EXW;11;3;;2,5;1;48;;QV999999999999;
INTRA-EX;202507;513881387;E10-40-011-01-22;73202081;IE;PT;10;EXW;11;3;;9,2;1;158;;QV999999999999;
INTRA-EX;202507;513881387;AC-WS-HN-15;87088099;IE;PT;10;EXW;11;3;;2;2;102;;QV999999999999;
INTRA-EX;202507;513881387;9-421-0847;84133080;LT;PT;10;EXW;11;3;;0,6;1;155;;QV999999999999;
INTRA-EX;202507;513881387;TI-123-BK;40091100;HR;PT;10;EXW;11;3;;2,1;1;75;;QV999999999999;
INTRA-EX;202507;513881387;UR-TW2-1715;87088055;SK;PT;10;EXW;11;3;;3,6;1;107;;QV999999999999;
INTRA-EX;202507;513881387;AC-N14-IND-BL;87089997;SK;PT;10;EXW;11;3;;1,2;1;71;;QV999999999999;
INTRA-EX;202507;513881387;PP1923;84213100;HR;PT;10;EXW;11;3;;0,7;1;102;;HR60589531942;
INTRA-EX;202507;513881387;E10-20-035-01-22;87088035;HR;PT;10;EXW;11;3;;11,2;1;217;;HR60589531942;
INTRA-EX;202507;513881387;CTS-HS-360;87089997;HR;PT;10;EXW;11;3;;2,6;1;129;;QV999999999999;
INTRA-EX;202507;513881387;CTS-IT-300R;84213100;SK;PT;10;EXW;11;3;;4,1;1;267;;QV999999999999;
INTRA-EX;202507;513881387;EVE-RSQ3-CF-INT;84213100;SI;PT;10;EXW;11;3;;6,1;1;1285;;SI84452412;
INTRA-EX;202507;513881387;CTS-IT-290R;84213100;HR;PT;10;EXW;11;3;;4;1;265;;QV999999999999;
INTRA-EX;202507;513881387;001394.999529;84836080;SK;PT;10;EXW;11;3;;7;1;502;;SK2122367423;
INTRA-EX;202507;513881387;IFR7X8G-4;84099100;SI;PT;10;EXW;11;3;;0,3;1;60;;QV999999999999;
INTRA-EX;202507;513881387;U5001-4;84099100;SI;PT;10;EXW;11;3;;1,5;1;77;;QV999999999999;
INTRA-EX;202507;513881387;SRN0635-6P-BK;87083091;SI;PT;10;EXW;11;3;;0,5;1;92;;QV999999999999;
INTRA-EX;202507;513881387;PP2018;84213100;HU;PT;10;EXW;11;3;;0,6;1;35;;QV999999999999;
INTRA-EX;202507;513881387;X-1014-BB;84213100;HU;PT;10;EXW;11;3;;0,7;1;49;;QV999999999999;
INTRA-EX;202507;513881387;D650-0003-6;84099100;DE;PT;10;EXW;11;3;;2,4;1;172;;QV999999999999;
INTRA-EX;202507;513881387;VWR69G7KIT;87083091;DE;PT;10;EXW;11;3;;0,5;1;151;;QV999999999999;
INTRA-EX;202507;513881387;VWR69000BF1;87089997;DE;PT;10;EXW;11;3;;0,6;2;38;;QV999999999999;
INTRA-EX;202507;513881387;PP1951;84213100;DE;PT;10;EXW;11;3;;0,7;1;38;;QV999999999999;
INTRA-EX;202507;513881387;UR-RU4-2987;87088055;DE;PT;10;EXW;11;3;;3,3;1;162;;QV999999999999;
INTRA-EX;202507;513881387;R7437-9-8;84099100;DE;PT;10;EXW;11;3;;0,5;1;345;;QV999999999999;
INTRA-EX;202507;513881387;PP2114;84213100;DE;PT;10;EXW;11;3;;0,5;1;38;;QV999999999999;
INTRA-EX;202507;513881387;S-BM/TI/33H;87089235;PL;PT;10;EXW;11;3;;31,3;1;4254;;PL8141683531;
INTRA-EX;202507;513881387;E10-82-097-02-22;73209090;PL;PT;10;EXW;11;3;;7,2;1;217;;QV999999999999;
INTRA-EX;202507;513881387;216CLSDWAOP-R;87089997;PL;PT;10;EXW;11;3;;0,4;1;72;;QV999999999999;
INTRA-EX;202507;513881387;216CLSDWAOT-R;87089997;PL;PT;10;EXW;11;3;;0,4;1;48;;QV999999999999;
INTRA-EX;202507;513881387;216CLSDWABO-R;87089997;PL;PT;10;EXW;11;3;;0,4;1;58;;QV999999999999;
INTRA-EX;202507;513881387;CI100054;40091100;GR;PT;10;EXW;11;3;;4,3;1;187;;GREL163940830;
INTRA-EX;202507;513881387;D760-0061;84099100;GR;PT;10;EXW;11;3;;1;1;159;;GREL156587530;
INTRA-EX;202507;513881387;URTW-LA4-4319;87088055;GR;PT;10;EXW;11;3;;1,6;1;152;;QV999999999999;
INTRA-EX;202507;513881387;UR-RT2-2148;87088055;GR;PT;10;EXW;11;3;;2;1;68;;QV999999999999;
INTRA-EX;202507;513881387;UR-RU2-858;87088055;GR;PT;10;EXW;11;3;;2,4;1;86;;QV999999999999;
INTRA-EX;202507;513881387;52009-AK011;84213100;GR;PT;10;EXW;11;3;;0,4;1;21;;QV999999999999;
INTRA-EX;202507;513881387;MMFW-LG-6BK;87089997;GR;PT;10;EXW;11;3;;0,1;1;9;;QV999999999999;
INTRA-EX;202507;513881387;PF04;85444290;BE;PT;10;EXW;11;3;;0,2;1;204;;QV999999999999;
INTRA-EX;202507;513881387;D650-0004-8;84099100;BE;PT;10;EXW;11;3;;2,4;1;225;;QV999999999999;
INTRA-EX;202507;513881387;SILZKBR8D8S-8;85111000;BE;PT;10;EXW;11;3;;0,5;1;90;;QV999999999999;
INTRA-EX;202507;513881387;ATMSYGR04;87089135;BE;PT;10;EXW;11;3;;4,3;1;375;;QV999999999999;
INTRA-EX;202507;513881387;CTS-IT-272R;84213100;BE;PT;10;EXW;11;3;;3,9;1;230;;QV999999999999;
INTRA-EX;202507;513881387;SSE0433-4P-BK;87083091;BE;PT;10;EXW;11;3;;0,5;1;77;;QV999999999999;
INTRA-EX;202507;513881387;ES-351301;87089997;BE;PT;10;EXW;11;3;;1,3;1;68;;QV999999999999;
INTRA-EX;202507;513881387;AC-MK7R-DP;87089235;BE;PT;10;EXW;11;3;;11,6;1;275;;QV999999999999;
INTRA-EX;202507;513881387;CTS-IGN-007;84099100;BE;PT;10;EXW;11;3;;0,3;4;139;;QV999999999999;
INTRA-EX;202507;513881387;CTS-TR-1050;87089997;IT;PT;10;EXW;11;3;;13,6;1;1124;;IT02330960994;
INTRA-EX;202507;513881387;FMBPVXA;87089997;IT;PT;10;EXW;11;3;;0,1;1;25;;IT02710790060;
INTRA-EX;202507;513881387;mmai-cla45-14bk;84213100;IT;PT;10;EXW;11;3;;4,1;1;313;;IT02710790060;
INTRA-EX;202507;513881387;SME0465-4P-RD;87083091;IT;PT;10;EXW;11;3;;0,5;1;63;;IT02710790060;
INTRA-EX;202507;513881387;KCA472;87088035;IT;PT;10;EXW;11;3;;2;1;160;;IT02710790060;
INTRA-EX;202507;513881387;50003-MR45XLZ-4;87089997;IT;PT;10;EXW;11;3;;0,3;1;86;;QV999999999999;
INTRA-EX;202507;513881387;ATMSBMW7;87089997;NL;PT;10;EXW;11;3;;2,5;1;258;;NL866860666B01;
INTRA-EX;202507;513881387;CTS-IGN-007;84099100;NL;PT;10;EXW;11;3;;0,3;4;119;;NL866860666B01;
INTRA-EX;202507;513881387;R7437-9;85111000;NL;PT;10;EXW;11;3;;0,1;4;145;;NL866860666B01;
INTRA-EX;202507;513881387;FMACF500;87089997;NL;PT;10;EXW;11;3;;0,6;1;144;;NL001610182B41;
INTRA-EX;202507;513881387;FMDVK04SA-SIL;84814090;NL;PT;10;EXW;11;3;;0,2;1;141;;QV999999999999;
INTRA-EX;202507;513881387;71008-AS013;84213100;NL;PT;10;EXW;11;3;;1,8;1;280;;QV999999999999;
INTRA-EX;202507;513881387;BKR7EIX-4;84099100;NL;PT;10;EXW;11;3;;0,3;1;40;;QV999999999999;
INTRA-EX;202507;513881387;420103485B;70102000;NL;PT;10;EXW;11;3;;0,1;1;23;;QV999999999999;
INTRA-EX;202507;513881387;UR-LA2-829;87088055;NL;PT;10;EXW;11;3;;1,4;1;70;;QV999999999999;
INTRA-EX;202507;513881387;UR-RT2-329;87088055;NL;PT;10;EXW;11;3;;2,5;1;74;;QV999999999999;
INTRA-EX;202507;513881387;SKR84-S3B00;84099100;ES;PT;10;EXW;11;3;;10;1;165;;ESX4994998L;
INTRA-EX;202507;513881387;SSE0433-4P-BK;87083091;ES;PT;10;EXW;11;3;;0,5;1;63;;ES44534463T;
INTRA-EX;202507;513881387;VWR1200R600E;84213100;ES;PT;10;EXW;11;3;;4,9;1;309;;ESB42954230;
INTRA-EX;202507;513881387;D650-0003;84099100;ES;PT;10;EXW;11;3;;0,3;8;185;;ESB42954230;
INTRA-EX;202507;513881387;EVE-EA8884-R-INT;84213100;ES;PT;10;EXW;11;3;;5;1;999;;ESB42954230;
INTRA-EX;202507;513881387;MS100208;85111000;ES;PT;10;EXW;11;3;;0,3;20;498;;ESB42954230;
INTRA-EX;202507;513881387;VWR180000;87089997;ES;PT;10;EXW;11;3;;0,1;5;45;;ESB42954230;
INTRA-EX;202507;513881387;VWR1200R601E;84213100;ES;PT;10;EXW;11;3;;4,9;2;676;;ESB42954230;
INTRA-EX;202507;513881387;VWR120000;84213100;ES;PT;10;EXW;11;3;;1;2;61;;ESB42954230;
INTRA-EX;202507;513881387;EVE-FK2V2-CF-LHD-INT;84213100;ES;PT;10;EXW;11;3;;3,7;1;906;;ESB66899667;
INTRA-EX;202507;513881387;FMDV004-POL;84814090;ES;PT;10;EXW;11;3;;0,4;1;87;;ESB72996382;
INTRA-EX;202507;513881387;9-307-1060;84133080;ES;PT;10;EXW;11;3;;0,6;1;122;;ESB72996382;
INTRA-EX;202507;513881387;CI100054;40091100;ES;PT;10;EXW;11;3;;4,3;1;187;;ES33558767L;
INTRA-EX;202507;513881387;R7437-8;85111000;ES;PT;10;EXW;11;3;;0,1;4;136;;ES33558767L;
INTRA-EX;202507;513881387;PFR8S8EG-6;87089997;ES;PT;10;EXW;11;3;;0,4;1;67;;QV999999999999;
INTRA-EX;202507;513881387;06E898001-6;85111000;ES;PT;10;EXW;11;3;;2,1;1;152;;QV999999999999;
INTRA-EX;202507;513881387;AC-CEL-FIX-S;87089997;ES;PT;10;EXW;11;3;;0,2;2;63;;QV999999999999;
INTRA-EX;202507;513881387;ES-351268;87089997;ES;PT;10;EXW;11;3;;1,5;1;60;;QV999999999999;
INTRA-EX;202507;513881387;AC-300-CP-4;84099100;ES;PT;10;EXW;11;3;;1;1;70;;QV999999999999;
INTRA-EX;202507;513881387;204-3901;87089997;ES;PT;10;EXW;11;3;;1,1;1;171;;QV999999999999;
INTRA-EX;202507;513881387;FMGOLFIND-BLU;40093100;ES;PT;10;EXW;11;3;;1,2;1;191;;QV999999999999;
INTRA-EX;202507;513881387;AC-200-DP;87089235;ES;PT;10;EXW;11;3;;10;1;193;;QV999999999999;
INTRA-EX;202507;513881387;COMBO-NOV-MQB;84213100;ES;PT;10;EXW;11;3;;5,5;1;437;;QV999999999999;
INTRA-EX;202507;513881387;ES-311366;87089997;ES;PT;10;EXW;11;3;;1,3;1;68;;QV999999999999;
INTRA-EX;202507;513881387;CI100033;84213100;ES;PT;10;EXW;11;3;;3,2;1;437;;QV999999999999;
INTRA-EX;202507;513881387;SMA0112-4P-BK;87083091;ES;PT;10;EXW;11;3;;0,5;1;93;;QV999999999999;
INTRA-EX;202507;513881387;ASAF;33030010;ES;PT;10;EXW;11;3;;0,1;3;4;;QV999999999999;
INTRA-EX;202507;513881387;AC-W205-DPHS;87089997;ES;PT;10;EXW;11;3;;9,3;1;509;;ESF21229786;
INTRA-EX;202507;513881387;ATMSVAG10;87089997;ES;PT;10;EXW;11;3;;2,2;1;170;;ESB01796796;
INTRA-EX;202507;513881387;COMBO-NOV-MQB;84213100;ES;PT;10;EXW;11;3;;5,5;1;437;;QV999999999999;
INTRA-EX;202507;513881387;FMINTRM-BLA;87089997;ES;PT;10;EXW;11;3;;7,4;1;444;;ES53284853V;
INTRA-EX;202507;513881387;SRN0630-6P-BK;87083091;ES;PT;10;EXW;11;3;;0,5;1;94;;ES53284853V;
INTRA-EX;202507;513881387;ATMSREN9;87089997;ES;PT;10;EXW;11;3;;1;1;147;;ES53284853V;
INTRA-EX;202507;513881387;IFR7X8G-4;84099100;ES;PT;10;EXW;11;3;;0,3;1;61;;ES53284853V;
INTRA-EX;202507;513881387;S-BM/TI/33H+TP-CT/69;87089235;ES;PT;10;EXW;11;3;;33,9;1;6470;;ESB15501539;
INTRA-EX;202507;513881387;ATMSBMW24;87089997;ES;PT;10;EXW;11;3;;0,5;1;151;;ESB15501539;
INTRA-EX;202507;513881387;AC-BM-ODP;87089997;ES;PT;10;EXW;11;3;;0,1;1;12;;ESB15501539;
INTRA-EX;202507;513881387;MMFS-350Z-03;84149000;ES;PT;10;EXW;11;3;;5,8;1;217;;ESB64092695;
INTRA-EX;202507;513881387;10.127.203K;84132000;ES;PT;10;EXW;11;3;;0,3;1;312;;QV999999999999;
INTRA-EX;202507;513881387;ACSP1;84099100;ES;PT;10;EXW;11;3;;0,5;1;22;;ESB47771084;
INTRA-EX;202507;513881387;MMHP-ASHB-2424;87089997;ES;PT;10;EXW;11;3;;0,3;1;29;;QV999999999999;
INTRA-EX;202507;513881387;R7437-8-4;84099100;ES;PT;10;EXW;11;3;;0,3;1;160;;ESB36581619;
INTRA-EX;202507;513881387;VWR900001-4;84099100;ES;PT;10;EXW;11;3;;1,8;1;174;;ESB36581619;
INTRA-EX;202507;513881387;FMIND5R32-RED;84213100;ES;PT;10;EXW;11;3;;4,1;1;280;;ESB36581619;
INTRA-EX;202507;513881387;MMFS-CIV-92;87089997;ES;PT;10;EXW;11;3;;3,3;1;140;;ESB56965627;
INTRA-EX;202507;513881387;MMTS-RX8-04L;90321020;ES;PT;10;EXW;11;3;;0,2;1;48;;QV999999999999;
INTRA-EX;202507;513881387;SMA0600-4P-BK;87083091;ES;PT;10;EXW;11;3;;0,5;1;77;;QV999999999999;
INTRA-EX;202507;513881387;RC-ZE81;85111000;ES;PT;10;EXW;11;3;;3;1;62;;QV999999999999;
INTRA-EX;202507;513881387;SMA0600-1P-BK;87083091;ES;PT;10;EXW;11;3;;0,3;1;17;;QV999999999999;
INTRA-EX;202507;513881387;06J103600AFKIT;84099100;ES;PT;10;EXW;11;3;;2,5;1;49;;QV999999999999;
INTRA-EX;202507;513881387;SMT0707-4P-BK;87083091;ES;PT;10;EXW;11;3;;0,5;1;116;;QV999999999999;
INTRA-EX;202507;513881387;SBW0901-4P-BK;87083091;ES;PT;10;EXW;11;3;;0,5;1;78;;ESB65186603;
INTRA-EX;202507;513881387;MMRAD-RSF-09;87089235;ES;PT;10;EXW;11;3;;8;1;438;;QV999999999999;
INTRA-EX;202507;513881387;E10-15-007-14-20;73202081;ES;PT;10;EXW;11;3;;5,1;1;114;;QV999999999999;
INTRA-EX;202507;513881387;PP1389;84213100;ES;PT;10;EXW;11;3;;0,5;1;37;;QV999999999999;
INTRA-EX;202507;513881387;UR-TW2-2431;87088055;ES;PT;10;EXW;11;3;;3;1;104;;QV999999999999;
INTRA-EX;202507;513881387;FMSTC1-RED;84073410;ES;PT;10;EXW;11;3;;0,2;1;58;;QV999999999999;
INTRA-EX;202507;513881387;MS100208-4;84099100;ES;PT;10;EXW;11;3;;1,7;1;119;;QV999999999999;
INTRA-EX;202507;513881387;SVA0715-6P-BK;87083091;ES;PT;10;EXW;11;3;;0,6;1;69;;QV999999999999;
INTRA-EX;202507;513881387;FMSS114-BLU;84814090;ES;PT;10;EXW;11;3;;0,1;1;7;;QV999999999999;
INTRA-EX;202507;513881387;BKR7EIX-4;84099100;ES;PT;10;EXW;11;3;;0,3;2;80;;QV999999999999;
INTRA-EX;202507;513881387;ATMSBMW22;87089997;ES;PT;10;EXW;11;3;;8,7;1;257;;QV999999999999;
INTRA-EX;202507;513881387;MMEXH-MUS8-15APP;87089235;ES;PT;10;EXW;11;3;;8,6;1;468;;QV999999999999;
INTRA-EX;202507;513881387;FMFSITAT-POL;87089997;ES;PT;10;EXW;11;3;;0,7;1;215;;QV999999999999;
INTRA-EX;202507;513881387;30-3300;87089997;ES;PT;10;EXW;11;3;;4,9;1;426;;QV999999999999;
INTRA-EX;202507;513881387;CTS-IT-105R;84213100;FR;PT;10;EXW;11;3;;4,6;1;224;;FR94827543661;
INTRA-EX;202507;513881387;EVE-151-G2-FTR;84213100;FR;PT;10;EXW;11;3;;0,5;1;63;;FR35504243288;
INTRA-EX;202507;513881387;CTS-F8X-DF;87089135;FR;PT;10;EXW;11;3;;8,1;1;487;;FR35504243288;
INTRA-EX;202507;513881387;EVE-GR4-CF-INT;84213100;FR;PT;10;EXW;11;3;;4,9;1;975;;FR08518657770;
INTRA-EX;202507;513881387;SILZKBR8D8S-6;84099100;FR;PT;10;EXW;11;3;;0,4;1;68;;QV999999999999;
INTRA-EX;202507;513881387;SILZKGR8B8S-6;85111000;FR;PT;10;EXW;11;3;;0,4;1;59;;QV999999999999;
INTRA-EX;202507;513881387;EX-STBBL3FW-F;87088035;FR;PT;10;EXW;11;3;;3,5;1;106;;QV999999999999;
INTRA-EX;202507;513881387;E10-35-016-09-22;73202081;FR;PT;10;EXW;11;3;;11,5;1;183;;QV999999999999;
INTRA-EX;202507;513881387;ILFR7H-5;85111000;FR;PT;10;EXW;11;3;;0,3;1;67;;QV999999999999;
INTRA-EX;202507;513881387;CTS-IT-255R;;FR;PT;10;EXW;11;3;;0,1;1;322;;FR45524270170;
INTRA-EX;202507;513881387;IMS-8VSY-PCV1-B;84133020;FR;PT;10;EXW;11;3;;0,3;1;189;;FR45524270170;
INTRA-EX;202507;513881387;SAU0496-4P-BK;87083091;FR;PT;10;EXW;11;3;;0,5;1;84;;QV999999999999;
INTRA-EX;202507;513881387;1K1819653B;84099100;FR;PT;10;EXW;11;3;;0,5;2;16;;FR34790522718;
INTRA-EX;202507;513881387;06D115562;84099100;FR;PT;10;EXW;11;3;;0,2;2;9;;FR34790522718;
INTRA-EX;202507;513881387;Z1003101-4;85111000;FR;PT;10;EXW;11;3;;0,4;1;80;;QV999999999999;
INTRA-EX;202507;513881387;50003-M45-XL-4;84213100;FR;PT;10;EXW;11;3;;0,3;2;163;;QV999999999999;
INTRA-EX;202507;513881387;EVE-W210-FTR;84213100;FR;PT;10;EXW;11;3;;0,6;4;380;;FR32803663178;
INTRA-EX;202507;513881387;IZKR7B-6;85111000;FR;PT;10;EXW;11;3;;0,4;1;58;;QV999999999999;
INTRA-EX;202507;513881387;JSK-126-RD;84213100;FR;PT;10;EXW;11;3;;3,9;1;257;;QV999999999999;
INTRA-EX;202507;513881387;VWR130006;84099100;FR;PT;10;EXW;11;3;;0,3;1;58;;QV999999999999;
INTRA-EX;202507;513881387;06K103484F;87089997;FR;PT;10;EXW;11;3;;0,1;1;6;;QV999999999999;
INTRA-EX;202507;513881387;VWR13G700RFK;87089997;FR;PT;10;EXW;11;3;;0,5;1;54;;QV999999999999;
INTRA-EX;202507;513881387;ACSP1;84099100;FR;PT;10;EXW;11;3;;0,5;1;22;;QV999999999999;
INTRA-EX;202507;513881387;JSK-121-BL;84213100;FR;PT;10;EXW;11;3;;4;1;233;;QV999999999999;
INTRA-EX;202507;513881387;AC-200R-DP;87089235;FR;PT;10;EXW;11;3;;10;1;224;;QV999999999999;
INTRA-EX;202507;513881387;MMTS-E90-07;87089997;FR;PT;10;EXW;11;3;;0,1;1;61;;QV999999999999;
INTRA-EX;202507;513881387;AC-W205-DPHS;87089997;FR;PT;10;EXW;11;3;;9,3;1;509;;FR13813052222;
INTRA-EX;202507;513881387;E10-25-036-05-22;73202081;FR;PT;10;EXW;11;3;;14,2;1;258;;FR13813052222;
INTRA-EX;202507;513881387;FMACAVXR;84099100;FR;PT;10;EXW;11;3;;0,6;1;179;;QV999999999999;
INTRA-EX;202507;513881387;EVE-TRB8V8S-LHD-STK;84213100;FR;PT;10;EXW;11;3;;1,4;1;612;;FR51501941645;
INTRA-EX;202507;513881387;STY0014-4P-RD;87083091;FR;PT;10;EXW;11;3;;0,5;1;77;;QV999999999999;
INTRA-EX;202507;513881387;GXPA16FK;87088035;FR;PT;10;EXW;11;3;;12,2;1;218;;QV999999999999;
INTRA-EX;202507;513881387;BKR7EIX-4;84099100;FR;PT;10;EXW;11;3;;0,3;1;40;;QV999999999999;
INTRA-EX;202507;513881387;MMIG-VW-1504;85111000;FR;PT;10;EXW;11;3;;1,8;1;113;;QV999999999999;
INTRA-EX;202507;513881387;06E898001-4;85111000;FR;PT;10;EXW;11;3;;1,5;1;102;;QV999999999999;
INTRA-EX;202507;513881387;AC-200-CFA-KIT;87089997;FR;PT;10;EXW;11;3;;0,1;1;32;;QV999999999999;
INTRA-EX;202507;513881387;E10-75-012-05-22;73202081;FR;PT;10;EXW;11;3;;10;1;178;;QV999999999999;
INTRA-EX;202507;513881387;R7437-8-4;84099100;FR;PT;10;EXW;11;3;;0,3;1;160;;FR09800029712;
INTRA-EX;202507;513881387;MZ11YTP03;87089235;FR;PT;10;EXW;11;3;;19,5;1;483;;QV999999999999;
INTRA-EX;202507;513881387;MS100204-4;84099100;FR;PT;10;EXW;11;3;;1,7;1;180;;QV999999999999;
INTRA-EX;202507;513881387;FMSBCVXR;87088055;FR;PT;10;EXW;11;3;;1,3;1;43;;QV999999999999;
INTRA-EX;202507;513881387;SVW0630-4P-BK;87083091;FR;PT;10;EXW;11;3;;0,5;1;77;;QV999999999999;
INTRA-EX;202507;513881387;"CTS-HW-036 ARP";87089997;FR;PT;10;EXW;11;3;;0,7;1;141;;QV999999999999;
INTRA-EX;202507;513881387;VWR150000;87089997;FR;PT;10;EXW;11;3;;0,2;1;113;;QV999999999999;
INTRA-EX;202507;513881387;AC-S55-JP;40091100;FR;PT;10;EXW;11;3;;0,6;1;78;;QV999999999999;
INTRA-EX;202507;513881387;WHT005184;40091100;FR;PT;10;EXW;11;3;;0,1;1;8;;QV999999999999;
INTRA-EX;202507;513881387;CTS-HW-0133;84099100;FR;PT;10;EXW;11;3;;0,5;1;135;;QV999999999999;
INTRA-EX;202507;513881387;E10-15-011-04-22;87088035;FR;PT;10;EXW;11;3;;12,5;1;172;;QV999999999999;
INTRA-EX;202507;513881387;AC-C7RS-DP;87089997;FR;PT;10;EXW;11;3;;8,8;1;329;;FR09951192475;
INTRA-EX;202507;513881387;S90-2-12-023-B-BT;87087050;FR;PT;10;EXW;11;3;;1,8;2;232;;FR24311440523;
INTRA-EX;202507;513881387;BKR7EIX-4;84099100;FR;PT;10;EXW;11;3;;0,3;1;40;;QV999999999999;
INTRA-EX;202507;513881387;06F103483D;87089997;FR;PT;10;EXW;11;3;;0,1;1;8;;QV999999999999;
INTRA-EX;202507;513881387;VWRM011-XL;90292031;FR;PT;10;EXW;11;3;;0,3;1;33;;FR65814317475;
INTRA-EX;202507;513881387;AC-MK8-DPHS;87089235;FR;PT;10;EXW;11;3;;8,3;1;307;;FR65814317475;
INTRA-EX;202507;513881387;UR-TW2-990;87088055;FR;PT;10;EXW;11;3;;3,4;1;116;;QV999999999999;
INTRA-EX;202507;513881387;CTS-IT-105R;84213100;FR;PT;10;EXW;11;3;;4,6;1;256;;QV999999999999;
INTRA-EX;202507;513881387;X11127570292ALBK;87089997;FR;PT;10;EXW;11;3;;7,5;1;216;;QV999999999999;
INTRA-EX;202507;513881387;CTS-IGN-008;84099100;FR;PT;10;EXW;11;3;;0,3;6;210;;QV999999999999;
INTRA-EX;202507;513881387;82494;84099100;FR;PT;10;EXW;11;3;;1,6;1;206;;FR80888340023;
INTRA-EX;202507;513881387;SP-201;32081090;FR;PT;10;EXW;11;3;;0,5;2;54;;QV999999999999;
INTRA-EX;202507;513881387;15w50-2;27101999;FR;PT;10;EXW;11;3;;4,8;1;27;;QV999999999999;
INTRA-EX;202507;513881387;RBF600;27101999;FR;PT;10;EXW;11;3;;0,6;1;9;;QV999999999999;
INTRA-EX;202507;513881387;75W140;27101999;FR;PT;10;EXW;11;3;;1;1;18;;QV999999999999;
INTRA-EX;202507;513881387;107920;27101999;FR;PT;10;EXW;11;3;;1,2;1;15;;QV999999999999;
INTRA-EX;202507;513881387;CTS-IT-110;40091100;FR;PT;10;EXW;11;3;;1,3;1;190;;FR92901672386;
INTRA-EX;202507;513881387;FMKT135F20;87089997;FR;PT;10;EXW;11;3;;0,7;1;88;;QV999999999999;
INTRA-EX;202507;513881387;AC-MK7-BT;87089997;FR;PT;10;EXW;11;3;;0,1;1;24;;QV999999999999;
INTRA-EX;202507;513881387;CTS-AF-275;84213100;FR;PT;10;EXW;11;3;;0,5;1;49;;QV999999999999;
INTRA-EX;202507;513881387;WSK-FRD006;87088035;FR;PT;10;EXW;11;3;;16,4;1;181;;QV999999999999;
INTRA-EX;202507;513881387;AC-N55-DP;87089235;FR;PT;10;EXW;11;3;;2,5;1;168;;QV999999999999;
INTRA-EX;202507;513881387;U5333-4;84099100;FR;PT;10;EXW;11;3;;1,6;1;88;;QV999999999999;
INTRA-EX;202507;513881387;06E898001-6;85111000;FR;PT;10;EXW;11;3;;2,1;1;153;;QV999999999999;
INTRA-EX;202507;513881387;SAU0650-6P-BK;87083091;FR;PT;10;EXW;11;3;;0,5;1;98;;QV999999999999;
INTRA-EX;202507;513881387;BKR8EIX-6;85111000;FR;PT;10;EXW;11;3;;0,4;1;64;;QV999999999999;
INTRA-EX;202507;513881387;RBF600;27101999;FR;PT;10;EXW;11;3;;0,6;3;28;;QV999999999999;
INTRA-EX;202507;513881387;FMCTMK6;87089235;FR;PT;10;EXW;11;3;;1,4;1;338;;FR82918280173;
INTRA-EX;202507;513881387;MS100204-4;84099100;FR;PT;10;EXW;11;3;;1,7;1;180;;QV999999999999;
INTRA-EX;202507;513881387;VWR19G707;84213100;FR;PT;10;EXW;11;3;;0,1;1;81;;QV999999999999;
INTRA-EX;202507;513881387;VWR19G702;70102000;FR;PT;10;EXW;11;3;;0,1;1;81;;QV999999999999;
INTRA-EX;202507;513881387;VWR19G703;70102000;FR;PT;10;EXW;11;3;;0,2;1;95;;QV999999999999;
INTRA-EX;202507;513881387;VWR19G701;87089997;FR;PT;10;EXW;11;3;;0,2;1;68;;QV999999999999;
INTRA-EX;202507;513881387;VWR810009;87089997;FR;PT;10;EXW;11;3;;0,2;1;57;;QV999999999999;
INTRA-EX;202507;513881387;SSE0433-4P-BK;87083091;FR;PT;10;EXW;11;3;;0,5;1;77;;QV999999999999;
INTRA-EX;202507;513881387;RBF600;27101999;FR;PT;10;EXW;11;3;;0,6;2;19;;QV999999999999;
INTRA-EX;202507;513881387;MMTS-FIST-14;87089997;FR;PT;10;EXW;11;3;;0,1;1;47;;QV999999999999;
INTRA-EX;202507;513881387;AC-R56-IC;84198998;FR;PT;10;EXW;11;3;;10,5;1;247;;QV999999999999;
INTRA-EX;202507;513881387;SILZKBR8D8S-6;84099100;FR;PT;10;EXW;11;3;;0,4;1;68;;QV999999999999;
INTRA-EX;202507;513881387;06D115562;84099100;FR;PT;10;EXW;11;3;;0,2;5;23;;QV999999999999;
INTRA-EX;202507;513881387;SFD1216-4P-EB;87083091;FR;PT;10;EXW;11;3;;0,5;1;77;;QV999999999999;
INTRA-EX;202507;513881387;E20-85-014-01-22;73209090;FR;PT;10;EXW;11;3;;10;1;140;;QV999999999999;
INTRA-EX;202507;513881387;CTS-IT-220R;84213100;FR;PT;10;EXW;11;3;;4,5;1;280;;QV999999999999;
INTRA-EX;202507;513881387;CTS-SUS-2002;87088020;FR;PT;10;EXW;11;3;;0,2;1;139;;QV999999999999;
INTRA-EX;202507;513881387;EVO1105;84213100;FR;PT;10;EXW;11;3;;5,6;1;320;;QV999999999999;
INTRA-EX;202507;513881387;AC-200K03-OT;84198998;FR;PT;10;EXW;11;3;;1,1;1;112;;QV999999999999;
INTRA-EX;202507;513881387;FMDV8PS3-RED;87089997;FR;PT;10;EXW;11;3;;1,2;1;233;;FR08879651321;
INTRA-EX;202507;513881387;CTS-IGN-007;84099100;FR;PT;10;EXW;11;3;;0,3;4;140;;QV999999999999;
INTRA-EX;202507;513881387;VWR420001;87089997;FR;PT;10;EXW;11;3;;2;1;227;;QV999999999999;
INTRA-EX;202507;513881387;AC-200-CP-6;84099100;FR;PT;10;EXW;11;3;;1,6;1;122;;QV999999999999;
INTRA-EX;202507;513881387;S-BM/TI/33H+TP-CT/69;87089235;FR;PT;10;EXW;11;3;;33,9;1;6470;;FR24311440523;
INTRA-EX;202507;513881387;P-HF1384;85189000;FR;PT;10;EXW;11;3;;1,6;1;406;;FR24311440523;
INTRA-EX;202507;513881387;SAU0630-4P-BK;87083091;FR;PT;10;EXW;11;3;;0,5;1;77;;QV999999999999;
INTRA-EX;202507;513881387;10.127.101K;84133080;FR;PT;10;EXW;11;3;;0,3;1;314;;QV999999999999;
INTRA-EX;202507;513881387;06K103495AC;87089997;FR;PT;10;EXW;11;3;;0,6;1;32;;QV999999999999;
INTRA-EX;202507;513881387;MMEXH-MUS8-15HP;87089235;FR;PT;10;EXW;11;3;;5;1;252;;QV999999999999;
INTRA-EX;202507;513881387;CI100039;40091100;FR;PT;10;EXW;11;3;;2;1;241;;QV999999999999;
INTRA-EX;202507;513881387;AC-200-CFA-KIT;87089997;FR;PT;10;EXW;11;3;;0,1;1;32;;QV999999999999;
INTRA-EX;202507;513881387;SILZKBR8D8S-6;84099100;FR;PT;10;EXW;11;3;;0,4;1;68;;QV999999999999;
INTRA-EX;202507;513881387;9-655-1025;84133080;DK;PT;10;EXW;11;3;;0,8;1;158;;QV999999999999;
INTRA-EX;202507;513881387;AC-S55-IC;84198998;CY;PT;10;EXW;11;3;;7,3;1;449;;CY10187883D;
INTRA-EX;202507;513881387;MMRAD-E36-92;87089135;LT;PT;10;EXW;11;3;;6,2;1;268;;LT100013522310;
INTRA-EX;202507;513881387;FM225SH-BLA;40091100;CZ;PT;10;EXW;11;3;;0,1;1;27;;QV999999999999;
INTRA-EX;202507;513881387;6-1001-FRB;84133080;BG;PT;10;EXW;11;3;;0,5;1;155;;QV999999999999;
INTRA-EX;202507;513881387;50003-MR45XLZ-4;87089997;SE;PT;10;EXW;11;3;;0,3;1;83;;QV999999999999;
INTRA-EX;202507;513881387;AC-CEL-FIX-S;87089997;SE;PT;10;EXW;11;3;;0,2;2;61;;QV999999999999;
INTRA-EX;202507;513881387;IMS-8V-DCCB;87089997;SE;PT;10;EXW;11;3;;1,3;1;390;;QV999999999999;
INTRA-EX;202507;513881387;ATMSMINI7;87089997;RO;PT;10;EXW;11;3;;2;1;237;;QV999999999999;
INTRA-EX;202507;513881387;FMSBCVXR;87088055;RO;PT;10;EXW;11;3;;1,3;1;43;;QV999999999999;
INTRA-EX;202507;513881387;MMAI-MK7-15WRD;84213100;RO;PT;10;EXW;11;3;;5,6;1;275;;QV999999999999;
INTRA-EX;202507;513881387;EVE-FK8-CF-INT;84213100;LU;PT;10;EXW;11;3;;5;1;1380;;LU32430982;
INTRA-EX;202507;513881387;EVE-FK8-CF-CHG;40091100;LU;PT;10;EXW;11;3;;2;1;493;;LU32430982;
INTRA-EX;202507;513881387;SMNP018;87089235;LU;PT;10;EXW;11;3;;7,7;1;193;;LU32430982;
INTRA-EX;202507;513881387;UR-TW2-3051;87088055;HR;PT;10;EXW;11;3;;1,7;1;131;;HR04156715506;
INTRA-EX;202507;513881387;SSTS015;87089235;SK;PT;10;EXW;11;3;;27;1;1634;;SK2121638398;
INTRA-EX;202507;513881387;SBMP086;87089235;HR;PT;10;EXW;11;3;;11,8;1;361;;QV999999999999;
INTRA-EX;202507;513881387;15009-AK004;84213100;SK;PT;10;EXW;11;3;;0,1;1;23;;QV999999999999;
INTRA-EX;202507;513881387;R7437-9-4;87089997;HU;PT;10;EXW;11;3;;0,3;1;161;;QV999999999999;
INTRA-EX;202507;513881387;1050.48.14.R35.6;84133080;HU;PT;10;EXW;11;3;;0,4;1;833;;HU10238141;
INTRA-EX;202507;513881387;14007-AN003;84213100;HU;PT;10;EXW;11;3;;1;1;483;;HU10238141;
INTRA-EX;202507;513881387;KTA253;87089235;PL;PT;10;EXW;11;3;;7,5;1;480;;PL7221480261;
INTRA-EX;202507;513881387;AC-45S-DPHS;87089235;GR;PT;10;EXW;11;3;;4,7;1;227;;GREL115989483;
INTRA-EX;202507;513881387;VWR640012;87089997;GR;PT;10;EXW;11;3;;2,2;2;174;;GREL099510210;
INTRA-EX;202507;513881387;AC-MQB-IC;84198998;GR;PT;10;EXW;11;3;;16,3;1;419;;GREL801188981;
INTRA-EX;202507;513881387;EVE-C63S-CF-INT;84213100;BE;PT;10;EXW;11;3;;6,3;1;2035;;BE0740963105;
INTRA-EX;202507;513881387;VWR31G60R;87088035;BE;PT;10;EXW;11;3;;12;1;298;;BE0767753713;
INTRA-EX;202507;513881387;CTS-IT-600;40091100;BE;PT;10;EXW;11;3;;1,6;1;169;;QV999999999999;
INTRA-EX;202507;513881387;CTS-IT-220R;84213100;BE;PT;10;EXW;11;3;;4,5;1;278;;QV999999999999;
INTRA-EX;202507;513881387;60MA02;87088020;BE;PT;10;EXW;11;3;;17,1;1;341;;QV999999999999;
INTRA-EX;202507;513881387;AC-S55-DP;87089235;BE;PT;10;EXW;11;3;;5,2;1;275;;QV999999999999;
INTRA-EX;202507;513881387;CTS-IGN-007;84099100;BE;PT;10;EXW;11;3;;0,3;4;139;;QV999999999999;
INTRA-EX;202507;513881387;CTS-AF-270;84213100;BE;PT;10;EXW;11;3;;0,5;1;43;;QV999999999999;
INTRA-EX;202507;513881387;ATMSHYU5;87089997;BE;PT;10;EXW;11;3;;3,9;1;214;;QV999999999999;
INTRA-EX;202507;513881387;50003-M45-XL-4;84213100;BE;PT;10;EXW;11;3;;0,3;1;80;;QV999999999999;
INTRA-EX;202507;513881387;AC-R56-IC;84198998;IT;PT;10;EXW;11;3;;10,5;1;167;;IT04227541200;
INTRA-EX;202507;513881387;R7437-9;85111000;IT;PT;10;EXW;11;3;;0,1;12;435;;IT04227541200;
INTRA-EX;202507;513881387;VWR18G700;87089997;IT;PT;10;EXW;11;3;;4;1;420;;IT04227541200;
INTRA-EX;202507;513881387;AC-211-HPFP;84132000;IT;PT;10;EXW;11;3;;1,5;2;653;;IT04227541200;
INTRA-EX;202507;513881387;AC-MK7-HPFP;87089997;IT;PT;10;EXW;11;3;;1,6;1;335;;IT04227541200;
INTRA-EX;202507;513881387;MMAI-MUS8-15RD;84213100;IT;PT;10;EXW;11;3;;6,5;1;222;;IT04227541200;
INTRA-EX;202507;513881387;AC-N55-TP;40091100;IT;PT;10;EXW;11;3;;1,7;2;215;;IT04227541200;
INTRA-EX;202507;513881387;AC-S55-JP;40091100;IT;PT;10;EXW;11;3;;0,6;2;107;;IT04227541200;
INTRA-EX;202507;513881387;AC-S1-CF-IP;40091100;IT;PT;10;EXW;11;3;;1,3;2;494;;IT04227541200;
INTRA-EX;202507;513881387;VWR31G8GT;87089997;IT;PT;10;EXW;11;3;;8,5;1;161;;IT02710790060;
INTRA-EX;202507;513881387;CTS-EXH-DP-0019;87089235;IT;PT;10;EXW;11;3;;6;1;487;;IT02710790060;
INTRA-EX;202507;513881387;BMR74Z;87089235;IT;PT;10;EXW;11;3;;6;1;164;;IT02710790060;
INTRA-EX;202507;513881387;AC-200-IC;84198998;IT;PT;10;EXW;11;3;;11,9;1;390;;QV999999999999;
INTRA-EX;202507;513881387;AC-200-HS;87089997;IT;PT;10;EXW;11;3;;0,5;1;22;;QV999999999999;
INTRA-EX;202507;513881387;50003-MR45XLZ-4;87089997;IT;PT;10;EXW;11;3;;0,3;2;174;;IT03528320785;
INTRA-EX;202507;513881387;BKR7EIX-4;84099100;IT;PT;10;EXW;11;3;;0,3;1;39;;QV999999999999;
INTRA-EX;202507;513881387;RC-HE64;85111000;IT;PT;10;EXW;11;3;;0,6;1;33;;QV999999999999;
INTRA-EX;202507;513881387;PF04;85444290;NL;PT;10;EXW;11;3;;0,2;1;159;;NL866860666B01;
INTRA-EX;202507;513881387;HF-N-00;87089997;NL;PT;10;EXW;11;3;;5,6;1;911;;NL857445832B01;
INTRA-EX;202507;513881387;HB-N-20;87089997;NL;PT;10;EXW;11;3;;6,3;1;810;;NL857445832B01;
INTRA-EX;202507;513881387;HK-FR-00;87089997;NL;PT;10;EXW;11;3;;1,5;1;84;;NL857445832B01;
INTRA-EX;202507;513881387;SP-736;32081090;NL;PT;10;EXW;11;3;;1;3;38;;NL857445832B01;
INTRA-EX;202507;513881387;U5014;84099100;NL;PT;10;EXW;11;3;;0,3;4;86;;NL866860666B01;
INTRA-EX;202507;513881387;U5014;84099100;NL;PT;10;EXW;11;3;;0,3;4;86;;NL866860666B01;
INTRA-EX;202507;513881387;VWR17G7R600;40091100;NL;PT;10;EXW;11;3;;0,2;5;191;;NL866996473B01;
INTRA-EX;202507;513881387;EVE-151-G2-FTR;84213100;NL;PT;10;EXW;11;3;;0,5;1;63;;NL866996473B01;
INTRA-EX;202507;513881387;06F103483E;87089235;NL;PT;10;EXW;11;3;;0,1;2;8;;NL866996473B01;
INTRA-EX;202507;513881387;R7437-9;85111000;NL;PT;10;EXW;11;3;;0,1;4;145;;NL866996473B01;
INTRA-EX;202507;513881387;VWR160001;87089997;NL;PT;10;EXW;11;3;;0,4;1;86;;NL866996473B01;
INTRA-EX;202507;513881387;VWR12G7R600ITINLET;87089997;NL;PT;10;EXW;11;3;;0,4;2;200;;NL866996473B01;
INTRA-EX;202507;513881387;FMTUBL4;87089997;NL;PT;10;EXW;11;3;;0,8;1;107;;NL866996473B01;
INTRA-EX;202507;513881387;CTS-IGN-007;84099100;NL;PT;10;EXW;11;3;;0,3;24;719;;NL866996473B01;
INTRA-EX;202507;513881387;L3P3BF2X;87089997;NL;PT;10;EXW;11;3;;1;1;252;;NL866860666B01;
INTRA-EX;202507;513881387;COMBO-NOV-MQB;84213100;NL;PT;10;EXW;11;3;;5,5;1;437;;QV999999999999;
INTRA-EX;202507;513881387;UR-RL2-2434;87088055;NL;PT;10;EXW;11;3;;3;1;74;;NL862418616B01;
INTRA-EX;202507;513881387;ES-2513708;87089997;NL;PT;10;EXW;11;3;;1,6;1;92;;NL862418616B01;
INTRA-EX;202507;513881387;UR-TW2-2431;87088055;NL;PT;10;EXW;11;3;;3;1;104;;NL862418616B01;
INTRA-EX;202507;513881387;UR-LA4-2433;87088055;NL;PT;10;EXW;11;3;;4,4;1;123;;NL862418616B01;
INTRA-EX;202507;513881387;MS100192-4;84099100;NL;PT;10;EXW;11;3;;1,7;2;361;;NL865367012B01;
INTRA-EX;202507;513881387;FMACST180;87089235;NL;PT;10;EXW;11;3;;0,5;1;119;;QV999999999999;
INTRA-EX;202507;513881387;17U-01-0650-4;87089997;ES;PT;10;EXW;11;3;;0,3;1;354;;ESB76323815;
INTRA-EX;202507;513881387;ARMAFDMSTG-A;84213100;ES;PT;10;EXW;11;3;;3,1;1;530;;ESB76323815;
INTRA-EX;202507;513881387;MMINT-MUS4-15KWBK;87089997;ES;PT;10;EXW;11;3;;12,8;1;771;;ESB76323815;
INTRA-EX;202507;513881387;TS-0203-1081;87089997;ES;PT;10;EXW;11;3;;0,4;1;160;;ESB76323815;
INTRA-EX;202507;513881387;CTS-TR-0055;87089997;ES;PT;10;EXW;11;3;;16;1;2916;;ESB76323815;
INTRA-EX;202507;513881387;FMDV008PA-BLA;87089997;ES;PT;10;EXW;11;3;;0,5;1;119;;ESB76260033;
INTRA-EX;202507;513881387;FMFSITVR-BLK;84814090;ES;PT;10;EXW;11;3;;0,7;2;349;;ESB76260033;
INTRA-EX;202507;513881387;CBK0052;87089235;ES;PT;10;EXW;11;3;;28,7;1;1154;;ESB76260033;
INTRA-EX;202507;513881387;9-655-1025;84133080;ES;PT;10;EXW;11;3;;0,8;2;259;;ESB76260033;
INTRA-EX;202507;513881387;10.127.100K;84132000;ES;PT;10;EXW;11;3;;0,3;2;454;;ESB76260033;
INTRA-EX;202507;513881387;VWR12G7R601FO;84213100;ES;PT;10;EXW;11;3;;0,9;1;112;;ES33558767L;
INTRA-EX;202507;513881387;AC-200-IC;84198998;ES;PT;10;EXW;11;3;;11,9;1;263;;ES44719365M;
INTRA-EX;202507;513881387;SFDP068;1;ES;PT;10;EXW;11;3;;2,4;1;120;;ESB19296938;
INTRA-EX;202507;513881387;AC-MK8-DP;87089235;ES;PT;10;EXW;11;3;;8,3;2;311;;ESB04855516;
INTRA-EX;202507;513881387;ATINTP&C7;87089997;ES;PT;10;EXW;11;3;;12,9;1;473;;ESB19781145;
INTRA-EX;202507;513881387;9-307-1060;84133080;ES;PT;10;EXW;11;3;;0,6;1;122;;ESB19781145;
INTRA-EX;202507;513881387;MS100244-6;85111000;ES;PT;10;EXW;11;3;;2;1;204;;QV999999999999;
INTRA-EX;202507;513881387;IZKR7B-6;85111000;ES;PT;10;EXW;11;3;;0,4;1;58;;QV999999999999;
INTRA-EX;202507;513881387;RBF600;27101999;ES;PT;10;EXW;11;3;;0,6;1;9;;QV999999999999;
INTRA-EX;202507;513881387;AC-200K04-OT;87089997;ES;PT;10;EXW;11;3;;1,4;1;111;;QV999999999999;
INTRA-EX;202507;513881387;SVW0630-4P-BK;87083091;ES;PT;10;EXW;11;3;;0,5;1;77;;QV999999999999;
INTRA-EX;202507;513881387;AC-211-TP;40091100;ES;PT;10;EXW;11;3;;3;1;81;;QV999999999999;
INTRA-EX;202507;513881387;TI-123-BK;40091100;ES;PT;10;EXW;11;3;;2,1;1;77;;QV999999999999;
INTRA-EX;202507;513881387;AC-211-CFA;87089997;ES;PT;10;EXW;11;3;;0,1;1;24;;QV999999999999;
INTRA-EX;202507;513881387;9-354-1025;84133080;ES;PT;10;EXW;11;3;;0,8;1;205;;QV999999999999;
INTRA-EX;202507;513881387;SILZKBR8D8S-6;84099100;ES;PT;10;EXW;11;3;;0,4;1;67;;QV999999999999;
INTRA-EX;202507;513881387;AC-200-IC;84198998;ES;PT;10;EXW;11;3;;11,9;1;394;;QV999999999999;
INTRA-EX;202507;513881387;4B5562H-STD;40091100;ES;PT;10;EXW;11;3;;0,2;1;64;;ESB04855516;
INTRA-EX;202507;513881387;SILFER8C7ES-8;85111000;ES;PT;10;EXW;11;3;;0,5;1;97;;QV999999999999;
INTRA-EX;202507;513881387;SHD0394-6C-EB;87083091;ES;PT;10;EXW;11;3;;0,8;1;195;;QV999999999999;
INTRA-EX;202507;513881387;MMHOSE-MIA-99BK;40091100;ES;PT;10;EXW;11;3;;0,7;1;67;;QV999999999999;
INTRA-EX;202507;513881387;MMTS-MIA-99;90321020;ES;PT;10;EXW;11;3;;0,1;1;47;;QV999999999999;
INTRA-EX;202507;513881387;MMRAD-MIA-99;87089135;ES;PT;10;EXW;11;3;;8,4;1;238;;QV999999999999;
INTRA-EX;202507;513881387;MMRAD-GLF-99;87089135;ES;PT;10;EXW;11;3;;8;1;261;;QV999999999999;
INTRA-EX;202507;513881387;MS100210-4;84099100;ES;PT;10;EXW;11;3;;1,7;1;119;;QV999999999999;
INTRA-EX;202507;513881387;BKR7EIX-4;84099100;ES;PT;10;EXW;11;3;;0,3;1;40;;QV999999999999;
INTRA-EX;202507;513881387;SRN0635-6P-BK;87083091;ES;PT;10;EXW;11;3;;0,5;1;93;;QV999999999999;
INTRA-EX;202507;513881387;TI-123-BK;40091100;ES;PT;10;EXW;11;3;;2,1;1;77;;QV999999999999;
INTRA-EX;202507;513881387;201-5402;87089997;ES;PT;10;EXW;11;3;;1,2;1;243;;ESB96859236;
INTRA-EX;202507;513881387;SRN0635-6P-BK;87083091;ES;PT;10;EXW;11;3;;0,5;1;93;;QV999999999999;
INTRA-EX;202507;513881387;AC-MK7-IND-BK;40091100;ES;PT;10;EXW;11;3;;0,9;1;48;;QV999999999999;
INTRA-EX;202507;513881387;RBF600;27101999;ES;PT;10;EXW;11;3;;0,6;2;19;;QV999999999999;
INTRA-EX;202507;513881387;SSE0426-4P-BK;87083091;ES;PT;10;EXW;11;3;;0,5;1;78;;QV999999999999;
INTRA-EX;202507;513881387;SSE0426-4P-BK;87083091;ES;PT;10;EXW;11;3;;0,5;1;78;;QV999999999999;
INTRA-EX;202507;513881387;52009-AK005;84213100;ES;PT;10;EXW;11;3;;0,4;1;19;;QV999999999999;
INTRA-EX;202507;513881387;SBW1110-4P-BK;87083091;ES;PT;10;EXW;11;3;;0,4;1;77;;QV999999999999;
INTRA-EX;202507;513881387;MMAI-RS-16WBK;87089910;ES;PT;10;EXW;11;3;;7,1;1;398;;QV999999999999;
INTRA-EX;202507;513881387;SMT6052-1C;40093100;ES;PT;10;EXW;11;3;;0,3;1;45;;QV999999999999;
INTRA-EX;202507;513881387;SVW0630-4P-BK;87083091;ES;PT;10;EXW;11;3;;0,5;1;77;;QV999999999999;
INTRA-EX;202507;513881387;9-654-1025;84133080;ES;PT;10;EXW;11;3;;0,8;1;163;;QV999999999999;
INTRA-EX;202507;513881387;MMRAD-CIV-92X;87089135;ES;PT;10;EXW;11;3;;4,2;1;272;;ESB56965627;
INTRA-EX;202507;513881387;MMEXH-MUS8-15XP;87089235;ES;PT;10;EXW;11;3;;8,7;1;259;;ESB70415484;
INTRA-EX;202507;513881387;PP1951;84213100;ES;PT;10;EXW;11;3;;0,7;1;38;;ESB70415484;
INTRA-EX;202507;513881387;MMBCC-MUS8-18PBE;87089997;ES;PT;10;EXW;11;3;;1,5;1;186;;ESB70415484;
INTRA-EX;202507;513881387;WSK-FRD006;87088035;ES;PT;10;EXW;11;3;;16,4;1;181;;ESB70415484;
INTRA-EX;202507;513881387;DILKAR7B11-6;87089997;ES;PT;10;EXW;11;3;;0,4;1;108;;ESB64092695;
INTRA-EX;202507;513881387;AC-Z33-CP-6;84099100;ES;PT;10;EXW;11;3;;1,2;1;104;;ESB64092695;
INTRA-EX;202507;513881387;VWR140014;87089997;ES;PT;10;EXW;11;3;;0,1;2;61;;QV999999999999;
INTRA-EX;202507;513881387;JSK-103;84213100;ES;PT;10;EXW;11;3;;1,3;1;122;;QV999999999999;
INTRA-EX;202507;513881387;ATMSYGR01;87089997;ES;PT;10;EXW;11;3;;1,2;1;184;;ESB09871674;
INTRA-EX;202507;513881387;50003-M45-HL-3;84213100;ES;PT;10;EXW;11;3;;0,3;1;74;;ESB09871674;
INTRA-EX;202507;513881387;AC-WS-NI-15;87088099;ES;PT;10;EXW;11;3;;1,6;1;62;;ESB19406420;
INTRA-EX;202507;513881387;MMTS-EVO-01;90321020;ES;PT;10;EXW;11;3;;0,1;1;45;;QV999999999999;
INTRA-EX;202507;513881387;SFDC091;87089235;ES;PT;10;EXW;11;3;;7;1;331;;QV999999999999;
INTRA-EX;202507;513881387;FMDV33A-ALL;87089997;ES;PT;10;EXW;11;3;;0,7;1;218;;QV999999999999;
INTRA-EX;202507;513881387;7-902;84133080;ES;PT;10;EXW;11;3;;0,7;1;200;;QV999999999999;
INTRA-EX;202507;513881387;MMRC-13-SMCF;84073410;ES;PT;10;EXW;11;3;;0,2;1;23;;QV999999999999;
INTRA-EX;202507;513881387;AC-Z33-CP-6;84099100;ES;PT;10;EXW;11;3;;1,2;1;104;;QV999999999999;
INTRA-EX;202507;513881387;AC-B58-DPHS;87089235;ES;PT;10;EXW;11;3;;3,8;1;254;;ES09214511K;
INTRA-EX;202507;513881387;MS100210-4;84099100;ES;PT;10;EXW;11;3;;1,7;1;119;;QV999999999999;
INTRA-EX;202507;513881387;BKR7EIX-4;84099100;ES;PT;10;EXW;11;3;;0,3;1;40;;QV999999999999;
INTRA-EX;202507;513881387;60FO19;87083091;ES;PT;10;EXW;11;3;;25;1;379;;QV999999999999;
INTRA-EX;202507;513881387;058198025A;87089997;ES;PT;10;EXW;11;3;;0,3;1;8;;QV999999999999;
INTRA-EX;202507;513881387;BKR7EIX-4;84099100;ES;PT;10;EXW;11;3;;0,3;1;40;;QV999999999999;
INTRA-EX;202507;513881387;AC-45-IT;84213100;ES;PT;10;EXW;11;3;;1,5;1;119;;QV999999999999;
INTRA-EX;202507;513881387;JSK-103-80;84213100;ES;PT;10;EXW;11;3;;1,3;1;124;;ESB42771618;
INTRA-EX;202507;513881387;JSK-103;84213100;ES;PT;10;EXW;11;3;;1,3;1;124;;ESB42771618;
INTRA-EX;202507;513881387;613182.654150;87089997;ES;PT;10;EXW;11;3;;0,5;1;62;;ESB42771618;
INTRA-EX;202507;513881387;AC-Z33-CP-6;84099100;ES;PT;10;EXW;11;3;;1,2;1;104;;ESB42771618;
INTRA-EX;202507;513881387;AC-Z33-DP;87089235;ES;PT;10;EXW;11;3;;4,5;1;111;;QV999999999999;
INTRA-EX;202507;513881387;MMIG-VLSTR-19T04;85111000;ES;PT;10;EXW;11;3;;1,7;1;98;;ESB96140132;
INTRA-EX;202507;513881387;ATMSHYU17;87089997;ES;PT;10;EXW;11;3;;1,5;1;129;;ESB96140132;
INTRA-EX;202507;513881387;71008-AK001;84814090;ES;PT;10;EXW;11;3;;1;1;176;;ESB96140132;
INTRA-EX;202507;513881387;SILZKBR8D8S-6;84099100;ES;PT;10;EXW;11;3;;0,4;1;67;;QV999999999999;
INTRA-EX;202507;513881387;CTS-IGN-008;84099100;ES;PT;10;EXW;11;3;;0,3;6;208;;QV999999999999;
INTRA-EX;202507;513881387;IZKR7B-6;85111000;ES;PT;10;EXW;11;3;;0,4;1;58;;QV999999999999;
INTRA-EX;202507;513881387;MS100244-6;85111000;ES;PT;10;EXW;11;3;;2;1;204;;QV999999999999;
INTRA-EX;202507;513881387;ACSP1;84099100;ES;PT;10;EXW;11;3;;0,5;1;22;;QV999999999999;
INTRA-EX;202507;513881387;ILZKAR8H8S-4;85111000;ES;PT;10;EXW;11;3;;0,3;1;71;;QV999999999999;
INTRA-EX;202507;513881387;EVE-GR4-CF-INT;84213100;ES;PT;10;EXW;11;3;;4,9;1;1300;;ESB72435332;
INTRA-EX;202507;513881387;51007-AK553;87089997;ES;PT;10;EXW;11;3;;0,3;2;10;;ESB72435332;
INTRA-EX;202507;513881387;CTS-HW-360;40091100;ES;PT;10;EXW;11;3;;1,4;1;247;;QV999999999999;
INTRA-EX;202507;513881387;SILZKGR8B8S-6;85111000;ES;PT;10;EXW;11;3;;0,4;1;58;;QV999999999999;
INTRA-EX;202507;513881387;FMTIA11-BLACK;87089997;ES;PT;10;EXW;11;3;;2,1;1;210;;QV999999999999;
INTRA-EX;202507;513881387;MS100208-4;84099100;ES;PT;10;EXW;11;3;;1,7;1;119;;QV999999999999;
INTRA-EX;202507;513881387;AC-200-IC;84198998;ES;PT;10;EXW;11;3;;11,9;1;394;;QV999999999999;
INTRA-EX;202507;513881387;JSK-116-BK;84213100;ES;PT;10;EXW;11;3;;2,2;1;196;;QV999999999999;
INTRA-EX;202507;513881387;FMEC4;87089997;ES;PT;10;EXW;11;3;;1,6;1;281;;QV999999999999;
INTRA-EX;202507;513881387;D650-0003-4;84099100;ES;PT;10;EXW;11;3;;1,7;1;113;;QV999999999999;
INTRA-EX;202507;513881387;82494;84099100;ES;PT;10;EXW;11;3;;1,6;1;204;;QV999999999999;
INTRA-EX;202507;513881387;SVWC064;87089235;FR;PT;10;EXW;11;3;;11,7;1;307;;FR43935269613;
INTRA-EX;202507;513881387;AC-200-TP;40091100;FR;PT;10;EXW;11;3;;1,2;1;112;;QV999999999999;
INTRA-EX;202507;513881387;RBF600;27101999;FR;PT;10;EXW;11;3;;0,6;2;19;;QV999999999999;
INTRA-EX;202507;513881387;VWRA10000;87089997;FR;PT;10;EXW;11;3;;0,1;1;8;;QV999999999999;
INTRA-EX;202507;513881387;2Q0121321A;87089997;FR;PT;10;EXW;11;3;;0,2;1;8;;QV999999999999;
INTRA-EX;202507;513881387;BKR7EIX-4;84099100;FR;PT;10;EXW;11;3;;0,3;1;40;;FR78952699296;
INTRA-EX;202507;513881387;SILKGR9A7ES-6;85111000;FR;PT;10;EXW;11;3;;0,3;1;94;;FR78952699296;
INTRA-EX;202507;513881387;VWR900001-4;84099100;FR;PT;10;EXW;11;3;;1,8;1;174;;QV999999999999;
INTRA-EX;202507;513881387;R7437-9-5;85111000;FR;PT;10;EXW;11;3;;0,3;1;213;;QV999999999999;
INTRA-EX;202507;513881387;06E898001-5;84099100;FR;PT;10;EXW;11;3;;1,9;1;127;;QV999999999999;
INTRA-EX;202507;513881387;PKR7A-6;85111000;FR;PT;10;EXW;11;3;;0,4;1;72;;QV999999999999;
INTRA-EX;202507;513881387;SAU0630-4P-BK;87083091;FR;PT;10;EXW;11;3;;0,5;1;77;;FR52953264280;
INTRA-EX;202507;513881387;RPF-1929;84213100;FR;PT;10;EXW;11;3;;0,5;1;64;;QV999999999999;
INTRA-EX;202507;513881387;SVWX060;87089235;FR;PT;10;EXW;11;3;;10,8;1;658;;FR25879288967;
INTRA-EX;202507;513881387;AC-WS-12-BT;87088099;FR;PT;10;EXW;11;3;;2,3;1;46;;QV999999999999;
INTRA-EX;202507;513881387;VWR640015;87089997;FR;PT;10;EXW;11;3;;2,2;1;93;;QV999999999999;
INTRA-EX;202507;513881387;SILZKGR8C8S-6;85111000;FR;PT;10;EXW;11;3;;0,4;1;108;;FR10909309007;
INTRA-EX;202507;513881387;EVE-151-G2-FTR;84213100;FR;PT;10;EXW;11;3;;0,5;2;170;;FR29508371994;
INTRA-EX;202507;513881387;E20-85-003-01-22;73202081;FR;PT;10;EXW;11;3;;9,3;1;125;;QV999999999999;
INTRA-EX;202507;513881387;Z1003101-4;85111000;FR;PT;10;EXW;11;3;;0,4;1;80;;QV999999999999;
INTRA-EX;202507;513881387;SAU0780-4P-RD;87083091;FR;PT;10;EXW;11;3;;0,5;1;77;;QV999999999999;
INTRA-EX;202507;513881387;RBF600;27101999;FR;PT;10;EXW;11;3;;0,6;2;19;;QV999999999999;
INTRA-EX;202507;513881387;SILZKGR8B8S-6;85111000;FR;PT;10;EXW;11;3;;0,4;1;59;;QV999999999999;
INTRA-EX;202507;513881387;SILZKBR8D8S-6;84099100;FR;PT;10;EXW;11;3;;0,4;1;68;;QV999999999999;
INTRA-EX;202507;513881387;DILKAR8R9HS-4;85111000;FR;PT;10;EXW;11;3;;0,3;2;125;;FR24799332481;
INTRA-EX;202507;513881387;RIP-002-RD;40091100;FR;PT;10;EXW;11;3;;0,9;1;70;;QV999999999999;
INTRA-EX;202507;513881387;SVW0630-4P-BK;87083091;FR;PT;10;EXW;11;3;;0,5;1;77;;QV999999999999;
INTRA-EX;202507;513881387;MMIG-VW-1504;85111000;FR;PT;10;EXW;11;3;;1,8;1;113;;QV999999999999;
INTRA-EX;202507;513881387;R-BMW-018-I;84099100;FR;PT;10;EXW;11;3;;3,6;1;693;;FR35504243288;
INTRA-EX;202507;513881387;7M1397H-STD;40091100;FR;PT;10;EXW;11;3;;0,7;2;322;;FR35504243288;
INTRA-EX;202507;513881387;11427953129;84099100;FR;PT;10;EXW;11;3;;0,1;10;52;;FR35504243288;
INTRA-EX;202507;513881387;11127565286;84836080;FR;PT;10;EXW;11;3;;0,4;2;20;;FR35504243288;
INTRA-EX;202507;513881387;6B1584H-STD;40091100;FR;PT;10;EXW;11;3;;0,4;2;269;;FR35504243288;
INTRA-EX;202507;513881387;539-T001;84213100;FR;PT;10;EXW;11;3;;0,8;1;136;;QV999999999999;
INTRA-EX;202507;513881387;503-T109;84213100;FR;PT;10;EXW;11;3;;0,3;1;33;;QV999999999999;
INTRA-EX;202507;513881387;CTS-HS-150;87089997;FR;PT;10;EXW;11;3;;0,6;1;36;;QV999999999999;
INTRA-EX;202507;513881387;SAU0631-4C-BK;87083091;FR;PT;10;EXW;11;3;;0,5;1;105;;QV999999999999;
INTRA-EX;202507;513881387;RBF660;27101999;FR;PT;10;EXW;11;3;;0,6;3;36;;QV999999999999;
INTRA-EX;202507;513881387;BKR8EIX-4;85111000;FR;PT;10;EXW;11;3;;0,3;1;43;;QV999999999999;
INTRA-EX;202507;513881387;AC-VAG-BC;87089997;FR;PT;10;EXW;11;3;;0,2;1;22;;QV999999999999;
INTRA-EX;202507;513881387;AC-VAG-CC;87089997;FR;PT;10;EXW;11;3;;0,3;1;37;;QV999999999999;
INTRA-EX;202507;513881387;CTS-AF-275;84213100;FR;PT;10;EXW;11;3;;0,5;1;49;;QV999999999999;
INTRA-EX;202507;513881387;MMRA-LC-EG-PK;87089997;FR;PT;10;EXW;11;3;;5,5;1;24;;QV999999999999;
INTRA-EX;202507;513881387;AC-MK7-DP;87089235;FR;PT;10;EXW;11;3;;9,2;1;224;;QV999999999999;
INTRA-EX;202507;513881387;CTS-IT-805;40091100;FR;PT;10;EXW;11;3;;2,5;1;219;;QV999999999999;
INTRA-EX;202507;513881387;ASMSHIRTXL-Z;61091000;FR;PT;10;EXW;11;3;;1;1;13;;QV999999999999;
INTRA-EX;202507;513881387;mmai-cla45-14bk;84213100;FR;PT;10;EXW;11;3;;4,1;1;342;;QV999999999999;
INTRA-EX;202507;513881387;AC-S55-IC;84198998;FR;PT;10;EXW;11;3;;7,3;1;449;;QV999999999999;
INTRA-EX;202507;513881387;FMKT135F20;87089997;FR;PT;10;EXW;11;3;;0,7;1;88;;QV999999999999;
INTRA-EX;202507;513881387;EVO9202;84213100;FR;PT;10;EXW;11;3;;5,6;1;356;;QV999999999999;
INTRA-EX;202507;513881387;SILZKGR8B8S-6;85111000;FR;PT;10;EXW;11;3;;0,4;1;59;;QV999999999999;
INTRA-EX;202507;513881387;CTS-IT-938;84213100;FR;PT;10;EXW;11;3;;3,6;1;366;;FR38801951518;
INTRA-EX;202507;513881387;E10-20-049-06-22;87088035;FR;PT;10;EXW;11;3;;12;1;222;;QV999999999999;
INTRA-EX;202507;513881387;FMDVK04D;84814090;FR;PT;10;EXW;11;3;;0,2;1;142;;QV999999999999;
INTRA-EX;202507;513881387;FMKT010-BLA;40093100;FR;PT;10;EXW;11;3;;1,7;1;191;;QV999999999999;
INTRA-EX;202507;513881387;AC-180-EXM;84198998;FR;PT;10;EXW;11;3;;5;1;307;;QV999999999999;
INTRA-EX;202507;513881387;E10-35-020-02-22;73202081;FR;PT;10;EXW;11;3;;8,5;1;146;;FR08889693925;
INTRA-EX;202507;513881387;ATMSP2083;87089997;FR;PT;10;EXW;11;3;;3;1;137;;QV999999999999;
INTRA-EX;202507;513881387;420103485B;70102000;FR;PT;10;EXW;11;3;;0,1;1;23;;QV999999999999;
INTRA-EX;202507;513881387;SBMP075;87089235;FR;PT;10;EXW;11;3;;10;1;202;;QV999999999999;
INTRA-EX;202507;513881387;AC-C7RS-DPHS;87089997;FR;PT;10;EXW;11;3;;8,8;1;419;;FR38801951518;
INTRA-EX;202507;513881387;AC-MK7-INLET;40091100;FR;PT;10;EXW;11;3;;0,3;1;67;;QV999999999999;
INTRA-EX;202507;513881387;PP1895;84213100;FR;PT;10;EXW;11;3;;0,5;1;38;;QV999999999999;
INTRA-EX;202507;513881387;KLC150;87088035;FR;PT;10;EXW;11;3;;1;1;121;;QV999999999999;
INTRA-EX;202507;513881387;SVW0630-4P-BK;87083091;FR;PT;10;EXW;11;3;;0,5;1;77;;QV999999999999;
INTRA-EX;202507;513881387;Z1003100-8;85111000;FR;PT;10;EXW;11;3;;0,5;1;240;;QV999999999999;
INTRA-EX;202507;513881387;PRK-138-OVAL;84213100;FR;PT;10;EXW;11;3;;3;1;216;;QV999999999999;
INTRA-EX;202507;513881387;FMINDK30-RED;84213100;FR;PT;10;EXW;11;3;;5,9;1;233;;QV999999999999;
INTRA-EX;202507;513881387;CI100038-B;40091100;FR;PT;10;EXW;11;3;;1,6;1;305;;FR59794806117;
INTRA-EX;202507;513881387;U5055-6;84099100;FR;PT;10;EXW;11;3;;2,1;1;132;;QV999999999999;
INTRA-EX;202507;513881387;SILZKBR8D8S-6;84099100;FR;PT;10;EXW;11;3;;0,4;1;68;;QV999999999999;
INTRA-EX;202507;513881387;CTS-IT-255R-2;87089135;FR;PT;10;EXW;11;3;;8;1;322;;QV999999999999;
INTRA-EX;202507;513881387;CTS-HW-361;87089997;FR;PT;10;EXW;11;3;;0,5;1;79;;FR55508218096;
INTRA-EX;202507;513881387;CTS-IT-250;84213100;FR;PT;10;EXW;11;3;;6,6;1;322;;QV999999999999;
INTRA-EX;202507;513881387;KLC167A;87088055;FR;PT;10;EXW;11;3;;1,4;1;136;;QV999999999999;
INTRA-EX;202507;513881387;ATMSSUZ4;87089997;FR;PT;10;EXW;11;3;;1;1;166;;FR91830394102;
INTRA-EX;202507;513881387;SILKGR9A7ES-6;85111000;FR;PT;10;EXW;11;3;;0,3;1;94;;QV999999999999;
INTRA-EX;202507;513881387;WHT005185;84133080;FR;PT;10;EXW;11;3;;0,1;1;8;;QV999999999999;
INTRA-EX;202507;513881387;EVO9200;84213100;FR;PT;10;EXW;11;3;;7,5;1;374;;QV999999999999;
INTRA-EX;202507;513881387;SCEXVDM;87089235;FR;PT;10;EXW;11;3;;0,1;1;24;;QV999999999999;
INTRA-EX;202507;513881387;VWR31G70RW;87088035;FR;PT;10;EXW;11;3;;9,1;1;268;;QV999999999999;
INTRA-EX;202507;513881387;FMDVMK7R-ALL;87089997;FR;PT;10;EXW;11;3;;0,6;1;225;;QV999999999999;
INTRA-EX;202507;513881387;SAU0495-4P-BK;87083091;FR;PT;10;EXW;11;3;;0,5;1;78;;QV999999999999;
INTRA-EX;202507;513881387;BF30500;87083091;FR;PT;10;EXW;11;3;;0,5;2;24;;QV999999999999;
INTRA-EX;202507;513881387;FMKCMK7-BLU;40091100;FR;PT;10;EXW;11;3;;2,2;1;383;;QV999999999999;
INTRA-EX;202507;513881387;VWR140014;87089997;FR;PT;10;EXW;11;3;;0,1;1;31;;QV999999999999;
INTRA-EX;202507;513881387;SVW0607-4P-BK;87083091;FR;PT;10;EXW;11;3;;0,5;1;78;;QV999999999999;
INTRA-EX;202507;513881387;06K103495AC;87089997;FR;PT;10;EXW;11;3;;0,6;1;32;;QV999999999999;
INTRA-EX;202507;513881387;R7437-9-4;87089997;FR;PT;10;EXW;11;3;;0,3;1;171;;QV999999999999;
INTRA-EX;202507;513881387;EVE-FLC;87084099;FR;PT;10;EXW;11;3;;0,6;1;28;;QV999999999999;
INTRA-EX;202507;513881387;10.127.203K;84132000;CY;PT;10;EXW;11;3;;0,3;1;227;;CY00781748Y;
INTRA-EX;202507;513881387;UR-TW2-1534;87088055;CY;PT;10;EXW;11;3;;2,1;1;72;;CY00781748Y;
INTRA-EX;202507;513881387;10.127.203T;87089997;CY;PT;10;EXW;11;3;;0,1;1;10;;CY00781748Y;
INTRA-EX;202507;513881387;9-651-1009;84133080;CY;PT;10;EXW;11;3;;0,5;1;103;;CY00781748Y;
INTRA-EX;202507;513881387;UR-TW2-1212;87088055;SI;PT;10;EXW;11;3;;1,7;1;102;;QV999999999999;
INTRA-EX;202507;513881387;D650-0010;84099100;PL;PT;10;EXW;11;3;;0,3;6;151;;PL6972395288;
INTRA-EX;202507;513881387;CTS-IT-255R-2;87089135;PL;PT;10;EXW;11;3;;8;1;284;;PL8141683531;
INTRA-EX;202507;513881387;EVE-G9X-CF-CHG;40091100;PL;PT;10;EXW;11;3;;1;1;521;;PL8141683531;
INTRA-EX;202507;513881387;CTS-HW-540;40091100;PL;PT;10;EXW;11;3;;2;1;219;;PL8141683531;
INTRA-EX;202507;513881387;VWR810002;87089997;PL;PT;10;EXW;11;3;;0,5;2;112;;PL8141683531;
INTRA-EX;202507;513881387;EVE-C7RS6-CF-INT;84213100;PL;PT;10;EXW;11;3;;6;1;1678;;PL8141683531;
INTRA-EX;202507;513881387;EVE-GR4-CF-INT;84213100;PL;PT;10;EXW;11;3;;4,9;2;1950;;PL8141683531;
INTRA-EX;202507;513881387;EVE-GR4-CF-ENG;84213100;PL;PT;10;EXW;11;3;;2,2;2;855;;PL8141683531;
INTRA-EX;202507;513881387;FMHFIP1;87089235;GR;PT;10;EXW;11;3;;3;1;201;;GREL156587530;
INTRA-EX;202507;513881387;CTS-IT-190;87089997;GR;PT;10;EXW;11;3;;6;1;224;;GREL156587530;
INTRA-EX;202507;513881387;CTS-IT-500;40091100;GR;PT;10;EXW;11;3;;1,6;1;127;;GREL156587530;
INTRA-EX;202507;513881387;AC-200-PCVD;87089997;GR;PT;10;EXW;11;3;;0,5;1;32;;GREL137646504;
INTRA-EX;202507;513881387;AC-VAG-ODP;70102000;GR;PT;10;EXW;11;3;;0,2;2;11;;GREL137646504;
INTRA-EX;202507;513881387;10.127.203K;84132000;GR;PT;10;EXW;11;3;;0,3;1;227;;GREL137646504;
INTRA-EX;202507;513881387;AC-200K04-OT;87089997;GR;PT;10;EXW;11;3;;1,4;1;75;;GREL137646504;
INTRA-EX;202507;513881387;AC-MQB-IC;84198998;GR;PT;10;EXW;11;3;;16,3;1;281;;GREL137646504;
INTRA-EX;202507;513881387;SP-201;32081090;GR;PT;10;EXW;11;3;;0,5;1;16;;GREL137646504;
INTRA-EX;202507;513881387;ARMAMZDMX5-A;84213100;GR;PT;10;EXW;11;3;;2,3;1;377;;GREL136030005;
INTRA-EX;202507;513881387;AC-B58-DPHS;87089235;BE;PT;10;EXW;11;3;;3,8;1;173;;BE0800520610;
INTRA-EX;202507;513881387;EVE-GR4-CF-INT;84213100;IT;PT;10;EXW;11;3;;4,9;1;975;;IT16332121009;
INTRA-EX;202507;513881387;MS100192;85111000;IT;PT;10;EXW;11;3;;0,3;4;149;;IT03656931205;
INTRA-EX;202507;513881387;U5014;84099100;NL;PT;10;EXW;11;3;;0,3;4;86;;NL866860666B01;
INTRA-EX;202507;513881387;MS100112;87089997;NL;PT;10;EXW;11;3;;0,3;1;33;;NL866860666B01;
INTRA-EX;202507;513881387;CI100039;40091100;NL;PT;10;EXW;11;3;;2;1;200;;NL866996473B01;
INTRA-EX;202507;513881387;CI100039-B;40091100;NL;PT;10;EXW;11;3;;1,7;1;132;;NL866996473B01;
INTRA-EX;202507;513881387;VWR120010;40091100;NL;PT;10;EXW;11;3;;1,4;1;178;;NL866996473B01;
INTRA-EX;202507;513881387;CTS-IGN-007;84099100;NL;PT;10;EXW;11;3;;0,3;8;239;;NL866996473B01;
INTRA-EX;202507;513881387;SRNPC027;87089235;NL;PT;10;EXW;11;3;;8;1;275;;NL866860666B01;
INTRA-EX;202507;513881387;AC-NC-FU;87088055;NL;PT;10;EXW;11;3;;3;1;58;;NL866860666B01;
INTRA-EX;202507;513881387;AC-MK8-DP;87089235;NL;PT;10;EXW;11;3;;8,3;1;155;;NL866860666B01;
INTRA-EX;202507;513881387;R7437-8;85111000;NL;PT;10;EXW;11;3;;0,1;12;408;;NL866860666B01;
INTRA-EX;202507;513881387;CTS-HW-306;87089997;NL;PT;10;EXW;11;3;;0,9;1;67;;NL866860666B01;
INTRA-EX;202507;513881387;10.127.203K;84132000;NL;PT;10;EXW;11;3;;0,3;2;454;;NL866996473B01;
INTRA-EX;202507;513881387;AC-200-CFA;87089997;NL;PT;10;EXW;11;3;;0,1;3;48;;NL866996473B01;
INTRA-EX;202507;513881387;R7437-9;85111000;NL;PT;10;EXW;11;3;;0,1;4;145;;NL866996473B01;
INTRA-EX;202507;513881387;VWR180000;87089997;NL;PT;10;EXW;11;3;;0,1;2;18;;NL866996473B01;
INTRA-EX;202507;513881387;CTS-IGN-007;84099100;NL;PT;10;EXW;11;3;;0,3;4;119;;NL866996473B01;
INTRA-EX;202507;513881387;D650-0009;84099100;NL;PT;10;EXW;11;3;;0,3;7;176;;NL866996473B01;
INTRA-EX;202507;513881387;VWR900001;85111000;NL;PT;10;EXW;11;3;;0,3;4;122;;NL866996473B01;
INTRA-EX;202507;513881387;D650-0004;84099100;NL;PT;10;EXW;11;3;;0,3;1;23;;NL866996473B01;
INTRA-EX;202507;513881387;9-250;87089997;ES;PT;10;EXW;11;3;;0,8;1;90;;ESB09623463;
INTRA-EX;202507;513881387;9-350;87089997;ES;PT;10;EXW;11;3;;1,2;1;142;;ESB09623463;
INTRA-EX;202507;513881387;MMRT-FIST-14E;87089199;ES;PT;10;EXW;11;3;;3;1;139;;ES38873546G;
INTRA-EX;202507;513881387;MMRAD-E46-323;87089997;ES;PT;10;EXW;11;3;;7,2;1;280;;ESB66283003;
INTRA-EX;202507;513881387;Z1003100;85111000;ES;PT;10;EXW;11;3;;0,1;5;124;;ES44719365M;
INTRA-EX;202507;513881387;AC-MK7-INLET;40091100;ES;PT;10;EXW;11;3;;0,3;1;45;;ES44719365M;
INTRA-EX;202507;513881387;CTS-IT-270R;84213100;ES;PT;10;EXW;11;3;;4,3;1;247;;ES44719365M;
INTRA-EX;202507;513881387;MMRAD-MIA-99;87089135;ES;PT;10;EXW;11;3;;8,4;1;179;;ES18062887K;
INTRA-EX;202507;513881387;SRN0616-4P-RD;87083091;ES;PT;10;EXW;11;3;;0,5;1;51;;ES44719365M;
INTRA-EX;202507;513881387;AC-200-IC;84198998;ES;PT;10;EXW;11;3;;11,9;2;527;;ESB04855516;
INTRA-EX;202507;513881387;AC-MQB-IC;84198998;ES;PT;10;EXW;11;3;;16,3;1;281;;ESB04855516;
INTRA-EX;202507;513881387;MS100208;85111000;ES;PT;10;EXW;11;3;;0,3;4;99;;ES50902109G;
INTRA-EX;202507;513881387;BKR8EIX;85111000;ES;PT;10;EXW;11;3;;0,1;4;36;;ES50902109G;
INTRA-EX;202507;513881387;ATMSYGR04;87089135;ES;PT;10;EXW;11;3;;4,3;1;344;;ES44719365M;
INTRA-EX;202507;513881387;AC-MK7-MD;87089997;ES;PT;10;EXW;11;3;;0,4;1;43;;ESB04886776;
INTRA-EX;202507;513881387;AC-MK7-INLET;40091100;ES;PT;10;EXW;11;3;;0,3;1;45;;ESB04886776;
INTRA-EX;202507;513881387;VWR1200R600E;84213100;ES;PT;10;EXW;11;3;;4,9;1;309;;ESB04886776;
INTRA-EX;202507;513881387;VWR12G7R600ITBLA;84213100;ES;PT;10;EXW;11;3;;0,8;1;76;;ESB04886776;
INTRA-EX;202507;513881387;SVW042;87089235;ES;PT;10;EXW;11;3;;20,4;1;478;;ES18062887K;
INTRA-EX;202507;513881387;VWR12G7R602ITBLA;84213100;ES;PT;10;EXW;11;3;;0,6;1;76;;ESB42954230;
INTRA-EX;202507;513881387;VWR17G8R600;84213100;ES;PT;10;EXW;11;3;;0,2;2;76;;ESB42954230;
INTRA-EX;202507;513881387;VWR12G7R600ITINLET;87089997;ES;PT;10;EXW;11;3;;0,4;5;501;;ESB42954230;
INTRA-EX;202507;513881387;VWR160001;87089997;ES;PT;10;EXW;11;3;;0,4;1;86;;ESB42954230;
INTRA-EX;202507;513881387;VWR12G7R600ITRED;84213100;ES;PT;10;EXW;11;3;;0,8;1;76;;ESB42954230;
INTRA-EX;202507;513881387;VWR19G701;87089997;ES;PT;10;EXW;11;3;;0,2;2;102;;ESB42954230;
INTRA-EX;202507;513881387;VWR19G711;84213100;ES;PT;10;EXW;11;3;;0,3;2;131;;ESB42954230;
INTRA-EX;202507;513881387;VWR180004;87089997;ES;PT;10;EXW;11;3;;0,1;2;53;;ESB42954230;
INTRA-EX;202507;513881387;EVE-GR4-CF-INT;84213100;ES;PT;10;EXW;11;3;;4,9;1;975;;ESB42954230;
INTRA-EX;202507;513881387;VWR90000;85111000;ES;PT;10;EXW;11;3;;0,3;8;244;;ESB42954230;
INTRA-EX;202507;513881387;VWR900001;85111000;ES;PT;10;EXW;11;3;;0,3;8;244;;ESB42954230;
INTRA-EX;202507;513881387;MMRAD-E36-92;87089135;ES;PT;10;EXW;11;3;;6,2;1;200;;ES18062887K;
INTRA-EX;202507;513881387;EVE-M2C-CF-INT;84213100;ES;PT;10;EXW;11;3;;5,2;1;1485;;ESB19781145;
INTRA-EX;202507;513881387;AC-S55-DPHS;87089235;ES;PT;10;EXW;11;3;;5,2;1;260;;ESB19781145;
INTRA-EX;202507;513881387;VWR810000;87089997;FR;PT;10;EXW;11;3;;0,2;1;17;;FR94827543661;
INTRA-EX;202507;513881387;CTS-IT-810;40091100;FR;PT;10;EXW;11;3;;2,5;1;164;;FR94827543661;
INTRA-EX;202507;513881387;KLC163;87088035;FR;PT;10;EXW;11;3;;0,9;1;100;;FR35504243288;
INTRA-EX;202507;513881387;D650-0009;84099100;FR;PT;10;EXW;11;3;;0,3;6;151;;FR35504243288;
INTRA-EX;202507;513881387;SILZKGR8B8S;85111000;FR;PT;10;EXW;11;3;;0,1;18;152;;FR35504243288;
INTRA-EX;202507;513881387;AC-211-HPFP;84132000;FR;PT;10;EXW;11;3;;1,5;1;326;;FR94827543661;
INTRA-EX;202507;513881387;U5333-4;84099100;FR;PT;10;EXW;11;3;;1,6;1;88;;QV999999999999;
INTRA-EX;202507;513881387;EVE-P991T-INT;84213100;PL;PT;10;EXW;11;3;;4,9;1;1678;;PL8141683531;
INTRA-EX;202507;513881387;AC-19D-EDV;87089997;GR;PT;10;EXW;11;3;;0,5;1;24;;GREL163940830;
INTRA-EX;202507;513881387;CTS-IT-260;84213100;GR;PT;10;EXW;11;3;;3,6;1;202;;GREL163940830;
INTRA-EX;202507;513881387;FMFSITAT-POL;87089997;GR;PT;10;EXW;11;3;;0,7;1;175;;GREL163940830;
INTRA-EX;202507;513881387;C9000;87089997;GR;PT;10;EXW;11;3;;1;2;18;;GREL163940830;
INTRA-EX;202507;513881387;UR-RE2-1346;87088055;GR;PT;10;EXW;11;3;;3;1;74;;GREL156587530;
INTRA-EX;202507;513881387;CTS-IT-260;84213100;GR;PT;10;EXW;11;3;;3,6;1;202;;GREL156587530;
INTRA-EX;202507;513881387;VWR12G7R600ITBLA;84213100;GR;PT;10;EXW;11;3;;0,8;1;76;;GREL156587530;
INTRA-EX;202507;513881387;UR-LA4-1233;87088055;GR;PT;10;EXW;11;3;;2,5;1;67;;GREL156587530;
INTRA-EX;202507;513881387;SBMP091;87089997;BE;PT;10;EXW;11;3;;19,5;1;495;;BE0670639687;
INTRA-EX;202507;513881387;VWR13G700-SERV;87089997;BE;PT;10;EXW;11;3;;0,1;2;43;;BE0670639687;
INTRA-EX;202507;513881387;AC-F56-IC;84198998;IT;PT;10;EXW;11;3;;14,1;1;214;;IT12072620011;
INTRA-EX;202507;513881387;AC-BMB-CP;85111000;IT;PT;10;EXW;11;3;;0,6;4;49;;IT12072620011;
INTRA-EX;202507;513881387;EVE-C8BMC-FTR;84213100;IT;PT;10;EXW;11;3;;0,7;1;189;;IT12072620011;
INTRA-EX;202507;513881387;AC-S1-CH-RD;40091100;IT;PT;10;EXW;11;3;;3;1;94;;IT03656931205;
INTRA-EX;202507;513881387;AC-R56-IC;84198998;IT;PT;10;EXW;11;3;;10,5;1;167;;IT02710790060;
INTRA-EX;202507;513881387;SMNX011;87089235;IT;PT;10;EXW;11;3;;3,6;1;323;;IT02710790060;
INTRA-EX;202507;513881387;CI100052-A;84213100;NL;PT;10;EXW;11;3;;1,7;1;83;;NL866996473B01;
INTRA-EX;202507;513881387;VWR12G7R600ITINLET;87089997;NL;PT;10;EXW;11;3;;0,4;2;200;;NL866996473B01;
INTRA-EX;202507;513881387;VWR810002;87089997;NL;PT;10;EXW;11;3;;0,5;2;112;;NL866996473B01;
INTRA-EX;202507;513881387;SILZKFR8F7S;85111000;NL;PT;10;EXW;11;3;;0,1;12;98;;NL866996473B01;
INTRA-EX;202507;513881387;LTR7IX-11;85111000;NL;PT;10;EXW;11;3;;0,2;3;22;;NL866996473B01;
INTRA-EX;202507;513881387;AC-211-CFA;87089997;NL;PT;10;EXW;11;3;;0,1;1;16;;NL866996473B01;
INTRA-EX;202507;513881387;VWR800001;58109210;NL;PT;10;EXW;11;3;;0,1;1;7;;NL866996473B01;
INTRA-EX;202507;513881387;VWR810002;87089997;ES;PT;10;EXW;11;3;;0,5;1;80;;ES45771669J;
INTRA-EX;202507;513881387;SVW0630-4P-BK;87083091;ES;PT;10;EXW;11;3;;0,5;1;77;;ES45771669J;
INTRA-EX;202507;513881387;1CCVW08F041-;84213100;ES;PT;10;EXW;11;3;;1,5;1;207;;ES45771669J;
INTRA-EX;202507;513881387;VWR19G707;84213100;ES;PT;10;EXW;11;3;;0,1;1;81;;ES45771669J;
INTRA-EX;202507;513881387;Z1003100-4;85111000;ES;PT;10;EXW;11;3;;0,4;1;120;;ES45771669J;
INTRA-EX;202507;513881387;AC-MK8-DPHS;87089235;ES;PT;10;EXW;11;3;;8,3;1;307;;ES45771669J;
INTRA-EX;202507;513881387;MS100192;85111000;ES;PT;10;EXW;11;3;;0,3;4;149;;ES33558767L;
INTRA-EX;202507;513881387;VWR1200R601E;84213100;ES;PT;10;EXW;11;3;;4,9;1;338;;ES33558767L;
INTRA-EX;202507;513881387;Z1003100;85111000;ES;PT;10;EXW;11;3;;0,1;4;99;;ES33558767L;
INTRA-EX;202507;513881387;MS100192;85111000;ES;PT;10;EXW;11;3;;0,3;4;149;;ESB65945743;
INTRA-EX;202507;513881387;R7437-9;85111000;ES;PT;10;EXW;11;3;;0,1;8;290;;ESB65945743;
INTRA-EX;202507;513881387;10.127.203K;84132000;ES;PT;10;EXW;11;3;;0,3;1;227;;ESB65945743;
INTRA-EX;202507;513881387;MS100247;85111000;ES;PT;10;EXW;11;3;;0,4;4;149;;ESB65945743;
INTRA-EX;202507;513881387;06D115562;84099100;ES;PT;10;EXW;11;3;;0,2;1;3;;ESB65945743;
INTRA-EX;202507;513881387;03K906051;90269000;ES;PT;10;EXW;11;3;;0,1;1;13;;ESB65945743;
INTRA-EX;202507;513881387;AC-MK5-FU-BL;87088055;ES;PT;10;EXW;11;3;;4,4;1;59;;ESB19781145;
INTRA-EX;202507;513881387;SILZKGR8B8S;85111000;ES;PT;10;EXW;11;3;;0,1;6;50;;ES29524079Z;
INTRA-EX;202507;513881387;R7438-9;85111000;ES;PT;10;EXW;11;3;;0,1;4;138;;ES29524079Z;
INTRA-EX;202507;513881387;Z1003101;85111000;ES;PT;10;EXW;11;3;;0,1;4;66;;ES29524079Z;
INTRA-EX;202507;513881387;MS100247;85111000;ES;PT;10;EXW;11;3;;0,4;3;112;;ES29524079Z;
INTRA-EX;202507;513881387;SAUX089;87089235;FR;PT;10;EXW;11;3;;11;1;824;;FR71791829385;
INTRA-EX;202507;513881387;EVE-FK8-CF-INT;84213100;FR;PT;10;EXW;11;3;;5;1;1035;;FR80888340023;
INTRA-EX;202507;513881387;WA302R+L;87088055;CY;PT;10;EXW;11;3;;5,5;1;192;;QV999999999999;
INTRA-EX;202507;513881387;PF04;85444290;DE;PT;10;EXW;11;3;;0,2;6;956;;DE181881308;
INTRA-EX;202507;513881387;10.127.100K;84132000;DE;PT;10;EXW;11;3;;0,3;1;227;;DE181881308;
INTRA-EX;202507;513881387;10.127.203K;84132000;DE;PT;10;EXW;11;3;;0,3;1;227;;DE181881308;
INTRA-EX;202507;513881387;VWR12G7R602;84213100;DE;PT;10;EXW;11;3;;4,5;2;676;;DE181881308;
INTRA-EX;202507;513881387;VWR13G700;84099100;GR;PT;10;EXW;11;3;;3;1;468;;GREL156587530;
INTRA-EX;202507;513881387;CTS-HW-049;87089997;IT;PT;10;EXW;11;3;;0,3;3;67;;IT12034500012;
INTRA-EX;202507;513881387;SFDP089;87089997;IT;PT;10;EXW;11;3;;8,2;1;168;;IT12034500012;
INTRA-EX;202507;513881387;IKR9J8;85111000;IT;PT;10;EXW;11;3;;0,4;4;38;;IT12072620011;
INTRA-EX;202507;513881387;AC-VAG-CC;87089997;IT;PT;10;EXW;11;3;;0,3;1;29;;IT03002640732;
INTRA-EX;202507;513881387;AC-VAG-BC;87089997;IT;PT;10;EXW;11;3;;0,2;1;22;;IT03002640732;
INTRA-EX;202507;513881387;VWR31G8GT;87089997;IT;PT;10;EXW;11;3;;8,5;1;161;;IT03002640732;
INTRA-EX;202507;513881387;VWR900001;85111000;IT;PT;10;EXW;11;3;;0,3;4;122;;IT03002640732;
INTRA-EX;202507;513881387;UR-TW2-1796;87088055;IT;PT;10;EXW;11;3;;3;1;60;;IT12072620011;
INTRA-EX;202507;513881387;UR-TW2-3047;87088055;IT;PT;10;EXW;11;3;;3;1;75;;IT12072620011;
INTRA-EX;202507;513881387;EVE-2TFSI-CF-INT;84213100;IT;PT;10;EXW;11;3;;3,1;1;663;;IT02710790060;
INTRA-EX;202507;513881387;MS100204;85111000;NL;PT;10;EXW;11;3;;0,3;6;224;;NL866860666B01;
INTRA-EX;202507;513881387;AC-MK7-MD;87089997;NL;PT;10;EXW;11;3;;0,4;1;43;;NL866860666B01;
INTRA-EX;202507;513881387;BKR7EIX;85111000;NL;PT;10;EXW;11;3;;0,1;24;206;;NL866860666B01;
INTRA-EX;202507;513881387;MMODP-1415B;87089997;NL;PT;10;EXW;11;3;;0,1;1;11;;NL866860666B01;
INTRA-EX;202507;513881387;AC-6C-DP;87089235;NL;PT;10;EXW;11;3;;6,3;1;149;;NL866860666B01;
INTRA-EX;202507;513881387;R7437-8;85111000;NL;PT;10;EXW;11;3;;0,1;4;136;;NL866860666B01;
INTRA-EX;202507;513881387;CTS-IGN-007;84099100;NL;PT;10;EXW;11;3;;0,3;4;119;;NL866860666B01;
INTRA-EX;202507;513881387;CTS-IT-020;84213100;NL;PT;10;EXW;11;3;;3,1;1;127;;NL866860666B01;
INTRA-EX;202507;513881387;Z1003100;85111000;NL;PT;10;EXW;11;3;;0,1;8;199;;NL866860666B01;
INTRA-EX;202507;513881387;CTS-IGN-007;84099100;NL;PT;10;EXW;11;3;;0,3;4;119;;NL866860666B01;
INTRA-EX;202507;513881387;U5014;84099100;NL;PT;10;EXW;11;3;;0,3;4;86;;NL866860666B01;
INTRA-EX;202507;513881387;BKR7EIX;85111000;NL;PT;10;EXW;11;3;;0,1;4;34;;NL866860666B01;
INTRA-EX;202507;513881387;MMRAD-MIA-99;87089135;NL;PT;10;EXW;11;3;;8,4;1;179;;NL866860666B01;
INTRA-EX;202507;513881387;CI100053;84213100;NL;PT;10;EXW;11;3;;4,2;1;250;;NL866860666B01;
INTRA-EX;202507;513881387;AC-MK8-DPHS;87089235;NL;PT;10;EXW;11;3;;8,3;1;209;;NL866860666B01;
INTRA-EX;202507;513881387;CTS-IT-300R;84213100;NL;PT;10;EXW;11;3;;4,1;1;247;;NL866860666B01;
INTRA-EX;202507;513881387;D650-0004-6;84099100;ES;PT;10;EXW;11;3;;2,4;1;170;;ES42205402B;
INTRA-EX;202507;513881387;D401-0042;84099100;ES;PT;10;EXW;11;3;;0,9;1;53;;ES41572866k;
INTRA-EX;202507;513881387;AC-S55-CC;87089997;ES;PT;10;EXW;11;3;;1;1;47;;ES41572866k;
INTRA-EX;202507;513881387;D650-0003;84099100;ES;PT;10;EXW;11;3;;0,3;6;139;;ES41572866k;
INTRA-EX;202507;513881387;AC-6LD-IC;87089199;ES;PT;10;EXW;11;3;;12;1;317;;ES44719365M;
INTRA-EX;202507;513881387;VWR900001;85111000;ES;PT;10;EXW;11;3;;0,3;2;61;;ES44719365M;
INTRA-EX;202507;513881387;VWR90000;85111000;ES;PT;10;EXW;11;3;;0,3;2;61;;ES44719365M;
INTRA-EX;202507;513881387;Z1003101;85111000;ES;PT;10;EXW;11;3;;0,1;4;66;;ESB42771618;
INTRA-EX;202507;513881387;AC-S55-DP;87089235;ES;PT;10;EXW;11;3;;5,2;1;203;;ESB42771618;
INTRA-EX;202507;513881387;ILZKBR7B8G;85111000;ES;PT;10;EXW;11;3;;0,1;4;34;;ESB42771618;
INTRA-EX;202507;513881387;AC-300-CP;84099100;ES;PT;10;EXW;11;3;;0,3;4;47;;ESB42771618;
INTRA-EX;202507;513881387;AC-NC-FU;87088055;ES;PT;10;EXW;11;3;;3;1;58;;ES18062887K;
INTRA-EX;202507;513881387;VWR12G7R600ITBLA;84213100;ES;PT;10;EXW;11;3;;0,8;1;76;;ES18062887K;
INTRA-EX;202507;513881387;216BFWAWTSM;90262020;ES;PT;10;EXW;11;3;;0,3;1;29;;ESB42954230;
INTRA-EX;202507;513881387;AC-MK7-INLET;40091100;ES;PT;10;EXW;11;3;;0,3;3;136;;ESB42954230;
INTRA-EX;202507;513881387;VWR12G7R600ITBLU;84213100;ES;PT;10;EXW;11;3;;0,8;1;76;;ESB42954230;
INTRA-EX;202507;513881387;VWR12G7R600ITBLA;84213100;ES;PT;10;EXW;11;3;;0,8;2;152;;ESB42954230;
INTRA-EX;202507;513881387;MS100204;85111000;ES;PT;10;EXW;11;3;;0,3;8;298;;ESB42954230;
INTRA-EX;202507;513881387;MS100192;85111000;ES;PT;10;EXW;11;3;;0,3;21;784;;ESB42954230;
INTRA-EX;202507;513881387;AC-MK5-FU-RD;87088055;ES;PT;10;EXW;11;3;;4,4;1;59;;ES50902109G;
INTRA-EX;202507;513881387;AC-MK45-RU-RD;87088055;ES;PT;10;EXW;11;3;;3;1;53;;ES50902109G;
INTRA-EX;202507;513881387;ILFR7H;85111000;ES;PT;10;EXW;11;3;;0,2;16;183;;ES72815006L;
INTRA-EX;202507;513881387;PFR7B;85111000;ES;PT;10;EXW;11;3;;0,2;4;40;;ES72815006L;
INTRA-EX;202507;513881387;AC-200-CP;84099100;ES;PT;10;EXW;11;3;;0,3;4;54;;ESB19781145;
INTRA-EX;202507;513881387;ATRADBMW1;87089135;ES;PT;10;EXW;11;3;;6,5;1;585;;ESB19781145;
INTRA-EX;202507;513881387;MS100192;85111000;ES;PT;10;EXW;11;3;;0,3;4;149;;ES50902109G;
INTRA-EX;202507;513881387;SVW0621-4P-BK;87083091;ES;PT;10;EXW;11;3;;0,5;1;51;;ES50902109G;
INTRA-EX;202507;513881387;BKR8EIX;85111000;ES;PT;10;EXW;11;3;;0,1;4;36;;ES50902109G;
INTRA-EX;202507;513881387;VWR1200R601E;84213100;ES;PT;10;EXW;11;3;;4,9;1;338;;ES50902109G;
INTRA-EX;202507;513881387;VWR12G7R600ITBLA;84213100;ES;PT;10;EXW;11;3;;0,8;1;76;;ES50902109G;
INTRA-EX;202507;513881387;SVW1070-4P-BK;87083091;ES;PT;10;EXW;11;3;;0,5;1;51;;ES50902109G;
INTRA-EX;202507;513881387;MMRAD-E46-323;87089997;ES;PT;10;EXW;11;3;;7,2;1;280;;ESB01715598;
INTRA-EX;202507;513881387;EVE-GR4-CF-INT;84213100;FR;PT;10;EXW;11;3;;4,9;1;975;;FR26750353237;
INTRA-EX;202507;513881387;SBMP086;87089235;FR;PT;10;EXW;11;3;;11,8;1;275;;FR43935269613;
INTRA-EX;202507;513881387;CTS-IGN-008;84099100;FR;PT;10;EXW;11;3;;0,3;12;359;;FR35504243288;
INTRA-EX;202507;513881387;MMRAD-E90-07A;87089135;FR;PT;10;EXW;11;3;;6,4;1;351;;FR35504243288;
INTRA-EX;202507;513881387;AC-B58-TP;40091100;FR;PT;10;EXW;11;3;;1,7;1;107;;FR35504243288;
INTRA-EX;202507;513881387;CTS-IT-341;40091100;FR;PT;10;EXW;11;3;;1,4;1;164;;FR35504243288;
INTRA-EX;202507;513881387;AC-MK7-CP-4;84099100;FR;PT;10;EXW;11;3;;1;1;112;;QV999999999999;
INTRA-EX;202507;513881387;CTS-IT-300R;84213100;SK;PT;10;EXW;11;3;;4,1;1;247;;SK2120270581;
INTRA-EX;202507;513881387;CI100052-A;84213100;HU;PT;10;EXW;11;3;;1,7;1;83;;HU25464285;
INTRA-EX;202507;513881387;CI100053;84213100;HU;PT;10;EXW;11;3;;4,2;1;250;;HU25464285;
INTRA-EX;202507;513881387;FMTUBL1;87089997;HU;PT;10;EXW;11;3;;0,3;1;53;;HU25464285;
INTRA-EX;202507;513881387;Z1003100;85111000;HU;PT;10;EXW;11;3;;0,1;24;597;;HU25464285;
INTRA-EX;202507;513881387;BHR87Z;87088055;PL;PT;10;EXW;11;3;;7,5;1;197;;PL8141683531;
INTRA-EX;202507;513881387;BHF78Z;87088055;PL;PT;10;EXW;11;3;;6,6;1;129;;PL8141683531;
INTRA-EX;202507;513881387;MMAI-G80-21;84213100;PL;PT;10;EXW;11;3;;7,8;1;529;;PL6972395288;
INTRA-EX;202507;513881387;10.127.101K;84133080;GR;PT;10;EXW;11;3;;0,3;1;227;;GREL163940830;
INTRA-EX;202507;513881387;AC-MK7-TO;87089997;GR;PT;10;EXW;11;3;;2,1;1;59;;GREL163940830;
INTRA-EX;202507;513881387;AC-MK7-TI;40091100;GR;PT;10;EXW;11;3;;1,3;1;87;;GREL163940830;
INTRA-EX;202507;513881387;CTS-HW-540;40091100;GR;PT;10;EXW;11;3;;2;1;219;;GR802913609;
INTRA-EX;202507;513881387;BH-342;842131000;GR;PT;10;EXW;11;3;;2,5;1;196;;GR802913609;
INTRA-EX;202507;513881387;HMP-951;842131000;GR;PT;10;EXW;11;3;;0,4;1;122;;GR802913609;
INTRA-EX;202507;513881387;MMTS-GLF-15;90321020;GR;PT;10;EXW;11;3;;0,2;1;37;;GR802913609;
INTRA-EX;202507;513881387;PM100332;87089997;GR;PT;10;EXW;11;3;;0,2;1;22;;GR802913609;
INTRA-EX;202507;513881387;PX1738;84213100;GR;PT;10;EXW;11;3;;1,5;1;24;;GREL136030005;
INTRA-EX;202507;513881387;VWR120010;40091100;GR;PT;10;EXW;11;3;;1,4;2;357;;GREL163940830;
INTRA-EX;202507;513881387;AC-MK7-IT;84198998;GR;PT;10;EXW;11;3;;4,3;1;144;;GREL163940830;
INTRA-EX;202507;513881387;AC-MK7-INLET;40091100;GR;PT;10;EXW;11;3;;0,3;1;45;;GREL163940830;
INTRA-EX;202507;513881387;ATINTREN8;87089997;IT;PT;10;EXW;11;3;;12,2;1;491;;IT02710790060;
INTRA-EX;202507;513881387;FMINDK31;84213100;IT;PT;10;EXW;11;3;;3,5;1;216;;IT02710790060;
INTRA-EX;202507;513881387;MMIG-CIV-92;85111000;IT;PT;10;EXW;11;3;;0,6;1;12;;IT12072620011;
INTRA-EX;202507;513881387;AC-200-CP;84099100;IT;PT;10;EXW;11;3;;0,3;4;54;;IT12072620011;
INTRA-EX;202507;513881387;AC-200-CP;84099100;IT;PT;10;EXW;11;3;;0,3;4;54;;IT12072620011;
INTRA-EX;202507;513881387;SILZKGR8C8S;85111000;NL;PT;10;EXW;11;3;;0,1;19;295;;NL866996473B01;
INTRA-EX;202507;513881387;VWR90000;85111000;NL;PT;10;EXW;11;3;;0,3;4;122;;NL866996473B01;
INTRA-EX;202507;513881387;VWR180004;87089997;NL;PT;10;EXW;11;3;;0,1;2;53;;NL866996473B01;
INTRA-EX;202507;513881387;VWR17G7R600;40091100;NL;PT;10;EXW;11;3;;0,2;3;114;;NL866996473B01;
INTRA-EX;202507;513881387;VWR12G7R600ITBLA;84213100;NL;PT;10;EXW;11;3;;0,8;1;76;;NL866996473B01;
INTRA-EX;202507;513881387;VWR12G7R600ITINLET;87089997;NL;PT;10;EXW;11;3;;0,4;1;100;;NL866996473B01;
INTRA-EX;202507;513881387;CTS-IGN-007;84099100;NL;PT;10;EXW;11;3;;0,3;4;119;;NL866996473B01;
INTRA-EX;202507;513881387;FMTUBL1;87089997;NL;PT;10;EXW;11;3;;0,3;1;53;;NL866996473B01;
INTRA-EX;202507;513881387;CI100054;40091100;NL;PT;10;EXW;11;3;;4,3;1;187;;NL866860666B01;
INTRA-EX;202507;513881387;R7437-9;85111000;NL;PT;10;EXW;11;3;;0,1;8;290;;NL866860666B01;
INTRA-EX;202507;513881387;MS100219;85111000;NL;PT;10;EXW;11;3;;0,3;8;332;;NL866860666B01;
INTRA-EX;202507;513881387;EVE-151-G2-FTR;84213100;NL;PT;10;EXW;11;3;;0,5;2;127;;NL866996473B01;
INTRA-EX;202507;513881387;EVE-661-G2-FTR;84213100;NL;PT;10;EXW;11;3;;0,6;1;63;;NL866996473B01;
INTRA-EX;202507;513881387;R7437-8;85111000;NL;PT;10;EXW;11;3;;0,1;4;136;;NL866996473B01;
INTRA-EX;202507;513881387;VWR160001;87089997;NL;PT;10;EXW;11;3;;0,4;2;171;;NL866996473B01;
INTRA-EX;202507;513881387;CTS-IGN-007;84099100;NL;PT;10;EXW;11;3;;0,3;8;239;;NL866996473B01;
INTRA-EX;202507;513881387;VWR120010;40091100;NL;PT;10;EXW;11;3;;1,4;1;178;;NL866996473B01;
INTRA-EX;202507;513881387;SILZKGR8C8S;85111000;NL;PT;10;EXW;11;3;;0,1;5;77;;NL866996473B01;
INTRA-EX;202507;513881387;FMDV008PA-BLA;87089997;ES;PT;10;EXW;11;3;;0,5;1;119;;ES78832668F;
INTRA-EX;202507;513881387;216EVOBO;90262020;ES;PT;10;EXW;11;3;;0,3;1;49;;ES78832668F;
INTRA-EX;202507;513881387;R7438-9;85111000;ES;PT;10;EXW;11;3;;0,1;4;138;;ES78832668F;
INTRA-EX;202507;513881387;FMDV008PA-ALL;87089997;ES;PT;10;EXW;11;3;;0,5;1;119;;ES78832668F;
INTRA-EX;202507;513881387;216BFWAEBOSM;90262020;ES;PT;10;EXW;11;3;;0,3;2;75;;ES78832668F;
INTRA-EX;202507;513881387;AC-8V5RS-DPHS;87089235;ES;PT;10;EXW;11;3;;13,1;1;375;;ES50902109G;
INTRA-EX;202507;513881387;MS100192;85111000;ES;PT;10;EXW;11;3;;0,3;4;149;;ES50902109G;
INTRA-EX;202507;513881387;EVE-2TFSI-CF-INT;84213100;ES;PT;10;EXW;11;3;;3,1;1;663;;ES50902109G;
INTRA-EX;202507;513881387;VWR12G7R600ITINLET;87089997;ES;PT;10;EXW;11;3;;0,4;1;100;;ES50902109G;
INTRA-EX;202507;513881387;VWR12G7R600ITBLA;84213100;ES;PT;10;EXW;11;3;;0,8;1;76;;ES50902109G;
INTRA-EX;202507;513881387;L3P3HC10;87089997;ES;PT;10;EXW;11;3;;0,3;1;252;;ES78982207T;
INTRA-EX;202507;513881387;VWR12G60D;84213100;ES;PT;10;EXW;11;3;;1,9;1;237;;ESB42954230;
INTRA-EX;202507;513881387;VWR630003;87089997;ES;PT;10;EXW;11;3;;2,3;1;114;;ESB42954230;
INTRA-EX;202507;513881387;VWR180001;84212300;ES;PT;10;EXW;11;3;;0,2;1;38;;ESB42954230;
INTRA-EX;202507;513881387;VWR13G700-SERV;87089997;ES;PT;10;EXW;11;3;;0,1;1;21;;ESB42954230;
INTRA-EX;202507;513881387;MS100192;85111000;ES;PT;10;EXW;11;3;;0,3;5;186;;ESB42954230;
INTRA-EX;202507;513881387;MS100208;85111000;ES;PT;10;EXW;11;3;;0,3;8;199;;ESB42954230;
INTRA-EX;202507;513881387;SAUX093;87089235;ES;PT;10;EXW;11;3;;11,3;1;548;;ESB67497925;
INTRA-EX;202507;513881387;CTS-IT-105R;84213100;ES;PT;10;EXW;11;3;;4,6;1;224;;ESB67497925;
INTRA-EX;202507;513881387;SSE0630-4P-BK;87083091;ES;PT;10;EXW;11;3;;0,5;1;63;;ESB67497925;
INTRA-EX;202507;513881387;AC-MK8R-DPHS;87089235;ES;PT;10;EXW;11;3;;10,2;1;257;;ESB19781145;
INTRA-EX;202507;513881387;AC-MK7-DP;87089235;ES;PT;10;EXW;11;3;;9,2;1;155;;ESB19781145;
INTRA-EX;202507;513881387;D650-0002;84099100;ES;PT;10;EXW;11;3;;0,3;6;139;;ESB19781145;
INTRA-EX;202507;513881387;CI100039;40091100;ES;PT;10;EXW;11;3;;2;1;200;;ESB04855516;
INTRA-EX;202507;513881387;E90-30-013-01-22;73202081;GR;PT;10;EXW;11;3;;22,8;1;571;;GR802913609;
INTRA-EX;202507;513881387;E90-30-013-01-22;73202081;GR;PT;10;EXW;11;3;;22,8;1;571;;GR802913609;
INTRA-EX;202507;513881387;AC-200-DP;87089235;GR;PT;10;EXW;11;3;;10;1;131;;GREL137646504;
INTRA-EX;202507;513881387;SP-201;32081090;GR;PT;10;EXW;11;3;;0,5;5;81;;GREL137646504;
INTRA-EX;202507;513881387;MMTS-E90-07;87089997;BE;PT;10;EXW;11;3;;0,1;1;46;;BE0789537438;
INTRA-EX;202507;513881387;EVE-TRB8V8S-LHD-NIL;85111000;BE;PT;10;EXW;11;3;;1,7;1;428;;BE0789537438;
INTRA-EX;202507;513881387;EVE-TRB8V8S-FLG-TTE;85111000;BE;PT;10;EXW;11;3;;0,2;1;35;;BE0789537438;
INTRA-EX;202507;513881387;EVE-F9XM5M8-CF-INT;84213100;BE;PT;10;EXW;11;3;;5,3;1;1571;;BE0740963105;
INTRA-EX;202507;513881387;EVE-F9XM5M8-CHG;84212300;BE;PT;10;EXW;11;3;;1,2;1;472;;BE0740963105;
INTRA-EX;202507;513881387;BKR8EIX;85111000;BE;PT;10;EXW;11;3;;0,1;22;200;;BE0740963105;
INTRA-EX;202507;513881387;VWR1200R601E;84213100;IT;PT;10;EXW;11;3;;4,9;1;338;;IT04227541200;
INTRA-EX;202507;513881387;VWR17G7R600;40091100;IT;PT;10;EXW;11;3;;0,2;1;38;;IT04227541200;
INTRA-EX;202507;513881387;AC-MK7-MD;87089997;IT;PT;10;EXW;11;3;;0,4;1;43;;IT04227541200;
INTRA-EX;202507;513881387;AC-MK7-INLET;40091100;IT;PT;10;EXW;11;3;;0,3;1;45;;IT04227541200;
INTRA-EX;202507;513881387;CTS-SIL-0070;40091100;IT;PT;10;EXW;11;3;;0,7;1;52;;IT04227541200;
INTRA-EX;202507;513881387;SBW0261-4P-EB;87083091;IT;PT;10;EXW;11;3;;0,5;1;63;;IT02710790060;
INTRA-EX;202507;513881387;AC-N55-TP;40091100;IT;PT;10;EXW;11;3;;1,7;1;107;;IT02710790060;
INTRA-EX;202507;513881387;MS100208;85111000;NL;PT;10;EXW;11;3;;0,3;4;99;;NL866860666B01;
INTRA-EX;202507;513881387;CTS-IT-341;40091100;NL;PT;10;EXW;11;3;;1,4;1;164;;NL866860666B01;
INTRA-EX;202507;513881387;AC-MK7-MD;87089997;NL;PT;10;EXW;11;3;;0,4;1;43;;NL866860666B01;
INTRA-EX;202507;513881387;CI100054;40091100;NL;PT;10;EXW;11;3;;4,3;1;187;;NL866860666B01;
INTRA-EX;202507;513881387;BKR7EIX;85111000;NL;PT;10;EXW;11;3;;0,1;4;34;;NL866860666B01;
INTRA-EX;202507;513881387;CTS-IGN-008;84099100;NL;PT;10;EXW;11;3;;0,3;1;29;;NL866860666B01;
INTRA-EX;202507;513881387;SAUC089;87089235;NL;PT;10;EXW;11;3;;10;1;566;;NL866860666B01;
INTRA-EX;202507;513881387;ATMSBMW7;87089997;NL;PT;10;EXW;11;3;;2,5;1;258;;NL866860666B01;
INTRA-EX;202507;513881387;VWR90000;85111000;NL;PT;10;EXW;11;3;;0,3;1;30;;NL866860666B01;
INTRA-EX;202507;513881387;9-301-0847;84133080;ES;PT;10;EXW;11;3;;0,6;1;109;;ESB66283003;
INTRA-EX;202507;513881387;MMRAD-EVO-01;87089135;ES;PT;10;EXW;11;3;;7,8;1;208;;ESB66283003;
INTRA-EX;202507;513881387;ATMSYGR24;87089997;ES;PT;10;EXW;11;3;;2,3;1;112;;ESB88553946;
INTRA-EX;202507;513881387;VWR19G702;70102000;ES;PT;10;EXW;11;3;;0,1;1;49;;ES50902109G;
INTRA-EX;202507;513881387;EVE-GR4-CF-INT;84213100;ES;PT;10;EXW;11;3;;4,9;1;975;;ES33558767L;
INTRA-EX;202507;513881387;MS100208;85111000;ES;PT;10;EXW;11;3;;0,3;20;498;;ESB04855516;
INTRA-EX;202507;513881387;AC-MK7-MD;87089997;ES;PT;10;EXW;11;3;;0,4;1;43;;ESB88553946;
INTRA-EX;202507;513881387;MS100208;85111000;ES;PT;10;EXW;11;3;;0,3;4;99;;ES50902109G;
INTRA-EX;202507;513881387;BKR8EIX;85111000;ES;PT;10;EXW;11;3;;0,1;4;36;;ES50902109G;
INTRA-EX;202507;513881387;VWR12G7R600ITRED;84213100;ES;PT;10;EXW;11;3;;0,8;1;76;;ES18062887K;
INTRA-EX;202507;513881387;VWR31G7GT;87088035;ES;PT;10;EXW;11;3;;8,5;1;161;;ES50902109G;
INTRA-EX;202507;513881387;SAU0437-4P-BK;87083091;ES;PT;10;EXW;11;3;;0,5;1;63;;ES50902109G;
INTRA-EX;202507;513881387;FMINT32;87089997;ES;PT;10;EXW;11;3;;16,7;1;562;;ES50902109G;
INTRA-EX;202507;513881387;AC-200-IC;84198998;ES;PT;10;EXW;11;3;;11,9;1;263;;ES18062887K;
INTRA-EX;202507;513881387;EVE-E46-INT;84213100;ES;PT;10;EXW;11;3;;3,5;1;696;;ESB01715598;
INTRA-EX;202507;513881387;AC-200-IC;84198998;FR;PT;10;EXW;11;3;;11,9;1;263;;FR82530667591;
INTRA-EX;202507;513881387;MS100192;85111000;FR;PT;10;EXW;11;3;;0,3;4;149;;FR46821372117;
INTRA-EX;202507;513881387;FMBM335DV1-BLA-BLA;84814090;FR;PT;10;EXW;11;3;;3,3;1;313;;FR35504243288;
INTRA-EX;202507;513881387;CTS-HW-0271;84099100;FR;PT;10;EXW;11;3;;0,4;1;52;;FR35504243288;
INTRA-EX;202507;513881387;11127565286;84836080;FR;PT;10;EXW;11;3;;0,4;2;12;;FR35504243288;
INTRA-EX;202507;513881387;CTS-IT-300R;84213100;EE;PT;10;EXW;11;3;;4,1;1;265;;QV999999999999;
INTRA-EX;202507;513881387;MMAF-REOIL-RD;84213100;EE;PT;10;EXW;11;3;;0,9;1;16;;QV999999999999;
INTRA-EX;202507;513881387;06J103600AFKIT;84099100;EE;PT;10;EXW;11;3;;2,5;1;48;;QV999999999999;
INTRA-EX;202507;513881387;CTS-B8S4-AWIC;84198998;GR;PT;10;EXW;11;3;;10;1;419;;GR802913609;
INTRA-EX;202507;513881387;WHL00021;87087000;GR;PT;10;EXW;11;3;;13,8;4;1249;;GR802913609;
INTRA-EX;202507;513881387;PK424;84213100;GR;PT;10;EXW;11;3;;4,6;1;214;;GR802913609;
INTRA-EX;202507;513881387;MMRAD-EVO-456;87089135;GR;PT;10;EXW;11;3;;8,2;1;219;;GREL108534505;
INTRA-EX;202507;513881387;CTS-IT-290R;84213100;GR;PT;10;EXW;11;3;;4;1;224;;GR802913609;
INTRA-EX;202507;513881387;FMDVRMR;84814090;GR;PT;10;EXW;11;3;;0,3;1;120;;GREL108534505;
INTRA-EX;202507;513881387;CTS-HW-0420R-SL;87089997;IT;PT;10;EXW;11;3;;5;1;562;;IT04227541200;
INTRA-EX;202507;513881387;CTS-TR-1070;87089997;IT;PT;10;EXW;11;3;;12,3;1;1124;;IT04227541200;
INTRA-EX;202507;513881387;CTS-TR-1000;87089997;IT;PT;10;EXW;11;3;;10;1;599;;IT04227541200;
INTRA-EX;202507;513881387;AC-MK7R-DPHS;87089235;IT;PT;10;EXW;11;3;;11,6;1;245;;IT14481871003;
INTRA-EX;202507;513881387;MMAI-MUS8-15RD;84213100;IT;PT;10;EXW;11;3;;6,5;1;222;;IT03656931205;
INTRA-EX;202507;513881387;CTS-FPK-004-450;87089235;IT;PT;10;EXW;11;3;;0,8;1;277;;IT03656931205;
INTRA-EX;202507;513881387;AC-B9RS-DPHS;87089997;IT;PT;10;EXW;11;3;;6,6;1;413;;IT02710790060;
INTRA-EX;202507;513881387;UR-TW2-3909;87088055;IT;PT;10;EXW;11;3;;1,9;1;72;;IT12072620011;
INTRA-EX;202507;513881387;BKR7EIX;85111000;NL;PT;10;EXW;11;3;;0,1;4;34;;NL866860666B01;
INTRA-EX;202507;513881387;SBMC083;87089235;NL;PT;10;EXW;11;3;;3,8;1;250;;NL866860666B01;
INTRA-EX;202507;513881387;VWR150004;90269000;NL;PT;10;EXW;11;3;;0,4;1;73;;NL866996473B01;
INTRA-EX;202507;513881387;VWR17G7R600;40091100;NL;PT;10;EXW;11;3;;0,2;4;152;;NL866996473B01;
INTRA-EX;202507;513881387;8E0971824S-RD;84099100;NL;PT;10;EXW;11;3;;0,2;2;15;;NL866996473B01;
INTRA-EX;202507;513881387;VWR69000BF1;87089997;NL;PT;10;EXW;11;3;;0,6;2;22;;NL866996473B01;
INTRA-EX;202507;513881387;CTS-IGN-007;84099100;NL;PT;10;EXW;11;3;;0,3;12;359;;NL866996473B01;
INTRA-EX;202507;513881387;VWR900004;85111000;NL;PT;10;EXW;11;3;;0,3;2;65;;NL866996473B01;
INTRA-EX;202507;513881387;VWR900001;85111000;NL;PT;10;EXW;11;3;;0,3;4;122;;NL866996473B01;
INTRA-EX;202507;513881387;VWR12G7R600ITBLA;84213100;ES;PT;10;EXW;11;3;;0,8;1;76;;ES44534463T;
INTRA-EX;202507;513881387;VWR1200R601E;84213100;ES;PT;10;EXW;11;3;;4,9;2;676;;ES44534463T;
INTRA-EX;202507;513881387;AC-MK7-INLET;40091100;ES;PT;10;EXW;11;3;;0,3;2;91;;ES44534463T;
INTRA-EX;202507;513881387;AC-MK7-MD;87089997;ES;PT;10;EXW;11;3;;0,4;2;87;;ES44534463T;
INTRA-EX;202507;513881387;VWR12G7R600ITRED;84213100;ES;PT;10;EXW;11;3;;0,8;1;76;;ES44534463T;
INTRA-EX;202507;513881387;9-201-1024;84133080;ES;PT;10;EXW;11;3;;0,5;1;70;;ESB75758177;
INTRA-EX;202507;513881387;MS100204;85111000;ES;PT;10;EXW;11;3;;0,3;4;149;;ESB42954230;
INTRA-EX;202507;513881387;SILFER8C7ES;85111000;ES;PT;10;EXW;11;3;;0,1;28;294;;ESB42954230;
INTRA-EX;202507;513881387;R7438-9;85111000;ES;PT;10;EXW;11;3;;0,1;8;276;;ESB42954230;
INTRA-EX;202507;513881387;MMICP-N55-11;87089997;ES;PT;10;EXW;11;3;;2,2;1;194;;ESB19781145;
INTRA-EX;202507;513881387;FMINDR35;84213100;ES;PT;10;EXW;11;3;;4,1;1;299;;ESB19781145;
INTRA-EX;202507;513881387;PX1999;84213100;ES;PT;10;EXW;11;3;;0,8;1;32;;ES50902109G;
INTRA-EX;202507;513881387;R7437-9;85111000;ES;PT;10;EXW;11;3;;0,1;4;145;;ES44719365M;
INTRA-EX;202507;513881387;HMP-943;84213100;ES;PT;10;EXW;11;3;;0,2;1;106;;ESB04855516;
INTRA-EX;202507;513881387;SCEXVDM;87089235;ES;PT;10;EXW;11;3;;0,1;1;24;;QV999999999999;
INTRA-EX;202507;513881387;ATIKHYU5;87089997;ES;PT;10;EXW;11;3;;3;1;304;;ES15484935R;
INTRA-EX;202507;513881387;SVW0607-4P-BK;87083091;ES;PT;10;EXW;11;3;;0,5;1;78;;QV999999999999;
INTRA-EX;202507;513881387;SCEXVDM;87089235;ES;PT;10;EXW;11;3;;0,1;1;24;;ES52704232P;
INTRA-EX;202507;513881387;SVW0610-4P-BK;87083091;ES;PT;10;EXW;11;3;;0,5;1;83;;QV999999999999;
INTRA-EX;202507;513881387;UR-TW2-3047;87088055;FR;PT;10;EXW;11;3;;3;1;131;;QV999999999999;
INTRA-EX;202507;513881387;SILFER8C7ES-5;85111000;FR;PT;10;EXW;11;3;;0,3;1;61;;FR96843769951;
INTRA-EX;202507;513881387;06E898001-5;84099100;FR;PT;10;EXW;11;3;;1,9;1;127;;FR96843769951;
INTRA-EX;202507;513881387;MS100192-4;84099100;FR;PT;10;EXW;11;3;;1,7;1;180;;FR64344931985;
INTRA-EX;202507;513881387;VWR610360BLK;87141030;FR;PT;10;EXW;11;3;;13;1;191;;QV999999999999;
INTRA-EX;202507;513881387;SILZKGR8B8S-4;84099100;FR;PT;10;EXW;11;3;;0,3;1;39;;QV999999999999;
INTRA-EX;202507;513881387;06J103600AFKIT;84099100;FR;PT;10;EXW;11;3;;2,5;1;49;;QV999999999999;
INTRA-EX;202507;513881387;BKR7EIX-4;84099100;FR;PT;10;EXW;11;3;;0,3;1;40;;QV999999999999;
INTRA-EX;202507;513881387;AC-180-CPA;87089997;FR;PT;10;EXW;11;3;;0,5;1;44;;QV999999999999;
INTRA-EX;202507;513881387;AC-200-CP-4;84099100;FR;PT;10;EXW;11;3;;1;1;82;;QV999999999999;
INTRA-EX;202507;513881387;AC-S55-JP;40091100;HU;PT;10;EXW;11;3;;0,6;2;107;;HU25464285;
INTRA-EX;202507;513881387;VWR141000;87089997;HU;PT;10;EXW;11;3;;19;1;612;;HU25464285;
INTRA-EX;202507;513881387;CTS-EXH-DP-0019;87089235;HU;PT;10;EXW;11;3;;6;1;487;;HU25464285;
INTRA-EX;202507;513881387;AC-45S-DPHS;87089235;GR;PT;10;EXW;11;3;;4,7;2;455;;GR802913609;
INTRA-EX;202507;513881387;CI100053;84213100;GR;PT;10;EXW;11;3;;4,2;1;250;;GR802913609;
INTRA-EX;202507;513881387;CI100052-A;84213100;GR;PT;10;EXW;11;3;;1,7;1;83;;GR802913609;
INTRA-EX;202507;513881387;D650-0003;84099100;GR;PT;10;EXW;11;3;;0,3;8;185;;GR802913609;
INTRA-EX;202507;513881387;SP1989BLK;84213100;GR;PT;10;EXW;11;3;;6;1;445;;GR802913609;
INTRA-EX;202507;513881387;CTS-EXH-TP-0019;87089235;GR;PT;10;EXW;11;3;;8;1;284;;GR802913609;
INTRA-EX;202507;513881387;AU94R-DD;87089235;BE;PT;10;EXW;11;3;;6,8;1;897;;BE0740963105;
INTRA-EX;202507;513881387;SILZKGR8B8S;85111000;BE;PT;10;EXW;11;3;;0,1;18;152;;BE0740963105;
INTRA-EX;202507;513881387;VWR1200R600E;84213100;IT;PT;10;EXW;11;3;;4,9;1;309;;IT04146110160;
INTRA-EX;202507;513881387;EVE-TRB8V8S-FLG-STK;85111000;IT;PT;10;EXW;11;3;;0,2;1;35;;IT08839490011;
INTRA-EX;202507;513881387;EVE-TRB8V8S-LHD-NIL;85111000;IT;PT;10;EXW;11;3;;1,7;1;428;;IT08839490011;
INTRA-EX;202507;513881387;MMINT-CIV-16KSLWRD;87089135;IT;PT;10;EXW;11;3;;15,3;1;701;;IT08839490011;
INTRA-EX;202507;513881387;BKR7EIX;85111000;IT;PT;10;EXW;11;3;;0,1;16;137;;IT08839490011;
INTRA-EX;202507;513881387;MS100192;85111000;IT;PT;10;EXW;11;3;;0,3;8;298;;IT08839490011;
INTRA-EX;202507;513881387;U5014;84099100;IT;PT;10;EXW;11;3;;0,3;4;86;;IT08839490011;
INTRA-EX;202507;513881387;BKR8EIX;85111000;IT;PT;10;EXW;11;3;;0,1;4;36;;IT08839490011;
INTRA-EX;202507;513881387;L3P3VGT7;87089997;IT;PT;10;EXW;11;3;;1;1;252;;IT03656931205;
INTRA-EX;202507;513881387;AC-200-CP;84099100;IT;PT;10;EXW;11;3;;0,3;4;54;;IT12072620011;
INTRA-EX;202507;513881387;MS100208;85111000;IT;PT;10;EXW;11;3;;0,3;4;99;;IT12072620011;
INTRA-EX;202507;513881387;SP-736;32081090;NL;PT;10;EXW;11;3;;1;2;25;;NL857445832B01;
INTRA-EX;202507;513881387;SP-27;32081090;NL;PT;10;EXW;11;3;;0,5;1;12;;NL857445832B01;
INTRA-EX;202507;513881387;BHR97Z;87088055;NL;PT;10;EXW;11;3;;3;1;119;;NL857445832B01;
INTRA-EX;202507;513881387;EVE-FK8-CF-INT;84213100;NL;PT;10;EXW;11;3;;5;1;1035;;NL857445832B01;
INTRA-EX;202507;513881387;EVE-FK8V3-CF-CHG;87089997;NL;PT;10;EXW;11;3;;4;1;498;;NL857445832B01;
INTRA-EX;202507;513881387;MMRT-CA;87089997;NL;PT;10;EXW;11;3;;0,8;1;55;;NL857445832B01;
INTRA-EX;202507;513881387;BHR83XZ;87088055;NL;PT;10;EXW;11;3;;7,8;1;160;;NL857445832B01;
INTRA-EX;202507;513881387;EVE-FX34M-PF;84213100;NL;PT;10;EXW;11;3;;1,5;1;142;;NL866860666B01;
INTRA-EX;202507;513881387;VWR682000;87089997;NL;PT;10;EXW;11;3;;15,5;1;187;;NL866996473B01;
INTRA-EX;202507;513881387;VWR180006;87089997;NL;PT;10;EXW;11;3;;0,1;1;10;;NL866996473B01;
INTRA-EX;202507;513881387;VWR670007;87089997;NL;PT;10;EXW;11;3;;1,1;2;119;;NL866996473B01;
INTRA-EX;202507;513881387;VWR640012;87089997;NL;PT;10;EXW;11;3;;2,2;1;62;;NL866996473B01;
INTRA-EX;202507;513881387;D650-0009;84099100;NL;PT;10;EXW;11;3;;0,3;8;201;;NL866996473B01;
INTRA-EX;202507;513881387;AC-211-CFA;87089997;NL;PT;10;EXW;11;3;;0,1;1;16;;NL866996473B01;
INTRA-EX;202507;513881387;VWR13G700;84099100;NL;PT;10;EXW;11;3;;3;1;468;;NL866996473B01;
INTRA-EX;202507;513881387;VWR900004;85111000;ES;PT;10;EXW;11;3;;0,3;4;131;;ES29524079Z;
INTRA-EX;202507;513881387;SILFER8C7ES;85111000;ES;PT;10;EXW;11;3;;0,1;4;42;;ES43179343V;
INTRA-EX;202507;513881387;VWR12G7R600ITINLET;87089997;ES;PT;10;EXW;11;3;;0,4;1;100;;ES43179343V;
INTRA-EX;202507;513881387;VWR12G7R601FO;84213100;ES;PT;10;EXW;11;3;;0,9;1;112;;ES74895191S;
INTRA-EX;202507;513881387;AC-35-DP;87089235;ES;PT;10;EXW;11;3;;5,2;1;185;;ESB88553946;
INTRA-EX;202507;513881387;VWR650000-YEL;87083099;ES;PT;10;EXW;11;3;;39,5;1;2838;;ESB88553946;
INTRA-EX;202507;513881387;VWR620005MM;;ES;PT;10;EXW;11;3;;0,1;1;81;;ESB88553946;
INTRA-EX;202507;513881387;MMRAD-E36-92;87089135;ES;PT;10;EXW;11;3;;6,2;1;200;;ES18062887K;
INTRA-EX;202507;513881387;MMRT-E36-92EBK;87089199;ES;PT;10;EXW;11;3;;2,2;1;108;;ES18062887K;
INTRA-EX;202507;513881387;MMFS-E36-92P;84149000;ES;PT;10;EXW;11;3;;5;1;183;;ES18062887K;
INTRA-EX;202507;513881387;EVE-2TFSI-CF-INT;84213100;ES;PT;10;EXW;11;3;;3,1;1;663;;ESB01715598;
INTRA-EX;202507;513881387;AC-190-DPHS;87089997;ES;PT;10;EXW;11;3;;12;1;341;;ESB88553946;
INTRA-EX;202507;513881387;U5014;84099100;ES;PT;10;EXW;11;3;;0,3;21;456;;ESB42771618;
INTRA-EX;202507;513881387;SILZKBR8D8S;85111000;ES;PT;10;EXW;11;3;;0,1;6;58;;ESB42771618;
INTRA-EX;202507;513881387;CTS-CC-MK7GRS3;84099100;ES;PT;10;EXW;11;3;;3;1;374;;ESB42771618;
INTRA-EX;202507;513881387;MS100192;85111000;ES;PT;10;EXW;11;3;;0,3;4;149;;ESB42771618;
INTRA-EX;202507;513881387;BKR8EIX;85111000;ES;PT;10;EXW;11;3;;0,1;8;72;;ESB42771618;
INTRA-EX;202507;513881387;613182.654150;87089997;AT;PT;10;EXW;11;3;;0,5;1;62;;QV999999999999;
INTRA-EX;202507;513881387;T50-10-1;87089997;LT;PT;10;EXW;11;3;;0,5;1;41;;LT100016248411;
INTRA-EX;202507;513881387;SILKGR9A7ES-6;85111000;BG;PT;10;EXW;11;3;;0,3;1;94;;QV999999999999;
INTRA-EX;202507;513881387;CTS-IGN-007;84099100;CY;PT;10;EXW;11;3;;0,3;4;141;;QV999999999999;
INTRA-EX;202507;513881387;AC-MK7-MD;87089997;CY;PT;10;EXW;11;3;;0,4;1;66;;QV999999999999;
INTRA-EX;202507;513881387;AC-MK7-INLET;40091100;CY;PT;10;EXW;11;3;;0,3;1;68;;QV999999999999;
INTRA-EX;202507;513881387;TS-0203-1263;87089235;CY;PT;10;EXW;11;3;;0,4;1;195;;QV999999999999;
INTRA-EX;202507;513881387;E10-20-040-03-22;87088035;LT;PT;10;EXW;11;3;;13;1;267;;QV999999999999;
INTRA-EX;202507;513881387;15w50-5;27101999;SE;PT;10;EXW;11;3;;4,8;4;249;;QV999999999999;
INTRA-EX;202507;513881387;MS100192-4;84099100;RO;PT;10;EXW;11;3;;1,7;1;182;;QV999999999999;
INTRA-EX;202507;513881387;DBA2367S-2;87089997;HR;PT;10;EXW;11;3;;19,2;1;248;;QV999999999999;
INTRA-EX;202507;513881387;MS100204-4;84099100;SI;PT;10;EXW;11;3;;1,7;1;177;;QV999999999999;
INTRA-EX;202507;513881387;R7437-8-4;84099100;SI;PT;10;EXW;11;3;;0,3;1;158;;QV999999999999;
INTRA-EX;202507;513881387;SILZKGR8B8S-4;84099100;HR;PT;10;EXW;11;3;;0,3;1;37;;QV999999999999;
INTRA-EX;202507;513881387;D760-0067;84099100;HR;PT;10;EXW;11;3;;1,5;1;134;;QV999999999999;
INTRA-EX;202507;513881387;11002BK;87089997;HR;PT;10;EXW;11;3;;0,7;1;23;;QV999999999999;
INTRA-EX;202507;513881387;CI100053;84213100;SK;PT;10;EXW;11;3;;4,2;3;899;;SK2120431379;
INTRA-EX;202507;513881387;CTS-IT-270R;84213100;SK;PT;10;EXW;11;3;;4,3;1;279;;SK2120431379;
INTRA-EX;202507;513881387;CI100054;40091100;SK;PT;10;EXW;11;3;;4,3;2;449;;SK2120431379;
INTRA-EX;202507;513881387;FM225TH;40091100;SI;PT;10;EXW;11;3;;0,3;1;94;;QV999999999999;
INTRA-EX;202507;513881387;D650-0011;85111000;HU;PT;10;EXW;11;3;;0,3;16;402;;HU25464285;
INTRA-EX;202507;513881387;CTS-IT-963;84213100;DE;PT;10;EXW;11;3;;7;1;453;;QV999999999999;
INTRA-EX;202507;513881387;VWR1200R601E;84213100;PL;PT;10;EXW;11;3;;4,9;2;676;;PL8141683531;
INTRA-EX;202507;513881387;SVWC064;87089235;PL;PT;10;EXW;11;3;;11,7;1;307;;PL8141683531;
INTRA-EX;202507;513881387;CTS-HW-266-187;87089997;GR;PT;10;EXW;11;3;;3,4;1;284;;GR802913609;
INTRA-EX;202507;513881387;MS100210;85111000;GR;PT;10;EXW;11;3;;0,3;4;99;;GR802913609;
INTRA-EX;202507;513881387;ARMAAD0RS4-1;84213100;BE;PT;10;EXW;11;3;;1,5;1;156;;BE0678930615;
INTRA-EX;202507;513881387;RBF660;27101999;BE;PT;10;EXW;11;3;;0,6;4;47;;QV999999999999;
INTRA-EX;202507;513881387;UR-RL2-1273;87088055;BE;PT;10;EXW;11;3;;0,9;1;83;;QV999999999999;
INTRA-EX;202507;513881387;S90-2-10-002-B-BT;87087050;BE;PT;10;EXW;11;3;;1;1;103;;QV999999999999;
INTRA-EX;202507;513881387;AC-MK8-DP;87089235;BE;PT;10;EXW;11;3;;8,3;1;230;;QV999999999999;
INTRA-EX;202507;513881387;S90-2-10-038-B-BT;87087050;BE;PT;10;EXW;11;3;;1,8;2;207;;QV999999999999;
INTRA-EX;202507;513881387;06J103600AFKIT;84099100;BE;PT;10;EXW;11;3;;2,5;1;49;;QV999999999999;
INTRA-EX;202507;513881387;AC-F97-DP;87089997;BE;PT;10;EXW;11;3;;6,6;1;390;;QV999999999999;
INTRA-EX;202507;513881387;4B5562H-STD;40091100;BE;PT;10;EXW;11;3;;0,2;1;63;;QV999999999999;
INTRA-EX;202507;513881387;D650-0009-4;84099100;BE;PT;10;EXW;11;3;;1,7;1;123;;QV999999999999;
INTRA-EX;202507;513881387;VWR81G700;87088055;IT;PT;10;EXW;11;3;;2,6;1;319;;IT12034500012;
INTRA-EX;202507;513881387;VWR640115;87089997;IT;PT;10;EXW;11;3;;2,2;2;131;;IT12034500012;
INTRA-EX;202507;513881387;CTS-HW-0420R-SL;87089997;IT;PT;10;EXW;11;3;;5;1;562;;IT12034500012;
INTRA-EX;202507;513881387;VWR19G704;70102000;IT;PT;10;EXW;11;3;;0,1;1;49;;IT12034500012;
INTRA-EX;202507;513881387;VWR13G700;84099100;IT;PT;10;EXW;11;3;;3;1;468;;IT12034500012;
INTRA-EX;202507;513881387;10.127.203K;84132000;IT;PT;10;EXW;11;3;;0,3;3;682;;IT12034500012;
INTRA-EX;202507;513881387;10.127.100K;84132000;IT;PT;10;EXW;11;3;;0,3;1;227;;IT12034500012;
INTRA-EX;202507;513881387;MS100208;85111000;IT;PT;10;EXW;11;3;;0,3;6;149;;IT12072620011;
INTRA-EX;202507;513881387;AC-MK7-DPHS;87089235;IT;PT;10;EXW;11;3;;9,2;1;203;;IT12072620011;
INTRA-EX;202507;513881387;SFDC073;87089997;IT;PT;10;EXW;11;3;;3,7;1;145;;IT02710790060;
INTRA-EX;202507;513881387;33004-BT002;84213100;IT;PT;10;EXW;11;3;;6,2;1;307;;QV999999999999;
INTRA-EX;202507;513881387;CTS-HS-150;87089997;IT;PT;10;EXW;11;3;;0,6;1;36;;QV999999999999;
INTRA-EX;202507;513881387;SILZKBR8D8S;85111000;NL;PT;10;EXW;11;3;;0,1;24;235;;NL866860666B01;
INTRA-EX;202507;513881387;R7438-9;85111000;NL;PT;10;EXW;11;3;;0,1;13;449;;NL866860666B01;
INTRA-EX;202507;513881387;216BFWAOTSM;90269000;NL;PT;10;EXW;11;3;;0,3;1;29;;NL866860666B01;
INTRA-EX;202507;513881387;MMRAD-E36-92;87089135;NL;PT;10;EXW;11;3;;6,2;1;200;;NL866860666B01;
INTRA-EX;202507;513881387;MMRAD-S14-95SRX;87089235;NL;PT;10;EXW;11;3;;8,8;1;254;;NL866860666B01;
INTRA-EX;202507;513881387;MS100197;85111000;NL;PT;10;EXW;11;3;;0,1;1;6;;NL866860666B01;
INTRA-EX;202507;513881387;ATMSBMW24;87089997;NL;PT;10;EXW;11;3;;0,5;1;131;;NL866860666B01;
INTRA-EX;202507;513881387;SVXP062;87089235;NL;PT;10;EXW;11;3;;5,7;1;177;;NL866860666B01;
INTRA-EX;202507;513881387;AC-W204-DP;87089997;NL;PT;10;EXW;11;3;;15;1;269;;NL866860666B01;
INTRA-EX;202507;513881387;MS100192;85111000;NL;PT;10;EXW;11;3;;0,3;4;149;;NL866860666B01;
INTRA-EX;202507;513881387;VWR1210R600EM;84213100;NL;PT;10;EXW;11;3;;5,2;1;458;;NL866996473B01;
INTRA-EX;202507;513881387;VWR1210R601EG;84213100;NL;PT;10;EXW;11;3;;5,2;1;505;;NL866996473B01;
INTRA-EX;202507;513881387;VWR800001;58109210;NL;PT;10;EXW;11;3;;0,1;1;7;;NL866996473B01;
INTRA-EX;202507;513881387;VWR180003;87089997;NL;PT;10;EXW;11;3;;0,1;1;21;;NL866996473B01;
INTRA-EX;202507;513881387;FMBGMCS;90262020;NL;PT;10;EXW;11;3;;0,1;1;36;;QV999999999999;
INTRA-EX;202507;513881387;AC-Z33-YP;84198998;NL;PT;10;EXW;11;3;;6,6;1;148;;QV999999999999;
INTRA-EX;202507;513881387;ACSP1;84099100;NL;PT;10;EXW;11;3;;0,5;1;22;;QV999999999999;
INTRA-EX;202507;513881387;SFD0122-4P-BK;87083091;NL;PT;10;EXW;11;3;;0,5;1;93;;QV999999999999;
INTRA-EX;202507;513881387;CI100053;84213100;NL;PT;10;EXW;11;3;;4,2;1;299;;NL865367012B01;
INTRA-EX;202507;513881387;IMS-8V8S-ECCB-3;87089997;NL;PT;10;EXW;11;3;;3;2;1899;;NL007460843B01;
INTRA-EX;202507;513881387;IMS-8V8S-OPS;87089997;NL;PT;10;EXW;11;3;;2,6;1;349;;NL007460843B01;
INTRA-EX;202507;513881387;IMS-8V8S-GRK;87089997;NL;PT;10;EXW;11;3;;0,2;1;66;;NL007460843B01;
INTRA-EX;202507;513881387;IMS-8V8S-UPB;87089997;NL;PT;10;EXW;11;3;;0,5;1;74;;NL007460843B01;
INTRA-EX;202507;513881387;IMS-8V-DCCB;87089997;NL;PT;10;EXW;11;3;;1,3;1;406;;NL007460843B01;
INTRA-EX;202507;513881387;10.127.101K;84133080;ES;PT;10;EXW;11;3;;0,3;1;314;;ES44739907P;
INTRA-EX;202507;513881387;CTS-HW-0242;70102000;ES;PT;10;EXW;11;3;;0,5;1;62;;ES44739907P;
INTRA-EX;202507;513881387;MMAI-STI-08WRD;84213100;ES;PT;10;EXW;11;3;;3,7;1;219;;ESB66283003;
INTRA-EX;202507;513881387;VWR13G700;84099100;ES;PT;10;EXW;11;3;;3;1;468;;ESB01715598;
INTRA-EX;202507;513881387;KCA472;87088035;ES;PT;10;EXW;11;3;;2;1;160;;ES48924146H;
INTRA-EX;202507;513881387;VWR150000;87089997;ES;PT;10;EXW;11;3;;0,2;1;79;;ES48924146H;
INTRA-EX;202507;513881387;AC-200-CP;84099100;ES;PT;10;EXW;11;3;;0,3;4;54;;ESB94171030;
INTRA-EX;202507;513881387;AC-MK7-IT;84198998;ES;PT;10;EXW;11;3;;4,3;1;144;;ESB94171030;
INTRA-EX;202507;513881387;VWR1200R601E;84213100;ES;PT;10;EXW;11;3;;4,9;1;338;;ES50902109G;
INTRA-EX;202507;513881387;SVW0630-4P-BK;87083091;ES;PT;10;EXW;11;3;;0,5;1;63;;ES50902109G;
INTRA-EX;202507;513881387;VWR1200R601E;84213100;ES;PT;10;EXW;11;3;;4,9;1;338;;ES50902109G;
INTRA-EX;202507;513881387;VWR12G7R600ITINLET;87089997;ES;PT;10;EXW;11;3;;0,4;1;100;;ES50902109G;
INTRA-EX;202507;513881387;VWR12G7R600ITBLA;84213100;ES;PT;10;EXW;11;3;;0,8;1;76;;ES50902109G;
INTRA-EX;202507;513881387;MS100192;85111000;ES;PT;10;EXW;11;3;;0,3;4;149;;ES50902109G;
INTRA-EX;202507;513881387;EVE-M2C-CF-INT;84213100;ES;PT;10;EXW;11;3;;5,2;1;1485;;ESB42771618;
INTRA-EX;202507;513881387;CTS-IT-260;84213100;ES;PT;10;EXW;11;3;;3,6;1;202;;ESB04855516;
INTRA-EX;202507;513881387;MMRAD-STI-08;87089135;ES;PT;10;EXW;11;3;;6,9;1;236;;ESB01715598;
INTRA-EX;202507;513881387;GSJ78-91AS2;87089997;ES;PT;10;EXW;11;3;;24;1;660;;ES70917434Q;
INTRA-EX;202507;513881387;CTS-EM-MK45-6-60D;87089235;ES;PT;10;EXW;11;3;;2;1;107;;QV999999999999;
INTRA-EX;202507;513881387;CTS-TM-MK56-60D;84099100;ES;PT;10;EXW;11;3;;2;1;107;;QV999999999999;
INTRA-EX;202507;513881387;06K103484F;87089997;ES;PT;10;EXW;11;3;;0,1;1;6;;QV999999999999;
INTRA-EX;202507;513881387;UR-RE2-3886;87088055;ES;PT;10;EXW;11;3;;3,3;1;105;;QV999999999999;
INTRA-EX;202507;513881387;VWR150004;90269000;ES;PT;10;EXW;11;3;;0,4;1;103;;QV999999999999;
INTRA-EX;202507;513881387;KLC202;87088035;ES;PT;10;EXW;11;3;;1;1;135;;QV999999999999;
INTRA-EX;202507;513881387;RPF-1813;84213100;ES;PT;10;EXW;11;3;;0,4;1;33;;QV999999999999;
INTRA-EX;202507;513881387;MMRT-WRX-01EBK;87089997;ES;PT;10;EXW;11;3;;1;1;135;;QV999999999999;
INTRA-EX;202507;513881387;06F103483E;87089235;ES;PT;10;EXW;11;3;;0,1;1;8;;ESB93360485;
INTRA-EX;202507;513881387;AC-200-PCVD;87089997;ES;PT;10;EXW;11;3;;0,5;1;48;;ESB93360485;
INTRA-EX;202507;513881387;CTS-HW-266-180;87089997;ES;PT;10;EXW;11;3;;3,4;1;322;;ES71286183Y;
INTRA-EX;202507;513881387;CTS-HW-266-187;87089997;ES;PT;10;EXW;11;3;;3,4;1;322;;ES71286183Y;
INTRA-EX;202507;513881387;52009-AK005;84213100;ES;PT;10;EXW;11;3;;0,4;2;39;;QV999999999999;
INTRA-EX;202507;513881387;SHY0900-4P-BK;87083091;ES;PT;10;EXW;11;3;;0,8;1;96;;QV999999999999;
INTRA-EX;202507;513881387;FMDVMK7A-BLA;87089997;ES;PT;10;EXW;11;3;;0,6;1;189;;QV999999999999;
INTRA-EX;202507;513881387;D650-0004-4;84099100;ES;PT;10;EXW;11;3;;1,7;1;113;;QV999999999999;
INTRA-EX;202507;513881387;DILKAR7B11-6;87089997;ES;PT;10;EXW;11;3;;0,4;1;107;;QV999999999999;
INTRA-EX;202507;513881387;SRN0405-4P-BK;87083091;ES;PT;10;EXW;11;3;;0,5;1;78;;QV999999999999;
INTRA-EX;202507;513881387;AC-211-IT;84198998;ES;PT;10;EXW;11;3;;5,5;1;185;;QV999999999999;
INTRA-EX;202507;513881387;AC-B58.2-DPHS;87089235;ES;PT;10;EXW;11;3;;4,4;1;277;;ESF21229786;
INTRA-EX;202507;513881387;E10-63-020-01-22;73202081;ES;PT;10;EXW;11;3;;16,1;1;176;;QV999999999999;
INTRA-EX;202507;513881387;044DW21143;84099100;ES;PT;10;EXW;11;3;;3,6;1;460;;ESB74397936;
INTRA-EX;202507;513881387;MMTS-GTI-99;90321020;ES;PT;10;EXW;11;3;;0,1;1;50;;QV999999999999;
INTRA-EX;202507;513881387;AC-211-OT;84198998;ES;PT;10;EXW;11;3;;1,3;1;96;;QV999999999999;
INTRA-EX;202507;513881387;FMMD5;87089235;ES;PT;10;EXW;11;3;;0,6;1;101;;QV999999999999;
INTRA-EX;202507;513881387;PP1949;84213100;ES;PT;10;EXW;11;3;;0,7;1;38;;ESB67114637;
INTRA-EX;202507;513881387;AC-N55-DP;87089235;ES;PT;10;EXW;11;3;;2,5;1;167;;QV999999999999;
INTRA-EX;202507;513881387;AC-BM-ODP;87089997;ES;PT;10;EXW;11;3;;0,1;1;12;;QV999999999999;
INTRA-EX;202507;513881387;STY0014-4P-BK;87083091;ES;PT;10;EXW;11;3;;0,5;1;77;;QV999999999999;
INTRA-EX;202507;513881387;E10-82-092-01-22;73202081;ES;PT;10;EXW;11;3;;11;1;188;;QV999999999999;
INTRA-EX;202507;513881387;BF410LV;87089997;ES;PT;10;EXW;11;3;;1,3;1;12;;QV999999999999;
INTRA-EX;202507;513881387;SHY0800-4P-BK;87083091;ES;PT;10;EXW;11;3;;0,8;1;96;;QV999999999999;
INTRA-EX;202507;513881387;SVW0620-4P-BK;87083091;ES;PT;10;EXW;11;3;;0,5;1;78;;QV999999999999;
INTRA-EX;202507;513881387;Z1003100-4;85111000;ES;PT;10;EXW;11;3;;0,4;1;120;;ESB65880908;
INTRA-EX;202507;513881387;VWR17G7R600;40091100;ES;PT;10;EXW;11;3;;0,2;1;54;;ESB65880908;
INTRA-EX;202507;513881387;SVW0630-4P-BK;87083091;ES;PT;10;EXW;11;3;;0,5;1;77;;ESB65880908;
INTRA-EX;202507;513881387;VWR120000;84213100;ES;PT;10;EXW;11;3;;1;1;36;;ESB65880908;
INTRA-EX;202507;513881387;06K103495AC;87089997;ES;PT;10;EXW;11;3;;0,6;1;32;;ESB65880908;
INTRA-EX;202507;513881387;AC-200-DVBO;84818040;ES;PT;10;EXW;11;3;;0,3;1;20;;QV999999999999;
INTRA-EX;202507;513881387;AC-200-VRA;87089997;ES;PT;10;EXW;11;3;;0,2;1;29;;QV999999999999;
INTRA-EX;202507;513881387;VWR140014;87089997;ES;PT;10;EXW;11;3;;0,1;1;30;;QV999999999999;
INTRA-EX;202507;513881387;8E0971824S-RD;84099100;ES;PT;10;EXW;11;3;;0,2;1;14;;QV999999999999;
INTRA-EX;202507;513881387;MS100208-4;84099100;ES;PT;10;EXW;11;3;;1,7;1;119;;QV999999999999;
INTRA-EX;202507;513881387;SMA0112-4P-BK;87083091;ES;PT;10;EXW;11;3;;0,5;1;93;;QV999999999999;
INTRA-EX;202507;513881387;AC-VAG-ODP;70102000;ES;PT;10;EXW;11;3;;0,2;1;8;;QV999999999999;
INTRA-EX;202507;513881387;FMBSMP18T;87089997;ES;PT;10;EXW;11;3;;3,5;1;236;;QV999999999999;
INTRA-EX;202507;513881387;MMWP-M50-92;84099100;ES;PT;10;EXW;11;3;;1,2;1;52;;QV999999999999;
INTRA-EX;202507;513881387;SILZKBR8D8S-6;84099100;ES;PT;10;EXW;11;3;;0,4;1;67;;QV999999999999;
INTRA-EX;202507;513881387;U5055-6;84099100;ES;PT;10;EXW;11;3;;2,1;1;131;;QV999999999999;
INTRA-EX;202507;513881387;MMTS-GTI-99;90321020;ES;PT;10;EXW;11;3;;0,1;1;50;;QV999999999999;
INTRA-EX;202507;513881387;MMRAD-GLF-99;87089135;ES;PT;10;EXW;11;3;;8;1;261;;QV999999999999;
INTRA-EX;202507;513881387;CTS-DB-MK4-60D;84099100;ES;PT;10;EXW;11;3;;1,2;1;46;;QV999999999999;
INTRA-EX;202507;513881387;UR-TW2-323;87088055;ES;PT;10;EXW;11;3;;3;1;103;;QV999999999999;
INTRA-EX;202507;513881387;RPF-1391;84213100;ES;PT;10;EXW;11;3;;0,6;7;231;;QV999999999999;
INTRA-EX;202507;513881387;SILZKGR8B8S-4;84099100;ES;PT;10;EXW;11;3;;0,3;1;39;;QV999999999999;
INTRA-EX;202507;513881387;SHD0012-4P-BK;87083091;ES;PT;10;EXW;11;3;;0,5;1;83;;QV999999999999;
INTRA-EX;202507;513881387;BKR7EIX-4;84099100;ES;PT;10;EXW;11;3;;0,3;1;40;;QV999999999999;
INTRA-EX;202507;513881387;IFR7X8G-4;84099100;ES;PT;10;EXW;11;3;;0,3;1;61;;QV999999999999;
INTRA-EX;202507;513881387;SRN0616-4P-BK;87083091;ES;PT;10;EXW;11;3;;0,5;1;78;;QV999999999999;
INTRA-EX;202507;513881387;SCNC014;87089235;ES;PT;10;EXW;11;3;;2,4;1;144;;QV999999999999;
INTRA-EX;202507;513881387;MMTS-CTR-17;90321020;ES;PT;10;EXW;11;3;;0,2;1;44;;QV999999999999;
INTRA-EX;202507;513881387;24996-AK046;84213100;ES;PT;10;EXW;11;3;;0,4;1;99;;QV999999999999;
INTRA-EX;202507;513881387;BKR7EIX-4;84099100;ES;PT;10;EXW;11;3;;0,3;1;40;;QV999999999999;
INTRA-EX;202507;513881387;MS100192-4;84099100;ES;PT;10;EXW;11;3;;1,7;1;179;;QV999999999999;
INTRA-EX;202507;513881387;CI100054;40091100;ES;PT;10;EXW;11;3;;4,3;1;223;;QV999999999999;
INTRA-EX;202507;513881387;MMHOSE-TT-99BK;40091100;ES;PT;10;EXW;11;3;;1,6;1;56;;QV999999999999;
INTRA-EX;202507;513881387;CI100052-A;84213100;ES;PT;10;EXW;11;3;;1,7;1;102;;QV999999999999;
INTRA-EX;202507;513881387;SVW0630-4P-EB;87083091;ES;PT;10;EXW;11;3;;0,5;1;77;;QV999999999999;
INTRA-EX;202507;513881387;EVE-B9S5-CF-INT;84213100;FR;PT;10;EXW;11;3;;3,4;1;1035;;FR26750353237;
INTRA-EX;202507;513881387;SBMP087;87089997;FR;PT;10;EXW;11;3;;19;1;523;;FR82530667591;
INTRA-EX;202507;513881387;SRNC032;87089235;FR;PT;10;EXW;11;3;;5,2;1;204;;FR82530667591;
INTRA-EX;202507;513881387;CTS-F8X-DF;87089135;FR;PT;10;EXW;11;3;;8,1;1;487;;FR35504243288;
INTRA-EX;202507;513881387;MS100192;85111000;FR;PT;10;EXW;11;3;;0,3;4;149;;FR46821372117;
INTRA-EX;202507;513881387;PM100332;87089997;FR;PT;10;EXW;11;3;;0,2;1;22;;FR46821372117;
INTRA-EX;202507;513881387;R7437-9;85111000;FR;PT;10;EXW;11;3;;0,1;5;181;;FR46821372117;
INTRA-EX;202507;513881387;613182.654150;87089997;FR;PT;10;EXW;11;3;;0,5;1;62;;QV999999999999;
INTRA-EX;202507;513881387;DILKAR8R9HS-4;85111000;FR;PT;10;EXW;11;3;;0,3;1;62;;QV999999999999;
INTRA-EX;202507;513881387;FMSCPS53TIK;87089997;FR;PT;10;EXW;11;3;;1,8;1;175;;QV999999999999;
INTRA-EX;202507;513881387;LTR7IX-11-8;84099100;FR;PT;10;EXW;11;3;;0,5;1;71;;QV999999999999;
INTRA-EX;202507;513881387;03K906051;90269000;FR;PT;10;EXW;11;3;;0,1;1;19;;QV999999999999;
INTRA-EX;202507;513881387;AC-200-VRA;87089997;FR;PT;10;EXW;11;3;;0,2;1;29;;QV999999999999;
INTRA-EX;202507;513881387;06J103600AFKIT;84099100;FR;PT;10;EXW;11;3;;2,5;1;49;;QV999999999999;
INTRA-EX;202507;513881387;06L115466C;84213100;FR;PT;10;EXW;11;3;;0,2;1;5;;QV999999999999;
INTRA-EX;202507;513881387;CTS-HW-0271;84099100;FR;PT;10;EXW;11;3;;0,4;1;69;;QV999999999999;
INTRA-EX;202507;513881387;SILZKGR8B8S-6;85111000;FR;PT;10;EXW;11;3;;0,4;1;59;;QV999999999999;
INTRA-EX;202507;513881387;06F103483D;87089997;FR;PT;10;EXW;11;3;;0,1;1;8;;QV999999999999;
INTRA-EX;202507;513881387;AC-200-CP-6;84099100;FR;PT;10;EXW;11;3;;1,6;1;122;;QV999999999999;
INTRA-EX;202507;513881387;E90-35-020-02-22;73202081;FR;PT;10;EXW;11;3;;23,3;1;783;;FR83902722990;
INTRA-EX;202507;513881387;SBMP087;87089997;FR;PT;10;EXW;11;3;;19;1;725;;FR84922221510;
INTRA-EX;202507;513881387;4B1609H-STD;40091100;FR;PT;10;EXW;11;3;;0,5;2;88;;QV999999999999;
INTRA-EX;202507;513881387;4B1609H-STD;40091100;FR;PT;10;EXW;11;3;;0,5;1;44;;QV999999999999;
INTRA-EX;202507;513881387;E10-15-027-01-22;73202081;FR;PT;10;EXW;11;3;;10;1;330;;QV999999999999;
INTRA-EX;202507;513881387;SMNC010;87089235;FR;PT;10;EXW;11;3;;5,6;1;320;;FR84922221510;
INTRA-EX;202507;513881387;384914;87082910;FR;PT;10;EXW;11;3;;3;1;754;;FR84922221510;
INTRA-EX;202507;513881387;U5333-4;84099100;FR;PT;10;EXW;11;3;;1,6;1;88;;QV999999999999;
INTRA-EX;202507;513881387;T50-10-1;87089997;FR;PT;10;EXW;11;3;;0,5;1;50;;QV999999999999;
INTRA-EX;202507;513881387;DILKAR8R9HS-4;85111000;FR;PT;10;EXW;11;3;;0,3;1;62;;QV999999999999;
INTRA-EX;202507;513881387;06J103600AFKIT;84099100;FR;PT;10;EXW;11;3;;2,5;1;49;;QV999999999999;
INTRA-EX;202507;513881387;SAUP087;87089997;FR;PT;10;EXW;11;3;;12,4;1;303;;QV999999999999;
INTRA-EX;202507;513881387;MS100192-4;84099100;FR;PT;10;EXW;11;3;;1,7;1;180;;QV999999999999;
INTRA-EX;202507;513881387;D650-0009-6;84099100;FR;PT;10;EXW;11;3;;2,4;1;187;;QV999999999999;
INTRA-EX;202507;513881387;ESR980WB;84213100;FR;PT;10;EXW;11;3;;4,2;1;274;;QV999999999999;
INTRA-EX;202507;513881387;06E898001-5;84099100;FR;PT;10;EXW;11;3;;1,9;1;127;;QV999999999999;
INTRA-EX;202507;513881387;R7437-9-5;85111000;FR;PT;10;EXW;11;3;;0,3;1;213;;QV999999999999;
INTRA-EX;202507;513881387;IKR9J8-4;87089997;FR;PT;10;EXW;11;3;;0,3;1;45;;FR25808471304;
INTRA-EX;202507;513881387;110282;27101999;FR;PT;10;EXW;11;3;;1;5;54;;FR25808471304;
INTRA-EX;202507;513881387;MMIG-VW-1504;85111000;FR;PT;10;EXW;11;3;;1,8;1;113;;QV999999999999;
INTRA-EX;202507;513881387;SBMS081;87089235;FR;PT;10;EXW;11;3;;29,5;1;1906;;FR86847828654;
INTRA-EX;202507;513881387;UR-RL2-3014;87088055;FR;PT;10;EXW;11;3;;1,5;1;74;;FR86847828654;
INTRA-EX;202507;513881387;SILZKBR8D8S-6;84099100;FR;PT;10;EXW;11;3;;0,4;1;68;;FR86847828654;
INTRA-EX;202507;513881387;UR-RL8-3013;87088055;FR;PT;10;EXW;11;3;;6,5;1;184;;FR86847828654;
INTRA-EX;202507;513881387;UR-LA6-3012;87088055;FR;PT;10;EXW;11;3;;6,8;1;181;;FR86847828654;
INTRA-EX;202507;513881387;TS-0622-5072;87089997;FR;PT;10;EXW;11;3;;0,6;1;140;;QV999999999999;
INTRA-EX;202507;513881387;AC-BM-ODP;87089997;FR;PT;10;EXW;11;3;;0,1;1;12;;FR53939464640;
INTRA-EX;202507;513881387;WHT005184;40091100;FR;PT;10;EXW;11;3;;0,1;1;8;;QV999999999999;
INTRA-EX;202507;513881387;BKR7EIX-4;84099100;FR;PT;10;EXW;11;3;;0,3;1;40;;QV999999999999;
INTRA-EX;202507;513881387;AC-FA20-OSA;87089235;FR;PT;10;EXW;11;3;;0,4;1;24;;QV999999999999;
INTRA-EX;202507;513881387;CTS-IT-300R;84213100;FR;PT;10;EXW;11;3;;4,1;1;273;;QV999999999999;
INTRA-EX;202507;513881387;06E898001-6;85111000;FR;PT;10;EXW;11;3;;2,1;1;153;;QV999999999999;
INTRA-EX;202507;513881387;SILFER8C7ES-8;85111000;FR;PT;10;EXW;11;3;;0,5;1;98;;QV999999999999;
INTRA-EX;202507;513881387;DILKAR8R9HS-4;85111000;FR;PT;10;EXW;11;3;;0,3;1;62;;QV999999999999;
INTRA-EX;202507;513881387;VWR69000BF1;87089997;FR;PT;10;EXW;11;3;;0,6;1;19;;QV999999999999;
INTRA-EX;202507;513881387;SRN0635-6P-RD;87083091;FR;PT;10;EXW;11;3;;0,5;1;94;;QV999999999999;
INTRA-EX;202507;513881387;FMBPVXA;87089997;FR;PT;10;EXW;11;3;;0,1;1;36;;QV999999999999;
INTRA-EX;202507;513881387;UR-TW2-3051;87088055;FR;PT;10;EXW;11;3;;1,7;2;263;;FR51501941645;
INTRA-EX;202507;513881387;FMAUTB2;87088035;FR;PT;10;EXW;11;3;;3,9;1;320;;QV999999999999;
INTRA-EX;202507;513881387;FMDV37-BLACK;84818040;FR;PT;10;EXW;11;3;;0,6;1;180;;QV999999999999;
INTRA-EX;202507;513881387;U5096-4;84099100;FR;PT;10;EXW;11;3;;1,5;1;108;;QV999999999999;
INTRA-EX;202507;513881387;MMTS-FIST-14;87089997;FR;PT;10;EXW;11;3;;0,1;1;47;;QV999999999999;
INTRA-EX;202507;513881387;U5055-6;84099100;FR;PT;10;EXW;11;3;;2,1;1;132;;QV999999999999;
INTRA-EX;202507;513881387;MS100210-4;84099100;FR;PT;10;EXW;11;3;;1,7;1;119;;QV999999999999;
INTRA-EX;202507;513881387;4B1609H-STD;40091100;FR;PT;10;EXW;11;3;;0,5;1;44;;QV999999999999;
INTRA-EX;202507;513881387;FMWS72616;87088099;FR;PT;10;EXW;11;3;;1,5;1;47;;QV999999999999;
INTRA-EX;202507;513881387;SMA0110-4P-BK;87083091;FR;PT;10;EXW;11;3;;0,5;1;125;;QV999999999999;
INTRA-EX;202507;513881387;JSK-121-RD;84213100;FR;PT;10;EXW;11;3;;4;1;233;;QV999999999999;
INTRA-EX;202507;513881387;R7437-9-4;87089997;FR;PT;10;EXW;11;3;;0,3;1;171;;QV999999999999;
INTRA-EX;202507;513881387;PH/INDFO22-BL;40093100;FR;PT;10;EXW;11;3;;0,6;1;65;;QV999999999999;
INTRA-EX;202507;513881387;ATMSFO108;87089997;FR;PT;10;EXW;11;3;;0,2;1;102;;QV999999999999;
INTRA-EX;202507;513881387;PK457;84213100;FR;PT;10;EXW;11;3;;3,2;1;691;;FR38801951518;
INTRA-EX;202507;513881387;BKR8EIX-6;85111000;FR;PT;10;EXW;11;3;;0,4;1;64;;QV999999999999;
INTRA-EX;202507;513881387;06E898001-6;85111000;FR;PT;10;EXW;11;3;;2,1;1;153;;QV999999999999;
INTRA-EX;202507;513881387;SAU0650-6P-RD;87083091;FR;PT;10;EXW;11;3;;0,5;1;98;;QV999999999999;
INTRA-EX;202507;513881387;10.127.203T;87089997;FR;PT;10;EXW;11;3;;0,1;1;14;;QV999999999999;
INTRA-EX;202507;513881387;10.127.203K;84132000;FR;PT;10;EXW;11;3;;0,3;1;314;;QV999999999999;
INTRA-EX;202507;513881387;SCNC014;87089235;FR;PT;10;EXW;11;3;;2,4;1;145;;QV999999999999;
INTRA-EX;202507;513881387;284779;87082910;FR;PT;10;EXW;11;3;;2,5;1;685;;FR53884052614;
INTRA-EX;202507;513881387;R-AUD-001-I;84099100;FR;PT;10;EXW;11;3;;3,5;1;523;;FR53884052614;
INTRA-EX;202507;513881387;F2177P+F2179P;87082910;FR;PT;10;EXW;11;3;;1,5;1;534;;FR53884052614;
INTRA-EX;202507;513881387;4B1609H-STD;40091100;FR;PT;10;EXW;11;3;;0,5;1;44;;FR53884052614;
INTRA-EX;202507;513881387;KT4006;87089997;FR;PT;10;EXW;11;3;;0,8;1;733;;FR53884052614;
INTRA-EX;202507;513881387;T50-10-1;87089997;FR;PT;10;EXW;11;3;;0,5;1;50;;QV999999999999;
INTRA-EX;202507;513881387;ATMSREN8;87089997;FR;PT;10;EXW;11;3;;1,1;1;117;;QV999999999999;
INTRA-EX;202507;513881387;E20-85-003-01-22;73202081;FR;PT;10;EXW;11;3;;9,3;1;129;;QV999999999999;
INTRA-EX;202507;513881387;R02-10-2;40091100;FR;PT;10;EXW;11;3;;0,1;1;83;;QV999999999999;
INTRA-EX;202507;513881387;U5055-6;84099100;FR;PT;10;EXW;11;3;;2,1;1;132;;QV999999999999;
INTRA-EX;202507;513881387;SAU0630-4P-BK;87083091;FR;PT;10;EXW;11;3;;0,5;1;77;;QV999999999999;
INTRA-EX;202507;513881387;06E898001-5;84099100;FR;PT;10;EXW;11;3;;1,9;1;127;;QV999999999999;
INTRA-EX;202507;513881387;ACCLAMP3;96072090;FR;PT;10;EXW;11;3;;0,2;1;4;;QV999999999999;
INTRA-EX;202507;513881387;MMTS-GTR-09;90321020;FR;PT;10;EXW;11;3;;0,4;1;99;;FR03837844190;
INTRA-EX;202507;513881387;AC-200-DP;87089235;FR;PT;10;EXW;11;3;;10;1;194;;QV999999999999;
INTRA-EX;202507;513881387;DV100001;84213100;FR;PT;10;EXW;11;3;;0,5;1;224;;FR55823261680;
INTRA-EX;202507;513881387;IMS-8V8S-UPB;87089997;FR;PT;10;EXW;11;3;;0,5;1;74;;QV999999999999;
INTRA-EX;202507;513881387;IMS-8V8S-GRK;87089997;FR;PT;10;EXW;11;3;;0,2;1;70;;QV999999999999;
INTRA-EX;202507;513881387;VWR810009;87089997;FR;PT;10;EXW;11;3;;0,2;1;57;;QV999999999999;
INTRA-EX;202507;513881387;CTS-HW-306;87089997;FR;PT;10;EXW;11;3;;0,9;1;83;;QV999999999999;
INTRA-EX;202507;513881387;VWR150004;90269000;FR;PT;10;EXW;11;3;;0,4;1;104;;QV999999999999;
INTRA-EX;202507;513881387;N91130801-5;87089997;FR;PT;10;EXW;11;3;;0,1;1;7;;QV999999999999;
INTRA-EX;202507;513881387;VWR810000;87089997;FR;PT;10;EXW;11;3;;0,2;1;28;;QV999999999999;
INTRA-EX;202507;513881387;1-101S;84133080;FR;PT;10;EXW;11;3;;1;1;20;;QV999999999999;
INTRA-EX;202507;513881387;06F103483D;87089997;FR;PT;10;EXW;11;3;;0,1;1;8;;QV999999999999;
INTRA-EX;202507;513881387;SILZKBR8D8S-6;84099100;FR;PT;10;EXW;11;3;;0,4;1;68;;QV999999999999;
INTRA-EX;202507;513881387;U5055-6;84099100;FR;PT;10;EXW;11;3;;2,1;1;132;;QV999999999999;
INTRA-EX;202507;513881387;78198025;;FR;PT;10;EXW;11;3;;0,1;2;23;;QV999999999999;
INTRA-EX;202507;513881387;216BFWGBOSM;90262020;FR;PT;10;EXW;11;3;;0,3;1;35;;QV999999999999;
INTRA-EX;202507;513881387;CTS-TM-MK56-60D;84099100;FR;PT;10;EXW;11;3;;2;1;107;;QV999999999999;
INTRA-EX;202507;513881387;CTS-EM-MK456-4-60D;84099100;FR;PT;10;EXW;11;3;;2,5;1;116;;QV999999999999;
INTRA-EX;202507;513881387;FMCCHMK5-RED;40093100;FR;PT;10;EXW;11;3;;0,2;1;51;;QV999999999999;
INTRA-EX;202507;513881387;1K0253144BD;40091100;FR;PT;10;EXW;11;3;;0,2;1;9;;QV999999999999;
INTRA-EX;202507;513881387;204-4302;87089997;FR;PT;10;EXW;11;3;;1,5;1;189;;QV999999999999;
INTRA-EX;202507;513881387;EVE-A45S-CF-INT;84213100;PL;PT;10;EXW;11;3;;3,9;1;999;;PL8141683531;
INTRA-EX;202507;513881387;AC-MK7-DI.A;87089997;GR;PT;10;EXW;11;3;;0,1;1;21;;GR802913609;
INTRA-EX;202507;513881387;MS100227;84213100;GR;PT;10;EXW;11;3;;0,8;1;150;;GR802913609;
INTRA-EX;202507;513881387;AC-45-DPHS;87089235;GR;PT;10;EXW;11;3;;9,2;2;539;;GREL115989483;
INTRA-EX;202507;513881387;ESR916WR;84213100;GR;PT;10;EXW;11;3;;4,4;1;230;;GR802913609;
INTRA-EX;202507;513881387;MMRAD-MAC-06;87089135;GR;PT;10;EXW;11;3;;9,1;1;196;;GREL108534505;
INTRA-EX;202507;513881387;AC-S55-DPHS;87089235;BE;PT;10;EXW;11;3;;5,2;1;260;;BE0670639687;
INTRA-EX;202507;513881387;E20-85-051-05-22;73202081;IT;PT;10;EXW;11;3;;8,7;1;178;;IT12072620011;
INTRA-EX;202507;513881387;MMRAD-MK5-08;87089235;IT;PT;10;EXW;11;3;;11,2;1;196;;IT02710790060;
INTRA-EX;202507;513881387;SAU0495-4P-BK;87083091;IT;PT;10;EXW;11;3;;0,5;1;51;;IT12072620011;
INTRA-EX;202507;513881387;SMNX010;87089235;IT;PT;10;EXW;11;3;;5,6;1;567;;IT02710790060;
INTRA-EX;202507;513881387;EVE-EA8884-GTI-INT;84213100;IT;PT;10;EXW;11;3;;4,6;1;999;;IT02710790060;
INTRA-EX;202507;513881387;CTS-IT-272R;84213100;IT;PT;10;EXW;11;3;;3,9;1;209;;IT02710790060;
INTRA-EX;202507;513881387;AC-180S-DVH-BL;40093100;NL;PT;10;EXW;11;3;;0,4;1;17;;NL866860666B01;
INTRA-EX;202507;513881387;MMRAD-E36-92;87089135;NL;PT;10;EXW;11;3;;6,2;1;200;;NL866860666B01;
INTRA-EX;202507;513881387;MMFS-E36-92P;84149000;NL;PT;10;EXW;11;3;;5;1;183;;NL866860666B01;
INTRA-EX;202507;513881387;MMRT-E36-92EBK;87089199;NL;PT;10;EXW;11;3;;2,2;1;108;;NL866860666B01;
INTRA-EX;202507;513881387;PM100332;87089997;NL;PT;10;EXW;11;3;;0,2;1;22;;NL866860666B01;
INTRA-EX;202507;513881387;CTS-IGN-008;84099100;NL;PT;10;EXW;11;3;;0,3;2;59;;NL866860666B01;
INTRA-EX;202507;513881387;SILZKBR8D8S;85111000;NL;PT;10;EXW;11;3;;0,1;6;58;;NL866860666B01;
INTRA-EX;202507;513881387;9-307-1060;84133080;ES;PT;10;EXW;11;3;;0,6;1;122;;ESB72996382;
INTRA-EX;202507;513881387;FMKT005-RED;40093100;ES;PT;10;EXW;11;3;;1,3;1;135;;ESB72996382;
INTRA-EX;202507;513881387;VWR900001;85111000;ES;PT;10;EXW;11;3;;0,3;4;122;;ESB42954230;
INTRA-EX;202507;513881387;VWR29G7250;87089135;ES;PT;10;EXW;11;3;;5,5;1;501;;ESB42954230;
INTRA-EX;202507;513881387;VWR13G700;84099100;ES;PT;10;EXW;11;3;;3;1;468;;ESB42954230;
INTRA-EX;202507;513881387;MMHOSE-TINY-07BK;40091100;ES;PT;10;EXW;11;3;;2,5;1;145;;ES38873546G;
INTRA-EX;202507;513881387;"CTS-HW-036 ARP";87089997;ES;PT;10;EXW;11;3;;0,7;1;104;;ES43179343V;
INTRA-EX;202507;513881387;SP-201;32081090;ES;PT;10;EXW;11;3;;0,5;1;16;;ES43179343V;
INTRA-EX;202507;513881387;SP-731;32081090;ES;PT;10;EXW;11;3;;1;1;12;;ES43179343V;
INTRA-EX;202507;513881387;AC-MK7-MD;87089997;ES;PT;10;EXW;11;3;;0,4;1;43;;ES44719365M;
INTRA-EX;202507;513881387;AC-300-CP;84099100;ES;PT;10;EXW;11;3;;0,3;6;71;;ES44719365M;
INTRA-EX;202507;513881387;AC-S55-IC;84198998;ES;PT;10;EXW;11;3;;7,3;1;299;;ES44719365M;
INTRA-EX;202507;513881387;PK431;84213100;ES;PT;10;EXW;11;3;;4,7;1;206;;ES50902109G;
INTRA-EX;202507;513881387;50-1200;87089997;FR;PT;10;EXW;11;3;;0,5;2;208;;FR55524167806;
INTRA-EX;202507;513881387;MMRAD-E90-07;87089135;FR;PT;10;EXW;11;3;;6,4;1;308;;FR35504243288;
INTRA-EX;202507;513881387;EVE-FL5-CF-INT;84213100;FR;PT;10;EXW;11;3;;3,8;1;1087;;FR80888340023;
INTRA-EX;202507;513881387;PF04;85444290;HU;PT;10;EXW;11;3;;0,2;1;159;;HU25464285;
INTRA-EX;202507;513881387;SP-102;32081090;HU;PT;10;EXW;11;3;;0,5;6;93;;HU25464285;
INTRA-EX;202507;513881387;FMHFIP1;87089235;GR;PT;10;EXW;11;3;;3;1;201;;GR802913609;
INTRA-EX;202507;513881387;EVE-TRB8V8S-LHD-NIL;85111000;IT;PT;10;EXW;11;3;;1,7;1;428;;IT04227541200;
INTRA-EX;202507;513881387;EVE-TRB8V8S-FLG-STK;85111000;IT;PT;10;EXW;11;3;;0,2;1;35;;IT04227541200;
INTRA-EX;202507;513881387;EVE-C8RS6-CF-INT;84213100;IT;PT;10;EXW;11;3;;4,8;1;1987;;IT04227541200;
INTRA-EX;202507;513881387;EVE-ST38Y-CF-INT;84213100;IT;PT;10;EXW;11;3;;7;2;2571;;IT04227541200;
INTRA-EX;202507;513881387;VWR652000-BLK;87089997;IT;PT;10;EXW;11;3;;36,1;1;1510;;IT12034500012;
INTRA-EX;202507;513881387;VWR670007;87089997;IT;PT;10;EXW;11;3;;1,1;1;59;;IT12034500012;
INTRA-EX;202507;513881387;VWR682000;87089997;IT;PT;10;EXW;11;3;;15,5;1;187;;IT12034500012;
INTRA-EX;202507;513881387;SVWC064;87089235;IT;PT;10;EXW;11;3;;11,7;1;307;;IT12034500012;
INTRA-EX;202507;513881387;CI100054;40091100;IT;PT;10;EXW;11;3;;4,3;2;375;;IT12034500012;
INTRA-EX;202507;513881387;FMFSITAT-BLK;87089997;IT;PT;10;EXW;11;3;;0,7;3;526;;IT12034500012;
INTRA-EX;202507;513881387;FMDVMK7A-BLA;87089997;IT;PT;10;EXW;11;3;;0,6;3;492;;IT12034500012;
INTRA-EX;202507;513881387;VWR12P1GT;84213100;IT;PT;10;EXW;11;3;;3;1;285;;IT03002640732;
INTRA-EX;202507;513881387;VWR30G7GT;87088035;IT;PT;10;EXW;11;3;;25,5;1;520;;IT03002640732;
INTRA-EX;202507;513881387;VWR160001;87089997;IT;PT;10;EXW;11;3;;0,4;1;86;;IT03002640732;
INTRA-EX;202507;513881387;AC-MK8-DPHS;87089235;IT;PT;10;EXW;11;3;;8,3;1;209;;IT03002640732;
INTRA-EX;202507;513881387;FMINDK52;87089997;IT;PT;10;EXW;11;3;;3,2;2;357;;IT08839490011;
INTRA-EX;202507;513881387;SBMC083;87089235;IT;PT;10;EXW;11;3;;3,8;1;250;;IT03656931205;
INTRA-EX;202507;513881387;UR-RL2-686;87088055;IT;PT;10;EXW;11;3;;0,9;1;41;;IT12072620011;
INTRA-EX;202507;513881387;Z1003101;85111000;IT;PT;10;EXW;11;3;;0,1;4;66;;IT12072620011;
INTRA-EX;202507;513881387;D650-0009;84099100;IT;PT;10;EXW;11;3;;0,3;6;151;;IT02710790060;
INTRA-EX;202507;513881387;Z1003100;85111000;IT;PT;10;EXW;11;3;;0,1;4;99;;IT03656931205;
INTRA-EX;202507;513881387;1CCVW08F02;87089997;NL;PT;10;EXW;11;3;;2,3;1;143;;NL866860666B01;
INTRA-EX;202507;513881387;VWR121000;84213100;NL;PT;10;EXW;11;3;;2;1;247;;NL866860666B01;
INTRA-EX;202507;513881387;A1000004;87089997;NL;PT;10;EXW;11;3;;0,1;1;4;;NL866860666B01;
INTRA-EX;202507;513881387;A1000008;87089997;NL;PT;10;EXW;11;3;;0,1;1;15;;NL866860666B01;
INTRA-EX;202507;513881387;U5014;84099100;NL;PT;10;EXW;11;3;;0,3;4;86;;NL866860666B01;
INTRA-EX;202507;513881387;AC-180-DP;87089235;NL;PT;10;EXW;11;3;;8,3;1;143;;NL866860666B01;
INTRA-EX;202507;513881387;CTS-IT-105R;84213100;ES;PT;10;EXW;11;3;;4,6;1;224;;ESB75758177;
INTRA-EX;202507;513881387;VWR190002;87089997;ES;PT;10;EXW;11;3;;0,2;1;49;;ES29524079Z;
INTRA-EX;202507;513881387;MS100247;85111000;ES;PT;10;EXW;11;3;;0,4;4;149;;ES29524079Z;
INTRA-EX;202507;513881387;FMACVAG05;84099100;ES;PT;10;EXW;11;3;;0,5;1;114;;ESB72996382;
INTRA-EX;202507;513881387;9-307-1060;84133080;ES;PT;10;EXW;11;3;;0,6;1;122;;ESB72996382;
INTRA-EX;202507;513881387;VWR810009;87089997;ES;PT;10;EXW;11;3;;0,2;1;40;;ESB42954230;
INTRA-EX;202507;513881387;VWR810005;87082990;ES;PT;10;EXW;11;3;;0,4;1;124;;ESB42954230;
INTRA-EX;202507;513881387;10.127.100K;84132000;ES;PT;10;EXW;11;3;;0,3;1;227;;ESB42954230;
INTRA-EX;202507;513881387;10.127.203K;84132000;ES;PT;10;EXW;11;3;;0,3;1;227;;ESB42954230;
INTRA-EX;202507;513881387;VWR17G7R600;40091100;ES;PT;10;EXW;11;3;;0,2;5;191;;ESB42954230;
INTRA-EX;202507;513881387;VWR19G706;87089997;ES;PT;10;EXW;11;3;;0,4;1;53;;ESB42954230;
INTRA-EX;202507;513881387;VWR19G711;84213100;ES;PT;10;EXW;11;3;;0,3;1;65;;ESB42954230;
INTRA-EX;202507;513881387;SILFER8C7ES;85111000;ES;PT;10;EXW;11;3;;0,1;34;357;;ESB42954230;
INTRA-EX;202507;513881387;VWR18G700;87089997;ES;PT;10;EXW;11;3;;4;1;420;;ESB42954230;
INTRA-EX;202507;513881387;CTS-IT-250;84213100;ES;PT;10;EXW;11;3;;6,6;1;284;;ES44719365M;
INTRA-EX;202507;513881387;VWR13G700;84099100;ES;PT;10;EXW;11;3;;3;1;468;;ESB04855516;
INTRA-EX;202507;513881387;VWR13G700RFK;87089997;ES;PT;10;EXW;11;3;;0,5;1;46;;ESB04855516;
INTRA-EX;202507;513881387;SSE0426-4P-BK;87083091;ES;PT;10;EXW;11;3;;0,5;1;51;;ES50902109G;
INTRA-EX;202507;513881387;EVE-F56-LCI-PL-INT;84213100;FR;PT;10;EXW;11;3;;4,8;1;714;;FR26750353237;
INTRA-EX;202507;513881387;CTS-IGN-007;84099100;FR;PT;10;EXW;11;3;;0,3;1;29;;FR46821372117;
INTRA-EX;202507;513881387;MS100208;85111000;FR;PT;10;EXW;11;3;;0,3;3;74;;FR46821372117;
INTRA-EX;202507;513881387;MS100192;85111000;FR;PT;10;EXW;11;3;;0,3;3;112;;FR46821372117;
INTRA-EX;202507;513881387;EVE-B58-CF-INT;84213100;FR;PT;10;EXW;11;3;;4,2;1;928;;FR26750353237;
INTRA-EX;202507;513881387;EVE-ST38V8S-CF-INT;84213100;FR;PT;10;EXW;11;3;;6,5;1;1285;;FR26750353237;
INTRA-EX;202507;513881387;EVE-F56-LCI-PL-INT;84213100;FR;PT;10;EXW;11;3;;4,8;1;714;;FR82530667591;
INTRA-EX;202507;513881387;AC-W205-DPHS;87089997;FR;PT;10;EXW;11;3;;9,3;1;341;;FR86889861761;
INTRA-EX;202507;513881387;C9000;87089997;FR;PT;10;EXW;11;3;;1;1;9;;FR86889861761;
INTRA-EX;202507;513881387;PP1956;84213100;FR;PT;10;EXW;11;3;;0,7;1;66;;FR86889861761;
INTRA-EX;202507;513881387;SRNC026;87089235;FR;PT;10;EXW;11;3;;4,6;1;129;;FR49984842823;
INTRA-EX;202507;513881387;AC-MK8-IC;87089199;HU;PT;10;EXW;11;3;;16,5;1;349;;HU25464285;
INTRA-EX;202507;513881387;CTS-IT-810;40091100;HU;PT;10;EXW;11;3;;2,5;1;164;;HU25464285;
INTRA-EX;202507;513881387;ARMABZA450S-A;84213100;PL;PT;10;EXW;11;3;;3;1;464;;PL8141683531;
INTRA-EX;202507;513881387;EVE-FK8-CF-INT;84213100;PL;PT;10;EXW;11;3;;5;1;1035;;PL8141683531;
INTRA-EX;202507;513881387;EVE-B9RS5-CF-INT;84213100;PL;PT;10;EXW;11;3;;3,9;1;1178;;PL8141683531;
INTRA-EX;202507;513881387;P3PSEN;87089997;GR;PT;10;EXW;11;3;;0,1;1;42;;GR802913609;
INTRA-EX;202507;513881387;PK438;84213100;GR;PT;10;EXW;11;3;;3,8;1;211;;GR802913609;
INTRA-EX;202507;513881387;AC-MK7-DI.A;87089997;GR;PT;10;EXW;11;3;;0,1;1;21;;GR802913609;
INTRA-EX;202507;513881387;FMINT28;84198998;IT;PT;10;EXW;11;3;;15,6;1;471;;IT02710790060;
INTRA-EX;202507;513881387;AC-F56-DP;87089235;IT;PT;10;EXW;11;3;;4,5;1;115;;IT02710790060;
INTRA-EX;202507;513881387;ATINTVAG35;87089199;IT;PT;10;EXW;11;3;;14,3;1;665;;IT03813391202;
INTRA-EX;202507;513881387;AC-300-CP;84099100;IT;PT;10;EXW;11;3;;0,3;4;47;;IT12072620011;
INTRA-EX;202507;513881387;UR-LA8-1257;87088055;IT;PT;10;EXW;11;3;;5,3;1;108;;IT12072620011;
INTRA-EX;202507;513881387;MS100208;85111000;IT;PT;10;EXW;11;3;;0,3;4;99;;IT12072620011;
INTRA-EX;202507;513881387;AC-IS-TB;87089997;IT;PT;10;EXW;11;3;;0,3;1;29;;IT03656931205;
INTRA-EX;202507;513881387;R01-10-2;40091100;IT;PT;10;EXW;11;3;;0,1;1;64;;IT03656931205;
INTRA-EX;202507;513881387;06K103495AC;87089997;NL;PT;10;EXW;11;3;;0,6;1;17;;NL866860666B01;
INTRA-EX;202507;513881387;MS100192;85111000;NL;PT;10;EXW;11;3;;0,3;4;149;;NL866860666B01;
INTRA-EX;202507;513881387;VWR1210R600EG;84213100;NL;PT;10;EXW;11;3;;5,2;1;458;;NL866996473B01;
INTRA-EX;202507;513881387;VWR900004;85111000;NL;PT;10;EXW;11;3;;0,3;34;1115;;NL866996473B01;
INTRA-EX;202507;513881387;EVE-FLC;87084099;NL;PT;10;EXW;11;3;;0,6;1;21;;NL866996473B01;
INTRA-EX;202507;513881387;VWR800001;58109210;NL;PT;10;EXW;11;3;;0,1;1;7;;NL866996473B01;
INTRA-EX;202507;513881387;VWR12G7R600ITINLET;87089997;NL;PT;10;EXW;11;3;;0,4;1;100;;NL866996473B01;
INTRA-EX;202507;513881387;AC-200-CFA;87089997;NL;PT;10;EXW;11;3;;0,1;1;16;;NL866996473B01;
INTRA-EX;202507;513881387;1K0253144AE;87089997;NL;PT;10;EXW;11;3;;1;1;6;;NL866860666B01;
INTRA-EX;202507;513881387;U5014;84099100;NL;PT;10;EXW;11;3;;0,3;4;86;;NL866860666B01;
INTRA-EX;202507;513881387;VWR12P2GTG;84213100;NL;PT;10;EXW;11;3;;2,1;1;444;;NL866860666B01;
INTRA-EX;202507;513881387;PK438;84213100;ES;PT;10;EXW;11;3;;3,8;1;211;;ES44719365M;
INTRA-EX;202507;513881387;PK438;84213100;ES;PT;10;EXW;11;3;;3,8;1;211;;ES44719365M;
INTRA-EX;202507;513881387;FMDV37-BLACK;84818040;ES;PT;10;EXW;11;3;;0,6;1;143;;ES44719365M;
INTRA-EX;202507;513881387;SILZKBR8D8S;85111000;FR;PT;10;EXW;11;3;;0,1;18;176;;FR35504243288;
INTRA-EX;202507;513881387;CTS-IT-910;40091100;FR;PT;10;EXW;11;3;;1,9;1;142;;FR35504243288;
INTRA-EX;202507;513881387;KDT926;84198998;DE;PT;10;EXW;11;3;;0,2;3;109;;DE359821210;
INTRA-EX;202507;513881387;KCA416;87141030;DE;PT;10;EXW;11;3;;0,6;3;79;;DE359821210;
INTRA-EX;202507;513881387;VWR31G8GT;87089997;CZ;PT;10;EXW;11;3;;8,5;1;161;;CZ05681197;
INTRA-EX;202507;513881387;AC-G8x-UDT;87089997;CZ;PT;10;EXW;11;3;;4,7;1;149;;CZ05681197;
INTRA-EX;202507;513881387;30-0306;87089997;SI;PT;10;EXW;11;3;;0,7;1;157;;SI84452412;
INTRA-EX;202507;513881387;VWR31SK01;84213100;SI;PT;10;EXW;11;3;;9,2;1;161;;SI84452412;
INTRA-EX;202507;513881387;EVE-ST38Y-CF-INT;84213100;SI;PT;10;EXW;11;3;;7;1;1285;;SI84452412;
INTRA-EX;202507;513881387;EVE-8YS3-CF-INT;84213100;PL;PT;10;EXW;11;3;;4,9;1;999;;PL8141683531;
INTRA-EX;202507;513881387;SVWP036;87089235;GR;PT;10;EXW;11;3;;9,6;1;104;;GR802913609;
INTRA-EX;202507;513881387;SP1126WB;84213100;GR;PT;10;EXW;11;3;;5,1;1;309;;GR802913609;
INTRA-EX;202507;513881387;AC-MK8-DPHS;87089235;GR;PT;10;EXW;11;3;;8,3;1;209;;GR802913609;
INTRA-EX;202507;513881387;TTE480;84099100;BE;PT;10;EXW;11;3;;16,5;1;1796;;BE0740963105;
INTRA-EX;202507;513881387;VWR1200R600E;84213100;IT;PT;10;EXW;11;3;;4,9;1;309;;IT03813391202;
INTRA-EX;202507;513881387;VWR17G8R600;84213100;IT;PT;10;EXW;11;3;;0,2;1;38;;IT03813391202;
INTRA-EX;202507;513881387;VWR120003;87089997;IT;PT;10;EXW;11;3;;1,3;1;178;;IT03813391202;
INTRA-EX;202507;513881387;VWR160000;87089997;IT;PT;10;EXW;11;3;;0,7;1;114;;IT03813391202;
INTRA-EX;202507;513881387;AC-MK7R-DPHS;87089235;IT;PT;10;EXW;11;3;;11,6;1;245;;IT12072620011;
INTRA-EX;202507;513881387;SHD0398-4C-RD;87083091;IT;PT;10;EXW;11;3;;0,5;1;92;;IT02710790060;
INTRA-EX;202507;513881387;AC-BMB-CP;85111000;IT;PT;10;EXW;11;3;;0,6;4;49;;IT12072620011;
INTRA-EX;202507;513881387;UR-LA2-2090;87088055;IT;PT;10;EXW;11;3;;2;1;52;;IT12072620011;
INTRA-EX;202507;513881387;VWR3131S3;73209090;IT;PT;10;EXW;11;3;;9,2;1;161;;IT03656931205;
INTRA-EX;202507;513881387;STY009;87089235;IT;PT;10;EXW;11;3;;19,8;1;751;;IT02710790060;
INTRA-EX;202507;513881387;SVW0630-4P-RD;87083091;IT;PT;10;EXW;11;3;;0,5;1;63;;IT03656931205;
INTRA-EX;202507;513881387;MMAI-MUS8-15BK;84213100;IT;PT;10;EXW;11;3;;6,5;1;222;;IT02710790060;
INTRA-EX;202507;513881387;VWR1200R600E;84213100;IT;PT;10;EXW;11;3;;4,9;1;309;;IT03813391202;
INTRA-EX;202507;513881387;AC-C7RS-DP;87089997;IT;PT;10;EXW;11;3;;8,8;1;275;;IT03002640732;
INTRA-EX;202507;513881387;SAUP087;87089997;IT;PT;10;EXW;11;3;;12,4;1;229;;IT03002640732;
INTRA-EX;202507;513881387;AC-RX8-RU;87088055;NL;PT;10;EXW;11;3;;2,5;1;53;;NL866860666B01;
INTRA-EX;202507;513881387;CI100054;40091100;NL;PT;10;EXW;11;3;;4,3;1;187;;NL866860666B01;
INTRA-EX;202507;513881387;ARMAAD0RS4-1;84213100;NL;PT;10;EXW;11;3;;1,5;1;114;;NL866860666B01;
INTRA-EX;202507;513881387;MMRT-FIST-14EBK;87089199;NL;PT;10;EXW;11;3;;3;1;139;;NL866860666B01;
INTRA-EX;202507;513881387;VWR31G5GT;87088035;NL;PT;10;EXW;11;3;;11;1;174;;NL866996473B01;
INTRA-EX;202507;513881387;VWR12P1GT;84213100;NL;PT;10;EXW;11;3;;3;1;285;;NL866996473B01;
INTRA-EX;202507;513881387;VWR800003;58109210;NL;PT;10;EXW;11;3;;0,1;1;7;;NL866996473B01;
INTRA-EX;202507;513881387;VWR640012;87089997;NL;PT;10;EXW;11;3;;2,2;1;62;;NL866996473B01;
INTRA-EX;202507;513881387;VWR640015;87089997;NL;PT;10;EXW;11;3;;2,2;1;65;;NL866996473B01;
INTRA-EX;202507;513881387;R7437-9;85111000;NL;PT;10;EXW;11;3;;0,1;9;326;;NL866996473B01;
INTRA-EX;202507;513881387;SILFER8C7ES;85111000;NL;PT;10;EXW;11;3;;0,1;7;73;;NL866996473B01;
INTRA-EX;202507;513881387;CI100039-B;40091100;NL;PT;10;EXW;11;3;;1,7;1;132;;NL866996473B01;
INTRA-EX;202507;513881387;CTS-IGN-007;84099100;NL;PT;10;EXW;11;3;;0,3;8;239;;NL866996473B01;
INTRA-EX;202507;513881387;AC-200-CFA;87089997;NL;PT;10;EXW;11;3;;0,1;4;65;;NL866996473B01;
INTRA-EX;202507;513881387;CTS-EXH-DP-0024-S;87089235;ES;PT;10;EXW;11;3;;4,2;1;247;;ESB44699973;
INTRA-EX;202507;513881387;AC-W204-DP;87089997;ES;PT;10;EXW;11;3;;15;1;269;;ESB44699973;
INTRA-EX;202507;513881387;VWR1210R600EG;84213100;ES;PT;10;EXW;11;3;;5,2;1;458;;ESB42954230;
INTRA-EX;202507;513881387;MMINT-MK7-15;84198998;ES;PT;10;EXW;11;3;;17,1;1;553;;ESB42954230;
INTRA-EX;202507;513881387;VWR18G700;87089997;ES;PT;10;EXW;11;3;;4;1;420;;ESB42954230;
INTRA-EX;202507;513881387;VWR1200R600E;84213100;ES;PT;10;EXW;11;3;;4,9;1;309;;ESB42954230;
INTRA-EX;202507;513881387;MMRAD-E36-92;87089135;ES;PT;10;EXW;11;3;;6,2;1;200;;ES18062887K;
INTRA-EX;202507;513881387;CTS-IT-166;84213100;ES;PT;10;EXW;11;3;;3;1;194;;ESB64437577;
INTRA-EX;202507;513881387;FMMK5CTC;87089135;ES;PT;10;EXW;11;3;;1,6;1;327;;ESB65945743;
INTRA-EX;202507;513881387;SILFER8C7ES;85111000;ES;PT;10;EXW;11;3;;0,1;8;84;;ESB42771618;
INTRA-EX;202507;513881387;AC-MK7-INLET;40091100;ES;PT;10;EXW;11;3;;0,3;2;91;;ESB42771618;
INTRA-EX;202507;513881387;AC-MK7-MD;87089997;ES;PT;10;EXW;11;3;;0,4;2;87;;ESB42771618;
INTRA-EX;202507;513881387;VWR19G702;70102000;ES;PT;10;EXW;11;3;;0,1;1;49;;ESB42771618;
INTRA-EX;202507;513881387;AC-MK5-FU-RD;87088055;ES;PT;10;EXW;11;3;;4,4;2;119;;ESB42771618;
INTRA-EX;202507;513881387;MMRT-E36-92E;87089199;ES;PT;10;EXW;11;3;;2,2;1;108;;ESB09771205;
INTRA-EX;202507;513881387;216BFWAOPSM;90269000;ES;PT;10;EXW;11;3;;0,4;1;34;;ESB09771205;
INTRA-EX;202507;513881387;216BFWAOTSM;90269000;ES;PT;10;EXW;11;3;;0,3;1;29;;ESB09771205;
INTRA-EX;202507;513881387;216BFWAWTSM;90262020;ES;PT;10;EXW;11;3;;0,3;1;29;;ESB09771205;
INTRA-EX;202507;513881387;MMHP-ASHB-2424;87089997;ES;PT;10;EXW;11;3;;0,3;2;50;;ESB09771205;
INTRA-EX;202507;513881387;ARMABM8235-A;84213100;ES;PT;10;EXW;11;3;;5,8;1;581;;ESB01715598;
INTRA-EX;202507;513881387;VWR30G70R;87088020;ES;PT;10;EXW;11;3;;26;1;520;;ESB67497925;
INTRA-EX;202507;513881387;SFDP091;87089235;ES;PT;10;EXW;11;3;;8,1;1;92;;ESB67497925;
INTRA-EX;202507;513881387;VWR12G7R600OS;84213100;ES;PT;10;EXW;11;3;;0,3;1;21;;ES50902109G;
INTRA-EX;202507;513881387;SILFER8C7ES;85111000;FR;PT;10;EXW;11;3;;0,1;9;94;;FR88985403690;
INTRA-EX;202507;513881387;EVE-ST38V8S-CF-INT;84213100;FR;PT;10;EXW;11;3;;6,5;1;1285;;FR26750353237;
INTRA-EX;202507;513881387;SVWX043;87089235;FR;PT;10;EXW;11;3;;10;1;526;;FR82530667591;
INTRA-EX;202507;513881387;SVW0630-4P-BK;87083091;FR;PT;10;EXW;11;3;;0,5;1;63;;FR19980130553;
INTRA-EX;202507;513881387;KLC106;87089997;FR;PT;10;EXW;11;3;;0,8;1;100;;FR80888340023;
INTRA-EX;202507;513881387;EVE-C8RS6-CF-INT;84213100;FR;PT;10;EXW;11;3;;4,8;1;1987;;FR80888340023;
INTRA-EX;202507;513881387;VWR1200R601E;84213100;SK;PT;10;EXW;11;3;;4,9;1;338;;SK2120270581;
INTRA-EX;202507;513881387;VWR12G7R600ITINLET;87089997;SK;PT;10;EXW;11;3;;0,4;1;100;;SK2120270581;
INTRA-EX;202507;513881387;VWR12G7R600ITBLA;84213100;SK;PT;10;EXW;11;3;;0,8;1;76;;SK2120270581;
INTRA-EX;202507;513881387;VWR160001;87089997;SK;PT;10;EXW;11;3;;0,4;1;86;;SK2120270581;
INTRA-EX;202507;513881387;EVE-FK8V3-CF-CHG;87089997;SI;PT;10;EXW;11;3;;4;1;498;;SI84452412;
INTRA-EX;202507;513881387;ATINTVAG18;;DE;PT;10;EXW;11;3;;0,1;1;542;;DE181881308;
INTRA-EX;202507;513881387;CTS-IT-340R;84213100;GR;PT;10;EXW;11;3;;3,4;1;224;;GR802913609;
INTRA-EX;202507;513881387;SBMP082;87089235;GR;PT;10;EXW;11;3;;7,9;1;157;;GR802913609;
INTRA-EX;202507;513881387;WB-512;84213100;GR;PT;10;EXW;11;3;;0,3;1;33;;GR802913609;
INTRA-EX;202507;513881387;CLK-2;84213100;GR;PT;10;EXW;11;3;;1;1;21;;GR802913609;
INTRA-EX;202507;513881387;mmai-cla45-14bk;84213100;GR;PT;10;EXW;11;3;;4,1;1;313;;GR802913609;
INTRA-EX;202507;513881387;VWR620005MM;;BE;PT;10;EXW;11;3;;0,1;1;81;;BE0789537438;
INTRA-EX;202507;513881387;VWR810002;87089997;BE;PT;10;EXW;11;3;;0,5;1;56;;BE0789537438;
INTRA-EX;202507;513881387;VWR190007;87141030;BE;PT;10;EXW;11;3;;0,3;1;17;;BE0789537438;
INTRA-EX;202507;513881387;CTS-EXH-DP-0015;87089235;BE;PT;10;EXW;11;3;;8;1;374;;BE0789537438;
INTRA-EX;202507;513881387;PP2062;84213100;BE;PT;10;EXW;11;3;;0,8;1;66;;BE0789537438;
INTRA-EX;202507;513881387;MS100208;85111000;IT;PT;10;EXW;11;3;;0,3;8;199;;IT14481871003;
INTRA-EX;202507;513881387;SILFER8C7ES;85111000;IT;PT;10;EXW;11;3;;0,1;16;168;;IT14481871003;
INTRA-EX;202507;513881387;MS100192;85111000;IT;PT;10;EXW;11;3;;0,3;16;597;;IT14481871003;
INTRA-EX;202507;513881387;SME0455-4P-BK;87083091;IT;PT;10;EXW;11;3;;0,5;1;51;;IT12072620011;
INTRA-EX;202507;513881387;UR-RE2-4262;87088055;IT;PT;10;EXW;11;3;;2,1;1;67;;IT12072620011;
INTRA-EX;202507;513881387;AC-300-CP;84099100;IT;PT;10;EXW;11;3;;0,3;4;47;;IT12072620011;
INTRA-EX;202507;513881387;EVE-TRB8V8S-LHD-NIL;85111000;IT;PT;10;EXW;11;3;;1,7;1;428;;IT08839490011;
INTRA-EX;202507;513881387;EVE-TRB8V8S-FLG-STK;85111000;IT;PT;10;EXW;11;3;;0,2;1;35;;IT08839490011;
INTRA-EX;202507;513881387;MMHOSE-BRZ-13IBK;40091100;IT;PT;10;EXW;11;3;;1,3;1;100;;IT08839490011;
INTRA-EX;202507;513881387;BKR8EIX;85111000;IT;PT;10;EXW;11;3;;0,1;8;72;;IT08839490011;
INTRA-EX;202507;513881387;PFR7S8EG;85111000;IT;PT;10;EXW;11;3;;0,2;8;61;;IT08839490011;
INTRA-EX;202507;513881387;FMINLD1;84213100;IT;PT;10;EXW;11;3;;1,3;1;299;;IT08839490011;
INTRA-EX;202507;513881387;FMTIA11-PERFBLUE;87089997;IT;PT;10;EXW;11;3;;2,1;1;197;;IT08839490011;
INTRA-EX;202507;513881387;AC-200-TP;40091100;IT;PT;10;EXW;11;3;;1,2;1;73;;IT03656931205;
INTRA-EX;202507;513881387;AC-VAG-ODP;70102000;IT;PT;10;EXW;11;3;;0,2;1;5;;IT03656931205;
INTRA-EX;202507;513881387;VWR1200R600E;84213100;IT;PT;10;EXW;11;3;;4,9;1;309;;IT04227541200;
INTRA-EX;202507;513881387;AC-MK7-MD;87089997;IT;PT;10;EXW;11;3;;0,4;1;43;;IT04227541200;
INTRA-EX;202507;513881387;D650-0009;84099100;IT;PT;10;EXW;11;3;;0,3;4;100;;IT02710790060;
INTRA-EX;202507;513881387;AC-MQB-IC;84198998;IT;PT;10;EXW;11;3;;16,3;1;281;;IT02710790060;
INTRA-EX;202507;513881387;AC-MK7-MD;87089997;IT;PT;10;EXW;11;3;;0,4;1;43;;IT02710790060;
INTRA-EX;202507;513881387;FMINDDS3-BLU;84213100;IT;PT;10;EXW;11;3;;1,2;1;107;;IT03656931205;
INTRA-EX;202507;513881387;FMINDK45-FOAM;84213100;IT;PT;10;EXW;11;3;;6,2;1;169;;IT02710790060;
INTRA-EX;202507;513881387;MS100192;85111000;NL;PT;10;EXW;11;3;;0,3;5;186;;NL866860666B01;
INTRA-EX;202507;513881387;CI100033-B;87089235;NL;PT;10;EXW;11;3;;1;1;166;;NL866860666B01;
INTRA-EX;202507;513881387;U5014;84099100;NL;PT;10;EXW;11;3;;0,3;4;86;;NL866860666B01;
INTRA-EX;202507;513881387;AC-BM-ODP;87089997;NL;PT;10;EXW;11;3;;0,1;1;8;;NL866860666B01;
INTRA-EX;202507;513881387;A1000008;87089997;NL;PT;10;EXW;11;3;;0,1;1;15;;NL866860666B01;
INTRA-EX;202507;513881387;U5014;84099100;NL;PT;10;EXW;11;3;;0,3;4;86;;NL866860666B01;
INTRA-EX;202507;513881387;U5014;84099100;NL;PT;10;EXW;11;3;;0,3;4;86;;NL866860666B01;
INTRA-EX;202507;513881387;SVWC043;87089235;NL;PT;10;EXW;11;3;;8,6;1;283;;NL866860666B01;
INTRA-EX;202507;513881387;MMBCC-FIST-14PBE;84099100;NL;PT;10;EXW;11;3;;1,6;1;149;;NL866860666B01;
INTRA-EX;202507;513881387;VWR11G701;84213100;NL;PT;10;EXW;11;3;;0,3;1;57;;NL866860666B01;
INTRA-EX;202507;513881387;AC-MK7-INLET;40091100;NL;PT;10;EXW;11;3;;0,3;1;45;;NL866860666B01;
INTRA-EX;202507;513881387;BKR8EIX;85111000;NL;PT;10;EXW;11;3;;0,1;24;218;;NL866860666B01;
INTRA-EX;202507;513881387;BKR7EIX;85111000;NL;PT;10;EXW;11;3;;0,1;11;94;;NL866860666B01;
INTRA-EX;202507;513881387;STYS009;87089235;NL;PT;10;EXW;11;3;;19,8;1;680;;NL866860666B01;
INTRA-EX;202507;513881387;EVE-FK2V2-CF-LHD-INT;84213100;ES;PT;10;EXW;11;3;;3,7;1;906;;ESB66899667;
INTRA-EX;202507;513881387;VWR12G7R600FO;84213100;ES;PT;10;EXW;11;3;;0,5;1;86;;ES44534463T;
INTRA-EX;202507;513881387;SILFER8C7ES;85111000;ES;PT;10;EXW;11;3;;0,1;4;42;;ES44534463T;
INTRA-EX;202507;513881387;VWR900001;85111000;ES;PT;10;EXW;11;3;;0,3;4;122;;ES44534463T;
INTRA-EX;202507;513881387;SES1116ICPWB;40091100;ES;PT;10;EXW;11;3;;2,5;1;375;;ESB44699973;
INTRA-EX;202507;513881387;ATMSYGR04;87089135;ES;PT;10;EXW;11;3;;4,3;1;344;;ES44719365M;
INTRA-EX;202507;513881387;9-307-1026;84133080;ES;PT;10;EXW;11;3;;0,5;1;122;;ESB42547083;
INTRA-EX;202507;513881387;BMR65XXZ;87088055;ES;PT;10;EXW;11;3;;7,9;1;167;;ESB42547083;
INTRA-EX;202507;513881387;BMF48;87088055;ES;PT;10;EXW;11;3;;6,3;1;143;;ESB42547083;
INTRA-EX;202507;513881387;KCA471;87089997;ES;PT;10;EXW;11;3;;2;1;85;;ESB42547083;
INTRA-EX;202507;513881387;BMR84Z;87088055;ES;PT;10;EXW;11;3;;5,9;1;129;;ESB42547083;
INTRA-EX;202507;513881387;BMF55Z;87088055;ES;PT;10;EXW;11;3;;7,2;1;136;;ESB42547083;
INTRA-EX;202507;513881387;42M-02-1200-4;84133080;ES;PT;10;EXW;11;3;;0,2;1;259;;ESB42547083;
INTRA-EX;202507;513881387;KCA395;87088055;ES;PT;10;EXW;11;3;;2;1;152;;ESB42547083;
INTRA-EX;202507;513881387;AC-Z33-DP;87089235;ES;PT;10;EXW;11;3;;4,5;1;75;;ES18062887K;
INTRA-EX;202507;513881387;SHYC103;87089235;ES;PT;10;EXW;11;3;;4,5;1;212;;ES18062887K;
INTRA-EX;202507;513881387;DILKAR8A8;85111000;ES;PT;10;EXW;11;3;;0,1;6;128;;ESB67114637;
INTRA-EX;202507;513881387;ATIKVAG19;84213100;ES;PT;10;EXW;11;3;;4,9;1;189;;ESE24731622;
INTRA-EX;202507;513881387;EVE-FLC;87084099;FR;PT;10;EXW;11;3;;0,6;1;21;;FR82530667591;
INTRA-EX;202507;513881387;SBW1162-4P-BK;87083091;FR;PT;10;EXW;11;3;;0,5;1;63;;FR43935269613;
INTRA-EX;202507;513881387;SILZKGR8B8S;85111000;FR;PT;10;EXW;11;3;;0,1;30;254;;FR43935269613;
INTRA-EX;202507;513881387;SILZKBR8D8S;85111000;FR;PT;10;EXW;11;3;;0,1;30;294;;FR43935269613;
INTRA-EX;202507;513881387;SBW1171-4P-BK;87083091;FR;PT;10;EXW;11;3;;0,5;2;126;;FR43935269613;
INTRA-EX;202507;513881387;SBW1170-4P-BK;87083091;FR;PT;10;EXW;11;3;;0,5;2;126;;FR43935269613;
INTRA-EX;202507;513881387;SBW0261-4P-BK;87083091;FR;PT;10;EXW;11;3;;0,5;1;63;;FR43935269613;
INTRA-EX;202507;513881387;D650-0003;84099100;FR;PT;10;EXW;11;3;;0,3;6;139;;FR71791829385;
INTRA-EX;202507;513881387;EVE-F56-LCI-CF-INT;84213100;FR;PT;10;EXW;11;3;;4,9;1;1156;;FR89309880623;
INTRA-EX;202507;513881387;VWR160000;87089997;FR;PT;10;EXW;11;3;;0,7;1;140;;QV999999999999;
INTRA-EX;202507;513881387;VWR900004;85111000;DK;PT;10;EXW;11;3;;0,3;12;393;;DK34701237;
INTRA-EX;202507;513881387;MS100192;85111000;DK;PT;10;EXW;11;3;;0,3;4;149;;DK34701237;
INTRA-EX;202507;513881387;VWR640117;87089997;DK;PT;10;EXW;11;3;;2,2;1;69;;DK34701237;
INTRA-EX;202507;513881387;AC-211-IT;84198998;CZ;PT;10;EXW;11;3;;5,5;1;125;;CZ05681197;
INTRA-EX;202507;513881387;EVE-C8BMC-FTR;84213100;PL;PT;10;EXW;11;3;;0,7;2;378;;PL8141683531;
INTRA-EX;202507;513881387;10.127.203K;84132000;PL;PT;10;EXW;11;3;;0,3;4;909;;PL8141683531;
INTRA-EX;202507;513881387;MMBCC-MUS8-15PBE;84099100;GR;PT;10;EXW;11;3;;3;1;139;;GR802913609;
INTRA-EX;202507;513881387;ATIKVAG8;84213100;BE;PT;10;EXW;11;3;;4,7;1;507;;BE0740963105;
INTRA-EX;202507;513881387;PP2006;84213100;IT;PT;10;EXW;11;3;;1;1;66;;IT12072620011;
INTRA-EX;202507;513881387;AC-300-CP;84099100;IT;PT;10;EXW;11;3;;0,3;4;47;;IT12072620011;
INTRA-EX;202507;513881387;MMOC-EVO-01;87089135;IT;PT;10;EXW;11;3;;4,3;1;351;;IT02710790060;
INTRA-EX;202507;513881387;AC-MQB-IC;84198998;IT;PT;10;EXW;11;3;;16,3;1;281;;IT08908800967;
INTRA-EX;202507;513881387;SRNC032;87089235;IT;PT;10;EXW;11;3;;5,2;1;204;;IT03656931205;
INTRA-EX;202507;513881387;A1000004;87089997;NL;PT;10;EXW;11;3;;0,1;1;4;;NL866860666B01;
INTRA-EX;202507;513881387;VWR900004;85111000;NL;PT;10;EXW;11;3;;0,3;35;1148;;NL866996473B01;
INTRA-EX;202507;513881387;CTS-IGN-007;84099100;NL;PT;10;EXW;11;3;;0,3;12;359;;NL866996473B01;
INTRA-EX;202507;513881387;VWR12G7R600ITBLA;84213100;NL;PT;10;EXW;11;3;;0,8;2;152;;NL866996473B01;
INTRA-EX;202507;513881387;VWR12G7R600ITINLET;87089997;NL;PT;10;EXW;11;3;;0,4;5;501;;NL866996473B01;
INTRA-EX;202507;513881387;VWR69000BF1;87089997;NL;PT;10;EXW;11;3;;0,6;4;45;;NL866996473B01;
INTRA-EX;202507;513881387;CI100040;84213100;NL;PT;10;EXW;11;3;;3,2;1;395;;NL866996473B01;
INTRA-EX;202507;513881387;EVE-2TFSI-CF-INT;84213100;NL;PT;10;EXW;11;3;;3,1;1;663;;NL866996473B01;
INTRA-EX;202507;513881387;CI100035;84213100;NL;PT;10;EXW;11;3;;2;1;399;;NL866996473B01;
INTRA-EX;202507;513881387;VWR1210R601EG;84213100;NL;PT;10;EXW;11;3;;5,2;1;505;;NL866996473B01;
INTRA-EX;202507;513881387;BKR7EIX;85111000;ES;PT;10;EXW;11;3;;0,1;4;34;;ES44719365M;
INTRA-EX;202507;513881387;MS100192;85111000;ES;PT;10;EXW;11;3;;0,3;4;149;;ES44719365M;
INTRA-EX;202507;513881387;AC-200-CP;84099100;ES;PT;10;EXW;11;3;;0,3;16;219;;ESB94171030;
INTRA-EX;202507;513881387;SHIP-PICK;;ES;PT;10;EXW;11;3;;0,1;1;0;;ESB94171030;
INTRA-EX;202507;513881387;AC-N54-TP;40091100;ES;PT;10;EXW;11;3;;1,7;1;80;;ESB19781145;
INTRA-EX;202507;513881387;D650-0003;84099100;ES;PT;10;EXW;11;3;;0,3;6;139;;ESB19781145;
INTRA-EX;202507;513881387;PP1884;84213100;ES;PT;10;EXW;11;3;;0,7;1;24;;ESB19781145;
INTRA-EX;202507;513881387;SILZKBR8D8S;85111000;ES;PT;10;EXW;11;3;;0,1;8;78;;ESB19781145;
INTRA-EX;202507;513881387;BKR8EIX;85111000;ES;PT;10;EXW;11;3;;0,1;8;72;;ESB19781145;
INTRA-EX;202507;513881387;SILFER8C7ES;85111000;ES;PT;10;EXW;11;3;;0,1;7;73;;ESB19781145;
INTRA-EX;202507;513881387;SMNX014;84099100;ES;PT;10;EXW;11;3;;8,7;1;539;;ESF21716261;
INTRA-EX;202507;513881387;AC-F56-DP;87089235;ES;PT;10;EXW;11;3;;4,5;1;115;;ESF21716261;
INTRA-EX;202507;513881387;MS100247;85111000;ES;PT;10;EXW;11;3;;0,4;8;298;;ESB42954230;
INTRA-EX;202507;513881387;SILZKGR8B8S;85111000;ES;PT;10;EXW;11;3;;0,1;6;50;;ESB42954230;
INTRA-EX;202507;513881387;SILFER8C7ES;85111000;ES;PT;10;EXW;11;3;;0,1;23;241;;ESB42954230;
INTRA-EX;202507;513881387;MS100192;85111000;ES;PT;10;EXW;11;3;;0,3;12;448;;ESB42954230;
INTRA-EX;202507;513881387;VWR131000;84099100;ES;PT;10;EXW;11;3;;2,4;1;621;;ESB42954230;
INTRA-EX;202507;513881387;D650-0003;84099100;ES;PT;10;EXW;11;3;;0,3;6;139;;ESB42954230;
INTRA-EX;202507;513881387;VWR800001-BLK;87089235;ES;PT;10;EXW;11;3;;0,5;1;33;;ESB42954230;
INTRA-EX;202507;513881387;VWR13G700;84099100;ES;PT;10;EXW;11;3;;3;1;468;;ESB42954230;
INTRA-EX;202507;513881387;VWR19G703;70102000;ES;PT;10;EXW;11;3;;0,2;1;57;;ESB42954230;
INTRA-EX;202507;513881387;VWR130006;84099100;ES;PT;10;EXW;11;3;;0,3;2;81;;ESB42954230;
INTRA-EX;202507;513881387;VWR1200R601E;84213100;PL;PT;10;EXW;11;3;;4,9;2;676;;PL8141683531;
INTRA-EX;202507;513881387;CI100052-A;84213100;PL;PT;10;EXW;11;3;;1,7;1;83;;PL8141683531;
INTRA-EX;202507;513881387;CI100053;84213100;PL;PT;10;EXW;11;3;;4,2;1;250;;PL8141683531;
INTRA-EX;202507;513881387;FMTIA2-RED;40091100;GR;PT;10;EXW;11;3;;1,5;1;108;;GR802913609;
INTRA-EX;202507;513881387;FMSS8;87089997;GR;PT;10;EXW;11;3;;0,3;1;56;;GR802913609;
INTRA-EX;202507;513881387;MMSD-G80-21WBK;87089135;BE;PT;10;EXW;11;3;;4,8;1;291;;BE0667689206;
INTRA-EX;202507;513881387;CBK0052;87089235;BE;PT;10;EXW;11;3;;28,7;1;1154;;BE0670639687;
INTRA-EX;202507;513881387;VWR12G7R600ITINLET;87089997;BE;PT;10;EXW;11;3;;0,4;1;100;;BE0670639687;
INTRA-EX;202507;513881387;VWR900001;85111000;IT;PT;10;EXW;11;3;;0,3;12;367;;IT12034500012;
INTRA-EX;202507;513881387;VWR90000;85111000;IT;PT;10;EXW;11;3;;0,3;4;122;;IT12034500012;
INTRA-EX;202507;513881387;VWR900002;85111000;IT;PT;10;EXW;11;3;;0,3;4;122;;IT12034500012;
INTRA-EX;202507;513881387;CBK0047;87089997;IT;PT;10;EXW;11;3;;26,3;1;811;;IT12034500012;
INTRA-EX;202507;513881387;VWR12G7R600FO;84213100;IT;PT;10;EXW;11;3;;0,5;2;172;;IT12034500012;
INTRA-EX;202507;513881387;VWR640012;87089997;IT;PT;10;EXW;11;3;;2,2;1;62;;IT12034500012;
INTRA-EX;202507;513881387;VWR900001;85111000;IT;PT;10;EXW;11;3;;0,3;4;122;;IT12034500012;
INTRA-EX;202507;513881387;FMINDIB12-BLA;;IT;PT;10;EXW;11;3;;0,1;1;147;;IT12034500012;
INTRA-EX;202507;513881387;FMDV12VAG-BLA-BLA;;IT;PT;10;EXW;11;3;;0,1;1;164;;IT12034500012;
INTRA-EX;202507;513881387;AC-300-CP;84099100;IT;PT;10;EXW;11;3;;0,3;4;47;;IT12072620011;
INTRA-EX;202507;513881387;IZKR7B;85111000;IT;PT;10;EXW;11;3;;0,2;6;49;;IT12072620011;
INTRA-EX;202507;513881387;CTS-IGN-007;84099100;IT;PT;10;EXW;11;3;;0,3;4;119;;IT12072620011;
INTRA-EX;202507;513881387;MMRAD-EVO-456;87089135;IT;PT;10;EXW;11;3;;8,2;1;219;;IT02710790060;
INTRA-EX;202507;513881387;U5014;84099100;NL;PT;10;EXW;11;3;;0,3;4;86;;NL866860666B01;
INTRA-EX;202507;513881387;CTS-HW-360;40091100;NL;PT;10;EXW;11;3;;1,4;1;224;;NL866860666B01;
INTRA-EX;202507;513881387;ARMACAYEE3-A;84213100;NL;PT;10;EXW;11;3;;8,2;1;793;;NL866860666B01;
INTRA-EX;202507;513881387;EVE-EA8884-R-INT;84213100;ES;PT;10;EXW;11;3;;5;1;1332;;ES54132205a;
INTRA-EX;202507;513881387;FMOC11-BLA;87089997;ES;PT;10;EXW;11;3;;3,6;1;397;;ES29524079Z;
INTRA-EX;202507;513881387;R7437-8;85111000;ES;PT;10;EXW;11;3;;0,1;4;136;;ES29524079Z;
INTRA-EX;202507;513881387;SBMC083;87089235;ES;PT;10;EXW;11;3;;3,8;1;250;;ESB44699973;
INTRA-EX;202507;513881387;SBMP083;87089235;ES;PT;10;EXW;11;3;;7,5;1;178;;ESB44699973;
INTRA-EX;202507;513881387;EVE-G20B48-V2-INT;84213100;ES;PT;10;EXW;11;3;;4,2;1;999;;ESB55258800;
INTRA-EX;202507;513881387;SFDP091;87089235;ES;PT;10;EXW;11;3;;8,1;1;92;;ESB42954230;
INTRA-EX;202507;513881387;VWR190008;87089997;ES;PT;10;EXW;11;3;;0,5;1;40;;ESB42954230;
INTRA-EX;202507;513881387;MS100247;85111000;ES;PT;10;EXW;11;3;;0,4;6;224;;ESB42954230;
INTRA-EX;202507;513881387;MS100210;85111000;ES;PT;10;EXW;11;3;;0,3;16;398;;ESB42954230;
INTRA-EX;202507;513881387;VWR800001-BLK;87089235;ES;PT;10;EXW;11;3;;0,5;1;33;;ESB42954230;
INTRA-EX;202507;513881387;VWR13G700;84099100;ES;PT;10;EXW;11;3;;3;1;468;;ESB42954230;
INTRA-EX;202507;513881387;FMINDK28-BLA-FOA;84213100;ES;PT;10;EXW;11;3;;5,9;1;257;;ESB04855516;
INTRA-EX;202507;513881387;AC-MK8-DP;87089235;ES;PT;10;EXW;11;3;;8,3;1;155;;ES44719365M;
INTRA-EX;202507;513881387;R7437-8;85111000;ES;PT;10;EXW;11;3;;0,1;4;136;;ES29524079Z;
INTRA-EX;202507;513881387;MS100208;85111000;ES;PT;10;EXW;11;3;;0,3;4;99;;ES29524079Z;
INTRA-EX;202507;513881387;CTS-IT-805;40091100;FR;PT;10;EXW;11;3;;2,5;1;164;;FR94827543661;
INTRA-EX;202507;513881387;AC-MK5-FU-RD;87088055;FR;PT;10;EXW;11;3;;4,4;1;59;;FR94827543661;
INTRA-EX;202507;513881387;EVE-E9X-CF-PLM;84213100;FR;PT;10;EXW;11;3;;5,6;1;1678;;FR81842659005;
INTRA-EX;202507;513881387;EVE-E9X-CF-INT;84213100;FR;PT;10;EXW;11;3;;2,5;1;621;;FR81842659005;
INTRA-EX;202507;513881387;EVE-E9X-CF-ARB;87089235;FR;PT;10;EXW;11;3;;1,3;1;428;;FR81842659005;
INTRA-EX;202507;513881387;CTS-IT-805;40091100;FR;PT;10;EXW;11;3;;2,5;1;164;;FR94827543661;
INTRA-EX;202507;513881387;AC-MQB-IC;84198998;FR;PT;10;EXW;11;3;;16,3;1;281;;FR94827543661;
