FLUXO;PERIODO;NIF;REF;NC;PAIS;PORIGEM;REGIAO;CODENT;NATTRA;MODTRA;AERPOR;MASSA;UNSUP;VALFAC;"VAL ESTAT";ADQNIF;ERRO
INTRA-EX;20262;513881387;MMRAD-MIA-99;87089135;BE;PT;10;EXW;11;3;;8,4;1,000;179;;BE0740963105;
INTRA-EX;20262;513881387;EVE-F9XM5M8-CHG;84212300;BE;PT;10;EXW;11;3;;1,2;1,000;472;;BE0740963105;
INTRA-EX;20262;513881387;SFT005;87089235;BE;PT;10;EXW;11;3;;22,1;1,000;548;;BE0845609871;
INTRA-EX;20262;513881387;BHR96;87088055;GR;PT;10;EXW;11;3;;4;1,000;192;;GREL163940830;
INTRA-EX;20262;513881387;BHF96Z;87088055;GR;PT;10;EXW;11;3;;5;1,000;139;;GREL163940830;
INTRA-EX;20262;513881387;10.127.100K;84132000;GR;PT;10;EXW;11;3;;0,3;1,000;227;;GREL163940830;
INTRA-EX;20262;513881387;9-655-1025;84133080;GR;PT;10;EXW;11;3;;0,8;1,000;129;;GREL802913609;
INTRA-EX;20262;513881387;GSS12-91SS2;8708803590;GR;PT;10;EXW;11;3;;29,5;1,000;624;;GREL802913609;
INTRA-EX;20262;513881387;70017-AN101;84213100;GR;PT;10;EXW;11;3;;0,5;1,000;22;;GREL802913609;
INTRA-EX;20262;513881387;SVWP061;87089997;GR;PT;10;EXW;11;3;;4,1;1,000;47;;GREL802913609;
INTRA-EX;20262;513881387;CI100053;84213100;NL;PT;10;EXW;11;3;;4,2;2,000;572;;NL866996473B01;
INTRA-EX;20262;513881387;CI100035-B;84213100;NL;PT;10;EXW;11;3;;1,7;1,000;307;;NL866996473B01;
INTRA-EX;20262;513881387;VWR900001;85111000;NL;PT;10;EXW;11;3;;0,3;8,000;244;;NL866996473B01;
INTRA-EX;20262;513881387;R7437-8;85111000;NL;PT;10;EXW;11;3;;0,1;4,000;136;;NL866996473B01;
INTRA-EX;20262;513881387;R7438-9;85111000;NL;PT;10;EXW;11;3;;0,1;4,000;138;;NL866996473B01;
INTRA-EX;20262;513881387;VWR810002;87089997;NL;PT;10;EXW;11;3;;0,5;5,000;281;;NL866996473B01;
INTRA-EX;20262;513881387;VWR12P2GTM;84213100;NL;PT;10;EXW;11;3;;2,1;1,000;444;;NL866996473B01;
INTRA-EX;20262;513881387;VWR180004;87089997;NL;PT;10;EXW;11;3;;0,1;1,000;26;;NL866996473B01;
INTRA-EX;20262;513881387;CTS-IGN-009;84099100;NL;PT;10;EXW;11;3;;0,3;25,000;646;;NL866996473B01;
INTRA-EX;20262;513881387;EVE-F4XB48-CF-INT;84213100;NL;PT;10;EXW;11;3;;3,7;1,000;928;;NL866996473B01;
INTRA-EX;20262;513881387;EVE-F56-LCI-PL-INT;84213100;NL;PT;10;EXW;11;3;;4,8;1,000;714;;NL866996473B01;
INTRA-EX;20262;513881387;CTS-IGN-007;84099100;ES;PT;10;EXW;11;3;;0,3;4,000;140;;ES54064762L;
INTRA-EX;20262;513881387;MS100208-4;84099100;ES;PT;10;EXW;11;3;;1,7;1,000;127;;ES54064762L;
INTRA-EX;20262;513881387;FMACVAG05;84099100;ES;PT;10;EXW;11;3;;0,5;1,000;144;;ES54064762L;
INTRA-EX;20262;513881387;SAU1558-4P-BK;87083091;ES;PT;10;EXW;11;3;;0,5;1,000;65;;ES78533689M;
INTRA-EX;20262;513881387;CTS-HW-0133;84099100;ES;PT;10;EXW;11;3;;0,5;1,000;135;;ES78533689M;
INTRA-EX;20262;513881387;Z1003101-6;85111000;ES;PT;10;EXW;11;3;;0,4;1,000;112;;ES78533689M;
INTRA-EX;20262;513881387;CTS-EXH-TP-0012;87089235;ES;PT;10;EXW;11;3;;4,8;1,000;562;;ES78533689M;
INTRA-EX;20262;513881387;AC-B8S-EXM;87089997;ES;PT;10;EXW;11;3;;11,3;1,000;517;;ES78533689M;
INTRA-EX;20262;513881387;CI100037;84213100;ES;PT;10;EXW;11;3;;2,4;1,000;494;;ES78533689M;
INTRA-EX;20262;513881387;CTS-HW-266-187;87089997;ES;PT;10;EXW;11;3;;3,4;1,000;322;;ES78533689M;
INTRA-EX;20262;513881387;MS100208-6;84099100;ES;PT;10;EXW;11;3;;2,4;1,000;191;;ES78533689M;
INTRA-EX;20262;513881387;DBA2832S-2;87089997;ES;PT;10;EXW;11;3;;23;1,000;216;;ES78533689M;
INTRA-EX;20262;513881387;DBA2847S-2;87089997;ES;PT;10;EXW;11;3;;16,6;1,000;171;;ES78533689M;
INTRA-EX;20262;513881387;L3P3AB8X;87089997;ES;PT;10;EXW;11;3;;1;1,000;322;;ES78533689M;
INTRA-EX;20262;513881387;AC-MK8-DP;87089235;ES;PT;10;EXW;11;3;;8,3;1,000;155;;ES78832668F;
INTRA-EX;20262;513881387;SBW1162-4P-EB;87083091;ES;PT;10;EXW;11;3;;0,5;1,000;75;;ES78832668F;
INTRA-EX;20262;513881387;AC-MK8-MD;87089997;ES;PT;10;EXW;11;3;;0,3;2,000;99;;ES78832668F;
INTRA-EX;20262;513881387;EVE-G8XMV2-CF-INT;84213100;FR;PT;10;EXW;11;3;;7,7;1,000;1987;;FR82530667591;
INTRA-EX;20262;513881387;VWR12G6GTFO;84213100;IT;PT;10;EXW;11;3;;0,5;1,000;76;;IT03656931205;
INTRA-EX;20262;513881387;PF05;90262020;IT;PT;10;EXW;11;3;;0,2;1,000;170;;IT14481871003;
INTRA-EX;20262;513881387;Z1004081;85111000;IT;PT;10;EXW;11;3;;0,1;6,000;122;;IT12072620011;
INTRA-EX;20262;513881387;EVE-G20B58-V2-INT;84213100;FR;PT;10;EXW;11;3;;4,5;1,000;999;;FR86498478304;
INTRA-EX;20262;513881387;EVE-A45S-CF-INT;84213100;FR;PT;10;EXW;11;3;;3,9;1,000;999;;FR31895072130;
INTRA-EX;20262;513881387;VWR900003;85111000;FR;PT;10;EXW;11;3;;0,3;8,000;244;;FR09800029712;
INTRA-EX;20262;513881387;D650-0003;84099100;FR;PT;10;EXW;11;3;;0,3;12,000;314;;FR09800029712;
INTRA-EX;20262;513881387;CI100054;40091100;FR;PT;10;EXW;11;3;;4,3;1,000;224;;FR09800029712;
INTRA-EX;20262;513881387;D650-0003;84099100;FR;PT;10;EXW;11;3;;0,3;12,000;314;;FR35504243288;
INTRA-EX;20262;513881387;MMIG-BMW-0206;85111000;FR;PT;10;EXW;11;3;;2;1,000;102;;FR35504243288;
INTRA-EX;20262;513881387;CTS-HW-0271;84099100;FR;PT;10;EXW;11;3;;0,4;2,000;104;;FR35504243288;
INTRA-EX;20262;513881387;ATINTKIA1;87089199;ES;PT;10;EXW;11;3;;15,7;1,000;520;;ESB72996382;
INTRA-EX;20262;513881387;SHYSP102;87089997;ES;PT;10;EXW;11;3;;3;1,000;125;;ESB42771618;
INTRA-EX;20262;513881387;DV100001;84213100;ES;PT;10;EXW;11;3;;0,5;1,000;224;;ESB42771618;
INTRA-EX;20262;513881387;SILFER8C7ES;85111000;ES;PT;10;EXW;11;3;;0,1;12,000;126;;ESB42771618;
INTRA-EX;20262;513881387;S-TY/T/3;87089235;BG;PT;10;EXW;11;3;;13;1,000;2137;;BG204171399;
INTRA-EX;20262;513881387;E-TY/SS/4;87089235;BG;PT;10;EXW;11;3;;8,7;1,000;407;;BG204171399;
INTRA-EX;20262;513881387;ARMABZA450S-A;84213100;SK;PT;10;EXW;11;3;;3;1,000;464;;SK2120270581;
INTRA-EX;20262;513881387;D650-0011;85111000;PL;PT;10;EXW;11;3;;0,3;8,000;248;;PL6972411863;
INTRA-EX;20262;513881387;VWR502000;87089997;GR;PT;10;EXW;11;3;;0,5;1,000;104;;GREL802913609;
INTRA-EX;20262;513881387;CI100067;84213100;GR;PT;10;EXW;11;3;;5,1;1,000;656;;GREL802913609;
INTRA-EX;20262;513881387;WB-429;84213100;GR;PT;10;EXW;11;3;;0,3;1,000;67;;GREL802913609;
INTRA-EX;20262;513881387;FMTIA2-BLA;40091100;GR;PT;10;EXW;11;3;;1,5;1,000;115;;GREL802913609;
INTRA-EX;20262;513881387;216BFWGEBOSM;87089235;NL;PT;10;EXW;11;3;;0,3;1,000;41;;NL866860666B01;
INTRA-EX;20262;513881387;216BFWGOTSM;90269000;NL;PT;10;EXW;11;3;;0,3;1,000;31;;NL866860666B01;
INTRA-EX;20262;513881387;216BFWGOPSM;90269000;NL;PT;10;EXW;11;3;;0,4;1,000;33;;NL866860666B01;
INTRA-EX;20262;513881387;CTS-IT-300R;84213100;NL;PT;10;EXW;11;3;;4,1;1,000;247;;NL866860666B01;
INTRA-EX;20262;513881387;SBMC090;87089235;NL;PT;10;EXW;11;3;;9;1,000;381;;NL866860666B01;
INTRA-EX;20262;513881387;SAUC030;87089235;NL;PT;10;EXW;11;3;;5,6;1,000;142;;NL866860666B01;
INTRA-EX;20262;513881387;MMTS-FIST-14;87089997;NL;PT;10;EXW;11;3;;0,1;1,000;37;;NL866860666B01;
INTRA-EX;20262;513881387;SMBS007;87089235;NL;PT;10;EXW;11;3;;12,2;1,000;289;;NL866860666B01;
INTRA-EX;20262;513881387;AC-MK8-DP;87089235;NL;PT;10;EXW;11;3;;8,3;1,000;155;;NL866860666B01;
INTRA-EX;20262;513881387;CI100054;40091100;NL;PT;10;EXW;11;3;;4,3;1,000;224;;NL866860666B01;
INTRA-EX;20262;513881387;MS100192;85111000;NL;PT;10;EXW;11;3;;0,3;6,000;245;;NL866860666B01;
INTRA-EX;20262;513881387;SVWS052;87089235;NL;PT;10;EXW;11;3;;14,3;1,000;364;;NL866860666B01;
INTRA-EX;20262;513881387;MMRAD-E36-92;87089135;NL;PT;10;EXW;11;3;;6,2;1,000;200;;NL866860666B01;
INTRA-EX;20262;513881387;CTS-IGN-007;84099100;NL;PT;10;EXW;11;3;;0,3;4,000;119;;NL866860666B01;
INTRA-EX;20262;513881387;MS100192;85111000;NL;PT;10;EXW;11;3;;0,3;4,000;163;;NL866860666B01;
INTRA-EX;20262;513881387;CTS-HW-205-4;87089997;NL;PT;10;EXW;11;3;;0,3;1,000;59;;NL866860666B01;
INTRA-EX;20262;513881387;U5014;84099100;NL;PT;10;EXW;11;3;;0,3;4,000;86;;NL866860666B01;
INTRA-EX;20262;513881387;BKR7EIX;85111000;NL;PT;10;EXW;11;3;;0,1;4,000;34;;NL866860666B01;
INTRA-EX;20262;513881387;CI100033-A;84213100;NL;PT;10;EXW;11;3;;0,1;1,000;36;;NL866860666B01;
INTRA-EX;20262;513881387;FMKT024-BLA;40093100;NL;PT;10;EXW;11;3;;1,5;1,000;195;;NL866860666B01;
INTRA-EX;20262;513881387;CTS-IT-258;84213100;NL;PT;10;EXW;11;3;;0,7;1,000;127;;NL866860666B01;
INTRA-EX;20262;513881387;CTS-IT-259;40091100;NL;PT;10;EXW;11;3;;1,1;1,000;127;;NL866860666B01;
INTRA-EX;20262;513881387;SILKGR9A7ES;85111000;NL;PT;10;EXW;11;3;;0,3;6,000;90;;NL866860666B01;
INTRA-EX;20262;513881387;AC-500-DP;87089235;GR;PT;10;EXW;11;3;;2,4;1,000;99;;GREL802913609;
INTRA-EX;20262;513881387;CTS-IGN-009;84099100;IT;PT;10;EXW;11;3;;0,3;2,000;51;;IT02330960994;
INTRA-EX;20262;513881387;SBW0271-4P-BK;87083091;IT;PT;10;EXW;11;3;;0,4;1,000;75;;IT12072620011;
INTRA-EX;20262;513881387;9-201-0766;84133080;IT;PT;10;EXW;11;3;;0,5;1,000;70;;IT14481871003;
INTRA-EX;20262;513881387;IKR9J8;85111000;IT;PT;10;EXW;11;3;;0,4;12,000;115;;IT14481871003;
INTRA-EX;20262;513881387;204-4302;87089997;IT;PT;10;EXW;11;3;;1,5;1,000;149;;IT14481871003;
INTRA-EX;20262;513881387;10.127.203T;87089997;IT;PT;10;EXW;11;3;;0,1;1,000;10;;IT14481871003;
INTRA-EX;20262;513881387;ILZKR8C8G;85111000;IT;PT;10;EXW;11;3;;0,1;12,000;104;;IT14481871003;
INTRA-EX;20262;513881387;Z1003100;85111000;IT;PT;10;EXW;11;3;;0,1;3,000;73;;IT14481871003;
INTRA-EX;20262;513881387;VWR69G7KIT;87083091;IT;PT;10;EXW;11;3;;0,5;1,000;105;;IT12072620011;
INTRA-EX;20262;513881387;PF04;85444290;IT;PT;10;EXW;11;3;;0,2;1,000;156;;IT03656931205;
INTRA-EX;20262;513881387;ARMAAD0RS4-1;84213100;IT;PT;10;EXW;11;3;;1,5;1,000;114;;IT12072620011;
INTRA-EX;20262;513881387;AC-MK45-RU-RD;87088055;IT;PT;10;EXW;11;3;;3;1,000;53;;IT12072620011;
INTRA-EX;20262;513881387;200001054;;IT;PT;10;EXW;11;3;;0,1;1,000;617;;IT02710790060;
INTRA-EX;20262;513881387;EVE-A35-CF-CHG;84213100;FR;PT;10;EXW;11;3;;2,2;1,000;535;;FR86498478304;
INTRA-EX;20262;513881387;EVE-C63S-DCT;87089997;FR;PT;10;EXW;11;3;;8;1,000;121;;FR86498478304;
INTRA-EX;20262;513881387;EVE-E46-INT;84213100;FR;PT;10;EXW;11;3;;3,5;1,000;696;;FR86498478304;
INTRA-EX;20262;513881387;EVE-E46-PF;84213100;FR;PT;10;EXW;11;3;;0,6;1,000;44;;FR86498478304;
INTRA-EX;20262;513881387;EVE-FK2-CF-MAF;40091100;FR;PT;10;EXW;11;3;;2;1,000;178;;FR86498478304;
INTRA-EX;20262;513881387;EVE-N55-PF;84212300;FR;PT;10;EXW;11;3;;0,9;1,000;60;;FR86498478304;
INTRA-EX;20262;513881387;EVE-F8xM-PF;84212300;FR;PT;10;EXW;11;3;;1,5;1,000;85;;FR86498478304;
INTRA-EX;20262;513881387;SFDX082;87089235;FR;PT;10;EXW;11;3;;6,5;1,000;418;;FR43935269613;
INTRA-EX;20262;513881387;Z1003100;85111000;FR;PT;10;EXW;11;3;;0,1;4,000;98;;FR31895072130;
INTRA-EX;20262;513881387;SBMP087;87089997;FR;PT;10;EXW;11;3;;19;1,000;523;;FR86889861761;
INTRA-EX;20262;513881387;SILZKGR8C8S;85111000;FR;PT;10;EXW;11;3;;0,1;6,000;93;;FR86889861761;
INTRA-EX;20262;513881387;MS100192;85111000;ES;PT;10;EXW;11;3;;0,3;4,000;164;;ESB44699973;
INTRA-EX;20262;513881387;VWR31P2GT;84213100;ES;PT;10;EXW;11;3;;8;1,000;161;;ESB67497925;
INTRA-EX;20262;513881387;PP1895;84213100;ES;PT;10;EXW;11;3;;0,5;1,000;20;;ESB67497925;
INTRA-EX;20262;513881387;DBA42830S;87083099;ES;PT;10;EXW;11;3;;11,6;2,000;209;;ESB67497925;
INTRA-EX;20262;513881387;VWR900001;85111000;ES;PT;10;EXW;11;3;;0,3;4,000;122;;ES50902109G;
INTRA-EX;20262;513881387;SILFER8C7ES;85111000;ES;PT;10;EXW;11;3;;0,1;4,000;42;;ES50902109G;
INTRA-EX;20262;513881387;VWR640112;87089997;ES;PT;10;EXW;11;3;;2,2;2,000;124;;ESB63132823;
INTRA-EX;20262;513881387;VWR190006;87089997;ES;PT;10;EXW;11;3;;0,2;1,000;59;;ESB63132823;
INTRA-EX;20262;513881387;VWR12G7R601FO;84213100;ES;PT;10;EXW;11;3;;0,9;1,000;112;;ESB42954230;
INTRA-EX;20262;513881387;VWR120010;40091100;ES;PT;10;EXW;11;3;;1,4;2,000;357;;ESB42954230;
INTRA-EX;20262;513881387;VWR1200R601E;84213100;ES;PT;10;EXW;11;3;;4,9;2,000;676;;ESB42954230;
INTRA-EX;20262;513881387;VWR12G7R600FO;84213100;ES;PT;10;EXW;11;3;;0,5;1,000;86;;ESB42954230;
INTRA-EX;20262;513881387;FMINDK52;87089997;ES;PT;10;EXW;11;3;;3,2;1,000;193;;ESB42954230;
INTRA-EX;20262;513881387;VWR150000;87089997;ES;PT;10;EXW;11;3;;0,2;2,000;159;;ESB42954230;
INTRA-EX;20262;513881387;SILFER8C7ES;85111000;ES;PT;10;EXW;11;3;;0,1;32,000;336;;ESB42954230;
INTRA-EX;20262;513881387;VWR1200R600E;84213100;ES;PT;10;EXW;11;3;;4,9;2,000;619;;ESB42954230;
INTRA-EX;20262;513881387;VWR810000;87089997;ES;PT;10;EXW;11;3;;0,2;2,000;34;;ESB42954230;
INTRA-EX;20262;513881387;ILFR7H;85111000;ES;PT;10;EXW;11;3;;0,2;5,000;57;;ES50902109G;
INTRA-EX;20262;513881387;SHYC105;87089235;ES;PT;10;EXW;11;3;;2,5;1,000;157;;ES44719365M;
INTRA-EX;20262;513881387;ARMABZA250G-A;84213100;ES;PT;10;EXW;11;3;;5,9;1,000;579;;ESB86420924;
INTRA-EX;20262;513881387;AC-MK7R-DP;87089235;ES;PT;10;EXW;11;3;;11,6;1,000;185;;ESB94171030;
INTRA-EX;20262;513881387;BKR8EIX;85111000;ES;PT;10;EXW;11;3;;0,1;4,000;36;;ES50902109G;
INTRA-EX;20262;513881387;VWR810000;87089997;ES;PT;10;EXW;11;3;;0,2;1,000;17;;ESB24786139;
INTRA-EX;20262;513881387;SP-201;32081090;RO;PT;10;EXW;11;3;;0,5;2,000;32;;RO47173245;
INTRA-EX;20262;513881387;VWR140014;87089997;RO;PT;10;EXW;11;3;;0,1;2,000;37;;RO47173245;
INTRA-EX;20262;513881387;VWR900001;85111000;RO;PT;10;EXW;11;3;;0,3;4,000;122;;RO47173245;
INTRA-EX;20262;513881387;8E0971824S-BL;84099100;RO;PT;10;EXW;11;3;;0,2;1,000;10;;RO47173245;
INTRA-EX;20262;513881387;VWR1200R600E;84213100;DE;PT;10;EXW;11;3;;4,9;2,000;619;;DE181881308;
INTRA-EX;20262;513881387;PF04;85444290;DE;PT;10;EXW;11;3;;0,2;4,000;625;;DE181881308;
INTRA-EX;20262;513881387;AC-B9S-DPHS;87089235;HU;PT;10;EXW;11;3;;5;1,000;257;;HU25464285;
INTRA-EX;20262;513881387;SBW1171-4P-BK;87083091;BE;PT;10;EXW;11;3;;0,5;1,000;75;;BE0670639687;
INTRA-EX;20262;513881387;AC-MK8-DPHS;87089235;BE;PT;10;EXW;11;3;;8,3;1,000;209;;BE0740963105;
INTRA-EX;20262;513881387;AC-B58.2-DPHS;87089235;BE;PT;10;EXW;11;3;;4,4;1,000;185;;BE0670639687;
INTRA-EX;20262;513881387;EVO1108;84213100;BE;PT;10;EXW;11;3;;4,6;1,000;278;;BE0670639687;
INTRA-EX;20262;513881387;MMBCC-MIA-16PBE;84099100;GR;PT;10;EXW;11;3;;1,6;1,000;164;;GREL136030005;
INTRA-EX;20262;513881387;D760-0067;84099100;GR;PT;10;EXW;11;3;;1,5;1,000;131;;GREL802913609;
INTRA-EX;20262;513881387;CTS-IT-310;87089235;GR;PT;10;EXW;11;3;;1,4;1,000;149;;GREL802913609;
INTRA-EX;20262;513881387;CG85-02-0C20;84213100;GR;PT;10;EXW;11;3;;4,1;1,000;513;;GREL802913609;
INTRA-EX;20262;513881387;FMINDF56;84213100;GR;PT;10;EXW;11;3;;2,3;1,000;266;;GREL108534505;
INTRA-EX;20262;513881387;CTS-IT-800;84213100;NL;PT;10;EXW;11;3;;4,3;1,000;247;;NL866860666B01;
INTRA-EX;20262;513881387;8E0971824S-BL;84099100;NL;PT;10;EXW;11;3;;0,2;1,000;10;;NL866860666B01;
INTRA-EX;20262;513881387;CTS-IT-820;40091100;NL;PT;10;EXW;11;3;;1,1;1,000;149;;NL866860666B01;
INTRA-EX;20262;513881387;MMRAD-E46-323;87089997;NL;PT;10;EXW;11;3;;7,2;1,000;280;;NL866860666B01;
INTRA-EX;20262;513881387;CTS-IT-820;40091100;NL;PT;10;EXW;11;3;;1,1;1,000;149;;NL866860666B01;
INTRA-EX;20262;513881387;MMRAD-MIA-90;87089135;NL;PT;10;EXW;11;3;;9,5;1,000;190;;NL866860666B01;
INTRA-EX;20262;513881387;MMAI-MUS4-15P;842131000;NL;PT;10;EXW;11;3;;6;1,000;252;;NL866860666B01;
INTRA-EX;20262;513881387;AC-B58-DPHS;87089235;NL;PT;10;EXW;11;3;;3,8;1,000;173;;NL866860666B01;
INTRA-EX;20262;513881387;SVW0610-4P-BK;87083091;ES;PT;10;EXW;11;3;;0,5;1,000;84;;ES78533689M;
INTRA-EX;20262;513881387;VWR150000;87089997;ES;PT;10;EXW;11;3;;0,2;1,000;113;;ES44712074M;
INTRA-EX;20262;513881387;50003-M45-HL-4;84213100;ES;PT;10;EXW;11;3;;0,3;1,000;73;;ES54110405F;
INTRA-EX;20262;513881387;52009-AK012;84213100;ES;PT;10;EXW;11;3;;0,4;1,000;19;;ES54110405F;
INTRA-EX;20262;513881387;SRNC022;87089235;ES;PT;10;EXW;11;3;;3,2;1,000;212;;ES42245230A;
INTRA-EX;20262;513881387;9-307-1017;84133080;IT;PT;10;EXW;11;3;;0,5;1,000;122;;IT02710790060;
INTRA-EX;20262;513881387;CTS-HW-0199;87089997;IT;PT;10;EXW;11;3;;0,3;1,000;59;;IT02710790060;
INTRA-EX;20262;513881387;CTS-IT-285;40091100;IT;PT;10;EXW;11;3;;0,3;1,000;59;;IT02710790060;
INTRA-EX;20262;513881387;CTS-SIL-0070;40091100;IT;PT;10;EXW;11;3;;0,7;1,000;52;;IT02710790060;
INTRA-EX;20262;513881387;EVE-GR4-CF-INT;84213100;IT;PT;10;EXW;11;3;;4,9;1,000;975;;IT02710790060;
INTRA-EX;20262;513881387;MS100247;85111000;IT;PT;10;EXW;11;3;;0,4;4,000;106;;IT02710790060;
INTRA-EX;20262;513881387;SAU0490-4P-BK;87083091;IT;PT;10;EXW;11;3;;0,5;1,000;61;;IT12072620011;
INTRA-EX;20262;513881387;EVE-GR4-CF-INT;84213100;IT;PT;10;EXW;11;3;;4,9;1,000;975;;IT02710790060;
INTRA-EX;20262;513881387;AC-200-DP;87089235;IT;PT;10;EXW;11;3;;10;1,000;131;;IT04146110160;
INTRA-EX;20262;513881387;CTS-EXH-DP-0029;87089235;FR;PT;10;EXW;11;3;;4,5;1,000;374;;FR71838456218;
INTRA-EX;20262;513881387;VWR670011;87089235;FR;PT;10;EXW;11;3;;3,5;1,000;163;;FR09800029712;
INTRA-EX;20262;513881387;SD-1214801;87089997;FR;PT;10;EXW;11;3;;24,3;1,000;219;;FR35504243288;
INTRA-EX;20262;513881387;SD-1254964;87089997;FR;PT;10;EXW;11;3;;18;1,000;184;;FR35504243288;
INTRA-EX;20262;513881387;SBW1010-6P-BK;87083091;FR;PT;10;EXW;11;3;;0,7;1,000;91;;FR35504243288;
INTRA-EX;20262;513881387;FMKT135F20;87089997;FR;PT;10;EXW;11;3;;0,7;2,000;179;;FR35504243288;
INTRA-EX;20262;513881387;D650-0003;84099100;FR;PT;10;EXW;11;3;;0,3;18,000;471;;FR35504243288;
INTRA-EX;20262;513881387;MMIG-BMW-0206;85111000;FR;PT;10;EXW;11;3;;2;1,000;102;;FR35504243288;
INTRA-EX;20262;513881387;SVWX064;87089235;FR;PT;10;EXW;11;3;;10;1,000;500;;FR82530667591;
INTRA-EX;20262;513881387;ATINTVAG35;87089199;FR;PT;10;EXW;11;3;;14,3;1,000;665;;FR82530667591;
INTRA-EX;20262;513881387;UR-TW2-3051;87088055;FR;PT;10;EXW;11;3;;1,7;1,000;92;;FR82530667591;
INTRA-EX;20262;513881387;VWR31G70R;87088035;ES;PT;10;EXW;11;3;;9,5;1,000;161;;ESB42954230;
INTRA-EX;20262;513881387;VWR3130RS;87088035;ES;PT;10;EXW;11;3;;9,2;2,000;322;;ESB42954230;
INTRA-EX;20262;513881387;VWR810002;87089997;ES;PT;10;EXW;11;3;;0,5;1,000;56;;ESB42954230;
INTRA-EX;20262;513881387;EVE-661-G2-FTR;84213100;ES;PT;10;EXW;11;3;;0,6;1,000;63;;ESB42954230;
INTRA-EX;20262;513881387;VWR1200R600E;84213100;ES;PT;10;EXW;11;3;;4,9;2,000;619;;ESB42954230;
INTRA-EX;20262;513881387;VWR1200R601E;84213100;ES;PT;10;EXW;11;3;;4,9;2,000;676;;ESB42954230;
INTRA-EX;20262;513881387;FMINDK28-RED-FOA;84213100;ES;PT;10;EXW;11;3;;5,9;1,000;277;;ESB42954230;
INTRA-EX;20262;513881387;FMINDK28-BLA-FOA;84213100;ES;PT;10;EXW;11;3;;5,9;1,000;277;;ESB42954230;
INTRA-EX;20262;513881387;FMINT16-BLA;84198998;ES;PT;10;EXW;11;3;;9;1,000;399;;ESB42954230;
INTRA-EX;20262;513881387;VWR12P1GT;84213100;ES;PT;10;EXW;11;3;;3;1,000;285;;ESB42954230;
INTRA-EX;20262;513881387;SAU0630-4P-BK;87083091;ES;PT;10;EXW;11;3;;0,5;1,000;75;;ES18062887K;
INTRA-EX;20262;513881387;SHYP103;87089235;ES;PT;10;EXW;11;3;;3,2;1,000;149;;ES18062887K;
INTRA-EX;20262;513881387;FMDVMK7A-BLA;87089997;ES;PT;10;EXW;11;3;;0,6;1,000;161;;ES44719365M;
INTRA-EX;20262;513881387;AC-200-IC;84198998;ES;PT;10;EXW;11;3;;11,9;1,000;263;;ESB04855516;
INTRA-EX;20262;513881387;"TTE420 TFSI";84099100;ES;PT;10;EXW;11;3;;15,7;1,000;1688;;ESB04855516;
INTRA-EX;20262;513881387;AC-200-HPFP;87089997;ES;PT;10;EXW;11;3;;1;3,000;971;;ESB04855516;
INTRA-EX;20262;513881387;10.127.100K;84132000;ES;PT;10;EXW;11;3;;0,3;2,000;454;;ESB04855516;
INTRA-EX;20262;513881387;FMEDV102R;84814090;ES;PT;10;EXW;11;3;;0,5;1,000;179;;ESE24731622;
INTRA-EX;20262;513881387;AC-MK7-IM;84099100;ES;PT;10;EXW;11;3;;3,1;2,000;611;;ESB04855516;
INTRA-EX;20262;513881387;AC-200K04-OT;87089997;ES;PT;10;EXW;11;3;;1,4;1,000;75;;ESB94171030;
INTRA-EX;20262;513881387;AC-R56-IC;84198998;ES;PT;10;EXW;11;3;;10,5;1,000;167;;ESB94171030;
INTRA-EX;20262;513881387;AC-200-IC;84198998;ES;PT;10;EXW;11;3;;11,9;1,000;263;;ESB94171030;
INTRA-EX;20262;513881387;AC-Z33-DP;87089235;ES;PT;10;EXW;11;3;;4,5;1,000;75;;ESB94171030;
INTRA-EX;20262;513881387;AC-Z33-EM;87089235;ES;PT;10;EXW;11;3;;8,2;1,000;191;;ESB94171030;
INTRA-EX;20262;513881387;AC-S55-DPHS;87089235;ES;PT;10;EXW;11;3;;5,2;1,000;260;;ESB94171030;
INTRA-EX;20262;513881387;VWR8130S3;84099100;ES;PT;10;EXW;11;3;;2,6;1,000;319;;ES44719365M;
INTRA-EX;20262;513881387;FMKTR56-RED;40091100;ES;PT;10;EXW;11;3;;0,8;1,000;96;;ESF21716261;
INTRA-EX;20262;513881387;SMNP018;87089235;ES;PT;10;EXW;11;3;;7,7;1,000;146;;ESF21716261;
INTRA-EX;20262;513881387;MS100192;85111000;ES;PT;10;EXW;11;3;;0,3;4,000;163;;ES44719365M;
INTRA-EX;20262;513881387;AC-MK7-CP;84099100;ES;PT;10;EXW;11;3;;0,3;4,000;71;;ESB24786139;
INTRA-EX;20262;513881387;SILFER8C7ES;85111000;ES;PT;10;EXW;11;3;;0,1;4,000;42;;ESB24786139;
INTRA-EX;20262;513881387;SBMC068;87089235;ES;PT;10;EXW;11;3;;2,2;1,000;242;;ESB04855516;
INTRA-EX;20262;513881387;MS100192;85111000;ES;PT;10;EXW;11;3;;0,3;4,000;163;;ES50902109G;
INTRA-EX;20262;513881387;SILFER8C7ES;85111000;ES;PT;10;EXW;11;3;;0,1;4,000;42;;ES50902109G;
INTRA-EX;20262;513881387;AC-Z33-DP;87089235;ES;PT;10;EXW;11;3;;4,5;1,000;75;;ESB94171030;
INTRA-EX;20262;513881387;U5055;85111000;ES;PT;10;EXW;11;3;;0,3;6,000;111;;ESB94171030;
INTRA-EX;20262;513881387;VWR810002;87089997;ES;PT;10;EXW;11;3;;0,5;1,000;56;;ES16610275C;
INTRA-EX;20262;513881387;PFR7B;85111000;ES;PT;10;EXW;11;3;;0,2;5,000;50;;ES72815006L;
INTRA-EX;20262;513881387;ILFR7H;85111000;ES;PT;10;EXW;11;3;;0,2;8,000;91;;ES72815006L;
INTRA-EX;20262;513881387;SILFER8C7ES;85111000;ES;PT;10;EXW;11;3;;0,1;4,000;42;;ES50902109G;
INTRA-EX;20262;513881387;VWR12P1GTFO;84213100;IT;PT;10;EXW;11;3;;0,3;1,000;76;;IT03656931205;
INTRA-EX;20262;513881387;MS100192;85111000;DK;PT;10;EXW;11;3;;0,3;20,000;819;;DK34701237;
INTRA-EX;20262;513881387;MS100208;85111000;DK;PT;10;EXW;11;3;;0,3;6,000;171;;DK34701237;
INTRA-EX;20262;513881387;PF05;90262020;DK;PT;10;EXW;11;3;;0,2;1,000;170;;DK34701237;
INTRA-EX;20262;513881387;CG85-02-0023;84213100;DK;PT;10;EXW;11;3;;4;1,000;228;;DK34701237;
INTRA-EX;20262;513881387;FMDVMK7A-BLA;87089997;LU;PT;10;EXW;11;3;;0,6;1,000;161;;LU28446117;
INTRA-EX;20262;513881387;VWR12G7R600ITBLA;84213100;LU;PT;10;EXW;11;3;;0,8;1,000;76;;LU28446117;
INTRA-EX;20262;513881387;VWR1200R601E;84213100;LU;PT;10;EXW;11;3;;4,9;1,000;338;;LU28446117;
INTRA-EX;20262;513881387;VWR160001;87089997;LU;PT;10;EXW;11;3;;0,4;1,000;86;;LU28446117;
INTRA-EX;20262;513881387;VWR12G7R600ITINLET;87089997;LU;PT;10;EXW;11;3;;0,4;1,000;100;;LU28446117;
INTRA-EX;20262;513881387;VWR12G7R600ITBLA;84213100;LU;PT;10;EXW;11;3;;0,8;1,000;76;;LU28446117;
INTRA-EX;20262;513881387;9-307-1060;84133080;CY;PT;10;EXW;11;3;;0,6;2,000;245;;CY00781748Y;
INTRA-EX;20262;513881387;R-SUB-001-I;84833080;CY;PT;10;EXW;11;3;;3,5;1,000;360;;CY00781748Y;
INTRA-EX;20262;513881387;EVE-C63S-CF-INT;84213100;PL;PT;10;EXW;11;3;;6,3;1,000;2035;;PL8141683531;
INTRA-EX;20262;513881387;SAUC089;87089235;PL;PT;10;EXW;11;3;;10;1,000;566;;PL6972411863;
INTRA-EX;20262;513881387;31021-BH003;87089997;PL;PT;10;EXW;11;3;;25;1,000;1071;;PL8141683531;
INTRA-EX;20262;513881387;9-421-7270;84132000;PL;PT;10;EXW;11;3;;1,6;1,000;291;;PL6972411863;
INTRA-EX;20262;513881387;EVE-G20B58-V2-INT;84213100;PL;PT;10;EXW;11;3;;4,5;1,000;999;;PL8141683531;
INTRA-EX;20262;513881387;VWR31G60R;87088035;BE;PT;10;EXW;11;3;;12;1,000;174;;BE0740963105;
INTRA-EX;20262;513881387;FMINDK38;84213100;GR;PT;10;EXW;11;3;;3;1,000;187;;GREL802913609;
INTRA-EX;20262;513881387;GSH98-9USS2;73209090;GR;PT;10;EXW;11;3;;20;1,000;544;;GREL802913609;
INTRA-EX;20262;513881387;R7437-8;85111000;GR;PT;10;EXW;11;3;;0,1;4,000;136;;GREL802913609;
INTRA-EX;20262;513881387;SME0865-4P-BK;87083091;GR;PT;10;EXW;11;3;;0,5;1,000;75;;GREL802913609;
INTRA-EX;20262;513881387;SBW0270-4P-EB;87083091;GR;PT;10;EXW;11;3;;0,5;1,000;75;;GREL802913609;
INTRA-EX;20262;513881387;SILFER8C7ES;85111000;NL;PT;10;EXW;11;3;;0,1;9,000;94;;NL866996473B01;
INTRA-EX;20262;513881387;VWR150001;87089997;NL;PT;10;EXW;11;3;;1,5;1,000;238;;NL866996473B01;
INTRA-EX;20262;513881387;VWR670011;87089235;NL;PT;10;EXW;11;3;;3,5;1,000;163;;NL866996473B01;
INTRA-EX;20262;513881387;VWR12G7R600ITBLU;84213100;NL;PT;10;EXW;11;3;;0,8;1,000;76;;NL866996473B01;
INTRA-EX;20262;513881387;R7437-9;85111000;NL;PT;10;EXW;11;3;;0,1;12,000;435;;NL866996473B01;
INTRA-EX;20262;513881387;EVE-TRB8V8S-FLG-TTE;85111000;NL;PT;10;EXW;11;3;;0,2;1,000;35;;NL866996473B01;
INTRA-EX;20262;513881387;06F103483E;87089235;NL;PT;10;EXW;11;3;;0,1;1,000;4;;NL866996473B01;
INTRA-EX;20262;513881387;10.127.203K;84132000;NL;PT;10;EXW;11;3;;0,3;1,000;227;;NL866996473B01;
INTRA-EX;20262;513881387;LTR7IX-11;85111000;NL;PT;10;EXW;11;3;;0,2;14,000;109;;NL866996473B01;
INTRA-EX;20262;513881387;AC-200-CFA;87089997;NL;PT;10;EXW;11;3;;0,1;5,000;81;;NL866996473B01;
INTRA-EX;20262;513881387;VWR810000;87089997;NL;PT;10;EXW;11;3;;0,2;2,000;34;;NL866996473B01;
INTRA-EX;20262;513881387;BKR7EIX;85111000;NL;PT;10;EXW;11;3;;0,1;18,000;154;;NL866996473B01;
INTRA-EX;20262;513881387;CTS-IT-300R;84213100;NL;PT;10;EXW;11;3;;4,1;1,000;247;;NL866860666B01;
INTRA-EX;20262;513881387;R7437-9;85111000;NL;PT;10;EXW;11;3;;0,1;4,000;145;;NL866860666B01;
INTRA-EX;20262;513881387;VWR31G7GT;87088035;NL;PT;10;EXW;11;3;;8,5;1,000;161;;NL866996473B01;
INTRA-EX;20262;513881387;AC-B58-DPHS;87089235;NL;PT;10;EXW;11;3;;3,8;1,000;173;;NL866860666B01;
INTRA-EX;20262;513881387;CI100053;84213100;NL;PT;10;EXW;11;3;;4,2;2,000;572;;NL866996473B01;
INTRA-EX;20262;513881387;RF100022;84213100;NL;PT;10;EXW;11;3;;3;1,000;187;;NL866860666B01;
INTRA-EX;20262;513881387;AC-W205-DP;87089997;NL;PT;10;EXW;11;3;;9,3;1,000;287;;NL866860666B01;
INTRA-EX;20262;513881387;FMTUBL4;87089997;IT;PT;10;EXW;11;3;;0,8;1,000;112;;IT08839490011;
INTRA-EX;20262;513881387;24999-AM001;84213100;IT;PT;10;EXW;11;3;;0,5;1,000;119;;IT08839490011;
INTRA-EX;20262;513881387;U5014;84099100;IT;PT;10;EXW;11;3;;0,3;8,000;173;;IT08839490011;
INTRA-EX;20262;513881387;10.127.203K;84132000;IT;PT;10;EXW;11;3;;0,3;1,000;227;;IT08839490011;
INTRA-EX;20262;513881387;10.127.100K;84132000;IT;PT;10;EXW;11;3;;0,3;1,000;227;;IT08839490011;
INTRA-EX;20262;513881387;IKR9J8;85111000;IT;PT;10;EXW;11;3;;0,4;8,000;77;;IT08839490011;
INTRA-EX;20262;513881387;SP-201;32081090;IT;PT;10;EXW;11;3;;0,5;5,000;81;;IT14481871003;
INTRA-EX;20262;513881387;BKR7EIX;85111000;IT;PT;10;EXW;11;3;;0,1;8,000;68;;IT14481871003;
INTRA-EX;20262;513881387;U5014;84099100;IT;PT;10;EXW;11;3;;0,3;4,000;86;;IT14481871003;
INTRA-EX;20262;513881387;10.127.203K;84132000;IT;PT;10;EXW;11;3;;0,3;2,000;454;;IT14481871003;
INTRA-EX;20262;513881387;10.127.203T;87089997;IT;PT;10;EXW;11;3;;0,1;2,000;21;;IT14481871003;
INTRA-EX;20262;513881387;ARMABZA250S;84213100;IT;PT;10;EXW;11;3;;5,9;1,000;700;;IT10491230966;
INTRA-EX;20262;513881387;PK431;84213100;IT;PT;10;EXW;11;3;;4,7;1,000;206;;IT02710790060;
INTRA-EX;20262;513881387;EVE-E46-INT;84213100;IT;PT;10;EXW;11;3;;3,5;1,000;696;;IT02710790060;
INTRA-EX;20262;513881387;MS100244;85111000;IT;PT;10;EXW;11;3;;0,3;6,000;171;;IT12072620011;
INTRA-EX;20262;513881387;SHY0900-4P-BK;87083091;IT;PT;10;EXW;11;3;;0,8;1,000;75;;IT03656931205;
INTRA-EX;20262;513881387;AC-S55-JP;40091100;IT;PT;10;EXW;11;3;;0,6;1,000;53;;IT02710790060;
INTRA-EX;20262;513881387;UPS.MAI;;FR;PT;10;EXW;11;3;;0,1;1,000;8;;FR91950841718;
INTRA-EX;20262;513881387;SFD1300-4P-BK;87083091;FR;PT;10;EXW;11;3;;0,5;1,000;78;;FR91950841718;
INTRA-EX;20262;513881387;EVE-G20B58-V2-INT;84213100;FR;PT;10;EXW;11;3;;4,5;1,000;999;;FR26750353237;
INTRA-EX;20262;513881387;EVE-C8RS6-CF-ENG;84213100;FR;PT;10;EXW;11;3;;3;1,000;472;;FR26750353237;
INTRA-EX;20262;513881387;EVE-FLC;87084099;FR;PT;10;EXW;11;3;;0,6;1,000;21;;FR31895072130;
INTRA-EX;20262;513881387;LFR6AIX-11;85111000;FR;PT;10;EXW;11;3;;0,2;4,000;34;;FR55524167806;
INTRA-EX;20262;513881387;VWR120000;84213100;FR;PT;10;EXW;11;3;;1;1,000;30;;FR55524167806;
INTRA-EX;20262;513881387;SILFER8C7ES;85111000;FR;PT;10;EXW;11;3;;0,1;4,000;42;;FR55524167806;
INTRA-EX;20262;513881387;U5014;84099100;FR;PT;10;EXW;11;3;;0,3;8,000;173;;FR55524167806;
INTRA-EX;20262;513881387;VWR12G60D;84213100;FR;PT;10;EXW;11;3;;1,9;1,000;237;;FR55524167806;
INTRA-EX;20262;513881387;AC-MQB-IC;84198998;FR;PT;10;EXW;11;3;;16,3;1,000;281;;FR94827543661;
INTRA-EX;20262;513881387;EVE-8YS3-CF-INT;84213100;FR;PT;10;EXW;11;3;;4,9;1,000;999;;FR26750353237;
INTRA-EX;20262;513881387;ATINTVAG11;87089199;FR;PT;10;EXW;11;3;;12,7;1,000;429;;FR95799460480;
INTRA-EX;20262;513881387;CTS-IT-800;84213100;FR;PT;10;EXW;11;3;;4,3;1,000;247;;FR35504243288;
INTRA-EX;20262;513881387;MMRAD-E90-07A;87089135;FR;PT;10;EXW;11;3;;6,4;1,000;351;;FR35504243288;
INTRA-EX;20262;513881387;10.127.101K;84133080;FR;PT;10;EXW;11;3;;0,3;1,000;227;;FR82530667591;
INTRA-EX;20262;513881387;KTA255;87089997;FR;PT;10;EXW;11;3;;7,8;1,000;301;;FR35504243288;
INTRA-EX;20262;513881387;06J103600AF;84099100;ES;PT;10;EXW;11;3;;2,5;4,000;56;;ESB67497925;
INTRA-EX;20262;513881387;VWR31G8GT;87089997;ES;PT;10;EXW;11;3;;8,5;1,000;161;;ESB19296938;
INTRA-EX;20262;513881387;EVE-FK8-CF-INT;84213100;ES;PT;10;EXW;11;3;;5;1,000;1035;;ESB86420924;
INTRA-EX;20262;513881387;SFDC091;87089235;ES;PT;10;EXW;11;3;;7;1,000;240;;ESB42954230;
INTRA-EX;20262;513881387;9-655-1025;84133080;ES;PT;10;EXW;11;3;;0,8;1,000;129;;ESB42954230;
INTRA-EX;20262;513881387;VWR19G702;70102000;ES;PT;10;EXW;11;3;;0,1;2,000;98;;ESB42954230;
INTRA-EX;20262;513881387;VWR12G7R601FO;84213100;ES;PT;10;EXW;11;3;;0,9;3,000;337;;ESB42954230;
INTRA-EX;20262;513881387;VWR1200R601E;84213100;ES;PT;10;EXW;11;3;;4,9;2,000;676;;ESB42954230;
INTRA-EX;20262;513881387;FMIND5R32-BLA;84213100;ES;PT;10;EXW;11;3;;4,1;1,000;242;;ES29524079Z;
INTRA-EX;20262;513881387;VWR900001;85111000;ES;PT;10;EXW;11;3;;0,3;5,000;153;;ES33558767L;
INTRA-EX;20262;513881387;71008-AH009;84213100;ES;PT;10;EXW;11;3;;2,5;1,000;292;;ESB66283003;
INTRA-EX;20262;513881387;MMAI-FOST-13P;84213100;ES;PT;10;EXW;11;3;;6,9;1,000;269;;ESB66283003;
INTRA-EX;20262;513881387;KTA291;87088055;ES;PT;10;EXW;11;3;;8;1,000;454;;ESB66283003;
INTRA-EX;20262;513881387;CTS-TR-0055;87089997;ES;PT;10;EXW;11;3;;16;1,000;2399;;ESB04855516;
INTRA-EX;20262;513881387;KTA253;87089235;ES;PT;10;EXW;11;3;;7,5;1,000;353;;ESB04855516;
INTRA-EX;20262;513881387;SVW0620-4P-BK;87083091;ES;PT;10;EXW;11;3;;0,5;1,000;61;;ES44719365M;
INTRA-EX;20262;513881387;CTS-F8X-HX;87089199;ES;PT;10;EXW;11;3;;6;1,000;374;;ESB04855516;
INTRA-EX;20262;513881387;AC-S55-TP;40091100;ES;PT;10;EXW;11;3;;1,7;1,000;97;;ESB04855516;
INTRA-EX;20262;513881387;AC-S55-JP;40091100;ES;PT;10;EXW;11;3;;0,6;1,000;53;;ESB04855516;
INTRA-EX;20262;513881387;D640-0002;85111000;ES;PT;10;EXW;11;3;;0,1;12,000;196;;ESB04855516;
INTRA-EX;20262;513881387;D650-0003;84099100;ES;PT;10;EXW;11;3;;0,3;6,000;157;;ESB04855516;
INTRA-EX;20262;513881387;EVE-F56-LCI-MAF;87089997;ES;PT;10;EXW;11;3;;1;1,000;53;;ESF21716261;
INTRA-EX;20262;513881387;FMR56RDH-BLA;40091100;ES;PT;10;EXW;11;3;;1,1;1,000;117;;ESF21716261;
INTRA-EX;20262;513881387;FMKTR56-BLA;40091100;ES;PT;10;EXW;11;3;;0,8;1,000;88;;ESF21716261;
INTRA-EX;20262;513881387;U5055;85111000;ES;PT;10;EXW;11;3;;0,3;6,000;111;;ESB94171030;
INTRA-EX;20262;513881387;AC-N55-TP;40091100;ES;PT;10;EXW;11;3;;1,7;1,000;107;;ESB94171030;
INTRA-EX;20262;513881387;AC-200-IC;84198998;ES;PT;10;EXW;11;3;;11,9;2,000;527;;ESB94171030;
INTRA-EX;20262;513881387;AC-Z33-EM;87089235;ES;PT;10;EXW;11;3;;8,2;1,000;191;;ESB94171030;
INTRA-EX;20262;513881387;SILZKBR8D8S;85111000;ES;PT;10;EXW;11;3;;0,1;6,000;58;;ESB94171030;
INTRA-EX;20262;513881387;AC-B9S-DPHS;87089235;ES;PT;10;EXW;11;3;;5;1,000;257;;ESB94171030;
INTRA-EX;20262;513881387;10.127.203K;84132000;ES;PT;10;EXW;11;3;;0,3;1,000;227;;ES33551947F;
INTRA-EX;20262;513881387;GTHSB-5;87089997;ES;PT;10;EXW;11;3;;0,1;4,000;64;;ES38873546G;
INTRA-EX;20262;513881387;VWR140010;40093100;ES;PT;10;EXW;11;3;;1,7;1,000;158;;ES38873546G;
INTRA-EX;20262;513881387;DBA42830S;87083099;ES;PT;10;EXW;11;3;;11,6;2,000;209;;ES38873546G;
INTRA-EX;20262;513881387;DBA2806S;87083099;ES;PT;10;EXW;11;3;;8,8;2,000;128;;ES38873546G;
INTRA-EX;20262;513881387;JE-369928C-06;87082910;ES;PT;10;EXW;11;3;;4,2;1,000;912;;ESB04855516;
INTRA-EX;20262;513881387;VWR120000;84213100;ES;PT;10;EXW;11;3;;1;1,000;30;;ESB04855516;
INTRA-EX;20262;513881387;CTS-IT-800;84213100;ES;PT;10;EXW;11;3;;4,3;1,000;247;;ESB04855516;
INTRA-EX;20262;513881387;PF04;85444290;ES;PT;10;EXW;11;3;;0,2;2,000;313;;ESB04855516;
INTRA-EX;20262;513881387;MMRAD-WRX-01X;87089135;ES;PT;10;EXW;11;3;;7,2;1,000;268;;ESB66283003;
INTRA-EX;20262;513881387;D660-0100-BLK;87089997;ES;PT;10;EXW;11;3;;27,5;1,000;1803;;ESB94171030;
INTRA-EX;20262;513881387;UPS.MAI;;DE;PT;10;EXW;11;3;;0,1;1,000;6;;QV999999999999;
INTRA-EX;20262;513881387;SFD0121-4P-RD;87083091;DE;PT;10;EXW;11;3;;0,5;1,000;78;;QV999999999999;
INTRA-EX;20262;513881387;FMINT27;87089199;PL;PT;10;EXW;11;3;;15,7;1,000;542;;PL8141683531;
INTRA-EX;20262;513881387;FMDVMK7A-BLA;87089997;BE;PT;10;EXW;11;3;;0,6;1,000;161;;BE0670639687;
INTRA-EX;20262;513881387;ATEXHHYU1;87089235;GR;PT;10;EXW;11;3;;4,8;1,000;236;;GREL802913609;
INTRA-EX;20262;513881387;EVO1108;84213100;GR;PT;10;EXW;11;3;;4,6;1,000;278;;GREL802913609;
INTRA-EX;20262;513881387;MMHOSE-GLF-99RD;40091100;GR;PT;10;EXW;11;3;;2,5;1,000;171;;GREL137646504;
INTRA-EX;20262;513881387;C9000;87089997;GR;PT;10;EXW;11;3;;1;2,000;18;;GREL137646504;
INTRA-EX;20262;513881387;AC-200K04-OT;87089997;GR;PT;10;EXW;11;3;;1,4;1,000;75;;GREL137646504;
INTRA-EX;20262;513881387;FMACVAG06;84099100;GR;PT;10;EXW;11;3;;0,6;1,000;123;;GREL137646504;
INTRA-EX;20262;513881387;AC-200-CP;84099100;GR;PT;10;EXW;11;3;;0,3;1,000;13;;GREL137646504;
INTRA-EX;20262;513881387;9-655-1025;84133080;GR;PT;10;EXW;11;3;;0,8;1,000;129;;GREL802913609;
INTRA-EX;20262;513881387;HK-L-20;87089997;NL;PT;10;EXW;11;3;;6,2;1,000;810;;NL857445832B01;
INTRA-EX;20262;513881387;UR-TW2-898;84099100;NL;PT;10;EXW;11;3;;1,6;1,000;83;;NL857445832B01;
INTRA-EX;20262;513881387;MMHOSE-S2K-00BK;40091100;NL;PT;10;EXW;11;3;;2;1,000;100;;NL857445832B01;
INTRA-EX;20262;513881387;30-0306;87089997;NL;PT;10;EXW;11;3;;0,7;1,000;157;;NL857445832B01;
INTRA-EX;20262;513881387;HK-N-20;87089997;NL;PT;10;EXW;11;3;;6,2;1,000;810;;NL857445832B01;
INTRA-EX;20262;513881387;SBMP082;87089235;NL;PT;10;EXW;11;3;;9,5;1,000;157;;NL866860666B01;
INTRA-EX;20262;513881387;MS100192;85111000;NL;PT;10;EXW;11;3;;0,3;5,000;204;;NL866860666B01;
INTRA-EX;20262;513881387;U5014;84099100;NL;PT;10;EXW;11;3;;0,3;4,000;86;;NL866860666B01;
INTRA-EX;20262;513881387;MMHOSE-E36-92BK;40091100;NL;PT;10;EXW;11;3;;0,7;1,000;61;;NL866860666B01;
INTRA-EX;20262;513881387;AC-211-CFA;87089997;NL;PT;10;EXW;11;3;;0,1;1,000;16;;NL866996473B01;
INTRA-EX;20262;513881387;FMCT5-BLA;87089997;NL;PT;10;EXW;11;3;;3,7;1,000;379;;NL866996473B01;
INTRA-EX;20262;513881387;VWR17G8R600;84213100;NL;PT;10;EXW;11;3;;0,2;2,000;76;;NL866996473B01;
INTRA-EX;20262;513881387;FMKC023-BLA;40093100;NL;PT;10;EXW;11;3;;1,8;2,000;248;;NL866996473B01;
INTRA-EX;20262;513881387;MS100247;85111000;NL;PT;10;EXW;11;3;;0,4;8,000;212;;NL866996473B01;
INTRA-EX;20262;513881387;8E0971824S-RD;84099100;NL;PT;10;EXW;11;3;;0,2;2,000;15;;NL866996473B01;
INTRA-EX;20262;513881387;VWR90000;85111000;NL;PT;10;EXW;11;3;;0,3;4,000;122;;NL866996473B01;
INTRA-EX;20262;513881387;VWR180006;87089997;NL;PT;10;EXW;11;3;;0,1;1,000;10;;NL866996473B01;
INTRA-EX;20262;513881387;VWR12G7R600ITINLET;87089997;NL;PT;10;EXW;11;3;;0,4;3,000;300;;NL866996473B01;
INTRA-EX;20262;513881387;VWR12G7R600ITBLA;84213100;NL;PT;10;EXW;11;3;;0,8;1,000;76;;NL866996473B01;
INTRA-EX;20262;513881387;SFDS091D;87089235;IT;PT;10;EXW;11;3;;24,4;1,000;546;;IT02710790060;
INTRA-EX;20262;513881387;UR-RL4-1259;87088055;IT;PT;10;EXW;11;3;;5;1,000;106;;IT12072620011;
INTRA-EX;20262;513881387;UR-TW2-323;87088055;IT;PT;10;EXW;11;3;;3;1,000;74;;IT12072620011;
INTRA-EX;20262;513881387;10.127.100K;84132000;IT;PT;10;EXW;11;3;;0,3;1,000;227;;IT03656931205;
INTRA-EX;20262;513881387;AC-200-CFA;87089997;IT;PT;10;EXW;11;3;;0,1;1,000;16;;IT03656931205;
INTRA-EX;20262;513881387;CTS-IGN-006;84099100;IT;PT;10;EXW;11;3;;0,3;4,000;119;;IT03656931205;
INTRA-EX;20262;513881387;MMHOSE-STI-08RD;40091100;IT;PT;10;EXW;11;3;;0,7;1,000;78;;IT02710790060;
INTRA-EX;20262;513881387;MMRAD-STI-08X;87089135;IT;PT;10;EXW;11;3;;6,9;1,000;268;;IT02710790060;
INTRA-EX;20262;513881387;UR-RL2-988;87088055;IT;PT;10;EXW;11;3;;2,2;1,000;58;;IT12072620011;
INTRA-EX;20262;513881387;SBW1176-4P-BK;87083091;IT;PT;10;EXW;11;3;;0,5;1,000;75;;IT12072620011;
INTRA-EX;20262;513881387;IKR9J8;85111000;IT;PT;10;EXW;11;3;;0,4;4,000;38;;IT02330960994;
INTRA-EX;20262;513881387;ATINTFT1;87089199;IT;PT;10;EXW;11;3;;16,7;1,000;473;;IT02330960994;
INTRA-EX;20262;513881387;AC-S55-CC;87089997;IT;PT;10;EXW;11;3;;1;1,000;47;;IT12072620011;
INTRA-EX;20262;513881387;EVE-N55-PF;84212300;FR;PT;10;EXW;11;3;;0,9;2,000;121;;FR86498478304;
INTRA-EX;20262;513881387;EVE-F8xM-PF;84212300;FR;PT;10;EXW;11;3;;1,5;4,000;342;;FR86498478304;
INTRA-EX;20262;513881387;FMINT4-ACC;87089997;FR;PT;10;EXW;11;3;;20,5;1,000;1077;;FR55524167806;
INTRA-EX;20262;513881387;MMRAD-B4-90;87089135;FR;PT;10;EXW;11;3;;10,4;1,000;196;;FR55524167806;
INTRA-EX;20262;513881387;SILFER8C7ES;85111000;FR;PT;10;EXW;11;3;;0,1;4,000;42;;FR55881457121;
INTRA-EX;20262;513881387;SMN011;87089235;FR;PT;10;EXW;11;3;;25,5;1,000;532;;FR55524167806;
INTRA-EX;20262;513881387;EVE-Z4M-INT;84213100;FR;PT;10;EXW;11;3;;3;1,000;607;;FR31895072130;
INTRA-EX;20262;513881387;AC-N55-TP;40091100;FR;PT;10;EXW;11;3;;1,7;1,000;107;;FR35504243288;
INTRA-EX;20262;513881387;EVE-151-G2-FTR;84213100;FR;PT;10;EXW;11;3;;0,5;1,000;63;;FR80888340023;
INTRA-EX;20262;513881387;MMTS-CTR-17;90321020;FR;PT;10;EXW;11;3;;0,2;1,000;33;;FR80888340023;
INTRA-EX;20262;513881387;ATMSMINI10;87089997;FR;PT;10;EXW;11;3;;1;1,000;252;;FR80888340023;
INTRA-EX;20262;513881387;ATMSMINI15;87089997;FR;PT;10;EXW;11;3;;1,5;1,000;158;;FR80888340023;
INTRA-EX;20262;513881387;ATMSFO147;87089997;ES;PT;10;EXW;11;3;;1,5;1,000;147;;ESB67497925;
INTRA-EX;20262;513881387;SVWC058;87089235;ES;PT;10;EXW;11;3;;10,1;1,000;314;;ESB67497925;
INTRA-EX;20262;513881387;VWR13G700RFK;87089997;ES;PT;10;EXW;11;3;;0,5;1,000;46;;ESB65650301;
INTRA-EX;20262;513881387;VWR130006;84099100;ES;PT;10;EXW;11;3;;0,3;1,000;40;;ESB65650301;
INTRA-EX;20262;513881387;VWR13G700;84099100;ES;PT;10;EXW;11;3;;3;1,000;468;;ESB65650301;
INTRA-EX;20262;513881387;VWR120010;40091100;ES;PT;10;EXW;11;3;;1,4;1,000;178;;ES44719365M;
INTRA-EX;20262;513881387;D650-0009;84099100;ES;PT;10;EXW;11;3;;0,3;12,000;373;;ESB04855516;
INTRA-EX;20262;513881387;BKR7EIX;85111000;ES;PT;10;EXW;11;3;;0,1;4,000;34;;ES44719365M;
INTRA-EX;20262;513881387;MS100210;85111000;ES;PT;10;EXW;11;3;;0,3;4,000;114;;ES44719365M;
INTRA-EX;20262;513881387;AC-MK7-CP;84099100;ES;PT;10;EXW;11;3;;0,3;12,000;215;;ESB94171030;
INTRA-EX;20262;513881387;AC-N55-TP;40091100;ES;PT;10;EXW;11;3;;1,7;1,000;107;;ESB94171030;
INTRA-EX;20262;513881387;EVE-A35-CF-INT;84213100;ES;PT;10;EXW;11;3;;4,2;1,000;928;;ESB88553946;
INTRA-EX;20262;513881387;VWR180003;87089997;ES;PT;10;EXW;11;3;;0,1;2,000;42;;ES50902109G;
INTRA-EX;20262;513881387;VWR180002;87089997;ES;PT;10;EXW;11;3;;0,1;1,000;21;;ES50902109G;
INTRA-EX;20262;513881387;VWR180006;87089997;ES;PT;10;EXW;11;3;;0,1;1,000;10;;ES50902109G;
INTRA-EX;20262;513881387;R7438-9;85111000;ES;PT;10;EXW;11;3;;0,1;4,000;138;;ES50902109G;
INTRA-EX;20262;513881387;SSTP011;87089235;ES;PT;10;EXW;11;3;;8;1,000;94;;ES29524079Z;
INTRA-EX;20262;513881387;SHY0900-4P-BK;87083091;ES;PT;10;EXW;11;3;;0,8;1,000;75;;ES33551947F;
INTRA-EX;20262;513881387;VWR12G7R600ITINLET;87089997;ES;PT;10;EXW;11;3;;0,4;1,000;100;;ES44719365M;
INTRA-EX;20262;513881387;PFR7S8EG;85111000;ES;PT;10;EXW;11;3;;0,2;4,000;30;;ESB19781145;
INTRA-EX;20262;513881387;STY0014-4P-BK;87083091;ES;PT;10;EXW;11;3;;0,5;3,000;227;;ES16610275C;
INTRA-EX;20262;513881387;UR-TW2-071;87088055;ES;PT;10;EXW;11;3;;2;1,000;68;;ESB94171030;
INTRA-EX;20262;513881387;AC-MK7-CP;84099100;ES;PT;10;EXW;11;3;;0,3;8,000;143;;ESB94171030;
INTRA-EX;20262;513881387;AC-N55-DPHS;87089235;ES;PT;10;EXW;11;3;;2,5;1,000;162;;ESB94171030;
INTRA-EX;20262;513881387;BKR8EIX-4;85111000;SE;PT;10;EXW;11;3;;0,3;1,000;41;;QV999999999999;
INTRA-EX;20262;513881387;AC-VAG-ODP;70102000;SE;PT;10;EXW;11;3;;0,2;1,000;7;;QV999999999999;
INTRA-EX;20262;513881387;06E898001-4;85111000;SE;PT;10;EXW;11;3;;1,5;1,000;98;;QV999999999999;
INTRA-EX;20262;513881387;DPD;;SE;PT;10;EXW;11;3;;0,1;1,000;16;;QV999999999999;
INTRA-EX;20262;513881387;UPS.MAI;;FI;PT;10;EXW;11;3;;0,1;1,000;15;;QV999999999999;
INTRA-EX;20262;513881387;AC-200-CFA;87089997;FI;PT;10;EXW;11;3;;0,1;1,000;23;;QV999999999999;
INTRA-EX;20262;513881387;D760-0064;84099100;AT;PT;10;EXW;11;3;;1,1;1,000;132;;QV999999999999;
INTRA-EX;20262;513881387;UPS.MAI;;AT;PT;10;EXW;11;3;;0,1;1,000;6;;QV999999999999;
INTRA-EX;20262;513881387;10.127.1012K;84133080;SI;PT;10;EXW;11;3;;0,6;1,000;454;;SI84452412;
INTRA-EX;20262;513881387;10.127.101TK;87089997;SI;PT;10;EXW;11;3;;0,3;1,000;16;;SI84452412;
INTRA-EX;20262;513881387;EVE-S58-CF-STR;87088055;SI;PT;10;EXW;11;3;;6,1;1,000;1462;;SI84452412;
INTRA-EX;20262;513881387;CTS-IT-288;84213100;SI;PT;10;EXW;11;3;;2,2;1,000;247;;SI84452412;
INTRA-EX;20262;513881387;SBMP081;87089235;SI;PT;10;EXW;11;3;;11,3;1,000;271;;SI84452412;
INTRA-EX;20262;513881387;E20-15-021-06-22;73202081;RO;PT;10;EXW;11;3;;9,2;1,000;205;;RO34923752;
INTRA-EX;20262;513881387;R7437-9-5;85111000;RO;PT;10;EXW;11;3;;0,3;1,000;213;;RO34923752;
INTRA-EX;20262;513881387;FMINDK47;84213100;RO;PT;10;EXW;11;3;;5,8;1,000;636;;RO34923752;
INTRA-EX;20262;513881387;FMINT33;87089235;RO;PT;10;EXW;11;3;;21,5;1,000;1253;;RO34923752;
INTRA-EX;20262;513881387;UPS.MAI;;RO;PT;10;EXW;11;3;;0,1;1,000;45;;RO34923752;
INTRA-EX;20262;513881387;DPD;;CZ;PT;10;EXW;11;3;;0,1;1,000;8;;QV999999999999;
INTRA-EX;20262;513881387;216BFWAOTSM;90269000;CZ;PT;10;EXW;11;3;;0,3;1,000;39;;QV999999999999;
INTRA-EX;20262;513881387;MS100137;87089997;CZ;PT;10;EXW;11;3;;0,7;1,000;179;;CZ05205093;
INTRA-EX;20262;513881387;CI100033;84213100;CZ;PT;10;EXW;11;3;;3,2;1,000;494;;CZ05205093;
INTRA-EX;20262;513881387;DPD.MAI;;CZ;PT;10;EXW;11;3;;0,1;1,000;15;;CZ05205093;
INTRA-EX;20262;513881387;FMMK5CT;87089135;HU;PT;10;EXW;11;3;;1,6;1,000;300;;HU25464285;
INTRA-EX;20262;513881387;Z1003100;85111000;HU;PT;10;EXW;11;3;;0,1;8,000;196;;HU25464285;
INTRA-EX;20262;513881387;PF04;85444290;HU;PT;10;EXW;11;3;;0,2;1,000;156;;HU25464285;
INTRA-EX;20262;513881387;MS100234;87089997;HU;PT;10;EXW;11;3;;3;1,000;450;;HU25464285;
INTRA-EX;20262;513881387;EVE-G8XMV2-CF-INT;84213100;PL;PT;10;EXW;11;3;;7,7;1,000;1987;;PL8141683531;
INTRA-EX;20262;513881387;SBMP081;87089235;BE;PT;10;EXW;11;3;;11,3;1,000;271;;BE0670639687;
INTRA-EX;20262;513881387;CG85-02-0023;84213100;BE;PT;10;EXW;11;3;;4;1,000;228;;BE0740963105;
INTRA-EX;20262;513881387;UPS.MAI;;BE;PT;10;EXW;11;3;;0,1;1,000;6;;QV999999999999;
INTRA-EX;20262;513881387;BKR8EIX-4;85111000;BE;PT;10;EXW;11;3;;0,3;1,000;42;;QV999999999999;
INTRA-EX;20262;513881387;DPD;;BE;PT;10;EXW;11;3;;0,1;1,000;6;;QV999999999999;
INTRA-EX;20262;513881387;PST77;87088035;BE;PT;10;EXW;11;3;;3,2;1,000;121;;QV999999999999;
INTRA-EX;20262;513881387;D760-0064;84099100;GR;PT;10;EXW;11;3;;1,1;1,000;114;;GREL802913609;
INTRA-EX;20262;513881387;AC-30N-CP;85111000;GR;PT;10;EXW;11;3;;0,3;8,000;111;;GREL802913609;
INTRA-EX;20262;513881387;22S-00-0450-4;84133080;GR;PT;10;EXW;11;3;;0,3;1,000;269;;GREL802913609;
INTRA-EX;20262;513881387;503-H101;84213100;GR;PT;10;EXW;11;3;;0,4;1,000;26;;QV999999999999;
INTRA-EX;20262;513881387;UPS.MAI;;GR;PT;10;EXW;11;3;;0,1;1,000;20;;QV999999999999;
INTRA-EX;20262;513881387;AC-200-IC;84198998;NL;PT;10;EXW;11;3;;11,9;1,000;263;;NL866860666B01;
INTRA-EX;20262;513881387;RPF-2050;84213100;NL;PT;10;EXW;11;3;;0,4;1,000;33;;QV999999999999;
INTRA-EX;20262;513881387;UPS.MAI;;NL;PT;10;EXW;11;3;;0,1;1,000;9;;QV999999999999;
INTRA-EX;20262;513881387;R7437-9-8;84099100;NL;PT;10;EXW;11;3;;0,5;1,000;342;;NL865367012B01;
INTRA-EX;20262;513881387;UPS.MAI;;NL;PT;10;EXW;11;3;;0,1;1,000;8;;NL865367012B01;
INTRA-EX;20262;513881387;SSE0250-4P-BK;87083091;GR;PT;10;EXW;11;3;;0,5;1,000;75;;GREL802913609;
INTRA-EX;20262;513881387;NAC.MAI;;ES;PT;10;EXW;11;3;;0,1;1,000;37;;ES54073987K;
INTRA-EX;20262;513881387;MS100208-4;84099100;ES;PT;10;EXW;11;3;;1,7;1,000;127;;ES54073987K;
INTRA-EX;20262;513881387;NAC.MAI;;ES;PT;10;EXW;11;3;;0,1;1,000;37;;ES45899844D;
INTRA-EX;20262;513881387;50003-M45-XL-4;84213100;ES;PT;10;EXW;11;3;;0,3;1,000;81;;ES45899844D;
INTRA-EX;20262;513881387;NAC.MAI;;ES;PT;10;EXW;11;3;;0,1;1,000;37;;ES45865610E;
INTRA-EX;20262;513881387;9-201-1019;87089997;ES;PT;10;EXW;11;3;;0,5;1,000;90;;ES45865610E;
INTRA-EX;20262;513881387;NAC;;ES;PT;10;EXW;11;3;;0,1;1,000;37;;ES46297748J;
INTRA-EX;20262;513881387;SVW0707-4P-BK;87083091;ES;PT;10;EXW;11;3;;0,4;1,000;77;;ES46297748J;
INTRA-EX;20262;513881387;NAC.MAI;;ES;PT;10;EXW;11;3;;0,1;1,000;49;;ES51165497L;
INTRA-EX;20262;513881387;FMINDMK7F-PLE;84213100;ES;PT;10;EXW;11;3;;0,8;1,000;99;;ES51165497L;
INTRA-EX;20262;513881387;KLC167A;87088055;IT;PT;10;EXW;11;3;;1,4;1,000;100;;IT12072620011;
INTRA-EX;20262;513881387;PK409;84213100;IT;PT;10;EXW;11;3;;3;1,000;214;;IT02710790060;
INTRA-EX;20262;513881387;UR-TW2-1412;87088055;IT;PT;10;EXW;11;3;;2;1,000;76;;IT12072620011;
INTRA-EX;20262;513881387;PK433;84213100;IT;PT;10;EXW;11;3;;4,6;1,000;205;;IT02710790060;
INTRA-EX;20262;513881387;VWR640015;87089997;IT;PT;10;EXW;11;3;;2,2;1,000;65;;IT12034500012;
INTRA-EX;20262;513881387;VWR12G7R600ITINLET;87089997;IT;PT;10;EXW;11;3;;0,4;1,000;100;;IT12034500012;
INTRA-EX;20262;513881387;VWR12G7R602ITBLA;84213100;IT;PT;10;EXW;11;3;;0,6;2,000;152;;IT12034500012;
INTRA-EX;20262;513881387;VWR160001;87089997;IT;PT;10;EXW;11;3;;0,4;1,000;86;;IT12034500012;
INTRA-EX;20262;513881387;VWR1200R600E;84213100;IT;PT;10;EXW;11;3;;4,9;2,000;619;;IT12034500012;
INTRA-EX;20262;513881387;UR-RE2-2089;87088055;IT;PT;10;EXW;11;3;;2;1,000;61;;IT12072620011;
INTRA-EX;20262;513881387;UR-TW-4261;87088055;IT;PT;10;EXW;11;3;;3;1,000;115;;IT02710790060;
INTRA-EX;20262;513881387;EVE-B9S5-CF-INT;84213100;FR;PT;10;EXW;11;3;;3,4;1,000;1035;;FR86498478304;
INTRA-EX;20262;513881387;EVE-EA8884-R-INT;84213100;FR;PT;10;EXW;11;3;;5;1,000;999;;FR86498478304;
INTRA-EX;20262;513881387;EVE-FLC;87084099;FR;PT;10;EXW;11;3;;0,6;5,000;105;;FR86498478304;
INTRA-EX;20262;513881387;VWR13G700;84099100;FR;PT;10;EXW;11;3;;3;1,000;468;;FR19980130553;
INTRA-EX;20262;513881387;DPD;;FR;PT;10;EXW;11;3;;0,1;1,000;6;;QV999999999999;
INTRA-EX;20262;513881387;JSK-140-BK;84213100;FR;PT;10;EXW;11;3;;1,6;1,000;218;;QV999999999999;
INTRA-EX;20262;513881387;06F129717D;87089235;FR;PT;10;EXW;11;3;;0,1;1,000;8;;QV999999999999;
INTRA-EX;20262;513881387;CTS-HW-031;87089235;FR;PT;10;EXW;11;3;;0,1;1,000;99;;QV999999999999;
INTRA-EX;20262;513881387;BKR8EIX-4;85111000;FR;PT;10;EXW;11;3;;0,3;1,000;43;;QV999999999999;
INTRA-EX;20262;513881387;MON.REL.MAI;;FR;PT;10;EXW;11;3;;0,1;1,000;6;;QV999999999999;
INTRA-EX;20262;513881387;ILFR6B-5;84099100;FR;PT;10;EXW;11;3;;0,3;1,000;46;;FR93901613281;
INTRA-EX;20262;513881387;BKR8EIX-8;85111000;FR;PT;10;EXW;11;3;;0,5;1,000;86;;FR93901613281;
INTRA-EX;20262;513881387;UPS.MAI;;FR;PT;10;EXW;11;3;;0,1;1,000;8;;FR93901613281;
INTRA-EX;20262;513881387;CI100053;84213100;FR;PT;10;EXW;11;3;;4,2;1,000;314;;QV999999999999;
INTRA-EX;20262;513881387;DPD.MAI;;FR;PT;10;EXW;11;3;;0,1;1,000;6;;QV999999999999;
INTRA-EX;20262;513881387;WB-439;84213100;FR;PT;10;EXW;11;3;;0,3;1,000;59;;QV999999999999;
INTRA-EX;20262;513881387;UPS.MAI;;FR;PT;10;EXW;11;3;;0,1;1,000;6;;QV999999999999;
INTRA-EX;20262;513881387;VWR81G700;87088055;ES;PT;10;EXW;11;3;;2,6;1,000;319;;ESB42954230;
INTRA-EX;20262;513881387;MS100192;85111000;ES;PT;10;EXW;11;3;;0,3;24,000;982;;ESB42954230;
INTRA-EX;20262;513881387;CTS-TR-1050;87089997;ES;PT;10;EXW;11;3;;13,6;1,000;1124;;ESB42954230;
INTRA-EX;20262;513881387;FMINT27;87089199;ES;PT;10;EXW;11;3;;15,7;1,000;542;;ESB42954230;
INTRA-EX;20262;513881387;FMINDK28-BLA-FOA;84213100;ES;PT;10;EXW;11;3;;5,9;1,000;277;;ESB42954230;
INTRA-EX;20262;513881387;FMBP4;87089997;ES;PT;10;EXW;11;3;;3;1,000;159;;ESB42954230;
INTRA-EX;20262;513881387;CTS-HW-003;87089997;ES;PT;10;EXW;11;3;;0,3;1,000;40;;ESB42954230;
INTRA-EX;20262;513881387;VWR1200R600E;84213100;ES;PT;10;EXW;11;3;;4,9;1,000;309;;ESB42954230;
INTRA-EX;20262;513881387;CTS-IT-259;40091100;ES;PT;10;EXW;11;3;;1,1;1,000;127;;ESB42954230;
INTRA-EX;20262;513881387;VWR13G700RFK;87089997;ES;PT;10;EXW;11;3;;0,5;1,000;46;;ES71155708X;
INTRA-EX;20262;513881387;VWR13G700;84099100;ES;PT;10;EXW;11;3;;3;1,000;468;;ES71155708X;
INTRA-EX;20262;513881387;VWR130006;84099100;ES;PT;10;EXW;11;3;;0,3;1,000;40;;ES71155708X;
INTRA-EX;20262;513881387;VWR12G5GT;84213100;ES;PT;10;EXW;11;3;;3,1;1,000;333;;ES18062887K;
INTRA-EX;20262;513881387;KLC180-335;87088055;ES;PT;10;EXW;11;3;;1,6;1,000;100;;ES18062887K;
INTRA-EX;20262;513881387;SILFER8C7ES;85111000;ES;PT;10;EXW;11;3;;0,1;5,000;52;;ES50902109G;
INTRA-EX;20262;513881387;R-NIS-006-I;84833080;ES;PT;10;EXW;11;3;;6;1,000;612;;ESB19406420;
INTRA-EX;20262;513881387;KCA362;87089997;ES;PT;10;EXW;11;3;;3;1,000;149;;ES72815006L;
INTRA-EX;20262;513881387;KTA109;87089997;ES;PT;10;EXW;11;3;;7,5;1,000;256;;ES72815006L;
INTRA-EX;20262;513881387;10.127.100K;84132000;ES;PT;10;EXW;11;3;;0,3;1,000;227;;ESB42771618;
INTRA-EX;20262;513881387;AC-MK8R-DP;87089235;ES;PT;10;EXW;11;3;;10,2;1,000;203;;ESB42771618;
INTRA-EX;20262;513881387;FMFK054-BLU;87089997;ES;PT;10;EXW;11;3;;1;1,000;111;;ESB72996382;
INTRA-EX;20262;513881387;ATMSFO104;87089997;ES;PT;10;EXW;11;3;;0,1;1,000;43;;ESB72996382;
INTRA-EX;20262;513881387;FMINDK52;87089997;ES;PT;10;EXW;11;3;;3,2;1,000;193;;ESB72996382;
INTRA-EX;20262;513881387;FMKC005-BLA;40093100;ES;PT;10;EXW;11;3;;1,4;1,000;168;;ESB72996382;
INTRA-EX;20262;513881387;FMGOLFIND-BLU;40093100;ES;PT;10;EXW;11;3;;1,2;1,000;161;;ESB72996382;
INTRA-EX;20262;513881387;NAC.MAI;;ES;PT;10;EXW;11;3;;0,1;1,000;6;;QV999999999999;
INTRA-EX;20262;513881387;5M1633H-.25;40091100;ES;PT;10;EXW;11;3;;0,5;Uni.;98;;QV999999999999;
INTRA-EX;20262;513881387;ASMGOODS-1-Z;87089997;ES;PT;10;EXW;11;3;;0,2;1,000;0;;ESB75277681;
INTRA-EX;20262;513881387;KTA286;87088055;ES;PT;10;EXW;11;3;;3;1,000;185;;ESB75277681;
INTRA-EX;20262;513881387;NAC.MAI;;ES;PT;10;EXW;11;3;;0,1;1,000;8;;ESB75277681;
INTRA-EX;20262;513881387;06J103600AFKIT;84099100;ES;PT;10;EXW;11;3;;2,5;1,000;49;;ES40575608C;
INTRA-EX;20262;513881387;NAC.MAI;;ES;PT;10;EXW;11;3;;0,1;1,000;8;;ES40575608C;
INTRA-EX;20262;513881387;DILKAR8R9HS-4;85111000;ES;PT;10;EXW;11;3;;0,3;1,000;62;;QV999999999999;
INTRA-EX;20262;513881387;INP;;ES;PT;10;EXW;11;3;;0,1;1,000;6;;QV999999999999;
INTRA-EX;20262;513881387;FMACFRS2;84099100;ES;PT;10;EXW;11;3;;0,6;1,000;144;;ESA60479078;
INTRA-EX;20262;513881387;NAC;;ES;PT;10;EXW;11;3;;0,1;1,000;8;;ESA60479078;
INTRA-EX;20262;513881387;PK370;84213100;CZ;PT;10;EXW;11;3;;4,8;1,000;220;;CZ05681197;
INTRA-EX;20262;513881387;Z1003100;85111000;CZ;PT;10;EXW;11;3;;0,1;6,000;147;;CZ05681197;
INTRA-EX;20262;513881387;KDT926;84198998;DE;PT;10;EXW;11;3;;0,2;5,000;181;;DE359821210;
INTRA-EX;20262;513881387;KCA416;87141030;DE;PT;10;EXW;11;3;;0,6;5,000;132;;DE359821210;
INTRA-EX;20262;513881387;KTA216A;87088035;DE;PT;10;EXW;11;3;;4,3;1,000;240;;DE359821210;
INTRA-EX;20262;513881387;SAUX089;87089235;HU;PT;10;EXW;11;3;;11;1,000;824;;HU25464285;
INTRA-EX;20262;513881387;VWR29G7250;87089135;PL;PT;10;EXW;11;3;;5,5;1,000;501;;PL8141683531;
INTRA-EX;20262;513881387;EVE-G8XMV2-CF-INT;84213100;PL;PT;10;EXW;11;3;;7,7;1,000;1987;;PL8141683531;
INTRA-EX;20262;513881387;EVE-G9X-CF-INT;84213100;PL;PT;10;EXW;11;3;;5,3;1,000;1710;;PL6972395288;
INTRA-EX;20262;513881387;STAB122XLI30N;84213100;GR;PT;10;EXW;11;3;;2,4;1,000;196;;GREL802913609;
INTRA-EX;20262;513881387;SBMP105;87089997;GR;PT;10;EXW;11;3;;1,9;1,000;51;;GREL802913609;
INTRA-EX;20262;513881387;FMINT7;87089997;GR;PT;10;EXW;11;3;;16,4;1,000;480;;GREL802913609;
INTRA-EX;20262;513881387;ATMSFO71;40091100;GR;PT;10;EXW;11;3;;0,3;1,000;113;;GREL802913609;
INTRA-EX;20262;513881387;D650-0003;84099100;GR;PT;10;EXW;11;3;;0,3;6,000;157;;GREL802913609;
INTRA-EX;20262;513881387;UR-RL2-686;87088055;GR;PT;10;EXW;11;3;;0,9;1,000;56;;QV999999999999;
INTRA-EX;20262;513881387;UR-RE2-066;87088055;GR;PT;10;EXW;11;3;;2,1;1,000;100;;QV999999999999;
INTRA-EX;20262;513881387;UPS.MAI;;GR;PT;10;EXW;11;3;;0,1;1,000;26;;QV999999999999;
INTRA-EX;20262;513881387;SILFER8C7ES;85111000;NL;PT;10;EXW;11;3;;0,1;5,000;52;;NL866860666B01;
INTRA-EX;20262;513881387;NAC.MAI;;ES;PT;10;EXW;11;3;;0,1;1,000;49;;ESX9948829h;
INTRA-EX;20262;513881387;MS100244-6;85111000;ES;PT;10;EXW;11;3;;2;1,000;205;;ESX9948829h;
INTRA-EX;20262;513881387;VWR143000;87089997;IT;PT;10;EXW;11;3;;14,9;1,000;676;;IT02710790060;
INTRA-EX;20262;513881387;UR-TW2-3051;87088055;IT;PT;10;EXW;11;3;;1,7;1,000;92;;IT12072620011;
INTRA-EX;20262;513881387;CI100053;84213100;IT;PT;10;EXW;11;3;;4,2;1,000;286;;IT02710790060;
INTRA-EX;20262;513881387;CI100052-A;84213100;IT;PT;10;EXW;11;3;;1,7;1,000;89;;IT02710790060;
INTRA-EX;20262;513881387;E20-85-051-05-22;73202081;IT;PT;10;EXW;11;3;;8,7;1,000;178;;IT12072620011;
INTRA-EX;20262;513881387;216BFWAOPSM;90269000;IT;PT;10;EXW;11;3;;0,4;1,000;34;;IT12072620011;
INTRA-EX;20262;513881387;AC-BM-ODP;87089997;FR;PT;10;EXW;11;3;;0,1;1,000;12;;FR07930685672;
INTRA-EX;20262;513881387;DPD;;FR;PT;10;EXW;11;3;;0,1;1,000;12;;FR07930685672;
INTRA-EX;20262;513881387;AC-B58-DPHS;87089235;FR;PT;10;EXW;11;3;;3,8;1,000;173;;FR35504243288;
INTRA-EX;20262;513881387;ILZKBR7B8G;85111000;FR;PT;10;EXW;11;3;;0,1;18,000;154;;FR35504243288;
INTRA-EX;20262;513881387;D650-0003;84099100;FR;PT;10;EXW;11;3;;0,3;6,000;157;;FR55823261680;
INTRA-EX;20262;513881387;D650-0009;84099100;FR;PT;10;EXW;11;3;;0,3;4,000;124;;FR55823261680;
INTRA-EX;20262;513881387;UR-LA4-157x;87088055;FR;PT;10;EXW;11;3;;3,7;1,000;123;;QV999999999999;
INTRA-EX;20262;513881387;DPD.MAI;;FR;PT;10;EXW;11;3;;0,1;1,000;6;;QV999999999999;
INTRA-EX;20262;513881387;SVW0630-4P-BK;87083091;FR;PT;10;EXW;11;3;;0,5;1,000;77;;QV999999999999;
INTRA-EX;20262;513881387;RBF600;27101999;FR;PT;10;EXW;11;3;;0,6;1,000;9;;QV999999999999;
INTRA-EX;20262;513881387;DPD.MAI;;FR;PT;10;EXW;11;3;;0,1;1,000;6;;QV999999999999;
INTRA-EX;20262;513881387;SP-121;32081090;FR;PT;10;EXW;11;3;;0,5;1,000;21;;QV999999999999;
INTRA-EX;20262;513881387;MON.REL.MAI;;FR;PT;10;EXW;11;3;;0,1;1,000;10;;QV999999999999;
INTRA-EX;20262;513881387;BKR7EIX-4;84099100;FR;PT;10;EXW;11;3;;0,3;1,000;40;;QV999999999999;
INTRA-EX;20262;513881387;MS100208-4;84099100;FR;PT;10;EXW;11;3;;1,7;1,000;127;;QV999999999999;
INTRA-EX;20262;513881387;UPS.MAI;;FR;PT;10;EXW;11;3;;0,1;1,000;6;;QV999999999999;
INTRA-EX;20262;513881387;SILZKGR8B8S-6;85111000;FR;PT;10;EXW;11;3;;0,4;1,000;59;;QV999999999999;
INTRA-EX;20262;513881387;MON.REL.MAI;;FR;PT;10;EXW;11;3;;0,1;1,000;6;;QV999999999999;
INTRA-EX;20262;513881387;IMS-8V8S-GRK;87089997;FR;PT;10;EXW;11;3;;0,2;1,000;70;;QV999999999999;
INTRA-EX;20262;513881387;MON.REL.MAI;;FR;PT;10;EXW;11;3;;0,1;1,000;6;;QV999999999999;
INTRA-EX;20262;513881387;FMKT026-BLA;;FR;PT;10;EXW;11;3;;0,1;1,000;163;;QV999999999999;
INTRA-EX;20262;513881387;MON.REL.MAI;;FR;PT;10;EXW;11;3;;0,1;1,000;6;;QV999999999999;
INTRA-EX;20262;513881387;L3P3BE9x;87089997;FR;PT;10;EXW;11;3;;1;1,000;322;;QV999999999999;
INTRA-EX;20262;513881387;UPS.MAI;;FR;PT;10;EXW;11;3;;0,1;1,000;6;;QV999999999999;
INTRA-EX;20262;513881387;ES-315086;87089997;FR;PT;10;EXW;11;3;;1,1;1,000;53;;QV999999999999;
INTRA-EX;20262;513881387;NST36B;87088035;FR;PT;10;EXW;11;3;;3;1,000;104;;QV999999999999;
INTRA-EX;20262;513881387;DPD;;FR;PT;10;EXW;11;3;;0,1;1,000;6;;QV999999999999;
INTRA-EX;20262;513881387;WB-358;84213100;FR;PT;10;EXW;11;3;;0,2;1,000;48;;QV999999999999;
INTRA-EX;20262;513881387;MON.REL.MAI;;FR;PT;10;EXW;11;3;;0,1;1,000;6;;QV999999999999;
INTRA-EX;20262;513881387;AC-MK7-CP-4;84099100;FR;PT;10;EXW;11;3;;1;1,000;112;;QV999999999999;
INTRA-EX;20262;513881387;UPS.MAI;;FR;PT;10;EXW;11;3;;0,1;1,000;6;;QV999999999999;
INTRA-EX;20262;513881387;SBW1176-4P-BK;87083091;FR;PT;10;EXW;11;3;;0,5;1,000;77;;QV999999999999;
INTRA-EX;20262;513881387;SILZKGR8B8S-4;84099100;FR;PT;10;EXW;11;3;;0,3;1,000;40;;QV999999999999;
INTRA-EX;20262;513881387;CTS-IGN-009;84099100;FR;PT;10;EXW;11;3;;0,3;4,000;127;;QV999999999999;
INTRA-EX;20262;513881387;UPS.MAI;;FR;PT;10;EXW;11;3;;0,1;1,000;6;;QV999999999999;
INTRA-EX;20262;513881387;SILZKBR8D8S-8;85111000;FR;PT;10;EXW;11;3;;0,5;1,000;90;;QV999999999999;
INTRA-EX;20262;513881387;UPS.MAI;;FR;PT;10;EXW;11;3;;0,1;1,000;6;;QV999999999999;
INTRA-EX;20262;513881387;VWR190007;87141030;FR;PT;10;EXW;11;3;;0,3;1,000;24;;QV999999999999;
INTRA-EX;20262;513881387;VWR19G703;70102000;FR;PT;10;EXW;11;3;;0,2;1,000;95;;QV999999999999;
INTRA-EX;20262;513881387;MON.REL.MAI;;FR;PT;10;EXW;11;3;;0,1;1,000;6;;QV999999999999;
INTRA-EX;20262;513881387;BKR8EIX-8;85111000;FR;PT;10;EXW;11;3;;0,5;1,000;86;;QV999999999999;
INTRA-EX;20262;513881387;079133074B;87089235;FR;PT;10;EXW;11;3;;0,1;2,000;22;;QV999999999999;
INTRA-EX;20262;513881387;UPS.MAI;;FR;PT;10;EXW;11;3;;0,1;1,000;6;;QV999999999999;
INTRA-EX;20262;513881387;WB-370;84213100;FR;PT;10;EXW;11;3;;0,2;1,000;43;;QV999999999999;
INTRA-EX;20262;513881387;UPS.MAI;;FR;PT;10;EXW;11;3;;0,1;1,000;6;;QV999999999999;
INTRA-EX;20262;513881387;DILKAR8R9HS-4;85111000;FR;PT;10;EXW;11;3;;0,3;1,000;62;;QV999999999999;
INTRA-EX;20262;513881387;MON.REL.MAI;;FR;PT;10;EXW;11;3;;0,1;1,000;6;;QV999999999999;
INTRA-EX;20262;513881387;CTS-IT-110;40091100;FR;PT;10;EXW;11;3;;1,3;1,000;190;;QV999999999999;
INTRA-EX;20262;513881387;BKR8EIX-4;85111000;FR;PT;10;EXW;11;3;;0,3;1,000;43;;QV999999999999;
INTRA-EX;20262;513881387;UPS.MAI;;FR;PT;10;EXW;11;3;;0,1;1,000;6;;QV999999999999;
INTRA-EX;20262;513881387;AC-N54-TP;40091100;FR;PT;10;EXW;11;3;;1,7;1,000;119;;QV999999999999;
INTRA-EX;20262;513881387;UPS.MAI;;FR;PT;10;EXW;11;3;;0,1;1,000;6;;QV999999999999;
INTRA-EX;20262;513881387;ATIKVAG19;84213100;FR;PT;10;EXW;11;3;;4,9;1,000;232;;FR84912296761;
INTRA-EX;20262;513881387;BKR7EIX-4;84099100;FR;PT;10;EXW;11;3;;0,3;1,000;40;;FR84912296761;
INTRA-EX;20262;513881387;AC-200-PCVD;87089997;FR;PT;10;EXW;11;3;;0,5;1,000;48;;FR84912296761;
INTRA-EX;20262;513881387;MS100210-4;84099100;FR;PT;10;EXW;11;3;;1,7;1,000;127;;FR84912296761;
INTRA-EX;20262;513881387;DPD;;FR;PT;10;EXW;11;3;;0,1;1,000;8;;FR84912296761;
INTRA-EX;20262;513881387;Z1004081-6;85111000;ES;PT;10;EXW;11;3;;0,4;1,000;141;;ESB70938287;
INTRA-EX;20262;513881387;CTS-IT-290R;84213100;ES;PT;10;EXW;11;3;;4;1,000;276;;ESB70938287;
INTRA-EX;20262;513881387;AC-MK7-CP-6;84099100;ES;PT;10;EXW;11;3;;1,5;1,000;169;;ESB70938287;
INTRA-EX;20262;513881387;FMEDV106A;84814090;ES;PT;10;EXW;11;3;;0,5;1,000;212;;ESB70938287;
INTRA-EX;20262;513881387;NAC;;ES;PT;10;EXW;11;3;;0,1;1,000;8;;ESB70938287;
INTRA-EX;20262;513881387;FS-1313301;87089997;ES;PT;10;EXW;11;3;;24,7;1,000;343;;QV999999999999;
INTRA-EX;20262;513881387;UPS.MAI;;ES;PT;10;EXW;11;3;;0,1;1,000;20;;QV999999999999;
INTRA-EX;20262;513881387;VWR13G700;84099100;ES;PT;10;EXW;11;3;;3;1,000;434;;ES33558767L;
INTRA-EX;20262;513881387;7M1532H-STD;40091100;ES;PT;10;EXW;11;3;;0,6;2,000;215;;ESB09771205;
INTRA-EX;20262;513881387;6B1490H-STD;40091100;ES;PT;10;EXW;11;3;;0,5;3,000;126;;ESB09771205;
INTRA-EX;20262;513881387;MMFS-350Z-03;84149000;ES;PT;10;EXW;11;3;;5,8;1,000;162;;ESB66283003;
INTRA-EX;20262;513881387;SMNP018;87089235;ES;PT;10;EXW;11;3;;7,7;1,000;146;;ESF21716261;
INTRA-EX;20262;513881387;VWR810000;87089997;ES;PT;10;EXW;11;3;;0,2;1,000;17;;ES50902109G;
INTRA-EX;20262;513881387;VWR810002;87089997;ES;PT;10;EXW;11;3;;0,5;1,000;56;;ES50902109G;
INTRA-EX;20262;513881387;VWR120000;84213100;ES;PT;10;EXW;11;3;;1;1,000;30;;ES50902109G;
INTRA-EX;20262;513881387;VWR120010;40091100;ES;PT;10;EXW;11;3;;1,4;1,000;178;;ES50902109G;
INTRA-EX;20262;513881387;R7438-9;85111000;ES;PT;10;EXW;11;3;;0,1;1,000;34;;ES50902109G;
INTRA-EX;20262;513881387;AC-N54-TP;40091100;ES;PT;10;EXW;11;3;;1,7;1,000;80;;ESB04855516;
INTRA-EX;20262;513881387;AC-MQB-IC;84198998;ES;PT;10;EXW;11;3;;16,3;2,000;563;;ESB04855516;
INTRA-EX;20262;513881387;VWR11G502;84213100;ES;PT;10;EXW;11;3;;0,4;1,000;47;;ESB04855516;
INTRA-EX;20262;513881387;AC-B9RS-DPHS;87089997;ES;PT;10;EXW;11;3;;6,6;1,000;413;;ES44657479N;
INTRA-EX;20262;513881387;VWR630003;87089997;ES;PT;10;EXW;11;3;;2,3;2,000;229;;ESB42954230;
INTRA-EX;20262;513881387;SFDS091D;87089235;ES;PT;10;EXW;11;3;;24,4;1,000;546;;ESB42954230;
INTRA-EX;20262;513881387;VWR12G60R;84213100;ES;PT;10;EXW;11;3;;3,2;1,000;352;;ESB42954230;
INTRA-EX;20262;513881387;VWR11G701;84213100;ES;PT;10;EXW;11;3;;0,3;1,000;57;;ESB42954230;
INTRA-EX;20262;513881387;MS100192;85111000;ES;PT;10;EXW;11;3;;0,3;24,000;982;;ESB42954230;
INTRA-EX;20262;513881387;VWR900004;85111000;ES;PT;10;EXW;11;3;;0,3;16,000;524;;ESB42954230;
INTRA-EX;20262;513881387;MS100204;85111000;ES;PT;10;EXW;11;3;;0,3;5,000;204;;ES33558767L;
INTRA-EX;20262;513881387;R7437-9;85111000;ES;PT;10;EXW;11;3;;0,1;5,000;181;;ES33558767L;
INTRA-EX;20262;513881387;MMRAD-MK7-15A;87089135;ES;PT;10;EXW;11;3;;3;2,000;369;;ES33558767L;
INTRA-EX;20262;513881387;CTS-IT-259;40091100;ES;PT;10;EXW;11;3;;1,1;1,000;127;;ES33558767L;
INTRA-EX;20262;513881387;VWR810009;87089997;ES;PT;10;EXW;11;3;;0,2;1,000;40;;ES33558767L;
INTRA-EX;20262;513881387;VWR180002;87089997;ES;PT;10;EXW;11;3;;0,1;1,000;21;;ES33558767L;
INTRA-EX;20262;513881387;ATMSSUZ3;87089997;ES;PT;10;EXW;11;3;;2,4;1,000;289;;QV999999999999;
INTRA-EX;20262;513881387;MON.REL.MAI;;ES;PT;10;EXW;11;3;;0,1;1,000;6;;QV999999999999;
INTRA-EX;20262;513881387;Z1003100-4;85111000;ES;PT;10;EXW;11;3;;0,4;1,000;107;;QV999999999999;
INTRA-EX;20262;513881387;NAC.MAI;;ES;PT;10;EXW;11;3;;0,1;1,000;6;;QV999999999999;
INTRA-EX;20262;513881387;S90-4-20-013;87087050;ES;PT;10;EXW;11;3;;2,1;2,000;239;;QV999999999999;
INTRA-EX;20262;513881387;51007-AK553;87089997;ES;PT;10;EXW;11;3;;0,3;1,000;5;;QV999999999999;
INTRA-EX;20262;513881387;MON.REL.MAI;;ES;PT;10;EXW;11;3;;0,1;1,000;6;;QV999999999999;
INTRA-EX;20262;513881387;Z1003101-6;85111000;ES;PT;10;EXW;11;3;;0,4;1,000;111;;QV999999999999;
INTRA-EX;20262;513881387;NAC.MAI;;ES;PT;10;EXW;11;3;;0,1;1,000;6;;QV999999999999;
INTRA-EX;20262;513881387;BKR8EIX-4;85111000;ES;PT;10;EXW;11;3;;0,3;2,000;85;;QV999999999999;
INTRA-EX;20262;513881387;NAC.MAI;;ES;PT;10;EXW;11;3;;0,1;1,000;6;;QV999999999999;
INTRA-EX;20262;513881387;AC-180S-DVH-BL;40093100;ES;PT;10;EXW;11;3;;0,4;2,000;33;;QV999999999999;
INTRA-EX;20262;513881387;AC-KC-AU-RSK-BL;87089997;ES;PT;10;EXW;11;3;;0,1;1,000;12;;QV999999999999;
INTRA-EX;20262;513881387;1J0201511A;84099100;ES;PT;10;EXW;11;3;;0,4;1,000;5;;QV999999999999;
INTRA-EX;20262;513881387;NAC.MAI;;ES;PT;10;EXW;11;3;;0,1;1,000;6;;QV999999999999;
INTRA-EX;20262;513881387;4B1609H-STD;40091100;ES;PT;10;EXW;11;3;;0,5;1,000;46;;QV999999999999;
INTRA-EX;20262;513881387;NAC.MAI;;ES;PT;10;EXW;11;3;;0,1;1,000;6;;QV999999999999;
INTRA-EX;20262;513881387;AC-B58-DPHS;87089235;ES;PT;10;EXW;11;3;;3,8;1,000;252;;QV999999999999;
INTRA-EX;20262;513881387;NAC.MAI;;ES;PT;10;EXW;11;3;;0,1;1,000;6;;QV999999999999;
INTRA-EX;20262;513881387;034-504-Z013;87089997;ES;PT;10;EXW;11;3;;1;1,000;161;;QV999999999999;
INTRA-EX;20262;513881387;NAC.MAI;;ES;PT;10;EXW;11;3;;0,1;1,000;6;;QV999999999999;
INTRA-EX;20262;513881387;VWR31G80R;73209090;ES;PT;10;EXW;11;3;;8;1,000;266;;QV999999999999;
INTRA-EX;20262;513881387;MON.REL.MAI;;ES;PT;10;EXW;11;3;;0,1;1,000;6;;QV999999999999;
INTRA-EX;20262;513881387;AC-MK7-INLET;40091100;ES;PT;10;EXW;11;3;;0,3;1,000;66;;QV999999999999;
INTRA-EX;20262;513881387;MON.REL.MAI;;ES;PT;10;EXW;11;3;;0,1;1,000;6;;QV999999999999;
INTRA-EX;20262;513881387;AC-180S-DVH-BL;40093100;ES;PT;10;EXW;11;3;;0,4;2,000;33;;QV999999999999;
INTRA-EX;20262;513881387;AC-KC-AU-RSK-BL;87089997;ES;PT;10;EXW;11;3;;0,1;1,000;12;;QV999999999999;
INTRA-EX;20262;513881387;1J0201511A;84099100;ES;PT;10;EXW;11;3;;0,4;1,000;5;;QV999999999999;
INTRA-EX;20262;513881387;NAC.MAI;;ES;PT;10;EXW;11;3;;0,1;1,000;6;;QV999999999999;
INTRA-EX;20262;513881387;U5333-4;84099100;ES;PT;10;EXW;11;3;;1,6;1,000;87;;QV999999999999;
INTRA-EX;20262;513881387;NAC.MAI;;ES;PT;10;EXW;11;3;;0,1;1,000;6;;QV999999999999;
INTRA-EX;20262;513881387;AC-WS-BM-10-BT;87088099;ES;PT;10;EXW;11;3;;2,4;1,000;45;;QV999999999999;
INTRA-EX;20262;513881387;NAC.MAI;;ES;PT;10;EXW;11;3;;0,1;1,000;6;;QV999999999999;
INTRA-EX;20262;513881387;D650-0009-4;84099100;ES;PT;10;EXW;11;3;;1,7;1,000;135;;QV999999999999;
INTRA-EX;20262;513881387;NAC.MAI;;ES;PT;10;EXW;11;3;;0,1;1,000;6;;QV999999999999;
INTRA-EX;20262;513881387;PP1949;84213100;ES;PT;10;EXW;11;3;;0,7;1,000;37;;QV999999999999;
INTRA-EX;20262;513881387;NAC.MAI;;ES;PT;10;EXW;11;3;;0,1;1,000;6;;QV999999999999;
INTRA-EX;20262;513881387;238EVOBO-PK-R;90262020;ES;PT;10;EXW;11;3;;0,6;1,000;79;;ESb52538295;
INTRA-EX;20262;513881387;NAC.MAI;;ES;PT;10;EXW;11;3;;0,1;1,000;6;;ESb52538295;
INTRA-EX;20262;513881387;asmjacles-XL;87089997;ES;PT;10;EXW;11;3;;1;1,000;33;;QV999999999999;
INTRA-EX;20262;513881387;PX1999;84213100;ES;PT;10;EXW;11;3;;0,8;1,000;50;;QV999999999999;
INTRA-EX;20262;513881387;NAC.MAI;;ES;PT;10;EXW;11;3;;0,1;1,000;6;;QV999999999999;
INTRA-EX;20262;513881387;VIB-1458;87089235;ES;PT;10;EXW;11;3;;0,2;1,000;6;;ES78536045S;
INTRA-EX;20262;513881387;71008-AF013;84213100;ES;PT;10;EXW;11;3;;1,3;1,000;223;;ES78536045S;
INTRA-EX;20262;513881387;VIB-1559;87089997;ES;PT;10;EXW;11;3;;0,2;2,000;9;;ES78536045S;
INTRA-EX;20262;513881387;MMFW-SM-6BK;87089997;ES;PT;10;EXW;11;3;;0,1;1,000;10;;ES78536045S;
INTRA-EX;20262;513881387;15009-AK004;84213100;ES;PT;10;EXW;11;3;;0,1;1,000;24;;ES78536045S;
INTRA-EX;20262;513881387;NAC;;ES;PT;10;EXW;11;3;;0,1;1,000;57;;ES78536045S;
INTRA-EX;20262;513881387;DPD;;FR;PT;10;EXW;11;3;;0,1;1,000;8;;FR72818760142;
INTRA-EX;20262;513881387;F1514P+F1520P;87082910;FR;PT;10;EXW;11;3;;1,2;1,000;536;;FR72818760142;
INTRA-EX;20262;513881387;DPD;;FR;PT;10;EXW;11;3;;0,1;1,000;8;;FR05488718040;
INTRA-EX;20262;513881387;U3P3A8JX;87089997;FR;PT;10;EXW;11;3;;0,5;1,000;322;;FR05488718040;
INTRA-EX;20262;513881387;CTS-IT-292;84213100;BG;PT;10;EXW;11;3;;3;1,000;179;;BG207218612;
INTRA-EX;20262;513881387;CTS-IT-805;40091100;BG;PT;10;EXW;11;3;;2,5;1,000;220;;BG207218612;
INTRA-EX;20262;513881387;DPD;;BG;PT;10;EXW;11;3;;0,1;1,000;32;;BG207218612;
INTRA-EX;20262;513881387;8E0971824S-RD;84099100;RO;PT;10;EXW;11;3;;0,2;2,000;15;;RO47173245;
INTRA-EX;20262;513881387;8E0971824S-BL;84099100;RO;PT;10;EXW;11;3;;0,2;2,000;20;;RO47173245;
INTRA-EX;20262;513881387;D640-0001;85111000;RO;PT;10;EXW;11;3;;0,1;10,000;163;;RO47173245;
INTRA-EX;20262;513881387;AC-S55-CC;87089997;RO;PT;10;EXW;11;3;;1;1,000;47;;RO47173245;
INTRA-EX;20262;513881387;SMNX011;87089235;RO;PT;10;EXW;11;3;;3,6;1,000;449;;RO27439807;
INTRA-EX;20262;513881387;UPS.MAI;;RO;PT;10;EXW;11;3;;0,1;1,000;30;;RO27439807;
INTRA-EX;20262;513881387;ATINTREN1;87089135;HU;PT;10;EXW;11;3;;11,8;1,000;364;;HU25464285;
INTRA-EX;20262;513881387;AC-N54-DP;87089235;HU;PT;10;EXW;11;3;;5,5;1,000;167;;HU25464285;
INTRA-EX;20262;513881387;D760-0061;84099100;PL;PT;10;EXW;11;3;;1;1,000;163;;PL6972395288;
INTRA-EX;20262;513881387;CLK-2;84213100;GR;PT;10;EXW;11;3;;1;1,000;21;;GREL802913609;
INTRA-EX;20262;513881387;MS100247;85111000;GR;PT;10;EXW;11;3;;0,4;8,000;212;;GREL128217320;
INTRA-EX;20262;513881387;EVE-GR86-CF-INT;84213100;GR;PT;10;EXW;11;3;;4,6;1,000;975;;GREL128217320;
INTRA-EX;20262;513881387;MMWP-M50-92;84099100;GR;PT;10;EXW;11;3;;1,2;1,000;39;;GREL128217320;
INTRA-EX;20262;513881387;8E0971824S-RD;84099100;GR;PT;10;EXW;11;3;;0,2;3,000;23;;GREL128217320;
INTRA-EX;20262;513881387;MMAI-MUS4-15P;842131000;NL;PT;10;EXW;11;3;;6;1,000;252;;NL866860666B01;
INTRA-EX;20262;513881387;AC-200-FU-BL;87088055;NL;PT;10;EXW;11;3;;4,4;1,000;65;;NL866860666B01;
INTRA-EX;20262;513881387;CTS-IT-285;40091100;NL;PT;10;EXW;11;3;;0,3;1,000;59;;NL866860666B01;
INTRA-EX;20262;513881387;VWR12UPITINLET;84213100;NL;PT;10;EXW;11;3;;0,4;2,000;145;;NL866996473B01;
INTRA-EX;20262;513881387;VWR12G7R600ITINLET;87089997;NL;PT;10;EXW;11;3;;0,4;2,000;186;;NL866996473B01;
INTRA-EX;20262;513881387;VWR19G704;70102000;NL;PT;10;EXW;11;3;;0,1;1,000;53;;NL866996473B01;
INTRA-EX;20262;513881387;SILFER8C7ES;85111000;NL;PT;10;EXW;11;3;;0,1;10,000;105;;NL866996473B01;
INTRA-EX;20262;513881387;VWR12G7R600ITBLA;84213100;NL;PT;10;EXW;11;3;;0,8;2,000;141;;NL866996473B01;
INTRA-EX;20262;513881387;VWR69000BF1;87089997;NL;PT;10;EXW;11;3;;0,6;7,000;73;;NL866996473B01;
INTRA-EX;20262;513881387;EVE-C8BMC-FTR;84213100;NL;PT;10;EXW;11;3;;0,7;1,000;189;;NL866860666B01;
INTRA-EX;20262;513881387;U5014;84099100;NL;PT;10;EXW;11;3;;0,3;4,000;86;;NL866860666B01;
INTRA-EX;20262;513881387;R7437-9-4;87089997;NL;PT;10;EXW;11;3;;0,3;1,000;171;;NL865367012B01;
INTRA-EX;20262;513881387;UPS.MAI;;NL;PT;10;EXW;11;3;;0,1;1,000;8;;NL865367012B01;
INTRA-EX;20262;513881387;MMAI-MIN-14WBK;84213100;IT;PT;10;EXW;11;3;;3,7;1,000;244;;IT02330960994;
INTRA-EX;20262;513881387;30-4110;87089997;IT;PT;10;EXW;11;3;;0,7;1,000;159;;IT08924090965;
INTRA-EX;20262;513881387;AC-MK7-CP;84099100;ES;PT;10;EXW;11;3;;0,3;4,000;71;;ES78832668F;
INTRA-EX;20262;513881387;VWR900001;85111000;ES;PT;10;EXW;11;3;;0,3;4,000;113;;ES78832668F;
INTRA-EX;20262;513881387;VWR900002;85111000;ES;PT;10;EXW;11;3;;0,3;4,000;113;;ES78832668F;
INTRA-EX;20262;513881387;SILFER8C7ES;85111000;ES;PT;10;EXW;11;3;;0,1;4,000;42;;ES78832668F;
INTRA-EX;20262;513881387;VWR900004;85111000;ES;PT;10;EXW;11;3;;0,3;4,000;113;;ES78832668F;
INTRA-EX;20262;513881387;MMAI-MIN-14WBK;84213100;IT;PT;10;EXW;11;3;;3,7;1,000;244;;IT14481871003;
INTRA-EX;20262;513881387;D760-0064;84099100;GR;PT;10;EXW;11;3;;1,1;1,000;116;;GREL802913609;
INTRA-EX;20262;513881387;UR-RL2-1080;87088055;GR;PT;10;EXW;11;3;;1,1;1,000;58;;GREL802913609;
INTRA-EX;20262;513881387;CTS-IT-250;84213100;IT;PT;10;EXW;11;3;;6,6;1,000;284;;IT02710790060;
INTRA-EX;20262;513881387;AC-250-CH-RD;40093100;IT;PT;10;EXW;11;3;;2,4;1,000;129;;IT02710790060;
INTRA-EX;20262;513881387;CTS-IT-285;40091100;FR;PT;10;EXW;11;3;;0,3;1,000;59;;FR55524167806;
INTRA-EX;20262;513881387;CTS-SIL-0070;40091100;FR;PT;10;EXW;11;3;;0,7;1,000;52;;FR55524167806;
INTRA-EX;20262;513881387;MS100192;85111000;FR;PT;10;EXW;11;3;;0,3;4,000;163;;FR55524167806;
INTRA-EX;20262;513881387;SILFER8C7ES;85111000;FR;PT;10;EXW;11;3;;0,1;4,000;42;;FR55524167806;
INTRA-EX;20262;513881387;CTS-HW-0199;87089997;FR;PT;10;EXW;11;3;;0,3;1,000;59;;FR55524167806;
INTRA-EX;20262;513881387;EVE-EMV6-CF-INT;84213100;FR;PT;10;EXW;11;3;;3,3;1,000;963;;FR95817660202;
INTRA-EX;20262;513881387;U5014;84099100;FR;PT;10;EXW;11;3;;0,3;4,000;86;;FR55881457121;
INTRA-EX;20262;513881387;MS100192;85111000;FR;PT;10;EXW;11;3;;0,3;9,000;368;;FR89514442177;
INTRA-EX;20262;513881387;R7437-9;85111000;FR;PT;10;EXW;11;3;;0,1;5,000;181;;FR89514442177;
INTRA-EX;20262;513881387;U5014;84099100;FR;PT;10;EXW;11;3;;0,3;6,000;130;;FR55881457121;
INTRA-EX;20262;513881387;EVE-E46ABX-CF-PLM;84099100;FR;PT;10;EXW;11;3;;5;1,000;1762;;FR31895072130;
INTRA-EX;20262;513881387;UR-TW2-305;84099100;FR;PT;10;EXW;11;3;;2,5;2,000;185;;FR09904392206;
INTRA-EX;20262;513881387;E10-20-035-01-22;87088035;FR;PT;10;EXW;11;3;;11,2;1,000;224;;QV999999999999;
INTRA-EX;20262;513881387;DPD;;FR;PT;10;EXW;11;3;;0,1;1,000;6;;QV999999999999;
INTRA-EX;20262;513881387;D650-0009-4;84099100;FR;PT;10;EXW;11;3;;1,7;1,000;136;;FR55823261680;
INTRA-EX;20262;513881387;UPS.MAI;;FR;PT;10;EXW;11;3;;0,1;1,000;8;;FR55823261680;
INTRA-EX;20262;513881387;14035-JP00A;87089235;FR;PT;10;EXW;11;3;;0,1;2,000;17;;FR69888561826;
INTRA-EX;20262;513881387;UPS.MAI;;FR;PT;10;EXW;11;3;;0,1;1,000;12;;FR69888561826;
INTRA-EX;20262;513881387;ATMSMINI10;87089997;FR;PT;10;EXW;11;3;;1;1,000;252;;FR82530667591;
INTRA-EX;20262;513881387;EVE-F56-CF-INT;84213100;FR;PT;10;EXW;11;3;;4,9;1,000;1156;;FR82530667591;
INTRA-EX;20262;513881387;EVE-F56-LCI-CF-INT;84213100;FR;PT;10;EXW;11;3;;4,9;1,000;1156;;FR82530667591;
INTRA-EX;20262;513881387;SAU0531-4P-BK;87083091;ES;PT;10;EXW;11;3;;0,5;1,000;91;;ES50902109G;
INTRA-EX;20262;513881387;VWR900002;85111000;ES;PT;10;EXW;11;3;;0,3;4,000;122;;ES50902109G;
INTRA-EX;20262;513881387;BHR87Z;87088055;ES;PT;10;EXW;11;3;;7,5;1,000;197;;ESB86420924;
INTRA-EX;20262;513881387;SFDP091;87089235;ES;PT;10;EXW;11;3;;8,1;1,000;92;;ESB42954230;
INTRA-EX;20262;513881387;VWR11G701;84213100;ES;PT;10;EXW;11;3;;0,3;1,000;53;;ESB42954230;
INTRA-EX;20262;513881387;VWR12G60R;84213100;ES;PT;10;EXW;11;3;;3,2;1,000;327;;ESB42954230;
INTRA-EX;20262;513881387;MS100112;87089997;ES;PT;10;EXW;11;3;;0,3;1,000;36;;ESB42954230;
INTRA-EX;20262;513881387;MS100192;85111000;ES;PT;10;EXW;11;3;;0,3;24,000;982;;ESB42954230;
INTRA-EX;20262;513881387;SILFER8C7ES;85111000;ES;PT;10;EXW;11;3;;0,1;40,000;420;;ESB42954230;
INTRA-EX;20262;513881387;AC-180-CPA;87089997;ES;PT;10;EXW;11;3;;0,5;3,000;89;;ESB42954230;
INTRA-EX;20262;513881387;VWR31G7GT;87088035;ES;PT;10;EXW;11;3;;8,5;1,000;174;;ESB42954230;
INTRA-EX;20262;513881387;PP1895;84213100;ES;PT;10;EXW;11;3;;0,5;1,000;37;;QV999999999999;
INTRA-EX;20262;513881387;Z1003100-4;85111000;ES;PT;10;EXW;11;3;;0,4;1,000;107;;QV999999999999;
INTRA-EX;20262;513881387;NAC;;ES;PT;10;EXW;11;3;;0,1;1,000;6;;QV999999999999;
INTRA-EX;20262;513881387;CTS-IT-810;40091100;ES;PT;10;EXW;11;3;;2,5;1,000;164;;ESB94171030;
INTRA-EX;20262;513881387;DBA53002WSLVXD;87083099;ES;PT;10;EXW;11;3;;14,5;2,000;819;;ES29524079Z;
INTRA-EX;20262;513881387;CTS-IGN-010;85111000;ES;PT;10;EXW;11;3;;2,6;8,000;223;;ES29524079Z;
INTRA-EX;20262;513881387;EVE-EA8884-GTI-INT;84213100;HU;PT;10;EXW;11;3;;4,6;1,000;1333;;HU25768637;
INTRA-EX;20262;513881387;DPD;;HU;PT;10;EXW;11;3;;0,1;1,000;15;;HU25768637;
INTRA-EX;20262;513881387;MMBCC-S4-18PBE;87089997;CZ;PT;10;EXW;11;3;;2;1,000;329;;CZ7402115149;
INTRA-EX;20262;513881387;216CLSDWAFP-R;87089997;CZ;PT;10;EXW;11;3;;0,4;1,000;78;;CZ7402115149;
INTRA-EX;20262;513881387;DPD;;CZ;PT;10;EXW;11;3;;0,1;1,000;10;;CZ7402115149;
INTRA-EX;20262;513881387;D650-0010-6;84099100;FI;PT;10;EXW;11;3;;2,4;2,000;374;;FI24326363;
INTRA-EX;20262;513881387;DPD;;FI;PT;10;EXW;11;3;;0,1;1,000;30;;FI24326363;
INTRA-EX;20262;513881387;MMRT-WRX-01EBK;87089997;ES;PT;10;EXW;11;3;;1;1,000;143;;ES71631297M;
INTRA-EX;20262;513881387;NAC;;ES;PT;10;EXW;11;3;;0,1;1,000;8;;ES71631297M;
INTRA-EX;20262;513881387;WHL00017;85111000;FR;PT;10;EXW;11;3;;11;4,000;1119;;FR38801951518;
INTRA-EX;20262;513881387;DPD;;FR;PT;10;EXW;11;3;;0,1;1,000;8;;FR38801951518;
INTRA-EX;20262;513881387;MMTC-F80-15;87089135;ES;PT;10;EXW;11;3;;3,1;1,000;412;;ESB87803904;
INTRA-EX;20262;513881387;NAC;;ES;PT;10;EXW;11;3;;0,1;1,000;8;;ESB87803904;
INTRA-EX;20262;513881387;EVE-GR4-CF-INT;84213100;SI;PT;10;EXW;11;3;;4,9;1,000;1300;;SI90923634;
INTRA-EX;20262;513881387;DPD.MAI;;SI;PT;10;EXW;11;3;;0,1;1,000;15;;SI90923634;
INTRA-EX;20262;513881387;FMOC12-BLACK;87089997;BG;PT;10;EXW;11;3;;3,5;1,000;409;;BG204171399;
INTRA-EX;20262;513881387;CTS-IT-340R;84213100;LU;PT;10;EXW;11;3;;3,4;1,000;276;;QV999999999999;
INTRA-EX;20262;513881387;DPD.MAI;;LU;PT;10;EXW;11;3;;0,1;1,000;6;;QV999999999999;
INTRA-EX;20262;513881387;AC-V10-EXM;87089997;HR;PT;10;EXW;11;3;;10,3;1,000;1499;;HR23102517703;
INTRA-EX;20262;513881387;06E898001-10;85111000;HR;PT;10;EXW;11;3;;3,5;1,000;255;;HR23102517703;
INTRA-EX;20262;513881387;DPD;;HR;PT;10;EXW;11;3;;0,1;1,000;20;;HR23102517703;
INTRA-EX;20262;513881387;VWR19G702;70102000;SK;PT;10;EXW;11;3;;0,1;1,000;81;;SK2121403713;
INTRA-EX;20262;513881387;VWR19G706;87089997;SK;PT;10;EXW;11;3;;0,4;1,000;83;;SK2121403713;
INTRA-EX;20262;513881387;MS100192-4;84099100;SK;PT;10;EXW;11;3;;1,7;1,000;183;;SK2121403713;
INTRA-EX;20262;513881387;DPD;;SK;PT;10;EXW;11;3;;0,1;1,000;10;;SK2121403713;
INTRA-EX;20262;513881387;FMDV34A;87089997;SK;PT;10;EXW;11;3;;0,6;1,000;178;;SK2120270581;
INTRA-EX;20262;513881387;D650-0004-6;84099100;DE;PT;10;EXW;11;3;;2,4;2,000;352;;QV999999999999;
INTRA-EX;20262;513881387;DPD.MAI;;DE;PT;10;EXW;11;3;;0,1;1,000;6;;QV999999999999;
INTRA-EX;20262;513881387;VWR1200R601E;84213100;PL;PT;10;EXW;11;3;;4,9;1,000;338;;PL6972411863;
INTRA-EX;20262;513881387;EVE-C8RS6-CF-INT;84213100;PL;PT;10;EXW;11;3;;4,8;1,000;1987;;PL8141683531;
INTRA-EX;20262;513881387;UR-TW2-3909;87088055;BE;PT;10;EXW;11;3;;1,9;1,000;124;;QV999999999999;
INTRA-EX;20262;513881387;DPD.MAI;;BE;PT;10;EXW;11;3;;0,1;1,000;6;;QV999999999999;
INTRA-EX;20262;513881387;SRN0616-4P-BK;87083091;BE;PT;10;EXW;11;3;;0,5;1,000;78;;QV999999999999;
INTRA-EX;20262;513881387;VWR69000BF1;87089997;BE;PT;10;EXW;11;3;;0,6;1,000;18;;QV999999999999;
INTRA-EX;20262;513881387;U5001-4;84099100;BE;PT;10;EXW;11;3;;1,5;1,000;78;;QV999999999999;
INTRA-EX;20262;513881387;IFR7X8G-4;84099100;BE;PT;10;EXW;11;3;;0,3;1,000;63;;QV999999999999;
INTRA-EX;20262;513881387;UR-LA4-3887;87088055;BE;PT;10;EXW;11;3;;3,4;1,000;122;;QV999999999999;
INTRA-EX;20262;513881387;DPD.MAI;;BE;PT;10;EXW;11;3;;0,1;1,000;6;;QV999999999999;
INTRA-EX;20262;513881387;FMMK5CT;87089135;GR;PT;10;EXW;11;3;;1,6;1,000;300;;GREL802913609;
INTRA-EX;20262;513881387;SP1116WR;84213100;GR;PT;10;EXW;11;3;;7,4;1,000;566;;GREL802913609;
INTRA-EX;20262;513881387;KCA434;87088055;GR;PT;10;EXW;11;3;;0,6;1,000;52;;GREL802913609;
INTRA-EX;20262;513881387;1CCVW08F02;87089997;GR;PT;10;EXW;11;3;;2,3;1,000;143;;GREL802913609;
INTRA-EX;20262;513881387;VWR650001-RED;87083099;IT;PT;10;EXW;11;3;;36,4;1,000;2728;;IT03002640732;
INTRA-EX;20262;513881387;10.127.203K;84132000;IT;PT;10;EXW;11;3;;0,3;2,000;454;;IT08839490011;
INTRA-EX;20262;513881387;SILFER8C7ES;85111000;IT;PT;10;EXW;11;3;;0,1;17,000;178;;IT08839490011;
INTRA-EX;20262;513881387;VWR501000;87089997;IT;PT;10;EXW;11;3;;2;1,000;202;;IT08839490011;
INTRA-EX;20262;513881387;IKR9J8;85111000;IT;PT;10;EXW;11;3;;0,4;4,000;38;;IT08839490011;
INTRA-EX;20262;513881387;EVE-RS5-INT;84213100;IT;PT;10;EXW;11;3;;6;1,000;1818;;IT02934290137;
INTRA-EX;20262;513881387;SAU0601-4P-BK;87083091;IT;PT;10;EXW;11;3;;0,5;1,000;75;;IT12072620011;
INTRA-EX;20262;513881387;SILZKGR8B8S;85111000;IT;PT;10;EXW;11;3;;0,1;4,000;33;;IT12072620011;
INTRA-EX;20262;513881387;FMCT5-BLA;87089997;IT;PT;10;EXW;11;3;;3,7;1,000;379;;IT03656931205;
INTRA-EX;20262;513881387;DI-AU/CA/2/G;87089997;IT;PT;10;EXW;11;3;;3,2;1,000;1059;;IT02330960994;
INTRA-EX;20262;513881387;S-AU/TI/27H;87089235;IT;PT;10;EXW;11;3;;23,1;1,000;4194;;IT02330960994;
INTRA-EX;20262;513881387;VWR13G700;84099100;IT;PT;10;EXW;11;3;;3;1,000;434;;IT02710790060;
INTRA-EX;20262;513881387;AC-MQB-IC;84198998;IT;PT;10;EXW;11;3;;16,3;1,000;281;;IT02710790060;
INTRA-EX;20262;513881387;ATINTVAG35;87089199;ES;PT;10;EXW;11;3;;14,3;1,000;665;;ES50902109G;
INTRA-EX;20262;513881387;MS100208;85111000;FR;PT;10;EXW;11;3;;0,3;4,000;114;;FR94827543661;
INTRA-EX;20262;513881387;EVE-ST38Y-CF-INT;84213100;FR;PT;10;EXW;11;3;;7;1,000;1285;;FR82530667591;
INTRA-EX;20262;513881387;EVE-FLC;87084099;FR;PT;10;EXW;11;3;;0,6;10,000;210;;FR86498478304;
INTRA-EX;20262;513881387;ATINTREN5;87089997;FR;PT;10;EXW;11;3;;14;1,000;473;;FR94827543661;
INTRA-EX;20262;513881387;SBW1162-4P-BK;87083091;FR;PT;10;EXW;11;3;;0,5;1,000;75;;FR77978902617;
INTRA-EX;20262;513881387;AC-B58-TP;40091100;FR;PT;10;EXW;11;3;;1,7;1,000;107;;FR82530667591;
INTRA-EX;20262;513881387;4B5562H-STD;40091100;FR;PT;10;EXW;11;3;;0,2;1,000;68;;QV999999999999;
INTRA-EX;20262;513881387;UPS.MAI;;FR;PT;10;EXW;11;3;;0,1;1,000;6;;QV999999999999;
INTRA-EX;20262;513881387;5M5585H-STD;40091100;FR;PT;10;EXW;11;3;;0,3;1,000;97;;QV999999999999;
INTRA-EX;20262;513881387;UPS.MAI;;FR;PT;10;EXW;11;3;;0,1;1,000;6;;QV999999999999;
INTRA-EX;20262;513881387;U5001-4;84099100;FR;PT;10;EXW;11;3;;1,5;1,000;79;;QV999999999999;
INTRA-EX;20262;513881387;UPS.MAI;;FR;PT;10;EXW;11;3;;0,1;1,000;6;;QV999999999999;
INTRA-EX;20262;513881387;06J103600AFKIT;84099100;FR;PT;10;EXW;11;3;;2,5;1,000;49;;QV999999999999;
INTRA-EX;20262;513881387;MON.REL.MAI;;FR;PT;10;EXW;11;3;;0,1;1,000;6;;QV999999999999;
INTRA-EX;20262;513881387;MMEXH-MUS8-15HP;87089235;FR;PT;10;EXW;11;3;;5;1,000;252;;QV999999999999;
INTRA-EX;20262;513881387;MON.REL.MAI;;FR;PT;10;EXW;11;3;;0,1;1,000;6;;QV999999999999;
INTRA-EX;20262;513881387;SILZKBR8D8S-8;85111000;FR;PT;10;EXW;11;3;;0,5;1,000;90;;QV999999999999;
INTRA-EX;20262;513881387;D650-0003-8;84099100;FR;PT;10;EXW;11;3;;3,4;1,000;233;;QV999999999999;
INTRA-EX;20262;513881387;UPS.MAI;;FR;PT;10;EXW;11;3;;0,1;1,000;6;;QV999999999999;
INTRA-EX;20262;513881387;AC-MK45-RU-RD;87088055;FR;PT;10;EXW;11;3;;3;1,000;74;;QV999999999999;
INTRA-EX;20262;513881387;DPD.MAI;;FR;PT;10;EXW;11;3;;0,1;1,000;6;;QV999999999999;
INTRA-EX;20262;513881387;BBF43;87088055;FR;PT;10;EXW;11;3;;6,7;1,000;173;;QV999999999999;
INTRA-EX;20262;513881387;DPD.MAI;;FR;PT;10;EXW;11;3;;0,1;1,000;6;;QV999999999999;
INTRA-EX;20262;513881387;AC-45-TP;40091100;FR;PT;10;EXW;11;3;;1,5;1,000;119;;QV999999999999;
INTRA-EX;20262;513881387;UPS.MAI;;FR;PT;10;EXW;11;3;;0,1;1,000;6;;QV999999999999;
INTRA-EX;20262;513881387;MMRT-MIA-16TBK;87089499;FR;PT;10;EXW;11;3;;1,9;1,000;166;;QV999999999999;
INTRA-EX;20262;513881387;MMHOSE-MIA-16BK;40091100;FR;PT;10;EXW;11;3;;1,2;1,000;131;;QV999999999999;
INTRA-EX;20262;513881387;DPD.MAI;;FR;PT;10;EXW;11;3;;0,1;1,000;16;;QV999999999999;
INTRA-EX;20262;513881387;AC-S55-INLET;40091100;FR;PT;10;EXW;11;3;;2,3;1,000;299;;QV999999999999;
INTRA-EX;20262;513881387;AC-S55-JP;40091100;FR;PT;10;EXW;11;3;;0,6;1,000;78;;QV999999999999;
INTRA-EX;20262;513881387;DPD.MAI;;FR;PT;10;EXW;11;3;;0,1;1,000;6;;QV999999999999;
INTRA-EX;20262;513881387;BTR102Z;87088055;FR;PT;10;EXW;11;3;;5,6;1,000;201;;QV999999999999;
INTRA-EX;20262;513881387;BTF102Z;87088055;FR;PT;10;EXW;11;3;;5,7;1,000;179;;QV999999999999;
INTRA-EX;20262;513881387;DPD.MAI;;FR;PT;10;EXW;11;3;;0,1;1,000;6;;QV999999999999;
INTRA-EX;20262;513881387;VWR810000;87089997;FR;PT;10;EXW;11;3;;0,2;1,000;28;;QV999999999999;
INTRA-EX;20262;513881387;IZKR7B-6;85111000;FR;PT;10;EXW;11;3;;0,4;1,000;60;;QV999999999999;
INTRA-EX;20262;513881387;AC-VAG-ODP;70102000;FR;PT;10;EXW;11;3;;0,2;1,000;8;;QV999999999999;
INTRA-EX;20262;513881387;1K0121407A;87089997;FR;PT;10;EXW;11;3;;0,8;1,000;9;;QV999999999999;
INTRA-EX;20262;513881387;UPS.MAI;;FR;PT;10;EXW;11;3;;0,1;1,000;6;;QV999999999999;
INTRA-EX;20262;513881387;MS100247;85111000;ES;PT;10;EXW;11;3;;0,4;4,000;106;;ESB36049757;
INTRA-EX;20262;513881387;AC-MK45-RU-RD;87088055;ES;PT;10;EXW;11;3;;3;2,000;107;;ESB36049757;
INTRA-EX;20262;513881387;SHD0012-4P-BK;87083091;ES;PT;10;EXW;11;3;;0,5;1,000;75;;ESB36049757;
INTRA-EX;20262;513881387;R7437-9;85111000;ES;PT;10;EXW;11;3;;0,1;4,000;145;;ES33551947F;
INTRA-EX;20262;513881387;SMNC018;87089235;ES;PT;10;EXW;11;3;;5,6;1,000;259;;ESF21716261;
INTRA-EX;20262;513881387;ATMSMINI15;87089997;ES;PT;10;EXW;11;3;;1,5;1,000;158;;ESF21716261;
INTRA-EX;20262;513881387;D650-0003-6;84099100;ES;PT;10;EXW;11;3;;2,4;1,000;173;;QV999999999999;
INTRA-EX;20262;513881387;NAC.MAI;;ES;PT;10;EXW;11;3;;0,1;1,000;6;;QV999999999999;
INTRA-EX;20262;513881387;4B1609H-STD;40091100;ES;PT;10;EXW;11;3;;0,5;1,000;46;;QV999999999999;
INTRA-EX;20262;513881387;MON.REL.MAI;;ES;PT;10;EXW;11;3;;0,1;1,000;6;;QV999999999999;
INTRA-EX;20262;513881387;VWR17G7R600;40091100;ES;PT;10;EXW;11;3;;0,2;1,000;54;;QV999999999999;
INTRA-EX;20262;513881387;NAC.MAI;;ES;PT;10;EXW;11;3;;0,1;1,000;6;;QV999999999999;
INTRA-EX;20262;513881387;AC-MK7-CP-4;84099100;ES;PT;10;EXW;11;3;;1;1,000;111;;QV999999999999;
INTRA-EX;20262;513881387;R7437-8-4;84099100;ES;PT;10;EXW;11;3;;0,3;1,000;164;;QV999999999999;
INTRA-EX;20262;513881387;NAC.MAI;;ES;PT;10;EXW;11;3;;0,1;1,000;6;;QV999999999999;
INTRA-EX;20262;513881387;CTS-HW-455;87089997;ES;PT;10;EXW;11;3;;1,4;1,000;164;;QV999999999999;
INTRA-EX;20262;513881387;NAC.MAI;;ES;PT;10;EXW;11;3;;0,1;1,000;6;;QV999999999999;
INTRA-EX;20262;513881387;SMA0101-4P-BK;87083091;ES;PT;10;EXW;11;3;;0,5;1,000;101;;QV999999999999;
INTRA-EX;20262;513881387;MON.REL.MAI;;ES;PT;10;EXW;11;3;;0,1;1,000;6;;QV999999999999;
INTRA-EX;20262;513881387;SHD0380-4P-BK;87083091;ES;PT;10;EXW;11;3;;0,5;1,000;96;;QV999999999999;
INTRA-EX;20262;513881387;MON.REL.MAI;;ES;PT;10;EXW;11;3;;0,1;1,000;6;;QV999999999999;
INTRA-EX;20262;513881387;MS100225;87089997;ES;PT;10;EXW;11;3;;0,5;1,000;41;;QV999999999999;
INTRA-EX;20262;513881387;AC-MK7-DI.A;87089997;ES;PT;10;EXW;11;3;;0,1;1,000;29;;QV999999999999;
INTRA-EX;20262;513881387;NAC;;ES;PT;10;EXW;11;3;;0,1;1,000;6;;QV999999999999;
INTRA-EX;20262;513881387;FMEDV103R;84814090;ES;PT;10;EXW;11;3;;0,5;1,000;210;;QV999999999999;
INTRA-EX;20262;513881387;NAC.MAI;;ES;PT;10;EXW;11;3;;0,1;1,000;6;;QV999999999999;
INTRA-EX;20262;513881387;SILZKFR8D7S-4;85111000;ES;PT;10;EXW;11;3;;0,3;1,000;34;;QV999999999999;
INTRA-EX;20262;513881387;NAC.MAI;;ES;PT;10;EXW;11;3;;0,1;1,000;6;;QV999999999999;
INTRA-EX;20262;513881387;AC-200-PP;84198998;ES;PT;10;EXW;11;3;;0,5;2,000;163;;QV999999999999;
INTRA-EX;20262;513881387;NAC.MAI;;ES;PT;10;EXW;11;3;;0,1;1,000;6;;QV999999999999;
INTRA-EX;20262;513881387;MMTS-GLF-15;90321020;ES;PT;10;EXW;11;3;;0,2;2,000;101;;ESB76323815;
INTRA-EX;20262;513881387;9-654-1025;84133080;ES;PT;10;EXW;11;3;;0,8;1,000;165;;ESB76323815;
INTRA-EX;20262;513881387;NAC;;ES;PT;10;EXW;11;3;;0,1;1,000;42;;ESB76323815;
INTRA-EX;20262;513881387;SILKGR9A7ES-6;85111000;ES;PT;10;EXW;11;3;;0,3;1,000;93;;QV999999999999;
INTRA-EX;20262;513881387;NAC.MAI;;ES;PT;10;EXW;11;3;;0,1;1,000;6;;QV999999999999;
INTRA-EX;20262;513881387;FMFK054-BLA;87089997;ES;PT;10;EXW;11;3;;1;1,000;105;;QV999999999999;
INTRA-EX;20262;513881387;NAC.MAI;;ES;PT;10;EXW;11;3;;0,1;1,000;6;;QV999999999999;
INTRA-EX;20262;513881387;Z1003101-6;85111000;ES;PT;10;EXW;11;3;;0,4;1,000;111;;QV999999999999;
INTRA-EX;20262;513881387;NAC.MAI;;ES;PT;10;EXW;11;3;;0,1;1,000;6;;QV999999999999;
INTRA-EX;20262;513881387;SSU0500-4P-BK;87083091;ES;PT;10;EXW;11;3;;0,5;1,000;83;;QV999999999999;
INTRA-EX;20262;513881387;MON.REL.MAI;;ES;PT;10;EXW;11;3;;0,1;1,000;6;;QV999999999999;
INTRA-EX;20262;513881387;50-1200;87089997;ES;PT;10;EXW;11;3;;0,5;1,000;122;;QV999999999999;
INTRA-EX;20262;513881387;NAC.MAI;;ES;PT;10;EXW;11;3;;0,1;1,000;6;;QV999999999999;
INTRA-EX;20262;513881387;SPG022;87089235;ES;PT;10;EXW;11;3;;20,5;1,000;722;;ESF21229786;
INTRA-EX;20262;513881387;NAC;;ES;PT;10;EXW;11;3;;0,1;1,000;8;;ESF21229786;
INTRA-EX;20262;513881387;VWR11G701;84213100;BG;PT;10;EXW;11;3;;0,3;1,000;53;;BG208269894;
INTRA-EX;20262;513881387;D650-0003-8;84099100;CZ;PT;10;EXW;11;3;;3,4;1,000;233;;CZ26859840;
INTRA-EX;20262;513881387;DPD;;CZ;PT;10;EXW;11;3;;0,1;1,000;15;;CZ26859840;
INTRA-EX;20262;513881387;VWR3130RS;87088035;PL;PT;10;EXW;11;3;;9,2;2,000;349;;PL8141683531;
INTRA-EX;20262;513881387;CTS-IT-800;84213100;GR;PT;10;EXW;11;3;;4,3;1,000;247;;GREL802913609;
INTRA-EX;20262;513881387;MS100208;85111000;GR;PT;10;EXW;11;3;;0,3;2,000;57;;GREL802913609;
INTRA-EX;20262;513881387;URTW-TW2-3688;87088055;GR;PT;10;EXW;11;3;;2,5;1,000;98;;GREL802913609;
INTRA-EX;20262;513881387;MMIG-BMW-0206;85111000;GR;PT;10;EXW;11;3;;2;1,000;102;;GREL802913609;
INTRA-EX;20262;513881387;10.127.100K;84132000;GR;PT;10;EXW;11;3;;0,3;1,000;227;;GREL108534505;
INTRA-EX;20262;513881387;50-1000;87089997;GR;PT;10;EXW;11;3;;0,7;2,000;161;;GREL108534505;
INTRA-EX;20262;513881387;EVE-GR4-CF-INT;84213100;NL;PT;10;EXW;11;3;;4,9;1,000;975;;NL859932114B01;
INTRA-EX;20262;513881387;SP-731;32081090;NL;PT;10;EXW;11;3;;1;1,000;14;;NL857445832B01;
INTRA-EX;20262;513881387;L3P3HC10;87089997;NL;PT;10;EXW;11;3;;0,3;1,000;264;;NL857445832B01;
INTRA-EX;20262;513881387;MMBCC-CTR-17PBEBK2;87089997;NL;PT;10;EXW;11;3;;1,1;1,000;149;;NL857445832B01;
INTRA-EX;20262;513881387;50-1000;87089997;NL;PT;10;EXW;11;3;;0,7;4,000;322;;NL857445832B01;
INTRA-EX;20262;513881387;SP-204;32081090;NL;PT;10;EXW;11;3;;0,5;12,000;195;;NL857445832B01;
INTRA-EX;20262;513881387;UR-TW2-898;84099100;NL;PT;10;EXW;11;3;;1,6;1,000;83;;NL857445832B01;
INTRA-EX;20262;513881387;UR-RU2-1109;87088055;NL;PT;10;EXW;11;3;;2,4;1,000;64;;NL857445832B01;
INTRA-EX;20262;513881387;MMHOSE-S2K-00IHBK;40091100;NL;PT;10;EXW;11;3;;0,9;1,000;98;;NL857445832B01;
INTRA-EX;20262;513881387;PP1319;84213100;NL;PT;10;EXW;11;3;;0,4;1,000;20;;NL857445832B01;
INTRA-EX;20262;513881387;IZKR7B;85111000;NL;PT;10;EXW;11;3;;0,2;6,000;49;;NL866860666B01;
INTRA-EX;20262;513881387;MS100244;85111000;NL;PT;10;EXW;11;3;;0,3;6,000;171;;NL866860666B01;
INTRA-EX;20262;513881387;EVE-N55-PF;84212300;NL;PT;10;EXW;11;3;;0,9;1,000;60;;NL866860666B01;
INTRA-EX;20262;513881387;AC-MK8-DP;87089235;IT;PT;10;EXW;11;3;;8,3;1,000;232;;IT03982840781;
INTRA-EX;20262;513881387;BKR8EIX-4;85111000;IT;PT;10;EXW;11;3;;0,3;1,000;43;;IT03982840781;
INTRA-EX;20262;513881387;BKR7EIX-4;84099100;IT;PT;10;EXW;11;3;;0,3;1,000;40;;IT03982840781;
INTRA-EX;20262;513881387;Z1003100-4;85111000;IT;PT;10;EXW;11;3;;0,4;1,000;108;;IT03982840781;
INTRA-EX;20262;513881387;DPD;;IT;PT;10;EXW;11;3;;0,1;1,000;20;;IT03982840781;
INTRA-EX;20262;513881387;UR-TW2-3909;87088055;IT;PT;10;EXW;11;3;;1,9;1,000;81;;IT12072620011;
INTRA-EX;20262;513881387;EVE-ST38Y-CF-INT;84213100;IT;PT;10;EXW;11;3;;7;1,000;1285;;IT17514761000;
INTRA-EX;20262;513881387;EVE-S1-CF-INT;84213100;IT;PT;10;EXW;11;3;;3;1,000;456;;IT12072620011;
INTRA-EX;20262;513881387;MMTS-RX8-04L;90321020;IT;PT;10;EXW;11;3;;0,2;1,000;37;;IT12072620011;
INTRA-EX;20262;513881387;NAC;;ES;PT;10;EXW;11;3;;0,1;1,000;42;;ES45899844D;
INTRA-EX;20262;513881387;VIB-1458;87089235;ES;PT;10;EXW;11;3;;0,2;4,000;26;;ES45899844D;
INTRA-EX;20262;513881387;NAC;;ES;PT;10;EXW;11;3;;0,1;1,000;57;;ES42200218W;
INTRA-EX;20262;513881387;FMCTMK5;84099100;ES;PT;10;EXW;11;3;;1,6;1,000;370;;ES42200218W;
INTRA-EX;20262;513881387;50003-M45-XL-4;84213100;ES;PT;10;EXW;11;3;;0,3;1,000;81;;ES45323354z;
INTRA-EX;20262;513881387;NAC.MAI;;ES;PT;10;EXW;11;3;;0,1;1,000;42;;ES45323354z;
INTRA-EX;20262;513881387;06E898001-5;84099100;FR;PT;10;EXW;11;3;;1,9;1,000;127;;FR23983366733;
INTRA-EX;20262;513881387;10.127.101K;84133080;FR;PT;10;EXW;11;3;;0,3;1,000;314;;FR23983366733;
INTRA-EX;20262;513881387;WB-665;84213100;FR;PT;10;EXW;11;3;;0,4;1,000;57;;FR23983366733;
INTRA-EX;20262;513881387;ILFR7H-5;85111000;FR;PT;10;EXW;11;3;;0,3;1,000;68;;FR23983366733;
INTRA-EX;20262;513881387;DPD;;FR;PT;10;EXW;11;3;;0,1;1,000;8;;FR23983366733;
INTRA-EX;20262;513881387;R7437-9-5;85111000;FR;PT;10;EXW;11;3;;0,3;1,000;213;;FR33819169954;
INTRA-EX;20262;513881387;RF100029;84099100;FR;PT;10;EXW;11;3;;0,5;1,000;49;;FR33819169954;
INTRA-EX;20262;513881387;FMTIA9-BLACK;40091100;FR;PT;10;EXW;11;3;;1,7;1,000;216;;FR33819169954;
INTRA-EX;20262;513881387;DPD;;FR;PT;10;EXW;11;3;;0,1;1,000;8;;FR33819169954;
INTRA-EX;20262;513881387;DPD;;FR;PT;10;EXW;11;3;;0,1;1,000;12;;FR69888561826;
INTRA-EX;20262;513881387;14035-JP00A;87089235;FR;PT;10;EXW;11;3;;0,1;2,000;17;;FR69888561826;
INTRA-EX;20262;513881387;DPD;;FR;PT;10;EXW;11;3;;0,1;1,000;8;;FR52992366047;
INTRA-EX;20262;513881387;AC-N55-OT;40091100;FR;PT;10;EXW;11;3;;0,9;1,000;74;;FR52992366047;
INTRA-EX;20262;513881387;DPD;;FR;PT;10;EXW;11;3;;0,1;1,000;8;;FR07930685672;
INTRA-EX;20262;513881387;AC-BMB-CP-6;85111000;FR;PT;10;EXW;11;3;;3,5;1,000;123;;FR07930685672;
INTRA-EX;20262;513881387;SBM096S;1;FR;PT;10;EXW;11;3;;12,3;1,000;373;;FR55823261680;
INTRA-EX;20262;513881387;ATINTFT3;87089199;FR;PT;10;EXW;11;3;;17,1;1,000;473;;FR19980130553;
INTRA-EX;20262;513881387;VWR900003;85111000;FR;PT;10;EXW;11;3;;0,3;8,000;162;;FR09800029712;
INTRA-EX;20262;513881387;FMCTMK7;84099100;FR;PT;10;EXW;11;3;;1,6;1,000;269;;FR09800029712;
INTRA-EX;20262;513881387;D650-0009;84099100;FR;PT;10;EXW;11;3;;0,3;12,000;373;;FR09800029712;
INTRA-EX;20262;513881387;D650-0003;84099100;FR;PT;10;EXW;11;3;;0,3;12,000;314;;FR09800029712;
INTRA-EX;20262;513881387;R7437-9;85111000;FR;PT;10;EXW;11;3;;0,1;15,000;544;;FR09800029712;
INTRA-EX;20262;513881387;CTS-IT-800;84213100;FR;PT;10;EXW;11;3;;4,3;1,000;247;;FR09800029712;
INTRA-EX;20262;513881387;VWR140014;87089997;FR;PT;10;EXW;11;3;;0,1;8,000;162;;FR55823261680;
INTRA-EX;20262;513881387;U5014;84099100;FR;PT;10;EXW;11;3;;0,3;4,000;86;;FR55881457121;
INTRA-EX;20262;513881387;BKR7EIX;85111000;FR;PT;10;EXW;11;3;;0,1;4,000;34;;FR55881457121;
INTRA-EX;20262;513881387;03K906051;90269000;FR;PT;10;EXW;11;3;;0,1;15,000;206;;FR55881457121;
INTRA-EX;20262;513881387;MMRAD-MIA-90;87089135;FR;PT;10;EXW;11;3;;9,5;1,000;190;;FR55524167806;
INTRA-EX;20262;513881387;AC-WS-BM-10;87088099;ES;PT;10;EXW;11;3;;2,4;1,000;34;;ESB01796796;
INTRA-EX;20262;513881387;NAC;;ES;PT;10;EXW;11;3;;0,1;1,000;8;;ESB01796796;
INTRA-EX;20262;513881387;EVE-EMV6-CF-INT;84213100;ES;PT;10;EXW;11;3;;3,3;1,000;963;;ESB70550694;
INTRA-EX;20262;513881387;9-655-1025;84133080;ES;PT;10;EXW;11;3;;0,8;1,000;129;;ESB70550694;
INTRA-EX;20262;513881387;PP1881;84213100;ES;PT;10;EXW;11;3;;0,5;2,000;41;;ESB70550694;
INTRA-EX;20262;513881387;10.127.203K;84132000;ES;PT;10;EXW;11;3;;0,3;1,000;227;;ESB70550694;
INTRA-EX;20262;513881387;R7438-9;85111000;ES;PT;10;EXW;11;3;;0,1;8,000;276;;ESB70550694;
INTRA-EX;20262;513881387;SFDP091;87089235;ES;PT;10;EXW;11;3;;8,1;1,000;92;;ESB44699973;
INTRA-EX;20262;513881387;VWR1200R600E;84213100;ES;PT;10;EXW;11;3;;4,9;1,000;287;;ESB55258800;
INTRA-EX;20262;513881387;AC-N54-TP;40091100;ES;PT;10;EXW;11;3;;1,7;1,000;80;;ESB94171030;
INTRA-EX;20262;513881387;AC-MK7R-DP;87089235;ES;PT;10;EXW;11;3;;11,6;1,000;185;;ESB24786139;
INTRA-EX;20262;513881387;SILFER8C7ES;85111000;ES;PT;10;EXW;11;3;;0,1;4,000;42;;ESB24786139;
INTRA-EX;20262;513881387;VWR18G700-SERV;87089997;ES;PT;10;EXW;11;3;;0,1;1,000;20;;ESB24786139;
INTRA-EX;20262;513881387;AC-S55-DPHS;87089235;ES;PT;10;EXW;11;3;;5,2;1,000;260;;ES44719365M;
INTRA-EX;20262;513881387;VWR31G7GT;87088035;ES;PT;10;EXW;11;3;;8,5;1,000;174;;ESB42954230;
INTRA-EX;20262;513881387;MS100192;85111000;ES;PT;10;EXW;11;3;;0,3;20,000;819;;ESB42954230;
INTRA-EX;20262;513881387;VWR12G7R600ITBLA;84213100;ES;PT;10;EXW;11;3;;0,8;3,000;212;;ESB42954230;
INTRA-EX;20262;513881387;VWR160001;87089997;ES;PT;10;EXW;11;3;;0,4;2,000;159;;ESB42954230;
INTRA-EX;20262;513881387;VWR12G7R600ITINLET;87089997;ES;PT;10;EXW;11;3;;0,4;2,000;186;;ESB42954230;
INTRA-EX;20262;513881387;VWR1200R601E;84213100;ES;PT;10;EXW;11;3;;4,9;2,000;628;;ESB42954230;
INTRA-EX;20262;513881387;9-655-1025;84133080;ES;PT;10;EXW;11;3;;0,8;1,000;129;;ESB42954230;
INTRA-EX;20262;513881387;AC-MK8R-DP;87089235;ES;PT;10;EXW;11;3;;10,2;1,000;203;;ESB56882640;
INTRA-EX;20262;513881387;VWR900004-3;85111000;ES;PT;10;EXW;11;3;;1,2;1,000;130;;ES54073987K;
INTRA-EX;20262;513881387;NAC;;ES;PT;10;EXW;11;3;;0,1;1,000;42;;ES54073987K;
INTRA-EX;20262;513881387;JE-284780;87082910;ES;PT;10;EXW;11;3;;2,5;1,000;638;;ES78508407T;
INTRA-EX;20262;513881387;R-AUD-001-I;84099100;ES;PT;10;EXW;11;3;;3,5;1,000;492;;ES78508407T;
INTRA-EX;20262;513881387;NAC;;ES;PT;10;EXW;11;3;;0,1;1,000;83;;ES78508407T;
INTRA-EX;20262;513881387;CTS-EXH-DP-0023;87089235;GR;PT;10;EXW;11;3;;0,8;1,000;266;;GREL102911918;
INTRA-EX;20262;513881387;CTS-IT-805;40091100;GR;PT;10;EXW;11;3;;2,5;1,000;220;;GREL102911918;
INTRA-EX;20262;513881387;8115B;87089199;GR;PT;10;EXW;11;3;;12;1,000;476;;GREL102911918;
INTRA-EX;20262;513881387;EVE-N55-PF;84212300;GR;PT;10;EXW;11;3;;0,9;1,000;81;;GREL102911918;
INTRA-EX;20262;513881387;AC-N55-OT;40091100;GR;PT;10;EXW;11;3;;0,9;1,000;74;;GREL102911918;
INTRA-EX;20262;513881387;CTS-HW-455;87089997;GR;PT;10;EXW;11;3;;1,4;1,000;166;;GREL102911918;
INTRA-EX;20262;513881387;D650-0003-6;84099100;GR;PT;10;EXW;11;3;;2,4;1,000;174;;GREL102911918;
INTRA-EX;20262;513881387;DPD;;GR;PT;10;EXW;11;3;;0,1;1,000;45;;GREL102911918;
INTRA-EX;20262;513881387;KT4041;87082910;LV;PT;10;EXW;11;3;;2;1,000;1087;;LV40003484499;
INTRA-EX;20262;513881387;UPS.MAI;;LV;PT;10;EXW;11;3;;0,1;1,000;15;;LV40003484499;
INTRA-EX;20262;513881387;EVE-EA8884-R-INT;84213100;DK;PT;10;EXW;11;3;;5;1,000;999;;DK34701237;
INTRA-EX;20262;513881387;EVE-EA8884-CF-ENG;84213100;DK;PT;10;EXW;11;3;;3;1,000;427;;DK34701237;
INTRA-EX;20262;513881387;EVE-E39-INT;84213100;DK;PT;10;EXW;11;3;;5,7;1,000;928;;DK34701237;
INTRA-EX;20262;513881387;EVE-GR4-CF-INT;84213100;DK;PT;10;EXW;11;3;;4,9;1,000;975;;DK34701237;
INTRA-EX;20262;513881387;MS100192;85111000;DK;PT;10;EXW;11;3;;0,3;4,000;163;;DK34701237;
INTRA-EX;20262;513881387;AC-30N-CP;85111000;DK;PT;10;EXW;11;3;;0,3;8,000;111;;DK34701237;
INTRA-EX;20262;513881387;AC-MK7R-DP;87089235;SI;PT;10;EXW;11;3;;11,6;2,000;494;;SI75849526;
INTRA-EX;20262;513881387;ASAF;33030010;SI;PT;10;EXW;11;3;;0,1;10,000;12;;SI75849526;
INTRA-EX;20262;513881387;DPD.MAI;;SI;PT;10;EXW;11;3;;0,1;1,000;15;;SI75849526;
INTRA-EX;20262;513881387;VWR180001;84212300;LU;PT;10;EXW;11;3;;0,2;3,000;154;;LU25864107;
INTRA-EX;20262;513881387;UPS.MAI;;LU;PT;10;EXW;11;3;;0,1;1,000;8;;LU25864107;
INTRA-EX;20262;513881387;MMBCC-S4-18PBE;87089997;BG;PT;10;EXW;11;3;;2;1,000;329;;BG207218612;
INTRA-EX;20262;513881387;CTS-IT-800;84213100;BG;PT;10;EXW;11;3;;4,3;1,000;277;;BG207218612;
INTRA-EX;20262;513881387;UPS.MAI;;BG;PT;10;EXW;11;3;;0,1;1,000;32;;BG207218612;
INTRA-EX;20262;513881387;"TTE4XX Megane";84099100;HR;PT;10;EXW;11;3;;9,3;1,000;3608;;HR85673786292;
INTRA-EX;20262;513881387;DPD;;HR;PT;10;EXW;11;3;;0,1;1,000;20;;HR85673786292;
INTRA-EX;20262;513881387;AC-S55-UDT;87089997;LT;PT;10;EXW;11;3;;3,2;1,000;149;;LT100016248411;
INTRA-EX;20262;513881387;CTS-TR-1070;87089997;HR;PT;10;EXW;11;3;;12,3;1,000;1349;;HR59018407849;
INTRA-EX;20262;513881387;UPS.MAI;;HR;PT;10;EXW;11;3;;0,1;1,000;20;;HR59018407849;
INTRA-EX;20262;513881387;8221;87089997;HR;PT;10;EXW;11;3;;12;1,000;566;;HR59018407849;
INTRA-EX;20262;513881387;8266;87089997;HR;PT;10;EXW;11;3;;12;1,000;539;;HR59018407849;
INTRA-EX;20262;513881387;DPD;;HR;PT;10;EXW;11;3;;0,1;1,000;20;;HR59018407849;
INTRA-EX;20262;513881387;CI100052-B;84213100;CZ;PT;10;EXW;11;3;;1,7;1,000;328;;CZ05205093;
INTRA-EX;20262;513881387;DPD.MAI;;CZ;PT;10;EXW;11;3;;0,1;1,000;10;;CZ05205093;
INTRA-EX;20262;513881387;CI100053;84213100;SK;PT;10;EXW;11;3;;4,2;1,000;314;;SK2121638398;
INTRA-EX;20262;513881387;Z1003100-4;85111000;SK;PT;10;EXW;11;3;;0,4;2,000;216;;SK2121638398;
INTRA-EX;20262;513881387;06J103600AFKIT;84099100;SK;PT;10;EXW;11;3;;2,5;1,000;49;;SK2121638398;
INTRA-EX;20262;513881387;ATMSVAG10;87089997;SK;PT;10;EXW;11;3;;2,2;1,000;170;;SK2121638398;
INTRA-EX;20262;513881387;DPD.MAI;;SK;PT;10;EXW;11;3;;0,1;1,000;15;;SK2121638398;
INTRA-EX;20262;513881387;BWR22XZ;87088055;DE;PT;10;EXW;11;3;;7,8;1,000;160;;DE181881308;
INTRA-EX;20262;513881387;MS100227;84213100;BE;PT;10;EXW;11;3;;0,8;1,000;171;;BE0740963105;
INTRA-EX;20262;513881387;BKR8EIX;85111000;BE;PT;10;EXW;11;3;;0,1;21,000;191;;BE0740963105;
INTRA-EX;20262;513881387;BKR7EIX;85111000;BE;PT;10;EXW;11;3;;0,1;8,000;68;;BE0740963105;
INTRA-EX;20262;513881387;DBA42676S-2;87089997;BE;PT;10;EXW;11;3;;25;1,000;329;;BE0688793436;
INTRA-EX;20262;513881387;DBA42677S-2;87089997;BE;PT;10;EXW;11;3;;21;1,000;307;;BE0688793436;
INTRA-EX;20262;513881387;SBW0261-4P-BK;87083091;BE;PT;10;EXW;11;3;;0,5;1,000;84;;BE0688793436;
INTRA-EX;20262;513881387;URKR-RL2-2525;87088055;BE;PT;10;EXW;11;3;;1,7;1,000;81;;BE0688793436;
INTRA-EX;20262;513881387;DPD.MAI;;BE;PT;10;EXW;11;3;;0,1;1,000;8;;BE0688793436;
INTRA-EX;20262;513881387;SP1995BLK;84213100;BE;PT;10;EXW;11;3;;4,8;1,000;512;;BE0897648094;
INTRA-EX;20262;513881387;DPD.MAI;;BE;PT;10;EXW;11;3;;0,1;1,000;8;;BE0897648094;
INTRA-EX;20262;513881387;S-RE/T/1;87089235;GR;PT;10;EXW;11;3;;14,8;1,000;1852;;GREL802913609;
INTRA-EX;20262;513881387;SAU0601-4P-BK;87083091;GR;PT;10;EXW;11;3;;0,5;1,000;75;;GREL802913609;
INTRA-EX;20262;513881387;ATMSYGR08;87089997;GR;PT;10;EXW;11;3;;0,5;1,000;129;;GREL802913609;
INTRA-EX;20262;513881387;CTS-HW-540;40091100;GR;PT;10;EXW;11;3;;2;1,000;224;;GREL802913609;
INTRA-EX;20262;513881387;CTS-HW-567;87089997;GR;PT;10;EXW;11;3;;4,6;1,000;142;;GREL802913609;
INTRA-EX;20262;513881387;D650-0003;84099100;GR;PT;10;EXW;11;3;;0,3;6,000;157;;GREL802913609;
INTRA-EX;20262;513881387;FMKT135F20;87089997;GR;PT;10;EXW;11;3;;0,7;1,000;89;;GREL802913609;
INTRA-EX;20262;513881387;PP1221;84213100;GR;PT;10;EXW;11;3;;0,5;1,000;20;;GREL108534505;
INTRA-EX;20262;513881387;71008-AK001;84814090;GR;PT;10;EXW;11;3;;1;1,000;135;;GREL108534505;
INTRA-EX;20262;513881387;C9000;87089997;GR;PT;10;EXW;11;3;;1;1,000;9;;GREL108534505;
INTRA-EX;20262;513881387;FMACVAG03G;84099100;GR;PT;10;EXW;11;3;;0,8;1,000;122;;GREL163940830;
INTRA-EX;20262;513881387;CTS-IT-280;87089235;GR;PT;10;EXW;11;3;;1,5;1,000;127;;GREL163940830;
INTRA-EX;20262;513881387;AC-250-MP;87089235;GR;PT;10;EXW;11;3;;5,3;1,000;119;;GREL802913609;
INTRA-EX;20262;513881387;D760-0064;84099100;GR;PT;10;EXW;11;3;;1,1;1,000;114;;GREL802913609;
INTRA-EX;20262;513881387;ATINTP&C6;87089199;GR;PT;10;EXW;11;3;;11,7;1,000;473;;GREL802913609;
INTRA-EX;20262;513881387;SCNC014;87089235;GR;PT;10;EXW;11;3;;2,4;1,000;104;;GREL802913609;
INTRA-EX;20262;513881387;MMRAD-STI-08;87089135;GR;PT;10;EXW;11;3;;6,9;1,000;236;;GREL802913609;
INTRA-EX;20262;513881387;CTS-IT-166;84213100;GR;PT;10;EXW;11;3;;3;1,000;194;;GREL802913609;
INTRA-EX;20262;513881387;D760-0064;84099100;GR;PT;10;EXW;11;3;;1,1;1,000;114;;GREL802913609;
INTRA-EX;20262;513881387;27002-AN104;84213100;GR;PT;10;EXW;11;3;;11,8;1,000;1613;;GREL163940830;
INTRA-EX;20262;513881387;AC-200-BT;90262020;GR;PT;10;EXW;11;3;;0,2;1,000;16;;GREL163940830;
INTRA-EX;20262;513881387;U5014;84099100;NL;PT;10;EXW;11;3;;0,3;4,000;86;;NL866860666B01;
INTRA-EX;20262;513881387;U5014;84099100;NL;PT;10;EXW;11;3;;0,3;4,000;86;;NL866860666B01;
INTRA-EX;20262;513881387;U5014;84099100;NL;PT;10;EXW;11;3;;0,3;4,000;86;;NL866860666B01;
INTRA-EX;20262;513881387;PP1952;84213100;NL;PT;10;EXW;11;3;;0,6;1,000;20;;NL866860666B01;
INTRA-EX;20262;513881387;Z1003101;85111000;NL;PT;10;EXW;11;3;;0,1;6,000;98;;NL866860666B01;
INTRA-EX;20262;513881387;VWR31G70R;87088035;NL;PT;10;EXW;11;3;;9,5;1,000;174;;NL866996473B01;
INTRA-EX;20262;513881387;CI100052-A;84213100;NL;PT;10;EXW;11;3;;1,7;2,000;179;;NL866996473B01;
INTRA-EX;20262;513881387;9-354-1025;84133080;NL;PT;10;EXW;11;3;;0,8;1,000;161;;NL866996473B01;
INTRA-EX;20262;513881387;VWR160001;87089997;NL;PT;10;EXW;11;3;;0,4;2,000;159;;NL866996473B01;
INTRA-EX;20262;513881387;VWR640015;87089997;NL;PT;10;EXW;11;3;;2,2;1,000;60;;NL866996473B01;
INTRA-EX;20262;513881387;VWR810000;87089997;NL;PT;10;EXW;11;3;;0,2;1,000;18;;NL866996473B01;
INTRA-EX;20262;513881387;VWR640020;87089997;NL;PT;10;EXW;11;3;;2,2;1,000;69;;NL866996473B01;
INTRA-EX;20262;513881387;VWR12G7R600ITINLET;87089997;NL;PT;10;EXW;11;3;;0,4;2,000;186;;NL866996473B01;
INTRA-EX;20262;513881387;VWR17G7R600;40091100;NL;PT;10;EXW;11;3;;0,2;2,000;70;;NL866996473B01;
INTRA-EX;20262;513881387;VWR12G7R600ITBLA;84213100;NL;PT;10;EXW;11;3;;0,8;1,000;70;;NL866996473B01;
INTRA-EX;20262;513881387;VWR12G7R600ITRED;84213100;NL;PT;10;EXW;11;3;;0,8;1,000;70;;NL866996473B01;
INTRA-EX;20262;513881387;MS100192;85111000;NL;PT;10;EXW;11;3;;0,3;6,000;245;;NL866860666B01;
INTRA-EX;20262;513881387;CTS-HW-306;87089997;NL;PT;10;EXW;11;3;;0,9;1,000;67;;NL866860666B01;
INTRA-EX;20262;513881387;VWR1200R600E;84213100;NL;PT;10;EXW;11;3;;4,9;2,000;574;;NL866996473B01;
INTRA-EX;20262;513881387;MS100192;85111000;NL;PT;10;EXW;11;3;;0,3;6,000;245;;NL866996473B01;
INTRA-EX;20262;513881387;R7437-8;85111000;NL;PT;10;EXW;11;3;;0,1;4,000;136;;NL866996473B01;
INTRA-EX;20262;513881387;AC-211-CFA;87089997;NL;PT;10;EXW;11;3;;0,1;2,000;33;;NL866996473B01;
INTRA-EX;20262;513881387;EVE-FLC;87084099;NL;PT;10;EXW;11;3;;0,6;1,000;21;;NL866996473B01;
INTRA-EX;20262;513881387;VWR800001;58109210;NL;PT;10;EXW;11;3;;0,1;2,000;13;;NL866996473B01;
INTRA-EX;20262;513881387;VWR900001;85111000;NL;PT;10;EXW;11;3;;0,3;4,000;113;;NL866996473B01;
INTRA-EX;20262;513881387;AC-200-CFA;87089997;NL;PT;10;EXW;11;3;;0,1;1,000;16;;NL866996473B01;
INTRA-EX;20262;513881387;VWR69000BF1;87089997;NL;PT;10;EXW;11;3;;0,6;1,000;10;;NL866996473B01;
INTRA-EX;20262;513881387;10.127.203T;87089997;NL;PT;10;EXW;11;3;;0,1;2,000;21;;NL866996473B01;
INTRA-EX;20262;513881387;VWR180000;87089997;NL;PT;10;EXW;11;3;;0,1;1,000;9;;NL866996473B01;
INTRA-EX;20262;513881387;VWR12G7R600OS;84213100;NL;PT;10;EXW;11;3;;0,3;1,000;20;;NL866996473B01;
INTRA-EX;20262;513881387;VWR900002;85111000;NL;PT;10;EXW;11;3;;0,3;4,000;113;;NL866996473B01;
INTRA-EX;20262;513881387;VWR640012;87089997;NL;PT;10;EXW;11;3;;2,2;1,000;56;;NL866996473B01;
INTRA-EX;20262;513881387;VWR12G7R600ITINLET;87089997;NL;PT;10;EXW;11;3;;0,4;2,000;186;;NL866996473B01;
INTRA-EX;20262;513881387;CTS-AF-270;84213100;NL;PT;10;EXW;11;3;;0,5;2,000;74;;NL866996473B01;
INTRA-EX;20262;513881387;R7437-9-5;85111000;NL;PT;10;EXW;11;3;;0,3;1,000;213;;NL865367012B01;
INTRA-EX;20262;513881387;UPS.MAI;;NL;PT;10;EXW;11;3;;0,1;1,000;8;;NL865367012B01;
INTRA-EX;20262;513881387;MS100252;85111000;IT;PT;10;EXW;11;3;;0,4;3,000;122;;IT03656931205;
INTRA-EX;20262;513881387;UR-TW2-3051;87088055;IT;PT;10;EXW;11;3;;1,7;1,000;92;;IT12072620011;
INTRA-EX;20262;513881387;UR-LA4-3053;87088055;IT;PT;10;EXW;11;3;;3,6;1,000;88;;IT12072620011;
INTRA-EX;20262;513881387;UR-LA2-3052;87088055;IT;PT;10;EXW;11;3;;2,2;1,000;53;;IT12072620011;
INTRA-EX;20262;513881387;MS100204;85111000;IT;PT;10;EXW;11;3;;0,3;6,000;245;;IT12072620011;
INTRA-EX;20262;513881387;MS100225;87089997;IT;PT;10;EXW;11;3;;0,5;1,000;45;;IT02710790060;
INTRA-EX;20262;513881387;MS100224;87089997;IT;PT;10;EXW;11;3;;0,5;1,000;45;;IT02710790060;
INTRA-EX;20262;513881387;SCN0350-4P-BK;87083091;IT;PT;10;EXW;11;3;;0,5;1,000;61;;IT12072620011;
INTRA-EX;20262;513881387;SRN0481-4C-BK;87083091;IT;PT;10;EXW;11;3;;0,5;1,000;81;;IT12072620011;
INTRA-EX;20262;513881387;SVW0620-4P-RD;87083091;IT;PT;10;EXW;11;3;;0,5;1,000;61;;IT12072620011;
INTRA-EX;20262;513881387;SAU0528-4P-RD;87083091;IT;PT;10;EXW;11;3;;0,5;1,000;75;;IT12072620011;
INTRA-EX;20262;513881387;AC-200-IC;84198998;IT;PT;10;EXW;11;3;;11,9;1,000;263;;IT12072620011;
INTRA-EX;20262;513881387;CBK0052;87089235;IT;PT;10;EXW;11;3;;28,7;1,000;1319;;IT02710790060;
INTRA-EX;20262;513881387;KLC182;87088055;IT;PT;10;EXW;11;3;;1;1,000;100;;IT03656931205;
INTRA-EX;20262;513881387;KLC179;87089235;IT;PT;10;EXW;11;3;;1,2;1,000;103;;IT03656931205;
INTRA-EX;20262;513881387;AC-MK7-IT;84198998;IT;PT;10;EXW;11;3;;4,3;1,000;144;;IT14481871003;
INTRA-EX;20262;513881387;VWR12G614;84213100;IT;PT;10;EXW;11;3;;1,8;1,000;220;;IT03656931205;
INTRA-EX;20262;513881387;AC-45-DP;87089235;IT;PT;10;EXW;11;3;;9,2;1,000;203;;IT03656931205;
INTRA-EX;20262;513881387;ATINTVAG11;87089199;IT;PT;10;EXW;11;3;;12,7;1,000;429;;IT03656931205;
INTRA-EX;20262;513881387;VWR1200R600E;84213100;IT;PT;10;EXW;11;3;;4,9;2,000;574;;IT04227541200;
INTRA-EX;20262;513881387;VWR1200R601E;84213100;IT;PT;10;EXW;11;3;;4,9;2,000;628;;IT04227541200;
INTRA-EX;20262;513881387;VWR1200R601E;84213100;IT;PT;10;EXW;11;3;;4,9;1,000;314;;IT04227541200;
INTRA-EX;20262;513881387;VWR120003;87089997;IT;PT;10;EXW;11;3;;1,3;1,000;165;;IT04227541200;
INTRA-EX;20262;513881387;VWR160000;87089997;IT;PT;10;EXW;11;3;;0,7;1,000;106;;IT04227541200;
INTRA-EX;20262;513881387;VWR17G8R600;84213100;IT;PT;10;EXW;11;3;;0,2;1,000;35;;IT04227541200;
INTRA-EX;20262;513881387;6B1584H-STD;40091100;IT;PT;10;EXW;11;3;;0,4;1,000;107;;IT03656931205;
INTRA-EX;20262;513881387;FMTIA8-STOCK;87089997;IT;PT;10;EXW;11;3;;3,2;1,000;227;;IT17514761000;
INTRA-EX;20262;513881387;FMINT25-WSRB;87089199;IT;PT;10;EXW;11;3;;14,3;1,000;709;;IT17514761000;
INTRA-EX;20262;513881387;FMOC12-BLACK;87089997;IT;PT;10;EXW;11;3;;3,5;1,000;409;;IT17514761000;
INTRA-EX;20262;513881387;ATMSYGR02;87089997;IT;PT;10;EXW;11;3;;3,2;1,000;265;;IT17514761000;
INTRA-EX;20262;513881387;50003-M45-HL;84213100;IT;PT;10;EXW;11;3;;0,1;3,000;43;;IT17514761000;
INTRA-EX;20262;513881387;EUPD3003713R;84099100;IT;PT;10;EXW;11;3;;1,2;1,000;494;;IT17514761000;
INTRA-EX;20262;513881387;SVWC060;87089235;IT;PT;10;EXW;11;3;;10;2,000;553;;IT02710790060;
INTRA-EX;20262;513881387;U5055;85111000;IT;PT;10;EXW;11;3;;0,3;4,000;74;;IT12072620011;
INTRA-EX;20262;513881387;U5093-4;84099100;ES;PT;10;EXW;11;3;;1,2;1,000;177;;ES45897403Y;
INTRA-EX;20262;513881387;50003-M55RET/M45REL;84213100;ES;PT;10;EXW;11;3;;0,3;1,000;115;;ES45897403Y;
INTRA-EX;20262;513881387;NAC;;ES;PT;10;EXW;11;3;;0,1;1,000;42;;ES45897403Y;
INTRA-EX;20262;513881387;Z1003100;85111000;GR;PT;10;EXW;11;3;;0,1;4,000;98;;GREL802913609;
INTRA-EX;20262;513881387;DPD;;FR;PT;10;EXW;11;3;;0,1;1,000;8;;FR80888340023;
INTRA-EX;20262;513881387;ECA1576WB;84213100;FR;PT;10;EXW;11;3;;3;1,000;239;;FR80888340023;
INTRA-EX;20262;513881387;MMWS-009-150BK;87089997;FR;PT;10;EXW;11;3;;3;1,000;105;;FR19948060413;
INTRA-EX;20262;513881387;SAUC089;87089235;FR;PT;10;EXW;11;3;;10;1,000;785;;FR19948060413;
INTRA-EX;20262;513881387;AMT;87089997;FR;PT;10;EXW;11;3;;0,7;1,000;296;;FR19948060413;
INTRA-EX;20262;513881387;DPD;;FR;PT;10;EXW;11;3;;0,1;1,000;8;;FR19948060413;
INTRA-EX;20262;513881387;DPD;;FR;PT;10;EXW;11;3;;0,1;1,000;8;;FR91950841718;
INTRA-EX;20262;513881387;KT4025;87089997;FR;PT;10;EXW;11;3;;0,8;1,000;706;;FR91950841718;
INTRA-EX;20262;513881387;D650-0009;84099100;FR;PT;10;EXW;11;3;;0,3;6,000;186;;FR35504243288;
INTRA-EX;20262;513881387;SILZKGR8B8S;85111000;FR;PT;10;EXW;11;3;;0,1;6,000;50;;FR35504243288;
INTRA-EX;20262;513881387;SD-1254964;87089997;FR;PT;10;EXW;11;3;;18;1,000;184;;FR35504243288;
INTRA-EX;20262;513881387;U5014;84099100;FR;PT;10;EXW;11;3;;0,3;3,000;65;;FR55881457121;
INTRA-EX;20262;513881387;PK380;84213100;FR;PT;10;EXW;11;3;;5,8;1,000;200;;FR71838456218;
INTRA-EX;20262;513881387;EVE-X56M-CF-INT;84213100;FR;PT;10;EXW;11;3;;7;1,000;1856;;FR71791829385;
INTRA-EX;20262;513881387;MMBCC-N54-06CBE2;87089997;FR;PT;10;EXW;11;3;;2,1;1,000;139;;FR35504243288;
INTRA-EX;20262;513881387;FMKT025;40091100;FR;PT;10;EXW;11;3;;1,5;1,000;93;;FR92901672386;
INTRA-EX;20262;513881387;UPS.MAI;;FR;PT;10;EXW;11;3;;0,1;1,000;8;;FR92901672386;
INTRA-EX;20262;513881387;Z1003100-4;85111000;FR;PT;10;EXW;11;3;;0,4;1,000;108;;FR53750449761;
INTRA-EX;20262;513881387;SBW0260-6P-BK;87083091;FR;PT;10;EXW;11;3;;0,5;1,000;117;;FR53750449761;
INTRA-EX;20262;513881387;UPS.MAI;;FR;PT;10;EXW;11;3;;0,1;1,000;8;;FR53750449761;
INTRA-EX;20262;513881387;KLC141;87088055;FR;PT;10;EXW;11;3;;1;1,000;136;;FR02979867645;
INTRA-EX;20262;513881387;UR-RL4-1653;87088055;FR;PT;10;EXW;11;3;;1,9;1,000;116;;FR02979867645;
INTRA-EX;20262;513881387;KLC167A;87088055;FR;PT;10;EXW;11;3;;1,4;1,000;136;;FR02979867645;
INTRA-EX;20262;513881387;DPD.MAI;;FR;PT;10;EXW;11;3;;0,1;1,000;8;;FR02979867645;
INTRA-EX;20262;513881387;BMR74Z;87089235;FR;PT;10;EXW;11;3;;6;1,000;224;;FR60518580543;
INTRA-EX;20262;513881387;MMRA-LC-EG-BL;87083099;FR;PT;10;EXW;11;3;;5,6;1,000;24;;FR60518580543;
INTRA-EX;20262;513881387;DPD.MAI;;FR;PT;10;EXW;11;3;;0,1;1,000;8;;FR60518580543;
INTRA-EX;20262;513881387;TS-0615-2192;87089997;FR;PT;10;EXW;11;3;;0,5;1,000;322;;FR72818760142;
INTRA-EX;20262;513881387;70027-AH001;84213100;FR;PT;10;EXW;11;3;;0,2;1,000;33;;FR72818760142;
INTRA-EX;20262;513881387;UPS.MAI;;FR;PT;10;EXW;11;3;;0,1;1,000;8;;FR72818760142;
INTRA-EX;20262;513881387;VWR670011;87089235;FR;PT;10;EXW;11;3;;3,5;1,000;233;;FR62903775724;
INTRA-EX;20262;513881387;UPS.MAI;;FR;PT;10;EXW;11;3;;0,1;1,000;8;;FR62903775724;
INTRA-EX;20262;513881387;KT4025;87089997;FR;PT;10;EXW;11;3;;0,8;1,000;706;;FR01821481033;
INTRA-EX;20262;513881387;F2177P+F2179P;87082910;FR;PT;10;EXW;11;3;;1,5;1,000;564;;FR01821481033;
INTRA-EX;20262;513881387;204-4302;87089997;FR;PT;10;EXW;11;3;;1,5;1,000;176;;FR01821481033;
INTRA-EX;20262;513881387;204-5408;87089997;FR;PT;10;EXW;11;3;;1;1,000;144;;FR01821481033;
INTRA-EX;20262;513881387;5M5585H-STD;40091100;FR;PT;10;EXW;11;3;;0,3;1,000;97;;FR01821481033;
INTRA-EX;20262;513881387;VWR29G7250;87089135;FR;PT;10;EXW;11;3;;5,5;1,000;716;;FR01821481033;
INTRA-EX;20262;513881387;DPD.MAI;;FR;PT;10;EXW;11;3;;0,1;1,000;8;;FR01821481033;
INTRA-EX;20262;513881387;AC-MQB-IC;84198998;FR;PT;10;EXW;11;3;;16,3;1,000;419;;FR33819169954;
INTRA-EX;20262;513881387;SVWC043;87089235;FR;PT;10;EXW;11;3;;8,6;1,000;393;;FR33819169954;
INTRA-EX;20262;513881387;TTE475;84099100;FR;PT;10;EXW;11;3;;13,5;1,000;1984;;FR33819169954;
INTRA-EX;20262;513881387;DPD.MAI;;FR;PT;10;EXW;11;3;;0,1;1,000;8;;FR33819169954;
INTRA-EX;20262;513881387;SAU0531-4P-BK;87083091;FR;PT;10;EXW;11;3;;0,5;1,000;94;;FR23813497617;
INTRA-EX;20262;513881387;UPS.MAI;;FR;PT;10;EXW;11;3;;0,1;1,000;8;;FR23813497617;
INTRA-EX;20262;513881387;CTS-IT-285;40091100;FR;PT;10;EXW;11;3;;0,3;1,000;83;;FR33819169954;
INTRA-EX;20262;513881387;UPS.MAI;;FR;PT;10;EXW;11;3;;0,1;1,000;8;;FR33819169954;
INTRA-EX;20262;513881387;CTS-HW-028;87089997;FR;PT;10;EXW;11;3;;0,4;1,000;82;;FR55823261680;
INTRA-EX;20262;513881387;UPS.MAI;;FR;PT;10;EXW;11;3;;0,1;1,000;8;;FR55823261680;
INTRA-EX;20262;513881387;D650-0009-6;84099100;FR;PT;10;EXW;11;3;;2,4;1,000;204;;FR24311440523;
INTRA-EX;20262;513881387;D640-0001-6;85111000;FR;PT;10;EXW;11;3;;0,4;1,000;119;;FR24311440523;
INTRA-EX;20262;513881387;UPS.MAI;;FR;PT;10;EXW;11;3;;0,1;1,000;8;;FR24311440523;
INTRA-EX;20262;513881387;AC-8V5RS-IM;87089997;FR;PT;10;EXW;11;3;;7,7;1,000;1866;;FR53750449761;
INTRA-EX;20262;513881387;IMS-8V-DCCB;87089997;FR;PT;10;EXW;11;3;;1,3;1,000;406;;FR53750449761;
INTRA-EX;20262;513881387;R7437-9-5;85111000;FR;PT;10;EXW;11;3;;0,3;1,000;213;;FR53750449761;
INTRA-EX;20262;513881387;DPD.MAI;;FR;PT;10;EXW;11;3;;0,1;1,000;8;;FR53750449761;
INTRA-EX;20262;513881387;SES2300ICPWB;84213100;FR;PT;10;EXW;11;3;;3;1,000;329;;FR89838537801;
INTRA-EX;20262;513881387;TBP-001;87089997;FR;PT;10;EXW;11;3;;0,3;2,000;41;;FR89838537801;
INTRA-EX;20262;513881387;DPD.MAI;;FR;PT;10;EXW;11;3;;0,1;1,000;8;;FR89838537801;
INTRA-EX;20262;513881387;R10-10-2;40091100;FR;PT;10;EXW;11;3;;0,3;1,000;83;;FR96808300834;
INTRA-EX;20262;513881387;UPS.MAI;;FR;PT;10;EXW;11;3;;0,1;1,000;8;;FR96808300834;
INTRA-EX;20262;513881387;SAUS074;87089235;FR;PT;10;EXW;11;3;;19,6;1,000;674;;FR36942035684;
INTRA-EX;20262;513881387;DPD.MAI;;FR;PT;10;EXW;11;3;;0,1;1,000;8;;FR36942035684;
INTRA-EX;20262;513881387;06E898001-4;85111000;FR;PT;10;EXW;11;3;;1,5;1,000;102;;FR38315724468;
INTRA-EX;20262;513881387;BKR8EIX-4;85111000;FR;PT;10;EXW;11;3;;0,3;4,000;172;;FR38315724468;
INTRA-EX;20262;513881387;UPS.MAI;;FR;PT;10;EXW;11;3;;0,1;1,000;8;;FR38315724468;
INTRA-EX;20262;513881387;AC-N54-DP;87089235;ES;PT;10;EXW;11;3;;5,5;1,000;254;;ES39405133S;
INTRA-EX;20262;513881387;AC-N54-TP;40091100;ES;PT;10;EXW;11;3;;1,7;1,000;119;;ES39405133S;
INTRA-EX;20262;513881387;NAC;;ES;PT;10;EXW;11;3;;0,1;1,000;8;;ES39405133S;
INTRA-EX;20262;513881387;Z-1382491;87089997;ES;PT;10;EXW;11;3;;3,1;1,000;337;;ESB67114637;
INTRA-EX;20262;513881387;NAC;;ES;PT;10;EXW;11;3;;0,1;1,000;8;;ESB67114637;
INTRA-EX;20262;513881387;"TTE420 TFSI";84099100;ES;PT;10;EXW;11;3;;15,7;1,000;1688;;ES44719365M;
INTRA-EX;20262;513881387;FMINDK20;84213100;ES;PT;10;EXW;11;3;;0,8;1,000;168;;ESB72996382;
INTRA-EX;20262;513881387;EVE-GR4-CF-INT;84213100;ES;PT;10;EXW;11;3;;4,9;1,000;975;;ESB72996382;
INTRA-EX;20262;513881387;MMFS-E36-92P;84149000;ES;PT;10;EXW;11;3;;5;1,000;183;;ESB72996382;
INTRA-EX;20262;513881387;SBMP081;87089235;ES;PT;10;EXW;11;3;;11,3;1,000;271;;ESB42771618;
INTRA-EX;20262;513881387;AC-MK7-CP;84099100;ES;PT;10;EXW;11;3;;0,3;12,000;215;;ESB42771618;
INTRA-EX;20262;513881387;EVE-C8RS6-CF-ENG;84213100;ES;PT;10;EXW;11;3;;3;1,000;472;;ESB86280039;
INTRA-EX;20262;513881387;EVE-C8RS6-CF-INT;84213100;ES;PT;10;EXW;11;3;;4,8;1,000;1987;;ESB86280039;
INTRA-EX;20262;513881387;9-309-1009;87089997;ES;PT;10;EXW;11;3;;0,5;2,000;245;;ES18062887K;
INTRA-EX;20262;513881387;BKR7EIX;85111000;ES;PT;10;EXW;11;3;;0,1;4,000;34;;ES44719365M;
INTRA-EX;20262;513881387;MS100208;85111000;ES;PT;10;EXW;11;3;;0,3;12,000;343;;ESB94171030;
INTRA-EX;20262;513881387;AC-MK8-DPHS;87089235;ES;PT;10;EXW;11;3;;8,3;1,000;209;;ESB94171030;
INTRA-EX;20262;513881387;CTS-IT-105R;84213100;ES;PT;10;EXW;11;3;;4,6;1,000;224;;ESB94171030;
INTRA-EX;20262;513881387;EVE-C63S-CF-INT;84213100;ES;PT;10;EXW;11;3;;6,3;1,000;2035;;ESB86420924;
INTRA-EX;20262;513881387;MMSK-CF;87084099;ES;PT;10;EXW;11;3;;0,2;1,000;40;;ESB66283003;
INTRA-EX;20262;513881387;MMHOSE-Z33-HRBK;40091100;ES;PT;10;EXW;11;3;;1,2;1,000;76;;ESB66283003;
INTRA-EX;20262;513881387;U5055;85111000;ES;PT;10;EXW;11;3;;0,3;8,000;149;;ESB94171030;
INTRA-EX;20262;513881387;EVE-GR4-CF-INT;84213100;ES;PT;10;EXW;11;3;;4,9;1,000;975;;ESB55258800;
INTRA-EX;20262;513881387;FMBGFK3;90262020;ES;PT;10;EXW;11;3;;0,2;1,000;38;;ESB70870076;
INTRA-EX;20262;513881387;"CTS-HW-036 ARP";87089997;ES;PT;10;EXW;11;3;;0,7;1,000;104;;ES48924146H;
INTRA-EX;20262;513881387;VWR121000;84213100;ES;PT;10;EXW;11;3;;2;1,000;229;;ESB24786139;
INTRA-EX;20262;513881387;VWR12G7R600FO;84213100;ES;PT;10;EXW;11;3;;0,5;1,000;80;;ESB24786139;
INTRA-EX;20262;513881387;VWR180002;87089997;ES;PT;10;EXW;11;3;;0,1;1,000;19;;ES50902109G;
INTRA-EX;20262;513881387;VWR180003;87089997;ES;PT;10;EXW;11;3;;0,1;2,000;39;;ES50902109G;
INTRA-EX;20262;513881387;SHY0900-4P-BK;87083091;ES;PT;10;EXW;11;3;;0,8;1,000;97;;ESF21709464;
INTRA-EX;20262;513881387;NAC.MAI;;ES;PT;10;EXW;11;3;;0,1;1,000;8;;ESF21709464;
INTRA-EX;20262;513881387;KLC102;87088055;ES;PT;10;EXW;11;3;;0,8;1,000;121;;ES71676122A;
INTRA-EX;20262;513881387;KLC139;87088035;ES;PT;10;EXW;11;3;;0,7;1,000;125;;ES71676122A;
INTRA-EX;20262;513881387;MMOC-EVO-01BK;87089135;ES;PT;10;EXW;11;3;;4,3;1,000;470;;ES71676122A;
INTRA-EX;20262;513881387;70018-AM001;84213100;ES;PT;10;EXW;11;3;;1,8;1,000;204;;ES71676122A;
INTRA-EX;20262;513881387;MMHOSE-EVO-8BK;40091100;ES;PT;10;EXW;11;3;;1,8;1,000;67;;ES71676122A;
INTRA-EX;20262;513881387;NAC.MAI;;ES;PT;10;EXW;11;3;;0,1;1,000;8;;ES71676122A;
INTRA-EX;20262;513881387;16MX-06-1200-6;84133080;ES;PT;10;EXW;11;3;;0,6;1,000;749;;ESF21229786;
INTRA-EX;20262;513881387;SNN0801-6P-BK;87083091;ES;PT;10;EXW;11;3;;0,9;1,000;141;;ESF21229786;
INTRA-EX;20262;513881387;NAC.MAI;;ES;PT;10;EXW;11;3;;0,1;1,000;8;;ESF21229786;
INTRA-EX;20262;513881387;1050.48.14.R35.6;84133080;ES;PT;10;EXW;11;3;;0,4;1,000;833;;ESF21229786;
INTRA-EX;20262;513881387;NAC.MAI;;ES;PT;10;EXW;11;3;;0,1;1,000;8;;ESF21229786;
INTRA-EX;20262;513881387;AC-MK7-RL;87088055;ES;PT;10;EXW;11;3;;0,5;1,000;59;;ES53284853V;
INTRA-EX;20262;513881387;KDT952;87089235;ES;PT;10;EXW;11;3;;0,4;1,000;38;;ES53284853V;
INTRA-EX;20262;513881387;VWR810009;87089997;ES;PT;10;EXW;11;3;;0,2;1,000;57;;ES53284853V;
INTRA-EX;20262;513881387;PFR7Z-TG-4;84099100;ES;PT;10;EXW;11;3;;0,3;1,000;36;;ES53284853V;
INTRA-EX;20262;513881387;RBF700;27101999;ES;PT;10;EXW;11;3;;0,6;10,000;145;;ES53284853V;
INTRA-EX;20262;513881387;NAC;;ES;PT;10;EXW;11;3;;0,1;1,000;8;;ES53284853V;
INTRA-EX;20262;513881387;KTA285;87088055;ES;PT;10;EXW;11;3;;4,5;1,000;294;;ESB75277681;
INTRA-EX;20262;513881387;NAC.MAI;;ES;PT;10;EXW;11;3;;0,1;1,000;8;;ESB75277681;
INTRA-EX;20262;513881387;UR-LA8-1257;87088055;ES;PT;10;EXW;11;3;;5,3;1,000;183;;ESB13735162;
INTRA-EX;20262;513881387;BNF33Z;87088055;ES;PT;10;EXW;11;3;;9,2;1,000;228;;ESB13735162;
INTRA-EX;20262;513881387;UR-RL4-1259;87088055;ES;PT;10;EXW;11;3;;5;1,000;161;;ESB13735162;
INTRA-EX;20262;513881387;KLC110;87088055;ES;PT;10;EXW;11;3;;1;1,000;136;;ESB13735162;
INTRA-EX;20262;513881387;NAC.MAI;;ES;PT;10;EXW;11;3;;0,1;1,000;8;;ESB13735162;
INTRA-EX;20262;513881387;MMTS-350Z-03L;90321020;ES;PT;10;EXW;11;3;;0,3;1,000;48;;ESB13735162;
INTRA-EX;20262;513881387;12001-AN008;84213100;ES;PT;10;EXW;11;3;;36,7;1,000;5068;;ESB13735162;
INTRA-EX;20262;513881387;MMRAD-350Z-03X;87089135;ES;PT;10;EXW;11;3;;10,9;1,000;308;;ESB13735162;
INTRA-EX;20262;513881387;NAC.MAI;;ES;PT;10;EXW;11;3;;0,1;1,000;8;;ESB13735162;
INTRA-EX;20262;513881387;AC-B9RS-DPHS;87089997;ES;PT;10;EXW;11;3;;6,6;1,000;532;;ESB70938287;
INTRA-EX;20262;513881387;NAC.MAI;;ES;PT;10;EXW;11;3;;0,1;1,000;8;;ESB70938287;
INTRA-EX;20262;513881387;FMDV20-BLA;84818040;CY;PT;10;EXW;11;3;;0,6;1,000;153;;CY00781748Y;
INTRA-EX;20262;513881387;AC-30N-CP;85111000;CY;PT;10;EXW;11;3;;0,3;8,000;111;;CY00781748Y;
INTRA-EX;20262;513881387;VWR130010;84099100;BG;PT;10;EXW;11;3;;3,3;1,000;473;;BG204171399;
INTRA-EX;20262;513881387;R29-10-2;87089997;LT;PT;10;EXW;11;3;;1;1,000;73;;LT100016248411;
INTRA-EX;20262;513881387;AC-200-TB;87088055;HU;PT;10;EXW;11;3;;0,5;2,000;84;;HU25464285;
INTRA-EX;20262;513881387;Z1003101;85111000;HU;PT;10;EXW;11;3;;0,1;12,000;196;;HU25464285;
INTRA-EX;20262;513881387;CTS-IT-340R;84213100;HU;PT;10;EXW;11;3;;3,4;1,000;224;;HU25464285;
INTRA-EX;20262;513881387;EVE-E46-INT;84213100;PL;PT;10;EXW;11;3;;3,5;1,000;696;;PL8141683531;
INTRA-EX;20262;513881387;EVE-A35-CF-INT;84213100;PL;PT;10;EXW;11;3;;4,2;1,000;928;;PL8141683531;
INTRA-EX;20262;513881387;EVE-A35-CF-CHG;84213100;PL;PT;10;EXW;11;3;;2,2;1,000;535;;PL8141683531;
INTRA-EX;20262;513881387;EVE-A90-CF-INT;84213100;BE;PT;10;EXW;11;3;;3,9;1,000;999;;BE0740963105;
INTRA-EX;20262;513881387;ARMAMZDMX5-A;84213100;BE;PT;10;EXW;11;3;;2,3;1,000;377;;BE0740963105;
INTRA-EX;20262;513881387;VWR18G700;87089997;BE;PT;10;EXW;11;3;;4;1,000;390;;BE0740963105;
INTRA-EX;20262;513881387;VWR17G8R600;84213100;BE;PT;10;EXW;11;3;;0,2;2,000;70;;BE0740963105;
INTRA-EX;20262;513881387;VWR436001;87141030;BE;PT;10;EXW;11;3;;1;1,000;73;;BE0740963105;
INTRA-EX;20262;513881387;VWR130006;84099100;GR;PT;10;EXW;11;3;;0,3;1,000;37;;GREL802913609;
INTRA-EX;20262;513881387;VWR13G800RFK;87089997;GR;PT;10;EXW;11;3;;0,5;1,000;35;;GREL802913609;
INTRA-EX;20262;513881387;ATEXHHYU1;87089235;GR;PT;10;EXW;11;3;;4,8;1,000;236;;GREL802913609;
INTRA-EX;20262;513881387;SHYP104;87089235;GR;PT;10;EXW;11;3;;3,2;1,000;149;;GREL802913609;
INTRA-EX;20262;513881387;8E0971824S-BL;84099100;GR;PT;10;EXW;11;3;;0,2;1,000;10;;GREL802913609;
INTRA-EX;20262;513881387;VWR1200R601E;84213100;GR;PT;10;EXW;11;3;;4,9;1,000;314;;GREL801324798;
INTRA-EX;20262;513881387;SAUP106;87089997;GR;PT;10;EXW;11;3;;10,2;1,000;278;;GREL802913609;
INTRA-EX;20262;513881387;MS100210;85111000;GR;PT;10;EXW;11;3;;0,3;4,000;114;;GREL802913609;
INTRA-EX;20262;513881387;AC-MK7-FPT;84133080;GR;PT;10;EXW;11;3;;0,1;1,000;6;;GREL802913609;
INTRA-EX;20262;513881387;VWR18G700-SERV;87089997;GR;PT;10;EXW;11;3;;0,1;1,000;20;;GREL802913609;
INTRA-EX;20262;513881387;CTS-AF-270;84213100;GR;PT;10;EXW;11;3;;0,5;1,000;37;;GREL802913609;
INTRA-EX;20262;513881387;R10-10-2;40091100;GR;PT;10;EXW;11;3;;0,3;1,000;65;;GREL802913609;
INTRA-EX;20262;513881387;14011-AF001;84213100;GR;PT;10;EXW;11;3;;2;1,000;144;;GREL802913609;
INTRA-EX;20262;513881387;CTS-IT-300R;84213100;GR;PT;10;EXW;11;3;;4,1;1,000;247;;GREL802913609;
INTRA-EX;20262;513881387;SHDC015;87089235;GR;PT;10;EXW;11;3;;3,5;1,000;196;;GREL163940830;
INTRA-EX;20262;513881387;FMDVMK7R-ALL;87089997;GR;PT;10;EXW;11;3;;0,6;1,000;161;;GREL163940830;
INTRA-EX;20262;513881387;CTS-HW-0133;84099100;GR;PT;10;EXW;11;3;;0,5;1,000;119;;GREL802913609;
INTRA-EX;20262;513881387;CTS-IT-300R;84213100;GR;PT;10;EXW;11;3;;4,1;1,000;247;;GREL802913609;
INTRA-EX;20262;513881387;BBF44Z;87088055;GR;PT;10;EXW;11;3;;8,7;1,000;184;;GREL802913609;
INTRA-EX;20262;513881387;BBR44Z;87088055;GR;PT;10;EXW;11;3;;6,7;1,000;184;;GREL802913609;
INTRA-EX;20262;513881387;FMWS11;87088099;GR;PT;10;EXW;11;3;;0,8;2,000;83;;GREL802913609;
INTRA-EX;20262;513881387;ATMSFO108;87089997;GR;PT;10;EXW;11;3;;0,2;1,000;102;;GREL802913609;
INTRA-EX;20262;513881387;MS100204;85111000;NL;PT;10;EXW;11;3;;0,3;4,000;163;;NL866860666B01;
INTRA-EX;20262;513881387;R7437-9;85111000;NL;PT;10;EXW;11;3;;0,1;4,000;145;;NL866860666B01;
INTRA-EX;20262;513881387;ATMSFO71;40091100;NL;PT;10;EXW;11;3;;0,3;1,000;113;;NL866860666B01;
INTRA-EX;20262;513881387;MS100208;85111000;NL;PT;10;EXW;11;3;;0,3;5,000;143;;NL866860666B01;
INTRA-EX;20262;513881387;L3P3BF1X;87089997;NL;PT;10;EXW;11;3;;0,4;1,000;264;;NL866860666B01;
INTRA-EX;20262;513881387;10.127.203K;84132000;NL;PT;10;EXW;11;3;;0,3;1,000;227;;NL866860666B01;
INTRA-EX;20262;513881387;VWR150004;90269000;NL;PT;10;EXW;11;3;;0,4;1,000;68;;NL866996473B01;
INTRA-EX;20262;513881387;CI100053;84213100;NL;PT;10;EXW;11;3;;4,2;2,000;572;;NL866996473B01;
INTRA-EX;20262;513881387;MS100192;85111000;NL;PT;10;EXW;11;3;;0,3;8,000;327;;NL866996473B01;
INTRA-EX;20262;513881387;CI100054;40091100;NL;PT;10;EXW;11;3;;4,3;2,000;449;;NL866996473B01;
INTRA-EX;20262;513881387;AC-200-CFA;87089997;NL;PT;10;EXW;11;3;;0,1;3,000;48;;NL866996473B01;
INTRA-EX;20262;513881387;VWR810000;87089997;NL;PT;10;EXW;11;3;;0,2;3,000;55;;NL866996473B01;
INTRA-EX;20262;513881387;VWR640012;87089997;NL;PT;10;EXW;11;3;;2,2;1,000;56;;NL866996473B01;
INTRA-EX;20262;513881387;VWR180000;87089997;NL;PT;10;EXW;11;3;;0,1;1,000;9;;NL866996473B01;
INTRA-EX;20262;513881387;VWR12G7R600ITRED;84213100;NL;PT;10;EXW;11;3;;0,8;1,000;70;;NL866996473B01;
INTRA-EX;20262;513881387;1K0253144AE;87089997;NL;PT;10;EXW;11;3;;1;1,000;6;;NL866996473B01;
INTRA-EX;20262;513881387;MS100113;87089997;NL;PT;10;EXW;11;3;;0,4;1,000;45;;NL866860666B01;
INTRA-EX;20262;513881387;9-654-1025;84133080;NL;PT;10;EXW;11;3;;0,8;1,000;129;;NL866860666B01;
INTRA-EX;20262;513881387;RF100019;84213100;NL;PT;10;EXW;11;3;;0,8;1,000;45;;NL866860666B01;
INTRA-EX;20262;513881387;U5014;84099100;NL;PT;10;EXW;11;3;;0,3;4,000;86;;NL866860666B01;
INTRA-EX;20262;513881387;U5014;84099100;NL;PT;10;EXW;11;3;;0,3;4,000;86;;NL866860666B01;
INTRA-EX;20262;513881387;CTS-IT-260;84213100;NL;PT;10;EXW;11;3;;3,6;1,000;202;;NL866860666B01;
INTRA-EX;20262;513881387;MS100208;85111000;IT;PT;10;EXW;11;3;;0,3;1,000;28;;IT12072620011;
INTRA-EX;20262;513881387;VWR810009;87089997;IT;PT;10;EXW;11;3;;0,2;1,000;37;;IT14481871003;
INTRA-EX;20262;513881387;SP-670;32081090;IT;PT;10;EXW;11;3;;0,8;3,000;38;;IT14481871003;
INTRA-EX;20262;513881387;BKR8EIX;85111000;IT;PT;10;EXW;11;3;;0,1;8,000;72;;IT14481871003;
INTRA-EX;20262;513881387;RF100029;84099100;IT;PT;10;EXW;11;3;;0,5;3,000;135;;IT14481871003;
INTRA-EX;20262;513881387;U5014;84099100;IT;PT;10;EXW;11;3;;0,3;4,000;86;;IT14481871003;
INTRA-EX;20262;513881387;PP2045;84213100;IT;PT;10;EXW;11;3;;0,5;2,000;41;;IT14481871003;
INTRA-EX;20262;513881387;BKR8EIX;85111000;IT;PT;10;EXW;11;3;;0,1;4,000;36;;IT04146110160;
INTRA-EX;20262;513881387;MS100208;85111000;IT;PT;10;EXW;11;3;;0,3;4,000;114;;IT04146110160;
INTRA-EX;20262;513881387;CTS-IGN-007;84099100;IT;PT;10;EXW;11;3;;0,3;5,000;149;;IT12072620011;
INTRA-EX;20262;513881387;SME0460-4P-BK;87083091;IT;PT;10;EXW;11;3;;0,5;1,000;75;;IT03656931205;
INTRA-EX;20262;513881387;ATMSYGR06;87089997;IT;PT;10;EXW;11;3;;3,9;1,000;278;;IT02934290137;
INTRA-EX;20262;513881387;ATINTYGR1;87089997;IT;PT;10;EXW;11;3;;13,2;1,000;477;;IT02934290137;
INTRA-EX;20262;513881387;AC-200-HPFP;87089997;IT;PT;10;EXW;11;3;;1;1,000;323;;IT02710790060;
INTRA-EX;20262;513881387;L3P3VGT7;87089997;IT;PT;10;EXW;11;3;;1;1,000;264;;IT03656931205;
INTRA-EX;20262;513881387;SBW1176-4P-RD;87083091;IT;PT;10;EXW;11;3;;0,5;1,000;75;;IT12072620011;
INTRA-EX;20262;513881387;UR-ML4-1193;87088055;IT;PT;10;EXW;11;3;;3,8;1,000;76;;IT12072620011;
INTRA-EX;20262;513881387;VWR420000;87089997;IT;PT;10;EXW;11;3;;2;1,000;147;;IT12072620011;
INTRA-EX;20262;513881387;VWR520000;87089997;IT;PT;10;EXW;11;3;;0,7;1,000;124;;IT12072620011;
INTRA-EX;20262;513881387;UR-RL4-1259;87088055;IT;PT;10;EXW;11;3;;5;1,000;106;;IT12072620011;
INTRA-EX;20262;513881387;VOUCHER100;00000001;IT;PT;10;EXW;11;3;;0,1;2,000;200;;QV999999999999;
INTRA-EX;20262;513881387;D650-0003;84099100;IT;PT;10;EXW;11;3;;0,3;4,000;104;;IT02710790060;
INTRA-EX;20262;513881387;ALP.07.13.0002-1;87089997;IT;PT;10;EXW;11;3;;0,1;1,000;135;;IT04564910265;
INTRA-EX;20262;513881387;DPD;;IT;PT;10;EXW;11;3;;0,1;1,000;15;;IT04564910265;
INTRA-EX;20262;513881387;30-4110;87089997;ES;PT;10;EXW;11;3;;0,7;1,000;159;;ESB76260033;
INTRA-EX;20262;513881387;R7437-9;85111000;ES;PT;10;EXW;11;3;;0,1;5,000;181;;ESB76260033;
INTRA-EX;20262;513881387;VWR900004-3;85111000;ES;PT;10;EXW;11;3;;1,2;1,000;130;;ES54073987K;
INTRA-EX;20262;513881387;NAC;;ES;PT;10;EXW;11;3;;0,1;1,000;42;;ES54073987K;
INTRA-EX;20262;513881387;AC-S63-DP;87089235;FR;PT;10;EXW;11;3;;5,9;1,000;344;;FR30852198647;
INTRA-EX;20262;513881387;D650-0003-8;84099100;FR;PT;10;EXW;11;3;;3,4;1,000;233;;FR30852198647;
INTRA-EX;20262;513881387;SILZKBR8D8S-8;85111000;FR;PT;10;EXW;11;3;;0,5;1,000;90;;FR30852198647;
INTRA-EX;20262;513881387;ATIKBMW6;84213100;FR;PT;10;EXW;11;3;;5;1,000;437;;FR30852198647;
INTRA-EX;20262;513881387;82594;84099100;FR;PT;10;EXW;11;3;;1,7;1,000;304;;FR30852198647;
INTRA-EX;20262;513881387;DPD;;FR;PT;10;EXW;11;3;;0,1;1,000;8;;FR30852198647;
INTRA-EX;20262;513881387;DPD;;FR;PT;10;EXW;11;3;;0,1;1,000;8;;FR59843779380;
INTRA-EX;20262;513881387;STY1005-4P-BK;87083091;FR;PT;10;EXW;11;3;;0,5;1,000;77;;FR59843779380;
INTRA-EX;20262;513881387;VWR19G709;87089997;FR;PT;10;EXW;11;3;;0,5;1,000;66;;FR55823261680;
INTRA-EX;20262;513881387;SILFER8C7ES;85111000;FR;PT;10;EXW;11;3;;0,1;4,000;42;;FR55881457121;
INTRA-EX;20262;513881387;SILFER8C7ES;85111000;FR;PT;10;EXW;11;3;;0,1;4,000;42;;FR55881457121;
INTRA-EX;20262;513881387;EVE-2TFSI-CF-INT;84213100;FR;PT;10;EXW;11;3;;3,1;2,000;1327;;FR86498478304;
INTRA-EX;20262;513881387;EVE-N55V2-CF-INT;84213100;FR;PT;10;EXW;11;3;;5,1;1,000;985;;FR86498478304;
INTRA-EX;20262;513881387;EVE-RS5-INT;84213100;FR;PT;10;EXW;11;3;;6;1,000;1818;;FR09800029712;
INTRA-EX;20262;513881387;SES1989TT;87089235;FR;PT;10;EXW;11;3;;31;1,000;1249;;FR91853808350;
INTRA-EX;20262;513881387;SILFER8C7ES;85111000;FR;PT;10;EXW;11;3;;0,1;4,000;42;;FR55881457121;
INTRA-EX;20262;513881387;EVE-M2C-CF-INT;84213100;FR;PT;10;EXW;11;3;;5,2;1,000;1485;;FR94827543661;
INTRA-EX;20262;513881387;MMICP-N54-07;87089997;FR;PT;10;EXW;11;3;;2,2;1,000;146;;FR35504243288;
INTRA-EX;20262;513881387;SILZKBR8D8S;85111000;FR;PT;10;EXW;11;3;;0,1;24,000;235;;FR35504243288;
INTRA-EX;20262;513881387;CTS-F8X-DF;87089135;FR;PT;10;EXW;11;3;;8,1;1,000;487;;FR35504243288;
INTRA-EX;20262;513881387;CTS-IGN-009;84099100;FR;PT;10;EXW;11;3;;0,3;18,000;465;;FR35504243288;
INTRA-EX;20262;513881387;SILZKGR8B8S;85111000;FR;PT;10;EXW;11;3;;0,1;6,000;50;;FR35504243288;
INTRA-EX;20262;513881387;FMDVRMA-BLA;84814090;FR;PT;10;EXW;11;3;;0,9;1,000;143;;FR49984842823;
INTRA-EX;20262;513881387;SAUC089;87089235;FR;PT;10;EXW;11;3;;10;1,000;566;;FR43935269613;
INTRA-EX;20262;513881387;SILFER8C7ES;85111000;FR;PT;10;EXW;11;3;;0,1;4,000;42;;FR55881457121;
INTRA-EX;20262;513881387;SILFER8C7ES;85111000;FR;PT;10;EXW;11;3;;0,1;4,000;42;;FR55881457121;
INTRA-EX;20262;513881387;EVE-E9X-CF-PLM;84213100;FR;PT;10;EXW;11;3;;5,6;1,000;1678;;FR80888340023;
INTRA-EX;20262;513881387;EVE-F9XM5M8-CHG;84212300;FR;PT;10;EXW;11;3;;1,2;1,000;472;;FR26750353237;
INTRA-EX;20262;513881387;PST79;87088035;FR;PT;10;EXW;11;3;;3;1,000;122;;QV999999999999;
INTRA-EX;20262;513881387;DPD.MAI;;FR;PT;10;EXW;11;3;;0,1;1,000;6;;QV999999999999;
INTRA-EX;20262;513881387;PK419;84213100;FR;PT;10;EXW;11;3;;3,5;1,000;235;;QV999999999999;
INTRA-EX;20262;513881387;DPD.MAI;;FR;PT;10;EXW;11;3;;0,1;1,000;6;;QV999999999999;
INTRA-EX;20262;513881387;DPD;;FR;PT;10;EXW;11;3;;0,1;1,000;8;;FR33819169954;
INTRA-EX;20262;513881387;SFD0121-4P-BK;87083091;FR;PT;10;EXW;11;3;;0,5;1,000;77;;FR33819169954;
INTRA-EX;20262;513881387;U5014;84099100;FR;PT;10;EXW;11;3;;0,3;4,000;86;;FR55881457121;
INTRA-EX;20262;513881387;MMTS-CIV-92L;90321020;FR;PT;10;EXW;11;3;;0,1;1,000;47;;FR32882576267;
INTRA-EX;20262;513881387;DPD;;FR;PT;10;EXW;11;3;;0,1;1,000;12;;FR32882576267;
INTRA-EX;20262;513881387;SFT0658-6P-BK;87083091;ES;PT;10;EXW;11;3;;0,7;1,000;117;;ES47631175S;
INTRA-EX;20262;513881387;NAC;;ES;PT;10;EXW;11;3;;0,1;1,000;8;;ES47631175S;
INTRA-EX;20262;513881387;VWR1200R600E;84213100;ES;PT;10;EXW;11;3;;4,9;1,000;287;;ESB67497925;
INTRA-EX;20262;513881387;AC-MK8-DP;87089235;ES;PT;10;EXW;11;3;;8,3;1,000;155;;ESB67497925;
INTRA-EX;20262;513881387;SVW0630-4P-BK;87083091;ES;PT;10;EXW;11;3;;0,5;2,000;151;;ESB67497925;
INTRA-EX;20262;513881387;VWR120010;40091100;ES;PT;10;EXW;11;3;;1,4;1,000;165;;ESB67497925;
INTRA-EX;20262;513881387;VWR900003;85111000;ES;PT;10;EXW;11;3;;0,3;4,000;81;;ES29524079Z;
INTRA-EX;20262;513881387;MS100247;85111000;ES;PT;10;EXW;11;3;;0,4;8,000;212;;ES29524079Z;
INTRA-EX;20262;513881387;MS100192;85111000;ES;PT;10;EXW;11;3;;0,3;4,000;163;;ES29524079Z;
INTRA-EX;20262;513881387;SILFER8C7ES;85111000;ES;PT;10;EXW;11;3;;0,1;4,000;42;;ES29524079Z;
INTRA-EX;20262;513881387;VWR1200R600E;84213100;ES;PT;10;EXW;11;3;;4,9;1,000;287;;ES48924146H;
INTRA-EX;20262;513881387;VWR31G7GT;87088035;ES;PT;10;EXW;11;3;;8,5;1,000;174;;ES48924146H;
INTRA-EX;20262;513881387;VWR13G700-SERV;87089997;ES;PT;10;EXW;11;3;;0,1;1,000;20;;ES48924146H;
INTRA-EX;20262;513881387;MS100192;85111000;ES;PT;10;EXW;11;3;;0,3;4,000;163;;ES48924146H;
INTRA-EX;20262;513881387;VWR150000;87089997;ES;PT;10;EXW;11;3;;0,2;1,000;73;;ESB67497925;
INTRA-EX;20262;513881387;FMDVMK7A-BLA;87089997;ES;PT;10;EXW;11;3;;0,6;1,000;161;;ESB67497925;
INTRA-EX;20262;513881387;KLC202;87088035;ES;PT;10;EXW;11;3;;1;1,000;100;;ESB67497925;
INTRA-EX;20262;513881387;KCA472;87088035;ES;PT;10;EXW;11;3;;2;1,000;160;;ESB67497925;
INTRA-EX;20262;513881387;BHR75Z;87088055;ES;PT;10;EXW;11;3;;8,8;1,000;176;;ESB86420924;
INTRA-EX;20262;513881387;EVE-N55V2-CF-INT;84213100;ES;PT;10;EXW;11;3;;5,1;1,000;985;;ESB86420924;
INTRA-EX;20262;513881387;SAU0631-4C-BK;87083091;ES;PT;10;EXW;11;3;;0,5;1,000;94;;ESB67114637;
INTRA-EX;20262;513881387;MS100192;85111000;ES;PT;10;EXW;11;3;;0,3;4,000;163;;ESB65945743;
INTRA-EX;20262;513881387;9-655-1025;84133080;ES;PT;10;EXW;11;3;;0,8;1,000;129;;ESB65945743;
INTRA-EX;20262;513881387;R7437-9;85111000;ES;PT;10;EXW;11;3;;0,1;5,000;181;;ESB65945743;
INTRA-EX;20262;513881387;"TTE500 N54";10;ES;PT;10;EXW;11;3;;13,5;1,000;1358;;ESB04855516;
INTRA-EX;20262;513881387;MS100192;85111000;ES;PT;10;EXW;11;3;;0,3;8,000;327;;ESB44699973;
INTRA-EX;20262;513881387;VWR31G7GT;87088035;ES;PT;10;EXW;11;3;;8,5;1,000;174;;ES33551947F;
INTRA-EX;20262;513881387;AC-180-CPA;87089997;ES;PT;10;EXW;11;3;;0,5;4,000;119;;ESB94171030;
INTRA-EX;20262;513881387;AC-30N-CP;85111000;ES;PT;10;EXW;11;3;;0,3;14,000;195;;ESB04855516;
INTRA-EX;20262;513881387;SBMP087;87089997;ES;PT;10;EXW;11;3;;19;2,000;1046;;ESB44699973;
INTRA-EX;20262;513881387;216BFWGBOSM;90262020;ES;PT;10;EXW;11;3;;0,3;1,000;21;;ES18062887K;
INTRA-EX;20262;513881387;MMAI-E46-01BK;84213100;ES;PT;10;EXW;11;3;;4,1;1,000;178;;ES18062887K;
INTRA-EX;20262;513881387;PP1728;84213100;ES;PT;10;EXW;11;3;;0,6;1,000;36;;ESB67497925;
INTRA-EX;20262;513881387;VWR31G8GT;87089997;ES;PT;10;EXW;11;3;;8,5;1,000;174;;ESB67497925;
INTRA-EX;20262;513881387;VWR12G7R600ITBLA;84213100;ES;PT;10;EXW;11;3;;0,8;1,000;70;;ESB67497925;
INTRA-EX;20262;513881387;VWR17G7R600;40091100;ES;PT;10;EXW;11;3;;0,2;1,000;35;;ESB67497925;
INTRA-EX;20262;513881387;VWR1200R600E;84213100;ES;PT;10;EXW;11;3;;4,9;1,000;287;;ESB67497925;
INTRA-EX;20262;513881387;VWR810000;87089997;ES;PT;10;EXW;11;3;;0,2;1,000;18;;ESB67497925;
INTRA-EX;20262;513881387;VWR18G700;87089997;ES;PT;10;EXW;11;3;;4;1,000;390;;ESB67497925;
INTRA-EX;20262;513881387;VWR19G702;70102000;ES;PT;10;EXW;11;3;;0,1;1,000;53;;ESB67497925;
INTRA-EX;20262;513881387;MMTS-GLF-15;90321020;ES;PT;10;EXW;11;3;;0,2;2,000;75;;ESB67497925;
INTRA-EX;20262;513881387;PP1895;84213100;ES;PT;10;EXW;11;3;;0,5;2,000;37;;ESB67497925;
INTRA-EX;20262;513881387;PP1895PLUS;84213100;ES;PT;10;EXW;11;3;;0,6;2,000;72;;ESB67497925;
INTRA-EX;20262;513881387;CTS-HW-118;87089997;ES;PT;10;EXW;11;3;;0,3;1,000;33;;ESB67497925;
INTRA-EX;20262;513881387;KDT952;87089235;ES;PT;10;EXW;11;3;;0,4;1,000;27;;ESB67497925;
INTRA-EX;20262;513881387;VWR29DQ381;87089997;ES;PT;10;EXW;11;3;;6,2;1,000;487;;ESB67497925;
INTRA-EX;20262;513881387;U5014;84099100;ES;PT;10;EXW;11;3;;0,3;4,000;86;;ES29524079Z;
INTRA-EX;20262;513881387;MS100208;85111000;ES;PT;10;EXW;11;3;;0,3;6,000;171;;ES29524079Z;
INTRA-EX;20262;513881387;VWR900001;85111000;ES;PT;10;EXW;11;3;;0,3;4,000;113;;ESB24786139;
INTRA-EX;20262;513881387;50-1200;87089997;ES;PT;10;EXW;11;3;;0,5;1,000;122;;QV999999999999;
INTRA-EX;20262;513881387;NAC.MAI;;ES;PT;10;EXW;11;3;;0,1;1,000;6;;QV999999999999;
INTRA-EX;20262;513881387;GPST;32089091;AT;PT;10;EXW;11;3;;0,1;4,000;9;;QV999999999999;
INTRA-EX;20262;513881387;UPS.MAI;;AT;PT;10;EXW;11;3;;0,1;1,000;10;;QV999999999999;
INTRA-EX;20262;513881387;06F103483E;87089235;IE;PT;10;EXW;11;3;;0,1;1,000;8;;QV999999999999;
INTRA-EX;20262;513881387;UPS.MAI;;IE;PT;10;EXW;11;3;;0,1;1,000;12;;QV999999999999;
INTRA-EX;20262;513881387;VWR120001;87089997;FI;PT;10;EXW;11;3;;0,1;2,000;13;;QV999999999999;
INTRA-EX;20262;513881387;ASKC;33030010;FI;PT;10;EXW;11;3;;0,1;1,000;1;;QV999999999999;
INTRA-EX;20262;513881387;UPS.MAI;;FI;PT;10;EXW;11;3;;0,1;1,000;15;;QV999999999999;
INTRA-EX;20262;513881387;AC-200-CFA;87089997;DK;PT;10;EXW;11;3;;0,1;1,000;23;;QV999999999999;
INTRA-EX;20262;513881387;UPS.MAI;;DK;PT;10;EXW;11;3;;0,1;1,000;9;;QV999999999999;
INTRA-EX;20262;513881387;VWR800001;58109210;LU;PT;10;EXW;11;3;;0,1;1,000;10;;QV999999999999;
INTRA-EX;20262;513881387;UPS.MAI;;LU;PT;10;EXW;11;3;;0,1;1,000;10;;QV999999999999;
INTRA-EX;20262;513881387;MS100219;85111000;BG;PT;10;EXW;11;3;;0,3;1,000;30;;BG208269894;
INTRA-EX;20262;513881387;Z1003100;85111000;BG;PT;10;EXW;11;3;;0,1;1,000;24;;BG208269894;
INTRA-EX;20262;513881387;EVE-661-G2-FTR;84213100;BG;PT;10;EXW;11;3;;0,6;1,000;63;;BG208269894;
INTRA-EX;20262;513881387;ATMSHYU3;87089997;CZ;PT;10;EXW;11;3;;1,6;1,000;296;;CZ8905214318;
INTRA-EX;20262;513881387;DPD;;CZ;PT;10;EXW;11;3;;0,1;1,000;10;;CZ8905214318;
INTRA-EX;20262;513881387;PF04;85444290;CZ;PT;10;EXW;11;3;;0,2;2,000;313;;CZ05681197;
INTRA-EX;20262;513881387;PK398;84213100;CZ;PT;10;EXW;11;3;;4,1;1,000;220;;CZ05681197;
INTRA-EX;20262;513881387;CTS-DB-MK4-60D;84099100;DE;PT;10;EXW;11;3;;1,2;1,000;29;;DE181881308;
INTRA-EX;20262;513881387;CTS-EM-MK45-6-60D;87089235;DE;PT;10;EXW;11;3;;2;1,000;89;;DE181881308;
INTRA-EX;20262;513881387;10.127.100K;84132000;DE;PT;10;EXW;11;3;;0,3;3,000;682;;DE181881308;
INTRA-EX;20262;513881387;KTA216A;87088035;DE;PT;10;EXW;11;3;;4,3;2,000;481;;DE359821210;
INTRA-EX;20262;513881387;VSTD8-C1SA4;87089997;DE;PT;10;EXW;11;3;;26,5;1,000;784;;DE359821210;
INTRA-EX;20262;513881387;MMODP-1615B;70102000;DE;PT;10;EXW;11;3;;0,1;5,000;58;;DE359821210;
INTRA-EX;20262;513881387;AC-180S-TH-BL;40091100;DE;PT;10;EXW;11;3;;0,3;1,000;30;;QV999999999999;
INTRA-EX;20262;513881387;DPD;;DE;PT;10;EXW;11;3;;0,1;1,000;10;;QV999999999999;
INTRA-EX;20262;513881387;PFF5-4021;87089997;HU;PT;10;EXW;11;3;;0,1;1,000;25;;HU25464285;
INTRA-EX;20262;513881387;PFF5-4655;87089997;HU;PT;10;EXW;11;3;;0,1;2,000;63;;HU25464285;
INTRA-EX;20262;513881387;EVE-C8RS6-CF-INT;84213100;PL;PT;10;EXW;11;3;;4,8;1,000;1987;;PL8141683531;
INTRA-EX;20262;513881387;EVE-C8RS6-CF-ENG;84213100;PL;PT;10;EXW;11;3;;3;1,000;472;;PL8141683531;
INTRA-EX;20262;513881387;SP1898P;84213100;PL;PT;10;EXW;11;3;;6,9;1,000;434;;PL8141683531;
INTRA-EX;20262;513881387;EVE-A45S-CF-INT;84213100;PL;PT;10;EXW;11;3;;3,9;1,000;999;;PL6972411863;
INTRA-EX;20262;513881387;EVE-A45S-CF-INT;84213100;PL;PT;10;EXW;11;3;;3,9;1,000;999;;PL8141683531;
INTRA-EX;20262;513881387;STYC011;87089235;BE;PT;10;EXW;11;3;;6,1;1,000;242;;BE0740963105;
INTRA-EX;20262;513881387;EVE-M2C-CF-INT;84213100;BE;PT;10;EXW;11;3;;5,2;1,000;1485;;BE0740963105;
INTRA-EX;20262;513881387;SAU0631-4C-BK;87083091;BE;PT;10;EXW;11;3;;0,5;1,000;94;;BE0670639687;
INTRA-EX;20262;513881387;AC-45-DP;87089235;BE;PT;10;EXW;11;3;;9,2;1,000;203;;BE0670639687;
INTRA-EX;20262;513881387;VWR69000BF1;87089997;BE;PT;10;EXW;11;3;;0,6;1,000;18;;QV999999999999;
INTRA-EX;20262;513881387;DPD.MAI;;BE;PT;10;EXW;11;3;;0,1;1,000;9;;QV999999999999;
INTRA-EX;20262;513881387;03K906051;90269000;GR;PT;10;EXW;11;3;;0,1;1,000;13;;GREL802913609;
INTRA-EX;20262;513881387;FMRMBHS-BLU;40091100;GR;PT;10;EXW;11;3;;0,3;1,000;35;;GREL802913609;
INTRA-EX;20262;513881387;AC-MK7-CP;84099100;GR;PT;10;EXW;11;3;;0,3;4,000;71;;GREL802913609;
INTRA-EX;20262;513881387;WB-432;84213100;GR;PT;10;EXW;11;3;;0,3;1,000;33;;GREL802913609;
INTRA-EX;20262;513881387;SMBS007;87089235;GR;PT;10;EXW;11;3;;12,2;1,000;289;;GREL802913609;
INTRA-EX;20262;513881387;9-421-1000;84133080;GR;PT;10;EXW;11;3;;0,5;1,000;129;;GREL802913609;
INTRA-EX;20262;513881387;HX-N-00;87089997;GR;PT;10;EXW;11;3;;5,6;1,000;1046;;GREL137646504;
INTRA-EX;20262;513881387;AC-MQB-IC;84198998;GR;PT;10;EXW;11;3;;16,3;1,000;281;;GREL802913609;
INTRA-EX;20262;513881387;VWR11G701;84213100;GR;PT;10;EXW;11;3;;0,3;1,000;53;;GREL802913609;
INTRA-EX;20262;513881387;R7437-9;85111000;GR;PT;10;EXW;11;3;;0,1;8,000;290;;GREL802913609;
INTRA-EX;20262;513881387;SILZKGR8C8S;85111000;NL;PT;10;EXW;11;3;;0,1;18,000;280;;NL866860666B01;
INTRA-EX;20262;513881387;SILFER8C7ES;85111000;NL;PT;10;EXW;11;3;;0,1;13,000;136;;NL866860666B01;
INTRA-EX;20262;513881387;CTS-IGN-009;84099100;NL;PT;10;EXW;11;3;;0,3;2,000;51;;NL866860666B01;
INTRA-EX;20262;513881387;U5014;84099100;NL;PT;10;EXW;11;3;;0,3;4,000;86;;NL866860666B01;
INTRA-EX;20262;513881387;EVE-661-G2-FTR;84213100;NL;PT;10;EXW;11;3;;0,6;1,000;63;;NL866860666B01;
INTRA-EX;20262;513881387;U5014;84099100;NL;PT;10;EXW;11;3;;0,3;4,000;86;;NL866860666B01;
INTRA-EX;20262;513881387;MMHOSE-SUB-INTRD;40093100;NL;PT;10;EXW;11;3;;1,3;1,000;89;;NL866860666B01;
INTRA-EX;20262;513881387;9-654-1025;84133080;NL;PT;10;EXW;11;3;;0,8;1,000;129;;NL866860666B01;
INTRA-EX;20262;513881387;MMTS-GTI-99;90321020;NL;PT;10;EXW;11;3;;0,1;1,000;37;;NL866860666B01;
INTRA-EX;20262;513881387;AC-C7RS-DPHS;87089997;NL;PT;10;EXW;11;3;;8,8;1,000;335;;NL866860666B01;
INTRA-EX;20262;513881387;MMODP-12125B;87089997;NL;PT;10;EXW;11;3;;0,1;1,000;11;;NL866860666B01;
INTRA-EX;20262;513881387;MMHOSE-MS3-07TIHRD;40091100;NL;PT;10;EXW;11;3;;1;1,000;110;;NL866860666B01;
INTRA-EX;20262;513881387;AC-200-CFA;87089997;NL;PT;10;EXW;11;3;;0,1;1,000;16;;NL866860666B01;
INTRA-EX;20262;513881387;VWR150004;90269000;NL;PT;10;EXW;11;3;;0,4;2,000;136;;NL866996473B01;
INTRA-EX;20262;513881387;VWR120010;40091100;NL;PT;10;EXW;11;3;;1,4;2,000;331;;NL866996473B01;
INTRA-EX;20262;513881387;VWR12G6GT;84213100;NL;PT;10;EXW;11;3;;1,9;1,000;220;;NL866996473B01;
INTRA-EX;20262;513881387;VWR1200R600E;84213100;NL;PT;10;EXW;11;3;;4,9;2,000;574;;NL866996473B01;
INTRA-EX;20262;513881387;VWR17G7R600;40091100;NL;PT;10;EXW;11;3;;0,2;2,000;70;;NL866996473B01;
INTRA-EX;20262;513881387;VWR12G7R600ITBLA;84213100;NL;PT;10;EXW;11;3;;0,8;1,000;70;;NL866996473B01;
INTRA-EX;20262;513881387;CI100054;40091100;NL;PT;10;EXW;11;3;;4,3;1,000;224;;NL866996473B01;
INTRA-EX;20262;513881387;VWR810000;87089997;NL;PT;10;EXW;11;3;;0,2;2,000;37;;NL866996473B01;
INTRA-EX;20262;513881387;VWR13G800RFK;87089997;NL;PT;10;EXW;11;3;;0,5;2,000;70;;NL866996473B01;
INTRA-EX;20262;513881387;VWR150003;90269000;IT;PT;10;EXW;11;3;;0,4;1,000;68;;IT03656931205;
INTRA-EX;20262;513881387;AC-N54-DP;87089235;IT;PT;10;EXW;11;3;;5,5;1,000;167;;IT02710790060;
INTRA-EX;20262;513881387;MS100222;84213100;IT;PT;10;EXW;11;3;;1,5;1,000;81;;IT02710790060;
INTRA-EX;20262;513881387;MS100226;40093100;IT;PT;10;EXW;11;3;;2,5;1,000;171;;IT02710790060;
INTRA-EX;20262;513881387;D640-0002;85111000;IT;PT;10;EXW;11;3;;0,1;6,000;98;;IT02710790060;
INTRA-EX;20262;513881387;Z1003101;85111000;IT;PT;10;EXW;11;3;;0,1;4,000;65;;IT12072620011;
INTRA-EX;20262;513881387;AC-MK8-MD;87089997;IT;PT;10;EXW;11;3;;0,3;1,000;49;;IT12072620011;
INTRA-EX;20262;513881387;Z1003100;85111000;IT;PT;10;EXW;11;3;;0,1;4,000;98;;IT03656931205;
INTRA-EX;20262;513881387;SBW1178-4P-BK;87083091;IT;PT;10;EXW;11;3;;0,5;1,000;75;;IT03656931205;
INTRA-EX;20262;513881387;FMINLST180-BLA;40091100;IT;PT;10;EXW;11;3;;0,9;1,000;76;;IT03656931205;
INTRA-EX;20262;513881387;COASFST16T3;40091100;IT;PT;10;EXW;11;3;;1,7;1,000;210;;IT03656931205;
INTRA-EX;20262;513881387;Z1003100;85111000;IT;PT;10;EXW;11;3;;0,1;4,000;98;;IT12072620011;
INTRA-EX;20262;513881387;MS100192;85111000;IT;PT;10;EXW;11;3;;0,3;4,000;163;;IT12072620011;
INTRA-EX;20262;513881387;R7438-9;85111000;IT;PT;10;EXW;11;3;;0,1;4,000;138;;IT02330960994;
INTRA-EX;20262;513881387;330148R;87089235;IT;PT;10;EXW;11;3;;1;1,000;115;;IT02330960994;
INTRA-EX;20262;513881387;SES3078TIP;87089997;IT;PT;10;EXW;11;3;;0,9;1,000;101;;IT02710790060;
INTRA-EX;20262;513881387;CTS-HW-540;40091100;IT;PT;10;EXW;11;3;;2;1,000;224;;IT03656931205;
INTRA-EX;20262;513881387;MS100192;85111000;IT;PT;10;EXW;11;3;;0,3;1,000;40;;IT12072620011;
INTRA-EX;20262;513881387;SFDC082;87089235;IT;PT;10;EXW;11;3;;5,6;1,000;161;;IT03656931205;
INTRA-EX;20262;513881387;MMAI-RS-16WBK;87089910;IT;PT;10;EXW;11;3;;7,1;1,000;299;;IT03656931205;
INTRA-EX;20262;513881387;EVE-ST38Y-CF-INT;84213100;IT;PT;10;EXW;11;3;;7;1,000;1285;;IT02710790060;
INTRA-EX;20262;513881387;Z1003100;85111000;IT;PT;10;EXW;11;3;;0,1;4,000;98;;IT12072620011;
INTRA-EX;20262;513881387;MMSTB-MUS-15;87089997;IT;PT;10;EXW;11;3;;3,5;1,000;140;;IT03656931205;
INTRA-EX;20262;513881387;ATINTVAG15;87089135;IT;PT;10;EXW;11;3;;10,2;1,000;473;;IT04146110160;
INTRA-EX;20262;513881387;EVO9202;84213100;FR;PT;10;EXW;11;3;;5,6;1,000;356;;FR50817779788;
INTRA-EX;20262;513881387;DPD;;FR;PT;10;EXW;11;3;;0,1;1,000;8;;FR50817779788;
INTRA-EX;20262;513881387;SA000439;87089235;FR;PT;10;EXW;11;3;;0,1;2,000;66;;FR20915264972;
INTRA-EX;20262;513881387;DPD;;FR;PT;10;EXW;11;3;;0,1;1,000;8;;FR20915264972;
INTRA-EX;20262;513881387;UR-LA6-3012;87088055;FR;PT;10;EXW;11;3;;6,8;1,000;120;;FR35504243288;
INTRA-EX;20262;513881387;17U-00-0650-5;87089997;FR;PT;10;EXW;11;3;;0,3;1,000;351;;FR82530667591;
INTRA-EX;20262;513881387;BHR67Z;87088055;FR;PT;10;EXW;11;3;;5;1,000;152;;FR80888340023;
INTRA-EX;20262;513881387;EVE-E9X-CF-INT;84213100;FR;PT;10;EXW;11;3;;2,5;1,000;621;;FR80888340023;
INTRA-EX;20262;513881387;SILFER8C7ES;85111000;FR;PT;10;EXW;11;3;;0,1;4,000;42;;FR55881457121;
INTRA-EX;20262;513881387;EVE-G8XMV2-CF-INT;84213100;FR;PT;10;EXW;11;3;;7,7;1,000;1987;;FR43935269613;
INTRA-EX;20262;513881387;BKR8EIX;85111000;FR;PT;10;EXW;11;3;;0,1;4,000;36;;FR94827543661;
INTRA-EX;20262;513881387;ILZKAR7A10;85111000;FR;PT;10;EXW;11;3;;0,1;16,000;125;;FR43935269613;
INTRA-EX;20262;513881387;SILZKFR8F7S;85111000;FR;PT;10;EXW;11;3;;0,1;50,000;411;;FR43935269613;
INTRA-EX;20262;513881387;SILZKBR8D8S;85111000;FR;PT;10;EXW;11;3;;0,1;42,000;411;;FR43935269613;
INTRA-EX;20262;513881387;SILKGR9A7ES;85111000;FR;PT;10;EXW;11;3;;0,3;30,000;451;;FR43935269613;
INTRA-EX;20262;513881387;PFR7S8EG;85111000;FR;PT;10;EXW;11;3;;0,2;12,000;92;;FR43935269613;
INTRA-EX;20262;513881387;CTS-IT-220R;84213100;FR;PT;10;EXW;11;3;;4,5;1,000;247;;FR93514546712;
INTRA-EX;20262;513881387;WB-429;84213100;FR;PT;10;EXW;11;3;;0,3;1,000;67;;FR43935269613;
INTRA-EX;20262;513881387;SILZKBR8D8S;85111000;FR;PT;10;EXW;11;3;;0,1;20,000;196;;FR43935269613;
INTRA-EX;20262;513881387;SILZKGR8B8S;85111000;FR;PT;10;EXW;11;3;;0,1;4,000;33;;FR43935269613;
INTRA-EX;20262;513881387;SBW1162-4P-BK;87083091;FR;PT;10;EXW;11;3;;0,5;2,000;151;;FR43935269613;
INTRA-EX;20262;513881387;SBW1171-4P-BK;87083091;FR;PT;10;EXW;11;3;;0,5;1,000;75;;FR43935269613;
INTRA-EX;20262;513881387;SAU114B;87088055;FR;PT;10;EXW;11;3;;1,2;1,000;61;;FR55823261680;
INTRA-EX;20262;513881387;SILFER8C7ES;85111000;FR;PT;10;EXW;11;3;;0,1;4,000;42;;FR55881457121;
INTRA-EX;20262;513881387;06K129717A;87089235;FR;PT;10;EXW;11;3;;0,1;1,000;6;;QV999999999999;
INTRA-EX;20262;513881387;UPS.MAI;;FR;PT;10;EXW;11;3;;0,1;1,000;10;;QV999999999999;
INTRA-EX;20262;513881387;058198025A;87089997;FR;PT;10;EXW;11;3;;0,3;1,000;8;;QV999999999999;
INTRA-EX;20262;513881387;UPS.MAI;;FR;PT;10;EXW;11;3;;0,1;1,000;10;;QV999999999999;
INTRA-EX;20262;513881387;1K0253144BD;40091100;FR;PT;10;EXW;11;3;;0,2;1,000;9;;QV999999999999;
INTRA-EX;20262;513881387;UPS.MAI;;FR;PT;10;EXW;11;3;;0,1;1,000;10;;QV999999999999;
INTRA-EX;20262;513881387;52009-AK012;84213100;FR;PT;10;EXW;11;3;;0,4;1,000;19;;QV999999999999;
INTRA-EX;20262;513881387;MON.REL.MAI;;FR;PT;10;EXW;11;3;;0,1;1,000;10;;QV999999999999;
INTRA-EX;20262;513881387;VWRM026-S;90292031;FR;PT;10;EXW;11;3;;0,5;1,000;20;;QV999999999999;
INTRA-EX;20262;513881387;MON.REL.MAI;;FR;PT;10;EXW;11;3;;0,1;1,000;10;;QV999999999999;
INTRA-EX;20262;513881387;AC-200-EVAP;87089997;FR;PT;10;EXW;11;3;;0,3;1,000;20;;QV999999999999;
INTRA-EX;20262;513881387;UPS.MAI;;FR;PT;10;EXW;11;3;;0,1;1,000;10;;QV999999999999;
INTRA-EX;20262;513881387;079133074B;87089235;FR;PT;10;EXW;11;3;;0,1;2,000;22;;QV999999999999;
INTRA-EX;20262;513881387;UPS.MAI;;FR;PT;10;EXW;11;3;;0,1;1,000;10;;QV999999999999;
INTRA-EX;20262;513881387;058198025A;87089997;FR;PT;10;EXW;11;3;;0,3;1,000;8;;QV999999999999;
INTRA-EX;20262;513881387;8E0971824S-RD;84099100;FR;PT;10;EXW;11;3;;0,2;1,000;14;;QV999999999999;
INTRA-EX;20262;513881387;UPS.MAI;;FR;PT;10;EXW;11;3;;0,1;1,000;10;;QV999999999999;
INTRA-EX;20262;513881387;10.127.101TK;87089997;FR;PT;10;EXW;11;3;;0,3;1,000;23;;QV999999999999;
INTRA-EX;20262;513881387;UPS.MAI;;FR;PT;10;EXW;11;3;;0,1;1,000;10;;QV999999999999;
INTRA-EX;20262;513881387;SCEXVDM;87089235;FR;PT;10;EXW;11;3;;0,1;1,000;24;;QV999999999999;
INTRA-EX;20262;513881387;UPS.MAI;;FR;PT;10;EXW;11;3;;0,1;1,000;10;;QV999999999999;
INTRA-EX;20262;513881387;SCEXVDM;87089235;FR;PT;10;EXW;11;3;;0,1;1,000;24;;QV999999999999;
INTRA-EX;20262;513881387;UPS.MAI;;FR;PT;10;EXW;11;3;;0,1;1,000;10;;QV999999999999;
INTRA-EX;20262;513881387;AC-200-CFA;87089997;FR;PT;10;EXW;11;3;;0,1;1,000;24;;QV999999999999;
INTRA-EX;20262;513881387;MON.REL.MAI;;FR;PT;10;EXW;11;3;;0,1;1,000;10;;QV999999999999;
INTRA-EX;20262;513881387;AC-MK7-CH-BL;40091100;FR;PT;10;EXW;11;3;;0,7;1,000;48;;QV999999999999;
INTRA-EX;20262;513881387;DPD;;FR;PT;10;EXW;11;3;;0,1;1,000;6;;QV999999999999;
INTRA-EX;20262;513881387;CTS-HW-567;87089997;ES;PT;10;EXW;11;3;;4,6;1,000;172;;ES09214511K;
INTRA-EX;20262;513881387;NAC;;ES;PT;10;EXW;11;3;;0,1;1,000;8;;ES09214511K;
INTRA-EX;20262;513881387;6B1584H-STD;40091100;ES;PT;10;EXW;11;3;;0,4;1,000;143;;ESB19406420;
INTRA-EX;20262;513881387;NAC;;ES;PT;10;EXW;11;3;;0,1;1,000;8;;ESB19406420;
INTRA-EX;20262;513881387;VWR900001;85111000;ES;PT;10;EXW;11;3;;0,3;8,000;227;;ESB42954230;
INTRA-EX;20262;513881387;SFDS091D;87089235;ES;PT;10;EXW;11;3;;24,4;1,000;546;;ESB42954230;
INTRA-EX;20262;513881387;MS100247;85111000;ES;PT;10;EXW;11;3;;0,4;8,000;212;;ESB42954230;
INTRA-EX;20262;513881387;SILFER8C7ES;85111000;ES;PT;10;EXW;11;3;;0,1;40,000;420;;ESB42954230;
INTRA-EX;20262;513881387;VWR120010;40091100;ES;PT;10;EXW;11;3;;1,4;1,000;165;;ESB42954230;
INTRA-EX;20262;513881387;8E0971824S-RD;84099100;ES;PT;10;EXW;11;3;;0,2;1,000;7;;ESB42954230;
INTRA-EX;20262;513881387;VWR1200R600E;84213100;ES;PT;10;EXW;11;3;;4,9;1,000;287;;ESB42954230;
INTRA-EX;20262;513881387;VWR160001;87089997;ES;PT;10;EXW;11;3;;0,4;2,000;159;;ESB42954230;
INTRA-EX;20262;513881387;VWR12G7R600ITRED;84213100;ES;PT;10;EXW;11;3;;0,8;1,000;70;;ESB42954230;
INTRA-EX;20262;513881387;EVE-GR4-CF-INT;84213100;ES;PT;10;EXW;11;3;;4,9;1,000;975;;ESB42954230;
INTRA-EX;20262;513881387;VWR520000;87089997;ES;PT;10;EXW;11;3;;0,7;2,000;248;;ESB42954230;
INTRA-EX;20262;513881387;VWR180003;87089997;ES;PT;10;EXW;11;3;;0,1;1,000;19;;ESB42954230;
INTRA-EX;20262;513881387;10.127.100K;84132000;ES;PT;10;EXW;11;3;;0,3;1,000;227;;ES44719365M;
INTRA-EX;20262;513881387;T4100010;87089997;ES;PT;10;EXW;11;3;;12,6;1,000;1967;;ESB04886776;
INTRA-EX;20262;513881387;VWR12G6GT;84213100;ES;PT;10;EXW;11;3;;1,9;1,000;220;;ESB42954230;
INTRA-EX;20262;513881387;MS100208;85111000;ES;PT;10;EXW;11;3;;0,3;20,000;573;;ESB42954230;
INTRA-EX;20262;513881387;VWR160001;87089997;ES;PT;10;EXW;11;3;;0,4;3,000;239;;ESB42954230;
INTRA-EX;20262;513881387;VWR12G7R600ITBLA;84213100;ES;PT;10;EXW;11;3;;0,8;2,000;141;;ESB42954230;
INTRA-EX;20262;513881387;VWR12G7R600ITBLU;84213100;ES;PT;10;EXW;11;3;;0,8;2,000;141;;ESB42954230;
INTRA-EX;20262;513881387;VWR12G7R600ITINLET;87089997;ES;PT;10;EXW;11;3;;0,4;3,000;279;;ESB42954230;
INTRA-EX;20262;513881387;CTS-SIL-0070;40091100;ES;PT;10;EXW;11;3;;0,7;1,000;52;;ESB42954230;
INTRA-EX;20262;513881387;VWR1210R601EG;84213100;ES;PT;10;EXW;11;3;;5,2;1,000;469;;ESB42954230;
INTRA-EX;20262;513881387;VWR12G7R600ITRED;84213100;ES;PT;10;EXW;11;3;;0,8;1,000;70;;ESB42954230;
INTRA-EX;20262;513881387;CTS-CC-MK7GRS3;84099100;ES;PT;10;EXW;11;3;;3;1,000;434;;ESB42954230;
INTRA-EX;20262;513881387;VWR1200R601E;84213100;ES;PT;10;EXW;11;3;;4,9;1,000;314;;ESB42954230;
INTRA-EX;20262;513881387;CTS-IT-805;40091100;ES;PT;10;EXW;11;3;;2,5;1,000;164;;ES44719365M;
INTRA-EX;20262;513881387;FMDV008PA-BLA;87089997;ES;PT;10;EXW;11;3;;0,5;1,000;128;;ES44719365M;
INTRA-EX;20262;513881387;ATINTP&C4;40091100;ES;PT;10;EXW;11;3;;1,7;2,000;325;;ESB81209751;
INTRA-EX;20262;513881387;NAC;;ES;PT;10;EXW;11;3;;0,1;1,000;8;;ESB81209751;
INTRA-EX;20262;513881387;MMRAD-TINY-01;87089135;ES;PT;10;EXW;11;3;;6,8;1,000;254;;ESB86420924;
INTRA-EX;20262;513881387;SBW0271-4P-BK;87083091;ES;PT;10;EXW;11;3;;0,4;1,000;75;;ES74895191S;
INTRA-EX;20262;513881387;EVE-GR4-CFM-INT;84213100;ES;PT;10;EXW;11;3;;4,7;1,000;975;;ES33558767L;
INTRA-EX;20262;513881387;AC-MK7-CP;84099100;ES;PT;10;EXW;11;3;;0,3;4,000;71;;ES47893315R;
INTRA-EX;20262;513881387;CTS-IT-810;40091100;ES;PT;10;EXW;11;3;;2,5;1,000;164;;ESB86420924;
INTRA-EX;20262;513881387;SVWC060;87089235;ES;PT;10;EXW;11;3;;10;1,000;276;;ES44719365M;
INTRA-EX;20262;513881387;MMRAD-MAC-06;87089135;ES;PT;10;EXW;11;3;;9,1;1,000;196;;ES44719365M;
INTRA-EX;20262;513881387;MS100192;85111000;ES;PT;10;EXW;11;3;;0,3;3,000;122;;ES44719365M;
INTRA-EX;20262;513881387;216BFWAWTSM;90262020;ES;PT;10;EXW;11;3;;0,3;1,000;29;;ES18062887K;
INTRA-EX;20262;513881387;216BFWAOPSM;90269000;ES;PT;10;EXW;11;3;;0,4;2,000;68;;ES18062887K;
INTRA-EX;20262;513881387;AC-200-OSA;87089997;ES;PT;10;EXW;11;3;;0,2;1,000;27;;QV999999999999;
INTRA-EX;20262;513881387;NAC.MAI;;ES;PT;10;EXW;11;3;;0,1;1,000;6;;QV999999999999;
INTRA-EX;20262;513881387;FMSS114-BLU;84814090;ES;PT;10;EXW;11;3;;0,1;1,000;7;;QV999999999999;
INTRA-EX;20262;513881387;MON.REL.MAI;;ES;PT;10;EXW;11;3;;0,1;1,000;6;;QV999999999999;
INTRA-EX;20262;513881387;AC-VAG-ODP;70102000;ES;PT;10;EXW;11;3;;0,2;1,000;8;;QV999999999999;
INTRA-EX;20262;513881387;NAC.MAI;;ES;PT;10;EXW;11;3;;0,1;1,000;6;;QV999999999999;
INTRA-EX;20262;513881387;A1000004;87089997;ES;PT;10;EXW;11;3;;0,1;1,000;9;;QV999999999999;
INTRA-EX;20262;513881387;NAC.MAI;;ES;PT;10;EXW;11;3;;0,1;1,000;6;;QV999999999999;
INTRA-EX;20262;513881387;8E0971824S-RD;84099100;ES;PT;10;EXW;11;3;;0,2;1,000;14;;QV999999999999;
INTRA-EX;20262;513881387;NAC.MAI;;ES;PT;10;EXW;11;3;;0,1;1,000;6;;QV999999999999;
INTRA-EX;20262;513881387;FMSS114-RED;84814090;ES;PT;10;EXW;11;3;;0,1;1,000;7;;QV999999999999;
INTRA-EX;20262;513881387;FMSS114-BLU;84814090;ES;PT;10;EXW;11;3;;0,1;1,000;7;;QV999999999999;
INTRA-EX;20262;513881387;NAC.MAI;;ES;PT;10;EXW;11;3;;0,1;1,000;6;;QV999999999999;
INTRA-EX;20262;513881387;BF20500;87083091;ES;PT;10;EXW;11;3;;0,5;2,000;15;;QV999999999999;
INTRA-EX;20262;513881387;MON.REL.MAI;;ES;PT;10;EXW;11;3;;0,1;1,000;6;;QV999999999999;
INTRA-EX;20262;513881387;52009-AK012;84213100;ES;PT;10;EXW;11;3;;0,4;1,000;19;;QV999999999999;
INTRA-EX;20262;513881387;NAC.MAI;;ES;PT;10;EXW;11;3;;0,1;1,000;6;;QV999999999999;
INTRA-EX;20262;513881387;MMAF-REOIL-RD;84213100;ES;PT;10;EXW;11;3;;0,9;1,000;20;;QV999999999999;
INTRA-EX;20262;513881387;NAC.MAI;;ES;PT;10;EXW;11;3;;0,1;1,000;6;;QV999999999999;
INTRA-EX;20262;513881387;FMBH10-PERFBLUE;40093100;ES;PT;10;EXW;11;3;;0,3;1,000;31;;QV999999999999;
INTRA-EX;20262;513881387;NAC.MAI;;ES;PT;10;EXW;11;3;;0,1;1,000;6;;QV999999999999;
INTRA-EX;20262;513881387;FMBH10-RED;40093100;ES;PT;10;EXW;11;3;;0,3;1,000;31;;QV999999999999;
INTRA-EX;20262;513881387;INP;;ES;PT;10;EXW;11;3;;0,1;1,000;6;;QV999999999999;
INTRA-EX;20262;513881387;FMBSMP18T;87089997;SE;PT;10;EXW;11;3;;3,5;1,000;229;;QV999999999999;
INTRA-EX;20262;513881387;UPS.MAI;;SE;PT;10;EXW;11;3;;0,1;1,000;24;;QV999999999999;
INTRA-EX;20262;513881387;06E898001-4;85111000;SE;PT;10;EXW;11;3;;1,5;1,000;98;;QV999999999999;
INTRA-EX;20262;513881387;DPD;;SE;PT;10;EXW;11;3;;0,1;1,000;16;;QV999999999999;
INTRA-EX;20262;513881387;SVXP062;87089235;BG;PT;10;EXW;11;3;;5,7;1,000;177;;BG204171399;
INTRA-EX;20262;513881387;MMFS-E46-01K;84149000;DE;PT;10;EXW;11;3;;4,9;2,000;503;;DE259567065;
INTRA-EX;20262;513881387;52009-AK012;84213100;DE;PT;10;EXW;11;3;;0,4;6,000;80;;DE259567065;
INTRA-EX;20262;513881387;EVE-G8XMV2-CF-INT;84213100;PL;PT;10;EXW;11;3;;7,7;1,000;1987;;PL6972411863;
INTRA-EX;20262;513881387;CTS-HW-540;40091100;PL;PT;10;EXW;11;3;;2;1,000;224;;PL8141683531;
INTRA-EX;20262;513881387;CTS-IT-290R;84213100;PL;PT;10;EXW;11;3;;4;1,000;224;;PL8141683531;
INTRA-EX;20262;513881387;CI100038;40093100;PL;PT;10;EXW;11;3;;4,2;1,000;901;;PL8141683531;
INTRA-EX;20262;513881387;MS100192;85111000;PL;PT;10;EXW;11;3;;0,3;3,000;122;;PL8141683531;
INTRA-EX;20262;513881387;VWR1200R600E;84213100;PL;PT;10;EXW;11;3;;4,9;2,000;574;;PL8141683531;
INTRA-EX;20262;513881387;VWR800001;58109210;PL;PT;10;EXW;11;3;;0,1;1,000;6;;PL8141683531;
INTRA-EX;20262;513881387;PX1974;84213100;PL;PT;10;EXW;11;3;;2,5;1,000;138;;QV999999999999;
INTRA-EX;20262;513881387;MON.REL.MAI;;PL;PT;10;EXW;11;3;;0,1;1,000;6;;QV999999999999;
INTRA-EX;20262;513881387;SAU0490-4P-RD;87083091;GR;PT;10;EXW;11;3;;0,5;1,000;61;;GREL802913609;
INTRA-EX;20262;513881387;HP-180;87089235;GR;PT;10;EXW;11;3;;0,8;1,000;151;;QV999999999999;
INTRA-EX;20262;513881387;UPS.MAI;;GR;PT;10;EXW;11;3;;0,1;1,000;20;;QV999999999999;
INTRA-EX;20262;513881387;VWR31G8GT;87089997;NL;PT;10;EXW;11;3;;8,5;1,000;174;;NL866996473B01;
INTRA-EX;20262;513881387;MMFS-EVO-01;84149000;NL;PT;10;EXW;11;3;;3,4;1,000;140;;NL866860666B01;
INTRA-EX;20262;513881387;ATINTFO42;87089997;NL;PT;10;EXW;11;3;;9,6;1,000;268;;NL866860666B01;
INTRA-EX;20262;513881387;ATMSFO108;87089997;NL;PT;10;EXW;11;3;;0,2;1,000;102;;NL866860666B01;
INTRA-EX;20262;513881387;058129717D;87089235;NL;PT;10;EXW;11;3;;0,1;1,000;2;;NL866860666B01;
INTRA-EX;20262;513881387;SBMC098;87089235;NL;PT;10;EXW;11;3;;7,3;1,000;409;;NL866860666B01;
INTRA-EX;20262;513881387;FMINLH14-BLK;40093100;NL;PT;10;EXW;11;3;;0,6;1,000;72;;NL866996473B01;
INTRA-EX;20262;513881387;VWR180006;87089997;NL;PT;10;EXW;11;3;;0,1;1,000;11;;NL866996473B01;
INTRA-EX;20262;513881387;VWR180000;87089997;NL;PT;10;EXW;11;3;;0,1;1,000;9;;NL866996473B01;
INTRA-EX;20262;513881387;VWR150004;90269000;NL;PT;10;EXW;11;3;;0,4;1,000;68;;NL866996473B01;
INTRA-EX;20262;513881387;VWR90000;85111000;NL;PT;10;EXW;11;3;;0,3;4,000;122;;NL866996473B01;
INTRA-EX;20262;513881387;VWR900004;85111000;NL;PT;10;EXW;11;3;;0,3;11,000;312;;NL866996473B01;
INTRA-EX;20262;513881387;L3P3VGT7;87089997;NL;PT;10;EXW;11;3;;1;1,000;264;;NL866860666B01;
INTRA-EX;20262;513881387;PF05;90262020;NL;PT;10;EXW;11;3;;0,2;1,000;170;;NL866860666B01;
INTRA-EX;20262;513881387;U5014;84099100;NL;PT;10;EXW;11;3;;0,3;4,000;86;;NL866860666B01;
INTRA-EX;20262;513881387;CTS-HW-0199;87089997;NL;PT;10;EXW;11;3;;0,3;1,000;59;;NL866860666B01;
INTRA-EX;20262;513881387;10.127.203K;84132000;IT;PT;10;EXW;11;3;;0,3;2,000;454;;IT14481871003;
INTRA-EX;20262;513881387;SILFER8C7ES;85111000;IT;PT;10;EXW;11;3;;0,1;16,000;168;;IT14481871003;
INTRA-EX;20262;513881387;U5014;84099100;IT;PT;10;EXW;11;3;;0,3;4,000;86;;IT14481871003;
INTRA-EX;20262;513881387;CTS-F9X-M5M8-DF;87089199;IT;PT;10;EXW;11;3;;14,5;1,000;1124;;IT02710790060;
INTRA-EX;20262;513881387;T4100003;84099100;IT;PT;10;EXW;11;3;;12;1,000;1721;;IT02710790060;
INTRA-EX;20262;513881387;EVE-TRB8V8S-FLG-STK;85111000;IT;PT;10;EXW;11;3;;0,2;1,000;35;;IT17514761000;
INTRA-EX;20262;513881387;EVE-TRB8V8S-LHD-NIL;85111000;IT;PT;10;EXW;11;3;;1,7;2,000;856;;IT17514761000;
INTRA-EX;20262;513881387;Z1003100-4;85111000;IT;PT;10;EXW;11;3;;0,4;1,000;106;;QV999999999999;
INTRA-EX;20262;513881387;MS100192-4;84099100;IT;PT;10;EXW;11;3;;1,7;1,000;180;;QV999999999999;
INTRA-EX;20262;513881387;UPS.MAI;;IT;PT;10;EXW;11;3;;0,1;1,000;12;;QV999999999999;
INTRA-EX;20262;513881387;9-652-1006;84133080;IT;PT;10;EXW;11;3;;0,4;1,000;144;;QV999999999999;
INTRA-EX;20262;513881387;MMTS-TC-05L;90321020;IT;PT;10;EXW;11;3;;0,4;1,000;46;;QV999999999999;
INTRA-EX;20262;513881387;UPS.MAI;;IT;PT;10;EXW;11;3;;0,1;1,000;12;;QV999999999999;
INTRA-EX;20262;513881387;DPD;;FR;PT;10;EXW;11;3;;0,1;1,000;8;;FR38801951518;
INTRA-EX;20262;513881387;WHL00017;85111000;FR;PT;10;EXW;11;3;;11;4,000;1119;;FR38801951518;
INTRA-EX;20262;513881387;SILFER8C7ES;85111000;FR;PT;10;EXW;11;3;;0,1;5,000;52;;FR55881457121;
INTRA-EX;20262;513881387;SMNC014;87089997;FR;PT;10;EXW;11;3;;8,2;1,000;368;;FR09904392206;
INTRA-EX;20262;513881387;CTS-IT-910;40091100;FR;PT;10;EXW;11;3;;1,9;2,000;284;;FR35504243288;
INTRA-EX;20262;513881387;CTS-IGN-009;84099100;FR;PT;10;EXW;11;3;;0,3;12,000;310;;FR35504243288;
INTRA-EX;20262;513881387;SILZKBR8D8S;85111000;FR;PT;10;EXW;11;3;;0,1;24,000;235;;FR35504243288;
INTRA-EX;20262;513881387;MMIG-BMW-0206;85111000;FR;PT;10;EXW;11;3;;2;2,000;204;;FR35504243288;
INTRA-EX;20262;513881387;U5055;85111000;FR;PT;10;EXW;11;3;;0,3;1,000;18;;FR35504243288;
INTRA-EX;20262;513881387;6B1584H-STD;40091100;FR;PT;10;EXW;11;3;;0,4;2,000;214;;FR35504243288;
INTRA-EX;20262;513881387;AC-BM-ODP;87089997;FR;PT;10;EXW;11;3;;0,1;3,000;25;;FR35504243288;
INTRA-EX;20262;513881387;D650-0009;84099100;FR;PT;10;EXW;11;3;;0,3;12,000;373;;FR35504243288;
INTRA-EX;20262;513881387;SILZKGR8B8S;85111000;FR;PT;10;EXW;11;3;;0,1;18,000;152;;FR35504243288;
INTRA-EX;20262;513881387;UR-RE2-2171;87088055;FR;PT;10;EXW;11;3;;2;1,000;105;;QV999999999999;
INTRA-EX;20262;513881387;DPD.MAI;;FR;PT;10;EXW;11;3;;0,1;1,000;6;;QV999999999999;
INTRA-EX;20262;513881387;CTS-EM-MK45-6-60D;87089235;FR;PT;10;EXW;11;3;;2;1,000;107;;QV999999999999;
INTRA-EX;20262;513881387;UPS.MAI;;FR;PT;10;EXW;11;3;;0,1;1,000;6;;QV999999999999;
INTRA-EX;20262;513881387;E10-35-046-01-22;73202081;FR;PT;10;EXW;11;3;;8,2;1,000;178;;QV999999999999;
INTRA-EX;20262;513881387;DPD.MAI;;FR;PT;10;EXW;11;3;;0,1;1,000;6;;QV999999999999;
INTRA-EX;20262;513881387;CTS-IT-300R;84213100;FR;PT;10;EXW;11;3;;4,1;1,000;273;;QV999999999999;
INTRA-EX;20262;513881387;DPD.MAI;;FR;PT;10;EXW;11;3;;0,1;1,000;6;;QV999999999999;
INTRA-EX;20262;513881387;D650-0003-6;84099100;FR;PT;10;EXW;11;3;;2,4;1,000;174;;QV999999999999;
INTRA-EX;20262;513881387;UPS.MAI;;FR;PT;10;EXW;11;3;;0,1;1,000;6;;QV999999999999;
INTRA-EX;20262;513881387;BKR8EIX-4;85111000;FR;PT;10;EXW;11;3;;0,3;1,000;43;;QV999999999999;
INTRA-EX;20262;513881387;MON.REL.MAI;;FR;PT;10;EXW;11;3;;0,1;1,000;6;;QV999999999999;
INTRA-EX;20262;513881387;IZKR7B-6;85111000;FR;PT;10;EXW;11;3;;0,4;1,000;60;;QV999999999999;
INTRA-EX;20262;513881387;UPS.MAI;;FR;PT;10;EXW;11;3;;0,1;1,000;6;;QV999999999999;
INTRA-EX;20262;513881387;ILFR7H-5;85111000;FR;PT;10;EXW;11;3;;0,3;1,000;68;;QV999999999999;
INTRA-EX;20262;513881387;UPS.MAI;;FR;PT;10;EXW;11;3;;0,1;1,000;6;;QV999999999999;
INTRA-EX;20262;513881387;VWR19G708;87089997;FR;PT;10;EXW;11;3;;0,5;1,000;95;;QV999999999999;
INTRA-EX;20262;513881387;UPS.MAI;;FR;PT;10;EXW;11;3;;0,1;1,000;6;;QV999999999999;
INTRA-EX;20262;513881387;SBMP075;87089235;FR;PT;10;EXW;11;3;;10;1,000;213;;QV999999999999;
INTRA-EX;20262;513881387;EVE-N55-PF;84212300;FR;PT;10;EXW;11;3;;0,9;1,000;81;;QV999999999999;
INTRA-EX;20262;513881387;DPD.MAI;;FR;PT;10;EXW;11;3;;0,1;1,000;6;;QV999999999999;
INTRA-EX;20262;513881387;FMMD5;87089235;FR;PT;10;EXW;11;3;;0,6;1,000;103;;QV999999999999;
INTRA-EX;20262;513881387;UPS.MAI;;FR;PT;10;EXW;11;3;;0,1;1,000;6;;QV999999999999;
INTRA-EX;20262;513881387;AC-211-OT;84198998;FR;PT;10;EXW;11;3;;1,3;1,000;97;;QV999999999999;
INTRA-EX;20262;513881387;UPS.MAI;;FR;PT;10;EXW;11;3;;0,1;1,000;6;;QV999999999999;
INTRA-EX;20262;513881387;FMKT010-RED;40093100;FR;PT;10;EXW;11;3;;1,7;1,000;180;;QV999999999999;
INTRA-EX;20262;513881387;UPS.MAI;;FR;PT;10;EXW;11;3;;0,1;1,000;6;;QV999999999999;
INTRA-EX;20262;513881387;MS100204-4;84099100;FR;PT;10;EXW;11;3;;1,7;1,000;183;;QV999999999999;
INTRA-EX;20262;513881387;R7437-9-4;87089997;FR;PT;10;EXW;11;3;;0,3;1,000;171;;QV999999999999;
INTRA-EX;20262;513881387;UPS.MAI;;FR;PT;10;EXW;11;3;;0,1;1,000;6;;QV999999999999;
INTRA-EX;20262;513881387;UR-TW2-4172;87088055;FR;PT;10;EXW;11;3;;3;1,000;129;;QV999999999999;
INTRA-EX;20262;513881387;DPD.MAI;;FR;PT;10;EXW;11;3;;0,1;1,000;6;;QV999999999999;
INTRA-EX;20262;513881387;AC-RX8-FU;87088055;FR;PT;10;EXW;11;3;;3;1,000;82;;QV999999999999;
INTRA-EX;20262;513881387;DPD.MAI;;FR;PT;10;EXW;11;3;;0,1;1,000;6;;QV999999999999;
INTRA-EX;20262;513881387;U5001-4;84099100;FR;PT;10;EXW;11;3;;1,5;1,000;79;;QV999999999999;
INTRA-EX;20262;513881387;PFR7Z-TG-4;84099100;FR;PT;10;EXW;11;3;;0,3;1,000;36;;QV999999999999;
INTRA-EX;20262;513881387;UPS.MAI;;FR;PT;10;EXW;11;3;;0,1;1,000;12;;QV999999999999;
INTRA-EX;20262;513881387;10.127.203K;84132000;FR;PT;10;EXW;11;3;;0,3;1,000;314;;QV999999999999;
INTRA-EX;20262;513881387;UPS.MAI;;FR;PT;10;EXW;11;3;;0,1;1,000;6;;QV999999999999;
INTRA-EX;20262;513881387;ATMSVAG10;87089997;ES;PT;10;EXW;11;3;;2,2;1,000;170;;ES25200933V;
INTRA-EX;20262;513881387;NAC;;ES;PT;10;EXW;11;3;;0,1;1,000;8;;ES25200933V;
INTRA-EX;20262;513881387;R-OPE-005-I;84099100;ES;PT;10;EXW;11;3;;2,3;1,000;441;;ESB14469902;
INTRA-EX;20262;513881387;4B1355H-STD;40091100;ES;PT;10;EXW;11;3;;0,2;1,000;51;;ESB14469902;
INTRA-EX;20262;513881387;WKE365M795;87082910;ES;PT;10;EXW;11;3;;2;1,000;521;;ESB14469902;
INTRA-EX;20262;513881387;338286R;87089235;ES;PT;10;EXW;11;3;;1;1,000;103;;ESB14469902;
INTRA-EX;20262;513881387;5M1338H-STD;40091100;ES;PT;10;EXW;11;3;;0,4;1,000;90;;ESB14469902;
INTRA-EX;20262;513881387;NAC;;ES;PT;10;EXW;11;3;;0,1;1,000;8;;ESB14469902;
INTRA-EX;20262;513881387;D650-0009;84099100;ES;PT;10;EXW;11;3;;0,3;6,000;186;;ES44719365M;
INTRA-EX;20262;513881387;SAU0437-4P-BK;87083091;ES;PT;10;EXW;11;3;;0,5;1,000;75;;ES50902109G;
INTRA-EX;20262;513881387;S-PO/TI/19;87089235;ES;PT;10;EXW;11;3;;9,7;1,000;3004;;ESB64437577;
INTRA-EX;20262;513881387;CTS-IT-810;40091100;ES;PT;10;EXW;11;3;;2,5;1,000;164;;ES18062887K;
INTRA-EX;20262;513881387;CTS-B8S4-AWIC;84198998;ES;PT;10;EXW;11;3;;10;1,000;419;;ESB04855516;
INTRA-EX;20262;513881387;VWR13G700;84099100;ES;PT;10;EXW;11;3;;3;2,000;869;;ESB42954230;
INTRA-EX;20262;513881387;VWR810000;87089997;ES;PT;10;EXW;11;3;;0,2;2,000;37;;ESB42954230;
INTRA-EX;20262;513881387;FMDV33A-BLA;87089997;ES;PT;10;EXW;11;3;;0,7;1,000;189;;ESB42954230;
INTRA-EX;20262;513881387;VWR12G7R600ITINLET;87089997;ES;PT;10;EXW;11;3;;0,4;3,000;279;;ESB42954230;
INTRA-EX;20262;513881387;CTS-HX-006;87089135;ES;PT;10;EXW;11;3;;6;1,000;187;;ESB42954230;
INTRA-EX;20262;513881387;VWR17G7R600;40091100;ES;PT;10;EXW;11;3;;0,2;3,000;106;;ESB42954230;
INTRA-EX;20262;513881387;VWR13G700RFK;87089997;ES;PT;10;EXW;11;3;;0,5;1,000;43;;ESB42954230;
INTRA-EX;20262;513881387;VWR1200R601E;84213100;ES;PT;10;EXW;11;3;;4,9;1,000;314;;ESB42954230;
INTRA-EX;20262;513881387;FMDVMK7A-BLA;87089997;ES;PT;10;EXW;11;3;;0,6;1,000;161;;ESB42954230;
INTRA-EX;20262;513881387;FMTIA3;40091100;ES;PT;10;EXW;11;3;;0,6;1,000;122;;ESB42954230;
INTRA-EX;20262;513881387;VWR900004;85111000;ES;PT;10;EXW;11;3;;0,3;13,000;369;;ESB42954230;
INTRA-EX;20262;513881387;MS100247;85111000;ES;PT;10;EXW;11;3;;0,4;12,000;319;;ESB42954230;
INTRA-EX;20262;513881387;FMPCVD1;87089997;ES;PT;10;EXW;11;3;;0,3;1,000;75;;ESB42954230;
INTRA-EX;20262;513881387;UR-TW2-305;84099100;ES;PT;10;EXW;11;3;;2,5;3,000;277;;ESF21716261;
INTRA-EX;20262;513881387;UR-TW2-3051;87088055;ES;PT;10;EXW;11;3;;1,7;3,000;277;;ESF21716261;
INTRA-EX;20262;513881387;MMAF-4007;84213100;ES;PT;10;EXW;11;3;;0,8;1,000;35;;ESB94171030;
INTRA-EX;20262;513881387;SILZKFR8D7S;85111000;ES;PT;10;EXW;11;3;;0,2;4,000;30;;ESB94171030;
INTRA-EX;20262;513881387;AC-B58-DPHS;87089235;ES;PT;10;EXW;11;3;;3,8;1,000;173;;ESB94171030;
INTRA-EX;20262;513881387;9-654-1025;84133080;ES;PT;10;EXW;11;3;;0,8;1,000;129;;ESB04855516;
INTRA-EX;20262;513881387;AC-200-HPFP;87089997;ES;PT;10;EXW;11;3;;1;7,000;2267;;ESB04855516;
INTRA-EX;20262;513881387;VWR31G8GT;87089997;ES;PT;10;EXW;11;3;;8,5;1,000;174;;ES50902109G;
INTRA-EX;20262;513881387;VWR3130RS;87088035;ES;PT;10;EXW;11;3;;9,2;1,000;174;;ESB94171030;
INTRA-EX;20262;513881387;AC-N54-DP;87089235;ES;PT;10;EXW;11;3;;5,5;1,000;167;;ESB94171030;
INTRA-EX;20262;513881387;ATMSREN7;87089997;ES;PT;10;EXW;11;3;;0,9;1,000;135;;QV999999999999;
INTRA-EX;20262;513881387;NAC.MAI;;ES;PT;10;EXW;11;3;;0,1;1,000;6;;QV999999999999;
INTRA-EX;20262;513881387;03H971921;84099100;ES;PT;10;EXW;11;3;;0,1;1,000;23;;QV999999999999;
INTRA-EX;20262;513881387;NAC.MAI;;ES;PT;10;EXW;11;3;;0,1;1,000;6;;QV999999999999;
INTRA-EX;20262;513881387;AC-MK7-CP-5;84099100;ES;PT;10;EXW;11;3;;1,3;1,000;139;;QV999999999999;
INTRA-EX;20262;513881387;MON.REL.MAI;;ES;PT;10;EXW;11;3;;0,1;1,000;6;;QV999999999999;
INTRA-EX;20262;513881387;SBW0271-4P-BK;87083091;ES;PT;10;EXW;11;3;;0,4;1,000;83;;ESB09959933;
INTRA-EX;20262;513881387;NAC.MAI;;ES;PT;10;EXW;11;3;;0,1;1,000;6;;ESB09959933;
INTRA-EX;20262;513881387;P3PSEN;87089997;ES;PT;10;EXW;11;3;;0,1;1,000;59;;QV999999999999;
INTRA-EX;20262;513881387;P3ABS;90269000;ES;PT;10;EXW;11;3;;0,1;1,000;66;;QV999999999999;
INTRA-EX;20262;513881387;NAC;;ES;PT;10;EXW;11;3;;0,1;1,000;6;;QV999999999999;
INTRA-EX;20262;513881387;BKR7EIX-4;84099100;ES;PT;10;EXW;11;3;;0,3;1,000;40;;QV999999999999;
INTRA-EX;20262;513881387;NAC.MAI;;ES;PT;10;EXW;11;3;;0,1;1,000;6;;QV999999999999;
INTRA-EX;20262;513881387;DILKAR7B11-6;87089997;ES;PT;10;EXW;11;3;;0,4;1,000;107;;QV999999999999;
INTRA-EX;20262;513881387;MMHOSE-370Z-09RD;40091100;ES;PT;10;EXW;11;3;;1,5;1,000;56;;QV999999999999;
INTRA-EX;20262;513881387;NAC.MAI;;ES;PT;10;EXW;11;3;;0,1;1,000;6;;QV999999999999;
INTRA-EX;20262;513881387;KL060650R;87089997;ES;PT;10;EXW;11;3;;6;1,000;238;;QV999999999999;
INTRA-EX;20262;513881387;NAC.MAI;;ES;PT;10;EXW;11;3;;0,1;1,000;6;;QV999999999999;
INTRA-EX;20262;513881387;SILZKGR8B8S-6;85111000;ES;PT;10;EXW;11;3;;0,4;1,000;59;;ESB96394523;
INTRA-EX;20262;513881387;NAC;;ES;PT;10;EXW;11;3;;0,1;1,000;8;;ESB96394523;
INTRA-EX;20262;513881387;AC-B9S-DPHS;87089235;HU;PT;10;EXW;11;3;;5;1,000;257;;HU25464285;
INTRA-EX;20262;513881387;FMINDDS3-RED;84213100;HU;PT;10;EXW;11;3;;1,2;1,000;112;;HU25464285;
INTRA-EX;20262;513881387;D650-0003;84099100;HU;PT;10;EXW;11;3;;0,3;6,000;157;;HU25464285;
INTRA-EX;20262;513881387;AC-B9S-DPHS;87089235;HU;PT;10;EXW;11;3;;5;1,000;257;;HU25464285;
INTRA-EX;20262;513881387;AC-200-CFA;87089997;HU;PT;10;EXW;11;3;;0,1;2,000;32;;HU25464285;
INTRA-EX;20262;513881387;SBMC098;87089235;PL;PT;10;EXW;11;3;;7,3;1,000;409;;PL8141683531;
INTRA-EX;20262;513881387;CI100053;84213100;PL;PT;10;EXW;11;3;;4,2;2,000;572;;PL8141683531;
INTRA-EX;20262;513881387;CI100052-A;84213100;PL;PT;10;EXW;11;3;;1,7;2,000;179;;PL8141683531;
INTRA-EX;20262;513881387;AC-G8x-UDT;87089997;BE;PT;10;EXW;11;3;;4,7;1,000;179;;BE0524905503;
INTRA-EX;20262;513881387;S90-2-12-023-B-BT;87087050;BE;PT;10;EXW;11;3;;1,8;1,000;115;;BE0524905503;
INTRA-EX;20262;513881387;S90-2-15-055-B-BT;87087050;BE;PT;10;EXW;11;3;;1,8;1,000;121;;BE0524905503;
INTRA-EX;20262;513881387;DPD;;BE;PT;10;EXW;11;3;;0,1;1,000;8;;BE0524905503;
INTRA-EX;20262;513881387;EVE-P991T-INT;84213100;BE;PT;10;EXW;11;3;;4,9;1,000;1678;;BE0740963105;
INTRA-EX;20262;513881387;EVE-P991T-INT;84213100;BE;PT;10;EXW;11;3;;4,9;1,000;1678;;BE0740963105;
INTRA-EX;20262;513881387;AC-MK7-HPFP;87089997;GR;PT;10;EXW;11;3;;1,6;1,000;335;;GREL802913609;
INTRA-EX;20262;513881387;1118BLK;87089997;GR;PT;10;EXW;11;3;;0,1;1,000;22;;GREL802913609;
INTRA-EX;20262;513881387;STY0015-4P-BK;87083091;GR;PT;10;EXW;11;3;;0,5;2,000;123;;GREL802913609;
INTRA-EX;20262;513881387;SBM073B;87089997;GR;PT;10;EXW;11;3;;1,1;1,000;51;;GREL802913609;
INTRA-EX;20262;513881387;EVE-A45S-CF-INT;84213100;NL;PT;10;EXW;11;3;;3,9;1,000;999;;NL866996473B01;
INTRA-EX;20262;513881387;SP9003WB;84213100;NL;PT;10;EXW;11;3;;3,7;1,000;306;;NL866860666B01;
INTRA-EX;20262;513881387;CI100052-A;84213100;NL;PT;10;EXW;11;3;;1,7;1,000;89;;NL866860666B01;
INTRA-EX;20262;513881387;AC-VAG-ODP;70102000;NL;PT;10;EXW;11;3;;0,2;1,000;5;;NL866860666B01;
INTRA-EX;20262;513881387;52009-AK012;84213100;IT;PT;10;EXW;11;3;;0,4;7,000;94;;IT12072620011;
INTRA-EX;20262;513881387;AC-180-EM;87089997;IT;PT;10;EXW;11;3;;2,3;1,000;54;;IT03656931205;
INTRA-EX;20262;513881387;CTS-DB-MK4-60D;84099100;IT;PT;10;EXW;11;3;;1,2;1,000;29;;IT03656931205;
INTRA-EX;20262;513881387;SVWX064;87089235;IT;PT;10;EXW;11;3;;10;1,000;500;;IT02710790060;
INTRA-EX;20262;513881387;MS100192;85111000;IT;PT;10;EXW;11;3;;0,3;4,000;163;;IT08908800967;
INTRA-EX;20262;513881387;UR-RT2-329;87088055;IT;PT;10;EXW;11;3;;2,5;1,000;55;;IT12072620011;
INTRA-EX;20262;513881387;AC-MQB-IC;84198998;IT;PT;10;EXW;11;3;;16,3;1,000;281;;IT12072620011;
INTRA-EX;20262;513881387;EVE-S1-CF-INT;84213100;IT;PT;10;EXW;11;3;;3;1,000;456;;IT12072620011;
INTRA-EX;20262;513881387;315366;87082910;IT;PT;10;EXW;11;3;;1,6;1,000;427;;IT04227541200;
INTRA-EX;20262;513881387;ARMABM90M5-A;84213100;IT;PT;10;EXW;11;3;;4,2;1,000;1150;;IT04227541200;
INTRA-EX;20262;513881387;UR-FD3-947;87088055;IT;PT;10;EXW;11;3;;3;1,000;115;;IT12072620011;
INTRA-EX;20262;513881387;SBMP097;87089997;ES;PT;10;EXW;11;3;;17,4;1,000;461;;ES79063677G;
INTRA-EX;20262;513881387;D760-0069;84099100;ES;PT;10;EXW;11;3;;4,4;1,000;359;;ES79063677G;
INTRA-EX;20262;513881387;AC-B58.2-DPHS;87089235;ES;PT;10;EXW;11;3;;4,4;1,000;277;;ES79063677G;
INTRA-EX;20262;513881387;NAC.MAI;;ES;PT;10;EXW;11;3;;0,1;1,000;473;;ES79063677G;
INTRA-EX;20262;513881387;SVWC043;87089235;FR;PT;10;EXW;11;3;;8,6;1,000;283;;QV999999999999;
INTRA-EX;20262;513881387;DPD;;FR;PT;10;EXW;11;3;;0,1;1,000;8;;FR33819169954;
INTRA-EX;20262;513881387;SVWC064;87089235;FR;PT;10;EXW;11;3;;10,5;1,000;426;;FR33819169954;
INTRA-EX;20262;513881387;SILFER8C7ES;85111000;FR;PT;10;EXW;11;3;;0,1;4,000;42;;FR55881457121;
INTRA-EX;20262;513881387;SSTP011;87089235;FR;PT;10;EXW;11;3;;8;1,000;94;;FR82530667591;
INTRA-EX;20262;513881387;10.127.100K;84132000;FR;PT;10;EXW;11;3;;0,3;1,000;227;;FR82530667591;
INTRA-EX;20262;513881387;CTS-sil-noise;87089997;FR;PT;10;EXW;11;3;;0,3;3,000;67;;FR55823261680;
INTRA-EX;20262;513881387;VWR190002;87089997;FR;PT;10;EXW;11;3;;0,2;1,000;53;;FR55823261680;
INTRA-EX;20262;513881387;D180-0014;;FR;PT;10;EXW;11;3;;0,1;1,000;304;;FR09800029712;
INTRA-EX;20262;513881387;EVE-E46-INT;84213100;FR;PT;10;EXW;11;3;;3,5;1,000;696;;FR86498478304;
INTRA-EX;20262;513881387;EVE-N55-PF;84212300;FR;PT;10;EXW;11;3;;0,9;2,000;121;;FR86498478304;
INTRA-EX;20262;513881387;MS100208;85111000;ES;PT;10;EXW;11;3;;0,3;12,000;343;;ESB94171030;
INTRA-EX;20262;513881387;PICK-UP;;ES;PT;10;EXW;11;3;;0,1;1,000;0;;ESB94171030;
INTRA-EX;20262;513881387;VWR1200R601E;84213100;ES;PT;10;EXW;11;3;;4,9;1,000;314;;ES33558767L;
INTRA-EX;20262;513881387;SMNC014;87089997;ES;PT;10;EXW;11;3;;8,2;1,000;368;;ESF21716261;
INTRA-EX;20262;513881387;CTS-IT-810;40091100;ES;PT;10;EXW;11;3;;2,5;1,000;164;;ESB09771205;
INTRA-EX;20262;513881387;VWR12UPGTCOMP;84213100;ES;PT;10;EXW;11;3;;2,4;1,000;327;;ES29524079Z;
INTRA-EX;20262;513881387;EVE-F8XMV2-CF-INT;84213100;ES;PT;10;EXW;11;3;;6,2;1,000;1794;;ESB66283003;
INTRA-EX;20262;513881387;EVE-S55-CF-CHG;84212300;ES;PT;10;EXW;11;3;;1,9;1,000;592;;ESB66283003;
INTRA-EX;20262;513881387;AC-S55-IC;84198998;ES;PT;10;EXW;11;3;;7,3;1,000;299;;ESB66283003;
INTRA-EX;20262;513881387;MMOCF-BMW;87089997;ES;PT;10;EXW;11;3;;0,3;1,000;48;;ES18062887K;
INTRA-EX;20262;513881387;UR-TW2-1269;87088055;ES;PT;10;EXW;11;3;;3,1;1,000;68;;ES18062887K;
INTRA-EX;20262;513881387;MS100208;85111000;ES;PT;10;EXW;11;3;;0,3;4,000;114;;ES44719365M;
INTRA-EX;20262;513881387;MMRAD-EVO-01;87089135;ES;PT;10;EXW;11;3;;7,8;1,000;208;;ESB66283003;
INTRA-EX;20262;513881387;BWF22Z;87088055;ES;PT;10;EXW;11;3;;6,7;1,000;176;;ESB66283003;
INTRA-EX;20262;513881387;BWR25XZ;87088055;ES;PT;10;EXW;11;3;;5;1,000;176;;ESB66283003;
INTRA-EX;20262;513881387;MMHOSE-SUB-IHBL;40093100;ES;PT;10;EXW;11;3;;1,3;1,000;152;;ESB66283003;
INTRA-EX;20262;513881387;JE-338096;87082910;ES;PT;10;EXW;11;3;;3,8;1,000;640;;ESB19406420;
INTRA-EX;20262;513881387;CI100054;40091100;ES;PT;10;EXW;11;3;;4,3;1,000;224;;ES38873546G;
INTRA-EX;20262;513881387;216BFWAWTSM;90262020;ES;PT;10;EXW;11;3;;0,3;1,000;29;;ES38873546G;
INTRA-EX;20262;513881387;216BFWGBOSM;90262020;ES;PT;10;EXW;11;3;;0,3;2,000;43;;ES38873546G;
INTRA-EX;20262;513881387;BNF42Z;87088055;ES;PT;10;EXW;11;3;;8;1,000;136;;ESB86420924;
INTRA-EX;20262;513881387;FMINT24;87089199;ES;PT;10;EXW;11;3;;20;1,000;602;;ESB04886776;
INTRA-EX;20262;513881387;ILFR7H;85111000;ES;PT;10;EXW;11;3;;0,2;8,000;91;;ES72815006L;
INTRA-EX;20262;513881387;PFR7B;85111000;ES;PT;10;EXW;11;3;;0,2;8,000;80;;ES72815006L;
INTRA-EX;20262;513881387;KCA361;87089997;ES;PT;10;EXW;11;3;;1,4;1,000;119;;ES72815006L;
INTRA-EX;20262;513881387;VWR900001;85111000;ES;PT;10;EXW;11;3;;0,3;4,000;113;;ESB70870076;
INTRA-EX;20262;513881387;CTS-IT-166;84213100;LU;PT;10;EXW;11;3;;3;1,000;232;;LU25864107;
INTRA-EX;20262;513881387;DPD;;LU;PT;10;EXW;11;3;;0,1;1,000;8;;LU25864107;
