FLUXO;PERIODO;NIF;REF;NC;PAIS;PORIGEM;REGIAO;CODENT;NATTRA;MODTRA;AERPOR;MASSA;UNSUP;VALFAC;"VAL ESTAT";ADQNIF;ERRO
INTRA-EX;202504;513881387;UR-LA4-1233;87088055;AT;PT;10;EXW;11;3;;2,5;1;116;;QV999999999999;
INTRA-EX;202504;513881387;ATMSHYU17;87089997;DK;PT;10;EXW;11;3;;1,5;1;113;;QV999999999999;
INTRA-EX;202504;513881387;FMMD7;87089235;DK;PT;10;EXW;11;3;;0,6;1;86;;QV999999999999;
INTRA-EX;202504;513881387;R17-10-2;40091100;CY;PT;10;EXW;11;3;;0,1;1;84;;QV999999999999;
INTRA-EX;202504;513881387;SILZKGR8C8S-6;84099100;CY;PT;10;EXW;11;3;;0,4;1;101;;QV999999999999;
INTRA-EX;202504;513881387;FMRLH-RED;40093100;RO;PT;10;EXW;11;3;;0,7;1;63;;QV999999999999;
INTRA-EX;202504;513881387;CTS-HW-031;87089235;RO;PT;10;EXW;11;3;;0,1;1;100;;QV999999999999;
INTRA-EX;202504;513881387;AC-200-HS;87089997;SE;PT;10;EXW;11;3;;0,5;1;21;;QV999999999999;
INTRA-EX;202504;513881387;1K0121407A;87089997;SE;PT;10;EXW;11;3;;0,8;1;9;;QV999999999999;
INTRA-EX;202504;513881387;8D0121403M;84099100;FI;PT;10;EXW;11;3;;0,9;1;21;;FI32656805;
INTRA-EX;202504;513881387;034-101-3066;40091100;FI;PT;10;EXW;11;3;;0,2;1;21;;FI32656805;
INTRA-EX;202504;513881387;CTS-DB-MK4-60D;84099100;SI;PT;10;EXW;11;3;;1,2;1;45;;QV999999999999;
INTRA-EX;202504;513881387;W53188;87088055;SI;PT;10;EXW;11;3;;0,6;1;41;;QV999999999999;
INTRA-EX;202504;513881387;SBMC074;87089235;LU;PT;10;EXW;11;3;;5;1;336;;LU28446117;
INTRA-EX;202504;513881387;VWR190003;87089997;DE;PT;10;EXW;11;3;;0,4;1;95;;QV999999999999;
INTRA-EX;202504;513881387;MMSD-G80-21WBK;87089135;PL;PT;10;EXW;11;3;;4,8;1;352;;QV999999999999;
INTRA-EX;202504;513881387;S90-2-15-055-B-BT;87087050;BE;PT;10;EXW;11;3;;1,8;1;121;;BE0763504123;
INTRA-EX;202504;513881387;S90-2-12-023-B-BT;87087050;BE;PT;10;EXW;11;3;;1,8;1;116;;BE0763504123;
INTRA-EX;202504;513881387;VWR640012;87089997;BE;PT;10;EXW;11;3;;2,2;2;174;;BE0763504123;
INTRA-EX;202504;513881387;JSK-145-70-BK;84213100;BE;PT;10;EXW;11;3;;2,5;1;205;;QV999999999999;
INTRA-EX;202504;513881387;S90-4-20-013;87087050;BE;PT;10;EXW;11;3;;2,1;2;193;;QV999999999999;
INTRA-EX;202504;513881387;FMSCPS53TIK;87089997;BE;PT;10;EXW;11;3;;1,8;1;170;;QV999999999999;
INTRA-EX;202504;513881387;BWR24Z;87088055;GR;PT;10;EXW;11;3;;3,6;1;136;;GREL156587530;
INTRA-EX;202504;513881387;CTS-HW-0151;84099100;GR;PT;10;EXW;11;3;;1;1;145;;QV999999999999;
INTRA-EX;202504;513881387;AC-R56-TB;87089997;GR;PT;10;EXW;11;3;;0,4;3;174;;QV999999999999;
INTRA-EX;202504;513881387;MMRAD-FIST-14K;87089135;IT;PT;10;EXW;11;3;;10,1;1;497;;IT02928270616;
INTRA-EX;202504;513881387;MMTS-FIST-14;87089997;IT;PT;10;EXW;11;3;;0,1;1;46;;QV999999999999;
INTRA-EX;202504;513881387;WHT005184;40091100;NL;PT;10;EXW;11;3;;0,1;1;4;;NL866860666B01;
INTRA-EX;202504;513881387;S-TY/T/3;87089235;IT;PT;10;EXW;11;3;;13;2;4275;;IT03813391202;
INTRA-EX;202504;513881387;E-TY/SS/4;87089235;IT;PT;10;EXW;11;3;;8,7;2;814;;IT03813391202;
INTRA-EX;202504;513881387;KTA255;87089997;NL;PT;10;EXW;11;3;;7,8;1;256;;NL866860666B01;
INTRA-EX;202504;513881387;MS100192;85111000;IT;PT;10;EXW;11;3;;0,3;13;485;;IT14481871003;
INTRA-EX;202504;513881387;Z1003100;85111000;IT;PT;10;EXW;11;3;;0,1;9;224;;IT14481871003;
INTRA-EX;202504;513881387;U5014;84099100;IT;PT;10;EXW;11;3;;0,3;9;192;;IT14481871003;
INTRA-EX;202504;513881387;R7437-9-4;87089997;NL;PT;10;EXW;11;3;;0,3;1;165;;QV999999999999;
INTRA-EX;202504;513881387;24996-AK031;84213100;IT;PT;10;EXW;11;3;;0,3;1;98;;QV999999999999;
INTRA-EX;202504;513881387;MMOFC-HN-BK;87089997;IT;PT;10;EXW;11;3;;0,2;1;38;;QV999999999999;
INTRA-EX;202504;513881387;CTS-IT-500;40091100;IT;PT;10;EXW;11;3;;1,6;1;147;;QV999999999999;
INTRA-EX;202504;513881387;AC-VAG-CC;87089997;ES;PT;10;EXW;11;3;;0,3;1;37;;ES78593004Q;
INTRA-EX;202504;513881387;AC-VAG-BC;87089997;ES;PT;10;EXW;11;3;;0,2;1;22;;ES78593004Q;
INTRA-EX;202504;513881387;RBF600;27101999;ES;PT;10;EXW;11;3;;0,6;2;19;;QV999999999999;
INTRA-EX;202504;513881387;UR-RU4-2987;87088055;ES;PT;10;EXW;11;3;;3,3;1;159;;QV999999999999;
INTRA-EX;202504;513881387;JSK-101-DD;84213100;ES;PT;10;EXW;11;3;;4,4;1;247;;QV999999999999;
INTRA-EX;202504;513881387;E10-20-031-09-22;73202081;ES;PT;10;EXW;11;3;;9,2;1;206;;QV999999999999;
INTRA-EX;202504;513881387;UR-RE2-1821;87088055;ES;PT;10;EXW;11;3;;2,2;1;117;;QV999999999999;
INTRA-EX;202504;513881387;VWR670007;87089997;ES;PT;10;EXW;11;3;;1,1;1;84;;QV999999999999;
INTRA-EX;202504;513881387;VWR810000;87089997;ES;PT;10;EXW;11;3;;0,2;1;28;;QV999999999999;
INTRA-EX;202504;513881387;SCEXVDM;87089235;ES;PT;10;EXW;11;3;;0,1;1;22;;QV999999999999;
INTRA-EX;202504;513881387;ES-1350565;87089997;ES;PT;10;EXW;11;3;;0,9;1;68;;QV999999999999;
INTRA-EX;202504;513881387;ES-1311525;87089997;ES;PT;10;EXW;11;3;;2,2;1;99;;QV999999999999;
INTRA-EX;202504;513881387;SVW0607-4P-BK;87083091;ES;PT;10;EXW;11;3;;0,5;1;78;;QV999999999999;
INTRA-EX;202504;513881387;BF410LV;87089997;ES;PT;10;EXW;11;3;;1,3;1;12;;QV999999999999;
INTRA-EX;202504;513881387;50-1200;87089997;ES;PT;10;EXW;11;3;;0,5;1;105;;QV999999999999;
INTRA-EX;202504;513881387;BNR30Z;87088055;ES;PT;10;EXW;11;3;;3,9;1;182;;QV999999999999;
INTRA-EX;202504;513881387;BNF33Z;87088055;ES;PT;10;EXW;11;3;;9,2;1;201;;QV999999999999;
INTRA-EX;202504;513881387;03K906051;90269000;ES;PT;10;EXW;11;3;;0,1;1;19;;QV999999999999;
INTRA-EX;202504;513881387;CTS-DP-IK1;87089997;ES;PT;10;EXW;11;3;;0,3;1;13;;QV999999999999;
INTRA-EX;202504;513881387;216BFWAOTSM;90269000;ES;PT;10;EXW;11;3;;0,3;1;29;;ES28841101K;
INTRA-EX;202504;513881387;216BFWAWTSM;90262020;ES;PT;10;EXW;11;3;;0,3;1;29;;ES28841101K;
INTRA-EX;202504;513881387;VWR630001;87141030;ES;PT;10;EXW;11;3;;1,9;2;229;;ESB42954230;
INTRA-EX;202504;513881387;SFDC071;87089997;ES;PT;10;EXW;11;3;;5,5;1;231;;ESB42954230;
INTRA-EX;202504;513881387;VWR1200R601E;84213100;ES;PT;10;EXW;11;3;;4,9;1;338;;ESB42954230;
INTRA-EX;202504;513881387;VWR180004;87089997;ES;PT;10;EXW;11;3;;0,1;4;107;;ESB42954230;
INTRA-EX;202504;513881387;D650-0004;84099100;ES;PT;10;EXW;11;3;;0,3;1;23;;ESB42954230;
INTRA-EX;202504;513881387;VWR900002;85111000;ES;PT;10;EXW;11;3;;0,3;8;244;;ESB42954230;
INTRA-EX;202504;513881387;VWR900004;85111000;ES;PT;10;EXW;11;3;;0,3;6;196;;ESB42954230;
INTRA-EX;202504;513881387;VWR180002;87089997;ES;PT;10;EXW;11;3;;0,1;1;21;;ESB42954230;
INTRA-EX;202504;513881387;06L253039C;87089997;ES;PT;10;EXW;11;3;;0,1;5;26;;ES48924146H;
INTRA-EX;202504;513881387;SME0455-4P-BK;87083091;ES;PT;10;EXW;11;3;;0,5;1;51;;ES48924146H;
INTRA-EX;202504;513881387;VWR13G500;84099100;ES;PT;10;EXW;11;3;;2;1;332;;ES48924146H;
INTRA-EX;202504;513881387;AC-MK5-FU-RD;87088055;ES;PT;10;EXW;11;3;;4,4;1;59;;ESB42771618;
INTRA-EX;202504;513881387;PF05;90262020;ES;PT;10;EXW;11;3;;0,2;1;170;;ESB42771618;
INTRA-EX;202504;513881387;D650-0003;84099100;ES;PT;10;EXW;11;3;;0,3;12;278;;ESB42771618;
INTRA-EX;202504;513881387;SRNC022;87089235;ES;PT;10;EXW;11;3;;3,2;1;135;;ESB42771618;
INTRA-EX;202504;513881387;SVWCS045;87089235;ES;PT;10;EXW;11;3;;9,2;1;254;;ESB42771618;
INTRA-EX;202504;513881387;9-654-1025;84133080;ES;PT;10;EXW;11;3;;0,8;1;129;;ESB42771618;
INTRA-EX;202504;513881387;SILFER8C7ES;85111000;ES;PT;10;EXW;11;3;;0,1;8;76;;ESB42771618;
INTRA-EX;202504;513881387;AC-B58-INLET;40091100;ES;PT;10;EXW;11;3;;0,6;1;71;;ESB42771618;
INTRA-EX;202504;513881387;MMBCC-MUS4-15PBE;84099100;ES;PT;10;EXW;11;3;;3;1;143;;QV999999999999;
INTRA-EX;202504;513881387;BKR7EIX-4;84099100;ES;PT;10;EXW;11;3;;0,3;1;40;;QV999999999999;
INTRA-EX;202504;513881387;AC-RX8-FU;87088055;ES;PT;10;EXW;11;3;;3;1;81;;QV999999999999;
INTRA-EX;202504;513881387;PPF-9786;84213100;ES;PT;10;EXW;11;3;;0,5;1;34;;QV999999999999;
INTRA-EX;202504;513881387;ATMSFT1;87089997;ES;PT;10;EXW;11;3;;4;1;340;;QV999999999999;
INTRA-EX;202504;513881387;11002BK;87089997;ES;PT;10;EXW;11;3;;0,7;1;24;;QV999999999999;
INTRA-EX;202504;513881387;06J103600AFKIT;84099100;ES;PT;10;EXW;11;3;;2,5;1;49;;QV999999999999;
INTRA-EX;202504;513881387;KLC167A;87088055;ES;PT;10;EXW;11;3;;1,4;1;120;;QV999999999999;
INTRA-EX;202504;513881387;BWF19XZ;87088055;ES;PT;10;EXW;11;3;;5,5;1;191;;QV999999999999;
INTRA-EX;202504;513881387;SBW1162-4P-BK;87083091;ES;PT;10;EXW;11;3;;0,5;1;83;;QV999999999999;
INTRA-EX;202504;513881387;CTS-HW-266-187;87089997;FR;PT;10;EXW;11;3;;3,4;1;322;;QV999999999999;
INTRA-EX;202504;513881387;MMAI-FOST-13WBK;84213100;FR;PT;10;EXW;11;3;;6,9;1;324;;QV999999999999;
INTRA-EX;202504;513881387;MMAF-REOIL-RD;84213100;FR;PT;10;EXW;11;3;;0,9;1;16;;QV999999999999;
INTRA-EX;202504;513881387;DBA2500S-2;87089997;FR;PT;10;EXW;11;3;;15;1;189;;QV999999999999;
INTRA-EX;202504;513881387;AC-WS-BM-10;87088099;FR;PT;10;EXW;11;3;;2,4;2;68;;QV999999999999;
INTRA-EX;202504;513881387;AC-BM-ODP;87089997;FR;PT;10;EXW;11;3;;0,1;1;12;;QV999999999999;
INTRA-EX;202504;513881387;U3P3AS1X;87089997;FR;PT;10;EXW;11;3;;0,2;1;331;;QV999999999999;
INTRA-EX;202504;513881387;AC-200-CP-4;84099100;FR;PT;10;EXW;11;3;;1;1;82;;QV999999999999;
INTRA-EX;202504;513881387;BKR8EIX-4;85111000;FR;PT;10;EXW;11;3;;0,3;1;41;;QV999999999999;
INTRA-EX;202504;513881387;8E0971824S-BL;84099100;FR;PT;10;EXW;11;3;;0,2;1;18;;QV999999999999;
INTRA-EX;202504;513881387;SH-4-BL;40093100;FR;PT;10;EXW;11;3;;0,2;4;13;;QV999999999999;
INTRA-EX;202504;513881387;MS100244-6;85111000;FR;PT;10;EXW;11;3;;2;1;205;;QV999999999999;
INTRA-EX;202504;513881387;IZKR7B-6;85111000;FR;PT;10;EXW;11;3;;0,4;1;58;;QV999999999999;
INTRA-EX;202504;513881387;BWF20XZ;87089997;FR;PT;10;EXW;11;3;;6;1;182;;QV999999999999;
INTRA-EX;202504;513881387;613182.654150;87089997;FR;PT;10;EXW;11;3;;0,5;1;62;;QV999999999999;
INTRA-EX;202504;513881387;75W140;27101999;FR;PT;10;EXW;11;3;;1;3;54;;QV999999999999;
INTRA-EX;202504;513881387;ATINTP&C4-RD;40091100;FR;PT;10;EXW;11;3;;1,7;1;147;;QV999999999999;
INTRA-EX;202504;513881387;AC-200-QS;87089997;FR;PT;10;EXW;11;3;;0,5;1;74;;QV999999999999;
INTRA-EX;202504;513881387;52006-AK003;84213100;FR;PT;10;EXW;11;3;;1;1;14;;QV999999999999;
INTRA-EX;202504;513881387;Z1003101-4;85111000;FR;PT;10;EXW;11;3;;0,4;1;80;;QV999999999999;
INTRA-EX;202504;513881387;06E898001-6;85111000;FR;PT;10;EXW;11;3;;2,1;1;157;;QV999999999999;
INTRA-EX;202504;513881387;PFR8S8EG-6;87089997;FR;PT;10;EXW;11;3;;0,4;1;68;;QV999999999999;
INTRA-EX;202504;513881387;7M1397H-STD;40091100;FR;PT;10;EXW;11;3;;0,7;2;322;;FR58833197973;
INTRA-EX;202504;513881387;6B1584H-STD;40091100;FR;PT;10;EXW;11;3;;0,4;2;269;;FR58833197973;
INTRA-EX;202504;513881387;BKR8EIX-4;85111000;FR;PT;10;EXW;11;3;;0,3;1;41;;QV999999999999;
INTRA-EX;202504;513881387;CTS-IT-105R;84213100;FR;PT;10;EXW;11;3;;4,6;1;256;;FR18518831177;
INTRA-EX;202504;513881387;MMHOSE-BRZ-13IBL;40091100;FR;PT;10;EXW;11;3;;1,3;1;98;;QV999999999999;
INTRA-EX;202504;513881387;06E898001-4;85111000;FR;PT;10;EXW;11;3;;1,5;1;104;;FR20834056475;
INTRA-EX;202504;513881387;SVWS061;87089235;FR;PT;10;EXW;11;3;;18,2;1;454;;FR79889743548;
INTRA-EX;202504;513881387;WHT005184;40091100;FR;PT;10;EXW;11;3;;0,1;1;8;;QV999999999999;
INTRA-EX;202504;513881387;PP1949;84213100;FR;PT;10;EXW;11;3;;0,7;1;38;;QV999999999999;
INTRA-EX;202504;513881387;AC-MK7-FPT;84133080;FR;PT;10;EXW;11;3;;0,1;1;10;;QV999999999999;
INTRA-EX;202504;513881387;10.127.203K;84132000;FR;PT;10;EXW;11;3;;0,3;1;314;;QV999999999999;
INTRA-EX;202504;513881387;WHT005185;84133080;FR;PT;10;EXW;11;3;;0,1;1;8;;QV999999999999;
INTRA-EX;202504;513881387;FMTIA11-PERFBLUE;87089997;FR;PT;10;EXW;11;3;;2,1;1;212;;QV999999999999;
INTRA-EX;202504;513881387;C9000;87089997;FR;PT;10;EXW;11;3;;1;1;12;;QV999999999999;
INTRA-EX;202504;513881387;BKR7EIX-4;84099100;FR;PT;10;EXW;11;3;;0,3;1;40;;QV999999999999;
INTRA-EX;202504;513881387;MS100112;87089997;FR;PT;10;EXW;11;3;;0,3;1;40;;QV999999999999;
INTRA-EX;202504;513881387;MS100251;84099100;FR;PT;10;EXW;11;3;;0,2;1;200;;QV999999999999;
INTRA-EX;202504;513881387;R7437-9-5;85111000;FR;PT;10;EXW;11;3;;0,3;1;208;;QV999999999999;
INTRA-EX;202504;513881387;FM225SH-BLA;40091100;FR;PT;10;EXW;11;3;;0,1;1;29;;QV999999999999;
INTRA-EX;202504;513881387;AC-180-CAN;40093100;FR;PT;10;EXW;11;3;;0,4;1;16;;QV999999999999;
INTRA-EX;202504;513881387;COASFST16T3;40091100;FR;PT;10;EXW;11;3;;1,7;1;245;;QV999999999999;
INTRA-EX;202504;513881387;AC-FIST7-QS;87089997;FR;PT;10;EXW;11;3;;0,3;1;37;;QV999999999999;
INTRA-EX;202504;513881387;R7437-9-5;85111000;FR;PT;10;EXW;11;3;;0,3;1;208;;QV999999999999;
INTRA-EX;202504;513881387;CTS-HW-0242;70102000;FR;PT;10;EXW;11;3;;0,5;1;62;;QV999999999999;
INTRA-EX;202504;513881387;AC-200-CFA-KIT;87089997;FR;PT;10;EXW;11;3;;0,1;1;32;;QV999999999999;
INTRA-EX;202504;513881387;BKR8EIX-4;85111000;FR;PT;10;EXW;11;3;;0,3;1;41;;QV999999999999;
INTRA-EX;202504;513881387;50-1200;87089997;FR;PT;10;EXW;11;3;;0,5;1;106;;QV999999999999;
INTRA-EX;202504;513881387;CTS-IT-105R;84213100;FR;PT;10;EXW;11;3;;4,6;1;256;;QV999999999999;
INTRA-EX;202504;513881387;U5001-4;84099100;FR;PT;10;EXW;11;3;;1,5;1;79;;QV999999999999;
INTRA-EX;202504;513881387;CTS-IGN-008;84099100;FR;PT;10;EXW;11;3;;0,3;20;701;;FR35504243288;
INTRA-EX;202504;513881387;6B1584H-STD;40091100;FR;PT;10;EXW;11;3;;0,4;1;134;;FR35504243288;
INTRA-EX;202504;513881387;R7437-9-4;87089997;FR;PT;10;EXW;11;3;;0,3;1;166;;FR09800029712;
INTRA-EX;202504;513881387;MMAI-MUS8-15BL;84213100;FR;PT;10;EXW;11;3;;6,5;1;297;;QV999999999999;
INTRA-EX;202504;513881387;SSE0432-4P-RD;87083091;FR;PT;10;EXW;11;3;;0,5;1;77;;QV999999999999;
INTRA-EX;202504;513881387;AC-200-SF;87088055;FR;PT;10;EXW;11;3;;4;1;127;;QV999999999999;
INTRA-EX;202504;513881387;BMF57Z;87088055;FR;PT;10;EXW;11;3;;6,9;1;193;;QV999999999999;
INTRA-EX;202504;513881387;E10-20-035-01-22;87088035;FR;PT;10;EXW;11;3;;11,2;1;217;;QV999999999999;
INTRA-EX;202504;513881387;FMIHF500-BLA;40093100;FR;PT;10;EXW;11;3;;0,7;1;136;;QV999999999999;
INTRA-EX;202504;513881387;FMTUBL16;70102000;FR;PT;10;EXW;11;3;;0,6;1;106;;QV999999999999;
INTRA-EX;202504;513881387;AC-500-CH-BK;40093100;FR;PT;10;EXW;11;3;;1,2;1;91;;QV999999999999;
INTRA-EX;202504;513881387;SBMC067;87089235;FR;PT;10;EXW;11;3;;2,3;1;240;;QV999999999999;
INTRA-EX;202504;513881387;SVA1300-6P-RD;87083091;IE;PT;10;EXW;11;3;;0,7;1;129;;QV999999999999;
INTRA-EX;202504;513881387;FMMKV1-RD;;HR;PT;10;EXW;11;3;;0,1;1;31;;QV999999999999;
INTRA-EX;202504;513881387;FMMD1;87089997;HR;PT;10;EXW;11;3;;0,7;1;117;;QV999999999999;
INTRA-EX;202504;513881387;TFSI3xx-BK;48211010;HR;PT;10;EXW;11;3;;0,1;1;3;;QV999999999999;
INTRA-EX;202504;513881387;ASMSHIRTM-Z;61091000;HR;PT;10;EXW;11;3;;1;1;12;;QV999999999999;
INTRA-EX;202504;513881387;NurbStick-W-BK;39199080;HR;PT;10;EXW;11;3;;0,1;1;2;;QV999999999999;
INTRA-EX;202504;513881387;VWR800002;58109210;HR;PT;10;EXW;11;3;;0,1;1;9;;QV999999999999;
INTRA-EX;202504;513881387;D650-0010-6;84099100;FI;PT;10;EXW;11;3;;2,4;2;374;;FI24326363;
INTRA-EX;202504;513881387;FMSCPS53T;87089997;FI;PT;10;EXW;11;3;;0,7;1;185;;FI24326363;
INTRA-EX;202504;513881387;FMDVF500A-SILVER;84818040;HU;PT;10;EXW;11;3;;0,9;1;211;;QV999999999999;
INTRA-EX;202504;513881387;D650-0009-6;84099100;LU;PT;10;EXW;11;3;;2,4;1;192;;QV999999999999;
INTRA-EX;202504;513881387;MMFS-RX8-04;84149000;DE;PT;10;EXW;11;3;;5,1;1;139;;DE359821210;
INTRA-EX;202504;513881387;MMRAD-RX8-04;87089135;DE;PT;10;EXW;11;3;;7;1;182;;DE359821210;
INTRA-EX;202504;513881387;MMOC-BRZ-13T;87089135;DE;PT;10;EXW;11;3;;5,4;1;420;;DE359821210;
INTRA-EX;202504;513881387;MMBCC-BRZ-13PBE;84099100;DE;PT;10;EXW;11;3;;1,4;1;126;;DE359821210;
INTRA-EX;202504;513881387;PF04;85444290;DE;PT;10;EXW;11;3;;0,2;1;207;;QV999999999999;
INTRA-EX;202504;513881387;SBM090CF;87089235;PL;PT;10;EXW;11;3;;30;1;1496;;PL6972395288;
INTRA-EX;202504;513881387;AC-27-TI;84198998;PL;PT;10;EXW;11;3;;3;1;99;;PL8141683531;
INTRA-EX;202504;513881387;MS100192;85111000;PL;PT;10;EXW;11;3;;0,3;16;597;;PL8141683531;
INTRA-EX;202504;513881387;FMINLD1;84213100;PL;PT;10;EXW;11;3;;1,3;1;378;;PL5252539238;
INTRA-EX;202504;513881387;FMINDK43;84213100;PL;PT;10;EXW;11;3;;3,1;1;417;;PL5252539238;
INTRA-EX;202504;513881387;06J103600AFKIT;84099100;PL;PT;10;EXW;11;3;;2,5;1;48;;QV999999999999;
INTRA-EX;202504;513881387;VWR180000;87089997;PL;PT;10;EXW;11;3;;0,1;1;14;;QV999999999999;
INTRA-EX;202504;513881387;06L115466C;84213100;PL;PT;10;EXW;11;3;;0,2;4;22;;QV999999999999;
INTRA-EX;202504;513881387;SBMP086;87089235;BE;PT;10;EXW;11;3;;11,8;1;262;;BE0670639687;
INTRA-EX;202504;513881387;CTS-EXH-TP-0008;87089235;BE;PT;10;EXW;11;3;;4;1;112;;BE0670639687;
INTRA-EX;202504;513881387;MS100219-8;85111000;BE;PT;10;EXW;11;3;;3,4;1;401;;BE0753629325;
INTRA-EX;202504;513881387;R28-10-2;40091100;GR;PT;10;EXW;11;3;;1;1;80;;QV999999999999;
INTRA-EX;202504;513881387;VWR31G5GT;87088035;NL;PT;10;EXW;11;3;;11;1;174;;NL866996473B01;
INTRA-EX;202504;513881387;10.127.113K;84133080;NL;PT;10;EXW;11;3;;0,3;1;253;;NL866996473B01;
INTRA-EX;202504;513881387;D650-0009;84099100;NL;PT;10;EXW;11;3;;0,3;1;25;;NL866996473B01;
INTRA-EX;202504;513881387;VWR160001;87089997;NL;PT;10;EXW;11;3;;0,4;1;86;;NL866996473B01;
INTRA-EX;202504;513881387;VWR120010;40091100;NL;PT;10;EXW;11;3;;1,4;1;178;;NL866996473B01;
INTRA-EX;202504;513881387;VWR180004;87089997;NL;PT;10;EXW;11;3;;0,1;1;26;;NL866996473B01;
INTRA-EX;202504;513881387;VWR12UPITINLET;84213100;NL;PT;10;EXW;11;3;;0,4;1;78;;NL866996473B01;
INTRA-EX;202504;513881387;MS100204;85111000;NL;PT;10;EXW;11;3;;0,3;5;186;;NL866996473B01;
INTRA-EX;202504;513881387;MS100247;85111000;NL;PT;10;EXW;11;3;;0,4;4;149;;NL866996473B01;
INTRA-EX;202504;513881387;CTS-IGN-009;84099100;NL;PT;10;EXW;11;3;;0,3;20;517;;NL866996473B01;
INTRA-EX;202504;513881387;SILZKFR8D7S;85111000;NL;PT;10;EXW;11;3;;0,2;6;45;;NL866996473B01;
INTRA-EX;202504;513881387;ILZTR6A8G;85111000;NL;PT;10;EXW;11;3;;0,1;4;28;;NL866996473B01;
INTRA-EX;202504;513881387;CTS-AF-275;84213100;NL;PT;10;EXW;11;3;;0,5;1;37;;NL866996473B01;
INTRA-EX;202504;513881387;SAUP087;87089997;IT;PT;10;EXW;11;3;;12,4;1;218;;IT02710790060;
INTRA-EX;202504;513881387;CTS-MM-TAI-3;87089235;NL;PT;10;EXW;11;3;;0,5;1;39;;QV999999999999;
INTRA-EX;202504;513881387;MMRAD-E90-07A;87089135;IT;PT;10;EXW;11;3;;6,4;1;396;;IT02710790060;
INTRA-EX;202504;513881387;JE-315367;;IT;PT;10;EXW;11;3;;0,1;1;714;;IT02643740026;
INTRA-EX;202504;513881387;AC-MQB-IC;84198998;ES;PT;10;EXW;11;3;;16,3;2;635;;ESB04855516;
INTRA-EX;202504;513881387;9-654-1025;84133080;ES;PT;10;EXW;11;3;;0,8;1;129;;ES18062887K;
INTRA-EX;202504;513881387;216BFWAOPSM;90269000;ES;PT;10;EXW;11;3;;0,4;3;103;;ES18062887K;
INTRA-EX;202504;513881387;UR-TW2-1362;87088055;ES;PT;10;EXW;11;3;;3;1;79;;ES18062887K;
INTRA-EX;202504;513881387;FMDV23A-BLA;87089997;ES;PT;10;EXW;11;3;;0,6;1;200;;ES43179343V;
INTRA-EX;202504;513881387;AMS.04.08.0002-1;87089235;ES;PT;10;EXW;11;3;;3;1;330;;QV999999999999;
INTRA-EX;202504;513881387;22S-00-0350-4;84133080;ES;PT;10;EXW;11;3;;0,3;1;333;;QV999999999999;
INTRA-EX;202504;513881387;FMTUBL7;87089997;ES;PT;10;EXW;11;3;;0,3;1;80;;QV999999999999;
INTRA-EX;202504;513881387;BKR7EIX-4;84099100;ES;PT;10;EXW;11;3;;0,3;1;40;;QV999999999999;
INTRA-EX;202504;513881387;AC-MK7-MD;87089997;ES;PT;10;EXW;11;3;;0,4;1;65;;QV999999999999;
INTRA-EX;202504;513881387;SVW0610-4P-BK;87083091;ES;PT;10;EXW;11;3;;0,5;1;83;;QV999999999999;
INTRA-EX;202504;513881387;S90-4-15-018;87087050;ES;PT;10;EXW;11;3;;2,1;1;96;;QV999999999999;
INTRA-EX;202504;513881387;CTS-IT-260;84213100;ES;PT;10;EXW;11;3;;5;1;240;;QV999999999999;
INTRA-EX;202504;513881387;10.127.203K;84132000;FR;PT;10;EXW;11;3;;0,3;1;227;;FR82530667591;
INTRA-EX;202504;513881387;9-654-1025;84133080;FR;PT;10;EXW;11;3;;0,8;2;259;;FR09904392206;
INTRA-EX;202504;513881387;MMRAD-TINY-01;87089135;FR;PT;10;EXW;11;3;;6,8;1;208;;FR55524167806;
INTRA-EX;202504;513881387;TS-0203-1209;87089997;FR;PT;10;EXW;11;3;;0,3;1;139;;QV999999999999;
INTRA-EX;202504;513881387;AC-FI7-RU;87088055;FR;PT;10;EXW;11;3;;2,9;1;83;;QV999999999999;
INTRA-EX;202504;513881387;70020-AZ108;84213100;FR;PT;10;EXW;11;3;;3,1;1;353;;QV999999999999;
INTRA-EX;202504;513881387;PPF-3129;84213100;FR;PT;10;EXW;11;3;;0,4;1;43;;QV999999999999;
INTRA-EX;202504;513881387;AC-MK7-CP-4;84099100;FR;PT;10;EXW;11;3;;1;1;112;;QV999999999999;
INTRA-EX;202504;513881387;SVW0707-4P-BK;87083091;FR;PT;10;EXW;11;3;;0,4;1;77;;QV999999999999;
INTRA-EX;202504;513881387;ACSP1;84099100;FR;PT;10;EXW;11;3;;0,5;1;22;;QV999999999999;
INTRA-EX;202504;513881387;216BFWAOTSM;90269000;FR;PT;10;EXW;11;3;;0,3;1;39;;QV999999999999;
INTRA-EX;202504;513881387;216BFWGOPSM;90269000;FR;PT;10;EXW;11;3;;0,4;1;46;;QV999999999999;
INTRA-EX;202504;513881387;SILZKBR8D8S-6;84099100;FR;PT;10;EXW;11;3;;0,4;1;66;;QV999999999999;
INTRA-EX;202504;513881387;MMRAD-RSF-09;87089235;FR;PT;10;EXW;11;3;;8;1;441;;FR50982156473;
INTRA-EX;202504;513881387;MDB-MT;84213100;FR;PT;10;EXW;11;3;;0,2;1;13;;QV999999999999;
INTRA-EX;202504;513881387;SD-3212031;87089997;FR;PT;10;EXW;11;3;;18,9;1;299;;FR72493564538;
INTRA-EX;202504;513881387;06E898001-4;85111000;FR;PT;10;EXW;11;3;;1,5;1;104;;QV999999999999;
INTRA-EX;202504;513881387;JSK-101-DD;84213100;FR;PT;10;EXW;11;3;;4,4;1;249;;QV999999999999;
INTRA-EX;202504;513881387;JSK-101-DD;84213100;FR;PT;10;EXW;11;3;;4,4;1;249;;QV999999999999;
INTRA-EX;202504;513881387;MS100208-4;84099100;FR;PT;10;EXW;11;3;;1,7;1;119;;QV999999999999;
INTRA-EX;202504;513881387;BKR8EIX-4;85111000;FR;PT;10;EXW;11;3;;0,3;1;41;;QV999999999999;
INTRA-EX;202504;513881387;RPF-1747;84213100;FR;PT;10;EXW;11;3;;0,5;1;33;;QV999999999999;
INTRA-EX;202504;513881387;UR-TW2-3081;87088055;FR;PT;10;EXW;11;3;;3,4;1;123;;QV999999999999;
INTRA-EX;202504;513881387;CTS-IT-255R;87089135;FR;PT;10;EXW;11;3;;8;1;322;;QV999999999999;
INTRA-EX;202504;513881387;MMAI-MIN-14WBK;84213100;FR;PT;10;EXW;11;3;;3,7;1;248;;QV999999999999;
INTRA-EX;202504;513881387;LA-3002-2;84213100;FR;PT;10;EXW;11;3;;0,5;1;64;;QV999999999999;
INTRA-EX;202504;513881387;FMACVAG01;84099100;FR;PT;10;EXW;11;3;;0,5;1;135;;QV999999999999;
INTRA-EX;202504;513881387;FMAS049-GRE;87089997;FR;PT;10;EXW;11;3;;0,2;1;15;;QV999999999999;
INTRA-EX;202504;513881387;FMAS049-YEL;87089997;FR;PT;10;EXW;11;3;;0,2;1;15;;QV999999999999;
INTRA-EX;202504;513881387;SVW0707-4P-BK;87083091;FR;PT;10;EXW;11;3;;0,4;1;77;;QV999999999999;
INTRA-EX;202504;513881387;RBF600;27101999;FR;PT;10;EXW;11;3;;0,6;2;19;;QV999999999999;
INTRA-EX;202504;513881387;06J103600AFKIT;84099100;FR;PT;10;EXW;11;3;;2,5;1;49;;QV999999999999;
INTRA-EX;202504;513881387;VWR180000;87089997;FR;PT;10;EXW;11;3;;0,1;1;15;;QV999999999999;
INTRA-EX;202504;513881387;8E0971824S-BL;84099100;FR;PT;10;EXW;11;3;;0,2;1;18;;QV999999999999;
INTRA-EX;202504;513881387;MMTS-E90-07;87089997;FR;PT;10;EXW;11;3;;0,1;1;57;;QV999999999999;
INTRA-EX;202504;513881387;CI100037;84213100;PL;PT;10;EXW;11;3;;2,4;1;399;;PL8141683531;
INTRA-EX;202504;513881387;EVE-N55V2-CF-INT;84213100;PL;PT;10;EXW;11;3;;5,1;1;985;;PL8141683531;
INTRA-EX;202504;513881387;CTS-IT-800;84213100;PL;PT;10;EXW;11;3;;4,3;1;247;;PL6972395288;
INTRA-EX;202504;513881387;GSM56-81SS2;73209090;GR;PT;10;EXW;11;3;;24,5;1;472;;GREL156587530;
INTRA-EX;202504;513881387;STY0015-4P-RD;87083091;GR;PT;10;EXW;11;3;;0,5;1;51;;GREL156587530;
INTRA-EX;202504;513881387;CTS-IGN-008;84099100;NL;PT;10;EXW;11;3;;0,3;6;179;;NL866860666B01;
INTRA-EX;202504;513881387;SILFER8C7ES;85111000;NL;PT;10;EXW;11;3;;0,1;4;38;;NL866860666B01;
INTRA-EX;202504;513881387;BWR24Z;87088055;IT;PT;10;EXW;11;3;;3,6;1;136;;IT02710790060;
INTRA-EX;202504;513881387;BWF21XZ;87088055;IT;PT;10;EXW;11;3;;5,8;1;149;;IT02710790060;
INTRA-EX;202504;513881387;10.127.113T;87089997;NL;PT;10;EXW;11;3;;0,2;2;43;;NL866996473B01;
INTRA-EX;202504;513881387;VWR81G700;87088055;NL;PT;10;EXW;11;3;;2,6;1;319;;NL866996473B01;
INTRA-EX;202504;513881387;R7437-9;85111000;NL;PT;10;EXW;11;3;;0,1;8;282;;NL866996473B01;
INTRA-EX;202504;513881387;VWR13G700;84099100;IT;PT;10;EXW;11;3;;3;1;468;;IT10491230966;
INTRA-EX;202504;513881387;SAUS055;87089235;IT;PT;10;EXW;11;3;;28,6;1;1097;;IT10491230966;
INTRA-EX;202504;513881387;VWR130006;84099100;IT;PT;10;EXW;11;3;;0,3;1;40;;IT10491230966;
INTRA-EX;202504;513881387;MMHOSE-E36-92BK;40091100;NL;PT;10;EXW;11;3;;0,7;1;62;;NL866860666B01;
INTRA-EX;202504;513881387;MMRT-E36-92EBK;87089199;NL;PT;10;EXW;11;3;;2,2;1;84;;NL866860666B01;
INTRA-EX;202504;513881387;MMFS-E36-92P;84149000;NL;PT;10;EXW;11;3;;5;1;155;;NL866860666B01;
INTRA-EX;202504;513881387;R7438-9;85111000;IT;PT;10;EXW;11;3;;0,1;8;266;;IT14481871003;
INTRA-EX;202504;513881387;SVW0630-4P-BK;87083091;IT;PT;10;EXW;11;3;;0,5;1;63;;IT03656931205;
INTRA-EX;202504;513881387;MMOC-EVO-01;87089135;ES;PT;10;EXW;11;3;;4,3;1;304;;ESB66283003;
INTRA-EX;202504;513881387;VWR120001;87089997;ES;PT;10;EXW;11;3;;0,1;1;4;;ES44534463T;
INTRA-EX;202504;513881387;SVW0630-4P-BK;87083091;ES;PT;10;EXW;11;3;;0,5;1;63;;ES43179343V;
INTRA-EX;202504;513881387;SSU0500-4P-BK;87083091;ES;PT;10;EXW;11;3;;0,5;1;63;;ES43179343V;
INTRA-EX;202504;513881387;VWR1200R601E;84213100;ES;PT;10;EXW;11;3;;4,9;1;338;;ES29524079Z;
INTRA-EX;202504;513881387;AC-180-CPA;87089997;ES;PT;10;EXW;11;3;;0,5;3;89;;ESB42954230;
INTRA-EX;202504;513881387;VWR131000;84099100;ES;PT;10;EXW;11;3;;2,4;1;621;;ESB42954230;
INTRA-EX;202504;513881387;VWR1200R600E;84213100;ES;PT;10;EXW;11;3;;4,9;1;309;;ESB42954230;
INTRA-EX;202504;513881387;VWR12G7R600ITBLA;84213100;ES;PT;10;EXW;11;3;;0,8;3;229;;ESB42954230;
INTRA-EX;202504;513881387;VWR180004;87089997;ES;PT;10;EXW;11;3;;0,1;2;53;;ESB42954230;
INTRA-EX;202504;513881387;VWR12G7R600ITINLET;87089997;ES;PT;10;EXW;11;3;;0,4;2;200;;ESB42954230;
INTRA-EX;202504;513881387;ARMABZA450S-A;84213100;GR;PT;10;EXW;11;3;;3;1;464;;GREL156587530;
INTRA-EX;202504;513881387;CLK-2;84213100;AT;PT;10;EXW;11;3;;1;1;27;;QV999999999999;
INTRA-EX;202504;513881387;SILZKGR8B8S-4;84099100;AT;PT;10;EXW;11;3;;0,3;1;39;;QV999999999999;
INTRA-EX;202504;513881387;SP-201;32081090;BG;PT;10;EXW;11;3;;0,5;1;27;;QV999999999999;
INTRA-EX;202504;513881387;VWR670007;87089997;SI;PT;10;EXW;11;3;;1,1;1;83;;QV999999999999;
INTRA-EX;202504;513881387;CTS-IT-300R;84213100;LU;PT;10;EXW;11;3;;4,1;1;273;;LU25864107;
INTRA-EX;202504;513881387;MMHOSE-FIST-14IHRD;;DE;PT;10;EXW;11;3;;0,1;1;75;;QV999999999999;
INTRA-EX;202504;513881387;SCEXVDM;87089235;BE;PT;10;EXW;11;3;;0,1;1;22;;QV999999999999;
INTRA-EX;202504;513881387;U5333-4;84099100;BE;PT;10;EXW;11;3;;1,6;1;168;;QV999999999999;
INTRA-EX;202504;513881387;R7437-9-4;87089997;NL;PT;10;EXW;11;3;;0,3;1;165;;QV999999999999;
INTRA-EX;202504;513881387;FMKT135F20;87089997;IT;PT;10;EXW;11;3;;0,7;1;99;;QV999999999999;
INTRA-EX;202504;513881387;MMRAD-CTR-17;87089135;ES;PT;10;EXW;11;3;;11,4;1;456;;ESB76323815;
INTRA-EX;202504;513881387;MMBCC-CTR-17PBERD2;87089997;ES;PT;10;EXW;11;3;;1,1;2;339;;ESB76323815;
INTRA-EX;202504;513881387;IFR7X8G-4;84099100;ES;PT;10;EXW;11;3;;0,3;1;61;;QV999999999999;
INTRA-EX;202504;513881387;U5001-4;84099100;ES;PT;10;EXW;11;3;;1,5;1;78;;QV999999999999;
INTRA-EX;202504;513881387;JSK-101-DD;84213100;ES;PT;10;EXW;11;3;;4,4;1;249;;ES77482422E;
INTRA-EX;202504;513881387;SBW1171-4P-BK;87083091;ES;PT;10;EXW;11;3;;0,5;1;84;;ESB67114637;
INTRA-EX;202504;513881387;EVE-W210-FTR;84213100;ES;PT;10;EXW;11;3;;0,6;1;94;;QV999999999999;
INTRA-EX;202504;513881387;SHD0012-4P-BK;87083091;ES;PT;10;EXW;11;3;;0,5;1;83;;QV999999999999;
INTRA-EX;202504;513881387;RPF-3129;84213100;ES;PT;10;EXW;11;3;;0,4;1;36;;QV999999999999;
INTRA-EX;202504;513881387;MMRAD-MIA-99;87089135;ES;PT;10;EXW;11;3;;8,4;1;197;;QV999999999999;
INTRA-EX;202504;513881387;SVW0630-4P-BK;87083091;ES;PT;10;EXW;11;3;;0,5;1;77;;QV999999999999;
INTRA-EX;202504;513881387;IFR7G-11KS-4;85111000;ES;PT;10;EXW;11;3;;0,3;1;59;;QV999999999999;
INTRA-EX;202504;513881387;U5055-4;84099100;ES;PT;10;EXW;11;3;;1,5;1;88;;ES23310868T;
INTRA-EX;202504;513881387;216VWBWBO270-3;90262020;ES;PT;10;EXW;11;3;;0,3;1;35;;QV999999999999;
INTRA-EX;202504;513881387;SVW1070-4P-BK;87083091;ES;PT;10;EXW;11;3;;0,5;1;76;;QV999999999999;
INTRA-EX;202504;513881387;IKR9J8-4;87089997;ES;PT;10;EXW;11;3;;0,3;1;44;;ES53284853V;
INTRA-EX;202504;513881387;MMIG-BMW-0206;85111000;FR;PT;10;EXW;11;3;;2;1;110;;FR35504243288;
INTRA-EX;202504;513881387;U5055-6;84099100;FR;PT;10;EXW;11;3;;2,1;1;132;;FR35504243288;
INTRA-EX;202504;513881387;ATINTFO42;87089997;FR;PT;10;EXW;11;3;;9,6;1;252;;QV999999999999;
INTRA-EX;202504;513881387;SAUX089;87089235;FR;PT;10;EXW;11;3;;11;1;1089;;FR23983366733;
INTRA-EX;202504;513881387;CTS-HW-540;40091100;FR;PT;10;EXW;11;3;;2;1;269;;FR23983366733;
INTRA-EX;202504;513881387;CI100038-B;40091100;FR;PT;10;EXW;11;3;;1,6;1;305;;FR23983366733;
INTRA-EX;202504;513881387;SILFER8C7ES-5;85111000;FR;PT;10;EXW;11;3;;0,3;1;57;;FR23983366733;
INTRA-EX;202504;513881387;PP1949;84213100;FR;PT;10;EXW;11;3;;0,7;1;38;;FR23983366733;
INTRA-EX;202504;513881387;MS100195-5;84133020;FR;PT;10;EXW;11;3;;2,2;1;504;;FR23983366733;
INTRA-EX;202504;513881387;AC-N55-INLET;40091100;FR;PT;10;EXW;11;3;;1,4;1;104;;FR03837844190;
INTRA-EX;202504;513881387;TS-0223-1078;40091100;FR;PT;10;EXW;11;3;;0,4;1;194;;QV999999999999;
INTRA-EX;202504;513881387;SILZKBR8D8S-6;84099100;FR;PT;10;EXW;11;3;;0,4;1;66;;FR84922221510;
INTRA-EX;202504;513881387;CTS-EXH-DP-0025;87089235;FR;PT;10;EXW;11;3;;4,8;1;450;;FR84922221510;
INTRA-EX;202504;513881387;WB-429;84213100;FR;PT;10;EXW;11;3;;0,3;1;97;;FR84922221510;
INTRA-EX;202504;513881387;MMBCC-F80-15CBE;87089997;FR;PT;10;EXW;11;3;;1,4;1;296;;FR11948233911;
INTRA-EX;202504;513881387;AC-S55-OTC;84213100;FR;PT;10;EXW;11;3;;0,3;1;44;;FR11948233911;
INTRA-EX;202504;513881387;PFR7Z-TG-4;84099100;FR;PT;10;EXW;11;3;;0,3;1;36;;QV999999999999;
INTRA-EX;202504;513881387;U5001-4;84099100;FR;PT;10;EXW;11;3;;1,5;1;79;;QV999999999999;
INTRA-EX;202504;513881387;06K129717A;87089235;FR;PT;10;EXW;11;3;;0,1;1;6;;QV999999999999;
INTRA-EX;202504;513881387;06L115466C;84213100;FR;PT;10;EXW;11;3;;0,2;1;5;;QV999999999999;
INTRA-EX;202504;513881387;AC-200-CFA-KIT;87089997;FR;PT;10;EXW;11;3;;0,1;1;32;;QV999999999999;
INTRA-EX;202504;513881387;VWR810000;87089997;FR;PT;10;EXW;11;3;;0,2;1;28;;QV999999999999;
INTRA-EX;202504;513881387;DILKAR8R9HS-4;85111000;FR;PT;10;EXW;11;3;;0,3;1;62;;QV999999999999;
INTRA-EX;202504;513881387;FMRLH-BLA;40093100;FR;PT;10;EXW;11;3;;0,7;1;62;;QV999999999999;
INTRA-EX;202504;513881387;AC-200-EM;87089997;FR;PT;10;EXW;11;3;;2,3;1;82;;QV999999999999;
INTRA-EX;202504;513881387;CTS-CC-MK6TSI;84099100;FR;PT;10;EXW;11;3;;3;1;404;;QV999999999999;
INTRA-EX;202504;513881387;AC-200R-DP;87089235;FR;PT;10;EXW;11;3;;10;1;249;;QV999999999999;
INTRA-EX;202504;513881387;VWR120000;84213100;FR;PT;10;EXW;11;3;;1;1;30;;QV999999999999;
INTRA-EX;202504;513881387;D760-0067;84099100;FR;PT;10;EXW;11;3;;1,5;1;139;;QV999999999999;
INTRA-EX;202504;513881387;PFR8S8EG-6;87089997;FR;PT;10;EXW;11;3;;0,4;1;68;;QV999999999999;
INTRA-EX;202504;513881387;EVO9202;84213100;FR;PT;10;EXW;11;3;;5,6;1;356;;QV999999999999;
INTRA-EX;202504;513881387;SBMP087;87089997;FR;PT;10;EXW;11;3;;19;1;691;;FR08879651321;
INTRA-EX;202504;513881387;RBF600;27101999;FR;PT;10;EXW;11;3;;0,6;2;19;;QV999999999999;
INTRA-EX;202504;513881387;SSE0432-4P-BK;87083091;FR;PT;10;EXW;11;3;;0,5;1;77;;QV999999999999;
INTRA-EX;202504;513881387;SHY0900-4P-BK;87083091;HR;PT;10;EXW;11;3;;0,8;1;93;;QV999999999999;
INTRA-EX;202504;513881387;VWR15G703;90269000;SI;PT;10;EXW;11;3;;2;1;268;;QV999999999999;
INTRA-EX;202504;513881387;AC-S55-CHP;84835020;SI;PT;10;EXW;11;3;;0,3;1;73;;QV999999999999;
INTRA-EX;202504;513881387;S-BM/T/2H+TP-CT/47/RS;87089235;BE;PT;10;EXW;11;3;;30;1;7527;;BE0748441310;
INTRA-EX;202504;513881387;PST77;87088035;BE;PT;10;EXW;11;3;;3,2;1;127;;QV999999999999;
INTRA-EX;202504;513881387;CTS-HS-150;87089997;BE;PT;10;EXW;11;3;;0,6;1;36;;QV999999999999;
INTRA-EX;202504;513881387;VWR900002-4;84099100;BE;PT;10;EXW;11;3;;1,8;1;173;;QV999999999999;
INTRA-EX;202504;513881387;AC-MK7-TO;87089997;BE;PT;10;EXW;11;3;;2,1;1;81;;QV999999999999;
INTRA-EX;202504;513881387;FMFK054-BLA;87089997;BE;PT;10;EXW;11;3;;1;1;143;;BE0500705090;
INTRA-EX;202504;513881387;SP1230WB;84213100;BE;PT;10;EXW;11;3;;5;1;322;;BE0801674613;
INTRA-EX;202504;513881387;VWRM026-XL;90292031;ES;PT;10;EXW;11;3;;0,5;1;20;;ES44289456N;
INTRA-EX;202504;513881387;MS100197;85111000;ES;PT;10;EXW;11;3;;0,1;1;9;;ES44289456N;
INTRA-EX;202504;513881387;VWRM025-L;90292031;ES;PT;10;EXW;11;3;;0,3;1;19;;ES44289456N;
INTRA-EX;202504;513881387;ATMSBMW20;87089997;ES;PT;10;EXW;11;3;;11;1;384;;QV999999999999;
INTRA-EX;202504;513881387;06J103600AFKIT;84099100;ES;PT;10;EXW;11;3;;2,5;1;49;;QV999999999999;
INTRA-EX;202504;513881387;52009-AK005;84213100;ES;PT;10;EXW;11;3;;0,4;2;39;;QV999999999999;
INTRA-EX;202504;513881387;FS-3617039;87089997;ES;PT;10;EXW;11;3;;16;1;212;;QV999999999999;
INTRA-EX;202504;513881387;SAU0485-4P-BK;87083091;ES;PT;10;EXW;11;3;;0,5;1;76;;QV999999999999;
INTRA-EX;202504;513881387;PP1389;84213100;ES;PT;10;EXW;11;3;;0,5;1;37;;QV999999999999;
INTRA-EX;202504;513881387;SKGD2-AVB00;;ES;PT;10;EXW;11;3;;0,1;1;146;;QV999999999999;
INTRA-EX;202504;513881387;10w60-2;27101999;ES;PT;10;EXW;11;3;;4,7;1;27;;QV999999999999;
INTRA-EX;202504;513881387;VWR640017;87089997;ES;PT;10;EXW;11;3;;2,2;1;98;;QV999999999999;
INTRA-EX;202504;513881387;VWR630000;87141030;ES;PT;10;EXW;11;3;;1,9;1;154;;QV999999999999;
INTRA-EX;202504;513881387;110859;27101999;ES;PT;10;EXW;11;3;;2,1;4;115;;QV999999999999;
INTRA-EX;202504;513881387;FMINDK50-CARBON;84213100;ES;PT;10;EXW;11;3;;3,6;1;442;;ESB55088686;
INTRA-EX;202504;513881387;Z1003100-4;85111000;FR;PT;10;EXW;11;3;;0,4;1;120;;QV999999999999;
INTRA-EX;202504;513881387;CTS-IGN-007;84099100;FR;PT;10;EXW;11;3;;0,3;4;140;;QV999999999999;
INTRA-EX;202504;513881387;BKR7EIX-4;84099100;FR;PT;10;EXW;11;3;;0,3;1;40;;QV999999999999;
INTRA-EX;202504;513881387;SHD0397-4C-RD;87083091;FR;PT;10;EXW;11;3;;0,5;1;123;;QV999999999999;
INTRA-EX;202504;513881387;EVO9202;84213100;FR;PT;10;EXW;11;3;;5,6;1;356;;QV999999999999;
INTRA-EX;202504;513881387;SVWC043;87089235;FR;PT;10;EXW;11;3;;8,6;1;373;;QV999999999999;
INTRA-EX;202504;513881387;DILKAR7C9H-4;85111000;FR;PT;10;EXW;11;3;;0,3;1;52;;QV999999999999;
INTRA-EX;202504;513881387;AC-27-DEL;87089997;FR;PT;10;EXW;11;3;;0,1;1;20;;QV999999999999;
INTRA-EX;202504;513881387;ILFR6B-5;84099100;FR;PT;10;EXW;11;3;;0,3;1;46;;QV999999999999;
INTRA-EX;202504;513881387;ES-1013912;87089997;FR;PT;10;EXW;11;3;;2,1;1;92;;QV999999999999;
INTRA-EX;202504;513881387;5W40;27101999;FR;PT;10;EXW;11;3;;1,9;3;87;;QV999999999999;
INTRA-EX;202504;513881387;MMBCC-N55-11CBE;84099100;FR;PT;10;EXW;11;3;;1,8;1;197;;QV999999999999;
INTRA-EX;202504;513881387;Z-311555;87089997;FR;PT;10;EXW;11;3;;3;1;169;;QV999999999999;
INTRA-EX;202504;513881387;613182.654150;87089997;FR;PT;10;EXW;11;3;;0,5;1;62;;QV999999999999;
INTRA-EX;202504;513881387;IKR9J8-4;87089997;FR;PT;10;EXW;11;3;;0,3;1;44;;QV999999999999;
INTRA-EX;202504;513881387;10.127.203T;87089997;FR;PT;10;EXW;11;3;;0,1;1;14;;QV999999999999;
INTRA-EX;202504;513881387;FMIND15-BLA;84213100;FR;PT;10;EXW;11;3;;3,6;1;301;;QV999999999999;
INTRA-EX;202504;513881387;FMCTDS3-BL;87089997;LV;PT;10;EXW;11;3;;3;1;322;;QV999999999999;
INTRA-EX;202504;513881387;UR-RU4-2987;87088055;CZ;PT;10;EXW;11;3;;3,3;1;159;;QV999999999999;
INTRA-EX;202504;513881387;BWR23Z;87088055;DK;PT;10;EXW;11;3;;7,4;1;164;;QV999999999999;
INTRA-EX;202504;513881387;VWR12G7R600OS;84213100;RO;PT;10;EXW;11;3;;0,3;1;31;;QV999999999999;
INTRA-EX;202504;513881387;R7437-9-8;84099100;SE;PT;10;EXW;11;3;;0,5;1;332;;SE556920131101;
INTRA-EX;202504;513881387;UR-TW2-1362;87088055;SE;PT;10;EXW;11;3;;3;1;131;;QV999999999999;
INTRA-EX;202504;513881387;WB-432;84213100;FI;PT;10;EXW;11;3;;0,3;1;46;;QV999999999999;
INTRA-EX;202504;513881387;1K0253144BD;40091100;SE;PT;10;EXW;11;3;;0,2;1;8;;QV999999999999;
INTRA-EX;202504;513881387;ACSP1;84099100;SK;PT;10;EXW;11;3;;0,5;1;22;;QV999999999999;
INTRA-EX;202504;513881387;R10-10-2;40091100;SI;PT;10;EXW;11;3;;0,3;1;81;;QV999999999999;
INTRA-EX;202504;513881387;SAU0631-4C-BK;87083091;HU;PT;10;EXW;11;3;;0,5;1;99;;QV999999999999;
INTRA-EX;202504;513881387;D760-0069;84099100;LU;PT;10;EXW;11;3;;4,4;1;369;;QV999999999999;
INTRA-EX;202504;513881387;1K0253144AE;87089997;LU;PT;10;EXW;11;3;;1;1;8;;QV999999999999;
INTRA-EX;202504;513881387;AC-MK7-RL;87088055;LU;PT;10;EXW;11;3;;0,5;1;61;;QV999999999999;
INTRA-EX;202504;513881387;AC-MK7-DI.A;87089997;LU;PT;10;EXW;11;3;;0,1;1;33;;QV999999999999;
INTRA-EX;202504;513881387;AC-MK7-CL;87088055;LU;PT;10;EXW;11;3;;1,3;1;76;;QV999999999999;
INTRA-EX;202504;513881387;D157-A001;87089997;DE;PT;10;EXW;11;3;;0,6;1;42;;QV999999999999;
INTRA-EX;202504;513881387;UR-AR18-303;87088055;DE;PT;10;EXW;11;3;;4,6;1;191;;QV999999999999;
INTRA-EX;202504;513881387;MMSK-BK;87084099;DE;PT;10;EXW;11;3;;0,5;1;34;;QV999999999999;
INTRA-EX;202504;513881387;KDT925;87089997;DE;PT;10;EXW;11;3;;0,5;1;50;;QV999999999999;
INTRA-EX;202504;513881387;FMINDMK7F-PLE;84213100;PL;PT;10;EXW;11;3;;0,7;1;87;;QV999999999999;
INTRA-EX;202504;513881387;MS100244-6;85111000;PL;PT;10;EXW;11;3;;2;1;200;;QV999999999999;
INTRA-EX;202504;513881387;CTS-IT-290R;84213100;BE;PT;10;EXW;11;3;;4;1;274;;QV999999999999;
INTRA-EX;202504;513881387;CTS-HW-0199;87089997;BE;PT;10;EXW;11;3;;0,3;1;79;;QV999999999999;
INTRA-EX;202504;513881387;WHT005184;40091100;BE;PT;10;EXW;11;3;;0,1;1;8;;QV999999999999;
INTRA-EX;202504;513881387;LFR6AIX-11-6;85111000;BE;PT;10;EXW;11;3;;0,4;1;60;;QV999999999999;
INTRA-EX;202504;513881387;CTS-IGN-008;84099100;BE;PT;10;EXW;11;3;;0,3;6;208;;QV999999999999;
INTRA-EX;202504;513881387;S90-2-12-023-B-BT;87087050;BE;PT;10;EXW;11;3;;1,8;1;115;;QV999999999999;
INTRA-EX;202504;513881387;S90-2-15-055-B-BT;87087050;BE;PT;10;EXW;11;3;;1,8;1;120;;QV999999999999;
INTRA-EX;202504;513881387;MMDP-MUS4-15CAT;87089235;GR;PT;10;EXW;11;3;;9,7;1;464;;GREL801563540;
INTRA-EX;202504;513881387;ES-351102;87083099;BE;PT;10;EXW;11;3;;1,7;1;60;;QV999999999999;
INTRA-EX;202504;513881387;SD-3714087;87083099;BE;PT;10;EXW;11;3;;15,3;1;176;;QV999999999999;
INTRA-EX;202504;513881387;EVO9200;84213100;BE;PT;10;EXW;11;3;;7,5;1;349;;QV999999999999;
INTRA-EX;202504;513881387;ATEXHHYU1;87089235;BE;PT;10;EXW;11;3;;4,8;1;223;;QV999999999999;
INTRA-EX;202504;513881387;S90-2-10-038-B-BT;87087050;BE;PT;10;EXW;11;3;;1,8;2;220;;QV999999999999;
INTRA-EX;202504;513881387;10.127.101K;84133080;NL;PT;10;EXW;11;3;;0,3;1;312;;QV999999999999;
INTRA-EX;202504;513881387;ILFR7H-5;85111000;NL;PT;10;EXW;11;3;;0,3;1;67;;QV999999999999;
INTRA-EX;202504;513881387;06E898001-5;84099100;NL;PT;10;EXW;11;3;;1,9;1;130;;QV999999999999;
INTRA-EX;202504;513881387;AC-S1-CF-IP;40091100;IT;PT;10;EXW;11;3;;1,3;1;309;;QV999999999999;
INTRA-EX;202504;513881387;FMFSITVR-BLK;84814090;ES;PT;10;EXW;11;3;;0,7;1;216;;ESB66224692;
INTRA-EX;202504;513881387;FRI-0406;84213100;ES;PT;10;EXW;11;3;;3,5;1;865;;ESB66224692;
INTRA-EX;202504;513881387;FMCCRAD8;84198998;ES;PT;10;EXW;11;3;;3,8;1;761;;ESB66224692;
INTRA-EX;202504;513881387;FMDVA45A;84814090;ES;PT;10;EXW;11;3;;0,6;1;165;;ESB66224692;
INTRA-EX;202504;513881387;UR-TW2-2989;87088055;ES;PT;10;EXW;11;3;;3,4;1;139;;ESB66224692;
INTRA-EX;202504;513881387;SUS00017;87089997;ES;PT;10;EXW;11;3;;12;1;249;;ESB91228114;
INTRA-EX;202504;513881387;034-509-4000;87089997;ES;PT;10;EXW;11;3;;0,4;2;112;;QV999999999999;
INTRA-EX;202504;513881387;FMVWQS;87089997;ES;PT;10;EXW;11;3;;0,7;1;97;;QV999999999999;
INTRA-EX;202504;513881387;216BFWABOSM;90262020;ES;PT;10;EXW;11;3;;0,3;1;35;;QV999999999999;
INTRA-EX;202504;513881387;AC-200-CH-BK;40093100;ES;PT;10;EXW;11;3;;1;1;122;;QV999999999999;
INTRA-EX;202504;513881387;WHT005184;40091100;ES;PT;10;EXW;11;3;;0,1;1;8;;QV999999999999;
INTRA-EX;202504;513881387;06K103213A;40091100;ES;PT;10;EXW;11;3;;0,1;1;16;;QV999999999999;
INTRA-EX;202504;513881387;MMTS-GLF-15;90321020;ES;PT;10;EXW;11;3;;0,2;1;40;;QV999999999999;
INTRA-EX;202504;513881387;MMRA-LC;87089235;ES;PT;10;EXW;11;3;;0,2;1;19;;QV999999999999;
INTRA-EX;202504;513881387;E10-25-043-06-22;73202081;ES;PT;10;EXW;11;3;;9,3;1;173;;QV999999999999;
INTRA-EX;202504;513881387;ACSP1;84099100;ES;PT;10;EXW;11;3;;0,5;1;22;;ESB93292621;
INTRA-EX;202504;513881387;D650-0003-4;84099100;ES;PT;10;EXW;11;3;;1,7;1;113;;QV999999999999;
INTRA-EX;202504;513881387;FMDV14T;;ES;PT;10;EXW;11;3;;0,1;1;67;;ESB66224692;
INTRA-EX;202504;513881387;FMACVAG01;84099100;ES;PT;10;EXW;11;3;;0,5;1;134;;QV999999999999;
INTRA-EX;202504;513881387;MMTS-CTR-17;90321020;ES;PT;10;EXW;11;3;;0,2;1;51;;ES77493267B;
INTRA-EX;202504;513881387;FMTVTUN;84814090;ES;PT;10;EXW;11;3;;0,1;1;25;;QV999999999999;
INTRA-EX;202504;513881387;5w30;27101999;ES;PT;10;EXW;11;3;;1,9;4;115;;QV999999999999;
INTRA-EX;202504;513881387;3798956515SP;87087099;ES;PT;10;EXW;11;3;;11,1;4;1437;;ES10195913J;
INTRA-EX;202504;513881387;1K1819653B;84099100;ES;PT;10;EXW;11;3;;0,5;1;8;;QV999999999999;
INTRA-EX;202504;513881387;06F129717D;87089235;ES;PT;10;EXW;11;3;;0,1;1;8;;QV999999999999;
INTRA-EX;202504;513881387;8E0971824S-RD;84099100;ES;PT;10;EXW;11;3;;0,2;1;14;;QV999999999999;
INTRA-EX;202504;513881387;AC-200-BT;90262020;ES;PT;10;EXW;11;3;;0,2;1;28;;QV999999999999;
INTRA-EX;202504;513881387;AC-200-FD;87089997;ES;PT;10;EXW;11;3;;0,5;1;48;;QV999999999999;
INTRA-EX;202504;513881387;EVE-FLC;87084099;ES;PT;10;EXW;11;3;;0,6;1;27;;QV999999999999;
INTRA-EX;202504;513881387;UR-LA4-3887;87088055;ES;PT;10;EXW;11;3;;3,4;1;122;;QV999999999999;
INTRA-EX;202504;513881387;216BFWAEBOSM;90262020;ES;PT;10;EXW;11;3;;0,3;1;48;;QV999999999999;
INTRA-EX;202504;513881387;BKR8EIX-4;85111000;ES;PT;10;EXW;11;3;;0,3;1;41;;QV999999999999;
INTRA-EX;202504;513881387;41001-AK012;84213100;ES;PT;10;EXW;11;3;;0,4;1;85;;QV999999999999;
INTRA-EX;202504;513881387;ES-315086;87089997;ES;PT;10;EXW;11;3;;1,1;1;53;;QV999999999999;
INTRA-EX;202504;513881387;JSK-101-DD;84213100;ES;PT;10;EXW;11;3;;4,4;1;247;;QV999999999999;
INTRA-EX;202504;513881387;SILZKBR8D8S-6;84099100;ES;PT;10;EXW;11;3;;0,4;1;65;;QV999999999999;
INTRA-EX;202504;513881387;WB-544;84213100;ES;PT;10;EXW;11;3;;0,3;1;48;;QV999999999999;
INTRA-EX;202504;513881387;ES-335112;87089997;ES;PT;10;EXW;11;3;;1;1;45;;QV999999999999;
INTRA-EX;202504;513881387;SHD1010-1C-BK;87083091;ES;PT;10;EXW;11;3;;0,2;1;33;;QV999999999999;
INTRA-EX;202504;513881387;MMRT-MUS-15E;87089997;ES;PT;10;EXW;11;3;;3,4;1;164;;QV999999999999;
INTRA-EX;202504;513881387;KDT928;87089997;ES;PT;10;EXW;11;3;;0,1;1;29;;QV999999999999;
INTRA-EX;202504;513881387;30-4110;87089997;ES;PT;10;EXW;11;3;;0,7;1;175;;ES72889637S;
INTRA-EX;202504;513881387;JSK-145-80C-BK;84213100;ES;PT;10;EXW;11;3;;2;1;185;;ESB13735162;
INTRA-EX;202504;513881387;BKR8EIX-4;85111000;ES;PT;10;EXW;11;3;;0,3;1;41;;QV999999999999;
INTRA-EX;202504;513881387;216CLSDWABO-R;87089997;ES;PT;10;EXW;11;3;;0,4;1;59;;QV999999999999;
INTRA-EX;202504;513881387;216CLSDWABO-R;87089997;ES;PT;10;EXW;11;3;;0,4;1;59;;QV999999999999;
INTRA-EX;202504;513881387;216CLSDWAFP-R;87089997;ES;PT;10;EXW;11;3;;0,4;1;78;;QV999999999999;
INTRA-EX;202504;513881387;216CLSDWAOP-R;87089997;ES;PT;10;EXW;11;3;;0,4;1;73;;QV999999999999;
INTRA-EX;202504;513881387;216CLSDWAOT-R;87089997;ES;PT;10;EXW;11;3;;0,4;1;49;;QV999999999999;
INTRA-EX;202504;513881387;216CLSDWAWT-R;87089997;ES;PT;10;EXW;11;3;;0,4;1;46;;QV999999999999;
INTRA-EX;202504;513881387;MMHOSE-RX8-03BK;40091100;ES;PT;10;EXW;11;3;;0,7;1;94;;QV999999999999;
INTRA-EX;202504;513881387;JSK-101-DD;84213100;ES;PT;10;EXW;11;3;;4,4;2;499;;ESB42771618;
INTRA-EX;202504;513881387;WHT005184;40091100;ES;PT;10;EXW;11;3;;0,1;1;8;;QV999999999999;
INTRA-EX;202504;513881387;8E0971824S-RD;84099100;ES;PT;10;EXW;11;3;;0,2;1;14;;QV999999999999;
INTRA-EX;202504;513881387;420121321;84099100;ES;PT;10;EXW;11;3;;0,1;1;28;;QV999999999999;
INTRA-EX;202504;513881387;420103485B;70102000;ES;PT;10;EXW;11;3;;0,1;1;23;;QV999999999999;
INTRA-EX;202504;513881387;CTS-DB-MK4-60D;84099100;ES;PT;10;EXW;11;3;;1,2;1;46;;QV999999999999;
INTRA-EX;202504;513881387;1J0121407E;87089997;ES;PT;10;EXW;11;3;;0,9;1;10;;QV999999999999;
INTRA-EX;202504;513881387;FMSS114-YEL;84814090;ES;PT;10;EXW;11;3;;0,1;1;7;;QV999999999999;
INTRA-EX;202504;513881387;MMHOSE-WRX-01BK;40093100;ES;PT;10;EXW;11;3;;0,7;1;89;;QV999999999999;
INTRA-EX;202504;513881387;JSK-101-DD;84213100;ES;PT;10;EXW;11;3;;4,4;1;247;;QV999999999999;
INTRA-EX;202504;513881387;JSK-101-DD;84213100;ES;PT;10;EXW;11;3;;4,4;1;249;;ESB40105413;
INTRA-EX;202504;513881387;06F129717D;87089235;ES;PT;10;EXW;11;3;;0,1;1;8;;ESB40105413;
INTRA-EX;202504;513881387;06D998907;87089997;ES;PT;10;EXW;11;3;;0,1;4;23;;ESB40105413;
INTRA-EX;202504;513881387;AC-VAG-ODP;70102000;ES;PT;10;EXW;11;3;;0,2;1;8;;ESB40105413;
INTRA-EX;202504;513881387;1K0121407A;87089997;ES;PT;10;EXW;11;3;;0,8;1;9;;ESB40105413;
INTRA-EX;202504;513881387;BKR8EIX-4;85111000;ES;PT;10;EXW;11;3;;0,3;1;41;;ESB40105413;
INTRA-EX;202504;513881387;FMDV32A-BLK;84814090;ES;PT;10;EXW;11;3;;0,6;1;201;;QV999999999999;
INTRA-EX;202504;513881387;71008-AK001;84814090;ES;PT;10;EXW;11;3;;1;3;530;;ESB96140132;
INTRA-EX;202504;513881387;FR-0142;84213100;FR;PT;10;EXW;11;3;;4;1;1135;;FR08879651321;
INTRA-EX;202504;513881387;AC-S55-CHP;84835020;FR;PT;10;EXW;11;3;;0,3;1;74;;QV999999999999;
INTRA-EX;202504;513881387;AC-MK7-FU-RD;87088055;FR;PT;10;EXW;11;3;;3;1;82;;QV999999999999;
INTRA-EX;202504;513881387;AC-MK7-RU;87089235;FR;PT;10;EXW;11;3;;2,2;1;74;;QV999999999999;
INTRA-EX;202504;513881387;CTS-IT-500;40091100;FR;PT;10;EXW;11;3;;1,6;1;149;;QV999999999999;
INTRA-EX;202504;513881387;CTS-IT-310;87089235;FR;PT;10;EXW;11;3;;1,4;1;172;;QV999999999999;
INTRA-EX;202504;513881387;FMDVSUB01;84814090;FR;PT;10;EXW;11;3;;0,6;1;160;;QV999999999999;
INTRA-EX;202504;513881387;SVW0620-4P-RD;87083091;FR;PT;10;EXW;11;3;;0,5;1;78;;QV999999999999;
INTRA-EX;202504;513881387;7M1397H-STD;40091100;FR;PT;10;EXW;11;3;;0,7;1;161;;QV999999999999;
INTRA-EX;202504;513881387;6B1584H-STD;40091100;FR;PT;10;EXW;11;3;;0,4;1;134;;QV999999999999;
INTRA-EX;202504;513881387;AC-200R-DP;87089235;FR;PT;10;EXW;11;3;;10;1;249;;FR16951063338;
INTRA-EX;202504;513881387;IMS-8V8S-HFIS;87089997;FR;PT;10;EXW;11;3;;4,1;1;179;;FR90910847292;
INTRA-EX;202504;513881387;U5055-6;84099100;FR;PT;10;EXW;11;3;;2,1;1;132;;FR77978902617;
INTRA-EX;202504;513881387;UR-RL2-2525;87088055;FR;PT;10;EXW;11;3;;1,7;1;81;;QV999999999999;
INTRA-EX;202504;513881387;6-45-M51;84133080;FR;PT;10;EXW;11;3;;0,5;1;35;;QV999999999999;
INTRA-EX;202504;513881387;AC-WS-5;87088099;FR;PT;10;EXW;11;3;;2,3;1;26;;QV999999999999;
INTRA-EX;202504;513881387;RF100029;84099100;FR;PT;10;EXW;11;3;;0,5;1;44;;QV999999999999;
INTRA-EX;202504;513881387;06E898001-5;84099100;FR;PT;10;EXW;11;3;;1,9;1;131;;QV999999999999;
INTRA-EX;202504;513881387;SILFER8C7ES-5;85111000;FR;PT;10;EXW;11;3;;0,3;1;57;;QV999999999999;
INTRA-EX;202504;513881387;1K0253144BD;40091100;FR;PT;10;EXW;11;3;;0,2;1;9;;QV999999999999;
INTRA-EX;202504;513881387;AC-MQB-FD;87089997;FR;PT;10;EXW;11;3;;0,1;1;59;;QV999999999999;
INTRA-EX;202504;513881387;06J998907A;87089997;FR;PT;10;EXW;11;3;;0,1;4;23;;QV999999999999;
INTRA-EX;202504;513881387;SVWC042;87089235;FR;PT;10;EXW;11;3;;11,4;1;348;;QV999999999999;
INTRA-EX;202504;513881387;AC-200-CFA-KIT;87089997;FR;PT;10;EXW;11;3;;0,1;1;32;;QV999999999999;
INTRA-EX;202504;513881387;06J998907A;87089997;FR;PT;10;EXW;11;3;;0,1;2;11;;QV999999999999;
INTRA-EX;202504;513881387;SVW0610-4P-BK;87083091;FR;PT;10;EXW;11;3;;0,5;1;84;;QV999999999999;
INTRA-EX;202504;513881387;RBF600;27101999;FR;PT;10;EXW;11;3;;0,6;3;28;;QV999999999999;
INTRA-EX;202504;513881387;SILZKBR8D8S-6;84099100;FR;PT;10;EXW;11;3;;0,4;1;66;;QV999999999999;
INTRA-EX;202504;513881387;06J103600AFKIT;84099100;FR;PT;10;EXW;11;3;;2,5;1;49;;QV999999999999;
INTRA-EX;202504;513881387;06L115466C;84213100;FR;PT;10;EXW;11;3;;0,2;1;5;;QV999999999999;
INTRA-EX;202504;513881387;06K103495AC;87089997;FR;PT;10;EXW;11;3;;0,6;1;32;;QV999999999999;
INTRA-EX;202504;513881387;4B1630H-STD;40091100;FR;PT;10;EXW;11;3;;0,2;1;38;;QV999999999999;
INTRA-EX;202504;513881387;5M1633H-STD;40091100;FR;PT;10;EXW;11;3;;0,5;1;99;;QV999999999999;
INTRA-EX;202504;513881387;SILZKGR8C8S-6;84099100;FR;PT;10;EXW;11;3;;0,4;1;105;;QV999999999999;
INTRA-EX;202504;513881387;PK424;84213100;FR;PT;10;EXW;11;3;;4,6;1;330;;QV999999999999;
INTRA-EX;202504;513881387;BKR8EIX-4;85111000;FR;PT;10;EXW;11;3;;0,3;1;41;;QV999999999999;
INTRA-EX;202504;513881387;D650-0004-6;84099100;FR;PT;10;EXW;11;3;;2,4;2;341;;QV999999999999;
INTRA-EX;202504;513881387;WB-482;842131000;FR;PT;10;EXW;11;3;;0,3;1;39;;QV999999999999;
INTRA-EX;202504;513881387;FMDV6A;84814090;FR;PT;10;EXW;11;3;;1;1;309;;QV999999999999;
INTRA-EX;202504;513881387;R28-10-2;40091100;FR;PT;10;EXW;11;3;;1;1;83;;FR60882301443;
INTRA-EX;202504;513881387;S90-2-15-055-B-BT;87087050;FR;PT;10;EXW;11;3;;1,8;1;121;;FR60882301443;
INTRA-EX;202504;513881387;S90-2-12-023-B-BT;87087050;FR;PT;10;EXW;11;3;;1,8;1;116;;FR60882301443;
INTRA-EX;202504;513881387;SILFER8C7ES-5;85111000;FR;PT;10;EXW;11;3;;0,3;1;57;;QV999999999999;
INTRA-EX;202504;513881387;CTS-IGN-007;84099100;FR;PT;10;EXW;11;3;;0,3;5;175;;QV999999999999;
INTRA-EX;202504;513881387;SR-225-BL-ECU;84213100;FR;PT;10;EXW;11;3;;2,5;1;233;;QV999999999999;
INTRA-EX;202504;513881387;ATIKMAZ01;84213100;FR;PT;10;EXW;11;3;;3,6;1;221;;QV999999999999;
INTRA-EX;202504;513881387;DILKAR7C9H-4;85111000;FR;PT;10;EXW;11;3;;0,3;1;52;;QV999999999999;
INTRA-EX;202504;513881387;SAU044;87089235;FR;PT;10;EXW;11;3;;35,3;1;1172;;FR04892603374;
INTRA-EX;202504;513881387;SAUX044;87089235;FR;PT;10;EXW;11;3;;5;1;1262;;FR04892603374;
INTRA-EX;202504;513881387;PFR8S8EG-6;87089997;FR;PT;10;EXW;11;3;;0,4;1;68;;FR04892603374;
INTRA-EX;202504;513881387;06E898001-5;84099100;FR;PT;10;EXW;11;3;;1,9;1;131;;QV999999999999;
INTRA-EX;202504;513881387;Z1003100-5;85111000;FR;PT;10;EXW;11;3;;0,3;1;150;;QV999999999999;
INTRA-EX;202504;513881387;R01-10-2;40091100;FR;PT;10;EXW;11;3;;0,1;1;82;;QV999999999999;
INTRA-EX;202504;513881387;CTS-IT-105R;84213100;FR;PT;10;EXW;11;3;;4,6;1;256;;QV999999999999;
INTRA-EX;202504;513881387;BKR8EIX-4;85111000;FR;PT;10;EXW;11;3;;0,3;1;41;;QV999999999999;
INTRA-EX;202504;513881387;CTS-SUS-2002;87088020;FR;PT;10;EXW;11;3;;0,2;1;139;;QV999999999999;
INTRA-EX;202504;513881387;FMINDDS3-BLA;84213100;FR;PT;10;EXW;11;3;;1,2;1;135;;QV999999999999;
INTRA-EX;202504;513881387;6B1584H-STD;40091100;FR;PT;10;EXW;11;3;;0,4;1;134;;QV999999999999;
INTRA-EX;202504;513881387;AC-WS-15-FK;87088099;FR;PT;10;EXW;11;3;;1,9;2;119;;QV999999999999;
INTRA-EX;202504;513881387;MS100208-4;84099100;FR;PT;10;EXW;11;3;;1,7;1;119;;QV999999999999;
INTRA-EX;202504;513881387;VWR143000;87089997;FR;PT;10;EXW;11;3;;14,9;1;1041;;FR58750998718;
INTRA-EX;202504;513881387;VWR140011;87089235;FR;PT;10;EXW;11;3;;3;1;328;;FR58750998718;
INTRA-EX;202504;513881387;CTS-HW-0484;87089997;FR;PT;10;EXW;11;3;;5,2;1;674;;FR01821481033;
INTRA-EX;202504;513881387;MMRAD-GLF-99;87089135;FR;PT;10;EXW;11;3;;8;1;279;;QV999999999999;
INTRA-EX;202504;513881387;CI100039-B;40091100;FR;PT;10;EXW;11;3;;1,7;1;149;;QV999999999999;
INTRA-EX;202504;513881387;AC-S55-CHP;84835020;FR;PT;10;EXW;11;3;;0,3;1;74;;FR35504243288;
INTRA-EX;202504;513881387;11127565286;84836080;FR;PT;10;EXW;11;3;;0,4;2;20;;FR35504243288;
INTRA-EX;202504;513881387;SILZKBR8D8S-6;84099100;FR;PT;10;EXW;11;3;;0,4;6;398;;FR35504243288;
INTRA-EX;202504;513881387;VWR15G502;84099100;FR;PT;10;EXW;11;3;;1,7;1;292;;FR28893403535;
INTRA-EX;202504;513881387;VWR15G501;84099100;FR;PT;10;EXW;11;3;;2;1;292;;FR28893403535;
INTRA-EX;202504;513881387;VWR15G503;84099100;FR;PT;10;EXW;11;3;;1,1;1;217;;FR28893403535;
INTRA-EX;202504;513881387;EVE-F8xM-PF;84212300;FR;PT;10;EXW;11;3;;1,5;1;113;;FR64921989059;
INTRA-EX;202504;513881387;AC-S55-CHP;84835020;FR;PT;10;EXW;11;3;;0,3;1;74;;FR64921989059;
INTRA-EX;202504;513881387;CTS-HW-0271;84099100;FR;PT;10;EXW;11;3;;0,4;1;64;;FR64921989059;
INTRA-EX;202504;513881387;FMWS72613-16M;87088099;FR;PT;10;EXW;11;3;;1,5;1;37;;FR64921989059;
INTRA-EX;202504;513881387;R02-10-2;40091100;FR;PT;10;EXW;11;3;;0,1;1;83;;FR64921989059;
INTRA-EX;202504;513881387;FMINLD2-M;84213100;FR;PT;10;EXW;11;3;;7;1;265;;FR64921989059;
INTRA-EX;202504;513881387;FMWS72616;87088099;FR;PT;10;EXW;11;3;;1,5;1;37;;FR64921989059;
INTRA-EX;202504;513881387;06E898001-4;85111000;FR;PT;10;EXW;11;3;;1,5;1;104;;QV999999999999;
INTRA-EX;202504;513881387;8E0971824S-RD;84099100;FR;PT;10;EXW;11;3;;0,2;1;14;;QV999999999999;
INTRA-EX;202504;513881387;BKR8EIX-4;85111000;FR;PT;10;EXW;11;3;;0,3;1;41;;QV999999999999;
INTRA-EX;202504;513881387;SILZKBR8D8S-6;84099100;FR;PT;10;EXW;11;3;;0,4;1;66;;QV999999999999;
INTRA-EX;202504;513881387;U5055-6;84099100;FR;PT;10;EXW;11;3;;2,1;1;132;;QV999999999999;
INTRA-EX;202504;513881387;E10-20-001-02-22;73202081;FR;PT;10;EXW;11;3;;11;1;219;;QV999999999999;
INTRA-EX;202504;513881387;BKR7EIX-4;84099100;FR;PT;10;EXW;11;3;;0,3;1;40;;QV999999999999;
INTRA-EX;202504;513881387;06E898001-4;85111000;FR;PT;10;EXW;11;3;;1,5;1;104;;QV999999999999;
INTRA-EX;202504;513881387;06F129101P;84814090;FR;PT;10;EXW;11;3;;0,2;1;17;;QV999999999999;
INTRA-EX;202504;513881387;FR-0059;84213100;FR;PT;10;EXW;11;3;;4,4;1;669;;FR52928843366;
INTRA-EX;202504;513881387;BKR8EIX-4;85111000;FR;PT;10;EXW;11;3;;0,3;1;41;;QV999999999999;
INTRA-EX;202504;513881387;06E898001-4;85111000;FR;PT;10;EXW;11;3;;1,5;1;104;;QV999999999999;
INTRA-EX;202504;513881387;AC-200-CFA-KIT;87089997;FR;PT;10;EXW;11;3;;0,1;1;32;;QV999999999999;
INTRA-EX;202504;513881387;ILZKBR7B8G-4;87089997;FR;PT;10;EXW;11;3;;0,3;1;37;;QV999999999999;
INTRA-EX;202504;513881387;U5055-4;84099100;FR;PT;10;EXW;11;3;;1,5;1;88;;QV999999999999;
INTRA-EX;202504;513881387;PPF-1816;84213100;FR;PT;10;EXW;11;3;;0,6;2;86;;QV999999999999;
INTRA-EX;202504;513881387;DILKAR8R9HS-4;85111000;FR;PT;10;EXW;11;3;;0,3;1;62;;QV999999999999;
INTRA-EX;202504;513881387;X11127570292ALBK;87089997;FR;PT;10;EXW;11;3;;7,5;1;216;;QV999999999999;
INTRA-EX;202504;513881387;AC-27-DEL;87089997;FR;PT;10;EXW;11;3;;0,1;1;20;;QV999999999999;
INTRA-EX;202504;513881387;06K103484F;87089997;FR;PT;10;EXW;11;3;;0,1;1;6;;QV999999999999;
INTRA-EX;202504;513881387;06K103213A;40091100;FR;PT;10;EXW;11;3;;0,1;1;16;;QV999999999999;
INTRA-EX;202504;513881387;CTS-IT-300R;84213100;FR;PT;10;EXW;11;3;;4,1;1;273;;QV999999999999;
INTRA-EX;202504;513881387;PFR8S8EG-6;87089997;FR;PT;10;EXW;11;3;;0,4;1;68;;QV999999999999;
INTRA-EX;202504;513881387;KDT925;87089997;FR;PT;10;EXW;11;3;;0,5;1;50;;QV999999999999;
INTRA-EX;202504;513881387;HMP-921;84213100;FR;PT;10;EXW;11;3;;0,3;1;68;;QV999999999999;
INTRA-EX;202504;513881387;06E898001-4;85111000;FR;PT;10;EXW;11;3;;1,5;1;104;;QV999999999999;
INTRA-EX;202504;513881387;216CLSDWABO-R;87089997;FR;PT;10;EXW;11;3;;0,4;1;59;;QV999999999999;
INTRA-EX;202504;513881387;FMFSITVR-BLK;84814090;FR;PT;10;EXW;11;3;;0,7;1;216;;QV999999999999;
INTRA-EX;202504;513881387;CTS-IGN-008;84099100;FR;PT;10;EXW;11;3;;0,3;6;210;;FR64384695292;
INTRA-EX;202504;513881387;06E898001-5;84099100;FR;PT;10;EXW;11;3;;1,9;1;131;;QV999999999999;
INTRA-EX;202504;513881387;SILFER8C7ES-5;85111000;FR;PT;10;EXW;11;3;;0,3;1;57;;QV999999999999;
INTRA-EX;202504;513881387;06J103600AFKIT;84099100;CZ;PT;10;EXW;11;3;;2,5;1;49;;QV999999999999;
INTRA-EX;202504;513881387;VWR180000;87089997;CZ;PT;10;EXW;11;3;;0,1;1;14;;QV999999999999;
INTRA-EX;202504;513881387;MMTS-GTR-09;90321020;BG;PT;10;EXW;11;3;;0,4;1;80;;BG130065364;
INTRA-EX;202504;513881387;MMRAD-R35-09;87089135;BG;PT;10;EXW;11;3;;11;1;435;;BG130065364;
INTRA-EX;202504;513881387;R07-10-2;40091100;LT;PT;10;EXW;11;3;;0,2;1;62;;LT100016248411;
INTRA-EX;202504;513881387;R7437-8-4;84099100;LU;PT;10;EXW;11;3;;0,3;1;164;;QV999999999999;
INTRA-EX;202504;513881387;MS100192-4;84099100;LU;PT;10;EXW;11;3;;1,7;1;185;;QV999999999999;
INTRA-EX;202504;513881387;RF100019;84213100;DE;PT;10;EXW;11;3;;0,8;1;52;;QV999999999999;
INTRA-EX;202504;513881387;VWR180006;87089997;DE;PT;10;EXW;11;3;;0,1;1;15;;QV999999999999;
INTRA-EX;202504;513881387;EVE-F56-LCI-PL-INT;84213100;PL;PT;10;EXW;11;3;;4,8;1;714;;PL8141683531;
INTRA-EX;202504;513881387;ATIKFO21;87089235;BE;PT;10;EXW;11;3;;2,1;1;179;;BE0845609871;
INTRA-EX;202504;513881387;ATMSFO124;87089997;BE;PT;10;EXW;11;3;;3;1;162;;BE0845609871;
INTRA-EX;202504;513881387;SBW1171-4P-BK;87083091;BE;PT;10;EXW;11;3;;0,5;1;83;;QV999999999999;
INTRA-EX;202504;513881387;10.127.203T;87089997;BE;PT;10;EXW;11;3;;0,1;1;14;;QV999999999999;
INTRA-EX;202504;513881387;AC-211-CFA;87089997;BE;PT;10;EXW;11;3;;0,1;1;24;;QV999999999999;
INTRA-EX;202504;513881387;BKR8EIX-4;85111000;BE;PT;10;EXW;11;3;;0,3;1;41;;QV999999999999;
INTRA-EX;202504;513881387;CTS-IT-289;84213100;BE;PT;10;EXW;11;3;;3,3;1;319;;QV999999999999;
INTRA-EX;202504;513881387;U5014;84099100;NL;PT;10;EXW;11;3;;0,3;4;85;;NL866860666B01;
INTRA-EX;202504;513881387;50003-MR45XLZ-4;87089997;IT;PT;10;EXW;11;3;;0,3;1;86;;QV999999999999;
INTRA-EX;202504;513881387;SILFER8C7ES;85111000;NL;PT;10;EXW;11;3;;0,1;5;47;;NL866860666B01;
INTRA-EX;202504;513881387;EVE-FK8V3-CF-CHG;87089997;IT;PT;10;EXW;11;3;;4;1;498;;IT03813391202;
INTRA-EX;202504;513881387;EVE-A35-CF-CHG;84213100;IT;PT;10;EXW;11;3;;2,2;2;1071;;IT03813391202;
INTRA-EX;202504;513881387;EVE-A35-CF-INT;84213100;IT;PT;10;EXW;11;3;;4,2;2;1857;;IT03813391202;
INTRA-EX;202504;513881387;AC-200R-DP;87089235;IT;PT;10;EXW;11;3;;10;1;166;;IT04146110160;
INTRA-EX;202504;513881387;EVE-C8RS6-CF-INT;84213100;IT;PT;10;EXW;11;3;;4,8;1;1987;;IT03813391202;
INTRA-EX;202504;513881387;PLFR5A-11-6;85111000;ES;PT;10;EXW;11;3;;0,4;1;52;;QV999999999999;
INTRA-EX;202504;513881387;FMINDK40-FOAM;84213100;ES;PT;10;EXW;11;3;;5;1;702;;ESB67114637;
INTRA-EX;202504;513881387;SILFER8C7ES-8;85111000;ES;PT;10;EXW;11;3;;0,5;1;91;;QV999999999999;
INTRA-EX;202504;513881387;PST77;87088035;ES;PT;10;EXW;11;3;;3,2;1;127;;QV999999999999;
INTRA-EX;202504;513881387;AC-208-IND-BK;40093100;ES;PT;10;EXW;11;3;;1,1;1;89;;QV999999999999;
INTRA-EX;202504;513881387;URKR-TW2-4201;87088055;ES;PT;10;EXW;11;3;;3;1;148;;QV999999999999;
INTRA-EX;202504;513881387;Z-335161;87089997;ES;PT;10;EXW;11;3;;1,1;1;152;;QV999999999999;
INTRA-EX;202504;513881387;FMFSITAT-POL;87089997;ES;PT;10;EXW;11;3;;0,7;1;215;;QV999999999999;
INTRA-EX;202504;513881387;KLC202;87088035;ES;PT;10;EXW;11;3;;1;1;120;;QV999999999999;
INTRA-EX;202504;513881387;PF04;85444290;ES;PT;10;EXW;11;3;;0,2;1;206;;ESE09737891;
INTRA-EX;202504;513881387;UR-TW2-1212;87088055;ES;PT;10;EXW;11;3;;1,7;1;104;;ESE09737891;
INTRA-EX;202504;513881387;UR-RL4-1435;87088055;ES;PT;10;EXW;11;3;;6,4;1;144;;ESE09737891;
INTRA-EX;202504;513881387;AC-VAG-ODP;70102000;ES;PT;10;EXW;11;3;;0,2;1;8;;ESE09737891;
INTRA-EX;202504;513881387;AC-200-TBH-BK;40093100;ES;PT;10;EXW;11;3;;0,2;1;18;;ESE09737891;
INTRA-EX;202504;513881387;VWR180000;87089997;ES;PT;10;EXW;11;3;;0,1;1;14;;QV999999999999;
INTRA-EX;202504;513881387;MMHXF-04-4-BK;87089997;ES;PT;10;EXW;11;3;;0,1;1;14;;QV999999999999;
INTRA-EX;202504;513881387;FMCCHMK5-RED;40093100;ES;PT;10;EXW;11;3;;0,2;1;43;;QV999999999999;
INTRA-EX;202504;513881387;PF04;85444290;ES;PT;10;EXW;11;3;;0,2;1;204;;QV999999999999;
INTRA-EX;202504;513881387;MMTS-GTI-99;90321020;ES;PT;10;EXW;11;3;;0,1;1;47;;QV999999999999;
INTRA-EX;202504;513881387;FM225AH-BLA;40093100;ES;PT;10;EXW;11;3;;0,3;1;45;;QV999999999999;
INTRA-EX;202504;513881387;50003-MR45XLZ-4;87089997;ES;PT;10;EXW;11;3;;0,3;1;86;;QV999999999999;
INTRA-EX;202504;513881387;1K0253144AE;87089997;ES;PT;10;EXW;11;3;;1;1;8;;QV999999999999;
INTRA-EX;202504;513881387;E10-15-004-03-22;73202081;ES;PT;10;EXW;11;3;;10,2;1;154;;QV999999999999;
INTRA-EX;202504;513881387;RPF-1512;84213100;ES;PT;10;EXW;11;3;;0,4;1;36;;QV999999999999;
INTRA-EX;202504;513881387;AC-200-QS;87089997;ES;PT;10;EXW;11;3;;0,5;1;74;;QV999999999999;
INTRA-EX;202504;513881387;PX1999;84213100;ES;PT;10;EXW;11;3;;0,8;1;50;;QV999999999999;
INTRA-EX;202504;513881387;8E0971824S-RD;84099100;ES;PT;10;EXW;11;3;;0,2;1;14;;QV999999999999;
INTRA-EX;202504;513881387;CI100033;84213100;ES;PT;10;EXW;11;3;;3,2;1;427;;ESB56882640;
INTRA-EX;202504;513881387;VWR12G7R600ITBLU;84213100;ES;PT;10;EXW;11;3;;0,8;1;76;;ESB56882640;
INTRA-EX;202504;513881387;MMINT-G80-21BK;87084099;ES;PT;10;EXW;11;3;;17,5;1;2401;;ES33558767L;
INTRA-EX;202504;513881387;VWR31TR01;87088020;ES;PT;10;EXW;11;3;;8,3;1;161;;ES33558767L;
INTRA-EX;202504;513881387;R7437-8;85111000;ES;PT;10;EXW;11;3;;0,1;4;136;;ES33558767L;
INTRA-EX;202504;513881387;VWR900002;85111000;ES;PT;10;EXW;11;3;;0,3;4;122;;ES33558767L;
INTRA-EX;202504;513881387;KTA107;87089997;ES;PT;10;EXW;11;3;;3,6;1;163;;ESB86420924;
INTRA-EX;202504;513881387;"TTE350 1.8T";84099100;ES;PT;10;EXW;11;3;;15,5;1;1288;;ES44719365M;
INTRA-EX;202504;513881387;MMOC-STI-08T;87089135;ES;PT;10;EXW;11;3;;4,8;1;304;;ESB66283003;
INTRA-EX;202504;513881387;UR-TW2-3909;87088055;FR;PT;10;EXW;11;3;;1,9;1;123;;QV999999999999;
INTRA-EX;202504;513881387;E10-15-022-02-22;73202081;FR;PT;10;EXW;11;3;;8,3;1;217;;FR36852855436;
INTRA-EX;202504;513881387;IZKR7B-6;85111000;FR;PT;10;EXW;11;3;;0,4;1;58;;QV999999999999;
INTRA-EX;202504;513881387;022905715B-6;84099100;FR;PT;10;EXW;11;3;;2,1;1;162;;QV999999999999;
INTRA-EX;202504;513881387;CTS-IGN-007;84099100;FR;PT;10;EXW;11;3;;0,3;4;140;;QV999999999999;
INTRA-EX;202504;513881387;022905715B-6;84099100;FR;PT;10;EXW;11;3;;2,1;1;162;;QV999999999999;
INTRA-EX;202504;513881387;IZKR7B-6;85111000;FR;PT;10;EXW;11;3;;0,4;1;58;;QV999999999999;
INTRA-EX;202504;513881387;AC-IS-TB;87089997;FR;PT;10;EXW;11;3;;0,3;1;44;;QV999999999999;
INTRA-EX;202504;513881387;AC-F56-IC;84198998;FR;PT;10;EXW;11;3;;14,1;1;322;;QV999999999999;
INTRA-EX;202504;513881387;RPF-3115;84213100;FR;PT;10;EXW;11;3;;0,3;1;31;;QV999999999999;
INTRA-EX;202504;513881387;VWR31G7GT;87088035;FR;PT;10;EXW;11;3;;8,5;1;161;;FR94827543661;
INTRA-EX;202504;513881387;VWR1200R601E;84213100;FR;PT;10;EXW;11;3;;4,9;1;338;;FR82530667591;
INTRA-EX;202504;513881387;TS-0203-1062;87089997;FR;PT;10;EXW;11;3;;0,4;1;153;;FR94827543661;
INTRA-EX;202504;513881387;CTS-IT-280;87089235;FR;PT;10;EXW;11;3;;1,5;1;127;;FR94827543661;
INTRA-EX;202504;513881387;CTS-IT-275;87089235;FR;PT;10;EXW;11;3;;1,7;1;149;;FR94827543661;
INTRA-EX;202504;513881387;MS100192;85111000;FR;PT;10;EXW;11;3;;0,3;4;149;;FR94827543661;
INTRA-EX;202504;513881387;CTS-IGN-008;84099100;FR;PT;10;EXW;11;3;;0,3;6;179;;FR94827543661;
INTRA-EX;202504;513881387;ATMSBMW22;87089997;FI;PT;10;EXW;11;3;;8,7;1;229;;QV999999999999;
INTRA-EX;202504;513881387;AC-200-HPFP;87089997;ES;PT;10;EXW;11;3;;1;1;479;;ES54064762L;
INTRA-EX;202504;513881387;242882;87082910;ES;PT;10;EXW;11;3;;2;1;685;;ES54064762L;
INTRA-EX;202504;513881387;ACSP1;84099100;EE;PT;10;EXW;11;3;;0,5;1;22;;QV999999999999;
INTRA-EX;202504;513881387;9-201-1000;84133080;CY;PT;10;EXW;11;3;;0,5;2;141;;CY00781748Y;
INTRA-EX;202504;513881387;9-350;87089997;CY;PT;10;EXW;11;3;;1,2;1;142;;CY00781748Y;
INTRA-EX;202504;513881387;SVAGC005;87089235;CZ;PT;10;EXW;11;3;;11;1;251;;CZ05681197;
INTRA-EX;202504;513881387;AC-200-CP;84099100;CZ;PT;10;EXW;11;3;;0,3;4;54;;CZ05681197;
INTRA-EX;202504;513881387;MS100219;85111000;CZ;PT;10;EXW;11;3;;0,3;8;332;;CZ05681197;
INTRA-EX;202504;513881387;CTS-FPK-004-450;87089235;CZ;PT;10;EXW;11;3;;0,8;1;277;;CZ05681197;
INTRA-EX;202504;513881387;SVWC042;87089235;CZ;PT;10;EXW;11;3;;11,4;1;251;;CZ05681197;
INTRA-EX;202504;513881387;Z1003100;85111000;CZ;PT;10;EXW;11;3;;0,1;9;224;;CZ05681197;
INTRA-EX;202504;513881387;MS100192;85111000;CZ;PT;10;EXW;11;3;;0,3;5;186;;CZ05681197;
INTRA-EX;202504;513881387;ATMSYGR07;87089997;BG;PT;10;EXW;11;3;;0,5;1;124;;BG204171399;
INTRA-EX;202504;513881387;CTS-HW-0199;87089997;LT;PT;10;EXW;11;3;;0,3;1;79;;QV999999999999;
INTRA-EX;202504;513881387;CTS-SIL-0070;40091100;LT;PT;10;EXW;11;3;;0,7;1;70;;QV999999999999;
INTRA-EX;202504;513881387;CTS-IT-285;40091100;LT;PT;10;EXW;11;3;;0,3;1;82;;QV999999999999;
INTRA-EX;202504;513881387;CK-003;87089997;LT;PT;10;EXW;11;3;;0,3;1;18;;QV999999999999;
INTRA-EX;202504;513881387;RPF-3129;84213100;LT;PT;10;EXW;11;3;;0,4;1;36;;QV999999999999;
INTRA-EX;202504;513881387;216EVOAFRWB4.9-WO;90261029;BG;PT;10;EXW;11;3;;1,1;1;129;;BG206125482;
INTRA-EX;202504;513881387;MMINT-CTR-17KSLWBK;87089199;BG;PT;10;EXW;11;3;;20,5;1;758;;BG204171399;
INTRA-EX;202504;513881387;EVE-FK8-CF-INT;84213100;BG;PT;10;EXW;11;3;;5;1;1035;;BG204171399;
INTRA-EX;202504;513881387;MMOC-CTR-17TBK;87089997;BG;PT;10;EXW;11;3;;6,1;1;413;;BG204171399;
INTRA-EX;202504;513881387;EVE-F9XM5M8-CHG;84212300;BG;PT;10;EXW;11;3;;1,2;1;472;;BG204171399;
INTRA-EX;202504;513881387;FMMK7INDH-BLA;40093100;BG;PT;10;EXW;11;3;;0,8;1;60;;BG204171399;
INTRA-EX;202504;513881387;FMINDMK7F-FOA;84213100;BG;PT;10;EXW;11;3;;0,7;1;64;;BG204171399;
INTRA-EX;202504;513881387;10.127.203K;84132000;SK;PT;10;EXW;11;3;;0,3;1;314;;SK2120431379;
INTRA-EX;202504;513881387;KWM074;87088055;SI;PT;10;EXW;11;3;;0,1;1;5;;QV999999999999;
INTRA-EX;202504;513881387;MMRAD-E46-01;87089135;HU;PT;10;EXW;11;3;;8,1;1;403;;HU25464285;
INTRA-EX;202504;513881387;MMHOSE-E46-99BK;40091100;HU;PT;10;EXW;11;3;;0,6;1;44;;HU25464285;
INTRA-EX;202504;513881387;MMFS-E46-01K;84149000;HU;PT;10;EXW;11;3;;4,9;1;182;;HU25464285;
INTRA-EX;202504;513881387;AC-200K03-MD;84198998;HU;PT;10;EXW;11;3;;0,5;1;44;;HU25464285;
INTRA-EX;202504;513881387;FMINDK47;84213100;HU;PT;10;EXW;11;3;;5,8;1;499;;HU25464285;
INTRA-EX;202504;513881387;SAU0705-4P-BK;87083091;HU;PT;10;EXW;11;3;;0,5;1;63;;HU25464285;
INTRA-EX;202504;513881387;PK438;84213100;HU;PT;10;EXW;11;3;;3,8;1;211;;HU25464285;
INTRA-EX;202504;513881387;RPF-1557;84213100;DE;PT;10;EXW;11;3;;0,4;2;51;;QV999999999999;
INTRA-EX;202504;513881387;CTS-CC-B8-TFSI;87089997;DE;PT;10;EXW;11;3;;3;1;337;;DE181881308;
INTRA-EX;202504;513881387;9-654-1025;84133080;DE;PT;10;EXW;11;3;;0,8;4;519;;DE181881308;
INTRA-EX;202504;513881387;9-655-1025;84133080;DE;PT;10;EXW;11;3;;0,8;4;519;;DE181881308;
INTRA-EX;202504;513881387;VWR12P1GT;84213100;DE;PT;10;EXW;11;3;;3;1;285;;DE181881308;
INTRA-EX;202504;513881387;S-BM/T/2H;87089235;PL;PT;10;EXW;11;3;;27,8;1;5438;;PL6972395288;
INTRA-EX;202504;513881387;TP-CT/47/RS;87089235;PL;PT;10;EXW;11;3;;3;1;1252;;PL6972395288;
INTRA-EX;202504;513881387;EVE-G8XMV2-CF-INT;84213100;PL;PT;10;EXW;11;3;;7,7;2;3975;;PL8141683531;
INTRA-EX;202504;513881387;SRNS023;87089235;PL;PT;10;EXW;11;3;;17;1;327;;PL8141683531;
INTRA-EX;202504;513881387;VWR11G701;84213100;PL;PT;10;EXW;11;3;;0,3;1;57;;PL8141683531;
INTRA-EX;202504;513881387;VWR670011;87089235;PL;PT;10;EXW;11;3;;3,5;1;163;;PL8141683531;
INTRA-EX;202504;513881387;MMHOSE-AUD-TBBK;40091100;PL;PT;10;EXW;11;3;;0,2;2;54;;PL8141683531;
INTRA-EX;202504;513881387;EVE-GR4-CF-INT;84213100;PL;PT;10;EXW;11;3;;4,9;2;1950;;PL8141683531;
INTRA-EX;202504;513881387;AC-45-BT;87089997;GR;PT;10;EXW;11;3;;0,1;1;19;;GREL156587530;
INTRA-EX;202504;513881387;AC-452-RAD;84198998;GR;PT;10;EXW;11;3;;3;1;166;;GREL156587530;
INTRA-EX;202504;513881387;AC-45-IC;84198998;GR;PT;10;EXW;11;3;;7,5;1;324;;GREL156587530;
INTRA-EX;202504;513881387;MMAF-4007;84213100;GR;PT;10;EXW;11;3;;0,8;1;30;;GREL156587530;
INTRA-EX;202504;513881387;CTS-ACC-SUPRAKIT;87089997;GR;PT;10;EXW;11;3;;0,7;1;119;;GREL156587530;
INTRA-EX;202504;513881387;E10-15-007-09-22;73202081;GR;PT;10;EXW;11;3;;11,6;1;140;;GREL156587530;
INTRA-EX;202504;513881387;CTS-HW-455;87089997;GR;PT;10;EXW;11;3;;1,4;1;134;;GREL156587530;
INTRA-EX;202504;513881387;AC-200-HPFP;87089997;GR;PT;10;EXW;11;3;;1;1;323;;GREL156587530;
INTRA-EX;202504;513881387;MS100210;85111000;GR;PT;10;EXW;11;3;;0,3;4;99;;GREL156587530;
INTRA-EX;202504;513881387;Z1003101;85111000;GR;PT;10;EXW;11;3;;0,1;4;66;;GREL156587530;
INTRA-EX;202504;513881387;MMEXH-MUS8-15XP;87089235;GR;PT;10;EXW;11;3;;8,7;1;141;;GREL156587530;
INTRA-EX;202504;513881387;MMTS-FIST-14;87089997;GR;PT;10;EXW;11;3;;0,1;1;35;;GREL156587530;
INTRA-EX;202504;513881387;D760-0067;84099100;GR;PT;10;EXW;11;3;;1,5;1;111;;GREL156587530;
INTRA-EX;202504;513881387;AC-200-PCVCC;87089997;GR;PT;10;EXW;11;3;;0,5;1;41;;GREL156587530;
INTRA-EX;202504;513881387;R7437-9-5;85111000;BE;PT;10;EXW;11;3;;0,3;1;208;;BE0736770428;
INTRA-EX;202504;513881387;5W40;27101999;BE;PT;10;EXW;11;3;;1,9;5;145;;BE0736770428;
INTRA-EX;202504;513881387;06D115562;84099100;BE;PT;10;EXW;11;3;;0,2;1;4;;BE0736770428;
INTRA-EX;202504;513881387;VWR900004;85111000;GR;PT;10;EXW;11;3;;0,3;4;131;;GREL137646504;
INTRA-EX;202504;513881387;SP-204;32081090;GR;PT;10;EXW;11;3;;0,5;1;16;;GREL137646504;
INTRA-EX;202504;513881387;TS-0552-1011;87089997;GR;PT;10;EXW;11;3;;1,4;1;227;;GREL137646504;
INTRA-EX;202504;513881387;SP-201;32081090;GR;PT;10;EXW;11;3;;0,5;5;81;;GREL137646504;
INTRA-EX;202504;513881387;CTS-IT-105R;84213100;BE;PT;10;EXW;11;3;;4,6;1;254;;QV999999999999;
INTRA-EX;202504;513881387;CTS-IT-220R;84213100;BE;PT;10;EXW;11;3;;4,5;1;278;;QV999999999999;
INTRA-EX;202504;513881387;SBMP105;87089997;BE;PT;10;EXW;11;3;;1,9;1;68;;QV999999999999;
INTRA-EX;202504;513881387;PP1949;84213100;BE;PT;10;EXW;11;3;;0,7;1;37;;QV999999999999;
INTRA-EX;202504;513881387;MMINT-MK6-06;87089199;BE;PT;10;EXW;11;3;;14,4;1;487;;BE0740963105;
INTRA-EX;202504;513881387;AC-MK7-IT;84198998;BE;PT;10;EXW;11;3;;4,3;1;144;;BE0767634937;
INTRA-EX;202504;513881387;R7437-9;85111000;BE;PT;10;EXW;11;3;;0,1;3;105;;BE0740963105;
INTRA-EX;202504;513881387;MMICP-F80-15;40091100;BE;PT;10;EXW;11;3;;2,5;1;245;;BE0800520610;
INTRA-EX;202504;513881387;EVE-TRB8V8S-LHD-NIL;85111000;BE;PT;10;EXW;11;3;;1,7;1;428;;BE0789537438;
INTRA-EX;202504;513881387;EVE-TRB8V8S-FLG-STK;85111000;BE;PT;10;EXW;11;3;;0,2;1;35;;BE0789537438;
INTRA-EX;202504;513881387;D650-0009;84099100;BE;PT;10;EXW;11;3;;0,3;12;302;;BE0740963105;
INTRA-EX;202504;513881387;VWR12G7R602;84213100;BE;PT;10;EXW;11;3;;4,5;1;338;;BE0897334033;
INTRA-EX;202504;513881387;50003-MR45XLZ-4;87089997;NL;PT;10;EXW;11;3;;0,3;1;86;;QV999999999999;
INTRA-EX;202504;513881387;EVE-B58-CF-INT;84213100;NL;PT;10;EXW;11;3;;4,2;1;928;;NL866996473B01;
INTRA-EX;202504;513881387;AC-MK5-FU-BL;87088055;NL;PT;10;EXW;11;3;;4,4;1;59;;NL866860666B01;
INTRA-EX;202504;513881387;BWR25XZ;87088055;IT;PT;10;EXW;11;3;;5;1;209;;QV999999999999;
INTRA-EX;202504;513881387;MMHOSE-BRZ-13IBK;40091100;NL;PT;10;EXW;11;3;;1,3;1;73;;NL866860666B01;
INTRA-EX;202504;513881387;SPR1000-4P-BK;87083091;IT;PT;10;EXW;11;3;;0,5;1;51;;IT02710790060;
INTRA-EX;202504;513881387;SBW0261-4P-EB;87083091;IT;PT;10;EXW;11;3;;0,5;1;63;;IT02710790060;
INTRA-EX;202504;513881387;SHY0800-4P-RD;87083091;IT;PT;10;EXW;11;3;;0,8;1;63;;IT02710790060;
INTRA-EX;202504;513881387;SBW1175-4P-BK;87083091;IT;PT;10;EXW;11;3;;0,5;1;51;;IT02710790060;
INTRA-EX;202504;513881387;SBW1110-4P-RD;87083091;IT;PT;10;EXW;11;3;;0,4;1;63;;IT02710790060;
INTRA-EX;202504;513881387;CTS-HW-0271;84099100;NL;PT;10;EXW;11;3;;0,4;1;52;;NL866860666B01;
INTRA-EX;202504;513881387;SAU0436-4P-RD;87083091;IT;PT;10;EXW;11;3;;0,5;1;51;;IT12072620011;
INTRA-EX;202504;513881387;VWR31G70RW;87088035;NL;PT;10;EXW;11;3;;9,1;1;161;;NL866996473B01;
INTRA-EX;202504;513881387;VWR1210R600EG;84213100;IT;PT;10;EXW;11;3;;5,2;1;458;;IT12034500012;
INTRA-EX;202504;513881387;VWR12G7R600FO;84213100;IT;PT;10;EXW;11;3;;0,5;2;153;;IT12034500012;
INTRA-EX;202504;513881387;VWR160001;87089997;IT;PT;10;EXW;11;3;;0,4;3;257;;IT12034500012;
INTRA-EX;202504;513881387;VWR12G7R600ITINLET;87089997;IT;PT;10;EXW;11;3;;0,4;3;300;;IT12034500012;
INTRA-EX;202504;513881387;VWR17G7R600;40091100;IT;PT;10;EXW;11;3;;0,2;3;114;;IT12034500012;
INTRA-EX;202504;513881387;VWR12G7R600ITBLA;84213100;IT;PT;10;EXW;11;3;;0,8;2;152;;IT12034500012;
INTRA-EX;202504;513881387;VWR1200R601E;84213100;IT;PT;10;EXW;11;3;;4,9;3;1014;;IT12034500012;
INTRA-EX;202504;513881387;VWR1200R600E;84213100;IT;PT;10;EXW;11;3;;4,9;4;1238;;IT12034500012;
INTRA-EX;202504;513881387;EVE-C63S-CF-INT;84213100;NL;PT;10;EXW;11;3;;6,3;1;2035;;NL866860666B01;
INTRA-EX;202504;513881387;AC-OPC-DP;87089235;NL;PT;10;EXW;11;3;;1,7;1;65;;NL866860666B01;
INTRA-EX;202504;513881387;SAU0432-4P-BK;87083091;IT;PT;10;EXW;11;3;;0,5;1;63;;IT02710790060;
INTRA-EX;202504;513881387;FMDV32A-BLK;84814090;IT;PT;10;EXW;11;3;;0,6;1;164;;IT03656931205;
INTRA-EX;202504;513881387;R7437-9;85111000;NL;PT;10;EXW;11;3;;0,1;5;176;;NL866860666B01;
INTRA-EX;202504;513881387;AC-200-CP;84099100;IT;PT;10;EXW;11;3;;0,3;4;54;;IT02710790060;
INTRA-EX;202504;513881387;CTS-SIL-0070;40091100;NL;PT;10;EXW;11;3;;0,7;1;52;;NL866860666B01;
INTRA-EX;202504;513881387;VWR1200R601E;84213100;NL;PT;10;EXW;11;3;;4,9;1;338;;NL866860666B01;
INTRA-EX;202504;513881387;EVE-2TFSI-CF-INT;84213100;IT;PT;10;EXW;11;3;;3,1;1;663;;IT02710790060;
INTRA-EX;202504;513881387;VWR12G7R600ITINLET;87089997;IT;PT;10;EXW;11;3;;0,4;1;100;;IT02710790060;
INTRA-EX;202504;513881387;VWR12G7R600ITBLA;84213100;IT;PT;10;EXW;11;3;;0,8;1;76;;IT02710790060;
INTRA-EX;202504;513881387;VWR160001;87089997;IT;PT;10;EXW;11;3;;0,4;1;86;;IT02710790060;
INTRA-EX;202504;513881387;R7437-8;85111000;NL;PT;10;EXW;11;3;;0,1;4;136;;NL866860666B01;
INTRA-EX;202504;513881387;CTS-IGN-007;84099100;NL;PT;10;EXW;11;3;;0,3;4;119;;NL866860666B01;
INTRA-EX;202504;513881387;CTS-IT-255R;87089135;NL;PT;10;EXW;11;3;;8;1;284;;NL866860666B01;
INTRA-EX;202504;513881387;R7437-9;85111000;IT;PT;10;EXW;11;3;;0,1;4;141;;IT03656931205;
INTRA-EX;202504;513881387;BMR78XZ;87088055;NL;PT;10;EXW;11;3;;3;1;129;;NL866860666B01;
INTRA-EX;202504;513881387;ARMAFDFIST-A;84213100;IT;PT;10;EXW;11;3;;2,1;1;247;;IT02710790060;
INTRA-EX;202504;513881387;SP-734;32081090;NL;PT;10;EXW;11;3;;1;1;12;;NL859402022B01;
INTRA-EX;202504;513881387;SP-760;32081090;NL;PT;10;EXW;11;3;;0,5;1;13;;NL859402022B01;
INTRA-EX;202504;513881387;SP-731;32081090;NL;PT;10;EXW;11;3;;1;10;128;;NL859402022B01;
INTRA-EX;202504;513881387;SP-732;32081090;NL;PT;10;EXW;11;3;;1;2;25;;NL859402022B01;
INTRA-EX;202504;513881387;MB773-C;87089235;NL;PT;10;EXW;11;3;;27,4;1;1958;;NL859402022B01;
INTRA-EX;202504;513881387;MMRAD-E90-07;87089135;IT;PT;10;EXW;11;3;;6,4;1;333;;IT02710790060;
INTRA-EX;202504;513881387;VWR1200R600E;84213100;IT;PT;10;EXW;11;3;;4,9;1;309;;IT02710790060;
INTRA-EX;202504;513881387;FMDVMK7A-BLA;87089997;IT;PT;10;EXW;11;3;;0,6;1;164;;IT02710790060;
INTRA-EX;202504;513881387;CTS-IT-800;84213100;NL;PT;10;EXW;11;3;;4,3;1;247;;NL866860666B01;
INTRA-EX;202504;513881387;KLC163;87088035;IT;PT;10;EXW;11;3;;0,9;1;85;;IT03656931205;
INTRA-EX;202504;513881387;CI100054;40091100;NL;PT;10;EXW;11;3;;4,3;2;375;;NL866996473B01;
INTRA-EX;202504;513881387;D650-0009;84099100;NL;PT;10;EXW;11;3;;0,3;3;75;;NL866996473B01;
INTRA-EX;202504;513881387;IKR9J8;85111000;NL;PT;10;EXW;11;3;;0,4;8;76;;NL866996473B01;
INTRA-EX;202504;513881387;VWR810000;87089997;NL;PT;10;EXW;11;3;;0,2;1;17;;NL866996473B01;
INTRA-EX;202504;513881387;AC-211-CFA;87089997;NL;PT;10;EXW;11;3;;0,1;1;16;;NL866996473B01;
INTRA-EX;202504;513881387;BKR8EIX;85111000;NL;PT;10;EXW;11;3;;0,1;16;142;;NL866996473B01;
INTRA-EX;202504;513881387;SILZKFR8D7S;85111000;NL;PT;10;EXW;11;3;;0,2;4;30;;NL866996473B01;
INTRA-EX;202504;513881387;BKR7EIX;85111000;NL;PT;10;EXW;11;3;;0,1;4;34;;NL866996473B01;
INTRA-EX;202504;513881387;CTS-IGN-007;84099100;NL;PT;10;EXW;11;3;;0,3;26;779;;NL866996473B01;
INTRA-EX;202504;513881387;MS100192;85111000;IT;PT;10;EXW;11;3;;0,3;16;597;;IT08839490011;
INTRA-EX;202504;513881387;U5014;84099100;IT;PT;10;EXW;11;3;;0,3;4;85;;IT08839490011;
INTRA-EX;202504;513881387;SILFER8C7ES;85111000;IT;PT;10;EXW;11;3;;0,1;4;38;;IT08839490011;
INTRA-EX;202504;513881387;VWR19G711;84213100;IT;PT;10;EXW;11;3;;0,3;1;65;;IT08839490011;
INTRA-EX;202504;513881387;SVXP062;87089235;NL;PT;10;EXW;11;3;;5,7;1;169;;NL866860666B01;
INTRA-EX;202504;513881387;CTS-IT-341;40091100;IT;PT;10;EXW;11;3;;1,4;1;164;;IT02710790060;
INTRA-EX;202504;513881387;216BFWABOSM;90262020;NL;PT;10;EXW;11;3;;0,3;1;22;;NL866860666B01;
INTRA-EX;202504;513881387;PF04;85444290;NL;PT;10;EXW;11;3;;0,2;1;159;;NL866860666B01;
INTRA-EX;202504;513881387;AC-MK7-CP-BL;84099100;IT;PT;10;EXW;11;3;;0,3;4;71;;IT02710790060;
INTRA-EX;202504;513881387;FMDV37-BLACK;84818040;IT;PT;10;EXW;11;3;;0,6;2;286;;IT02710790060;
INTRA-EX;202504;513881387;MS100204;85111000;IT;PT;10;EXW;11;3;;0,3;4;149;;IT02710790060;
INTRA-EX;202504;513881387;U5014;84099100;NL;PT;10;EXW;11;3;;0,3;4;85;;NL866860666B01;
INTRA-EX;202504;513881387;BKR7EIX;85111000;NL;PT;10;EXW;11;3;;0,1;4;34;;NL866860666B01;
INTRA-EX;202504;513881387;VWR1200R600E;84213100;IT;PT;10;EXW;11;3;;4,9;1;309;;IT04146110160;
INTRA-EX;202504;513881387;MMINT-EVO-01KBK;87089199;IT;PT;10;EXW;11;3;;22,8;1;612;;IT02710790060;
INTRA-EX;202504;513881387;VSR84-C1SA4;87089997;IT;PT;10;EXW;11;3;;31,3;1;724;;IT02710790060;
INTRA-EX;202504;513881387;SFDC073;87089997;NL;PT;10;EXW;11;3;;3,7;1;138;;NL866860666B01;
INTRA-EX;202504;513881387;CTS-HW-450;87089997;IT;PT;10;EXW;11;3;;0,8;1;112;;IT02710790060;
INTRA-EX;202504;513881387;D760-0069;84099100;IT;PT;10;EXW;11;3;;4,4;1;319;;IT02710790060;
INTRA-EX;202504;513881387;CTS-IGN-007;84099100;NL;PT;10;EXW;11;3;;0,3;4;119;;NL866860666B01;
INTRA-EX;202504;513881387;EVE-G20B58-V2-INT;84213100;IT;PT;10;EXW;11;3;;4,5;1;999;;IT02710790060;
INTRA-EX;202504;513881387;SP-732;32081090;NL;PT;10;EXW;11;3;;1;2;25;;NL857445832B01;
INTRA-EX;202504;513881387;UR-RU2-679A;87088055;NL;PT;10;EXW;11;3;;2,5;1;71;;NL857445832B01;
INTRA-EX;202504;513881387;HB-FR-00;87089997;NL;PT;10;EXW;11;3;;1,5;1;84;;NL857445832B01;
INTRA-EX;202504;513881387;SP-204;32081090;NL;PT;10;EXW;11;3;;0,5;12;195;;NL857445832B01;
INTRA-EX;202504;513881387;CTS-IGN-008;84099100;IT;PT;10;EXW;11;3;;0,3;4;119;;IT03656931205;
INTRA-EX;202504;513881387;AC-B58-INLET;40091100;NL;PT;10;EXW;11;3;;0,6;1;71;;NL866860666B01;
INTRA-EX;202504;513881387;AC-B58-INLET;40091100;IT;PT;10;EXW;11;3;;0,6;1;71;;IT02710790060;
INTRA-EX;202504;513881387;CTS-IT-340;;IT;PT;10;EXW;11;3;;0,1;1;224;;IT02710790060;
INTRA-EX;202504;513881387;MS100192;85111000;NL;PT;10;EXW;11;3;;0,3;6;224;;NL866860666B01;
INTRA-EX;202504;513881387;UR-RL2-988;87088055;IT;PT;10;EXW;11;3;;2,2;1;51;;IT12072620011;
INTRA-EX;202504;513881387;AC-200K03-MD;84198998;IT;PT;10;EXW;11;3;;0,5;1;44;;IT12072620011;
INTRA-EX;202504;513881387;EVE-FLC;87084099;IT;PT;10;EXW;11;3;;0,6;2;42;;IT12072620011;
INTRA-EX;202504;513881387;9-655-1025;84133080;IT;PT;10;EXW;11;3;;0,8;1;129;;IT12072620011;
INTRA-EX;202504;513881387;MS100137;87089997;NL;PT;10;EXW;11;3;;0,7;1;159;;NL866860666B01;
INTRA-EX;202504;513881387;SVW0630-4P-RD;87083091;IT;PT;10;EXW;11;3;;0,5;1;63;;IT03656931205;
INTRA-EX;202504;513881387;D650-0003;84099100;IT;PT;10;EXW;11;3;;0,3;4;92;;IT02710790060;
INTRA-EX;202504;513881387;FMINLH11-BLA;40091100;IT;PT;10;EXW;11;3;;0,6;1;85;;IT02710790060;
INTRA-EX;202504;513881387;CI100033-B;87089235;IT;PT;10;EXW;11;3;;1;1;166;;IT02710790060;
INTRA-EX;202504;513881387;SBW0261-4P-EB;87083091;IT;PT;10;EXW;11;3;;0,5;1;63;;IT02710790060;
INTRA-EX;202504;513881387;CTS-IT-805;40091100;IT;PT;10;EXW;11;3;;1,4;1;164;;IT02710790060;
INTRA-EX;202504;513881387;FMKT135F20;87089997;IT;PT;10;EXW;11;3;;0,7;1;80;;IT02710790060;
INTRA-EX;202504;513881387;MMINT-F30-12BK;87089199;IT;PT;10;EXW;11;3;;15,9;1;503;;IT02710790060;
INTRA-EX;202504;513881387;FMINDF500-RED-PLE;84213100;IT;PT;10;EXW;11;3;;3;1;214;;IT02710790060;
INTRA-EX;202504;513881387;AC-MQB-IC;84198998;IT;PT;10;EXW;11;3;;16,3;1;317;;IT03813391202;
INTRA-EX;202504;513881387;AC-MQB-IC;84198998;IT;PT;10;EXW;11;3;;16,3;1;317;;IT14481871003;
INTRA-EX;202504;513881387;EVE-W192-FTR;;IT;PT;10;EXW;11;3;;0,1;1;71;;IT03656931205;
INTRA-EX;202504;513881387;VWR19G701;87089997;IT;PT;10;EXW;11;3;;0,2;1;51;;IT03656931205;
INTRA-EX;202504;513881387;VSM74-C1SA3;87089997;IT;PT;10;EXW;11;3;;27;1;736;;IT14481871003;
INTRA-EX;202504;513881387;VWR31P2GT;84213100;IT;PT;10;EXW;11;3;;8;1;161;;IT02710790060;
INTRA-EX;202504;513881387;VWR143000;87089997;ES;PT;10;EXW;11;3;;14,9;1;1041;;ESJ76243781;
INTRA-EX;202504;513881387;R7437-9-5;85111000;ES;PT;10;EXW;11;3;;0,3;1;208;;ESJ76243781;
INTRA-EX;202504;513881387;ATIKHYU5;87089997;ES;PT;10;EXW;11;3;;3;1;304;;ES45899844D;
INTRA-EX;202504;513881387;KLC202;87088035;ES;PT;10;EXW;11;3;;1;1;120;;QV999999999999;
INTRA-EX;202504;513881387;ARMAAD08YA;84213100;ES;PT;10;EXW;11;3;;5,5;1;1141;;ESB93602019;
INTRA-EX;202504;513881387;VWRM026-XL;90292031;ES;PT;10;EXW;11;3;;0,5;1;19;;QV999999999999;
INTRA-EX;202504;513881387;06K103495AC;87089997;ES;PT;10;EXW;11;3;;0,6;1;31;;QV999999999999;
INTRA-EX;202504;513881387;KBR39;87089997;ES;PT;10;EXW;11;3;;0,7;1;118;;ESB66526328;
INTRA-EX;202504;513881387;SP1204BLK;84213100;ES;PT;10;EXW;11;3;;3,4;1;242;;ESB66526328;
INTRA-EX;202504;513881387;14019-AF002;84213100;ES;PT;10;EXW;11;3;;8,6;1;683;;ESB66526328;
INTRA-EX;202504;513881387;RBF700;27101999;ES;PT;10;EXW;11;3;;0,6;1;14;;QV999999999999;
INTRA-EX;202504;513881387;SSZ0205-6P-BK;87083091;ES;PT;10;EXW;11;3;;0,6;1;116;;QV999999999999;
INTRA-EX;202504;513881387;FMACVAG08;84099100;ES;PT;10;EXW;11;3;;0,5;1;141;;ESB45759685;
INTRA-EX;202504;513881387;VWR69G7KIT;87083091;ES;PT;10;EXW;11;3;;0,5;1;148;;QV999999999999;
INTRA-EX;202504;513881387;FMDVF20A;84814090;ES;PT;10;EXW;11;3;;0,7;1;185;;QV999999999999;
INTRA-EX;202504;513881387;PPF-2047;84213100;ES;PT;10;EXW;11;3;;0,6;1;42;;QV999999999999;
INTRA-EX;202504;513881387;AC-27-TI;84198998;ES;PT;10;EXW;11;3;;3;1;148;;QV999999999999;
INTRA-EX;202504;513881387;MMSK-CF;87084099;ES;PT;10;EXW;11;3;;0,2;1;41;;QV999999999999;
INTRA-EX;202504;513881387;FMBH7-PERFORMANCEBLUE;40093100;ES;PT;10;EXW;11;3;;0,5;1;56;;QV999999999999;
INTRA-EX;202504;513881387;FMSS7;87089997;ES;PT;10;EXW;11;3;;0,3;1;64;;QV999999999999;
INTRA-EX;202504;513881387;FMINDK45-PLEATED;84213100;ES;PT;10;EXW;11;3;;6,2;1;207;;QV999999999999;
INTRA-EX;202504;513881387;AC-MK7-CP-4;84099100;ES;PT;10;EXW;11;3;;1;1;111;;QV999999999999;
INTRA-EX;202504;513881387;SP-201;32081090;ES;PT;10;EXW;11;3;;0,5;1;27;;QV999999999999;
INTRA-EX;202504;513881387;JSK-145-70-BK;84213100;ES;PT;10;EXW;11;3;;2,5;1;205;;QV999999999999;
INTRA-EX;202504;513881387;AC-MK8-IC;87089199;ES;PT;10;EXW;11;3;;16,5;1;349;;ESB44699973;
INTRA-EX;202504;513881387;VWR1210R600EM;84213100;ES;PT;10;EXW;11;3;;5,2;1;458;;ESB44699973;
INTRA-EX;202504;513881387;CTS-FPK-004-450;87089235;ES;PT;10;EXW;11;3;;0,8;1;277;;ESE70432497;
INTRA-EX;202504;513881387;D650-0003;84099100;ES;PT;10;EXW;11;3;;0,3;6;139;;ESB04855516;
INTRA-EX;202504;513881387;SAU0631-4C-BK;87083091;ES;PT;10;EXW;11;3;;0,5;1;79;;ESB44699973;
INTRA-EX;202504;513881387;VWR900002;85111000;ES;PT;10;EXW;11;3;;0,3;4;122;;ESB44699973;
INTRA-EX;202504;513881387;SHYC105;87089235;ES;PT;10;EXW;11;3;;2,5;1;150;;ES44719365M;
INTRA-EX;202504;513881387;FMINDK47;84213100;ES;PT;10;EXW;11;3;;5,8;1;499;;ES33558767L;
INTRA-EX;202504;513881387;VWR31G70R;87088035;ES;PT;10;EXW;11;3;;9,5;1;161;;ES33558767L;
INTRA-EX;202504;513881387;D650-0004;84099100;ES;PT;10;EXW;11;3;;0,3;3;69;;ESB42954230;
INTRA-EX;202504;513881387;VWR1200R601E;84213100;ES;PT;10;EXW;11;3;;4,9;2;676;;ESB42954230;
INTRA-EX;202504;513881387;MMRAD-E46-323;87089997;ES;PT;10;EXW;11;3;;7,2;1;213;;ESB42954230;
INTRA-EX;202504;513881387;VWR12P2GTG;84213100;ES;PT;10;EXW;11;3;;2,1;1;444;;ESB42954230;
INTRA-EX;202504;513881387;AC-MK7-CP;84099100;ES;PT;10;EXW;11;3;;0,3;20;359;;ESB04855516;
INTRA-EX;202504;513881387;SFDP091;87089235;ES;PT;10;EXW;11;3;;8,1;1;88;;ESB42954230;
INTRA-EX;202504;513881387;SFDS091D;87089235;ES;PT;10;EXW;11;3;;21,6;1;520;;ESB42954230;
INTRA-EX;202504;513881387;SFDC091;87089235;ES;PT;10;EXW;11;3;;7;1;229;;ESB42954230;
INTRA-EX;202504;513881387;VWR650000-RED;87083099;ES;PT;10;EXW;11;3;;39,5;1;2838;;ESB70550694;
INTRA-EX;202504;513881387;VWR31G7GT;87088035;ES;PT;10;EXW;11;3;;8,5;1;161;;ESB70550694;
INTRA-EX;202504;513881387;VWR620005MM;87089997;ES;PT;10;EXW;11;3;;0,5;1;81;;ESB70550694;
INTRA-EX;202504;513881387;CTS-AF-270;84213100;ES;PT;10;EXW;11;3;;0,5;1;37;;ESB72996382;
INTRA-EX;202504;513881387;FMINLH11-BLA;40091100;ES;PT;10;EXW;11;3;;0,6;1;85;;ESB72996382;
INTRA-EX;202504;513881387;FMAS049-BLU;87089997;ES;PT;10;EXW;11;3;;0,2;1;10;;ESB72996382;
INTRA-EX;202504;513881387;FMKC005-BLA;40093100;ES;PT;10;EXW;11;3;;1,4;1;154;;ESB72996382;
INTRA-EX;202504;513881387;VWR1200R600E;84213100;ES;PT;10;EXW;11;3;;4,9;1;309;;ES44534463T;
INTRA-EX;202504;513881387;AC-MK7-IND-RD;40091100;ES;PT;10;EXW;11;3;;0,9;1;32;;ES44534463T;
INTRA-EX;202504;513881387;CTS-IT-285;40091100;ES;PT;10;EXW;11;3;;0,3;1;59;;ES44534463T;
INTRA-EX;202504;513881387;CTS-HW-0199;87089997;ES;PT;10;EXW;11;3;;0,3;1;59;;ES44534463T;
INTRA-EX;202504;513881387;BKR8EIX;85111000;ES;PT;10;EXW;11;3;;0,1;4;35;;ESB42771618;
INTRA-EX;202504;513881387;MS100192;85111000;ES;PT;10;EXW;11;3;;0,3;8;298;;ESB42771618;
INTRA-EX;202504;513881387;EVE-GR4-CF-INT;84213100;ES;PT;10;EXW;11;3;;4,9;2;1950;;ESB42771618;
INTRA-EX;202504;513881387;BKR7EIX;85111000;ES;PT;10;EXW;11;3;;0,1;6;51;;ES43179343V;
INTRA-EX;202504;513881387;MMRAD-GLF-99;87089135;ES;PT;10;EXW;11;3;;8;1;208;;ES43179343V;
INTRA-EX;202504;513881387;MMHOSE-GLF-99BK;40091100;ES;PT;10;EXW;11;3;;2,5;1;150;;ES43179343V;
INTRA-EX;202504;513881387;SVW0607-4P-BK;87083091;ES;PT;10;EXW;11;3;;0,5;1;51;;ES43179343V;
INTRA-EX;202504;513881387;W13203;87088035;ES;PT;10;EXW;11;3;;0,1;1;11;;ES43179343V;
INTRA-EX;202504;513881387;30-3300;87089997;ES;PT;10;EXW;11;3;;4,9;1;399;;ES43179343V;
INTRA-EX;202504;513881387;D650-0003;84099100;ES;PT;10;EXW;11;3;;0,3;4;92;;ES28841101K;
INTRA-EX;202504;513881387;GSM56-81SS2;73209090;ES;PT;10;EXW;11;3;;24,5;1;472;;ESB86420924;
INTRA-EX;202504;513881387;VWR31G70R;87088035;ES;PT;10;EXW;11;3;;9,5;1;161;;ESB86420924;
INTRA-EX;202504;513881387;FMINDK38;84213100;ES;PT;10;EXW;11;3;;3;1;138;;ES29524079Z;
INTRA-EX;202504;513881387;FMINLH21-RED;40093100;ES;PT;10;EXW;11;3;;0,6;1;49;;ES29524079Z;
INTRA-EX;202504;513881387;VWR31G70RW;87088035;ES;PT;10;EXW;11;3;;9,1;1;161;;ESB19296938;
INTRA-EX;202504;513881387;EVE-GR4-CF-INT;84213100;ES;PT;10;EXW;11;3;;4,9;1;975;;ESB86280039;
INTRA-EX;202504;513881387;PFR7S8EG;85111000;ES;PT;10;EXW;11;3;;0,2;4;28;;ESB65945743;
INTRA-EX;202504;513881387;10.127.100K;84132000;ES;PT;10;EXW;11;3;;0,3;1;227;;ESB65945743;
INTRA-EX;202504;513881387;CTS-IT-272R;84213100;ES;PT;10;EXW;11;3;;3,9;1;209;;ESB65945743;
INTRA-EX;202504;513881387;FMACVAG06;84099100;ES;PT;10;EXW;11;3;;0,6;1;114;;ESB65945743;
INTRA-EX;202504;513881387;CTS-IT-105R;84213100;ES;PT;10;EXW;11;3;;4,6;1;224;;ESB65945743;
INTRA-EX;202504;513881387;MS100192;85111000;ES;PT;10;EXW;11;3;;0,3;4;149;;ESB65945743;
INTRA-EX;202504;513881387;03K906051;90269000;ES;PT;10;EXW;11;3;;0,1;2;27;;ESB65945743;
INTRA-EX;202504;513881387;TS-0204-1134;;ES;PT;10;EXW;11;3;;0,1;1;185;;ES18062887K;
INTRA-EX;202504;513881387;SHYSP102;87089997;ES;PT;10;EXW;11;3;;3;1;119;;ES18062887K;
INTRA-EX;202504;513881387;URKR-TW2-2685;84099100;ES;PT;10;EXW;11;3;;1,4;1;75;;ES44719365M;
INTRA-EX;202504;513881387;VWR1200R601E;84213100;ES;PT;10;EXW;11;3;;4,9;1;338;;ESB72996382;
INTRA-EX;202504;513881387;FMSS5;87089997;ES;PT;10;EXW;11;3;;0,2;1;44;;ESB72996382;
INTRA-EX;202504;513881387;VWR120010;40091100;ES;PT;10;EXW;11;3;;1,4;1;178;;ESB42954230;
INTRA-EX;202504;513881387;MS100192;85111000;ES;PT;10;EXW;11;3;;0,3;20;747;;ESB42954230;
INTRA-EX;202504;513881387;MS100208;85111000;ES;PT;10;EXW;11;3;;0,3;12;298;;ESB42954230;
INTRA-EX;202504;513881387;VWR900001;85111000;ES;PT;10;EXW;11;3;;0,3;8;244;;ESB42954230;
INTRA-EX;202504;513881387;VWR11G701;84213100;ES;PT;10;EXW;11;3;;0,3;2;114;;ESB42954230;
INTRA-EX;202504;513881387;CTS-TM-MQB-60D;87089235;ES;PT;10;EXW;11;3;;2,5;1;89;;ESB42954230;
INTRA-EX;202504;513881387;VWR1200R601E;84213100;ES;PT;10;EXW;11;3;;4,9;1;338;;ESB42954230;
INTRA-EX;202504;513881387;VWR19G702;70102000;ES;PT;10;EXW;11;3;;0,1;1;49;;ESB42954230;
INTRA-EX;202504;513881387;VWR17G7R600;40091100;ES;PT;10;EXW;11;3;;0,2;3;114;;ESB42954230;
INTRA-EX;202504;513881387;VWR180004;87089997;ES;PT;10;EXW;11;3;;0,1;1;26;;ESB42954230;
INTRA-EX;202504;513881387;AC-18FW-DP;87089997;ES;PT;10;EXW;11;3;;7;1;92;;ES44719365M;
INTRA-EX;202504;513881387;MMRAD-GLF-99;87089135;ES;PT;10;EXW;11;3;;8;1;208;;ESB65650301;
INTRA-EX;202504;513881387;MS100192;85111000;ES;PT;10;EXW;11;3;;0,3;4;149;;ESB65650301;
INTRA-EX;202504;513881387;MMFS-350Z-03;84149000;ES;PT;10;EXW;11;3;;5,8;1;137;;ESB66283003;
INTRA-EX;202504;513881387;PP1923;84213100;ES;PT;10;EXW;11;3;;0,7;1;66;;ESB66283003;
INTRA-EX;202504;513881387;MMHOSE-E46-99BK;40091100;ES;PT;10;EXW;11;3;;0,6;1;44;;ES18062887K;
INTRA-EX;202504;513881387;FMKC005-BLA;40093100;ES;PT;10;EXW;11;3;;1,4;1;154;;ES18062887K;
INTRA-EX;202504;513881387;FMGOLFIND-BLU;40093100;ES;PT;10;EXW;11;3;;1,2;1;148;;ES18062887K;
INTRA-EX;202504;513881387;EVE-GR4-CF-INT;84213100;ES;PT;10;EXW;11;3;;4,9;1;975;;ESB19296938;
INTRA-EX;202504;513881387;SBMP087;87089997;ES;PT;10;EXW;11;3;;19;1;498;;ESB19781145;
INTRA-EX;202504;513881387;BWF20XZ;87089997;ES;PT;10;EXW;11;3;;6;1;136;;ESB19781145;
INTRA-EX;202504;513881387;BWR21XZ;87089997;ES;PT;10;EXW;11;3;;5,4;1;136;;ESB19781145;
INTRA-EX;202504;513881387;AC-18FW-DP;87089997;ES;PT;10;EXW;11;3;;7;1;92;;ESB19781145;
INTRA-EX;202504;513881387;AC-200K03-MD;84198998;ES;PT;10;EXW;11;3;;0,5;1;44;;ESB19781145;
INTRA-EX;202504;513881387;MMOC-WRX-01T;87089135;ES;PT;10;EXW;11;3;;4,8;1;297;;ES72815006L;
INTRA-EX;202504;513881387;MMTB-WRX-01;87089997;ES;PT;10;EXW;11;3;;0,5;1;64;;ES72815006L;
INTRA-EX;202504;513881387;PFR7B;85111000;ES;PT;10;EXW;11;3;;0,2;4;40;;ES72815006L;
INTRA-EX;202504;513881387;MMRAD-WRX-01X;87089135;ES;PT;10;EXW;11;3;;7,2;1;222;;ES72815006L;
INTRA-EX;202504;513881387;S-BM/T/35H;87089235;ES;PT;10;EXW;11;3;;26,2;1;4847;;ESE70432497;
INTRA-EX;202504;513881387;VWR810002;87089997;ES;PT;10;EXW;11;3;;0,5;1;56;;ESB88553946;
INTRA-EX;202504;513881387;216BFWAOTSM;90269000;ES;PT;10;EXW;11;3;;0,3;3;88;;ES18062887K;
INTRA-EX;202504;513881387;216BFWAWTSM;90262020;ES;PT;10;EXW;11;3;;0,3;3;88;;ES18062887K;
INTRA-EX;202504;513881387;9-654-1025;84133080;ES;PT;10;EXW;11;3;;0,8;1;129;;ESB26554915;
INTRA-EX;202504;513881387;9-307-1059;84133080;ES;PT;10;EXW;11;3;;0,5;1;122;;ESB26554915;
INTRA-EX;202504;513881387;9-652-1008;84133080;ES;PT;10;EXW;11;3;;0,4;1;103;;ESB26554915;
INTRA-EX;202504;513881387;9-201-1000;84133080;ES;PT;10;EXW;11;3;;0,5;1;70;;ESB26554915;
INTRA-EX;202504;513881387;UR-TW2-3909;87088055;FR;PT;10;EXW;11;3;;1,9;1;123;;QV999999999999;
INTRA-EX;202504;513881387;MMOC-G80-21;87089135;FR;PT;10;EXW;11;3;;5,4;1;768;;FR13914440987;
INTRA-EX;202504;513881387;11427953129;84099100;FR;PT;10;EXW;11;3;;0,1;1;5;;FR13914440987;
INTRA-EX;202504;513881387;AC-BM-ODP;87089997;FR;PT;10;EXW;11;3;;0,1;1;12;;FR13914440987;
INTRA-EX;202504;513881387;R17-10-2;40091100;FR;PT;10;EXW;11;3;;0,1;1;83;;FR13914440987;
INTRA-EX;202504;513881387;SILZKGR8C8S-6;84099100;FR;PT;10;EXW;11;3;;0,4;1;105;;FR13914440987;
INTRA-EX;202504;513881387;WB-508;84213100;FR;PT;10;EXW;11;3;;0,5;1;117;;FR13914440987;
INTRA-EX;202504;513881387;110859;27101999;FR;PT;10;EXW;11;3;;2,1;4;116;;FR13914440987;
INTRA-EX;202504;513881387;E10-20-052-03-22;87088035;FR;PT;10;EXW;11;3;;11,3;1;227;;FR60882301443;
INTRA-EX;202504;513881387;06D998907;87089997;FR;PT;10;EXW;11;3;;0,1;4;23;;QV999999999999;
INTRA-EX;202504;513881387;X-1014-BB;84213100;FR;PT;10;EXW;11;3;;0,7;1;52;;QV999999999999;
INTRA-EX;202504;513881387;BKR8EIX-4;85111000;FR;PT;10;EXW;11;3;;0,3;1;41;;QV999999999999;
INTRA-EX;202504;513881387;JSK-101-DD;84213100;FR;PT;10;EXW;11;3;;4,4;1;249;;QV999999999999;
INTRA-EX;202504;513881387;R7437-9-5;85111000;FR;PT;10;EXW;11;3;;0,3;1;208;;FR26750396111;
INTRA-EX;202504;513881387;AC-MK7-CP-5;84099100;FR;PT;10;EXW;11;3;;1,3;1;140;;FR26750396111;
INTRA-EX;202504;513881387;CTS-HW-0271;84099100;FR;PT;10;EXW;11;3;;0,4;1;64;;QV999999999999;
INTRA-EX;202504;513881387;AC-S55-OTC;84213100;FR;PT;10;EXW;11;3;;0,3;1;37;;QV999999999999;
INTRA-EX;202504;513881387;SP1202BLK;84213100;ES;PT;10;EXW;11;3;;3,1;1,000;243;;ES72815006L;
INTRA-EX;202504;513881387;50003-MR45XLZ-4;87089997;ES;PT;10;EXW;11;3;;0,3;1,000;87;;ESB96140132;
INTRA-EX;202504;513881387;AC-30N-CP-4;85111000;ES;PT;10;EXW;11;3;;1,2;1,000;93;;ESB96140132;
INTRA-EX;202504;513881387;WHT005184;40091100;ES;PT;10;EXW;11;3;;0,1;1,000;8;;QV999999999999;
INTRA-EX;202504;513881387;216CLSDWAOP-R;87089997;ES;PT;10;EXW;11;3;;0,4;1,000;73;;ESB70870076;
INTRA-EX;202504;513881387;216CLSDWAOT-R;87089997;ES;PT;10;EXW;11;3;;0,4;1,000;49;;ESB70870076;
INTRA-EX;202504;513881387;216CLSDWABO-R;87089997;ES;PT;10;EXW;11;3;;0,4;1,000;59;;ESB70870076;
INTRA-EX;202504;513881387;MMOP-TPS;84099100;ES;PT;10;EXW;11;3;;0,4;1,000;54;;ESB70870076;
INTRA-EX;202504;513881387;AC-30N-CP-4;85111000;ES;PT;10;EXW;11;3;;1,2;1,000;92;;QV999999999999;
INTRA-EX;202504;513881387;50003-M45-XL-4;84213100;ES;PT;10;EXW;11;3;;0,3;1,000;80;;QV999999999999;
INTRA-EX;202504;513881387;06K103495AC;87089997;ES;PT;10;EXW;11;3;;0,6;1,000;31;;QV999999999999;
INTRA-EX;202504;513881387;SSE0432-4P-BK;87083091;ES;PT;10;EXW;11;3;;0,5;1,000;93;;QV999999999999;
INTRA-EX;202504;513881387;FMVWQS;87089997;ES;PT;10;EXW;11;3;;0,7;1,000;97;;QV999999999999;
INTRA-EX;202504;513881387;BKR8EIX-4;85111000;ES;PT;10;EXW;11;3;;0,3;1,000;41;;QV999999999999;
INTRA-EX;202504;513881387;ATINTREN8;87089997;ES;PT;10;EXW;11;3;;12,2;1,000;584;;ESB90283060;
INTRA-EX;202504;513881387;DILKAR8R9HS-4;85111000;ES;PT;10;EXW;11;3;;0,3;1,000;62;;ESB90283060;
INTRA-EX;202504;513881387;ATMSREN3;87089997;ES;PT;10;EXW;11;3;;5;1,000;383;;ESB90283060;
INTRA-EX;202504;513881387;SRN0615-4P-BK;87083091;ES;PT;10;EXW;11;3;;0,5;1,000;78;;QV999999999999;
INTRA-EX;202504;513881387;SILZKBR8D8S-6;84099100;ES;PT;10;EXW;11;3;;0,4;2,000;132;;ES43233026H;
INTRA-EX;202504;513881387;Z1003100-4;85111000;ES;PT;10;EXW;11;3;;0,4;1,000;119;;QV999999999999;
INTRA-EX;202504;513881387;238CLSDWAWT-R;87089997;ES;PT;10;EXW;11;3;;0,6;1,000;48;;ESB02708923;
INTRA-EX;202504;513881387;STY0014-4P-BK;87083091;ES;PT;10;EXW;11;3;;0,5;1,000;77;;QV999999999999;
INTRA-EX;202504;513881387;ATMSHYU18;87089997;ES;PT;10;EXW;11;3;;2,1;1,000;194;;QV999999999999;
INTRA-EX;202504;513881387;PP1949;84213100;ES;PT;10;EXW;11;3;;0,7;1,000;37;;QV999999999999;
INTRA-EX;202504;513881387;UR-RU4-2987;87088055;ES;PT;10;EXW;11;3;;3,3;1,000;159;;QV999999999999;
INTRA-EX;202504;513881387;SFD0121-4P-BK;87083091;ES;PT;10;EXW;11;3;;0,5;1,000;77;;QV999999999999;
INTRA-EX;202504;513881387;MMBCC-350Z-03PBE;84099100;ES;PT;10;EXW;11;3;;1,5;1,000;278;;QV999999999999;
INTRA-EX;202504;513881387;216CLSDWAOT-R;87089997;ES;PT;10;EXW;11;3;;0,4;1,000;49;;QV999999999999;
INTRA-EX;202504;513881387;06F103483E;87089235;ES;PT;10;EXW;11;3;;0,1;1,000;8;;QV999999999999;
INTRA-EX;202504;513881387;MS100208-4;84099100;ES;PT;10;EXW;11;3;;1,7;1,000;119;;QV999999999999;
INTRA-EX;202504;513881387;UR-TW2-3051;87088055;ES;PT;10;EXW;11;3;;1,7;1,000;130;;QV999999999999;
INTRA-EX;202504;513881387;SMA0600-1P-BK;87083091;ES;PT;10;EXW;11;3;;0,3;1,000;17;;QV999999999999;
INTRA-EX;202504;513881387;IFR7X8G-4;84099100;ES;PT;10;EXW;11;3;;0,3;1,000;61;;QV999999999999;
INTRA-EX;202504;513881387;AC-200-EVAP;87089997;ES;PT;10;EXW;11;3;;0,3;1,000;20;;QV999999999999;
INTRA-EX;202504;513881387;8E0971824S-RD;84099100;ES;PT;10;EXW;11;3;;0,2;1,000;14;;QV999999999999;
INTRA-EX;202504;513881387;BKR8EIX-4;85111000;ES;PT;10;EXW;11;3;;0,3;1,000;41;;QV999999999999;
INTRA-EX;202504;513881387;ILZKAR8H8S-4;85111000;ES;PT;10;EXW;11;3;;0,3;1,000;71;;ES77154537w;
INTRA-EX;202504;513881387;SNN0910-1C-BK;40093100;ES;PT;10;EXW;11;3;;0,3;1,000;33;;QV999999999999;
INTRA-EX;202504;513881387;SFD091B;87088055;ES;PT;10;EXW;11;3;;1,2;1,000;72;;QV999999999999;
INTRA-EX;202504;513881387;VWR150004;90269000;ES;PT;10;EXW;11;3;;0,4;1,000;104;;ESB36581619;
INTRA-EX;202504;513881387;VWR13G700RFK;87089997;ES;PT;10;EXW;11;3;;0,5;1,000;54;;ESB36581619;
INTRA-EX;202504;513881387;CI100038-A;84213100;ES;PT;10;EXW;11;3;;2,6;1,000;449;;ESB45759685;
INTRA-EX;202504;513881387;VWR810006;87089997;ES;PT;10;EXW;11;3;;1,5;1,000;286;;ESB45759685;
INTRA-EX;202504;513881387;VWR810005;87082990;ES;PT;10;EXW;11;3;;0,4;1,000;177;;ESB45759685;
INTRA-EX;202504;513881387;SILZKGR8C8S-6;84099100;ES;PT;10;EXW;11;3;;0,4;1,000;104;;QV999999999999;
INTRA-EX;202504;513881387;06K103495AC;87089997;ES;PT;10;EXW;11;3;;0,6;1,000;31;;QV999999999999;
INTRA-EX;202504;513881387;CTS-IT-220R;84213100;ES;PT;10;EXW;11;3;;4,5;1,000;280;;ESB13735162;
INTRA-EX;202504;513881387;AC-200-CFA;87089997;ES;PT;10;EXW;11;3;;0,1;1,000;24;;QV999999999999;
INTRA-EX;202504;513881387;BKR7EIX-4;84099100;ES;PT;10;EXW;11;3;;0,3;1,000;40;;QV999999999999;
INTRA-EX;202504;513881387;SSK1100-4P-BK;87083091;ES;PT;10;EXW;11;3;;0,5;1,000;68;;QV999999999999;
INTRA-EX;202504;513881387;"CTS-HW-036 ARP";87089997;ES;PT;10;EXW;11;3;;0,7;1,000;140;;QV999999999999;
INTRA-EX;202504;513881387;VIB-1458;87089235;ES;PT;10;EXW;11;3;;0,2;2,000;13;;QV999999999999;
INTRA-EX;202504;513881387;CTS-AF-275;84213100;ES;PT;10;EXW;11;3;;0,5;1,000;49;;QV999999999999;
INTRA-EX;202504;513881387;WHT005184;40091100;ES;PT;10;EXW;11;3;;0,1;1,000;8;;QV999999999999;
INTRA-EX;202504;513881387;MS100208-4;84099100;ES;PT;10;EXW;11;3;;1,7;1,000;119;;QV999999999999;
INTRA-EX;202504;513881387;BKR8EIX-4;85111000;ES;PT;10;EXW;11;3;;0,3;1,000;41;;QV999999999999;
INTRA-EX;202504;513881387;R7437-9-5;85111000;ES;PT;10;EXW;11;3;;0,3;1,000;208;;ES52704232P;
INTRA-EX;202504;513881387;AC-200-CFA-KIT;87089997;ES;PT;10;EXW;11;3;;0,1;1,000;32;;QV999999999999;
INTRA-EX;202504;513881387;SVW0705-4P-BK;87083091;ES;PT;10;EXW;11;3;;0,5;1,000;83;;QV999999999999;
INTRA-EX;202504;513881387;SCEXVDM2;87089235;ES;PT;10;EXW;11;3;;1;1,000;44;;QV999999999999;
INTRA-EX;202504;513881387;SILZKBR8D8S-6;84099100;ES;PT;10;EXW;11;3;;0,4;1,000;65;;QV999999999999;
INTRA-EX;202504;513881387;UR-TW2-323;87088055;ES;PT;10;EXW;11;3;;3;1,000;103;;QV999999999999;
INTRA-EX;202504;513881387;SMA0001-1P-BK;;ES;PT;10;EXW;11;3;;0,1;1,000;17;;QV999999999999;
INTRA-EX;202504;513881387;SMA0101-4P-BK;87083091;ES;PT;10;EXW;11;3;;0,5;1,000;101;;QV999999999999;
INTRA-EX;202504;513881387;RBF660;27101999;ES;PT;10;EXW;11;3;;0,6;1,000;11;;QV999999999999;
INTRA-EX;202504;513881387;ATIKMAZ01;84213100;ES;PT;10;EXW;11;3;;3,6;1,000;230;;QV999999999999;
INTRA-EX;202504;513881387;R7437-9-4;87089997;ES;PT;10;EXW;11;3;;0,3;1,000;166;;ES76045186X;
INTRA-EX;202504;513881387;EVE-C63-FTR;84213100;ES;PT;10;EXW;11;3;;1,2;1,000;114;;ESB66526328;
INTRA-EX;202504;513881387;8E0971824S-RD;84099100;ES;PT;10;EXW;11;3;;0,2;1,000;14;;QV999999999999;
INTRA-EX;202504;513881387;06F103483E;87089235;ES;PT;10;EXW;11;3;;0,1;1,000;8;;QV999999999999;
INTRA-EX;202504;513881387;06F129101P;84814090;ES;PT;10;EXW;11;3;;0,2;1,000;17;;QV999999999999;
INTRA-EX;202504;513881387;UR-RL2-652;87088055;ES;PT;10;EXW;11;3;;1,9;1,000;72;;QV999999999999;
INTRA-EX;202504;513881387;SILFER8C7ES-8;85111000;ES;PT;10;EXW;11;3;;0,5;1,000;91;;QV999999999999;
INTRA-EX;202504;513881387;SFD1216-4P-BK;87083091;ES;PT;10;EXW;11;3;;0,5;1,000;77;;ESA60479078;
INTRA-EX;202504;513881387;ACSP1;84099100;ES;PT;10;EXW;11;3;;0,5;1,000;22;;QV999999999999;
INTRA-EX;202504;513881387;UR-TW2-110;87088055;ES;PT;10;EXW;11;3;;3;1,000;135;;QV999999999999;
INTRA-EX;202504;513881387;SAU0496-4P-RD;87083091;ES;PT;10;EXW;11;3;;0,5;1,000;83;;QV999999999999;
INTRA-EX;202504;513881387;AC-WS-BM-10;87088099;ES;PT;10;EXW;11;3;;2,4;1,000;34;;QV999999999999;
INTRA-EX;202504;513881387;MS100244-6;85111000;ES;PT;10;EXW;11;3;;2;1,000;204;;QV999999999999;
INTRA-EX;202504;513881387;Z1003101-6;85111000;ES;PT;10;EXW;11;3;;0,4;1,000;120;;QV999999999999;
INTRA-EX;202504;513881387;VWR1130RS;84213100;ES;PT;10;EXW;11;3;;0,4;1,000;75;;ESB60872124;
INTRA-EX;202504;513881387;VWR180002;87089997;ES;PT;10;EXW;11;3;;0,1;1,000;30;;ESB60872124;
INTRA-EX;202504;513881387;VWR900001-5;85111000;ES;PT;10;EXW;11;3;;2,2;1,000;219;;ESB60872124;
INTRA-EX;202504;513881387;SILFER8C7ES-5;85111000;ES;PT;10;EXW;11;3;;0,3;1,000;57;;ESB60872124;
INTRA-EX;202504;513881387;VWR180003;87089997;ES;PT;10;EXW;11;3;;0,1;2,000;60;;ESB60872124;
INTRA-EX;202504;513881387;MMHOSE-350Z-03BK;40093100;ES;PT;10;EXW;11;3;;1;1,000;103;;QV999999999999;
INTRA-EX;202504;513881387;SAUP090;87089235;ES;PT;10;EXW;11;3;;4,9;1,000;136;;QV999999999999;
INTRA-EX;202504;513881387;JSK-101-DD;84213100;ES;PT;10;EXW;11;3;;4,4;1,000;249;;ESB56647142;
INTRA-EX;202504;513881387;JSK-309-BK;84213100;ES;PT;10;EXW;11;3;;2,5;1,000;221;;QV999999999999;
INTRA-EX;202504;513881387;SP-201;32081090;ES;PT;10;EXW;11;3;;0,5;1,000;27;;QV999999999999;
INTRA-EX;202504;513881387;BHR83XZ;87088055;ES;PT;10;EXW;11;3;;7,8;1,000;215;;QV999999999999;
INTRA-EX;202504;513881387;DBA2472S-2;87089997;ES;PT;10;EXW;11;3;;19;1,000;233;;QV999999999999;
INTRA-EX;202504;513881387;202-5801;87089997;ES;PT;10;EXW;11;3;;1,6;1,000;233;;QV999999999999;
INTRA-EX;202504;513881387;CTS-DB-MK4-60D;84099100;ES;PT;10;EXW;11;3;;1,2;1,000;46;;QV999999999999;
INTRA-EX;202504;513881387;SILZKGR8B8S-6;85111000;ES;PT;10;EXW;11;3;;0,4;1,000;58;;QV999999999999;
INTRA-EX;202504;513881387;CS57-AR60038;87089997;ES;PT;10;EXW;11;3;;0,9;1,000;112;;ESB66526328;
INTRA-EX;202504;513881387;BKR8EIX-4;85111000;ES;PT;10;EXW;11;3;;0,3;1,000;41;;QV999999999999;
INTRA-EX;202504;513881387;FMDV14T-POL;84814090;ES;PT;10;EXW;11;3;;0,2;1,000;63;;QV999999999999;
INTRA-EX;202504;513881387;KCA476;87088055;ES;PT;10;EXW;11;3;;2,1;1,000;341;;QV999999999999;
INTRA-EX;202504;513881387;E10-20-052-03-22;87088035;ES;PT;10;EXW;11;3;;11,3;1,000;235;;ESF21229786;
INTRA-EX;202504;513881387;SSE0432-4P-BK;87083091;ES;PT;10;EXW;11;3;;0,5;1,000;93;;QV999999999999;
INTRA-EX;202504;513881387;AC-MK7-CP-4;84099100;ES;PT;10;EXW;11;3;;1;1,000;111;;QV999999999999;
INTRA-EX;202504;513881387;RBF600;27101999;ES;PT;10;EXW;11;3;;0,6;4,000;38;;QV999999999999;
INTRA-EX;202504;513881387;AC-MK7-CP-4;84099100;ES;PT;10;EXW;11;3;;1;1,000;112;;ESE94201142;
INTRA-EX;202504;513881387;SFDP091;87089235;ES;PT;10;EXW;11;3;;8,1;1,000;123;;QV999999999999;
INTRA-EX;202504;513881387;CTS-EXH-TP-0008;87089235;ES;PT;10;EXW;11;3;;4;1,000;134;;ES76500871L;
INTRA-EX;202504;513881387;SFD1216-4P-BK;87083091;ES;PT;10;EXW;11;3;;0,5;1,000;77;;QV999999999999;
INTRA-EX;202504;513881387;SD-3617023;87089997;ES;PT;10;EXW;11;3;;21;1,000;238;;ES53284853V;
INTRA-EX;202504;513881387;AC-200-PP;84198998;ES;PT;10;EXW;11;3;;0,5;1,000;81;;QV999999999999;
INTRA-EX;202504;513881387;AC-200-TBH-BK;40093100;ES;PT;10;EXW;11;3;;0,2;1,000;18;;QV999999999999;
INTRA-EX;202504;513881387;KCA472;87088035;ES;PT;10;EXW;11;3;;2;1,000;191;;QV999999999999;
INTRA-EX;202504;513881387;VWR180000;87089997;ES;PT;10;EXW;11;3;;0,1;1,000;14;;QV999999999999;
INTRA-EX;202504;513881387;DBA42472S-2;87083099;ES;PT;10;EXW;11;3;;19,9;1,000;191;;QV999999999999;
INTRA-EX;202504;513881387;VWR640012;87089997;ES;PT;10;EXW;11;3;;2,2;1,000;86;;QV999999999999;
INTRA-EX;202504;513881387;216-4301;87089997;ES;PT;10;EXW;11;3;;1,6;1,000;227;;QV999999999999;
INTRA-EX;202504;513881387;BKR8EIX-4;85111000;ES;PT;10;EXW;11;3;;0,3;1,000;41;;QV999999999999;
INTRA-EX;202504;513881387;06E898001-4;85111000;ES;PT;10;EXW;11;3;;1,5;1,000;104;;QV999999999999;
INTRA-EX;202504;513881387;AC-200-CFA;87089997;ES;PT;10;EXW;11;3;;0,1;1,000;24;;QV999999999999;
INTRA-EX;202504;513881387;TFSI4xx-W;39199080;ES;PT;10;EXW;11;3;;0,1;1,000;3;;QV999999999999;
INTRA-EX;202504;513881387;51003-AK125;84213100;ES;PT;10;EXW;11;3;;0,2;1,000;14;;QV999999999999;
INTRA-EX;202504;513881387;06E898001-4;85111000;ES;PT;10;EXW;11;3;;1,5;1,000;104;;QV999999999999;
INTRA-EX;202504;513881387;BKR8EIX-4;85111000;ES;PT;10;EXW;11;3;;0,3;1,000;41;;QV999999999999;
INTRA-EX;202504;513881387;AC-200-CFA;87089997;ES;PT;10;EXW;11;3;;0,1;1,000;24;;QV999999999999;
INTRA-EX;202504;513881387;TFSI4xx-BK;39199080;ES;PT;10;EXW;11;3;;0,1;1,000;3;;QV999999999999;
INTRA-EX;202504;513881387;338094;87082910;ES;PT;10;EXW;11;3;;3,6;1,000;1028;;ESB04855516;
INTRA-EX;202504;513881387;6B1584H-STD;40091100;ES;PT;10;EXW;11;3;;0,4;1,000;134;;ESB04855516;
INTRA-EX;202504;513881387;06A115561B;84099100;ES;PT;10;EXW;11;3;;0,5;4,000;20;;QV999999999999;
INTRA-EX;202504;513881387;KLC167A;87088055;ES;PT;10;EXW;11;3;;1,4;1,000;136;;ESB01796796;
INTRA-EX;202504;513881387;06E898001-5;84099100;ES;PT;10;EXW;11;3;;1,9;1,000;131;;ESB01796796;
INTRA-EX;202504;513881387;50003-M45-XL-4;84213100;ES;PT;10;EXW;11;3;;0,3;1,000;80;;QV999999999999;
INTRA-EX;202504;513881387;ES-351255;87089997;ES;PT;10;EXW;11;3;;1,8;1,000;60;;QV999999999999;
INTRA-EX;202504;513881387;ES-355257;87089997;ES;PT;10;EXW;11;3;;1,1;1,000;45;;QV999999999999;
INTRA-EX;202504;513881387;50003-M55RET/M45REL;84213100;ES;PT;10;EXW;11;3;;0,3;1,000;114;;QV999999999999;
INTRA-EX;202504;513881387;PP1443;84213100;ES;PT;10;EXW;11;3;;0,5;1,000;37;;QV999999999999;
INTRA-EX;202504;513881387;50-1200;87089997;ES;PT;10;EXW;11;3;;0,5;1,000;105;;QV999999999999;
INTRA-EX;202504;513881387;ILZKAR8H8S-4;85111000;ES;PT;10;EXW;11;3;;0,3;1,000;71;;QV999999999999;
INTRA-EX;202504;513881387;DILKAR8R9HS-4;85111000;ES;PT;10;EXW;11;3;;0,3;1,000;62;;QV999999999999;
INTRA-EX;202504;513881387;FMTIA11-RED;87089997;ES;PT;10;EXW;11;3;;2,1;1,000;210;;QV999999999999;
INTRA-EX;202504;513881387;SMNC010;87089235;FR;PT;10;EXW;11;3;;5,6;1,000;320;;QV999999999999;
INTRA-EX;202504;513881387;Z-2214162;87083099;FR;PT;10;EXW;11;3;;2,3;1,000;169;;QV999999999999;
INTRA-EX;202504;513881387;FMDVST180A;84814090;FR;PT;10;EXW;11;3;;0,7;1,000;216;;QV999999999999;
INTRA-EX;202504;513881387;CTS-IT-500;40091100;FR;PT;10;EXW;11;3;;1,6;1,000;149;;QV999999999999;
INTRA-EX;202504;513881387;KLC110;87088055;FR;PT;10;EXW;11;3;;1;1,000;121;;QV999999999999;
INTRA-EX;202504;513881387;UR-TW-4261;87088055;FR;PT;10;EXW;11;3;;3;1,000;161;;QV999999999999;
INTRA-EX;202504;513881387;UR-RE2-4262;87088055;FR;PT;10;EXW;11;3;;2,1;1,000;93;;QV999999999999;
INTRA-EX;202504;513881387;VWR640012;87089997;FR;PT;10;EXW;11;3;;2,2;1,000;87;;FR05930471560;
INTRA-EX;202504;513881387;VWR640017;87089997;FR;PT;10;EXW;11;3;;2,2;1,000;99;;FR05930471560;
INTRA-EX;202504;513881387;1J0819644A;84099100;FR;PT;10;EXW;11;3;;0,5;1,000;7;;FR05930471560;
INTRA-EX;202504;513881387;06A115561B;84099100;FR;PT;10;EXW;11;3;;0,5;2,000;10;;FR05930471560;
INTRA-EX;202504;513881387;SBMP081;87089235;FR;PT;10;EXW;11;3;;11,3;1,000;367;;QV999999999999;
INTRA-EX;202504;513881387;AC-200-CFA-KIT;87089997;FR;PT;10;EXW;11;3;;0,1;1,000;32;;QV999999999999;
INTRA-EX;202504;513881387;VWR180000;87089997;FR;PT;10;EXW;11;3;;0,1;1,000;15;;QV999999999999;
INTRA-EX;202504;513881387;AC-VAG-ODP;70102000;FR;PT;10;EXW;11;3;;0,2;1,000;8;;QV999999999999;
INTRA-EX;202504;513881387;CTS-HW-0242;70102000;FR;PT;10;EXW;11;3;;0,5;1,000;62;;QV999999999999;
INTRA-EX;202504;513881387;CTS-IGN-008;84099100;FR;PT;10;EXW;11;3;;0,3;12,000;420;;FR35504243288;
INTRA-EX;202504;513881387;SBW1171-4P-BK;87083091;FR;PT;10;EXW;11;3;;0,5;1,000;84;;FR35504243288;
INTRA-EX;202504;513881387;CTS-F8X-DF;87089135;FR;PT;10;EXW;11;3;;8,1;1,000;633;;FR35504243288;
INTRA-EX;202504;513881387;VWR900001-4;84099100;FR;PT;10;EXW;11;3;;1,8;1,000;174;;QV999999999999;
INTRA-EX;202504;513881387;SP-820;32081090;FR;PT;10;EXW;11;3;;0,5;1,000;19;;QV999999999999;
INTRA-EX;202504;513881387;SFD0121-4P-BK;87083091;FR;PT;10;EXW;11;3;;0,5;1,000;77;;QV999999999999;
INTRA-EX;202504;513881387;AC-N55-INLET;40091100;FR;PT;10;EXW;11;3;;1,4;1,000;104;;QV999999999999;
INTRA-EX;202504;513881387;MMIG-BMW-0206;85111000;FR;PT;10;EXW;11;3;;2;1,000;151;;QV999999999999;
INTRA-EX;202504;513881387;SILZKBR8D8S-6;84099100;FR;PT;10;EXW;11;3;;0,4;1,000;66;;QV999999999999;
INTRA-EX;202504;513881387;11427953129;84099100;FR;PT;10;EXW;11;3;;0,1;1,000;5;;QV999999999999;
INTRA-EX;202504;513881387;ILZKAR7A10-8;85111000;FR;PT;10;EXW;11;3;;0,5;1,000;73;;QV999999999999;
INTRA-EX;202504;513881387;SHD0398-4C-RD;87083091;FR;PT;10;EXW;11;3;;0,5;1,000;114;;QV999999999999;
INTRA-EX;202504;513881387;SKG76-S3B00;7320909090;FR;PT;10;EXW;11;3;;11;1,000;176;;QV999999999999;
INTRA-EX;202504;513881387;6B1515H-STD;40091100;FR;PT;10;EXW;11;3;;0,3;1,000;115;;QV999999999999;
INTRA-EX;202504;513881387;AC-S63.2-DP;87089997;FR;PT;10;EXW;11;3;;9,2;1,000;472;;FR35504243288;
INTRA-EX;202504;513881387;ATMSBMW31;87089997;FR;PT;10;EXW;11;3;;2,5;1,000;147;;QV999999999999;
INTRA-EX;202504;513881387;E10-15-007-04-22;73202081;FR;PT;10;EXW;11;3;;11,4;1,000;145;;QV999999999999;
INTRA-EX;202504;513881387;8E0971824S-RD;84099100;FR;PT;10;EXW;11;3;;0,2;1,000;14;;QV999999999999;
INTRA-EX;202504;513881387;058129717D;87089235;FR;PT;10;EXW;11;3;;0,1;1,000;3;;QV999999999999;
INTRA-EX;202504;513881387;078198025;87089997;FR;PT;10;EXW;11;3;;0,2;2,000;23;;QV999999999999;
INTRA-EX;202504;513881387;BKR8EIX-6;85111000;FR;PT;10;EXW;11;3;;0,4;1,000;62;;QV999999999999;
INTRA-EX;202504;513881387;AC-N54-IC;87089135;FR;PT;10;EXW;11;3;;11,5;1,000;322;;FR35504243288;
INTRA-EX;202504;513881387;AC-200-CFA-KIT;87089997;FR;PT;10;EXW;11;3;;0,1;1,000;32;;QV999999999999;
INTRA-EX;202504;513881387;CTS-IT-800;84213100;FR;PT;10;EXW;11;3;;4,3;1,000;277;;QV999999999999;
INTRA-EX;202504;513881387;06D115562;84099100;FR;PT;10;EXW;11;3;;0,2;1,000;4;;QV999999999999;
INTRA-EX;202504;513881387;R7437-9-5;85111000;FR;PT;10;EXW;11;3;;0,3;1,000;208;;QV999999999999;
INTRA-EX;202504;513881387;EVE-661-G2-FTR;84213100;FR;PT;10;EXW;11;3;;0,6;1,000;85;;QV999999999999;
INTRA-EX;202504;513881387;FMINLD2-D;84213100;FR;PT;10;EXW;11;3;;1;1,000;141;;QV999999999999;
INTRA-EX;202504;513881387;DILKAR8R9HS-4;85111000;FR;PT;10;EXW;11;3;;0,3;1,000;62;;QV999999999999;
INTRA-EX;202504;513881387;JSK-121-BL;84213100;FR;PT;10;EXW;11;3;;4;1,000;291;;QV999999999999;
INTRA-EX;202504;513881387;CTS-IT-255R;87089135;FR;PT;10;EXW;11;3;;8;1,000;322;;QV999999999999;
INTRA-EX;202504;513881387;E10-20-035-01-22;87088035;FR;PT;10;EXW;11;3;;11,2;1,000;217;;FR08889693925;
INTRA-EX;202504;513881387;VWR493000;87084099;FR;PT;10;EXW;11;3;;0,1;1,000;187;;QV999999999999;
INTRA-EX;202504;513881387;FMFSITVR-BLK;84814090;FR;PT;10;EXW;11;3;;0,7;1,000;216;;QV999999999999;
INTRA-EX;202504;513881387;FMINLH25-BLACK;40091100;FR;PT;10;EXW;11;3;;1;1,000;72;;QV999999999999;
INTRA-EX;202504;513881387;10.127.101K;84133080;FR;PT;10;EXW;11;3;;0,3;1,000;314;;QV999999999999;
INTRA-EX;202504;513881387;ILTR6A-8G-4;87089997;FR;PT;10;EXW;11;3;;0,3;1,000;54;;QV999999999999;
INTRA-EX;202504;513881387;MMRAD-MK5-08;87089235;FR;PT;10;EXW;11;3;;11,2;1,000;263;;QV999999999999;
INTRA-EX;202504;513881387;ILFR6B-5;84099100;FR;PT;10;EXW;11;3;;0,3;1,000;46;;QV999999999999;
INTRA-EX;202504;513881387;BKR7EIX-4;84099100;FR;PT;10;EXW;11;3;;0,3;1,000;40;;QV999999999999;
INTRA-EX;202504;513881387;06E898001-4;85111000;FR;PT;10;EXW;11;3;;1,5;1,000;104;;QV999999999999;
INTRA-EX;202504;513881387;AC-200-CFA;87089997;FR;PT;10;EXW;11;3;;0,1;1,000;24;;QV999999999999;
INTRA-EX;202504;513881387;FMVAG5QS;87089997;FR;PT;10;EXW;11;3;;0,5;1,000;108;;QV999999999999;
INTRA-EX;202504;513881387;AC-250-CH-RD;40093100;FR;PT;10;EXW;11;3;;2,4;1,000;194;;QV999999999999;
INTRA-EX;202504;513881387;SKGL0-AUB00;;FR;PT;10;EXW;11;3;;0,1;1,000;176;;FR35504243288;
INTRA-EX;202504;513881387;11427953129;84099100;FR;PT;10;EXW;11;3;;0,1;1,000;5;;FR35504243288;
INTRA-EX;202504;513881387;11127565286;84836080;FR;PT;10;EXW;11;3;;0,4;1,000;10;;FR35504243288;
INTRA-EX;202504;513881387;CTS-IGN-008;84099100;FR;PT;10;EXW;11;3;;0,3;12,000;420;;FR35504243288;
INTRA-EX;202504;513881387;SVW0608-4P-RD;87083091;FR;PT;10;EXW;11;3;;0,5;1,000;77;;QV999999999999;
INTRA-EX;202504;513881387;06J103600AFKIT;84099100;FR;PT;10;EXW;11;3;;2,5;1,000;49;;QV999999999999;
INTRA-EX;202504;513881387;VWR180000;87089997;FR;PT;10;EXW;11;3;;0,1;1,000;15;;QV999999999999;
INTRA-EX;202504;513881387;VWR160001;87089997;FR;PT;10;EXW;11;3;;0,4;1,000;122;;QV999999999999;
INTRA-EX;202504;513881387;VWR12G7R600ITINLET;87089997;FR;PT;10;EXW;11;3;;0,4;1,000;143;;QV999999999999;
INTRA-EX;202504;513881387;EX-STBZ33-F;87088035;FR;PT;10;EXW;11;3;;3,3;1,000;106;;QV999999999999;
INTRA-EX;202504;513881387;SR-233;84213100;FR;PT;10;EXW;11;3;;1,3;1,000;159;;FR35504243288;
INTRA-EX;202504;513881387;UR-TW2-1796;87088055;FR;PT;10;EXW;11;3;;3;1,000;104;;FR35504243288;
INTRA-EX;202504;513881387;MMIG-BMW-0206;85111000;FR;PT;10;EXW;11;3;;2;1,000;151;;FR35504243288;
INTRA-EX;202504;513881387;SBMC073;87089235;FR;PT;10;EXW;11;3;;11,4;1,000;299;;FR35504243288;
INTRA-EX;202504;513881387;06K103213A;40091100;FR;PT;10;EXW;11;3;;0,1;1,000;16;;QV999999999999;
INTRA-EX;202504;513881387;ES-355270;87089997;FR;PT;10;EXW;11;3;;1;1,000;53;;QV999999999999;
INTRA-EX;202504;513881387;ES-351268;87089997;FR;PT;10;EXW;11;3;;1,5;1,000;61;;QV999999999999;
INTRA-EX;202504;513881387;E10-55-013-03-22;73202081;FR;PT;10;EXW;11;3;;10;1,000;147;;QV999999999999;
INTRA-EX;202504;513881387;MS100244-6;85111000;FR;PT;10;EXW;11;3;;2;1,000;205;;QV999999999999;
INTRA-EX;202504;513881387;AC-200-TB;87088055;FR;PT;10;EXW;11;3;;0,5;1,000;74;;FR93829915537;
INTRA-EX;202504;513881387;R7437-9-4;87089997;FR;PT;10;EXW;11;3;;0,3;1,000;166;;QV999999999999;
INTRA-EX;202504;513881387;VWR12G7R601FO;84213100;FR;PT;10;EXW;11;3;;0,9;1,000;150;;QV999999999999;
INTRA-EX;202504;513881387;ATINTFO20;87089997;FR;PT;10;EXW;11;3;;10,5;1,000;358;;QV999999999999;
INTRA-EX;202504;513881387;06E898001-4;85111000;FR;PT;10;EXW;11;3;;1,5;1,000;104;;QV999999999999;
INTRA-EX;202504;513881387;SR-225-RD-ECU;84213100;FR;PT;10;EXW;11;3;;2,5;1,000;233;;QV999999999999;
INTRA-EX;202504;513881387;KTA255;87089997;FR;PT;10;EXW;11;3;;7,8;1,000;364;;FR35504243288;
INTRA-EX;202504;513881387;SILZKBR8D8S-6;84099100;FR;PT;10;EXW;11;3;;0,4;1,000;66;;FR35504243288;
INTRA-EX;202504;513881387;PP1884;84213100;FR;PT;10;EXW;11;3;;0,7;1,000;38;;FR35504243288;
INTRA-EX;202504;513881387;IKR9J8-4;87089997;FR;PT;10;EXW;11;3;;0,3;1,000;44;;QV999999999999;
INTRA-EX;202504;513881387;RBF660;27101999;FR;PT;10;EXW;11;3;;0,6;4,000;48;;QV999999999999;
INTRA-EX;202504;513881387;ATIKMAZ01;84213100;FR;PT;10;EXW;11;3;;3,6;1,000;232;;QV999999999999;
INTRA-EX;202504;513881387;06J103600AFKIT;84099100;FR;PT;10;EXW;11;3;;2,5;1,000;49;;QV999999999999;
INTRA-EX;202504;513881387;20FO33019X-RD;87089997;FR;PT;10;EXW;11;3;;26,7;1,000;1056;;FR58820771400;
INTRA-EX;202504;513881387;VWR810000;87089997;FR;PT;10;EXW;11;3;;0,2;1,000;28;;QV999999999999;
INTRA-EX;202504;513881387;SP-204;32081090;FR;PT;10;EXW;11;3;;0,5;3,000;81;;QV999999999999;
INTRA-EX;202504;513881387;VWR31UPGT;84213100;FR;PT;10;EXW;11;3;;7,2;1,000;195;;QV999999999999;
INTRA-EX;202504;513881387;AC-WS-AU-10-BT;87088099;FR;PT;10;EXW;11;3;;1,3;1,000;50;;QV999999999999;
INTRA-EX;202504;513881387;AC-WS-AU-15-BT;87088099;FR;PT;10;EXW;11;3;;1,3;1,000;50;;QV999999999999;
INTRA-EX;202504;513881387;AC-200-FD;87089997;FR;PT;10;EXW;11;3;;0,5;1,000;48;;QV999999999999;
INTRA-EX;202504;513881387;R7437-9-5;85111000;FR;PT;10;EXW;11;3;;0,3;1,000;208;;QV999999999999;
INTRA-EX;202504;513881387;WHT005184;40091100;FR;PT;10;EXW;11;3;;0,1;1,000;8;;QV999999999999;
INTRA-EX;202504;513881387;FMDV14T-POL;84814090;FR;PT;10;EXW;11;3;;0,2;1,000;67;;QV999999999999;
INTRA-EX;202504;513881387;SILZKBR8D8S-6;84099100;FR;PT;10;EXW;11;3;;0,4;1,000;66;;QV999999999999;
INTRA-EX;202504;513881387;MMEXH-MUS8-15HP;87089235;FR;PT;10;EXW;11;3;;5;1,000;252;;QV999999999999;
INTRA-EX;202504;513881387;U5055-6;84099100;FR;PT;10;EXW;11;3;;2,1;1,000;132;;QV999999999999;
INTRA-EX;202504;513881387;DBA2367S-2;87089997;FR;PT;10;EXW;11;3;;19,2;1,000;248;;QV999999999999;
INTRA-EX;202504;513881387;MS100187;85111000;FR;PT;10;EXW;11;3;;0,9;1,000;284;;QV999999999999;
INTRA-EX;202504;513881387;VWR12G7R600FO;84213100;FR;PT;10;EXW;11;3;;0,5;1,000;102;;QV999999999999;
INTRA-EX;202504;513881387;AC-MK45-RU-BK;87088055;FR;PT;10;EXW;11;3;;3;1,000;74;;QV999999999999;
INTRA-EX;202504;513881387;06F129717D;87089235;FR;PT;10;EXW;11;3;;0,1;1,000;8;;QV999999999999;
INTRA-EX;202504;513881387;CTS-HW-306;87089997;FR;PT;10;EXW;11;3;;0,9;1,000;83;;QV999999999999;
INTRA-EX;202504;513881387;FMINDK20;84213100;FR;PT;10;EXW;11;3;;0,8;1,000;245;;QV999999999999;
INTRA-EX;202504;513881387;ES-351268;87089997;FR;PT;10;EXW;11;3;;1,5;1,000;61;;QV999999999999;
INTRA-EX;202504;513881387;52009-AK005;84213100;FR;PT;10;EXW;11;3;;0,4;1,000;19;;QV999999999999;
INTRA-EX;202504;513881387;50003-MR45HLZ-4;87089997;FR;PT;10;EXW;11;3;;0,3;1,000;87;;QV999999999999;
INTRA-EX;202504;513881387;U5400-4;85111000;FR;PT;10;EXW;11;3;;1,5;1,000;165;;QV999999999999;
INTRA-EX;202504;513881387;06J103600AFKIT;84099100;FR;PT;10;EXW;11;3;;2,5;1,000;49;;QV999999999999;
INTRA-EX;202504;513881387;FMVWQS;87089997;FR;PT;10;EXW;11;3;;0,7;1,000;98;;QV999999999999;
INTRA-EX;202504;513881387;MS100123;87089997;FR;PT;10;EXW;11;3;;1;1,000;299;;QV999999999999;
INTRA-EX;202504;513881387;Z1003101-4;85111000;FR;PT;10;EXW;11;3;;0,4;1,000;80;;QV999999999999;
INTRA-EX;202504;513881387;MS100208-4;84099100;FR;PT;10;EXW;11;3;;1,7;1,000;119;;QV999999999999;
INTRA-EX;202504;513881387;8E0971824S-RD;84099100;FR;PT;10;EXW;11;3;;0,2;1,000;14;;QV999999999999;
INTRA-EX;202504;513881387;06E898001-4;85111000;FR;PT;10;EXW;11;3;;1,5;1,000;104;;QV999999999999;
INTRA-EX;202504;513881387;DBA2472S-2;87089997;FR;PT;10;EXW;11;3;;19;1,000;184;;QV999999999999;
INTRA-EX;202504;513881387;BKR8EIX-4;85111000;FR;PT;10;EXW;11;3;;0,3;1,000;41;;QV999999999999;
INTRA-EX;202504;513881387;03H971921;84099100;FR;PT;10;EXW;11;3;;0,1;1,000;23;;QV999999999999;
INTRA-EX;202504;513881387;FMVWQS;87089997;FR;PT;10;EXW;11;3;;0,7;1,000;98;;QV999999999999;
INTRA-EX;202504;513881387;CI100050;84213100;FR;PT;10;EXW;11;3;;4,2;1,000;1507;;FR83803147834;
INTRA-EX;202504;513881387;VWR17G8R600;84213100;FR;PT;10;EXW;11;3;;0,2;1,000;54;;QV999999999999;
INTRA-EX;202504;513881387;E10-20-031-09-22;73202081;FR;PT;10;EXW;11;3;;9,2;1,000;208;;QV999999999999;
INTRA-EX;202504;513881387;SBW1162-4P-BK;87083091;FR;PT;10;EXW;11;3;;0,5;1,000;84;;QV999999999999;
INTRA-EX;202504;513881387;KLC163;87088035;FR;PT;10;EXW;11;3;;0,9;1,000;121;;FR35504243288;
INTRA-EX;202504;513881387;CTS-IT-288;84213100;FR;PT;10;EXW;11;3;;2,2;1,000;299;;FR35504243288;
INTRA-EX;202504;513881387;6B1584H-STD;40091100;FR;PT;10;EXW;11;3;;0,4;1,000;134;;FR35504243288;
INTRA-EX;202504;513881387;4B1609H-STD;40091100;FR;PT;10;EXW;11;3;;0,5;1,000;44;;QV999999999999;
INTRA-EX;202504;513881387;BKR7EIX-4;84099100;FR;PT;10;EXW;11;3;;0,3;1,000;40;;QV999999999999;
INTRA-EX;202504;513881387;ILZKR8C8G-4;87089997;FR;PT;10;EXW;11;3;;0,3;2,000;80;;QV999999999999;
INTRA-EX;202504;513881387;AC-MK7-OC;87089997;FR;PT;10;EXW;11;3;;0,3;1,000;29;;QV999999999999;
INTRA-EX;202504;513881387;06E898001-5;84099100;FR;PT;10;EXW;11;3;;1,9;1,000;131;;QV999999999999;
INTRA-EX;202504;513881387;R01-10-2;40091100;FR;PT;10;EXW;11;3;;0,1;1,000;82;;QV999999999999;
INTRA-EX;202504;513881387;FMMK5CTC;87089135;FR;PT;10;EXW;11;3;;1,6;1,000;409;;QV999999999999;
INTRA-EX;202504;513881387;CTS-EXH-TP-0007;87089235;FR;PT;10;EXW;11;3;;3;1,000;149;;QV999999999999;
INTRA-EX;202504;513881387;TS-0203-1104;87089997;FR;PT;10;EXW;11;3;;0,1;2,000;49;;FR72818760142;
INTRA-EX;202504;513881387;CTS-TR-0300RS;87089997;FR;PT;10;EXW;11;3;;13,1;1,000;1699;;FR35504243288;
INTRA-EX;202504;513881387;R-BMW-018-I;84099100;FR;PT;10;EXW;11;3;;3,6;1,000;693;;FR35504243288;
INTRA-EX;202504;513881387;FMBM335DV1-BLA-BLA;84814090;FR;PT;10;EXW;11;3;;3,3;1,000;395;;FR35504243288;
INTRA-EX;202504;513881387;AC-N54-TP;40091100;FR;PT;10;EXW;11;3;;1,7;1,000;123;;FR35504243288;
INTRA-EX;202504;513881387;HMP-526;84099100;FR;PT;10;EXW;11;3;;0,2;1,000;74;;FR35504243288;
INTRA-EX;202504;513881387;MMTS-E90-07;87089997;FR;PT;10;EXW;11;3;;0,1;1,000;61;;FR35504243288;
INTRA-EX;202504;513881387;11127565286;84836080;FR;PT;10;EXW;11;3;;0,4;1,000;10;;FR35504243288;
INTRA-EX;202504;513881387;CTS-IGN-008;84099100;FR;PT;10;EXW;11;3;;0,3;6,000;210;;FR35504243288;
INTRA-EX;202504;513881387;11427953129;84099100;FR;PT;10;EXW;11;3;;0,1;4,000;20;;FR35504243288;
INTRA-EX;202504;513881387;SILZKBR8D8S-6;84099100;FR;PT;10;EXW;11;3;;0,4;4,000;265;;FR35504243288;
INTRA-EX;202504;513881387;6B1584H-STD;40091100;FR;PT;10;EXW;11;3;;0,4;2,000;269;;FR35504243288;
INTRA-EX;202504;513881387;7M1397H-STD;40091100;FR;PT;10;EXW;11;3;;0,7;1,000;161;;FR35504243288;
INTRA-EX;202504;513881387;KCA470;87089997;FR;PT;10;EXW;11;3;;2;1,000;98;;QV999999999999;
INTRA-EX;202504;513881387;SBW1171-4P-BK;87083091;FR;PT;10;EXW;11;3;;0,5;1,000;84;;FR59794806117;
INTRA-EX;202504;513881387;SILZKBR8D8S-6;84099100;FR;PT;10;EXW;11;3;;0,4;1,000;66;;QV999999999999;
INTRA-EX;202504;513881387;PP1389;84213100;FR;PT;10;EXW;11;3;;0,5;1,000;38;;QV999999999999;
INTRA-EX;202504;513881387;06A115561B;84099100;FR;PT;10;EXW;11;3;;0,5;2,000;10;;QV999999999999;
INTRA-EX;202504;513881387;CTS-DB-MK4-60D;84099100;FR;PT;10;EXW;11;3;;1,2;1,000;46;;QV999999999999;
INTRA-EX;202504;513881387;E10-30-013-01-22;73202081;FR;PT;10;EXW;11;3;;9,4;1,000;152;;FR87853175941;
INTRA-EX;202504;513881387;KCA395;87088055;FR;PT;10;EXW;11;3;;2;1,000;206;;QV999999999999;
INTRA-EX;202504;513881387;ATIKFO21;87089235;FR;PT;10;EXW;11;3;;2,1;1,000;179;;QV999999999999;
INTRA-EX;202504;513881387;CTS-HW-0133;84099100;FR;PT;10;EXW;11;3;;0,5;1,000;135;;FR46885276881;
INTRA-EX;202504;513881387;VWR18G700-SERV;87089997;FR;PT;10;EXW;11;3;;0,1;1,000;31;;FR55823261680;
INTRA-EX;202504;513881387;Z-335233;87089997;FR;PT;10;EXW;11;3;;0,9;1,000;153;;QV999999999999;
INTRA-EX;202504;513881387;FMACVAG08;84099100;FR;PT;10;EXW;11;3;;0,5;1,000;144;;QV999999999999;
INTRA-EX;202504;513881387;VIB-1458;87089235;FR;PT;10;EXW;11;3;;0,2;1,000;6;;QV999999999999;
INTRA-EX;202504;513881387;FMINLH25-BLACK;40091100;FR;PT;10;EXW;11;3;;1;1,000;70;;QV999999999999;
INTRA-EX;202504;513881387;EVE-FLC;87084099;FR;PT;10;EXW;11;3;;0,6;1,000;28;;QV999999999999;
INTRA-EX;202504;513881387;CTS-HW-360;40091100;FR;PT;10;EXW;11;3;;1,4;1,000;249;;QV999999999999;
INTRA-EX;202504;513881387;034-108-9003SP;87089997;FR;PT;10;EXW;11;3;;0,4;1,000;63;;QV999999999999;
INTRA-EX;202504;513881387;VWR12G7R600ITBLA;84213100;FR;PT;10;EXW;11;3;;0,8;1,000;109;;QV999999999999;
INTRA-EX;202504;513881387;AC-MK7-MD;87089997;FR;PT;10;EXW;11;3;;0,4;1,000;65;;QV999999999999;
INTRA-EX;202504;513881387;AC-MK7-INLET;40091100;FR;PT;10;EXW;11;3;;0,3;1,000;67;;QV999999999999;
INTRA-EX;202504;513881387;ESR980WB;84213100;FR;PT;10;EXW;11;3;;4,2;1,000;274;;QV999999999999;
INTRA-EX;202504;513881387;L3P3SFRX;87089997;FR;PT;10;EXW;11;3;;0,6;1,000;322;;QV999999999999;
INTRA-EX;202504;513881387;MMSK-XT-3;87089997;FR;PT;10;EXW;11;3;;0,3;1,000;33;;QV999999999999;
INTRA-EX;202504;513881387;EVE-ST38V8S-CF-ENG;87089997;FR;PT;10;EXW;11;3;;1,3;1,000;571;;FR26750396111;
INTRA-EX;202504;513881387;PARTS-CTS;87089997;FR;PT;10;EXW;11;3;;1;6,000;114;;FR01821481033;
INTRA-EX;202504;513881387;PF04;85444290;FR;PT;10;EXW;11;3;;0,2;1,000;206;;QV999999999999;
INTRA-EX;202504;513881387;MMFS-RX8-04;84149000;FR;PT;10;EXW;11;3;;5,1;1,000;188;;QV999999999999;
INTRA-EX;202504;513881387;AC-180-CPA;87089997;FR;PT;10;EXW;11;3;;0,5;1,000;44;;QV999999999999;
INTRA-EX;202504;513881387;079133074B;87089235;FR;PT;10;EXW;11;3;;0,1;2,000;22;;QV999999999999;
INTRA-EX;202504;513881387;SILZKBR8D8S-6;84099100;FR;PT;10;EXW;11;3;;0,4;1,000;66;;QV999999999999;
INTRA-EX;202504;513881387;338094;87082910;FR;PT;10;EXW;11;3;;3,6;1,000;1028;;FR35504243288;
INTRA-EX;202504;513881387;SR-233;84213100;FR;PT;10;EXW;11;3;;1,3;1,000;159;;FR35504243288;
INTRA-EX;202504;513881387;AC-S55-CC;87089997;FR;PT;10;EXW;11;3;;12;1,000;82;;FR35504243288;
INTRA-EX;202504;513881387;6B1584H-STD;40091100;FR;PT;10;EXW;11;3;;0,4;1,000;134;;FR35504243288;
INTRA-EX;202504;513881387;CTS-IGN-008;84099100;FR;PT;10;EXW;11;3;;0,3;6,000;210;;FR35504243288;
INTRA-EX;202504;513881387;11427953129;84099100;FR;PT;10;EXW;11;3;;0,1;2,000;10;;FR35504243288;
INTRA-EX;202504;513881387;11127565286;84836080;FR;PT;10;EXW;11;3;;0,4;2,000;20;;FR35504243288;
INTRA-EX;202504;513881387;BWF20XZ;87089997;FR;PT;10;EXW;11;3;;6;1,000;182;;QV999999999999;
INTRA-EX;202504;513881387;SVW0630-4P-BK;87083091;FR;PT;10;EXW;11;3;;0,5;1,000;77;;FR22984648329;
INTRA-EX;202504;513881387;DBA42809S-2;87089997;FR;PT;10;EXW;11;3;;15;1,000;246;;QV999999999999;
INTRA-EX;202504;513881387;IFR7X8G-4;84099100;FR;PT;10;EXW;11;3;;0,3;1,000;61;;QV999999999999;
INTRA-EX;202504;513881387;MMTS-GLF-15;90321020;FR;PT;10;EXW;11;3;;0,2;1,000;50;;QV999999999999;
INTRA-EX;202504;513881387;SAU0630-4P-RD;87083091;FR;PT;10;EXW;11;3;;0,5;1,000;77;;QV999999999999;
INTRA-EX;202504;513881387;DBA42366S-2;87089997;FR;PT;10;EXW;11;3;;23,2;1,000;364;;QV999999999999;
INTRA-EX;202504;513881387;AC-BM-ODP;87089997;FR;PT;10;EXW;11;3;;0,1;1,000;12;;QV999999999999;
INTRA-EX;202504;513881387;11127565286;84836080;FR;PT;10;EXW;11;3;;0,4;1,000;10;;QV999999999999;
INTRA-EX;202504;513881387;BKR8EIX-4;85111000;FR;PT;10;EXW;11;3;;0,3;1,000;41;;QV999999999999;
INTRA-EX;202504;513881387;CTS-HW-046;87089997;FR;PT;10;EXW;11;3;;0,3;1,000;108;;QV999999999999;
INTRA-EX;202504;513881387;VWR630300;87089997;FR;PT;10;EXW;11;3;;0,3;1,000;41;;QV999999999999;
INTRA-EX;202504;513881387;AC-200-DVBO;84818040;FR;PT;10;EXW;11;3;;0,3;1,000;20;;FR18912507035;
INTRA-EX;202504;513881387;R7437-9-4;87089997;FR;PT;10;EXW;11;3;;0,3;1,000;166;;QV999999999999;
INTRA-EX;202504;513881387;SILZKGR8B8S-6;85111000;FR;PT;10;EXW;11;3;;0,4;1,000;59;;QV999999999999;
INTRA-EX;202504;513881387;SP-204;32081090;FR;PT;10;EXW;11;3;;0,5;1,000;27;;QV999999999999;
INTRA-EX;202504;513881387;AC-200-CP-4;84099100;FR;PT;10;EXW;11;3;;1;1,000;82;;QV999999999999;
INTRA-EX;202504;513881387;BKR8EIX-4;85111000;FR;PT;10;EXW;11;3;;0,3;1,000;41;;QV999999999999;
INTRA-EX;202504;513881387;06D115562;84099100;FR;PT;10;EXW;11;3;;0,2;1,000;4;;QV999999999999;
INTRA-EX;202504;513881387;R7437-8-4;84099100;FR;PT;10;EXW;11;3;;0,3;1,000;160;;QV999999999999;
INTRA-EX;202504;513881387;06E898001-4;85111000;FR;PT;10;EXW;11;3;;1,5;1,000;104;;QV999999999999;
INTRA-EX;202504;513881387;ATMSREN8;87089997;FR;PT;10;EXW;11;3;;1,1;1,000;117;;QV999999999999;
INTRA-EX;202504;513881387;ATMSREN7;87089997;FR;PT;10;EXW;11;3;;0,9;1,000;117;;QV999999999999;
INTRA-EX;202504;513881387;AC-E46-FU;87088055;FR;PT;10;EXW;11;3;;4,3;1,000;149;;QV999999999999;
INTRA-EX;202504;513881387;SILZKBR8D8S-6;84099100;FR;PT;10;EXW;11;3;;0,4;1,000;66;;QV999999999999;
INTRA-EX;202504;513881387;10.127.100K;84132000;FR;PT;10;EXW;11;3;;0,3;1,000;314;;QV999999999999;
INTRA-EX;202504;513881387;KLC163;87088035;FR;PT;10;EXW;11;3;;0,9;1,000;121;;QV999999999999;
INTRA-EX;202504;513881387;R01-10-2;40091100;FR;PT;10;EXW;11;3;;0,1;1,000;82;;QV999999999999;
INTRA-EX;202504;513881387;DILKAR8R9HS-4;85111000;FR;PT;10;EXW;11;3;;0,3;1,000;62;;QV999999999999;
INTRA-EX;202504;513881387;RBF660;27101999;FR;PT;10;EXW;11;3;;0,6;2,000;24;;QV999999999999;
INTRA-EX;202504;513881387;L3P3BE9x;87089997;FR;PT;10;EXW;11;3;;1;1,000;322;;FR76304349129;
INTRA-EX;202504;513881387;CTS-IGN-008;84099100;FR;PT;10;EXW;11;3;;0,3;1,000;35;;FR76304349129;
INTRA-EX;202504;513881387;FMR56IND-BLU;40093100;FR;PT;10;EXW;11;3;;0,8;1,000;127;;QV999999999999;
INTRA-EX;202504;513881387;06E898001-4;85111000;FR;PT;10;EXW;11;3;;1,5;1,000;104;;QV999999999999;
INTRA-EX;202504;513881387;BKR7EIX-4;84099100;FR;PT;10;EXW;11;3;;0,3;1,000;40;;QV999999999999;
INTRA-EX;202504;513881387;FMCT3;84133080;FR;PT;10;EXW;11;3;;1,3;1,000;335;;QV999999999999;
INTRA-EX;202504;513881387;AC-WS-12-BT;87088099;FR;PT;10;EXW;11;3;;2,3;1,000;46;;QV999999999999;
INTRA-EX;202504;513881387;VWR640015;87089997;FR;PT;10;EXW;11;3;;2,2;1,000;93;;QV999999999999;
INTRA-EX;202504;513881387;06E898001-4;85111000;FR;PT;10;EXW;11;3;;1,5;1,000;104;;QV999999999999;
INTRA-EX;202504;513881387;MS100192-4;84099100;FR;PT;10;EXW;11;3;;1,7;1,000;180;;QV999999999999;
INTRA-EX;202504;513881387;UR-RE2-1107;87088055;FR;PT;10;EXW;11;3;;3;1,000;88;;QV999999999999;
INTRA-EX;202504;513881387;PP1995;84213100;FR;PT;10;EXW;11;3;;1,6;2,000;76;;FR35504243288;
INTRA-EX;202504;513881387;CTS-IGN-008;84099100;FR;PT;10;EXW;11;3;;0,3;6,000;210;;FR35504243288;
INTRA-EX;202504;513881387;11427953129;84099100;FR;PT;10;EXW;11;3;;0,1;2,000;10;;FR35504243288;
INTRA-EX;202504;513881387;SILZKBR8D8S-6;84099100;FR;PT;10;EXW;11;3;;0,4;3,000;199;;FR35504243288;
INTRA-EX;202504;513881387;TS-0203-1022;87089997;FR;PT;10;EXW;11;3;;0,3;1,000;138;;QV999999999999;
INTRA-EX;202504;513881387;MMEXH-MUS8-15HP;87089235;FR;PT;10;EXW;11;3;;5;1,000;252;;QV999999999999;
INTRA-EX;202504;513881387;MMEXH-MUS8-15ARP;87089235;FR;PT;10;EXW;11;3;;9,3;1,000;360;;FR17979895877;
INTRA-EX;202504;513881387;D650-0004-8;84099100;FR;PT;10;EXW;11;3;;2,4;1,000;227;;FR47383072444;
INTRA-EX;202504;513881387;AC-MK7-RL;87088055;FR;PT;10;EXW;11;3;;0,5;1,000;59;;QV999999999999;
INTRA-EX;202504;513881387;82594;84099100;FR;PT;10;EXW;11;3;;1,7;1,000;304;;QV999999999999;
INTRA-EX;202504;513881387;KLC167A;87088055;FR;PT;10;EXW;11;3;;1,4;1,000;136;;QV999999999999;
INTRA-EX;202504;513881387;R7437-8-4;84099100;FR;PT;10;EXW;11;3;;0,3;1,000;160;;QV999999999999;
INTRA-EX;202504;513881387;MS100192-4;84099100;FR;PT;10;EXW;11;3;;1,7;1,000;180;;QV999999999999;
INTRA-EX;202504;513881387;218-5402;87089997;FR;PT;10;EXW;11;3;;1,2;1,000;140;;QV999999999999;
INTRA-EX;202504;513881387;FMSS114-GRE;84814090;FR;PT;10;EXW;11;3;;0,1;2,000;14;;QV999999999999;
INTRA-EX;202504;513881387;KDT914;87088020;FR;PT;10;EXW;11;3;;0,4;1,000;26;;QV999999999999;
INTRA-EX;202504;513881387;RBF600;27101999;FR;PT;10;EXW;11;3;;0,6;4,000;38;;QV999999999999;
INTRA-EX;202504;513881387;FMKT010-BLA;40093100;FR;PT;10;EXW;11;3;;1,7;1,000;191;;QV999999999999;
INTRA-EX;202504;513881387;PH/INDFO22-BL;40093100;FR;PT;10;EXW;11;3;;0,6;1,000;65;;QV999999999999;
INTRA-EX;202504;513881387;E10-42-052-03-22;73202081;FR;PT;10;EXW;11;3;;8,9;1,000;183;;QV999999999999;
INTRA-EX;202504;513881387;06J103600AFKIT;84099100;FR;PT;10;EXW;11;3;;2,5;1,000;49;;QV999999999999;
INTRA-EX;202504;513881387;AC-MK5-FU-RD;87088055;FR;PT;10;EXW;11;3;;4,4;1,000;97;;QV999999999999;
INTRA-EX;202504;513881387;VWR12G7R600OS;84213100;FR;PT;10;EXW;11;3;;0,3;1,000;31;;QV999999999999;
INTRA-EX;202504;513881387;VWR800001;58109210;FR;PT;10;EXW;11;3;;0,1;1,000;10;;QV999999999999;
INTRA-EX;202504;513881387;VWR17G7R600;40091100;FR;PT;10;EXW;11;3;;0,2;1,000;54;;QV999999999999;
INTRA-EX;202504;513881387;EVE-N55-PF;84212300;FR;PT;10;EXW;11;3;;0,9;1,000;81;;QV999999999999;
INTRA-EX;202504;513881387;CTS-IT-810;40091100;FR;PT;10;EXW;11;3;;1,4;1,000;219;;QV999999999999;
INTRA-EX;202504;513881387;TS-0223-1091;87089997;FR;PT;10;EXW;11;3;;0,4;1,000;199;;QV999999999999;
INTRA-EX;202504;513881387;UR-TW2-110;87088055;FR;PT;10;EXW;11;3;;3;1,000;136;;QV999999999999;
INTRA-EX;202504;513881387;TBP-005;87089997;FR;PT;10;EXW;11;3;;0,3;1,000;22;;QV999999999999;
INTRA-EX;202504;513881387;U5055-4;84099100;FR;PT;10;EXW;11;3;;1,5;1,000;88;;QV999999999999;
INTRA-EX;202504;513881387;CTS-IT-105R;84213100;FR;PT;10;EXW;11;3;;4,6;1,000;256;;QV999999999999;
INTRA-EX;202504;513881387;028CC14133;84099100;FR;PT;10;EXW;11;3;;3;1,000;368;;QV999999999999;
INTRA-EX;202504;513881387;33004-BT002;84213100;FR;PT;10;EXW;11;3;;6,2;1,000;312;;QV999999999999;
INTRA-EX;202504;513881387;VWR12G7R600FO;84213100;FR;PT;10;EXW;11;3;;0,5;1,000;102;;QV999999999999;
INTRA-EX;202504;513881387;06E898001-4;85111000;FR;PT;10;EXW;11;3;;1,5;1,000;104;;QV999999999999;
INTRA-EX;202504;513881387;CTS-IGN-008;84099100;FR;PT;10;EXW;11;3;;0,3;6,000;210;;QV999999999999;
INTRA-EX;202504;513881387;SILZKBR8D8S-6;84099100;FR;PT;10;EXW;11;3;;0,4;1,000;66;;QV999999999999;
INTRA-EX;202504;513881387;VWR900003-4;85111000;FR;PT;10;EXW;11;3;;1,5;1,000;174;;QV999999999999;
INTRA-EX;202504;513881387;AC-200-CP-4;84099100;FR;PT;10;EXW;11;3;;1;1,000;82;;QV999999999999;
INTRA-EX;202504;513881387;FMBPVRM;87089997;FR;PT;10;EXW;11;3;;0,1;1,000;35;;FR72818760142;
INTRA-EX;202504;513881387;S90-2-12-002-B-BT;87087050;FR;PT;10;EXW;11;3;;1,8;1,000;105;;QV999999999999;
INTRA-EX;202504;513881387;BKR8EIX-4;85111000;FR;PT;10;EXW;11;3;;0,3;1,000;41;;QV999999999999;
INTRA-EX;202504;513881387;ECA1578WB;84213100;FR;PT;10;EXW;11;3;;4,1;1,000;292;;QV999999999999;
INTRA-EX;202504;513881387;06L115466C;84213100;FR;PT;10;EXW;11;3;;0,2;4,000;23;;QV999999999999;
INTRA-EX;202504;513881387;AC-MK7-CP-4;84099100;FR;PT;10;EXW;11;3;;1;1,000;112;;QV999999999999;
INTRA-EX;202504;513881387;CTS-HW-0133;84099100;FR;PT;10;EXW;11;3;;0,5;1,000;135;;QV999999999999;
INTRA-EX;202504;513881387;06J103600AFKIT;84099100;FR;PT;10;EXW;11;3;;2,5;1,000;49;;QV999999999999;
INTRA-EX;202504;513881387;AC-MK7-RL;87088055;AT;PT;10;EXW;11;3;;0,5;1,000;59;;QV999999999999;
INTRA-EX;202504;513881387;AC-MK7-CL;87088055;AT;PT;10;EXW;11;3;;1,3;1,000;74;;QV999999999999;
INTRA-EX;202504;513881387;UR-RE2-1645;87088055;EE;PT;10;EXW;11;3;;3;1,000;104;;QV999999999999;
INTRA-EX;202504;513881387;UR-TW2-1715;87088055;EE;PT;10;EXW;11;3;;3,6;1,000;110;;QV999999999999;
INTRA-EX;202504;513881387;D650-0003-8;84099100;EE;PT;10;EXW;11;3;;3,4;1,000;227;;EE101693963;
INTRA-EX;202504;513881387;SILZKBR8D8S-8;85111000;EE;PT;10;EXW;11;3;;0,5;1,000;88;;EE101693963;
INTRA-EX;202504;513881387;FMDVA45A;84814090;IE;PT;10;EXW;11;3;;0,6;1,000;161;;QV999999999999;
INTRA-EX;202504;513881387;CTS-IT-105R;84213100;BG;PT;10;EXW;11;3;;4,6;1,000;256;;BG207218612;
INTRA-EX;202504;513881387;SAU0531-4P-EB;87083091;BG;PT;10;EXW;11;3;;0,5;1,000;94;;BG207218612;
INTRA-EX;202504;513881387;D650-0010-6;84099100;FI;PT;10;EXW;11;3;;2,4;2,000;374;;FI24326363;
INTRA-EX;202504;513881387;FMTIA2-BLA;40091100;FI;PT;10;EXW;11;3;;1,5;1,000;131;;QV999999999999;
INTRA-EX;202504;513881387;MS100208-4;84099100;FI;PT;10;EXW;11;3;;1,7;1,000;115;;QV999999999999;
INTRA-EX;202504;513881387;SSU8003-4P-BK;87083091;RO;PT;10;EXW;11;3;;0,5;1,000;77;;RO43610916;
INTRA-EX;202504;513881387;110282;27101999;FI;PT;10;EXW;11;3;;1;9,000;93;;QV999999999999;
INTRA-EX;202504;513881387;SMNC011;87089235;RO;PT;10;EXW;11;3;;3;1,000;181;;RO27439807;
INTRA-EX;202504;513881387;06J103600AFKIT;84099100;RO;PT;10;EXW;11;3;;2,5;1,000;50;;QV999999999999;
INTRA-EX;202504;513881387;CLPT-SET1;87088035;HR;PT;10;EXW;11;3;;3,4;1,000;196;;HR67066083351;
INTRA-EX;202504;513881387;DBA52844SLVS-2;87089997;HR;PT;10;EXW;11;3;;24;1,000;889;;HR13065879285;
INTRA-EX;202504;513881387;6B1584H-25;40091100;RO;PT;10;EXW;11;3;;0,4;Uni.;134;;RO6336590;
INTRA-EX;202504;513881387;50003-M45-XL-4;84213100;HR;PT;10;EXW;11;3;;0,3;1,000;78;;QV999999999999;
INTRA-EX;202504;513881387;RPF-1195;84213100;HR;PT;10;EXW;11;3;;0,6;1,000;51;;QV999999999999;
INTRA-EX;202504;513881387;B58B30-DD;87089235;RO;PT;10;EXW;11;3;;4,1;1,000;558;;RO43610916;
INTRA-EX;202504;513881387;U5400-4;85111000;HR;PT;10;EXW;11;3;;1,5;1,000;158;;QV999999999999;
INTRA-EX;202504;513881387;FMSS5;87089997;HR;PT;10;EXW;11;3;;0,2;1,000;50;;QV999999999999;
INTRA-EX;202504;513881387;KDT985;87088055;HR;PT;10;EXW;11;3;;0,1;1,000;32;;QV999999999999;
INTRA-EX;202504;513881387;DBA52379BLKLS+RS;87089997;SK;PT;10;EXW;11;3;;28,5;1,000;873;;SK2023355983;
INTRA-EX;202504;513881387;DBA52321BLKS;87089997;SK;PT;10;EXW;11;3;;25,3;1,000;807;;SK2023355983;
INTRA-EX;202504;513881387;Z-9910017;87089997;SK;PT;10;EXW;11;3;;4,6;1,000;253;;SK2023355983;
INTRA-EX;202504;513881387;Z-3250001;87089997;SK;PT;10;EXW;11;3;;3;1,000;169;;SK2023355983;
INTRA-EX;202504;513881387;52009-AK005;84213100;SK;PT;10;EXW;11;3;;0,4;1,000;19;;SK2023355983;
INTRA-EX;202504;513881387;VWR69000BF1;87089997;SK;PT;10;EXW;11;3;;0,6;2,000;38;;SK2023355983;
INTRA-EX;202504;513881387;E10-20-035-01-22;87088035;HR;PT;10;EXW;11;3;;11,2;1,000;208;;QV999999999999;
INTRA-EX;202504;513881387;70017-AT132;84213100;SI;PT;10;EXW;11;3;;0,5;2,000;56;;QV999999999999;
INTRA-EX;202504;513881387;AC-MK7-FPT;84133080;SI;PT;10;EXW;11;3;;0,1;1,000;10;;SI31023223;
INTRA-EX;202504;513881387;VWR900002-4;84099100;SI;PT;10;EXW;11;3;;1,8;1,000;172;;QV999999999999;
INTRA-EX;202504;513881387;VWR120000;84213100;SI;PT;10;EXW;11;3;;1;1,000;29;;QV999999999999;
INTRA-EX;202504;513881387;D153-A001;84213100;LU;PT;10;EXW;11;3;;3;1,000;241;;QV999999999999;
INTRA-EX;202504;513881387;UR-TW2-3212;87088055;HU;PT;10;EXW;11;3;;3,2;1,000;116;;QV999999999999;
INTRA-EX;202504;513881387;P3BTAP2;87089997;HU;PT;10;EXW;11;3;;0,3;1,000;47;;QV999999999999;
INTRA-EX;202504;513881387;GTHSB-5;87089997;DE;PT;10;EXW;11;3;;0,1;1,000;20;;QV999999999999;
INTRA-EX;202504;513881387;ATIKFO31;87089997;DE;PT;10;EXW;11;3;;6,3;1,000;392;;QV999999999999;
INTRA-EX;202504;513881387;50003-MR45HLZ-4;87089997;DE;PT;10;EXW;11;3;;0,3;1,000;88;;QV999999999999;
INTRA-EX;202504;513881387;STT-K8;87089997;DE;PT;10;EXW;11;3;;0,4;1,000;82;;QV999999999999;
INTRA-EX;202504;513881387;50003-MR45HLZ-4;87089997;DE;PT;10;EXW;11;3;;0,3;1,000;88;;QV999999999999;
INTRA-EX;202504;513881387;70027-AH001;84213100;DE;PT;10;EXW;11;3;;0,2;1,000;33;;QV999999999999;
INTRA-EX;202504;513881387;UR-LA2-3677;87088055;DE;PT;10;EXW;11;3;;2,5;1,000;75;;QV999999999999;
INTRA-EX;202504;513881387;CTS-HW-266-180;87089997;DE;PT;10;EXW;11;3;;3,4;1,000;325;;QV999999999999;
INTRA-EX;202504;513881387;FMCCHMK5-RED;40093100;DE;PT;10;EXW;11;3;;0,2;1,000;51;;QV999999999999;
INTRA-EX;202504;513881387;AC-200-CFA-KIT;87089997;DE;PT;10;EXW;11;3;;0,1;1,000;32;;QV999999999999;
INTRA-EX;202504;513881387;1K1819653B;84099100;DE;PT;10;EXW;11;3;;0,5;1,000;8;;QV999999999999;
INTRA-EX;202504;513881387;06D115562;84099100;DE;PT;10;EXW;11;3;;0,2;1,000;4;;QV999999999999;
INTRA-EX;202504;513881387;FMDV20-BLA;84818040;DE;PT;10;EXW;11;3;;0,6;1,000;178;;QV999999999999;
INTRA-EX;202504;513881387;AC-30N-CP-4;85111000;DE;PT;10;EXW;11;3;;1,2;1,000;94;;QV999999999999;
INTRA-EX;202504;513881387;MMIG-VLSTR-19T04;85111000;DE;PT;10;EXW;11;3;;1,7;1,000;99;;QV999999999999;
INTRA-EX;202504;513881387;EVE-Vbadge;87089997;PL;PT;10;EXW;11;3;;0,1;2,000;27;;QV999999999999;
INTRA-EX;202504;513881387;CTS-SIL-0019;40091100;PL;PT;10;EXW;11;3;;0,7;1,000;59;;QV999999999999;
INTRA-EX;202504;513881387;MMHOSE-Z33-HRBK;40091100;GR;PT;10;EXW;11;3;;1,2;1,000;93;;GREL801563540;
INTRA-EX;202504;513881387;MMRAD-350Z-07;87089135;GR;PT;10;EXW;11;3;;7,2;1,000;279;;GREL801563540;
INTRA-EX;202504;513881387;MMOC-350Z-03T;87089135;GR;PT;10;EXW;11;3;;5,3;1,000;411;;GREL801563540;
INTRA-EX;202504;513881387;MMTS-350Z-07;90321020;GR;PT;10;EXW;11;3;;0,3;1,000;47;;GREL801563540;
INTRA-EX;202504;513881387;MMBCC-CTR-17PBERD2;87089997;GR;PT;10;EXW;11;3;;1,1;1,000;193;;QV999999999999;
INTRA-EX;202504;513881387;MMTS-GLF-15;90321020;GR;PT;10;EXW;11;3;;0,2;1,000;48;;QV999999999999;
INTRA-EX;202504;513881387;06L115466C;84213100;GR;PT;10;EXW;11;3;;0,2;3,000;17;;QV999999999999;
INTRA-EX;202504;513881387;Z1003101-4;85111000;BE;PT;10;EXW;11;3;;0,4;1,000;80;;BE0753629325;
INTRA-EX;202504;513881387;R7437-9-4;87089997;BE;PT;10;EXW;11;3;;0,3;1,000;165;;QV999999999999;
INTRA-EX;202504;513881387;SBMC050;87089235;BE;PT;10;EXW;11;3;;9;1,000;318;;QV999999999999;
INTRA-EX;202504;513881387;CTS-IT-341;40091100;BE;PT;10;EXW;11;3;;1,4;2,000;401;;QV999999999999;
INTRA-EX;202504;513881387;SBMC074;87089235;BE;PT;10;EXW;11;3;;5;1,000;397;;BE1003.374.829;
INTRA-EX;202504;513881387;06J103600AFKIT;84099100;BE;PT;10;EXW;11;3;;2,5;1,000;49;;QV999999999999;
INTRA-EX;202504;513881387;MS100204-4;84099100;BE;PT;10;EXW;11;3;;1,7;1,000;179;;QV999999999999;
INTRA-EX;202504;513881387;WHT005184;40091100;BE;PT;10;EXW;11;3;;0,1;1,000;8;;QV999999999999;
INTRA-EX;202504;513881387;06F103483D;87089997;BE;PT;10;EXW;11;3;;0,1;1,000;8;;QV999999999999;
INTRA-EX;202504;513881387;06F129717D;87089235;BE;PT;10;EXW;11;3;;0,1;1,000;8;;QV999999999999;
INTRA-EX;202504;513881387;AC-200-CFA;87089997;BE;PT;10;EXW;11;3;;0,1;1,000;24;;QV999999999999;
INTRA-EX;202504;513881387;AC-200-FD;87089997;BE;PT;10;EXW;11;3;;0,5;1,000;48;;QV999999999999;
INTRA-EX;202504;513881387;BKR7EIX-4;84099100;BE;PT;10;EXW;11;3;;0,3;1,000;40;;QV999999999999;
INTRA-EX;202504;513881387;JSK-101-DD;84213100;BE;PT;10;EXW;11;3;;4,4;1,000;247;;QV999999999999;
INTRA-EX;202504;513881387;8E0971824S-RD;84099100;BE;PT;10;EXW;11;3;;0,2;1,000;14;;QV999999999999;
INTRA-EX;202504;513881387;JSK-101-DD;84213100;BE;PT;10;EXW;11;3;;4,4;1,000;247;;QV999999999999;
INTRA-EX;202504;513881387;ATMSYGR09;87089997;BE;PT;10;EXW;11;3;;0,7;1,000;161;;QV999999999999;
INTRA-EX;202504;513881387;ATMSYGR02;87089997;BE;PT;10;EXW;11;3;;3,2;1,000;262;;QV999999999999;
INTRA-EX;202504;513881387;DBA2500S-2;87089997;BE;PT;10;EXW;11;3;;15;1,000;195;;QV999999999999;
INTRA-EX;202504;513881387;RBF600;27101999;BE;PT;10;EXW;11;3;;0,6;2,000;19;;QV999999999999;
INTRA-EX;202504;513881387;CTS-IT-105R;84213100;BE;PT;10;EXW;11;3;;4,6;1,000;254;;QV999999999999;
INTRA-EX;202504;513881387;SD-3714087;87083099;BE;PT;10;EXW;11;3;;15,3;1,000;176;;QV999999999999;
INTRA-EX;202504;513881387;CTS-HW-306;87089997;BE;PT;10;EXW;11;3;;0,9;1,000;83;;BE0761336865;
INTRA-EX;202504;513881387;MMAI-MK7-15WBK;84213100;BE;PT;10;EXW;11;3;;5,6;1,000;272;;BE100807487;
INTRA-EX;202504;513881387;SILZKBR8D8S-6;84099100;BE;PT;10;EXW;11;3;;0,4;1,000;65;;QV999999999999;
INTRA-EX;202504;513881387;IMS-8V8S-OPS;87089997;NL;PT;10;EXW;11;3;;2,6;1,000;349;;NL007460843B01;
INTRA-EX;202504;513881387;IMS-8V8S-GRK;87089997;NL;PT;10;EXW;11;3;;0,2;1,000;66;;NL007460843B01;
INTRA-EX;202504;513881387;IMS-8V8S-UPB;87089997;NL;PT;10;EXW;11;3;;0,5;1,000;74;;NL007460843B01;
INTRA-EX;202504;513881387;SFD090B;87088055;NL;PT;10;EXW;11;3;;2;1,000;67;;QV999999999999;
INTRA-EX;202504;513881387;ILZKR8C8G-4;87089997;NL;PT;10;EXW;11;3;;0,3;1,000;40;;QV999999999999;
INTRA-EX;202504;513881387;D650-0003-4;84099100;NL;PT;10;EXW;11;3;;1,7;1,000;113;;QV999999999999;
INTRA-EX;202504;513881387;BH-326;84213100;NL;PT;10;EXW;11;3;;0,3;1,000;93;;QV999999999999;
INTRA-EX;202504;513881387;50003-MR45XLZ-4;87089997;NL;PT;10;EXW;11;3;;0,3;1,000;86;;QV999999999999;
INTRA-EX;202504;513881387;MS100204-4;84099100;NL;PT;10;EXW;11;3;;1,7;1,000;180;;NL865367012B01;
INTRA-EX;202504;513881387;CTS-DB-MK4-60D;84099100;NL;PT;10;EXW;11;3;;1,2;1,000;46;;QV999999999999;
INTRA-EX;202504;513881387;CTS-EM-MK45-6-60D;87089235;NL;PT;10;EXW;11;3;;2;1,000;107;;QV999999999999;
INTRA-EX;202504;513881387;1300.34.14.14.5;84133080;NL;PT;10;EXW;11;3;;0,4;1,000;1158;;NL007460843B01;
INTRA-EX;202504;513881387;D650-0004-4;84099100;NL;PT;10;EXW;11;3;;1,7;1,000;114;;NL852971400B01;
INTRA-EX;202504;513881387;MS100244-6;85111000;NL;PT;10;EXW;11;3;;2;1,000;205;;NL001846248B38;
INTRA-EX;202504;513881387;IZKR7B-6;85111000;NL;PT;10;EXW;11;3;;0,4;1,000;58;;NL001846248B38;
INTRA-EX;202504;513881387;WB-336;84213100;IT;PT;10;EXW;11;3;;0,2;1,000;45;;QV999999999999;
INTRA-EX;202504;513881387;FMDV26A;87089997;IT;PT;10;EXW;11;3;;0,7;1,000;161;;QV999999999999;
INTRA-EX;202504;513881387;82494;84099100;IT;PT;10;EXW;11;3;;1,6;1,000;203;;QV999999999999;
INTRA-EX;202504;513881387;AC-MK7-MD;87089997;IT;PT;10;EXW;11;3;;0,4;1,000;64;;QV999999999999;
INTRA-EX;202504;513881387;MMBCC-F80-15CBE;87089997;IT;PT;10;EXW;11;3;;1,4;1,000;224;;QV999999999999;
INTRA-EX;202504;513881387;50003-MR45XLZ-4;87089997;IT;PT;10;EXW;11;3;;0,3;1,000;87;;IT03528320785;
INTRA-EX;202504;513881387;EUPD4003106R;84099100;ES;PT;10;EXW;11;3;;1,4;1,000;847;;ES78832668F;
INTRA-EX;202504;513881387;PK409;84213100;ES;PT;10;EXW;11;3;;3;1,000;214;;ES78832668F;
INTRA-EX;202504;513881387;10.127.1012K;84133080;ES;PT;10;EXW;11;3;;0,6;1,000;454;;ES78832668F;
INTRA-EX;202504;513881387;FMTIA11-BLACK;87089997;ES;PT;10;EXW;11;3;;2,1;1,000;210;;QV999999999999;
INTRA-EX;202504;513881387;ATMSFO4;87089997;ES;PT;10;EXW;11;3;;1,2;1,000;91;;QV999999999999;
INTRA-EX;202504;513881387;E10-42-052-03-22;73202081;ES;PT;10;EXW;11;3;;8,9;1,000;182;;QV999999999999;
INTRA-EX;202504;513881387;TS-0302-1002;87089997;ES;PT;10;EXW;11;3;;0,7;1,000;333;;ESB93602019;
INTRA-EX;202504;513881387;SAUC075;87089235;ES;PT;10;EXW;11;3;;9;1,000;382;;QV999999999999;
INTRA-EX;202504;513881387;UR-TW2-4172;87088055;ES;PT;10;EXW;11;3;;3;1,000;128;;QV999999999999;
INTRA-EX;202504;513881387;FMSS114-BLU;84814090;ES;PT;10;EXW;11;3;;0,1;1,000;7;;QV999999999999;
INTRA-EX;202504;513881387;EVE-S58-CFM-STR;87088055;ES;PT;10;EXW;11;3;;6,1;1,000;1949;;ESB15501539;
INTRA-EX;202504;513881387;PP2062;84213100;ES;PT;10;EXW;11;3;;0,8;1,000;102;;ESB15501539;
INTRA-EX;202504;513881387;MMSD-G80-21WBK;87089135;ES;PT;10;EXW;11;3;;4,8;1,000;391;;ESB15501539;
INTRA-EX;202504;513881387;2Q0121321A;87089997;ES;PT;10;EXW;11;3;;0,2;1,000;8;;QV999999999999;
INTRA-EX;202504;513881387;FMVWQS;87089997;ES;PT;10;EXW;11;3;;0,7;1,000;97;;QV999999999999;
INTRA-EX;202504;513881387;EVE-RSQ3-CF-INT;84213100;ES;PT;10;EXW;11;3;;6,1;1,000;1714;;ESB93602019;
INTRA-EX;202504;513881387;EVE-ST38V8S-CF-ENG;87089997;ES;PT;10;EXW;11;3;;1,3;1,000;571;;ESB93602019;
INTRA-EX;202504;513881387;EVE-TRB8V8S-LHD-STK;84213100;ES;PT;10;EXW;11;3;;1,4;1,000;612;;ESB93602019;
INTRA-EX;202504;513881387;50003-M55RET/M45REL;84213100;ES;PT;10;EXW;11;3;;0,3;1,000;114;;QV999999999999;
INTRA-EX;202504;513881387;70019-AZ104;84213100;ES;PT;10;EXW;11;3;;1,8;1,000;140;;QV999999999999;
INTRA-EX;202504;513881387;R10-10-2;40091100;ES;PT;10;EXW;11;3;;0,3;1,000;82;;QV999999999999;
INTRA-EX;202504;513881387;CTS-CC-B8-TFSI;87089997;ES;PT;10;EXW;11;3;;3;1,000;379;;QV999999999999;
INTRA-EX;202504;513881387;BKR7EIX-4;84099100;ES;PT;10;EXW;11;3;;0,3;1,000;40;;QV999999999999;
INTRA-EX;202504;513881387;MS100208-4;84099100;ES;PT;10;EXW;11;3;;1,7;1,000;119;;QV999999999999;
INTRA-EX;202504;513881387;ES-315086;87089997;ES;PT;10;EXW;11;3;;1,1;1,000;53;;QV999999999999;
INTRA-EX;202504;513881387;ES-311366;87089997;ES;PT;10;EXW;11;3;;1,3;1,000;68;;QV999999999999;
INTRA-EX;202504;513881387;STY0015-4P-BK;87083091;ES;PT;10;EXW;11;3;;0,5;1,000;78;;QV999999999999;
INTRA-EX;202504;513881387;AC-180-EM;87089997;ES;PT;10;EXW;11;3;;2,3;1,000;66;;QV999999999999;
INTRA-EX;202504;513881387;CTS-DB-MK4-60D;84099100;ES;PT;10;EXW;11;3;;1,2;1,000;46;;QV999999999999;
INTRA-EX;202504;513881387;CTS-TM-MK4-60D;87089235;ES;PT;10;EXW;11;3;;2;1,000;107;;QV999999999999;
INTRA-EX;202504;513881387;SMA0600-1P-BK;87083091;ES;PT;10;EXW;11;3;;0,3;1,000;17;;QV999999999999;
INTRA-EX;202504;513881387;MMICP-MK7-15KP;87089199;ES;PT;10;EXW;11;3;;5,1;1,000;307;;QV999999999999;
INTRA-EX;202504;513881387;FMWRX301-ALL;84814090;ES;PT;10;EXW;11;3;;0,6;1,000;115;;QV999999999999;
INTRA-EX;202504;513881387;MMAI-MUS4-15P;842131000;ES;PT;10;EXW;11;3;;6;1,000;269;;QV999999999999;
INTRA-EX;202504;513881387;11427953129;84099100;ES;PT;10;EXW;11;3;;0,1;1,000;5;;QV999999999999;
INTRA-EX;202504;513881387;SBW1162-4P-BK;87083091;ES;PT;10;EXW;11;3;;0,5;1,000;83;;QV999999999999;
INTRA-EX;202504;513881387;ITGHYUNDAIi20NSH;84213100;ES;PT;10;EXW;11;3;;1,3;1,000;107;;QV999999999999;
INTRA-EX;202504;513881387;SFD1012-4P-BK;87083091;ES;PT;10;EXW;11;3;;0,5;1,000;128;;QV999999999999;
INTRA-EX;202504;513881387;BKR7EIX-4;84099100;ES;PT;10;EXW;11;3;;0,3;1,000;40;;QV999999999999;
INTRA-EX;202504;513881387;AC-200-CFA-KIT;87089997;ES;PT;10;EXW;11;3;;0,1;1,000;32;;QV999999999999;
INTRA-EX;202504;513881387;ILFR7H-4;85111000;ES;PT;10;EXW;11;3;;0,3;1,000;54;;ESB01715598;
INTRA-EX;202504;513881387;BKR8EIX-4;85111000;ES;PT;10;EXW;11;3;;0,3;1,000;41;;ESB01796796;
INTRA-EX;202504;513881387;SVW0622-4P-BK;87083091;ES;PT;10;EXW;11;3;;0,5;1,000;78;;ESB01796796;
INTRA-EX;202504;513881387;5B7880H-STD;40091100;ES;PT;10;EXW;11;3;;0,3;1,000;54;;ESA60479078;
INTRA-EX;202504;513881387;044DW21143;84099100;ES;PT;10;EXW;11;3;;3,6;1,000;460;;ESA60479078;
INTRA-EX;202504;513881387;CTS-HW-360;40091100;ES;PT;10;EXW;11;3;;1,4;1,000;247;;QV999999999999;
INTRA-EX;202504;513881387;4B1609H-STD;40091100;ES;PT;10;EXW;11;3;;0,5;1,000;44;;QV999999999999;
INTRA-EX;202504;513881387;BKR7EIX-4;84099100;ES;PT;10;EXW;11;3;;0,3;1,000;40;;QV999999999999;
INTRA-EX;202504;513881387;034-108-1040;84213100;ES;PT;10;EXW;11;3;;5,1;1,000;510;;ESJ01571835;
INTRA-EX;202504;513881387;SVW0615-4P-BK;87083091;ES;PT;10;EXW;11;3;;0,5;1,000;78;;QV999999999999;
INTRA-EX;202504;513881387;SSE0427-4P-BK;87083091;ES;PT;10;EXW;11;3;;0,5;1,000;83;;QV999999999999;
INTRA-EX;202504;513881387;VWR180002;87089997;ES;PT;10;EXW;11;3;;0,1;1,000;30;;ESB44835106;
INTRA-EX;202504;513881387;CTS-HW-0420R-SL;87089997;ES;PT;10;EXW;11;3;;5;1,000;674;;ESB44835106;
INTRA-EX;202504;513881387;VWR31G80R;73209090;ES;PT;10;EXW;11;3;;8;1,000;266;;QV999999999999;
INTRA-EX;202504;513881387;AC-211-IT;84198998;ES;PT;10;EXW;11;3;;5,5;1,000;187;;ESB13735162;
INTRA-EX;202504;513881387;UR-RE4-1321;87088055;ES;PT;10;EXW;11;3;;4,1;1,000;128;;QV999999999999;
INTRA-EX;202504;513881387;PX1974;84213100;ES;PT;10;EXW;11;3;;2,5;1,000;212;;QV999999999999;
INTRA-EX;202504;513881387;AC-N55-IC;84198998;ES;PT;10;EXW;11;3;;18;1,000;374;;ESB01796796;
INTRA-EX;202504;513881387;SBW0261-4P-BK;87083091;ES;PT;10;EXW;11;3;;0,5;1,000;84;;ESB01796796;
INTRA-EX;202504;513881387;JSK-101-DD;84213100;ES;PT;10;EXW;11;3;;4,4;1,000;249;;ESB36581619;
INTRA-EX;202504;513881387;SAU0433-4P-BK;87083091;ES;PT;10;EXW;11;3;;0,5;1,000;77;;QV999999999999;
INTRA-EX;202504;513881387;06E898001-5;84099100;ES;PT;10;EXW;11;3;;1,9;1,000;131;;ESB01715598;
INTRA-EX;202504;513881387;SILFER8C7ES-5;85111000;ES;PT;10;EXW;11;3;;0,3;1,000;57;;ESB01715598;
INTRA-EX;202504;513881387;FMDV26A;87089997;ES;PT;10;EXW;11;3;;0,7;1,000;162;;QV999999999999;
INTRA-EX;202504;513881387;MMTW-235;87089997;ES;PT;10;EXW;11;3;;0,7;1,000;54;;QV999999999999;
INTRA-EX;202504;513881387;FMDVMK7A-BLA;87089997;ES;PT;10;EXW;11;3;;0,6;1,000;189;;QV999999999999;
INTRA-EX;202504;513881387;FMSS114-RED;84814090;ES;PT;10;EXW;11;3;;0,1;1,000;7;;QV999999999999;
INTRA-EX;202504;513881387;PP2062;84213100;ES;PT;10;EXW;11;3;;0,8;2,000;205;;ESB74397936;
INTRA-EX;202504;513881387;PK431;84213100;ES;PT;10;EXW;11;3;;4,7;1,000;314;;QV999999999999;
INTRA-EX;202504;513881387;FMRMCLMP;87089997;ES;PT;10;EXW;11;3;;0,1;1,000;29;;QV999999999999;
INTRA-EX;202504;513881387;SHY0800-4P-BK;87083091;ES;PT;10;EXW;11;3;;0,8;1,000;96;;QV999999999999;
INTRA-EX;202504;513881387;KDT970M;87088055;ES;PT;10;EXW;11;3;;1;1,000;24;;QV999999999999;
INTRA-EX;202504;513881387;82494;84099100;ES;PT;10;EXW;11;3;;1,6;1,000;204;;QV999999999999;
INTRA-EX;202504;513881387;AC-30N-CP-4;85111000;ES;PT;10;EXW;11;3;;1,2;1,000;92;;QV999999999999;
INTRA-EX;202504;513881387;E40-15-021-01-11;73202081;ES;PT;10;EXW;11;3;;9,3;1,000;507;;ES09214511K;
INTRA-EX;202504;513881387;WA302R+L;87088055;ES;PT;10;EXW;11;3;;5,5;1,000;191;;ES09214511K;
INTRA-EX;202504;513881387;15w50-5;27101999;ES;PT;10;EXW;11;3;;4,8;1,000;64;;ES09214511K;
INTRA-EX;202504;513881387;15w50-2;27101999;ES;PT;10;EXW;11;3;;4,8;1,000;27;;ES09214511K;
INTRA-EX;202504;513881387;STY0014-4P-BK;87083091;ES;PT;10;EXW;11;3;;0,5;1,000;77;;QV999999999999;
INTRA-EX;202504;513881387;RBF700;27101999;ES;PT;10;EXW;11;3;;0,6;3,000;43;;QV999999999999;
INTRA-EX;202504;513881387;CTS-TM-MK56-60D;84099100;ES;PT;10;EXW;11;3;;2;1,000;107;;QV999999999999;
INTRA-EX;202504;513881387;AC-200-CP-4;84099100;ES;PT;10;EXW;11;3;;1;1,000;81;;QV999999999999;
INTRA-EX;202504;513881387;BKR7EIX-4;84099100;ES;PT;10;EXW;11;3;;0,3;1,000;40;;QV999999999999;
INTRA-EX;202504;513881387;D650-0003-4;84099100;ES;PT;10;EXW;11;3;;1,7;1,000;113;;QV999999999999;
INTRA-EX;202504;513881387;BKR8EIX-6;85111000;ES;PT;10;EXW;11;3;;0,4;1,000;62;;QV999999999999;
INTRA-EX;202504;513881387;AC-27-TI;84198998;ES;PT;10;EXW;11;3;;3;1,000;148;;QV999999999999;
INTRA-EX;202504;513881387;"THE-B5 007 05";40093100;ES;PT;10;EXW;11;3;;0,6;1,000;37;;QV999999999999;
INTRA-EX;202504;513881387;ACSP1;84099100;ES;PT;10;EXW;11;3;;0,5;1,000;22;;QV999999999999;
INTRA-EX;202504;513881387;CTS-IT-110;40091100;ES;PT;10;EXW;11;3;;1,3;1,000;188;;QV999999999999;
INTRA-EX;202504;513881387;MST-FO-MK4017;84213100;ES;PT;10;EXW;11;3;;3,6;1,000;253;;QV999999999999;
INTRA-EX;202504;513881387;PFR7B-4;84099100;ES;PT;10;EXW;11;3;;0,3;1,000;47;;QV999999999999;
INTRA-EX;202504;513881387;DILKAR8R9HS-4;85111000;ES;PT;10;EXW;11;3;;0,3;1,000;62;;QV999999999999;
INTRA-EX;202504;513881387;AC-30N-CP-4;85111000;ES;PT;10;EXW;11;3;;1,2;1,000;93;;ESB87803904;
INTRA-EX;202504;513881387;50003-M45-XL-4;84213100;ES;PT;10;EXW;11;3;;0,3;1,000;81;;ESB87803904;
INTRA-EX;202504;513881387;SSE0433-4P-BK;87083091;ES;PT;10;EXW;11;3;;0,5;1,000;77;;QV999999999999;
INTRA-EX;202504;513881387;VWR640017;87089997;ES;PT;10;EXW;11;3;;2,2;1,000;98;;QV999999999999;
INTRA-EX;202504;513881387;UR-TW2-3047;87088055;ES;PT;10;EXW;11;3;;3;1,000;130;;QV999999999999;
INTRA-EX;202504;513881387;1J0253115A;84099100;ES;PT;10;EXW;11;3;;0,1;1,000;3;;QV999999999999;
INTRA-EX;202504;513881387;VWR900001-4;84099100;ES;PT;10;EXW;11;3;;1,8;1,000;173;;QV999999999999;
INTRA-EX;202504;513881387;FMINLH20-BLACK;87089997;ES;PT;10;EXW;11;3;;0,7;1,000;70;;QV999999999999;
INTRA-EX;202504;513881387;FMSS3;87089997;ES;PT;10;EXW;11;3;;0,3;1,000;104;;QV999999999999;
INTRA-EX;202504;513881387;KCA417;87089997;ES;PT;10;EXW;11;3;;0,4;1,000;28;;QV999999999999;
INTRA-EX;202504;513881387;STY0014-4P-BK;87083091;ES;PT;10;EXW;11;3;;0,5;1,000;77;;QV999999999999;
INTRA-EX;202504;513881387;9-654-1025;84133080;ES;PT;10;EXW;11;3;;0,8;1,000;165;;ESB01796796;
INTRA-EX;202504;513881387;ES-331120;87089997;ES;PT;10;EXW;11;3;;2,1;1,000;60;;QV999999999999;
INTRA-EX;202504;513881387;SAU0601-4P-BK;87083091;ES;PT;10;EXW;11;3;;0,5;1,000;77;;QV999999999999;
INTRA-EX;202504;513881387;SILZKBR8D8S-6;84099100;ES;PT;10;EXW;11;3;;0,4;3,000;197;;QV999999999999;
INTRA-EX;202504;513881387;SMA0380-4P-BK;87083091;ES;PT;10;EXW;11;3;;0,5;1,000;83;;QV999999999999;
INTRA-EX;202504;513881387;AC-200-TB;87088055;ES;PT;10;EXW;11;3;;0,5;1,000;74;;QV999999999999;
INTRA-EX;202504;513881387;10.127.203T;87089997;ES;PT;10;EXW;11;3;;0,1;1,000;14;;QV999999999999;
INTRA-EX;202504;513881387;R7437-9-4;87089997;ES;PT;10;EXW;11;3;;0,3;1,000;166;;ESB96394523;
INTRA-EX;202504;513881387;SHY0800-4P-BK;87083091;ES;PT;10;EXW;11;3;;0,8;1,000;96;;QV999999999999;
INTRA-EX;202504;513881387;VWR12G60RFOC;84213100;ES;PT;10;EXW;11;3;;0,5;1,000;120;;QV999999999999;
INTRA-EX;202504;513881387;8E0971824S-RD;84099100;ES;PT;10;EXW;11;3;;0,2;1,000;14;;QV999999999999;
INTRA-EX;202504;513881387;DBA42472S-2;87083099;ES;PT;10;EXW;11;3;;19,9;1,000;191;;QV999999999999;
INTRA-EX;202504;513881387;MS100195-4;84133020;ES;PT;10;EXW;11;3;;1,7;1,000;400;;QV999999999999;
INTRA-EX;202504;513881387;SSE0433-4P-BK;87083091;ES;PT;10;EXW;11;3;;0,5;1,000;77;;QV999999999999;
INTRA-EX;202504;513881387;RBF660;27101999;ES;PT;10;EXW;11;3;;0,6;4,000;47;;QV999999999999;
INTRA-EX;202504;513881387;24996-AK031;84213100;ES;PT;10;EXW;11;3;;0,3;1,000;92;;ESB67114637;
INTRA-EX;202504;513881387;ES-351255;87089997;ES;PT;10;EXW;11;3;;1,8;1,000;60;;QV999999999999;
INTRA-EX;202504;513881387;ES-355257;87089997;ES;PT;10;EXW;11;3;;1,1;1,000;45;;QV999999999999;
INTRA-EX;202504;513881387;9-652-1008;84133080;ES;PT;10;EXW;11;3;;0,4;1,000;146;;ES71631297M;
INTRA-EX;202504;513881387;AC-BMB-CP-6;85111000;ES;PT;10;EXW;11;3;;3,5;1,000;123;;ES03144153F;
INTRA-EX;202504;513881387;SILZKGR8B8S-6;85111000;ES;PT;10;EXW;11;3;;0,4;2,000;118;;ES43233026H;
INTRA-EX;202504;513881387;DBA42472S-2;87083099;ES;PT;10;EXW;11;3;;19,9;1,000;191;;QV999999999999;
INTRA-EX;202504;513881387;9-354-1025;84133080;ES;PT;10;EXW;11;3;;0,8;1,000;205;;QV999999999999;
INTRA-EX;202504;513881387;BKR8EIX-4;85111000;ES;PT;10;EXW;11;3;;0,3;1,000;41;;QV999999999999;
INTRA-EX;202504;513881387;06D115562;84099100;ES;PT;10;EXW;11;3;;0,2;1,000;4;;QV999999999999;
INTRA-EX;202504;513881387;AC-200-CP-4;84099100;ES;PT;10;EXW;11;3;;1;1,000;81;;QV999999999999;
INTRA-EX;202504;513881387;AC-45-TB;84198998;ES;PT;10;EXW;11;3;;0,3;1,000;104;;ES48924146H;
INTRA-EX;202504;513881387;06K103495AC;87089997;ES;PT;10;EXW;11;3;;0,6;1,000;31;;QV999999999999;
INTRA-EX;202504;513881387;AC-FIST7-BAD;87089997;ES;PT;10;EXW;11;3;;0,5;1,000;59;;QV999999999999;
INTRA-EX;202504;513881387;SFD0121-4P-BK;87083091;ES;PT;10;EXW;11;3;;0,5;1,000;77;;QV999999999999;
INTRA-EX;202504;513881387;ATMSREN8;87089997;FR;PT;10;EXW;11;3;;1,1;1,000;117;;QV999999999999;
INTRA-EX;202504;513881387;CTS-IT-341;40091100;FR;PT;10;EXW;11;3;;1,4;1,000;202;;FR35504243288;
INTRA-EX;202504;513881387;FMBM335DV1-BLA-BLA;84814090;FR;PT;10;EXW;11;3;;3,3;1,000;424;;FR35504243288;
INTRA-EX;202504;513881387;MMICP-N54-07;87089997;FR;PT;10;EXW;11;3;;2,2;1,000;180;;FR35504243288;
INTRA-EX;202504;513881387;6B1584H-STD;40091100;FR;PT;10;EXW;11;3;;0,4;1,000;134;;FR35504243288;
INTRA-EX;202504;513881387;CTS-IGN-008;84099100;FR;PT;10;EXW;11;3;;0,3;12,000;420;;FR35504243288;
INTRA-EX;202504;513881387;11427953129;84099100;FR;PT;10;EXW;11;3;;0,1;4,000;20;;FR35504243288;
INTRA-EX;202504;513881387;SHD0398-4C-BK;87083091;FR;PT;10;EXW;11;3;;0,5;1,000;114;;QV999999999999;
INTRA-EX;202504;513881387;CTS-EXH-DP-0014;87089997;FR;PT;10;EXW;11;3;;6;1,000;405;;QV999999999999;
INTRA-EX;202504;513881387;AC-200-PP;84198998;FR;PT;10;EXW;11;3;;0,5;1,000;82;;QV999999999999;
INTRA-EX;202504;513881387;4B5562H-STD;40091100;FR;PT;10;EXW;11;3;;0,2;1,000;64;;FR02884479882;
INTRA-EX;202504;513881387;KCA395;87088055;FR;PT;10;EXW;11;3;;2;1,000;206;;QV999999999999;
INTRA-EX;202504;513881387;asmjacles-L;87089997;FR;PT;10;EXW;11;3;;1;1,000;33;;QV999999999999;
INTRA-EX;202504;513881387;MMFW-LG-6RD;87089997;FR;PT;10;EXW;11;3;;0,1;2,000;20;;QV999999999999;
INTRA-EX;202504;513881387;11427953129;84099100;FR;PT;10;EXW;11;3;;0,1;1,000;5;;QV999999999999;
INTRA-EX;202504;513881387;AMS-00.06.0108-1;87089997;FR;PT;10;EXW;11;3;;0,1;1,000;4;;QV999999999999;
INTRA-EX;202504;513881387;SP-736;32081090;FR;PT;10;EXW;11;3;;1;2,000;42;;QV999999999999;
INTRA-EX;202504;513881387;ASMSHIRTL-Z;61091000;FR;PT;10;EXW;11;3;;1;2,000;26;;QV999999999999;
INTRA-EX;202504;513881387;SVWC060;87089235;FR;PT;10;EXW;11;3;;10;1,000;365;;QV999999999999;
INTRA-EX;202504;513881387;MMRT-MUS-15E;87089997;FR;PT;10;EXW;11;3;;3,4;1,000;178;;QV999999999999;
INTRA-EX;202504;513881387;AC-WS-AU-15-BT;87088099;FR;PT;10;EXW;11;3;;1,3;1,000;50;;FR46845253129;
INTRA-EX;202504;513881387;AC-WS-AU-12-BT;87088099;FR;PT;10;EXW;11;3;;1,3;1,000;50;;FR46845253129;
INTRA-EX;202504;513881387;110282;27101999;FR;PT;10;EXW;11;3;;1;10,000;108;;QV999999999999;
INTRA-EX;202504;513881387;UR-TW4-3717;87088055;FR;PT;10;EXW;11;3;;4,3;1,000;161;;QV999999999999;
INTRA-EX;202504;513881387;9-350;87089997;FR;PT;10;EXW;11;3;;1,2;1,000;161;;FR55823261680;
INTRA-EX;202504;513881387;SVA1350-4P-RD;87083091;FR;PT;10;EXW;11;3;;0,5;1,000;91;;FR31834233439;
INTRA-EX;202504;513881387;MS100208-4;84099100;FR;PT;10;EXW;11;3;;1,7;1,000;119;;QV999999999999;
INTRA-EX;202504;513881387;216EVOAFRWB4.9-WO;90261029;FR;PT;10;EXW;11;3;;1,1;1,000;181;;FR91848663761;
INTRA-EX;202504;513881387;9-307-1017;84133080;FR;PT;10;EXW;11;3;;0,5;1,000;179;;FR91848663761;
INTRA-EX;202504;513881387;17U-00-0750-5;87089997;FR;PT;10;EXW;11;3;;0,3;1,000;472;;FR91848663761;
INTRA-EX;202504;513881387;R7438-9-5;85111000;FR;PT;10;EXW;11;3;;0,3;1,000;197;;FR91848663761;
INTRA-EX;202504;513881387;FMMK5CT;87089135;FR;PT;10;EXW;11;3;;1,6;1,000;336;;QV999999999999;
INTRA-EX;202504;513881387;AC-200-CFA-KIT;87089997;FR;PT;10;EXW;11;3;;0,1;1,000;32;;QV999999999999;
INTRA-EX;202504;513881387;FMDV32R-POL;87089997;FR;PT;10;EXW;11;3;;0,6;1,000;203;;QV999999999999;
INTRA-EX;202504;513881387;BFR78Z;87088055;FR;PT;10;EXW;11;3;;7,5;1,000;217;;QV999999999999;
INTRA-EX;202504;513881387;MMIG-FOST-1204;85111000;FR;PT;10;EXW;11;3;;2;1,000;172;;QV999999999999;
INTRA-EX;202504;513881387;EVO9204;84213100;FR;PT;10;EXW;11;3;;7,5;1,000;328;;QV999999999999;
INTRA-EX;202504;513881387;82494;84099100;FR;PT;10;EXW;11;3;;1,6;1,000;206;;QV999999999999;
INTRA-EX;202504;513881387;058253039L;87089997;FR;PT;10;EXW;11;3;;0,1;1,000;5;;QV999999999999;
INTRA-EX;202504;513881387;N91130801-5;87089997;FR;PT;10;EXW;11;3;;0,1;3,000;22;;QV999999999999;
INTRA-EX;202504;513881387;VIB-1458;87089235;FR;PT;10;EXW;11;3;;0,2;1,000;6;;QV999999999999;
INTRA-EX;202504;513881387;VWR800001;58109210;FR;PT;10;EXW;11;3;;0,1;1,000;10;;QV999999999999;
INTRA-EX;202504;513881387;VWR700000;87089900;FR;PT;10;EXW;11;3;;0,5;1,000;136;;QV999999999999;
INTRA-EX;202504;513881387;SVXP062;87089235;FR;PT;10;EXW;11;3;;5,7;1,000;233;;QV999999999999;
INTRA-EX;202504;513881387;CTS-EXH-DP-0008;87089235;FR;PT;10;EXW;11;3;;5,3;1,000;263;;FR56921875340;
INTRA-EX;202504;513881387;Z-335112;87089997;FR;PT;10;EXW;11;3;;2;1,000;153;;QV999999999999;
INTRA-EX;202504;513881387;RBF600;27101999;FR;PT;10;EXW;11;3;;0,6;2,000;19;;QV999999999999;
INTRA-EX;202504;513881387;4B5562H-STD;40091100;FR;PT;10;EXW;11;3;;0,2;1,000;64;;QV999999999999;
INTRA-EX;202504;513881387;420103485B;70102000;FR;PT;10;EXW;11;3;;0,1;1,000;23;;QV999999999999;
INTRA-EX;202504;513881387;KDT968;87088020;FR;PT;10;EXW;11;3;;0,4;1,000;26;;QV999999999999;
INTRA-EX;202504;513881387;420121321;84099100;FR;PT;10;EXW;11;3;;0,1;1,000;29;;QV999999999999;
INTRA-EX;202504;513881387;03K906051;90269000;FR;PT;10;EXW;11;3;;0,1;1,000;19;;QV999999999999;
INTRA-EX;202504;513881387;S90-2-10-004-B-BT;87087050;FR;PT;10;EXW;11;3;;1,8;1,000;99;;QV999999999999;
INTRA-EX;202504;513881387;VWR120010;40091100;FR;PT;10;EXW;11;3;;1,4;1,000;255;;QV999999999999;
INTRA-EX;202504;513881387;6-45-M54;84133080;FR;PT;10;EXW;11;3;;0,5;1,000;35;;QV999999999999;
INTRA-EX;202504;513881387;R7437-9-8;84099100;FR;PT;10;EXW;11;3;;0,5;1,000;332;;QV999999999999;
INTRA-EX;202504;513881387;SVAG006B;87088055;FR;PT;10;EXW;11;3;;1;1,000;78;;QV999999999999;
INTRA-EX;202504;513881387;ECA913BK;84213100;FR;PT;10;EXW;11;3;;3,6;1,000;260;;QV999999999999;
INTRA-EX;202504;513881387;AC-300-CP-4;84099100;FR;PT;10;EXW;11;3;;1;1,000;71;;QV999999999999;
INTRA-EX;202504;513881387;SCNC014;87089235;FR;PT;10;EXW;11;3;;2,4;1,000;141;;QV999999999999;
INTRA-EX;202504;513881387;AC-200-CFA-KIT;87089997;FR;PT;10;EXW;11;3;;0,1;1,000;32;;QV999999999999;
INTRA-EX;202504;513881387;U3P3A8VX;87089997;FR;PT;10;EXW;11;3;;1;1,000;331;;QV999999999999;
INTRA-EX;202504;513881387;VWR120000;84213100;FR;PT;10;EXW;11;3;;1;1,000;30;;QV999999999999;
INTRA-EX;202504;513881387;D650-0004-8;84099100;FR;PT;10;EXW;11;3;;2,4;1,000;227;;FR35504243288;
INTRA-EX;202504;513881387;CTS-IT-341;40091100;FR;PT;10;EXW;11;3;;1,4;1,000;202;;FR35504243288;
INTRA-EX;202504;513881387;AC-200-TB;87088055;FR;PT;10;EXW;11;3;;0,5;1,000;74;;QV999999999999;
INTRA-EX;202504;513881387;FMACVAG06;84099100;FR;PT;10;EXW;11;3;;0,6;1,000;141;;QV999999999999;
INTRA-EX;202504;513881387;VWR630301;87089997;FR;PT;10;EXW;11;3;;0,3;1,000;41;;QV999999999999;
INTRA-EX;202504;513881387;SSTP011;87089235;FR;PT;10;EXW;11;3;;8;1,000;124;;QV999999999999;
INTRA-EX;202504;513881387;AC-30N-CP-4;85111000;FR;PT;10;EXW;11;3;;1,2;1,000;93;;QV999999999999;
INTRA-EX;202504;513881387;50003-M45-XL-4;84213100;FR;PT;10;EXW;11;3;;0,3;1,000;81;;QV999999999999;
INTRA-EX;202504;513881387;MMLG-15-20LBK;87141030;FR;PT;10;EXW;11;3;;0,8;1,000;72;;QV999999999999;
INTRA-EX;202504;513881387;SVW0610-4P-BK;87083091;FR;PT;10;EXW;11;3;;0,5;1,000;84;;QV999999999999;
INTRA-EX;202504;513881387;SVWC061;87089235;FR;PT;10;EXW;11;3;;9,1;1,000;378;;FR79889743548;
INTRA-EX;202504;513881387;MMRAD-INT-94;87089135;FR;PT;10;EXW;11;3;;6,3;1,000;229;;QV999999999999;
INTRA-EX;202504;513881387;Z1003101-4;85111000;FR;PT;10;EXW;11;3;;0,4;1,000;80;;QV999999999999;
INTRA-EX;202504;513881387;SILFER8C7ES-8;85111000;FR;PT;10;EXW;11;3;;0,5;1,000;92;;QV999999999999;
INTRA-EX;202504;513881387;06E898001-4;85111000;FR;PT;10;EXW;11;3;;1,5;1,000;104;;QV999999999999;
INTRA-EX;202504;513881387;BKR7EIX-4;84099100;FR;PT;10;EXW;11;3;;0,3;1,000;40;;QV999999999999;
INTRA-EX;202504;513881387;CI100039-B;40091100;FR;PT;10;EXW;11;3;;1,7;1,000;149;;QV999999999999;
INTRA-EX;202504;513881387;SAU0780-4P-BK;87083091;FR;PT;10;EXW;11;3;;0,5;1,000;77;;FR00908307317;
INTRA-EX;202504;513881387;Z1003101-6;85111000;FR;PT;10;EXW;11;3;;0,4;1,000;121;;QV999999999999;
INTRA-EX;202504;513881387;FMSCPS53T;87089997;FR;PT;10;EXW;11;3;;0,7;1,000;189;;QV999999999999;
INTRA-EX;202504;513881387;MMHOSE-370Z-09AIBK;40091100;FR;PT;10;EXW;11;3;;1,7;1,000;143;;FR96881981161;
INTRA-EX;202504;513881387;06E898001-4;85111000;FR;PT;10;EXW;11;3;;1,5;1,000;104;;QV999999999999;
INTRA-EX;202504;513881387;BKR8EIX-4;85111000;FR;PT;10;EXW;11;3;;0,3;1,000;41;;QV999999999999;
INTRA-EX;202504;513881387;06E898001-4;85111000;FR;PT;10;EXW;11;3;;1,5;1,000;104;;QV999999999999;
INTRA-EX;202504;513881387;Z1003101-4;85111000;FR;PT;10;EXW;11;3;;0,4;1,000;80;;QV999999999999;
INTRA-EX;202504;513881387;BKR8EIX-4;85111000;FR;PT;10;EXW;11;3;;0,3;1,000;41;;QV999999999999;
INTRA-EX;202504;513881387;82594;84099100;FR;PT;10;EXW;11;3;;1,7;1,000;304;;FR75917554255;
INTRA-EX;202504;513881387;RE8C-L+RE9B-T;84099100;FR;PT;10;EXW;11;3;;0,3;1,000;105;;QV999999999999;
INTRA-EX;202504;513881387;SME0865-4P-RD;87083091;FR;PT;10;EXW;11;3;;0,5;1,000;84;;FR13813052222;
INTRA-EX;202504;513881387;SVWP061;87089997;FR;PT;10;EXW;11;3;;4,1;1,000;64;;QV999999999999;
INTRA-EX;202504;513881387;SILZKBR8D8S-6;84099100;FR;PT;10;EXW;11;3;;0,4;1,000;66;;QV999999999999;
INTRA-EX;202504;513881387;82594;84099100;FR;PT;10;EXW;11;3;;1,7;1,000;304;;FR81840141758;
INTRA-EX;202504;513881387;RNW-01-5H;87087099;FR;PT;10;EXW;11;3;;1,4;1,000;67;;FR81840141758;
INTRA-EX;202504;513881387;CTS-IT-105R;84213100;FR;PT;10;EXW;11;3;;4,6;1,000;256;;FR09800029712;
INTRA-EX;202504;513881387;110859;27101999;FR;PT;10;EXW;11;3;;2,1;5,000;145;;FR41887479814;
INTRA-EX;202504;513881387;105777;27101999;FR;PT;10;EXW;11;3;;1,1;5,000;72;;FR41887479814;
INTRA-EX;202504;513881387;VWR150002;87089997;FR;PT;10;EXW;11;3;;1,8;1,000;292;;FR55912157427;
INTRA-EX;202504;513881387;AG-K8-TREM;87089997;FR;PT;10;EXW;11;3;;0,1;1,000;68;;QV999999999999;
INTRA-EX;202504;513881387;MS100187;85111000;FR;PT;10;EXW;11;3;;0,9;1,000;284;;FR55823261680;
INTRA-EX;202504;513881387;RCP-01N;87089997;FR;PT;10;EXW;11;3;;0,1;1,000;20;;QV999999999999;
INTRA-EX;202504;513881387;OFW-BK;87089997;FR;PT;10;EXW;11;3;;0,2;1,000;32;;QV999999999999;
INTRA-EX;202504;513881387;AC-B48-BT;87089997;FR;PT;10;EXW;11;3;;0,1;1,000;29;;FR60518580543;
INTRA-EX;202504;513881387;SILZKGR8B8S-4;84099100;FR;PT;10;EXW;11;3;;0,3;1,000;39;;FR60518580543;
INTRA-EX;202504;513881387;UR-TW2-3051;87088055;FR;PT;10;EXW;11;3;;1,7;1,000;131;;FR60518580543;
INTRA-EX;202504;513881387;SNN0910-1C-BK;40093100;FR;PT;10;EXW;11;3;;0,3;1,000;34;;QV999999999999;
INTRA-EX;202504;513881387;RBF600;27101999;FR;PT;10;EXW;11;3;;0,6;3,000;28;;QV999999999999;
INTRA-EX;202504;513881387;GTHSB-5;87089997;FR;PT;10;EXW;11;3;;0,1;1,000;20;;QV999999999999;
INTRA-EX;202504;513881387;CTS-HS-150;87089997;FR;PT;10;EXW;11;3;;0,6;1,000;36;;QV999999999999;
INTRA-EX;202504;513881387;AC-500-AH-RD;40091100;FR;PT;10;EXW;11;3;;0,5;1,000;74;;QV999999999999;
INTRA-EX;202504;513881387;ATMSBMW10;40091100;FR;PT;10;EXW;11;3;;0,8;2,000;318;;FR35504243288;
INTRA-EX;202504;513881387;AC-N55-INLET;40091100;FR;PT;10;EXW;11;3;;1,4;2,000;209;;FR35504243288;
INTRA-EX;202504;513881387;SILZKBR8D8S-6;84099100;FR;PT;10;EXW;11;3;;0,4;1,000;66;;QV999999999999;
INTRA-EX;202504;513881387;AC-300-CP-6;84099100;FR;PT;10;EXW;11;3;;1,6;1,000;107;;QV999999999999;
INTRA-EX;202504;513881387;06E898001-5;84099100;FR;PT;10;EXW;11;3;;1,9;1,000;131;;QV999999999999;
INTRA-EX;202504;513881387;Z1003101-5;85111000;FR;PT;10;EXW;11;3;;0,3;1,000;101;;QV999999999999;
INTRA-EX;202504;513881387;JSK-103-80;84213100;FR;PT;10;EXW;11;3;;1,3;1,000;124;;QV999999999999;
INTRA-EX;202504;513881387;SFD089VU;87089997;FR;PT;10;EXW;11;3;;3;1,000;233;;QV999999999999;
INTRA-EX;202504;513881387;UR-TW2-990;87088055;FR;PT;10;EXW;11;3;;3,4;1,000;116;;QV999999999999;
INTRA-EX;202504;513881387;SBW1176-4P-YE;87083091;FR;PT;10;EXW;11;3;;0,5;1,000;77;;QV999999999999;
INTRA-EX;202504;513881387;MMEXH-MUS8-15HP;87089235;FR;PT;10;EXW;11;3;;5;1,000;252;;QV999999999999;
INTRA-EX;202504;513881387;IKR9J8-4;87089997;FR;PT;10;EXW;11;3;;0,3;1,000;44;;QV999999999999;
INTRA-EX;202504;513881387;AC-211-CFA;87089997;FR;PT;10;EXW;11;3;;0,1;1,000;24;;QV999999999999;
INTRA-EX;202504;513881387;E20-85-014-01-22;73209090;FR;PT;10;EXW;11;3;;10;1,000;140;;QV999999999999;
INTRA-EX;202504;513881387;D650-0003-6;84099100;FR;PT;10;EXW;11;3;;2,4;1,000;170;;QV999999999999;
INTRA-EX;202504;513881387;SVAGC005;87089235;FR;PT;10;EXW;11;3;;11;1,000;347;;QV999999999999;
INTRA-EX;202504;513881387;ILZKAR8H8S-4;85111000;FR;PT;10;EXW;11;3;;0,3;1,000;72;;QV999999999999;
INTRA-EX;202504;513881387;5w30;27101999;FR;PT;10;EXW;11;3;;1,9;3,000;87;;QV999999999999;
INTRA-EX;202504;513881387;VWR900001-4;84099100;FR;PT;10;EXW;11;3;;1,8;1,000;174;;QV999999999999;
INTRA-EX;202504;513881387;E10-15-007-04-22;73202081;FR;PT;10;EXW;11;3;;11,4;1,000;152;;QV999999999999;
INTRA-EX;202504;513881387;AC-200-CFA-KIT;87089997;FR;PT;10;EXW;11;3;;0,1;1,000;32;;QV999999999999;
INTRA-EX;202504;513881387;SSE0427-4P-RD;87083091;FR;PT;10;EXW;11;3;;0,5;1,000;84;;QV999999999999;
INTRA-EX;202504;513881387;06K103495AC;87089997;FR;PT;10;EXW;11;3;;0,6;1,000;32;;QV999999999999;
INTRA-EX;202504;513881387;AC-MK7-CP-4;84099100;FR;PT;10;EXW;11;3;;1;1,000;112;;QV999999999999;
INTRA-EX;202504;513881387;06K103213A;40091100;FR;PT;10;EXW;11;3;;0,1;1,000;16;;QV999999999999;
INTRA-EX;202504;513881387;RBF700;27101999;FR;PT;10;EXW;11;3;;0,6;3,000;43;;QV999999999999;
INTRA-EX;202504;513881387;2Q0121321A;87089997;FR;PT;10;EXW;11;3;;0,2;1,000;8;;QV999999999999;
INTRA-EX;202504;513881387;Z1003101-5;85111000;FR;PT;10;EXW;11;3;;0,3;1,000;101;;QV999999999999;
INTRA-EX;202504;513881387;R7437-9-4;87089997;FR;PT;10;EXW;11;3;;0,3;1,000;166;;QV999999999999;
INTRA-EX;202504;513881387;VWR12G7R600FO;84213100;FR;PT;10;EXW;11;3;;0,5;1,000;102;;QV999999999999;
INTRA-EX;202504;513881387;ASAF;33030010;FR;PT;10;EXW;11;3;;0,1;1,000;1;;QV999999999999;
INTRA-EX;202504;513881387;23PVM001;87083091;FR;PT;10;EXW;11;3;;3;2,000;161;;QV999999999999;
INTRA-EX;202504;513881387;4B1609H-STD;40091100;FR;PT;10;EXW;11;3;;0,5;1,000;44;;QV999999999999;
INTRA-EX;202504;513881387;CTS-IT-800;84213100;FR;PT;10;EXW;11;3;;4,3;1,000;277;;QV999999999999;
INTRA-EX;202504;513881387;WA302R+L;87088055;FR;PT;10;EXW;11;3;;5,5;1,000;191;;QV999999999999;
INTRA-EX;202504;513881387;VWR640012;87089997;FR;PT;10;EXW;11;3;;2,2;1,000;87;;QV999999999999;
INTRA-EX;202504;513881387;VWR640017;87089997;FR;PT;10;EXW;11;3;;2,2;1,000;99;;QV999999999999;
INTRA-EX;202504;513881387;BTR102Z;87088055;FR;PT;10;EXW;11;3;;5,6;1,000;179;;FR87913220299;
INTRA-EX;202504;513881387;BTF102Z;87088055;FR;PT;10;EXW;11;3;;5,7;1,000;179;;FR87913220299;
INTRA-EX;202504;513881387;SVW0630-4P-BK;87083091;FR;PT;10;EXW;11;3;;0,5;1,000;77;;QV999999999999;
INTRA-EX;202504;513881387;RBF600;27101999;FR;PT;10;EXW;11;3;;0,6;3,000;28;;QV999999999999;
INTRA-EX;202504;513881387;VWR640015;87089997;FR;PT;10;EXW;11;3;;2,2;2,000;186;;QV999999999999;
INTRA-EX;202504;513881387;SMA0110-4P-BK;87083091;FR;PT;10;EXW;11;3;;0,5;1,000;108;;QV999999999999;
INTRA-EX;202504;513881387;FMINDS5-BLA;40091100;FR;PT;10;EXW;11;3;;1,2;1,000;109;;QV999999999999;
INTRA-EX;202504;513881387;RPF-1929;84213100;FR;PT;10;EXW;11;3;;0,5;1,000;64;;QV999999999999;
INTRA-EX;202504;513881387;AC-200-OSA;87089997;FR;PT;10;EXW;11;3;;0,2;1,000;27;;QV999999999999;
INTRA-EX;202504;513881387;238CLSDWAOP-R;87089997;FR;PT;10;EXW;11;3;;0,6;1,000;77;;QV999999999999;
INTRA-EX;202504;513881387;ILZKBR7B8G-4;87089997;FR;PT;10;EXW;11;3;;0,3;1,000;37;;QV999999999999;
INTRA-EX;202504;513881387;LTR7IX-11-8;84099100;FR;PT;10;EXW;11;3;;0,5;1,000;71;;QV999999999999;
INTRA-EX;202504;513881387;PP1951;84213100;FR;PT;10;EXW;11;3;;0,7;1,000;38;;QV999999999999;
INTRA-EX;202504;513881387;KLC163;87088035;FR;PT;10;EXW;11;3;;0,9;1,000;121;;QV999999999999;
INTRA-EX;202504;513881387;06D115562;84099100;FR;PT;10;EXW;11;3;;0,2;2,000;9;;QV999999999999;
INTRA-EX;202504;513881387;VWR13G700RFK;87089997;FR;PT;10;EXW;11;3;;0,5;1,000;54;;QV999999999999;
INTRA-EX;202504;513881387;3795704935SP;87087099;FR;PT;10;EXW;11;3;;6,9;4,000;946;;QV999999999999;
INTRA-EX;202504;513881387;SVAGC005;87089235;FR;PT;10;EXW;11;3;;11;1,000;347;;QV999999999999;
INTRA-EX;202504;513881387;CTS-IT-300R;84213100;FR;PT;10;EXW;11;3;;4,1;1,000;273;;QV999999999999;
INTRA-EX;202504;513881387;AC-200-CFA-KIT;87089997;FR;PT;10;EXW;11;3;;0,1;1,000;32;;QV999999999999;
INTRA-EX;202504;513881387;U5096-4;84099100;FR;PT;10;EXW;11;3;;1,5;1,000;108;;QV999999999999;
INTRA-EX;202504;513881387;IKR9J8-4;87089997;FR;PT;10;EXW;11;3;;0,3;1,000;44;;QV999999999999;
INTRA-EX;202504;513881387;SSTP011;87089235;FR;PT;10;EXW;11;3;;8;1,000;124;;QV999999999999;
INTRA-EX;202504;513881387;SILZKGR8B8S-6;85111000;FR;PT;10;EXW;11;3;;0,4;1,000;59;;QV999999999999;
INTRA-EX;202504;513881387;74020001015BK;87087099;FR;PT;10;EXW;11;3;;0,8;1,000;129;;QV999999999999;
INTRA-EX;202504;513881387;74150000401BK;87089997;FR;PT;10;EXW;11;3;;0,1;1,000;8;;QV999999999999;
INTRA-EX;202504;513881387;U5333-4;84099100;FR;PT;10;EXW;11;3;;1,6;1,000;169;;QV999999999999;
INTRA-EX;202504;513881387;BKR8EIX-4;85111000;FR;PT;10;EXW;11;3;;0,3;1,000;41;;QV999999999999;
INTRA-EX;202504;513881387;ILFR7H-5;85111000;FR;PT;10;EXW;11;3;;0,3;1,000;67;;QV999999999999;
INTRA-EX;202504;513881387;9-307-1060;84133080;FR;PT;10;EXW;11;3;;0,6;1,000;148;;QV999999999999;
INTRA-EX;202504;513881387;VWR810002;87089997;FR;PT;10;EXW;11;3;;0,5;1,000;80;;QV999999999999;
INTRA-EX;202504;513881387;AC-200-EVAP;87089997;FR;PT;10;EXW;11;3;;0,3;1,000;20;;QV999999999999;
INTRA-EX;202504;513881387;SAU0630-4P-BK;87083091;FR;PT;10;EXW;11;3;;0,5;1,000;77;;QV999999999999;
INTRA-EX;202504;513881387;RBF660;27101999;FR;PT;10;EXW;11;3;;0,6;4,000;48;;QV999999999999;
INTRA-EX;202504;513881387;R7437-9-5;85111000;FR;PT;10;EXW;11;3;;0,3;1,000;208;;QV999999999999;
INTRA-EX;202504;513881387;VWR11G503;84213100;FR;PT;10;EXW;11;3;;0,4;1,000;68;;QV999999999999;
INTRA-EX;202504;513881387;LTR7IX-11-8;84099100;FR;PT;10;EXW;11;3;;0,5;1,000;71;;QV999999999999;
INTRA-EX;202504;513881387;CTS-HW-0092;84099100;FR;PT;10;EXW;11;3;;0,7;1,000;170;;QV999999999999;
INTRA-EX;202504;513881387;FMINDK28-RED-FOA;84213100;FR;PT;10;EXW;11;3;;5,9;1,000;327;;QV999999999999;
INTRA-EX;202504;513881387;WB-337;84213100;FR;PT;10;EXW;11;3;;0,4;2,000;146;;QV999999999999;
INTRA-EX;202504;513881387;SP-27;32081090;FR;PT;10;EXW;11;3;;0,5;2,000;42;;QV999999999999;
INTRA-EX;202504;513881387;SKK00-S3B00;7320909090;FR;PT;10;EXW;11;3;;18;1,000;235;;QV999999999999;
INTRA-EX;202504;513881387;SD-3212031;87089997;FR;PT;10;EXW;11;3;;18,9;1,000;299;;QV999999999999;
INTRA-EX;202504;513881387;06K103495AC;87089997;FR;PT;10;EXW;11;3;;0,6;1,000;32;;QV999999999999;
INTRA-EX;202504;513881387;03K906051;90269000;FR;PT;10;EXW;11;3;;0,1;2,000;38;;QV999999999999;
INTRA-EX;202504;513881387;SILZKGR8B8S-6;85111000;FR;PT;10;EXW;11;3;;0,4;1,000;59;;QV999999999999;
INTRA-EX;202504;513881387;CTS-HW-0420R-SL;87089997;FR;PT;10;EXW;11;3;;5;1,000;674;;FR31839343787;
INTRA-EX;202504;513881387;CTS-CC-MK6TSI;84099100;FR;PT;10;EXW;11;3;;3;1,000;404;;FR31839343787;
INTRA-EX;202504;513881387;CTS-sil-noise;87089997;FR;PT;10;EXW;11;3;;0,3;1,000;27;;FR31839343787;
INTRA-EX;202504;513881387;SAU0431-4P-RD;87083091;FR;PT;10;EXW;11;3;;0,5;1,000;78;;QV999999999999;
INTRA-EX;202504;513881387;AC-200-TBH-BL;40093100;FR;PT;10;EXW;11;3;;0,2;1,000;18;;QV999999999999;
INTRA-EX;202504;513881387;110282;27101999;FR;PT;10;EXW;11;3;;1;1,000;10;;QV999999999999;
INTRA-EX;202504;513881387;110282;27101999;FR;PT;10;EXW;11;3;;1;4,000;43;;QV999999999999;
INTRA-EX;202504;513881387;E10-35-016-09-22;73202081;FR;PT;10;EXW;11;3;;11,5;1,000;183;;QV999999999999;
INTRA-EX;202504;513881387;VWR502000;87089997;FR;PT;10;EXW;11;3;;0,5;1,000;149;;QV999999999999;
INTRA-EX;202504;513881387;IMS-8V8S-GRK;87089997;FR;PT;10;EXW;11;3;;0,2;1,000;70;;QV999999999999;
INTRA-EX;202504;513881387;06D115562;84099100;FR;PT;10;EXW;11;3;;0,2;1,000;4;;QV999999999999;
INTRA-EX;202504;513881387;IMS-8V8S-UPB;87089997;FR;PT;10;EXW;11;3;;0,5;1,000;74;;QV999999999999;
INTRA-EX;202504;513881387;52006-AK004;84213100;FR;PT;10;EXW;11;3;;0,6;1,000;13;;QV999999999999;
INTRA-EX;202504;513881387;SILZKBR8D8S-6;84099100;FR;PT;10;EXW;11;3;;0,4;1,000;66;;QV999999999999;
INTRA-EX;202504;513881387;R01-10-2;40091100;FR;PT;10;EXW;11;3;;0,1;1,000;82;;QV999999999999;
INTRA-EX;202504;513881387;BKR7EIX-4;84099100;FR;PT;10;EXW;11;3;;0,3;1,000;40;;QV999999999999;
INTRA-EX;202504;513881387;MS100208-4;84099100;FR;PT;10;EXW;11;3;;1,7;1,000;119;;QV999999999999;
INTRA-EX;202504;513881387;AC-N55-INLET;40091100;FR;PT;10;EXW;11;3;;1,4;1,000;104;;QV999999999999;
INTRA-EX;202504;513881387;FMKT135F20;87089997;FR;PT;10;EXW;11;3;;0,7;1,000;88;;QV999999999999;
INTRA-EX;202504;513881387;PPF-9787;84099100;FR;PT;10;EXW;11;3;;0,5;1,000;43;;QV999999999999;
INTRA-EX;202504;513881387;CTS-HW-360;40091100;FR;PT;10;EXW;11;3;;1,4;1,000;249;;FR90910847292;
INTRA-EX;202504;513881387;MMTS-GLF-15;90321020;FR;PT;10;EXW;11;3;;0,2;2,000;101;;FR08882059637;
INTRA-EX;202504;513881387;SILZKFR8D7S-4;85111000;FR;PT;10;EXW;11;3;;0,3;1,000;34;;QV999999999999;
INTRA-EX;202504;513881387;SILZKBR8D8S-6;84099100;FR;PT;10;EXW;11;3;;0,4;1,000;66;;QV999999999999;
INTRA-EX;202504;513881387;BWR25XZ;87088055;FR;PT;10;EXW;11;3;;5;1,000;239;;QV999999999999;
INTRA-EX;202504;513881387;EVE-FLC;87084099;FR;PT;10;EXW;11;3;;0,6;1,000;28;;QV999999999999;
INTRA-EX;202504;513881387;508-T024;84213100;FR;PT;10;EXW;11;3;;3,8;1,000;199;;QV999999999999;
INTRA-EX;202504;513881387;CTS-IT-110;40091100;FR;PT;10;EXW;11;3;;1,3;1,000;190;;QV999999999999;
INTRA-EX;202504;513881387;ILZTR6A8G-4;84099100;FR;PT;10;EXW;11;3;;0,2;1,000;33;;QV999999999999;
INTRA-EX;202504;513881387;SILZKGR8C8S-6;84099100;FR;PT;10;EXW;11;3;;0,4;1,000;105;;QV999999999999;
INTRA-EX;202504;513881387;BWR20XZ;87088055;LV;PT;10;EXW;11;3;;5,8;1,000;170;;QV999999999999;
INTRA-EX;202504;513881387;E20-81-009-02-22;73202081;EE;PT;10;EXW;11;3;;10,6;1,000;151;;QV999999999999;
INTRA-EX;202504;513881387;06E898001-4;85111000;IE;PT;10;EXW;11;3;;1,5;1,000;102;;QV999999999999;
INTRA-EX;202504;513881387;PFR7S8EG-8;85111000;IE;PT;10;EXW;11;3;;0,5;1,000;65;;QV999999999999;
INTRA-EX;202504;513881387;AC-27-DEL;87089997;IE;PT;10;EXW;11;3;;0,1;1,000;19;;QV999999999999;
INTRA-EX;202504;513881387;AC-BM-ODP;87089997;CZ;PT;10;EXW;11;3;;0,1;1,000;15;;CZ10660437;
INTRA-EX;202504;513881387;CTS-HW-0271;84099100;CZ;PT;10;EXW;11;3;;0,4;1,000;83;;CZ10660437;
INTRA-EX;202504;513881387;FMSS3;87089997;FI;PT;10;EXW;11;3;;0,3;1,000;101;;QV999999999999;
INTRA-EX;202504;513881387;VWR130006;84099100;SK;PT;10;EXW;11;3;;0,3;1,000;58;;QV999999999999;
INTRA-EX;202504;513881387;VWR13G700RFK;87089997;SK;PT;10;EXW;11;3;;0,5;1,000;54;;QV999999999999;
INTRA-EX;202504;513881387;PF05;90262020;SK;PT;10;EXW;11;3;;0,2;1,000;224;;QV999999999999;
INTRA-EX;202504;513881387;MMBCC-F80-15CBE;87089997;SI;PT;10;EXW;11;3;;1,4;1,000;224;;QV999999999999;
INTRA-EX;202504;513881387;SBW1171-4P-BK;87083091;SI;PT;10;EXW;11;3;;0,5;1,000;82;;QV999999999999;
INTRA-EX;202504;513881387;UR-ROC4-1260A;87088055;DE;PT;10;EXW;11;3;;5;1,000;192;;QV999999999999;
INTRA-EX;202504;513881387;FMKCBA4B8-BK;40091100;DE;PT;10;EXW;11;3;;1,8;1,000;149;;QV999999999999;
INTRA-EX;202504;513881387;FMTIA11-RED;87089997;DE;PT;10;EXW;11;3;;2,1;1,000;213;;QV999999999999;
INTRA-EX;202504;513881387;FMMD7;87089235;DE;PT;10;EXW;11;3;;0,6;1,000;92;;QV999999999999;
INTRA-EX;202504;513881387;ATMSFO147;87089997;PL;PT;10;EXW;11;3;;1,5;2,000;287;;QV999999999999;
INTRA-EX;202504;513881387;SILZKBR8D8S-8;85111000;BE;PT;10;EXW;11;3;;0,5;1,000;87;;QV999999999999;
INTRA-EX;202504;513881387;FMDVK04D;84814090;BE;PT;10;EXW;11;3;;0,2;1,000;141;;QV999999999999;
INTRA-EX;202504;513881387;DBA42163S-2;87089997;BE;PT;10;EXW;11;3;;12,8;1,000;328;;QV999999999999;
INTRA-EX;202504;513881387;VWR120000;84213100;BE;PT;10;EXW;11;3;;1;1,000;29;;QV999999999999;
INTRA-EX;202504;513881387;UR-RL2-2525;87088055;BE;PT;10;EXW;11;3;;1,7;1,000;81;;QV999999999999;
INTRA-EX;202504;513881387;SILZKBR8D8S-6;84099100;BE;PT;10;EXW;11;3;;0,4;1,000;65;;QV999999999999;
INTRA-EX;202504;513881387;R7437-9-5;85111000;BE;PT;10;EXW;11;3;;0,3;1,000;206;;QV999999999999;
INTRA-EX;202504;513881387;E10-30-013-01-22;73202081;BE;PT;10;EXW;11;3;;9,4;1,000;155;;QV999999999999;
INTRA-EX;202504;513881387;R7438-9-5;85111000;BE;PT;10;EXW;11;3;;0,3;1,000;196;;QV999999999999;
INTRA-EX;202504;513881387;PK447;84213100;BE;PT;10;EXW;11;3;;6;1,000;245;;QV999999999999;
INTRA-EX;202504;513881387;KCA335;87088055;NL;PT;10;EXW;11;3;;2,4;1,000;168;;QV999999999999;
INTRA-EX;202504;513881387;SRN0630-6P-BK;87083091;NL;PT;10;EXW;11;3;;0,5;1,000;94;;NL002102291B80;
INTRA-EX;202504;513881387;ATMSMINI7;87089997;NL;PT;10;EXW;11;3;;2;1,000;233;;QV999999999999;
INTRA-EX;202504;513881387;ACSP1;84099100;NL;PT;10;EXW;11;3;;0,5;1,000;22;;QV999999999999;
INTRA-EX;202504;513881387;CTS-DB-MK4-60D;84099100;NL;PT;10;EXW;11;3;;1,2;1,000;46;;QV999999999999;
INTRA-EX;202504;513881387;WB-285;84213100;NL;PT;10;EXW;11;3;;0,2;1,000;38;;QV999999999999;
INTRA-EX;202504;513881387;E10-85-043-06-22;87088035;NL;PT;10;EXW;11;3;;11,4;1,000;195;;NL863634254B01;
INTRA-EX;202504;513881387;MMRAD-G80-21A;87089135;IT;PT;10;EXW;11;3;;6,6;1,000;433;;IT01248540328;
INTRA-EX;202504;513881387;ATMSBMW24;87089997;IT;PT;10;EXW;11;3;;0,5;1,000;151;;IT01248540328;
INTRA-EX;202504;513881387;50003-MR45XLZ-4;87089997;IT;PT;10;EXW;11;3;;0,3;1,000;87;;IT03528320785;
INTRA-EX;202504;513881387;KCA472;87088035;IT;PT;10;EXW;11;3;;2;1,000;190;;QV999999999999;
INTRA-EX;202504;513881387;MMRAD-GLF-99;87089135;IT;PT;10;EXW;11;3;;8;1,000;259;;QV999999999999;
INTRA-EX;202504;513881387;CTS-HW-308;84213100;IT;PT;10;EXW;11;3;;0,1;1,000;132;;QV999999999999;
INTRA-EX;202504;513881387;HMP-385;84213100;ES;PT;10;EXW;11;3;;0,2;1,000;111;;ESB76323815;
INTRA-EX;202504;513881387;JSK-101-DD;84213100;ES;PT;10;EXW;11;3;;4,4;1,000;249;;ES45618543k;
INTRA-EX;202504;513881387;MMTS-GLF-15;90321020;ES;PT;10;EXW;11;3;;0,2;1,000;50;;ESB76323815;
INTRA-EX;202504;513881387;AC-MK7-CP-4;84099100;ES;PT;10;EXW;11;3;;1;1,000;112;;ESB76323815;
INTRA-EX;202504;513881387;SILZKBR8D8S-6;84099100;ES;PT;10;EXW;11;3;;0,4;1,000;65;;QV999999999999;
INTRA-EX;202504;513881387;MMHOSE-FIST-14IHBK;40091100;ES;PT;10;EXW;11;3;;0,7;1,000;74;;QV999999999999;
INTRA-EX;202504;513881387;WB-232;84213100;ES;PT;10;EXW;11;3;;0,2;1,000;38;;QV999999999999;
INTRA-EX;202504;513881387;1J0253115A;84099100;ES;PT;10;EXW;11;3;;0,1;2,000;6;;QV999999999999;
INTRA-EX;202504;513881387;VWR13G700RFK;87089997;ES;PT;10;EXW;11;3;;0,5;1,000;54;;ES55741256C;
INTRA-EX;202504;513881387;SILFER8C7ES-8;85111000;ES;PT;10;EXW;11;3;;0,5;2,000;184;;ES55741256C;
INTRA-EX;202504;513881387;DBA42472S-2;87083099;ES;PT;10;EXW;11;3;;19,9;1,000;191;;QV999999999999;
INTRA-EX;202504;513881387;SSE0427-4P-RD;87083091;ES;PT;10;EXW;11;3;;0,5;1,000;83;;QV999999999999;
INTRA-EX;202504;513881387;BF410LV;87089997;ES;PT;10;EXW;11;3;;1,3;1,000;12;;QV999999999999;
INTRA-EX;202504;513881387;ES-375131;87083099;ES;PT;10;EXW;11;3;;1,2;1,000;47;;QV999999999999;
INTRA-EX;202504;513881387;AC-200-FD;87089997;ES;PT;10;EXW;11;3;;0,5;1,000;48;;QV999999999999;
INTRA-EX;202504;513881387;SHY0900-4P-BK;87083091;ES;PT;10;EXW;11;3;;0,8;1,000;96;;QV999999999999;
INTRA-EX;202504;513881387;MMEXH-MUS8-15HP;87089235;ES;PT;10;EXW;11;3;;5;1,000;250;;QV999999999999;
INTRA-EX;202504;513881387;FMINDK45-FOAM;84213100;ES;PT;10;EXW;11;3;;6,2;1,000;211;;QV999999999999;
INTRA-EX;202504;513881387;50-1200;87089997;ES;PT;10;EXW;11;3;;0,5;1,000;105;;QV999999999999;
INTRA-EX;202504;513881387;S-90-2-15-017-B-BT;87087050;ES;PT;10;EXW;11;3;;1;1,000;120;;QV999999999999;
INTRA-EX;202504;513881387;S-90-2-12-004-B-BT;87087050;ES;PT;10;EXW;11;3;;1;1,000;114;;QV999999999999;
INTRA-EX;202504;513881387;ACSP1;84099100;ES;PT;10;EXW;11;3;;0,5;1,000;22;;QV999999999999;
INTRA-EX;202504;513881387;BKR8EIX-4;85111000;ES;PT;10;EXW;11;3;;0,3;1,000;41;;QV999999999999;
INTRA-EX;202504;513881387;FMTIA9-BLACK;40091100;ES;PT;10;EXW;11;3;;1,7;1,000;187;;QV999999999999;
INTRA-EX;202504;513881387;BKR8EIX-4;85111000;ES;PT;10;EXW;11;3;;0,3;1,000;41;;QV999999999999;
INTRA-EX;202504;513881387;420121321;84099100;ES;PT;10;EXW;11;3;;0,1;1,000;28;;QV999999999999;
INTRA-EX;202504;513881387;420103485B;70102000;ES;PT;10;EXW;11;3;;0,1;1,000;23;;QV999999999999;
INTRA-EX;202504;513881387;RBF700;27101999;ES;PT;10;EXW;11;3;;0,6;1,000;14;;QV999999999999;
INTRA-EX;202504;513881387;VWR13G700RFK;87089997;ES;PT;10;EXW;11;3;;0,5;1,000;54;;QV999999999999;
INTRA-EX;202504;513881387;AMS-00.06.0108-1;87089997;ES;PT;10;EXW;11;3;;0,1;1,000;4;;QV999999999999;
INTRA-EX;202504;513881387;5w30;27101999;ES;PT;10;EXW;11;3;;1,9;3,000;86;;QV999999999999;
INTRA-EX;202504;513881387;WSK-HYU001;87088055;ES;PT;10;EXW;11;3;;10;1,000;211;;QV999999999999;
INTRA-EX;202504;513881387;UR-TW2-990;87088055;ES;PT;10;EXW;11;3;;3,4;2,000;230;;QV999999999999;
INTRA-EX;202504;513881387;001394.999502;84836080;ES;PT;10;EXW;11;3;;6,7;1,000;569;;ESB44835106;
INTRA-EX;202504;513881387;Z1003101-4;85111000;ES;PT;10;EXW;11;3;;0,4;1,000;80;;ESB44835106;
INTRA-EX;202504;513881387;4B1972H-STD;40091100;ES;PT;10;EXW;11;3;;0,3;1,000;33;;ES39913758H;
INTRA-EX;202504;513881387;16MX-09-1200-4;84133080;ES;PT;10;EXW;11;3;;0,2;1,000;515;;ESE75157859;
INTRA-EX;202504;513881387;AC-R56-TB;87089997;ES;PT;10;EXW;11;3;;0,4;1,000;59;;QV999999999999;
INTRA-EX;202504;513881387;FMSS9;87089997;ES;PT;10;EXW;11;3;;1;1,000;138;;QV999999999999;
INTRA-EX;202504;513881387;420103485B;70102000;FR;PT;10;EXW;11;3;;0,1;1,000;23;;QV999999999999;
INTRA-EX;202504;513881387;420121321;84099100;FR;PT;10;EXW;11;3;;0,1;1,000;29;;QV999999999999;
INTRA-EX;202504;513881387;AC-200-HS;87089997;FR;PT;10;EXW;11;3;;0,5;1,000;22;;QV999999999999;
INTRA-EX;202504;513881387;U5099-4;85111000;FR;PT;10;EXW;11;3;;1,5;1,000;230;;QV999999999999;
INTRA-EX;202504;513881387;AC-45-TP;40091100;FR;PT;10;EXW;11;3;;1,5;1,000;119;;QV999999999999;
INTRA-EX;202504;513881387;11002BK;87089997;FR;PT;10;EXW;11;3;;0,7;1,000;24;;QV999999999999;
INTRA-EX;202504;513881387;FMINLH9-STO;40093100;FR;PT;10;EXW;11;3;;1,5;1,000;214;;QV999999999999;
INTRA-EX;202504;513881387;AMT;87089997;FR;PT;10;EXW;11;3;;0,7;1,000;269;;QV999999999999;
INTRA-EX;202504;513881387;ASKC;33030010;FR;PT;10;EXW;11;3;;0,1;1,000;1;;QV999999999999;
INTRA-EX;202504;513881387;U5001-4;84099100;FR;PT;10;EXW;11;3;;1,5;1,000;79;;QV999999999999;
INTRA-EX;202504;513881387;FDF3R-DD;;FR;PT;10;EXW;11;3;;0,1;1,000;291;;QV999999999999;
INTRA-EX;202504;513881387;FMDVCS14A;87089997;FR;PT;10;EXW;11;3;;0,2;1,000;95;;QV999999999999;
INTRA-EX;202504;513881387;PPF-2054;84213100;FR;PT;10;EXW;11;3;;0,6;1,000;43;;QV999999999999;
INTRA-EX;202504;513881387;AC-200-CFA-KIT;87089997;FR;PT;10;EXW;11;3;;0,1;1,000;32;;QV999999999999;
INTRA-EX;202504;513881387;420103485B;70102000;FR;PT;10;EXW;11;3;;0,1;1,000;23;;FR05930471560;
INTRA-EX;202504;513881387;RF100024;84099100;FR;PT;10;EXW;11;3;;0,7;1,000;44;;FR05930471560;
INTRA-EX;202504;513881387;FMWS11;87088099;FR;PT;10;EXW;11;3;;0,8;1,000;52;;FR05930471560;
INTRA-EX;202504;513881387;D401-0047;84213100;FR;PT;10;EXW;11;3;;2,3;1,000;67;;QV999999999999;
INTRA-EX;202504;513881387;U5001-4;84099100;FR;PT;10;EXW;11;3;;1,5;1,000;79;;QV999999999999;
INTRA-EX;202504;513881387;IFR7X8G-4;84099100;FR;PT;10;EXW;11;3;;0,3;1,000;61;;QV999999999999;
INTRA-EX;202504;513881387;SMT0707-4P-BK;87083091;FR;PT;10;EXW;11;3;;0,5;1,000;82;;QV999999999999;
INTRA-EX;202504;513881387;RBF600;27101999;FR;PT;10;EXW;11;3;;0,6;1,000;9;;QV999999999999;
INTRA-EX;202504;513881387;SMA0380-4P-YE;87083091;FR;PT;10;EXW;11;3;;0,5;1,000;84;;QV999999999999;
INTRA-EX;202504;513881387;SILZKBR8D8S-6;84099100;FR;PT;10;EXW;11;3;;0,4;1,000;66;;QV999999999999;
INTRA-EX;202504;513881387;CTS-AF-275;84213100;FR;PT;10;EXW;11;3;;0,5;1,000;49;;QV999999999999;
INTRA-EX;202504;513881387;D401-0042;84099100;FR;PT;10;EXW;11;3;;0,9;1,000;67;;QV999999999999;
INTRA-EX;202504;513881387;MMAI-MK7-15X;84213100;FR;PT;10;EXW;11;3;;4,7;1,000;385;;QV999999999999;
INTRA-EX;202504;513881387;BKR8EIX-6;85111000;FR;PT;10;EXW;11;3;;0,4;1,000;62;;QV999999999999;
INTRA-EX;202504;513881387;5B5562H-STD;40091100;FR;PT;10;EXW;11;3;;0,2;1,000;73;;QV999999999999;
INTRA-EX;202504;513881387;AC-200-FD;87089997;FR;PT;10;EXW;11;3;;0,5;1,000;48;;QV999999999999;
INTRA-EX;202504;513881387;06E898001-5;84099100;FR;PT;10;EXW;11;3;;1,9;1,000;131;;QV999999999999;
INTRA-EX;202504;513881387;AC-S55-CHP;84835020;FR;PT;10;EXW;11;3;;0,3;1,000;74;;QV999999999999;
INTRA-EX;202504;513881387;AC-FIST7-BAD;87089997;FR;PT;10;EXW;11;3;;0,5;1,000;59;;QV999999999999;
INTRA-EX;202504;513881387;FMACVAG06;84099100;FR;PT;10;EXW;11;3;;0,6;1,000;141;;QV999999999999;
INTRA-EX;202504;513881387;AC-211-CFA;87089997;FR;PT;10;EXW;11;3;;0,1;1,000;24;;QV999999999999;
INTRA-EX;202504;513881387;06F129717D;87089235;FR;PT;10;EXW;11;3;;0,1;1,000;8;;QV999999999999;
INTRA-EX;202504;513881387;FMDV32A-BLK;84814090;FR;PT;10;EXW;11;3;;0,6;1,000;207;;QV999999999999;
INTRA-EX;202504;513881387;AC-UNI-WD;87089997;FR;PT;10;EXW;11;3;;0,2;1,000;13;;QV999999999999;
INTRA-EX;202504;513881387;06D115562;84099100;FR;PT;10;EXW;11;3;;0,2;1,000;4;;QV999999999999;
INTRA-EX;202504;513881387;06F103483E;87089235;FR;PT;10;EXW;11;3;;0,1;1,000;8;;QV999999999999;
INTRA-EX;202504;513881387;06F129101P;84814090;FR;PT;10;EXW;11;3;;0,2;1,000;17;;QV999999999999;
INTRA-EX;202504;513881387;AC-200-CFA-KIT;87089997;FR;PT;10;EXW;11;3;;0,1;1,000;32;;QV999999999999;
INTRA-EX;202504;513881387;BKR7EIX-4;84099100;FR;PT;10;EXW;11;3;;0,3;1,000;40;;QV999999999999;
INTRA-EX;202504;513881387;06E898001-4;85111000;FR;PT;10;EXW;11;3;;1,5;1,000;104;;QV999999999999;
INTRA-EX;202504;513881387;MMRA-LC-EG-PK;87089997;FR;PT;10;EXW;11;3;;5,5;3,000;74;;QV999999999999;
INTRA-EX;202504;513881387;5W40;27101999;FR;PT;10;EXW;11;3;;1,9;3,000;87;;QV999999999999;
INTRA-EX;202504;513881387;EVE-F8xM-PF;84212300;FR;PT;10;EXW;11;3;;1,5;1,000;113;;QV999999999999;
INTRA-EX;202504;513881387;AC-200-CP-6;84099100;FR;PT;10;EXW;11;3;;1,6;1,000;122;;QV999999999999;
INTRA-EX;202504;513881387;PFR8S8EG-6;87089997;FR;PT;10;EXW;11;3;;0,4;1,000;68;;QV999999999999;
INTRA-EX;202504;513881387;ATMSFO134;87089997;FR;PT;10;EXW;11;3;;2,3;1,000;173;;QV999999999999;
INTRA-EX;202504;513881387;ATMSFO108;87089997;FR;PT;10;EXW;11;3;;0,2;1,000;102;;QV999999999999;
INTRA-EX;202504;513881387;PH/INDFO22;40093100;FR;PT;10;EXW;11;3;;0,6;1,000;65;;QV999999999999;
INTRA-EX;202504;513881387;ATMSSUZ4;87089997;FR;PT;10;EXW;11;3;;1;1,000;166;;QV999999999999;
INTRA-EX;202504;513881387;SILZKBR8D8S-6;84099100;FR;PT;10;EXW;11;3;;0,4;1,000;66;;QV999999999999;
INTRA-EX;202504;513881387;U5055-6;84099100;FR;PT;10;EXW;11;3;;2,1;1,000;132;;QV999999999999;
INTRA-EX;202504;513881387;VWR120001;87089997;FR;PT;10;EXW;11;3;;0,1;2,000;13;;QV999999999999;
INTRA-EX;202504;513881387;SHY0900-4P-BK;87083091;FR;PT;10;EXW;11;3;;0,8;1,000;97;;QV999999999999;
INTRA-EX;202504;513881387;RBF600;27101999;FR;PT;10;EXW;11;3;;0,6;2,000;19;;QV999999999999;
INTRA-EX;202504;513881387;KLC179;87089235;FR;PT;10;EXW;11;3;;1,2;1,000;141;;QV999999999999;
INTRA-EX;202504;513881387;KLC182;87088055;FR;PT;10;EXW;11;3;;1;1,000;121;;QV999999999999;
INTRA-EX;202504;513881387;FMDV004-POL;84814090;FR;PT;10;EXW;11;3;;0,4;1,000;95;;QV999999999999;
INTRA-EX;202504;513881387;FMTUBL15;87089997;FR;PT;10;EXW;11;3;;0,6;1,000;106;;QV999999999999;
INTRA-EX;202504;513881387;UR-RL2-2525;87088055;FR;PT;10;EXW;11;3;;1,7;1,000;81;;QV999999999999;
INTRA-EX;202504;513881387;UR-TW2-3744;87088055;FR;PT;10;EXW;11;3;;3;1,000;131;;QV999999999999;
INTRA-EX;202504;513881387;FMINLCVXR-BLU;40091100;FR;PT;10;EXW;11;3;;0,8;1,000;112;;QV999999999999;
INTRA-EX;202504;513881387;SILZKGR8B8S-6;85111000;FR;PT;10;EXW;11;3;;0,4;1,000;59;;QV999999999999;
INTRA-EX;202504;513881387;AC-MK7-CP-4;84099100;FR;PT;10;EXW;11;3;;1;1,000;112;;QV999999999999;
INTRA-EX;202504;513881387;FMINT4;87089997;FR;PT;10;EXW;11;3;;20,5;1,000;958;;QV999999999999;
INTRA-EX;202504;513881387;005001005;84198998;FR;PT;10;EXW;11;3;;18,7;1,000;512;;FR56921875340;
INTRA-EX;202504;513881387;ES-361077;87089997;FR;PT;10;EXW;11;3;;2,2;1,000;61;;QV999999999999;
INTRA-EX;202504;513881387;ES-1350565;87089997;FR;PT;10;EXW;11;3;;0,9;1,000;69;;QV999999999999;
INTRA-EX;202504;513881387;MMTS-GTI-99;90321020;FR;PT;10;EXW;11;3;;0,1;1,000;50;;QV999999999999;
INTRA-EX;202504;513881387;AC-VAG-ODP;70102000;FR;PT;10;EXW;11;3;;0,2;1,000;8;;QV999999999999;
INTRA-EX;202504;513881387;BKR7EIX-4;84099100;FR;PT;10;EXW;11;3;;0,3;1,000;40;;QV999999999999;
INTRA-EX;202504;513881387;"60 AV 13";87083091;FR;PT;10;EXW;11;3;;21;1,000;299;;QV999999999999;
INTRA-EX;202504;513881387;R7437-8-4;84099100;FR;PT;10;EXW;11;3;;0,3;1,000;160;;QV999999999999;
INTRA-EX;202504;513881387;ECA913BK;84213100;FR;PT;10;EXW;11;3;;3,6;1,000;260;;QV999999999999;
INTRA-EX;202504;513881387;10.127.101K;84133080;FR;PT;10;EXW;11;3;;0,3;1,000;314;;QV999999999999;
INTRA-EX;202504;513881387;RNW-01-5H;87087099;FR;PT;10;EXW;11;3;;1,4;1,000;67;;QV999999999999;
INTRA-EX;202504;513881387;06F129101P;84814090;FR;PT;10;EXW;11;3;;0,2;1,000;17;;QV999999999999;
INTRA-EX;202504;513881387;06F103483E;87089235;FR;PT;10;EXW;11;3;;0,1;1,000;8;;QV999999999999;
INTRA-EX;202504;513881387;SAUC089;87089235;FR;PT;10;EXW;11;3;;10;1,000;748;;FR08879651321;
INTRA-EX;202504;513881387;ACSP1;84099100;FI;PT;10;EXW;11;3;;0,5;1,000;21;;QV999999999999;
INTRA-EX;202504;513881387;CTS-HW-540;40091100;NL;PT;10;EXW;11;3;;2;1,000;269;;NL004871143B03;
INTRA-EX;202504;513881387;CTS-IT-963;84213100;NL;PT;10;EXW;11;3;;3;1,000;449;;NL004871143B03;
INTRA-EX;202504;513881387;KBR39;87089997;ES;PT;10;EXW;11;3;;0,7;1,000;118;;ESB47771084;
