FLUXO;PERIODO;NIF;REF;NC;PAIS;PORIGEM;REGIAO;CODENT;NATTRA;MODTRA;AERPOR;MASSA;UNSUP;VALFAC;"VAL ESTAT";ADQNIF;ERRO
INTRA-EX;202509;513881387;AC-300-CP-4;84099100;MT;PT;10;EXW;11;3;;1;1;72;;QV999999999999;
INTRA-EX;202509;513881387;10.127.203K;84132000;DK;PT;10;EXW;11;3;;0,3;1;227;;DK44139332;
INTRA-EX;202509;513881387;034-1ZZ-0001;87089997;CZ;PT;10;EXW;11;3;;0,8;3;489;;CZ05205093;
INTRA-EX;202509;513881387;CI100039-B;40091100;CZ;PT;10;EXW;11;3;;1,7;1;149;;CZ05205093;
INTRA-EX;202509;513881387;CI100039;40091100;CZ;PT;10;EXW;11;3;;2;1;241;;CZ05205093;
INTRA-EX;202509;513881387;WB-232;84213100;CY;PT;10;EXW;11;3;;0,2;1;39;;QV999999999999;
INTRA-EX;202509;513881387;3798904435SP;87087000;LT;PT;10;EXW;11;3;;10,5;1;350;;QV999999999999;
INTRA-EX;202509;513881387;MMOC-F10-12SL;87089997;BG;PT;10;EXW;11;3;;5,5;1;661;;BG121157881;
INTRA-EX;202509;513881387;BMR96Z;87088055;RO;PT;10;EXW;11;3;;5,2;1;219;;QV999999999999;
INTRA-EX;202509;513881387;BMF67Z;87088055;RO;PT;10;EXW;11;3;;6,5;1;241;;QV999999999999;
INTRA-EX;202509;513881387;034-301-2009;87083099;RO;PT;10;EXW;11;3;;15;1;898;;RO6336590;
INTRA-EX;202509;513881387;AC-MK7-DPHS;87089235;SK;PT;10;EXW;11;3;;9,2;1;299;;SK2121638398;
INTRA-EX;202509;513881387;AC-IS-TB;87089997;SK;PT;10;EXW;11;3;;0,3;1;44;;SK2121638398;
INTRA-EX;202509;513881387;JSK-115-TWIST;84213100;SI;PT;10;EXW;11;3;;3,6;1;263;;QV999999999999;
INTRA-EX;202509;513881387;EM100050;84213100;SI;PT;10;EXW;11;3;;0,4;1;245;;QV999999999999;
INTRA-EX;202509;513881387;AC-S55-CHP;84835020;SI;PT;10;EXW;11;3;;0,3;2;147;;QV999999999999;
INTRA-EX;202509;513881387;CTS-EXH-TP-0008;87089235;HU;PT;10;EXW;11;3;;4;1;127;;QV999999999999;
INTRA-EX;202509;513881387;ATMSREN5;87089997;DE;PT;10;EXW;11;3;;1,5;1;252;;QV999999999999;
INTRA-EX;202509;513881387;216CLSDWAOT-R;87089997;DE;PT;10;EXW;11;3;;0,4;1;50;;QV999999999999;
INTRA-EX;202509;513881387;ATIKVAG19-RD;84213100;DE;PT;10;EXW;11;3;;4,9;1;234;;QV999999999999;
INTRA-EX;202509;513881387;WB-288;84213100;DE;PT;10;EXW;11;3;;0,4;1;109;;QV999999999999;
INTRA-EX;202509;513881387;FMDV38;87089997;GR;PT;10;EXW;11;3;;0,8;1;149;;GR802913609;
INTRA-EX;202509;513881387;8E0971824S-BL;84099100;GR;PT;10;EXW;11;3;;0,2;1;10;;GR802913609;
INTRA-EX;202509;513881387;MS100210;85111000;GR;PT;10;EXW;11;3;;0,3;4;99;;GR802913609;
INTRA-EX;202509;513881387;116AZ009;84213100;GR;PT;10;EXW;11;3;;23,6;1;1032;;GREL801563540;
INTRA-EX;202509;513881387;IMS-8V8S-GRK;87089997;GR;PT;10;EXW;11;3;;0,2;1;68;;QV999999999999;
INTRA-EX;202509;513881387;WA402;87088055;BE;PT;10;EXW;11;3;;1,7;2;120;;QV999999999999;
INTRA-EX;202509;513881387;EVE-EA8884-R-INT;84213100;BE;PT;10;EXW;11;3;;5;1;999;;BE0740963105;
INTRA-EX;202509;513881387;EVE-EA8884-CF-ENG;84213100;BE;PT;10;EXW;11;3;;3;1;427;;BE0740963105;
INTRA-EX;202509;513881387;SAUC045;87089235;BE;PT;10;EXW;11;3;;8,8;1;372;;BE0740963105;
INTRA-EX;202509;513881387;AC-S55-MP;87089235;BE;PT;10;EXW;11;3;;15;1;330;;BE0667689206;
INTRA-EX;202509;513881387;AC-211-CFA;87089997;BE;PT;10;EXW;11;3;;0,1;1;24;;QV999999999999;
INTRA-EX;202509;513881387;VWR120010;40091100;BE;PT;10;EXW;11;3;;1,4;1;255;;BE0460927073;
INTRA-EX;202509;513881387;VWR12G7R600FO;84213100;BE;PT;10;EXW;11;3;;0,5;1;114;;BE0460927073;
INTRA-EX;202509;513881387;AC-FIST7-BAD;87089997;BE;PT;10;EXW;11;3;;0,5;1;59;;QV999999999999;
INTRA-EX;202509;513881387;3795704935BK;87087000;BE;PT;10;EXW;11;3;;6,9;4;946;;BE0567526511;
INTRA-EX;202509;513881387;FMINDF500-BLA-PLE;84213100;BE;PT;10;EXW;11;3;;3;1;298;;QV999999999999;
INTRA-EX;202509;513881387;RBF600;27101999;BE;PT;10;EXW;11;3;;0,6;2;19;;QV999999999999;
INTRA-EX;202509;513881387;SBW0261-4P-BK;87083091;BE;PT;10;EXW;11;3;;0,5;1;83;;QV999999999999;
INTRA-EX;202509;513881387;DBA2964S-2;87089997;BE;PT;10;EXW;11;3;;13,2;1;285;;QV999999999999;
INTRA-EX;202509;513881387;DBA2965S-2;87089997;BE;PT;10;EXW;11;3;;8,9;1;187;;QV999999999999;
INTRA-EX;202509;513881387;CTS-IT-166;84213100;BE;PT;10;EXW;11;3;;3;1;230;;QV999999999999;
INTRA-EX;202509;513881387;PF05;90262020;BE;PT;10;EXW;11;3;;0,2;1;223;;QV999999999999;
INTRA-EX;202509;513881387;UR-RU4-2987;87088055;BE;PT;10;EXW;11;3;;3,3;1;159;;QV999999999999;
INTRA-EX;202509;513881387;SBW0261-4P-BK;87083091;BE;PT;10;EXW;11;3;;0,5;1;83;;QV999999999999;
INTRA-EX;202509;513881387;MMRAD-WRX-01;87089135;IT;PT;10;EXW;11;3;;7,2;1;209;;IT08839490011;
INTRA-EX;202509;513881387;EVE-TRB8V8S-LHD-NIL;85111000;IT;PT;10;EXW;11;3;;1,7;1;428;;IT08839490011;
INTRA-EX;202509;513881387;EVE-TRB8V8S-FLG-STK;85111000;IT;PT;10;EXW;11;3;;0,2;1;35;;IT08839490011;
INTRA-EX;202509;513881387;10.127.203K;84132000;IT;PT;10;EXW;11;3;;0,3;1;227;;IT08839490011;
INTRA-EX;202509;513881387;SILFER8C7ES;85111000;IT;PT;10;EXW;11;3;;0,1;1;10;;IT08839490011;
INTRA-EX;202509;513881387;PF04;85444290;IT;PT;10;EXW;11;3;;0,2;1;159;;IT03656931205;
INTRA-EX;202509;513881387;VWR810005;87082990;IT;PT;10;EXW;11;3;;0,4;1;124;;IT03002640732;
INTRA-EX;202509;513881387;VWR810002;87089997;IT;PT;10;EXW;11;3;;0,5;1;56;;IT03002640732;
INTRA-EX;202509;513881387;VWR31G8GT;87089997;IT;PT;10;EXW;11;3;;8,5;1;161;;IT03002640732;
INTRA-EX;202509;513881387;VWR120000;84213100;IT;PT;10;EXW;11;3;;1;2;61;;IT03002640732;
INTRA-EX;202509;513881387;SVWCS045;87089235;IT;PT;10;EXW;11;3;;9,2;1;267;;IT02710790060;
INTRA-EX;202509;513881387;PF04;85444290;IT;PT;10;EXW;11;3;;0,2;1;159;;IT02710790060;
INTRA-EX;202509;513881387;9-301-1000;84133080;IT;PT;10;EXW;11;3;;0,5;1;109;;IT14481871003;
INTRA-EX;202509;513881387;CTS-IT-275;87089235;IT;PT;10;EXW;11;3;;1,7;1;149;;IT16332121009;
INTRA-EX;202509;513881387;AC-250-IP;84198998;IT;PT;10;EXW;11;3;;1,9;1;127;;IT03528320785;
INTRA-EX;202509;513881387;VWR140014;87089997;IT;PT;10;EXW;11;3;;0,1;1;30;;QV999999999999;
INTRA-EX;202509;513881387;R7437-9-4;87089997;IT;PT;10;EXW;11;3;;0,3;1;168;;QV999999999999;
INTRA-EX;202509;513881387;UR-ML2-421;87088055;IT;PT;10;EXW;11;3;;1,8;1;73;;QV999999999999;
INTRA-EX;202509;513881387;UR-LA8-1257;87088055;IT;PT;10;EXW;11;3;;5,3;1;180;;QV999999999999;
INTRA-EX;202509;513881387;EVE-B9RS5-CF-INT;84213100;NL;PT;10;EXW;11;3;;3,9;1;1178;;NL866996473B01;
INTRA-EX;202509;513881387;VWR140014;87089997;NL;PT;10;EXW;11;3;;0,1;1;30;;QV999999999999;
INTRA-EX;202509;513881387;MS100192-4;84099100;NL;PT;10;EXW;11;3;;1,7;2;361;;NL865367012B01;
INTRA-EX;202509;513881387;AC-S55-CHP;84835020;LT;PT;10;EXW;11;3;;0,3;1;49;;LT100016248411;
INTRA-EX;202509;513881387;COMBO-NOV-MQB;84213100;ES;PT;10;EXW;11;3;;5,5;1;437;;QV999999999999;
INTRA-EX;202509;513881387;SBW1175-4P-BK;87083091;ES;PT;10;EXW;11;3;;0,5;1;78;;QV999999999999;
INTRA-EX;202509;513881387;RBF660;27101999;ES;PT;10;EXW;11;3;;0,6;1;11;;QV999999999999;
INTRA-EX;202509;513881387;MS100192;85111000;ES;PT;10;EXW;11;3;;0,3;4;149;;ESB42771618;
INTRA-EX;202509;513881387;AC-300-CP;84099100;ES;PT;10;EXW;11;3;;0,3;12;142;;ESB42771618;
INTRA-EX;202509;513881387;AC-200-DP;87089235;ES;PT;10;EXW;11;3;;10;2;263;;ESB42771618;
INTRA-EX;202509;513881387;SILZKBR8D8S;85111000;ES;PT;10;EXW;11;3;;0,1;18;176;;ESB42771618;
INTRA-EX;202509;513881387;PF05;90262020;ES;PT;10;EXW;11;3;;0,2;1;170;;ES43179343V;
INTRA-EX;202509;513881387;AC-FU-E36;87088055;ES;PT;10;EXW;11;3;;3,8;1;59;;ES43179343V;
INTRA-EX;202509;513881387;SRNC031;87089235;ES;PT;10;EXW;11;3;;4,5;1;189;;ESB42771618;
INTRA-EX;202509;513881387;FMTIA4-BLA;40093100;ES;PT;10;EXW;11;3;;0,6;1;115;;ESB42771618;
INTRA-EX;202509;513881387;WB-336;84213100;ES;PT;10;EXW;11;3;;0,2;1;30;;ESB42771618;
INTRA-EX;202509;513881387;VWR12G7R600ITRED;84213100;ES;PT;10;EXW;11;3;;0,8;1;76;;ES29524079Z;
INTRA-EX;202509;513881387;VWR180002;87089997;ES;PT;10;EXW;11;3;;0,1;1;21;;ES50902109G;
INTRA-EX;202509;513881387;SNN0801-6P-BK;87083091;ES;PT;10;EXW;11;3;;0,9;1;141;;ESF21229786;
INTRA-EX;202509;513881387;"THE-B5 007 01";40093100;ES;PT;10;EXW;11;3;;0,1;1;25;;QV999999999999;
INTRA-EX;202509;513881387;78198025;;ES;PT;10;EXW;11;3;;0,1;2;23;;QV999999999999;
INTRA-EX;202509;513881387;MMAI-WRX-01P;84213100;ES;PT;10;EXW;11;3;;3,9;1;156;;QV999999999999;
INTRA-EX;202509;513881387;Z-341225;87089997;ES;PT;10;EXW;11;3;;2,4;1;167;;QV999999999999;
INTRA-EX;202509;513881387;315366;87082910;ES;PT;10;EXW;11;3;;1,6;1;685;;ESB93360485;
INTRA-EX;202509;513881387;R-FIA-003-I;84099100;ES;PT;10;EXW;11;3;;2,5;1;453;;ESB93360485;
INTRA-EX;202509;513881387;FMOC10;87089135;ES;PT;10;EXW;11;3;;3,4;1;581;;ESB93360485;
INTRA-EX;202509;513881387;STAB76A50014T;84213100;ES;PT;10;EXW;11;3;;3;1;399;;ESB93360485;
INTRA-EX;202509;513881387;FMINLD3;84213100;ES;PT;10;EXW;11;3;;0,1;1;34;;ESB93360485;
INTRA-EX;202509;513881387;TS-0215-1027;87089997;ES;PT;10;EXW;11;3;;1,3;1;462;;ESB67114637;
INTRA-EX;202509;513881387;Z-9910017;87089997;ES;PT;10;EXW;11;3;;4,6;1;253;;ESB67114637;
INTRA-EX;202509;513881387;Z-3250001;87089997;ES;PT;10;EXW;11;3;;3;1;169;;ESB67114637;
INTRA-EX;202509;513881387;AC-200-DP;87089235;ES;PT;10;EXW;11;3;;10;1;168;;QV999999999999;
INTRA-EX;202509;513881387;R7437-9-4;87089997;ES;PT;10;EXW;11;3;;0,3;1;169;;QV999999999999;
INTRA-EX;202509;513881387;PP1895;84213100;ES;PT;10;EXW;11;3;;0,5;1;37;;QV999999999999;
INTRA-EX;202509;513881387;FMSS8;87089997;ES;PT;10;EXW;11;3;;0,3;1;69;;ES25200933V;
INTRA-EX;202509;513881387;PRK-138-OVAL;84213100;ES;PT;10;EXW;11;3;;3;1;214;;QV999999999999;
INTRA-EX;202509;513881387;D760-0067;84099100;ES;PT;10;EXW;11;3;;1,5;1;138;;QV999999999999;
INTRA-EX;202509;513881387;AC-MK5-FU-RD;87088055;ES;PT;10;EXW;11;3;;4,4;1;96;;QV999999999999;
INTRA-EX;202509;513881387;AC-200-HS;87089997;ES;PT;10;EXW;11;3;;0,5;1;22;;QV999999999999;
INTRA-EX;202509;513881387;SVW0622-4P-BK;87083091;ES;PT;10;EXW;11;3;;0,5;1;78;;QV999999999999;
INTRA-EX;202509;513881387;SVWC058;87089235;ES;PT;10;EXW;11;3;;10,1;1;432;;QV999999999999;
INTRA-EX;202509;513881387;FMBH10-BLK;40093100;ES;PT;10;EXW;11;3;;0,3;1;31;;ESx7502353y;
INTRA-EX;202509;513881387;9-201-1031;84133080;ES;PT;10;EXW;11;3;;0,5;1;89;;QV999999999999;
INTRA-EX;202509;513881387;60AV06;87083091;ES;PT;10;EXW;11;3;;25;1;341;;QV999999999999;
INTRA-EX;202509;513881387;1J0819644A;84099100;ES;PT;10;EXW;11;3;;0,5;1;7;;QV999999999999;
INTRA-EX;202509;513881387;9-309-1009-2;84133080;ES;PT;10;EXW;11;3;;0,9;1;308;;ESB72435332;
INTRA-EX;202509;513881387;MMRAD-GLF-99;87089135;ES;PT;10;EXW;11;3;;8;1;261;;QV999999999999;
INTRA-EX;202509;513881387;AC-Z33-YP;84198998;ES;PT;10;EXW;11;3;;6,6;1;149;;ESB64092695;
INTRA-EX;202509;513881387;AC-200-HS;87089997;ES;PT;10;EXW;11;3;;0,5;1;22;;QV999999999999;
INTRA-EX;202509;513881387;FMBH10-PERFBLUE;40093100;ES;PT;10;EXW;11;3;;0,3;1;31;;QV999999999999;
INTRA-EX;202509;513881387;VWR140014;87089997;ES;PT;10;EXW;11;3;;0,1;1;30;;QV999999999999;
INTRA-EX;202509;513881387;KCA511;84099100;ES;PT;10;EXW;11;3;;1,1;1;106;;QV999999999999;
INTRA-EX;202509;513881387;ATMSYGR07;87089997;ES;PT;10;EXW;11;3;;0,5;1;136;;QV999999999999;
INTRA-EX;202509;513881387;9-655-1025;84133080;ES;PT;10;EXW;11;3;;0,8;1;163;;QV999999999999;
INTRA-EX;202509;513881387;WB-576;842131000;ES;PT;10;EXW;11;3;;0,3;1;57;;QV999999999999;
INTRA-EX;202509;513881387;SBW0510-4P-BK;87083091;ES;PT;10;EXW;11;3;;0,5;1;96;;QV999999999999;
INTRA-EX;202509;513881387;WB-308;84213100;ES;PT;10;EXW;11;3;;0,2;1;42;;QV999999999999;
INTRA-EX;202509;513881387;PST81;87088035;ES;PT;10;EXW;11;3;;3;1;121;;QV999999999999;
INTRA-EX;202509;513881387;RIP-010-BK;84213100;ES;PT;10;EXW;11;3;;0,8;1;44;;QV999999999999;
INTRA-EX;202509;513881387;DBA42830S-2;87089997;ES;PT;10;EXW;11;3;;23,3;1;275;;ESB67497925;
INTRA-EX;202509;513881387;FMWS3;87088099;ES;PT;10;EXW;11;3;;0,8;1;41;;ES70917434Q;
INTRA-EX;202509;513881387;S90-4-15-018;87087050;ES;PT;10;EXW;11;3;;2,1;1;96;;QV999999999999;
INTRA-EX;202509;513881387;10.127.100K;84132000;ES;PT;10;EXW;11;3;;0,3;1;312;;QV999999999999;
INTRA-EX;202509;513881387;AC-200-CP-4;84099100;ES;PT;10;EXW;11;3;;1;1;81;;QV999999999999;
INTRA-EX;202509;513881387;SILZKBR8D8S-6;84099100;ES;PT;10;EXW;11;3;;0,4;1;67;;QV999999999999;
INTRA-EX;202509;513881387;216CLSDWAOP-R;87089997;ES;PT;10;EXW;11;3;;0,4;1;73;;QV999999999999;
INTRA-EX;202509;513881387;MMFS-350Z-03;84149000;ES;PT;10;EXW;11;3;;5,8;1;216;;QV999999999999;
INTRA-EX;202509;513881387;R7437-9-4;87089997;ES;PT;10;EXW;11;3;;0,3;1;171;;ES76045186X;
INTRA-EX;202509;513881387;BKR8EIX-4;85111000;ES;PT;10;EXW;11;3;;0,3;1;42;;QV999999999999;
INTRA-EX;202509;513881387;AC-200-TBH-BL;40093100;ES;PT;10;EXW;11;3;;0,2;1;18;;QV999999999999;
INTRA-EX;202509;513881387;ACCLAMPHX32-50;40093100;ES;PT;10;EXW;11;3;;0,2;1;1;;QV999999999999;
INTRA-EX;202509;513881387;FMPK383;84212300;ES;PT;10;EXW;11;3;;0,7;1;139;;QV999999999999;
INTRA-EX;202509;513881387;9-651-1017;84133080;ES;PT;10;EXW;11;3;;0,5;1;146;;ESA60479078;
INTRA-EX;202509;513881387;MMICP-N55-11;87089997;ES;PT;10;EXW;11;3;;2,2;1;258;;QV999999999999;
INTRA-EX;202509;513881387;CTS-IT-300R;84213100;ES;PT;10;EXW;11;3;;4,1;1;271;;QV999999999999;
INTRA-EX;202509;513881387;SD-3456004;87089997;ES;PT;10;EXW;11;3;;14;1;221;;QV999999999999;
INTRA-EX;202509;513881387;MS100113;87089997;ES;PT;10;EXW;11;3;;0,4;1;47;;QV999999999999;
INTRA-EX;202509;513881387;AC-MK7-MD;87089997;ES;PT;10;EXW;11;3;;0,4;1;65;;QV999999999999;
INTRA-EX;202509;513881387;VWR31G70RW;87088035;ES;PT;10;EXW;11;3;;9,1;1;266;;QV999999999999;
INTRA-EX;202509;513881387;FMR56IND-BLU;40093100;ES;PT;10;EXW;11;3;;0,8;1;126;;QV999999999999;
INTRA-EX;202509;513881387;L3P3A8SX;87089997;ES;PT;10;EXW;11;3;;0,3;1;328;;QV999999999999;
INTRA-EX;202509;513881387;SNN0910-6P-BK;87083091;ES;PT;10;EXW;11;3;;0,9;1;161;;QV999999999999;
INTRA-EX;202509;513881387;10.127.100K;84132000;ES;PT;10;EXW;11;3;;0,3;1;314;;ESB45759685;
INTRA-EX;202509;513881387;AMS.39.09.0001-1;84213100;ES;PT;10;EXW;11;3;;3,2;1;466;;ESB75277681;
INTRA-EX;202509;513881387;SILZKBR8D8S-6;84099100;ES;PT;10;EXW;11;3;;0,4;1;68;;ESB75277681;
INTRA-EX;202509;513881387;EVE-F8xM-PF;84212300;ES;PT;10;EXW;11;3;;1,5;1;113;;ESB75277681;
INTRA-EX;202509;513881387;SRN0635-6P-BK;87083091;ES;PT;10;EXW;11;3;;0,5;1;93;;QV999999999999;
INTRA-EX;202509;513881387;Z-341225;87089997;ES;PT;10;EXW;11;3;;2,4;1;167;;QV999999999999;
INTRA-EX;202509;513881387;SSU8003-4P-EB;87083091;ES;PT;10;EXW;11;3;;0,5;1;77;;QV999999999999;
INTRA-EX;202509;513881387;AC-200-HS;87089997;ES;PT;10;EXW;11;3;;0,5;1;22;;QV999999999999;
INTRA-EX;202509;513881387;BKR8EIX-4;85111000;ES;PT;10;EXW;11;3;;0,3;1;42;;QV999999999999;
INTRA-EX;202509;513881387;KTA285;87088055;ES;PT;10;EXW;11;3;;4,5;1;294;;ESB75277681;
INTRA-EX;202509;513881387;KTA286;87088055;ES;PT;10;EXW;11;3;;3;1;185;;ESB75277681;
INTRA-EX;202509;513881387;VWR140014;87089997;ES;PT;10;EXW;11;3;;0,1;1;30;;QV999999999999;
INTRA-EX;202509;513881387;VWR130006;84099100;ES;PT;10;EXW;11;3;;0,3;1;57;;QV999999999999;
INTRA-EX;202509;513881387;1CCVW08F02;87089997;ES;PT;10;EXW;11;3;;2,3;1;201;;QV999999999999;
INTRA-EX;202509;513881387;AC-VAG-ODP;70102000;ES;PT;10;EXW;11;3;;0,2;1;8;;QV999999999999;
INTRA-EX;202509;513881387;KDT914;87088020;ES;PT;10;EXW;11;3;;0,4;1;26;;QV999999999999;
INTRA-EX;202509;513881387;50003-M45-XL-4;84213100;ES;PT;10;EXW;11;3;;0,3;1;80;;QV999999999999;
INTRA-EX;202509;513881387;DBA43146S-2;87089997;ES;PT;10;EXW;11;3;;23;1;379;;QV999999999999;
INTRA-EX;202509;513881387;Z-341225;87089997;ES;PT;10;EXW;11;3;;2,4;1;167;;QV999999999999;
INTRA-EX;202509;513881387;RF328;87089997;ES;PT;10;EXW;11;3;;1,3;3;54;;QV999999999999;
INTRA-EX;202509;513881387;VWR180000;87089997;ES;PT;10;EXW;11;3;;0,1;1;14;;QV999999999999;
INTRA-EX;202509;513881387;VWR120001;87089997;ES;PT;10;EXW;11;3;;0,1;2;13;;QV999999999999;
INTRA-EX;202509;513881387;MS100219-8;85111000;ES;PT;10;EXW;11;3;;3,4;1;398;;QV999999999999;
INTRA-EX;202509;513881387;9-655-1025;84133080;ES;PT;10;EXW;11;3;;0,8;1;163;;QV999999999999;
INTRA-EX;202509;513881387;KCA417;87089997;ES;PT;10;EXW;11;3;;0,4;1;35;;QV999999999999;
INTRA-EX;202509;513881387;06K103495AC;87089997;ES;PT;10;EXW;11;3;;0,6;1;31;;QV999999999999;
INTRA-EX;202509;513881387;AC-200-PP;84198998;ES;PT;10;EXW;11;3;;0,5;1;81;;QV999999999999;
INTRA-EX;202509;513881387;4B1609H-STD;40091100;ES;PT;10;EXW;11;3;;0,5;1;44;;QV999999999999;
INTRA-EX;202509;513881387;AC-200-TP;40091100;ES;PT;10;EXW;11;3;;1,2;1;111;;QV999999999999;
INTRA-EX;202509;513881387;AC-200K04-OT;87089997;ES;PT;10;EXW;11;3;;1,4;1;111;;QV999999999999;
INTRA-EX;202509;513881387;SILZKBR8D8S-6;84099100;ES;PT;10;EXW;11;3;;0,4;1;67;;QV999999999999;
INTRA-EX;202509;513881387;CTS-TM-MK4-60D;87089235;ES;PT;10;EXW;11;3;;2;1;107;;QV999999999999;
INTRA-EX;202509;513881387;SHY0900-4P-BK;87083091;ES;PT;10;EXW;11;3;;0,8;1;96;;QV999999999999;
INTRA-EX;202509;513881387;CTS-AF-275;84213100;ES;PT;10;EXW;11;3;;0,5;1;49;;QV999999999999;
INTRA-EX;202509;513881387;SILZKBR8D8S-6;84099100;ES;PT;10;EXW;11;3;;0,4;2;136;;ESB01796796;
INTRA-EX;202509;513881387;SILZKBR8D8S-6;84099100;ES;PT;10;EXW;11;3;;0,4;1;67;;QV999999999999;
INTRA-EX;202509;513881387;11427953129;84099100;ES;PT;10;EXW;11;3;;0,1;2;10;;QV999999999999;
INTRA-EX;202509;513881387;2Q0121321A;87089997;ES;PT;10;EXW;11;3;;0,2;1;8;;QV999999999999;
INTRA-EX;202509;513881387;17U-01-0440-4;87089997;ES;PT;10;EXW;11;3;;0,3;1;297;;QV999999999999;
INTRA-EX;202509;513881387;Z1003101-4;85111000;ES;PT;10;EXW;11;3;;0,4;1;80;;QV999999999999;
INTRA-EX;202509;513881387;50003-M45-XL-4;84213100;ES;PT;10;EXW;11;3;;0,3;1;81;;ES43179343V;
INTRA-EX;202509;513881387;ATMSREN9;87089997;ES;PT;10;EXW;11;3;;1;1;146;;QV999999999999;
INTRA-EX;202509;513881387;ATMSREN10;87089997;ES;PT;10;EXW;11;3;;1,2;1;146;;QV999999999999;
INTRA-EX;202509;513881387;DILKAR8R9HS-4;85111000;ES;PT;10;EXW;11;3;;0,3;1;62;;QV999999999999;
INTRA-EX;202509;513881387;50003-M45-XL-4;84213100;ES;PT;10;EXW;11;3;;0,3;1;80;;QV999999999999;
INTRA-EX;202509;513881387;PP2045;84213100;ES;PT;10;EXW;11;3;;0,5;1;37;;QV999999999999;
INTRA-EX;202509;513881387;DBA2472S-2;87089997;ES;PT;10;EXW;11;3;;19;1;233;;QV999999999999;
INTRA-EX;202509;513881387;D650-0003-4;84099100;ES;PT;10;EXW;11;3;;1,7;1;113;;QV999999999999;
INTRA-EX;202509;513881387;S90-4-15-018;87087050;ES;PT;10;EXW;11;3;;2,1;2;193;;QV999999999999;
INTRA-EX;202509;513881387;FMSS7;87089997;ES;PT;10;EXW;11;3;;0,3;1;61;;QV999999999999;
INTRA-EX;202509;513881387;06D115562;84099100;ES;PT;10;EXW;11;3;;0,2;1;4;;QV999999999999;
INTRA-EX;202509;513881387;PF04;85444290;ES;PT;10;EXW;11;3;;0,2;1;204;;QV999999999999;
INTRA-EX;202509;513881387;U5001-4;84099100;ES;PT;10;EXW;11;3;;1,5;1;78;;QV999999999999;
INTRA-EX;202509;513881387;PFR7Z-TG-4;84099100;ES;PT;10;EXW;11;3;;0,3;1;36;;QV999999999999;
INTRA-EX;202509;513881387;10.127.100K;84132000;ES;PT;10;EXW;11;3;;0,3;1;312;;QV999999999999;
INTRA-EX;202509;513881387;PF04;85444290;ES;PT;10;EXW;11;3;;0,2;1;204;;QV999999999999;
INTRA-EX;202509;513881387;06K103495AC;87089997;ES;PT;10;EXW;11;3;;0,6;1;31;;QV999999999999;
INTRA-EX;202509;513881387;SBW1162-4P-BK;87083091;ES;PT;10;EXW;11;3;;0,5;1;83;;QV999999999999;
INTRA-EX;202509;513881387;ES-315086;87089997;ES;PT;10;EXW;11;3;;1,1;1;53;;QV999999999999;
INTRA-EX;202509;513881387;ES-311366;87089997;ES;PT;10;EXW;11;3;;1,3;1;68;;QV999999999999;
INTRA-EX;202509;513881387;ECA1576WB;84213100;FR;PT;10;EXW;11;3;;3;2;479;;FR80888340023;
INTRA-EX;202509;513881387;06J103600AFKIT;84099100;FR;PT;10;EXW;11;3;;2,5;1;49;;FR16503169039;
INTRA-EX;202509;513881387;VWR1200R600E;84213100;FR;PT;10;EXW;11;3;;4,9;1;309;;FR54450521752;
INTRA-EX;202509;513881387;10.127.203K;84132000;FR;PT;10;EXW;11;3;;0,3;1;227;;FR54450521752;
INTRA-EX;202509;513881387;FMINT32;87089997;FR;PT;10;EXW;11;3;;16,7;1;562;;FR54450521752;
INTRA-EX;202509;513881387;SFD1216-4P-BK;87083091;FR;PT;10;EXW;11;3;;0,5;1;63;;FR43935269613;
INTRA-EX;202509;513881387;SBW1162-4P-BK;87083091;FR;PT;10;EXW;11;3;;0,5;2;126;;FR43935269613;
INTRA-EX;202509;513881387;SBW1171-4P-BK;87083091;FR;PT;10;EXW;11;3;;0,5;1;63;;FR43935269613;
INTRA-EX;202509;513881387;SBW1170-4P-BK;87083091;FR;PT;10;EXW;11;3;;0,5;2;126;;FR43935269613;
INTRA-EX;202509;513881387;AC-UNI-WD;87089997;FR;PT;10;EXW;11;3;;0,2;1;13;;QV999999999999;
INTRA-EX;202509;513881387;FMTIA11-PERFBLUE;87089997;FR;PT;10;EXW;11;3;;2,1;1;212;;QV999999999999;
INTRA-EX;202509;513881387;FM225AH-BLU;40093100;FR;PT;10;EXW;11;3;;0,3;1;45;;QV999999999999;
INTRA-EX;202509;513881387;VWR150003;90269000;FR;PT;10;EXW;11;3;;0,4;1;104;;QV999999999999;
INTRA-EX;202509;513881387;ESR521-BK;84213100;FR;PT;10;EXW;11;3;;3,2;1;232;;QV999999999999;
INTRA-EX;202509;513881387;AC-200-OSA;87089997;FR;PT;10;EXW;11;3;;0,2;1;27;;QV999999999999;
INTRA-EX;202509;513881387;E20-85-003-01-22;73202081;FR;PT;10;EXW;11;3;;9,3;1;129;;QV999999999999;
INTRA-EX;202509;513881387;1K0253144BD;40091100;FR;PT;10;EXW;11;3;;0,2;1;9;;QV999999999999;
INTRA-EX;202509;513881387;CTS-DP-IK1;87089997;FR;PT;10;EXW;11;3;;0,3;1;13;;QV999999999999;
INTRA-EX;202509;513881387;ES-355270;87089997;FR;PT;10;EXW;11;3;;1;1;53;;QV999999999999;
INTRA-EX;202509;513881387;SST012;87089235;FR;PT;10;EXW;11;3;;22;1;986;;FR54379990724;
INTRA-EX;202509;513881387;SVWC043;87089235;FR;PT;10;EXW;11;3;;8,6;1;393;;FR54379990724;
INTRA-EX;202509;513881387;VWR14G700;87089997;FR;PT;10;EXW;11;3;;16,4;1;887;;FR54379990724;
INTRA-EX;202509;513881387;SD-1358331;87089997;FR;PT;10;EXW;11;3;;24,7;1;217;;FR54379990724;
INTRA-EX;202509;513881387;VWR670007;87089997;FR;PT;10;EXW;11;3;;1,1;1;85;;FR54379990724;
INTRA-EX;202509;513881387;COMBO-NOV-MQB;84213100;FR;PT;10;EXW;11;3;;5,5;1;446;;FR54379990724;
INTRA-EX;202509;513881387;R7437-8-4;84099100;FR;PT;10;EXW;11;3;;0,3;1;160;;FR54379990724;
INTRA-EX;202509;513881387;BWF21XZ;87088055;FR;PT;10;EXW;11;3;;5,8;1;239;;FR54379990724;
INTRA-EX;202509;513881387;BWR24Z;87088055;FR;PT;10;EXW;11;3;;3,6;1;217;;FR54379990724;
INTRA-EX;202509;513881387;SSE0432-4P-BK;87083091;FR;PT;10;EXW;11;3;;0,5;1;94;;FR54379990724;
INTRA-EX;202509;513881387;WA302R+L;87088055;FR;PT;10;EXW;11;3;;5,5;1;215;;FR54379990724;
INTRA-EX;202509;513881387;AC-45-DP;87089235;FR;PT;10;EXW;11;3;;9,2;1;299;;QV999999999999;
INTRA-EX;202509;513881387;06F103483E;87089235;FR;PT;10;EXW;11;3;;0,1;1;8;;QV999999999999;
INTRA-EX;202509;513881387;SVW0620-4P-RD;87083091;FR;PT;10;EXW;11;3;;0,5;1;78;;QV999999999999;
INTRA-EX;202509;513881387;420103485B;70102000;FR;PT;10;EXW;11;3;;0,1;1;23;;QV999999999999;
INTRA-EX;202509;513881387;WHT005184;40091100;FR;PT;10;EXW;11;3;;0,1;1;8;;QV999999999999;
INTRA-EX;202509;513881387;06D115562;84099100;FR;PT;10;EXW;11;3;;0,2;2;9;;QV999999999999;
INTRA-EX;202509;513881387;AC-200-IT;84198998;FR;PT;10;EXW;11;3;;5;1;187;;QV999999999999;
INTRA-EX;202509;513881387;06K103495AC;87089997;FR;PT;10;EXW;11;3;;0,6;1;32;;QV999999999999;
INTRA-EX;202509;513881387;SVW0620-4P-RD;87083091;FR;PT;10;EXW;11;3;;0,5;1;78;;QV999999999999;
INTRA-EX;202509;513881387;UR-TW2-3300;87088055;FR;PT;10;EXW;11;3;;3,5;1;129;;QV999999999999;
INTRA-EX;202509;513881387;EVO9202;84213100;FR;PT;10;EXW;11;3;;5,6;1;356;;QV999999999999;
INTRA-EX;202509;513881387;UR-RE2-4262;87088055;FR;PT;10;EXW;11;3;;2,1;1;93;;QV999999999999;
INTRA-EX;202509;513881387;X11127570292ALBK;87089997;FR;PT;10;EXW;11;3;;7,5;1;216;;QV999999999999;
INTRA-EX;202509;513881387;IKR9J8-4;87089997;FR;PT;10;EXW;11;3;;0,3;1;45;;QV999999999999;
INTRA-EX;202509;513881387;10w60-2;27101999;FR;PT;10;EXW;11;3;;4,7;2;54;;QV999999999999;
INTRA-EX;202509;513881387;06F129717D;87089235;FR;PT;10;EXW;11;3;;0,1;1;8;;QV999999999999;
INTRA-EX;202509;513881387;AC-200-EVAP;87089997;FR;PT;10;EXW;11;3;;0,3;1;20;;QV999999999999;
INTRA-EX;202509;513881387;AC-200-FD;87089997;FR;PT;10;EXW;11;3;;0,5;1;48;;QV999999999999;
INTRA-EX;202509;513881387;SVW0620-4P-YE;87083091;FR;PT;10;EXW;11;3;;0,5;1;78;;QV999999999999;
INTRA-EX;202509;513881387;D650-0004-8;84099100;FR;PT;10;EXW;11;3;;2,4;1;227;;QV999999999999;
INTRA-EX;202509;513881387;MS100192-4;84099100;FR;PT;10;EXW;11;3;;1,7;1;180;;QV999999999999;
INTRA-EX;202509;513881387;Z1003100-4;85111000;FR;PT;10;EXW;11;3;;0,4;1;120;;QV999999999999;
INTRA-EX;202509;513881387;204-4105;87089997;FR;PT;10;EXW;11;3;;2,3;1;481;;QV999999999999;
INTRA-EX;202509;513881387;VWR12P1GTIS38;40091100;FR;PT;10;EXW;11;3;;1,2;1;288;;QV999999999999;
INTRA-EX;202509;513881387;EVE-W210-FTR;84213100;FR;PT;10;EXW;11;3;;0,6;4;380;;FR32803663178;
INTRA-EX;202509;513881387;D650-0003-6;84099100;FR;PT;10;EXW;11;3;;2,4;1;170;;QV999999999999;
INTRA-EX;202509;513881387;SILZKBR8D8S-6;84099100;FR;PT;10;EXW;11;3;;0,4;1;68;;QV999999999999;
INTRA-EX;202509;513881387;FMFSITAT-BLK;87089997;FR;PT;10;EXW;11;3;;0,7;1;190;;QV999999999999;
INTRA-EX;202509;513881387;CTS-IT-105R;84213100;FR;PT;10;EXW;11;3;;4,6;1;256;;QV999999999999;
INTRA-EX;202509;513881387;FMTTBH-;87089997;FR;PT;10;EXW;11;3;;0,1;1;50;;QV999999999999;
INTRA-EX;202509;513881387;PH/INDSUZ1;40093100;FR;PT;10;EXW;11;3;;0,8;1;68;;QV999999999999;
INTRA-EX;202509;513881387;FMEC4;87089997;FR;PT;10;EXW;11;3;;1,6;1;284;;QV999999999999;
INTRA-EX;202509;513881387;FMSTC1-RED;84073410;FR;PT;10;EXW;11;3;;0,2;1;59;;QV999999999999;
INTRA-EX;202509;513881387;ACSP1;84099100;FR;PT;10;EXW;11;3;;0,5;1;22;;QV999999999999;
INTRA-EX;202509;513881387;AC-500-VRH-BK;40093100;FR;PT;10;EXW;11;3;;0,2;1;19;;QV999999999999;
INTRA-EX;202509;513881387;SBM105B;87088055;FR;PT;10;EXW;11;3;;1,6;1;76;;QV999999999999;
INTRA-EX;202509;513881387;FMTUBL16;70102000;FR;PT;10;EXW;11;3;;0,6;1;88;;QV999999999999;
INTRA-EX;202509;513881387;AC-211-CFA;87089997;FR;PT;10;EXW;11;3;;0,1;1;24;;QV999999999999;
INTRA-EX;202509;513881387;SILZKGR8B8S-6;85111000;FR;PT;10;EXW;11;3;;0,4;1;59;;QV999999999999;
INTRA-EX;202509;513881387;SILZKBR8D8S-6;84099100;FR;PT;10;EXW;11;3;;0,4;1;68;;QV999999999999;
INTRA-EX;202509;513881387;AC-211-OT;84198998;FR;PT;10;EXW;11;3;;1,3;1;97;;QV999999999999;
INTRA-EX;202509;513881387;AC-211-TP;40091100;FR;PT;10;EXW;11;3;;3;1;82;;QV999999999999;
INTRA-EX;202509;513881387;CTS-DP-IK1;87089997;FR;PT;10;EXW;11;3;;0,3;1;13;;QV999999999999;
INTRA-EX;202509;513881387;AC-200-HS;87089997;FR;PT;10;EXW;11;3;;0,5;1;22;;QV999999999999;
INTRA-EX;202509;513881387;10.127.100K;84132000;FR;PT;10;EXW;11;3;;0,3;1;314;;QV999999999999;
INTRA-EX;202509;513881387;AC-MQB-IC;84198998;FR;PT;10;EXW;11;3;;16,3;1;419;;QV999999999999;
INTRA-EX;202509;513881387;AC-MQB-IC;84198998;FR;PT;10;EXW;11;3;;16,3;1;419;;FR41887479814;
INTRA-EX;202509;513881387;VWR11P1GT;84213100;FR;PT;10;EXW;11;3;;0,4;1;88;;QV999999999999;
INTRA-EX;202509;513881387;CTS-IGN-007;84099100;FR;PT;10;EXW;11;3;;0,3;1;35;;QV999999999999;
INTRA-EX;202509;513881387;EVO9204;84213100;FR;PT;10;EXW;11;3;;7,5;1;328;;QV999999999999;
INTRA-EX;202509;513881387;KDT968;87088020;FR;PT;10;EXW;11;3;;0,4;1;26;;QV999999999999;
INTRA-EX;202509;513881387;CTS-EM-MK45-6-60D;87089235;FR;PT;10;EXW;11;3;;2;1;107;;QV999999999999;
INTRA-EX;202509;513881387;AC-VAG-ODP;70102000;FR;PT;10;EXW;11;3;;0,2;1;8;;QV999999999999;
INTRA-EX;202509;513881387;1K0253144AE;87089997;FR;PT;10;EXW;11;3;;1;1;8;;QV999999999999;
INTRA-EX;202509;513881387;FMDV8PS3-BLU;87089997;FR;PT;10;EXW;11;3;;1,2;1;212;;QV999999999999;
INTRA-EX;202509;513881387;107920;27101999;FR;PT;10;EXW;11;3;;1,2;2;31;;FR34790522718;
INTRA-EX;202509;513881387;R7438-9-5;85111000;FR;PT;10;EXW;11;3;;0,3;1;203;;FR34790522718;
INTRA-EX;202509;513881387;TS-0622-5072;87089997;FR;PT;10;EXW;11;3;;0,6;1;140;;QV999999999999;
INTRA-EX;202509;513881387;PP1667;84213100;FR;PT;10;EXW;11;3;;0,7;1;74;;QV999999999999;
INTRA-EX;202509;513881387;ILZKAR7A10-8;85111000;FR;PT;10;EXW;11;3;;0,5;1;73;;QV999999999999;
INTRA-EX;202509;513881387;U5055-6;84099100;FR;PT;10;EXW;11;3;;2,1;1;132;;QV999999999999;
INTRA-EX;202509;513881387;MMDP-MUS4-15CAT;87089235;FR;PT;10;EXW;11;3;;9,7;1;464;;QV999999999999;
INTRA-EX;202509;513881387;SSE0433-4P-BK;87083091;FR;PT;10;EXW;11;3;;0,5;1;77;;QV999999999999;
INTRA-EX;202509;513881387;RBF660;27101999;FR;PT;10;EXW;11;3;;0,6;1;12;;QV999999999999;
INTRA-EX;202509;513881387;WHT005184;40091100;FR;PT;10;EXW;11;3;;0,1;1;8;;QV999999999999;
INTRA-EX;202509;513881387;AC-200-PCVD;87089997;FR;PT;10;EXW;11;3;;0,5;1;48;;QV999999999999;
INTRA-EX;202509;513881387;BKR7EIX-4;84099100;FR;PT;10;EXW;11;3;;0,3;1;40;;QV999999999999;
INTRA-EX;202509;513881387;3182654196;84836080;FR;PT;10;EXW;11;3;;0,5;1;161;;QV999999999999;
INTRA-EX;202509;513881387;RBF600;27101999;FR;PT;10;EXW;11;3;;0,6;2;19;;QV999999999999;
INTRA-EX;202509;513881387;ILZTR6A8G-4;84099100;FR;PT;10;EXW;11;3;;0,2;1;33;;QV999999999999;
INTRA-EX;202509;513881387;06J103600AFKIT;84099100;FR;PT;10;EXW;11;3;;2,5;1;49;;QV999999999999;
INTRA-EX;202509;513881387;WHT005184;40091100;FR;PT;10;EXW;11;3;;0,1;1;8;;QV999999999999;
INTRA-EX;202509;513881387;ATMSVAG21;87089997;FR;PT;10;EXW;11;3;;2;1;186;;QV999999999999;
INTRA-EX;202509;513881387;23PVM001;87083091;FR;PT;10;EXW;11;3;;3;1;80;;QV999999999999;
INTRA-EX;202509;513881387;SILZKFR8D7S-4;85111000;FR;PT;10;EXW;11;3;;0,3;1;34;;QV999999999999;
INTRA-EX;202509;513881387;BTR84Z;87088055;FR;PT;10;EXW;11;3;;3;1;174;;QV999999999999;
INTRA-EX;202509;513881387;T50-10-1;87089997;FR;PT;10;EXW;11;3;;0,5;1;50;;QV999999999999;
INTRA-EX;202509;513881387;MMTS-E90-07;87089997;FR;PT;10;EXW;11;3;;0,1;1;61;;QV999999999999;
INTRA-EX;202509;513881387;BKR8EIX-4;85111000;FR;PT;10;EXW;11;3;;0,3;1;43;;QV999999999999;
INTRA-EX;202509;513881387;AC-211-CFA;87089997;FR;PT;10;EXW;11;3;;0,1;1;24;;QV999999999999;
INTRA-EX;202509;513881387;BKR8EIX-4;85111000;FR;PT;10;EXW;11;3;;0,3;1;43;;QV999999999999;
INTRA-EX;202509;513881387;420103485B;70102000;FR;PT;10;EXW;11;3;;0,1;1;23;;QV999999999999;
INTRA-EX;202509;513881387;PFR7G-11S-4;85111000;FR;PT;10;EXW;11;3;;0,3;1;47;;QV999999999999;
INTRA-EX;202509;513881387;OFS-S1;84213100;FR;PT;10;EXW;11;3;;0,2;1;61;;QV999999999999;
INTRA-EX;202509;513881387;L3P3AB9X;87089997;FR;PT;10;EXW;11;3;;1;1;322;;QV999999999999;
INTRA-EX;202509;513881387;SVW0621-4P-EB;87083091;FR;PT;10;EXW;11;3;;0,5;1;78;;QV999999999999;
INTRA-EX;202509;513881387;VWR180000;87089997;FR;PT;10;EXW;11;3;;0,1;1;15;;QV999999999999;
INTRA-EX;202509;513881387;8E0971824S-BL;84099100;FR;PT;10;EXW;11;3;;0,2;1;18;;QV999999999999;
INTRA-EX;202509;513881387;06K103213A;40091100;FR;PT;10;EXW;11;3;;0,1;1;16;;QV999999999999;
INTRA-EX;202509;513881387;CTS-IT-285;40091100;FR;PT;10;EXW;11;3;;0,3;1;83;;QV999999999999;
INTRA-EX;202509;513881387;CTS-HW-0199;87089997;FR;PT;10;EXW;11;3;;0,3;1;79;;QV999999999999;
INTRA-EX;202509;513881387;MS100192-4;84099100;FR;PT;10;EXW;11;3;;1,7;1;180;;QV999999999999;
INTRA-EX;202509;513881387;50003-M45-XL-4;84213100;FR;PT;10;EXW;11;3;;0,3;1;81;;QV999999999999;
INTRA-EX;202509;513881387;MMIG-VLSTR-19T04;85111000;FR;PT;10;EXW;11;3;;1,7;1;98;;QV999999999999;
INTRA-EX;202509;513881387;BKR7EIX-4;84099100;FR;PT;10;EXW;11;3;;0,3;1;40;;QV999999999999;
INTRA-EX;202509;513881387;06J103600AFKIT;84099100;FR;PT;10;EXW;11;3;;2,5;1;49;;QV999999999999;
INTRA-EX;202509;513881387;06L115466C;84213100;FR;PT;10;EXW;11;3;;0,2;1;5;;QV999999999999;
INTRA-EX;202509;513881387;AC-MK7-THK-BK;87089997;FR;PT;10;EXW;11;3;;1,8;1;82;;QV999999999999;
INTRA-EX;202509;513881387;ATMSP2083;87089997;FR;PT;10;EXW;11;3;;0,6;1;137;;QV999999999999;
INTRA-EX;202509;513881387;U5237-6;84099100;FR;PT;10;EXW;11;3;;2,1;1;149;;QV999999999999;
INTRA-EX;202509;513881387;AC-F56-IC;84198998;FR;PT;10;EXW;11;3;;14,1;1;322;;QV999999999999;
INTRA-EX;202509;513881387;AC-S2K-FU;87088055;FR;PT;10;EXW;11;3;;3,2;1;89;;QV999999999999;
INTRA-EX;202509;513881387;AC-200-CP-4;84099100;FR;PT;10;EXW;11;3;;1;1;82;;QV999999999999;
INTRA-EX;202509;513881387;UR-RE2-3015A;87088055;FR;PT;10;EXW;11;3;;3;1;139;;FR86847828654;
INTRA-EX;202509;513881387;AC-S55-UDT;87089997;FR;PT;10;EXW;11;3;;3,2;1;179;;FR86847828654;
INTRA-EX;202509;513881387;CTS-HW-0271;84099100;FR;PT;10;EXW;11;3;;0,4;1;69;;FR86847828654;
INTRA-EX;202509;513881387;AC-BM-ODP;87089997;FR;PT;10;EXW;11;3;;0,1;1;12;;FR86847828654;
INTRA-EX;202509;513881387;R02-10-2;40091100;FR;PT;10;EXW;11;3;;0,1;1;83;;FR86847828654;
INTRA-EX;202509;513881387;"60 AV 13";87083091;FR;PT;10;EXW;11;3;;21;1;299;;QV999999999999;
INTRA-EX;202509;513881387;AC-WS-12-BT;87088099;FR;PT;10;EXW;11;3;;2,3;1;46;;QV999999999999;
INTRA-EX;202509;513881387;CI100038-B;40091100;FR;PT;10;EXW;11;3;;1,6;1;305;;FR55823261680;
INTRA-EX;202509;513881387;AC-MK8-DP;87089235;FR;PT;10;EXW;11;3;;8,3;1;232;;QV999999999999;
INTRA-EX;202509;513881387;CTS-IT-805;40091100;FR;PT;10;EXW;11;3;;2,5;1;219;;QV999999999999;
INTRA-EX;202509;513881387;AC-WS-12-BT;87088099;FR;PT;10;EXW;11;3;;2,3;1;46;;QV999999999999;
INTRA-EX;202509;513881387;82494;84099100;FR;PT;10;EXW;11;3;;1,6;1;206;;QV999999999999;
INTRA-EX;202509;513881387;FMDV8PS3-BLA;87089997;FR;PT;10;EXW;11;3;;1,2;1;212;;QV999999999999;
INTRA-EX;202509;513881387;CTS-IT-300R;84213100;FR;PT;10;EXW;11;3;;4,1;1;273;;QV999999999999;
INTRA-EX;202509;513881387;BM5G9448AE;84099100;FR;PT;10;EXW;11;3;;0,1;1;15;;QV999999999999;
INTRA-EX;202509;513881387;PRK-286-BK;84213100;FR;PT;10;EXW;11;3;;3;1;169;;QV999999999999;
INTRA-EX;202509;513881387;E10-15-009-05-22;73202081;FR;PT;10;EXW;11;3;;9;1;183;;QV999999999999;
INTRA-EX;202509;513881387;SAU0432-4P-RD;87083091;FR;PT;10;EXW;11;3;;0,5;1;77;;QV999999999999;
INTRA-EX;202509;513881387;CTS-CC-MK6TSI;84099100;FR;PT;10;EXW;11;3;;3;1;404;;QV999999999999;
INTRA-EX;202509;513881387;E10-81-010-05-22;73202081;FR;PT;10;EXW;11;3;;7,9;1;142;;QV999999999999;
INTRA-EX;202509;513881387;CTS-HW-266-187;87089997;FR;PT;10;EXW;11;3;;3,4;1;322;;QV999999999999;
INTRA-EX;202509;513881387;AC-MQB-IC;84198998;FR;PT;10;EXW;11;3;;16,3;1;419;;QV999999999999;
INTRA-EX;202509;513881387;PFR7Z-TG-4;84099100;FR;PT;10;EXW;11;3;;0,3;1;36;;QV999999999999;
INTRA-EX;202509;513881387;AC-NC-FU;87088055;FR;PT;10;EXW;11;3;;3;1;89;;QV999999999999;
INTRA-EX;202509;513881387;UR-TW2-3909;87088055;FR;PT;10;EXW;11;3;;1,9;1;125;;QV999999999999;
INTRA-EX;202509;513881387;BKR8EIX-4;85111000;FR;PT;10;EXW;11;3;;0,3;1;43;;QV999999999999;
INTRA-EX;202509;513881387;06D115562;84099100;FR;PT;10;EXW;11;3;;0,2;1;4;;QV999999999999;
INTRA-EX;202509;513881387;110859;27101999;FR;PT;10;EXW;11;3;;2,1;3;87;;QV999999999999;
INTRA-EX;202509;513881387;ILZKBR7B8G-4;87089997;FR;PT;10;EXW;11;3;;0,3;1;38;;QV999999999999;
INTRA-EX;202509;513881387;AC-300-CP-4;84099100;FR;PT;10;EXW;11;3;;1;1;71;;QV999999999999;
INTRA-EX;202509;513881387;ILZKBR7B8G-4;87089997;FR;PT;10;EXW;11;3;;0,3;1;38;;QV999999999999;
INTRA-EX;202509;513881387;SBMP086;87089235;FR;PT;10;EXW;11;3;;11,8;1;382;;QV999999999999;
INTRA-EX;202509;513881387;EXHSL76;96072090;FR;PT;10;EXW;11;3;;0,7;1;14;;QV999999999999;
INTRA-EX;202509;513881387;1J0201511A;84099100;FR;PT;10;EXW;11;3;;0,4;1;5;;QV999999999999;
INTRA-EX;202509;513881387;FMWRX301-ALL;84814090;FR;PT;10;EXW;11;3;;0,6;1;116;;FR65938541398;
INTRA-EX;202509;513881387;06E898001-4;85111000;LT;PT;10;EXW;11;3;;1,5;1;101;;QV999999999999;
INTRA-EX;202509;513881387;AC-200-IC;84198998;BG;PT;10;EXW;11;3;;11,9;1;397;;QV999999999999;
INTRA-EX;202509;513881387;06K103495AC;87089997;RO;PT;10;EXW;11;3;;0,6;1;32;;QV999999999999;
INTRA-EX;202509;513881387;SBW0270-4P-RD;87083091;RO;PT;10;EXW;11;3;;0,5;1;69;;QV999999999999;
INTRA-EX;202509;513881387;PF04;85444290;RO;PT;10;EXW;11;3;;0,2;1;207;;QV999999999999;
INTRA-EX;202509;513881387;E10-82-092-01-22;73202081;HR;PT;10;EXW;11;3;;11;1;182;;QV999999999999;
INTRA-EX;202509;513881387;SAU0630-4P-BK;87083091;SI;PT;10;EXW;11;3;;0,5;1;63;;SI84452412;
INTRA-EX;202509;513881387;FMTIA2-BLA;40091100;SI;PT;10;EXW;11;3;;1,5;1;134;;QV999999999999;
INTRA-EX;202509;513881387;ILTR6A-8G-4;87089997;DE;PT;10;EXW;11;3;;0,3;1;55;;QV999999999999;
INTRA-EX;202509;513881387;FMEC3;84213100;DE;PT;10;EXW;11;3;;2;1;475;;QV999999999999;
INTRA-EX;202509;513881387;IMS-8V8S-HFIS;87089997;DE;PT;10;EXW;11;3;;4,1;1;184;;QV999999999999;
INTRA-EX;202509;513881387;FMVWQS;87089997;PL;PT;10;EXW;11;3;;0,7;1;95;;QV999999999999;
INTRA-EX;202509;513881387;MMBCC-N54-06CBE2;87089997;GR;PT;10;EXW;11;3;;2,1;1;139;;GR802913609;
INTRA-EX;202509;513881387;VWR12G7R600ITBLA;84213100;GR;PT;10;EXW;11;3;;0,8;1;76;;GR802913609;
INTRA-EX;202509;513881387;50-1000;87089997;GR;PT;10;EXW;11;3;;0,7;1;80;;GREL163940830;
INTRA-EX;202509;513881387;AC-R53-IC;87089135;GR;PT;10;EXW;11;3;;4,6;1;179;;GREL163940830;
INTRA-EX;202509;513881387;AC-MK7-IT;84198998;GR;PT;10;EXW;11;3;;4,3;1;144;;GREL163940830;
INTRA-EX;202509;513881387;9-201-1000;84133080;GR;PT;10;EXW;11;3;;0,5;1;70;;GREL163940830;
INTRA-EX;202509;513881387;FMACVAG07;84099100;GR;PT;10;EXW;11;3;;0,5;1;114;;GREL163940830;
INTRA-EX;202509;513881387;VWR12G7R600ITBLA;84213100;GR;PT;10;EXW;11;3;;0,8;1;76;;GREL802913609;
INTRA-EX;202509;513881387;VWR12G7R600FO;84213100;GR;PT;10;EXW;11;3;;0,5;1;86;;GREL802913609;
INTRA-EX;202509;513881387;AC-MQB-IC;84198998;GR;PT;10;EXW;11;3;;16,3;1;281;;GREL128217320;
INTRA-EX;202509;513881387;AC-MK7-TO;87089997;GR;PT;10;EXW;11;3;;2,1;2;118;;GREL128217320;
INTRA-EX;202509;513881387;AC-200-IC;84198998;GR;PT;10;EXW;11;3;;11,9;3;791;;GREL128217320;
INTRA-EX;202509;513881387;AC-MK7-TI;40091100;GR;PT;10;EXW;11;3;;1,3;2;175;;GREL128217320;
INTRA-EX;202509;513881387;AC-200-IT;84198998;GR;PT;10;EXW;11;3;;5;3;376;;GREL128217320;
INTRA-EX;202509;513881387;SP6062BLK;84213100;GR;PT;10;EXW;11;3;;3,5;1;217;;QV999999999999;
INTRA-EX;202509;513881387;CTS-HW-360;40091100;GR;PT;10;EXW;11;3;;1,4;1;249;;GR106927053;
INTRA-EX;202509;513881387;FMINLH9-STO;40093100;GR;PT;10;EXW;11;3;;1,5;1;214;;GR106927053;
INTRA-EX;202509;513881387;VWR8130S3-SEDAN;84099100;BE;PT;10;EXW;11;3;;2,6;1;319;;BE0740963105;
INTRA-EX;202509;513881387;EVE-ST38Y-CF-INT;84213100;BE;PT;10;EXW;11;3;;7;1;1285;;BE0670639687;
INTRA-EX;202509;513881387;FMFSITAT-BLK;87089997;BE;PT;10;EXW;11;3;;0,7;1;189;;QV999999999999;
INTRA-EX;202509;513881387;ATMSFO135;87089997;BE;PT;10;EXW;11;3;;1,8;1;116;;QV999999999999;
INTRA-EX;202509;513881387;ATMSVAG21;87089997;BE;PT;10;EXW;11;3;;2;1;185;;QV999999999999;
INTRA-EX;202509;513881387;FMSS9;87089997;BE;PT;10;EXW;11;3;;1;1;138;;QV999999999999;
INTRA-EX;202509;513881387;FMINT16-BLA;84198998;BE;PT;10;EXW;11;3;;9;1;420;;QV999999999999;
INTRA-EX;202509;513881387;FMDVMK7R-BLA;87089997;BE;PT;10;EXW;11;3;;0,6;1;224;;QV999999999999;
INTRA-EX;202509;513881387;FMTVTUN;84814090;BE;PT;10;EXW;11;3;;0,1;1;26;;QV999999999999;
INTRA-EX;202509;513881387;SFDX073;87089235;IT;PT;10;EXW;11;3;;4,8;1;385;;IT03656931205;
INTRA-EX;202509;513881387;WB-271;84213100;IT;PT;10;EXW;11;3;;0,2;1;38;;QV999999999999;
INTRA-EX;202509;513881387;06J103600AFKIT;84099100;IT;PT;10;EXW;11;3;;2,5;1;49;;QV999999999999;
INTRA-EX;202509;513881387;70027-AT001;84213100;IT;PT;10;EXW;11;3;;0,4;1;32;;QV999999999999;
INTRA-EX;202509;513881387;MS100137;87089997;NL;PT;10;EXW;11;3;;0,7;1;159;;NL866860666B01;
INTRA-EX;202509;513881387;CI100033-B;87089235;NL;PT;10;EXW;11;3;;1;1;166;;NL866860666B01;
INTRA-EX;202509;513881387;MS100113;87089997;NL;PT;10;EXW;11;3;;0,4;1;41;;NL866860666B01;
INTRA-EX;202509;513881387;A1000004;87089997;NL;PT;10;EXW;11;3;;0,1;1;7;;NL866860666B01;
INTRA-EX;202509;513881387;SAUC089;87089235;NL;PT;10;EXW;11;3;;10;1;566;;NL866860666B01;
INTRA-EX;202509;513881387;1CCVW08F041-;84213100;NL;PT;10;EXW;11;3;;1,5;1;149;;NL866860666B01;
INTRA-EX;202509;513881387;AC-IS-TB;87089997;NL;PT;10;EXW;11;3;;0,3;1;29;;NL866860666B01;
INTRA-EX;202509;513881387;RF100029;84099100;NL;PT;10;EXW;11;3;;0,5;1;37;;NL866860666B01;
INTRA-EX;202509;513881387;SILZKGR8B8S;85111000;NL;PT;10;EXW;11;3;;0,1;4;33;;NL866860666B01;
INTRA-EX;202509;513881387;17U-01-1000-4;87089997;NL;PT;10;EXW;11;3;;0,3;1;380;;QV999999999999;
INTRA-EX;202509;513881387;BHR75Z;87088055;NL;PT;10;EXW;11;3;;8,8;1;237;;QV999999999999;
INTRA-EX;202509;513881387;NurbStick-W-BK;39199080;NL;PT;10;EXW;11;3;;0,1;2;4;;QV999999999999;
INTRA-EX;202509;513881387;KLC175;87088055;NL;PT;10;EXW;11;3;;1,1;1;120;;QV999999999999;
INTRA-EX;202509;513881387;SP-999;32081090;NL;PT;10;EXW;11;3;;0,5;1;27;;QV999999999999;
INTRA-EX;202509;513881387;MMTS-MB62-08L;90321020;NL;PT;10;EXW;11;3;;0,2;1;47;;QV999999999999;
INTRA-EX;202509;513881387;50003-M45-XL-4;84213100;NL;PT;10;EXW;11;3;;0,3;1;80;;QV999999999999;
INTRA-EX;202509;513881387;CTS-TR-1050X;87089997;ES;PT;10;EXW;11;3;;12,2;1;1499;;ESB04855516;
INTRA-EX;202509;513881387;VWR12G7R601FO;84213100;ES;PT;10;EXW;11;3;;0,9;2;225;;ESB42954230;
INTRA-EX;202509;513881387;VWR12G7R600FO;84213100;ES;PT;10;EXW;11;3;;0,5;2;172;;ESB42954230;
INTRA-EX;202509;513881387;VWR1200R600E;84213100;ES;PT;10;EXW;11;3;;4,9;1;309;;ESB42954230;
INTRA-EX;202509;513881387;EVE-N55V2-CF-INT;84213100;ES;PT;10;EXW;11;3;;5,1;1;985;;ESB42954230;
INTRA-EX;202509;513881387;VWR900004;85111000;ES;PT;10;EXW;11;3;;0,3;1;32;;ESB42954230;
INTRA-EX;202509;513881387;VWR8130S3-SEDAN;84099100;ES;PT;10;EXW;11;3;;2,6;1;319;;ESB42954230;
INTRA-EX;202509;513881387;MMHOSE-WRX-01BL;40093100;ES;PT;10;EXW;11;3;;0,7;1;85;;ESB66283003;
INTRA-EX;202509;513881387;MMOCC-LA;87089997;ES;PT;10;EXW;11;3;;1;1;70;;ESB66283003;
INTRA-EX;202509;513881387;CTS-IT-288;84213100;ES;PT;10;EXW;11;3;;2,2;1;247;;ES48924146H;
INTRA-EX;202509;513881387;VWR90000;85111000;ES;PT;10;EXW;11;3;;0,3;4;122;;ESB42954230;
INTRA-EX;202509;513881387;FMDVMK7A-BLA;87089997;ES;PT;10;EXW;11;3;;0,6;1;164;;ESB42954230;
INTRA-EX;202509;513881387;VWR69000BF1;87089997;ES;PT;10;EXW;11;3;;0,6;5;57;;ESB42954230;
INTRA-EX;202509;513881387;SILFER8C7ES;85111000;ES;PT;10;EXW;11;3;;0,1;30;315;;ESB42954230;
INTRA-EX;202509;513881387;VWR900003;85111000;ES;PT;10;EXW;11;3;;0,3;8;244;;ESB42954230;
INTRA-EX;202509;513881387;VWR1200R600E;84213100;ES;PT;10;EXW;11;3;;4,9;2;619;;ESB42954230;
INTRA-EX;202509;513881387;MMRAD-GLF-99;87089135;ES;PT;10;EXW;11;3;;8;1;196;;ES44719365M;
INTRA-EX;202509;513881387;AC-200-IC;84198998;ES;PT;10;EXW;11;3;;11,9;1;263;;ES44719365M;
INTRA-EX;202509;513881387;10.127.100K;84132000;ES;PT;10;EXW;11;3;;0,3;1;227;;ESB04855516;
INTRA-EX;202509;513881387;CI100033;84213100;ES;PT;10;EXW;11;3;;3,2;1;427;;ESB04855516;
INTRA-EX;202509;513881387;MS100192;85111000;ES;PT;10;EXW;11;3;;0,3;1;37;;ES44719365M;
INTRA-EX;202509;513881387;SSE0433-4P-RD;87083091;ES;PT;10;EXW;11;3;;0,5;1;63;;ES44719365M;
INTRA-EX;202509;513881387;MS100210;85111000;ES;PT;10;EXW;11;3;;0,3;4;99;;ES44719365M;
INTRA-EX;202509;513881387;ARMAW2E63S-A;84213100;ES;PT;10;EXW;11;3;;6;1;1859;;ESB04855516;
INTRA-EX;202509;513881387;EVO1105;84213100;ES;PT;10;EXW;11;3;;5,6;1;317;;QV999999999999;
INTRA-EX;202509;513881387;FMDVC200R-RED;;ES;PT;10;EXW;11;3;;0,1;1;136;;QV999999999999;
INTRA-EX;202509;513881387;S90-4-15-009;87087050;ES;PT;10;EXW;11;3;;2,1;2;207;;QV999999999999;
INTRA-EX;202509;513881387;500-A021;84213100;ES;PT;10;EXW;11;3;;2;1;58;;ESB72435332;
INTRA-EX;202509;513881387;SAU0531-4P-BK;87083091;ES;PT;10;EXW;11;3;;0,5;1;94;;ESB72435332;
INTRA-EX;202509;513881387;SFD0253-4P-BK;87083091;ES;PT;10;EXW;11;3;;0,5;1;78;;QV999999999999;
INTRA-EX;202509;513881387;SBW1171-4P-BK;87083091;ES;PT;10;EXW;11;3;;0,5;1;83;;QV999999999999;
INTRA-EX;202509;513881387;AC-MQB-IC;84198998;ES;PT;10;EXW;11;3;;16,3;1;416;;QV999999999999;
INTRA-EX;202509;513881387;AC-VAG-WB;87089997;ES;PT;10;EXW;11;3;;2;1;124;;ESB01796796;
INTRA-EX;202509;513881387;EVO9202;84213100;ES;PT;10;EXW;11;3;;5,6;1;356;;ESB04855516;
INTRA-EX;202509;513881387;FMDVATSI-POL;84814090;ES;PT;10;EXW;11;3;;0,7;1;218;;QV999999999999;
INTRA-EX;202509;513881387;FMINDK45-FOAM;84213100;ES;PT;10;EXW;11;3;;6,2;1;211;;QV999999999999;
INTRA-EX;202509;513881387;FMTIA11-RED;87089997;ES;PT;10;EXW;11;3;;2,1;1;210;;QV999999999999;
INTRA-EX;202509;513881387;MS100208-5;84099100;ES;PT;10;EXW;11;3;;2,2;1;148;;QV999999999999;
INTRA-EX;202509;513881387;Z1003100-5;85111000;ES;PT;10;EXW;11;3;;0,3;1;149;;QV999999999999;
INTRA-EX;202509;513881387;AC-W205-DPHS;87089997;ES;PT;10;EXW;11;3;;9,3;1;509;;ES70917434Q;
INTRA-EX;202509;513881387;DILKAR8R9HS-4;85111000;ES;PT;10;EXW;11;3;;0,3;1;62;;ES70917434Q;
INTRA-EX;202509;513881387;FMCAP5-ALL-BLA;84073410;ES;PT;10;EXW;11;3;;0,4;1;39;;ES70917434Q;
INTRA-EX;202509;513881387;ILZKAR7A10-8;85111000;ES;PT;10;EXW;11;3;;0,5;1;73;;QV999999999999;
INTRA-EX;202509;513881387;RIP-007-BK;40093100;ES;PT;10;EXW;11;3;;1;1;51;;QV999999999999;
INTRA-EX;202509;513881387;FMHFIP1;87089235;ES;PT;10;EXW;11;3;;3;1;236;;QV999999999999;
INTRA-EX;202509;513881387;SMN029B;87089997;ES;PT;10;EXW;11;3;;1,7;1;68;;QV999999999999;
INTRA-EX;202509;513881387;W52991;87088055;ES;PT;10;EXW;11;3;;0,4;1;58;;QV999999999999;
INTRA-EX;202509;513881387;PP1389;84213100;ES;PT;10;EXW;11;3;;0,5;1;37;;QV999999999999;
INTRA-EX;202509;513881387;MMTS-240-89KA;90321020;ES;PT;10;EXW;11;3;;0,1;1;47;;QV999999999999;
INTRA-EX;202509;513881387;AC-200-OSA;87089997;ES;PT;10;EXW;11;3;;0,2;1;27;;QV999999999999;
INTRA-EX;202509;513881387;613182.654150;87089997;ES;PT;10;EXW;11;3;;0,5;1;62;;QV999999999999;
INTRA-EX;202509;513881387;216EVOEOP-RB;87089997;ES;PT;10;EXW;11;3;;0,4;1;79;;QV999999999999;
INTRA-EX;202509;513881387;216CLSDWABO-R;87089997;ES;PT;10;EXW;11;3;;0,4;1;59;;QV999999999999;
INTRA-EX;202509;513881387;AC-B58-DPHS;87089235;ES;PT;10;EXW;11;3;;3,8;1;252;;QV999999999999;
INTRA-EX;202509;513881387;AC-200-IC;84198998;ES;PT;10;EXW;11;3;;11,9;1;394;;QV999999999999;
INTRA-EX;202509;513881387;AC-200-IC;84198998;ES;PT;10;EXW;11;3;;11,9;1;394;;QV999999999999;
INTRA-EX;202509;513881387;SFD067;87089235;ES;PT;10;EXW;11;3;;25;1;665;;ESA60479078;
INTRA-EX;202509;513881387;SFDP066;87089235;ES;PT;10;EXW;11;3;;5,4;1;277;;ESA60479078;
INTRA-EX;202509;513881387;SFDC066;87089235;ES;PT;10;EXW;11;3;;4,2;1;158;;ESA60479078;
INTRA-EX;202509;513881387;ATINTFO20;87089997;ES;PT;10;EXW;11;3;;10,5;1;358;;ESA60479078;
INTRA-EX;202509;513881387;SR-225-BK-ECU;84213100;ES;PT;10;EXW;11;3;;2,5;1;233;;ESA60479078;
INTRA-EX;202509;513881387;KCA524;87088055;ES;PT;10;EXW;11;3;;1,2;1;128;;ESX8587773X;
INTRA-EX;202509;513881387;SFDP066;87089235;ES;PT;10;EXW;11;3;;5,4;1;277;;ESA60479078;
INTRA-EX;202509;513881387;AC-MK7-MD;87089997;ES;PT;10;EXW;11;3;;0,4;1;65;;QV999999999999;
INTRA-EX;202509;513881387;IFR7G-11KS-4;85111000;ES;PT;10;EXW;11;3;;0,3;2;130;;ES47631175S;
INTRA-EX;202509;513881387;MMOCC-SAWBK;84099100;ES;PT;10;EXW;11;3;;1;1;93;;QV999999999999;
INTRA-EX;202509;513881387;SILZKBR8D8S-6;84099100;ES;PT;10;EXW;11;3;;0,4;1;67;;QV999999999999;
INTRA-EX;202509;513881387;AC-N14-IND-BK;87089997;ES;PT;10;EXW;11;3;;1,2;1;59;;QV999999999999;
INTRA-EX;202509;513881387;ILZKBR7B8G-4;87089997;ES;PT;10;EXW;11;3;;0,3;1;38;;QV999999999999;
INTRA-EX;202509;513881387;MMTS-E90-07;87089997;ES;PT;10;EXW;11;3;;0,1;1;61;;QV999999999999;
INTRA-EX;202509;513881387;SILZKBR8D8S-6;84099100;ES;PT;10;EXW;11;3;;0,4;1;67;;QV999999999999;
INTRA-EX;202509;513881387;SHD0012-4P-BK;87083091;ES;PT;10;EXW;11;3;;0,5;1;83;;QV999999999999;
INTRA-EX;202509;513881387;R7437-8-4;84099100;ES;PT;10;EXW;11;3;;0,3;1;159;;QV999999999999;
INTRA-EX;202509;513881387;R7437-8-4;84099100;ES;PT;10;EXW;11;3;;0,3;1;159;;QV999999999999;
INTRA-EX;202509;513881387;MS100192-4;84099100;ES;PT;10;EXW;11;3;;1,7;1;179;;QV999999999999;
INTRA-EX;202509;513881387;COMBO-NOV-MQB;84213100;ES;PT;10;EXW;11;3;;5,5;1;437;;QV999999999999;
INTRA-EX;202509;513881387;U3P3ZC25;84099100;ES;PT;10;EXW;11;3;;0,7;1;402;;QV999999999999;
INTRA-EX;202509;513881387;E10-75-020-05-22;73202081;ES;PT;10;EXW;11;3;;10;1;195;;QV999999999999;
INTRA-EX;202509;513881387;KLC167A;87088055;ES;PT;10;EXW;11;3;;1,4;1;135;;QV999999999999;
INTRA-EX;202509;513881387;KLC141;87088055;ES;PT;10;EXW;11;3;;1;1;135;;QV999999999999;
INTRA-EX;202509;513881387;E10-15-007-14-20;73202081;ES;PT;10;EXW;11;3;;5,1;1;122;;QV999999999999;
INTRA-EX;202509;513881387;SAU0630-4P-BK;87083091;ES;PT;10;EXW;11;3;;0,5;1;77;;QV999999999999;
INTRA-EX;202509;513881387;MS100208-5;84099100;ES;PT;10;EXW;11;3;;2,2;1;148;;QV999999999999;
INTRA-EX;202509;513881387;MS100210-4;84099100;ES;PT;10;EXW;11;3;;1,7;1;119;;QV999999999999;
INTRA-EX;202509;513881387;AC-200-HS;87089997;ES;PT;10;EXW;11;3;;0,5;1;22;;QV999999999999;
INTRA-EX;202509;513881387;PPF-1512;84099100;ES;PT;10;EXW;11;3;;0,7;1;34;;QV999999999999;
INTRA-EX;202509;513881387;27PBDR33001;87083091;ES;PT;10;EXW;11;3;;15,5;1;365;;QV999999999999;
INTRA-EX;202509;513881387;CTS-HW-0225;87089235;ES;PT;10;EXW;11;3;;0,2;2;83;;ESB64092695;
INTRA-EX;202509;513881387;VIB-1458;87089235;ES;PT;10;EXW;11;3;;0,2;2;13;;ESB64092695;
INTRA-EX;202509;513881387;TS-0302-1002;87089997;ES;PT;10;EXW;11;3;;0,7;1;247;;QV999999999999;
INTRA-EX;202509;513881387;ES-325499;87089997;ES;PT;10;EXW;11;3;;1;1;45;;QV999999999999;
INTRA-EX;202509;513881387;Z-321467;87089997;ES;PT;10;EXW;11;3;;2,2;1;167;;QV999999999999;
INTRA-EX;202509;513881387;SAU0631-4C-BK;87083091;ES;PT;10;EXW;11;3;;0,5;1;104;;QV999999999999;
INTRA-EX;202509;513881387;SAU0495-4P-BK;87083091;ES;PT;10;EXW;11;3;;0,5;1;78;;QV999999999999;
INTRA-EX;202509;513881387;FMVWQS;87089997;ES;PT;10;EXW;11;3;;0,7;1;97;;QV999999999999;
INTRA-EX;202509;513881387;BHF50Z;87088055;FR;PT;10;EXW;11;3;;5;1;152;;FR80888340023;
INTRA-EX;202509;513881387;BHR67Z;87088055;FR;PT;10;EXW;11;3;;5;1;152;;FR80888340023;
INTRA-EX;202509;513881387;06K103484F;87089997;FR;PT;10;EXW;11;3;;0,1;1;6;;QV999999999999;
INTRA-EX;202509;513881387;SILZKBR8D8S-6;84099100;FR;PT;10;EXW;11;3;;0,4;1;68;;QV999999999999;
INTRA-EX;202509;513881387;EX-STBBL3FW-F;87088035;FR;PT;10;EXW;11;3;;3,5;1;106;;QV999999999999;
INTRA-EX;202509;513881387;7,414E+12;;FR;PT;10;EXW;11;3;;0,1;1;180;;QV999999999999;
INTRA-EX;202509;513881387;HMP-369;87089997;FR;PT;10;EXW;11;3;;0,2;1;68;;QV999999999999;
INTRA-EX;202509;513881387;VWR12G6GTFOC;84213100;FR;PT;10;EXW;11;3;;0,5;1;121;;QV999999999999;
INTRA-EX;202509;513881387;GTHSB-5;87089997;FR;PT;10;EXW;11;3;;0,1;2;40;;QV999999999999;
INTRA-EX;202509;513881387;FM225TH;40091100;FR;PT;10;EXW;11;3;;0,3;1;95;;FR05930471560;
INTRA-EX;202509;513881387;BKR8EIX-4;85111000;FR;PT;10;EXW;11;3;;0,3;2;86;;FR05930471560;
INTRA-EX;202509;513881387;FMTUBL7;87089997;FR;PT;10;EXW;11;3;;0,3;1;81;;QV999999999999;
INTRA-EX;202509;513881387;WB-427;84213100;FR;PT;10;EXW;11;3;;0,3;1;48;;QV999999999999;
INTRA-EX;202509;513881387;VWR900001-5;85111000;FR;PT;10;EXW;11;3;;2,2;1;219;;FR17979895877;
INTRA-EX;202509;513881387;KDT974;87088055;FR;PT;10;EXW;11;3;;1,5;1;174;;QV999999999999;
INTRA-EX;202509;513881387;ILZKBR7B8G-4;87089997;FR;PT;10;EXW;11;3;;0,3;1;38;;QV999999999999;
INTRA-EX;202509;513881387;06E898001-4;85111000;FR;PT;10;EXW;11;3;;1,5;1;102;;QV999999999999;
INTRA-EX;202509;513881387;BKR7EIX-4;84099100;FR;PT;10;EXW;11;3;;0,3;1;40;;QV999999999999;
INTRA-EX;202509;513881387;AC-300-CP-6;84099100;FR;PT;10;EXW;11;3;;1,6;1;107;;QV999999999999;
INTRA-EX;202509;513881387;SILZKBR8D8S-6;84099100;FR;PT;10;EXW;11;3;;0,4;1;68;;QV999999999999;
INTRA-EX;202509;513881387;AC-B9RS-DPHS;87089997;FR;PT;10;EXW;11;3;;6,6;1;532;;FR21342944667;
INTRA-EX;202509;513881387;VWR190001;87089997;FR;PT;10;EXW;11;3;;0,4;1;133;;FR91803933472;
INTRA-EX;202509;513881387;ILZKBR7B8G-4;87089997;FR;PT;10;EXW;11;3;;0,3;1;38;;QV999999999999;
INTRA-EX;202509;513881387;AC-45-IT;84213100;FR;PT;10;EXW;11;3;;1,5;1;119;;QV999999999999;
INTRA-EX;202509;513881387;R7437-8-4;84099100;FR;PT;10;EXW;11;3;;0,3;1;160;;QV999999999999;
INTRA-EX;202509;513881387;MS100192-4;84099100;FR;PT;10;EXW;11;3;;1,7;1;180;;QV999999999999;
INTRA-EX;202509;513881387;CTS-IT-250;84213100;FR;PT;10;EXW;11;3;;6,6;1;322;;QV999999999999;
INTRA-EX;202509;513881387;KV061816R;87089997;FR;PT;10;EXW;11;3;;5,6;1;215;;QV999999999999;
INTRA-EX;202509;513881387;AC-200-CFA-KIT;87089997;FR;PT;10;EXW;11;3;;0,1;1;32;;QV999999999999;
INTRA-EX;202509;513881387;CTS-IT-110;40091100;FR;PT;10;EXW;11;3;;1,3;1;190;;QV999999999999;
INTRA-EX;202509;513881387;420121321;84099100;FR;PT;10;EXW;11;3;;0,1;1;29;;QV999999999999;
INTRA-EX;202509;513881387;420103485B;70102000;FR;PT;10;EXW;11;3;;0,1;1;23;;QV999999999999;
INTRA-EX;202509;513881387;KTA253;87089235;FR;PT;10;EXW;11;3;;7,5;1;480;;QV999999999999;
INTRA-EX;202509;513881387;AC-BMB-CP-4;85111000;FR;PT;10;EXW;11;3;;2,5;1;82;;QV999999999999;
INTRA-EX;202509;513881387;SILZKGR8B8S-4;84099100;FR;PT;10;EXW;11;3;;0,3;1;40;;QV999999999999;
INTRA-EX;202509;513881387;218-5402;87089997;FR;PT;10;EXW;11;3;;1,2;1;140;;QV999999999999;
INTRA-EX;202509;513881387;CTS-IT-938;84213100;FR;PT;10;EXW;11;3;;3,6;1;366;;QV999999999999;
INTRA-EX;202509;513881387;VWR12G7R600FO;84213100;FR;PT;10;EXW;11;3;;0,5;1;114;;QV999999999999;
INTRA-EX;202509;513881387;CTS-IT-220R;84213100;FR;PT;10;EXW;11;3;;4,5;1;280;;QV999999999999;
INTRA-EX;202509;513881387;ILZKBR7B8G-4;87089997;FR;PT;10;EXW;11;3;;0,3;1;38;;QV999999999999;
INTRA-EX;202509;513881387;06E898001-5;84099100;FR;PT;10;EXW;11;3;;1,9;1;127;;QV999999999999;
INTRA-EX;202509;513881387;WB-287;84213100;FR;PT;10;EXW;11;3;;0,2;1;48;;QV999999999999;
INTRA-EX;202509;513881387;CTS-FPK-004-525;87089235;FR;PT;10;EXW;11;3;;0,8;1;416;;QV999999999999;
INTRA-EX;202509;513881387;3182654196;84836080;FR;PT;10;EXW;11;3;;0,5;1;161;;QV999999999999;
INTRA-EX;202509;513881387;SILFR6A-4;85111000;FR;PT;10;EXW;11;3;;0,3;1;47;;QV999999999999;
INTRA-EX;202509;513881387;CTS-HW-408;84099100;FR;PT;10;EXW;11;3;;0,3;1;116;;QV999999999999;
INTRA-EX;202509;513881387;CTS-HW-0377;87089997;FR;PT;10;EXW;11;3;;0,3;1;76;;QV999999999999;
INTRA-EX;202509;513881387;MS100244-6;85111000;FR;PT;10;EXW;11;3;;2;1;205;;QV999999999999;
INTRA-EX;202509;513881387;AC-300-CP-6;84099100;FR;PT;10;EXW;11;3;;1,6;1;107;;QV999999999999;
INTRA-EX;202509;513881387;R7437-8-4;84099100;FR;PT;10;EXW;11;3;;0,3;1;160;;QV999999999999;
INTRA-EX;202509;513881387;Z1004081-6;85111000;FR;PT;10;EXW;11;3;;0,4;1;149;;QV999999999999;
INTRA-EX;202509;513881387;MMAI-STI-08WRD;84213100;FR;PT;10;EXW;11;3;;3,7;1;291;;QV999999999999;
INTRA-EX;202509;513881387;SHY0800-4P-EB;87083091;FR;PT;10;EXW;11;3;;0,8;1;97;;QV999999999999;
INTRA-EX;202509;513881387;RBF600;27101999;FR;PT;10;EXW;11;3;;0,6;1;9;;QV999999999999;
INTRA-EX;202509;513881387;EVE-661-G2-FTR;84213100;FR;PT;10;EXW;11;3;;0,6;1;85;;QV999999999999;
INTRA-EX;202509;513881387;EVE-W210-FTR;84213100;FR;PT;10;EXW;11;3;;0,6;1;95;;QV999999999999;
INTRA-EX;202509;513881387;VWR190007;87141030;FR;PT;10;EXW;11;3;;0,3;1;24;;QV999999999999;
INTRA-EX;202509;513881387;IMS-8V8S-HFIS;87089997;FR;PT;10;EXW;11;3;;4,1;1;183;;QV999999999999;
INTRA-EX;202509;513881387;CTS-IT-341;40091100;FR;PT;10;EXW;11;3;;1,4;1;202;;QV999999999999;
INTRA-EX;202509;513881387;MS100113;87089997;FR;PT;10;EXW;11;3;;0,4;1;47;;QV999999999999;
INTRA-EX;202509;513881387;SILZKBR8D8S-6;84099100;FR;PT;10;EXW;11;3;;0,4;1;68;;QV999999999999;
INTRA-EX;202509;513881387;PF05;90262020;FR;PT;10;EXW;11;3;;0,2;1;224;;QV999999999999;
INTRA-EX;202509;513881387;JSK-126-RD;84213100;FR;PT;10;EXW;11;3;;3,9;1;257;;QV999999999999;
INTRA-EX;202509;513881387;11999-AT001;84213100;FR;PT;10;EXW;11;3;;1,8;1;318;;QV999999999999;
INTRA-EX;202509;513881387;VWR810000;87089997;FR;PT;10;EXW;11;3;;0,2;1;28;;QV999999999999;
INTRA-EX;202509;513881387;UR-TW2-1269;87088055;FR;PT;10;EXW;11;3;;3,1;1;104;;QV999999999999;
INTRA-EX;202509;513881387;D650-0004-6;84099100;FR;PT;10;EXW;11;3;;2,4;1;170;;QV999999999999;
INTRA-EX;202509;513881387;06J103600AFKIT;84099100;FR;PT;10;EXW;11;3;;2,5;1;49;;QV999999999999;
INTRA-EX;202509;513881387;SILZKGR8B8S-6;85111000;FR;PT;10;EXW;11;3;;0,4;1;59;;QV999999999999;
INTRA-EX;202509;513881387;ATMSFO5-W;84099100;FR;PT;10;EXW;11;3;;5,4;1;454;;QV999999999999;
INTRA-EX;202509;513881387;SBW1176-4P-RD;87083091;FR;PT;10;EXW;11;3;;0,5;1;77;;FR08879651321;
INTRA-EX;202509;513881387;FMKTRC-BLA;40091100;FR;PT;10;EXW;11;3;;1,7;1;188;;QV999999999999;
INTRA-EX;202509;513881387;Z1004081-6;85111000;FR;PT;10;EXW;11;3;;0,4;1;149;;FR91803933472;
INTRA-EX;202509;513881387;E4043-140;73202081;FR;PT;10;EXW;11;3;;10;1;232;;FR72493564538;
INTRA-EX;202509;513881387;UR-TW2-1289;87088055;FR;PT;10;EXW;11;3;;3;1;110;;FR72493564538;
INTRA-EX;202509;513881387;SHD1010-4P-BK;87083091;FR;PT;10;EXW;11;3;;0,5;1;84;;FR72493564538;
INTRA-EX;202509;513881387;ES-331238;87089997;FR;PT;10;EXW;11;3;;1,6;1;61;;FR72493564538;
INTRA-EX;202509;513881387;SD-3315007;87089997;FR;PT;10;EXW;11;3;;14,5;1;192;;FR72493564538;
INTRA-EX;202509;513881387;U5055-6;84099100;FR;PT;10;EXW;11;3;;2,1;1;132;;QV999999999999;
INTRA-EX;202509;513881387;SILZKBR8D8S-6;84099100;FR;PT;10;EXW;11;3;;0,4;1;68;;QV999999999999;
INTRA-EX;202509;513881387;BKR8EIX-4;85111000;FR;PT;10;EXW;11;3;;0,3;1;43;;QV999999999999;
INTRA-EX;202509;513881387;X11127565284ALBK;87089997;FR;PT;10;EXW;11;3;;7;1;233;;QV999999999999;
INTRA-EX;202509;513881387;AC-200-EVAP;87089997;FR;PT;10;EXW;11;3;;0,3;1;20;;QV999999999999;
INTRA-EX;202509;513881387;MS100208-5;84099100;FR;PT;10;EXW;11;3;;2,2;1;149;;QV999999999999;
INTRA-EX;202509;513881387;AC-211-HPFP;84132000;FR;PT;10;EXW;11;3;;1,5;1;487;;FR39877608091;
INTRA-EX;202509;513881387;AC-WS-BM-10-BT;87088099;FR;PT;10;EXW;11;3;;2,4;2;91;;FR35504243288;
INTRA-EX;202509;513881387;11427953129;84099100;FR;PT;10;EXW;11;3;;0,1;4;20;;FR35504243288;
INTRA-EX;202509;513881387;11127565286;84836080;FR;PT;10;EXW;11;3;;0,4;1;10;;FR35504243288;
INTRA-EX;202509;513881387;RC-HE64;85111000;FR;PT;10;EXW;11;3;;0,6;1;34;;QV999999999999;
INTRA-EX;202509;513881387;RBF600;27101999;FR;PT;10;EXW;11;3;;0,6;3;28;;QV999999999999;
INTRA-EX;202509;513881387;SSZ0205-6P-YE;87083091;FR;PT;10;EXW;11;3;;0,6;1;117;;QV999999999999;
INTRA-EX;202509;513881387;SBMP081;87089235;FR;PT;10;EXW;11;3;;11,3;1;376;;FR32931315469;
INTRA-EX;202509;513881387;SAU0780-4P-BK;87083091;FR;PT;10;EXW;11;3;;0,5;1;77;;QV999999999999;
INTRA-EX;202509;513881387;RBF700;27101999;FR;PT;10;EXW;11;3;;0,6;2;29;;QV999999999999;
INTRA-EX;202509;513881387;SAU0433-4P-BK;87083091;FR;PT;10;EXW;11;3;;0,5;1;77;;QV999999999999;
INTRA-EX;202509;513881387;AC-MK7-TO;87089997;FR;PT;10;EXW;11;3;;2,1;1;86;;QV999999999999;
INTRA-EX;202509;513881387;AC-MK7-TI;40091100;FR;PT;10;EXW;11;3;;1,3;1;108;;QV999999999999;
INTRA-EX;202509;513881387;CTS-EXH-TP-0008;87089235;FR;PT;10;EXW;11;3;;4;1;134;;QV999999999999;
INTRA-EX;202509;513881387;Z1004081-8;85111000;FR;PT;10;EXW;11;3;;0,5;1;199;;QV999999999999;
INTRA-EX;202509;513881387;MMEXH-MUS8-15HP;87089235;FR;PT;10;EXW;11;3;;5;1;252;;QV999999999999;
INTRA-EX;202509;513881387;BKR8EIX-4;85111000;FR;PT;10;EXW;11;3;;0,3;1;43;;QV999999999999;
INTRA-EX;202509;513881387;MMHOSE-BRZ-13IRD;40091100;FR;PT;10;EXW;11;3;;1,3;1;135;;QV999999999999;
INTRA-EX;202509;513881387;ATMSFO5-RD;84099100;FR;PT;10;EXW;11;3;;5,4;1;454;;QV999999999999;
INTRA-EX;202509;513881387;9-654-1025;84133080;FR;PT;10;EXW;11;3;;0,8;1;165;;QV999999999999;
INTRA-EX;202509;513881387;RE8C-L+RE9B-T;84099100;FR;PT;10;EXW;11;3;;0,3;1;105;;QV999999999999;
INTRA-EX;202509;513881387;CTS-CC-MK7GRS3;84099100;FR;PT;10;EXW;11;3;;3;1;468;;FR24849994223;
INTRA-EX;202509;513881387;CTS-IT-800;84213100;FR;PT;10;EXW;11;3;;4,3;1;277;;QV999999999999;
INTRA-EX;202509;513881387;5M1581H-STD;87089997;FR;PT;10;EXW;11;3;;0,6;1;153;;QV999999999999;
INTRA-EX;202509;513881387;CTS-HW-0090;84099100;AT;PT;10;EXW;11;3;;0,5;1;146;;QV999999999999;
INTRA-EX;202509;513881387;MMAI-MK7-15WRD;84213100;IE;PT;10;EXW;11;3;;5,6;1;266;;QV999999999999;
INTRA-EX;202509;513881387;AC-MK7-MD;87089997;IE;PT;10;EXW;11;3;;0,4;1;64;;QV999999999999;
INTRA-EX;202509;513881387;RF100019;84213100;CZ;PT;10;EXW;11;3;;0,8;5;258;;CZ05205093;
INTRA-EX;202509;513881387;CI100039-B;40091100;CZ;PT;10;EXW;11;3;;1,7;1;149;;CZ05205093;
INTRA-EX;202509;513881387;KLC180-335;87088055;CY;PT;10;EXW;11;3;;1,6;1;137;;QV999999999999;
INTRA-EX;202509;513881387;1C2017F;84213100;CZ;PT;10;EXW;11;3;;0,8;1;92;;QV999999999999;
INTRA-EX;202509;513881387;1033BLK;84213100;CZ;PT;10;EXW;11;3;;0,3;1;21;;QV999999999999;
INTRA-EX;202509;513881387;ESR1581WB;84213100;CZ;PT;10;EXW;11;3;;4,5;1;312;;QV999999999999;
INTRA-EX;202509;513881387;AC-WS-NI-15;87088099;LT;PT;10;EXW;11;3;;1,6;1;52;;QV999999999999;
INTRA-EX;202509;513881387;CTS-IT-800;84213100;LT;PT;10;EXW;11;3;;4,3;1;275;;QV999999999999;
INTRA-EX;202509;513881387;FMSCPS53T;87089997;FI;PT;10;EXW;11;3;;0,7;2;378;;FI24326363;
INTRA-EX;202509;513881387;AC-200-HS;87089997;RO;PT;10;EXW;11;3;;0,5;1;22;;QV999999999999;
INTRA-EX;202509;513881387;SHYP104;87089235;RO;PT;10;EXW;11;3;;3,2;1;209;;QV999999999999;
INTRA-EX;202509;513881387;MMAF-REOIL-RD;84213100;RO;PT;10;EXW;11;3;;0,9;2;33;;QV999999999999;
INTRA-EX;202509;513881387;VWR900002;85111000;LU;PT;10;EXW;11;3;;0,3;4;122;;LU28446117;
INTRA-EX;202509;513881387;000965202BLK;58109210;SK;PT;10;EXW;11;3;;0,5;1;149;;SK2120895436;
INTRA-EX;202509;513881387;SMNP018;87089235;HR;PT;10;EXW;11;3;;7,7;1;195;;QV999999999999;
INTRA-EX;202509;513881387;71008-AN029;84213100;SI;PT;10;EXW;11;3;;2;1;376;;QV999999999999;
INTRA-EX;202509;513881387;06K129717A;87089235;HU;PT;10;EXW;11;3;;0,1;1;6;;QV999999999999;
INTRA-EX;202509;513881387;AC-MK7-DI.A;87089997;HU;PT;10;EXW;11;3;;0,1;1;30;;QV999999999999;
INTRA-EX;202509;513881387;06K103495AC;87089997;HU;PT;10;EXW;11;3;;0,6;1;30;;QV999999999999;
INTRA-EX;202509;513881387;WHT005185;84133080;HU;PT;10;EXW;11;3;;0,1;1;7;;QV999999999999;
INTRA-EX;202509;513881387;AC-MK7-FPT;84133080;HU;PT;10;EXW;11;3;;0,1;1;10;;QV999999999999;
INTRA-EX;202509;513881387;RIP-007-BL;40093100;DE;PT;10;EXW;11;3;;1;1;52;;QV999999999999;
INTRA-EX;202509;513881387;CTS-IT-290R;84213100;DE;PT;10;EXW;11;3;;4;1;279;;QV999999999999;
INTRA-EX;202509;513881387;FS-1314709;87089997;DE;PT;10;EXW;11;3;;22,1;1;480;;QV999999999999;
INTRA-EX;202509;513881387;10.127.100K;84132000;BE;PT;10;EXW;11;3;;0,3;1;227;;BE0740963105;
INTRA-EX;202509;513881387;10.127.203K;84132000;BE;PT;10;EXW;11;3;;0,3;2;454;;BE0740963105;
INTRA-EX;202509;513881387;SSTS011C;87089235;BE;PT;10;EXW;11;3;;22,6;1;762;;BE0670639687;
INTRA-EX;202509;513881387;70019-AZ104;84213100;BE;PT;10;EXW;11;3;;1,8;1;140;;QV999999999999;
INTRA-EX;202509;513881387;W13203;87088035;BE;PT;10;EXW;11;3;;0,1;1;15;;QV999999999999;
INTRA-EX;202509;513881387;AC-MK7-TO;87089997;BE;PT;10;EXW;11;3;;2,1;1;85;;QV999999999999;
INTRA-EX;202509;513881387;AC-MK7-TI;40091100;BE;PT;10;EXW;11;3;;1,3;1;107;;QV999999999999;
INTRA-EX;202509;513881387;D650-0010-6;84099100;BE;PT;10;EXW;11;3;;2,4;1;185;;QV999999999999;
INTRA-EX;202509;513881387;CTS-IT-250;84213100;BE;PT;10;EXW;11;3;;6,6;1;320;;QV999999999999;
INTRA-EX;202509;513881387;VWR12G7R600ITINLET;87089997;IT;PT;10;EXW;11;3;;0,4;1;100;;IT04227541200;
INTRA-EX;202509;513881387;VWR160001;87089997;IT;PT;10;EXW;11;3;;0,4;1;86;;IT04227541200;
INTRA-EX;202509;513881387;VWR1200R600E;84213100;IT;PT;10;EXW;11;3;;4,9;1;309;;IT04227541200;
INTRA-EX;202509;513881387;VWR12G7R600ITBLA;84213100;IT;PT;10;EXW;11;3;;0,8;1;76;;IT04227541200;
INTRA-EX;202509;513881387;FMMK7INDH-BLA;40093100;IT;PT;10;EXW;11;3;;0,8;1;60;;IT03656931205;
INTRA-EX;202509;513881387;SVWX036;87089235;IT;PT;10;EXW;11;3;;12;1;501;;IT03656931205;
INTRA-EX;202509;513881387;AC-200-IC;84198998;IT;PT;10;EXW;11;3;;11,9;1;263;;IT03656931205;
INTRA-EX;202509;513881387;MMRAD-E36-92;87089135;IT;PT;10;EXW;11;3;;6,2;1;200;;IT02710790060;
INTRA-EX;202509;513881387;FMINT33;87089235;IT;PT;10;EXW;11;3;;24,8;1;992;;IT02710790060;
INTRA-EX;202509;513881387;SBMP086;87089235;IT;PT;10;EXW;11;3;;11,8;1;275;;IT02710790060;
INTRA-EX;202509;513881387;MMRT-STI-08;87089997;IT;PT;10;EXW;11;3;;1,8;1;133;;IT02710790060;
INTRA-EX;202509;513881387;CTS-IGN-008;84099100;IT;PT;10;EXW;11;3;;0,3;6;179;;IT02710790060;
INTRA-EX;202509;513881387;AC-8V5RS-DPHS;87089235;IT;PT;10;EXW;11;3;;13,1;1;375;;IT02710790060;
INTRA-EX;202509;513881387;EVE-GR4-CF-INT;84213100;IT;PT;10;EXW;11;3;;4,9;1;975;;IT04227541200;
INTRA-EX;202509;513881387;AC-MK7-DP;87089235;IT;PT;10;EXW;11;3;;9,2;1;155;;IT04146110160;
INTRA-EX;202509;513881387;9-307-1060;84133080;IT;PT;10;EXW;11;3;;0,6;1;122;;IT12072620011;
INTRA-EX;202509;513881387;AC-IS-TB;87089997;IT;PT;10;EXW;11;3;;0,3;1;29;;IT12072620011;
INTRA-EX;202509;513881387;AC-300-CP;84099100;IT;PT;10;EXW;11;3;;0,3;4;47;;IT12072620011;
INTRA-EX;202509;513881387;AC-300-CP;84099100;IT;PT;10;EXW;11;3;;0,3;4;47;;IT12072620011;
INTRA-EX;202509;513881387;7,414E+12;;IT;PT;10;EXW;11;3;;0,1;1;177;;QV999999999999;
INTRA-EX;202509;513881387;SVW0630-4P-BK;87083091;IT;PT;10;EXW;11;3;;0,5;1;76;;QV999999999999;
INTRA-EX;202509;513881387;EVE-F4XB48-CF-INT;84213100;IT;PT;10;EXW;11;3;;3,7;1;1238;;IT03944900137;
INTRA-EX;202509;513881387;AC-B58-DP;87089235;NL;PT;10;EXW;11;3;;3,8;1;119;;NL866860666B01;
INTRA-EX;202509;513881387;SD-3118264;87089997;IT;PT;10;EXW;11;3;;10;1;171;;QV999999999999;
INTRA-EX;202509;513881387;SD-3158900;87089997;IT;PT;10;EXW;11;3;;8,5;1;166;;QV999999999999;
INTRA-EX;202509;513881387;STY0015-4P-BK;87083091;IT;PT;10;EXW;11;3;;0,5;1;77;;QV999999999999;
INTRA-EX;202509;513881387;EVE-B58-CF-INT;84213100;NL;PT;10;EXW;11;3;;4,2;1;928;;NL866996473B01;
INTRA-EX;202509;513881387;L3P3VGT7;87089997;IT;PT;10;EXW;11;3;;1;1;317;;QV999999999999;
INTRA-EX;202509;513881387;VWR12P1GT;84213100;NL;PT;10;EXW;11;3;;3;1;285;;NL866996473B01;
INTRA-EX;202509;513881387;VWR49G700;87084099;NL;PT;10;EXW;11;3;;0,1;1;131;;NL866996473B01;
INTRA-EX;202509;513881387;VWR19G706;87089997;NL;PT;10;EXW;11;3;;0,4;1;53;;NL866996473B01;
INTRA-EX;202509;513881387;VWR640012;87089997;NL;PT;10;EXW;11;3;;2,2;1;62;;NL866996473B01;
INTRA-EX;202509;513881387;CTS-TR-1050-OG;87089997;NL;PT;10;EXW;11;3;;12,1;1;1124;;NL866996473B01;
INTRA-EX;202509;513881387;CTS-FPK-004-525;87089235;NL;PT;10;EXW;11;3;;0,8;1;333;;NL866996473B01;
INTRA-EX;202509;513881387;VWR160001;87089997;NL;PT;10;EXW;11;3;;0,4;2;171;;NL866996473B01;
INTRA-EX;202509;513881387;VWR12G7R600ITBLA;84213100;NL;PT;10;EXW;11;3;;0,8;1;76;;NL866996473B01;
INTRA-EX;202509;513881387;VWR12G7R600ITINLET;87089997;NL;PT;10;EXW;11;3;;0,4;1;100;;NL866996473B01;
INTRA-EX;202509;513881387;CTS-IT-932;84213100;IT;PT;10;EXW;11;3;;1,4;1;354;;QV999999999999;
INTRA-EX;202509;513881387;VWR31P2GT;84213100;NL;PT;10;EXW;11;3;;8;1;161;;NL866996473B01;
INTRA-EX;202509;513881387;VWR12P1GT;84213100;NL;PT;10;EXW;11;3;;3;1;285;;NL866996473B01;
INTRA-EX;202509;513881387;VWR12G7R600OS;84213100;NL;PT;10;EXW;11;3;;0,3;1;21;;NL866996473B01;
INTRA-EX;202509;513881387;VWR17G7R600;40091100;NL;PT;10;EXW;11;3;;0,2;2;76;;NL866996473B01;
INTRA-EX;202509;513881387;VWR810002;87089997;NL;PT;10;EXW;11;3;;0,5;2;112;;NL866996473B01;
INTRA-EX;202509;513881387;VWR12G7R600ITBLU;84213100;NL;PT;10;EXW;11;3;;0,8;1;76;;NL866996473B01;
INTRA-EX;202509;513881387;VWR12G7R600ITBLA;84213100;NL;PT;10;EXW;11;3;;0,8;1;76;;NL866996473B01;
INTRA-EX;202509;513881387;VWR12G7R600ITINLET;87089997;NL;PT;10;EXW;11;3;;0,4;2;200;;NL866996473B01;
INTRA-EX;202509;513881387;R7437-8;85111000;NL;PT;10;EXW;11;3;;0,1;5;170;;NL866996473B01;
INTRA-EX;202509;513881387;VWR12G614;84213100;NL;PT;10;EXW;11;3;;1,8;1;237;;NL866996473B01;
INTRA-EX;202509;513881387;VWR160001;87089997;NL;PT;10;EXW;11;3;;0,4;2;171;;NL866996473B01;
INTRA-EX;202509;513881387;IKER7A8EGS;85111000;NL;PT;10;EXW;11;3;;0,2;3;38;;NL866996473B01;
INTRA-EX;202509;513881387;VWR670006;87089235;NL;PT;10;EXW;11;3;;3;1;119;;NL866996473B01;
INTRA-EX;202509;513881387;VWR810000;87089997;NL;PT;10;EXW;11;3;;0,2;2;34;;NL866996473B01;
INTRA-EX;202509;513881387;R7437-9;85111000;NL;PT;10;EXW;11;3;;0,1;4;145;;NL866996473B01;
INTRA-EX;202509;513881387;COMBO-NOV-MQB;84213100;NL;PT;10;EXW;11;3;;5,5;1;437;;QV999999999999;
INTRA-EX;202509;513881387;SFD0122-4P-BK;87083091;NL;PT;10;EXW;11;3;;0,5;1;93;;QV999999999999;
INTRA-EX;202509;513881387;AC-N55-TP;40091100;NL;PT;10;EXW;11;3;;1,7;1;157;;NL007460843B01;
INTRA-EX;202509;513881387;IZKR7B-6;85111000;NL;PT;10;EXW;11;3;;0,4;1;59;;QV999999999999;
INTRA-EX;202509;513881387;MS100244-6;85111000;NL;PT;10;EXW;11;3;;2;1;204;;QV999999999999;
INTRA-EX;202509;513881387;30-3300;87089997;NL;PT;10;EXW;11;3;;4,9;1;477;;QV999999999999;
INTRA-EX;202509;513881387;FMINT33;87089235;ES;PT;10;EXW;11;3;;24,8;1;1228;;ESB76233782;
INTRA-EX;202509;513881387;CTS-HW-540;40091100;ES;PT;10;EXW;11;3;;2;1;269;;ESB76233782;
INTRA-EX;202509;513881387;MS100210;85111000;ES;PT;10;EXW;11;3;;0,3;9;224;;ESB94171030;
INTRA-EX;202509;513881387;CTS-TR-1000;87089997;ES;PT;10;EXW;11;3;;10;1;599;;ES33558767L;
INTRA-EX;202509;513881387;AC-200-IC;84198998;ES;PT;10;EXW;11;3;;11,9;1;263;;ES16610275C;
INTRA-EX;202509;513881387;PK438;84213100;ES;PT;10;EXW;11;3;;3,8;1;322;;QV999999999999;
INTRA-EX;202509;513881387;FMKT005-BLA;40093100;ES;PT;10;EXW;11;3;;1,3;1;166;;QV999999999999;
INTRA-EX;202509;513881387;CTS-IT-270R;84213100;ES;PT;10;EXW;11;3;;4,3;1;277;;QV999999999999;
INTRA-EX;202509;513881387;AC-N55-TP;40091100;ES;PT;10;EXW;11;3;;1,7;1;156;;QV999999999999;
INTRA-EX;202509;513881387;MMIG-BMW-0206;85111000;ES;PT;10;EXW;11;3;;2;1;150;;QV999999999999;
INTRA-EX;202509;513881387;ATINTFO25;87089199;ES;PT;10;EXW;11;3;;10;1;281;;QV999999999999;
INTRA-EX;202509;513881387;ES-335233;87089997;ES;PT;10;EXW;11;3;;0,9;1;68;;QV999999999999;
INTRA-EX;202509;513881387;BHR83XZ;87088055;ES;PT;10;EXW;11;3;;7,8;1;215;;QV999999999999;
INTRA-EX;202509;513881387;ATMSHYU17;87089997;ES;PT;10;EXW;11;3;;1,5;1;129;;ESB96140132;
INTRA-EX;202509;513881387;50003-MR45XLZ-4;87089997;ES;PT;10;EXW;11;3;;0,3;1;132;;ESB96140132;
INTRA-EX;202509;513881387;BKR7EIX-4;84099100;ES;PT;10;EXW;11;3;;0,3;1;40;;QV999999999999;
INTRA-EX;202509;513881387;SILFER8C7ES-5;85111000;ES;PT;10;EXW;11;3;;0,3;1;60;;QV999999999999;
INTRA-EX;202509;513881387;06E898001-5;84099100;ES;PT;10;EXW;11;3;;1,9;1;126;;QV999999999999;
INTRA-EX;202509;513881387;MMRAD-MAC-06;87089135;ES;PT;10;EXW;11;3;;9,1;1;261;;QV999999999999;
INTRA-EX;202509;513881387;SAU0431-4P-BK;87083091;ES;PT;10;EXW;11;3;;0,5;1;78;;QV999999999999;
INTRA-EX;202509;513881387;SMT0707-4P-BK;87083091;ES;PT;10;EXW;11;3;;0,5;1;116;;QV999999999999;
INTRA-EX;202509;513881387;FMFSITAT-BLK;87089997;ES;PT;10;EXW;11;3;;0,7;1;189;;QV999999999999;
INTRA-EX;202509;513881387;IKR9J8-4;87089997;ES;PT;10;EXW;11;3;;0,3;1;45;;QV999999999999;
INTRA-EX;202509;513881387;FMKC005-BLA;40093100;ES;PT;10;EXW;11;3;;1,4;1;206;;ESB72435332;
INTRA-EX;202509;513881387;FMKT008-BLA;40093100;ES;PT;10;EXW;11;3;;1;1;173;;ESB72435332;
INTRA-EX;202509;513881387;FM225AH-BLA;40093100;ES;PT;10;EXW;11;3;;0,3;1;45;;ESB72435332;
INTRA-EX;202509;513881387;FM225IND-BLA;40093100;ES;PT;10;EXW;11;3;;1;1;192;;ESB72435332;
INTRA-EX;202509;513881387;MMIG-MAZ-1204;85111000;ES;PT;10;EXW;11;3;;1,5;1;97;;QV999999999999;
INTRA-EX;202509;513881387;VWR12P1GTFO;84213100;ES;PT;10;EXW;11;3;;0,3;1;101;;QV999999999999;
INTRA-EX;202509;513881387;FMINDF56;84213100;ES;PT;10;EXW;11;3;;2,3;1;310;;QV999999999999;
INTRA-EX;202509;513881387;D650-0010-4;84099100;ES;PT;10;EXW;11;3;;1,7;1;123;;QV999999999999;
INTRA-EX;202509;513881387;AC-MK8R-DP;87089235;ES;PT;10;EXW;11;3;;10,2;1;304;;QV999999999999;
INTRA-EX;202509;513881387;CTS-HW-0248;84099100;ES;PT;10;EXW;11;3;;0,4;1;71;;QV999999999999;
INTRA-EX;202509;513881387;VWR140014;87089997;ES;PT;10;EXW;11;3;;0,1;1;30;;QV999999999999;
INTRA-EX;202509;513881387;CTS-IT-167;84213100;ES;PT;10;EXW;11;3;;5;1;271;;QV999999999999;
INTRA-EX;202509;513881387;FMCB-BLA;87089997;ES;PT;10;EXW;11;3;;0,1;1;13;;QV999999999999;
INTRA-EX;202509;513881387;GPST;32089091;ES;PT;10;EXW;11;3;;0,1;1;2;;QV999999999999;
INTRA-EX;202509;513881387;AMS-00.06.0108-1;87089997;ES;PT;10;EXW;11;3;;0,1;1;4;;QV999999999999;
INTRA-EX;202509;513881387;MMAF-REOIL-RD;84213100;ES;PT;10;EXW;11;3;;0,9;1;16;;QV999999999999;
INTRA-EX;202509;513881387;C9000;87089997;ES;PT;10;EXW;11;3;;1;1;12;;QV999999999999;
INTRA-EX;202509;513881387;CLK-2;84213100;ES;PT;10;EXW;11;3;;1;1;32;;QV999999999999;
INTRA-EX;202509;513881387;UR-TW2-3051;87088055;ES;PT;10;EXW;11;3;;1,7;1;130;;QV999999999999;
INTRA-EX;202509;513881387;LKR8AP-8;85111000;ES;PT;10;EXW;11;3;;0,5;1;99;;QV999999999999;
INTRA-EX;202509;513881387;FMTIA2-BLU;40091100;ES;PT;10;EXW;11;3;;1,5;1;135;;QV999999999999;
INTRA-EX;202509;513881387;FMKC023-PER;40093100;ES;PT;10;EXW;11;3;;1,8;1;145;;QV999999999999;
INTRA-EX;202509;513881387;CTS-HW-0242;70102000;ES;PT;10;EXW;11;3;;0,5;1;62;;QV999999999999;
INTRA-EX;202509;513881387;06D115562;84099100;ES;PT;10;EXW;11;3;;0,2;1;4;;QV999999999999;
INTRA-EX;202509;513881387;AC-VAG-ODP;70102000;ES;PT;10;EXW;11;3;;0,2;1;8;;QV999999999999;
INTRA-EX;202509;513881387;218-4701;87089997;ES;PT;10;EXW;11;3;;1,3;1;157;;QV999999999999;
INTRA-EX;202509;513881387;AC-200K04-OT;87089997;ES;PT;10;EXW;11;3;;1,4;1;111;;QV999999999999;
INTRA-EX;202509;513881387;UR-TW2-1106;87088055;ES;PT;10;EXW;11;3;;2,1;1;105;;QV999999999999;
INTRA-EX;202509;513881387;BKR7EIX-4;84099100;ES;PT;10;EXW;11;3;;0,3;1;40;;QV999999999999;
INTRA-EX;202509;513881387;FMVWQS;87089997;ES;PT;10;EXW;11;3;;0,7;1;97;;QV999999999999;
INTRA-EX;202509;513881387;X11127565284ALBK;87089997;ES;PT;10;EXW;11;3;;7;1;231;;QV999999999999;
INTRA-EX;202509;513881387;AC-WS-NI-20;87088099;ES;PT;10;EXW;11;3;;1,6;2;111;;QV999999999999;
INTRA-EX;202509;513881387;SBW1171-4P-BK;87083091;ES;PT;10;EXW;11;3;;0,5;1;83;;ESB72393911;
INTRA-EX;202509;513881387;SVW0630-4P-BK;87083091;ES;PT;10;EXW;11;3;;0,5;1;77;;ESB72393911;
INTRA-EX;202509;513881387;AC-200-PCVD;87089997;ES;PT;10;EXW;11;3;;0,5;1;48;;QV999999999999;
INTRA-EX;202509;513881387;MMHOSE-SUB-ANCBL;40091100;ES;PT;10;EXW;11;3;;0,9;1;160;;ESE19739317;
INTRA-EX;202509;513881387;TTE777;84099100;ES;PT;10;EXW;11;3;;16,6;1;4499;;ESB09725458;
INTRA-EX;202509;513881387;BKR8EIX-6;85111000;ES;PT;10;EXW;11;3;;0,4;1;64;;QV999999999999;
INTRA-EX;202509;513881387;BKR8EIX-4;85111000;ES;PT;10;EXW;11;3;;0,3;1;42;;QV999999999999;
INTRA-EX;202509;513881387;CTS-SIL-B8-ITKIT;84213100;ES;PT;10;EXW;11;3;;3;1;178;;QV999999999999;
INTRA-EX;202509;513881387;FMDV13A-POL;87089997;ES;PT;10;EXW;11;3;;0,6;1;201;;QV999999999999;
INTRA-EX;202509;513881387;CTS-DP-IK1;87089997;ES;PT;10;EXW;11;3;;0,3;1;13;;QV999999999999;
INTRA-EX;202509;513881387;CTS-EM-MK456-4-60D;84099100;ES;PT;10;EXW;11;3;;2,5;1;115;;QV999999999999;
INTRA-EX;202509;513881387;WHT005184;40091100;ES;PT;10;EXW;11;3;;0,1;1;8;;QV999999999999;
INTRA-EX;202509;513881387;SAU0495-4P-RD;87083091;ES;PT;10;EXW;11;3;;0,5;1;78;;QV999999999999;
INTRA-EX;202509;513881387;KV061816R;87089997;ES;PT;10;EXW;11;3;;5,6;1;213;;QV999999999999;
INTRA-EX;202509;513881387;COMBO-NOV-MQB;84213100;ES;PT;10;EXW;11;3;;5,5;1;446;;ESB13735162;
INTRA-EX;202509;513881387;CTS-IGN-007;84099100;ES;PT;10;EXW;11;3;;0,3;4;140;;ESB13735162;
INTRA-EX;202509;513881387;FM225AH-BLA;40093100;ES;PT;10;EXW;11;3;;0,3;1;42;;QV999999999999;
INTRA-EX;202509;513881387;AC-300-CP-6;84099100;ES;PT;10;EXW;11;3;;1,6;1;106;;QV999999999999;
INTRA-EX;202509;513881387;PK409;84213100;ES;PT;10;EXW;11;3;;3;1;326;;QV999999999999;
INTRA-EX;202509;513881387;CTS-IT-800;84213100;ES;PT;10;EXW;11;3;;4,3;1;277;;ESE94201142;
INTRA-EX;202509;513881387;D650-0004-6;84099100;ES;PT;10;EXW;11;3;;2,4;1;174;;ESE94201142;
INTRA-EX;202509;513881387;D640-0002-6;85111000;ES;PT;10;EXW;11;3;;0,4;1;119;;ESE94201142;
INTRA-EX;202509;513881387;KLC150;87088035;ES;PT;10;EXW;11;3;;1;1;121;;ESB95389565;
INTRA-EX;202509;513881387;W53188;87088055;ES;PT;10;EXW;11;3;;0,6;1;46;;ESB95389565;
INTRA-EX;202509;513881387;W52091;87088055;ES;PT;10;EXW;11;3;;0,5;1;29;;ESB95389565;
INTRA-EX;202509;513881387;1033BLK;84213100;ES;PT;10;EXW;11;3;;0,3;1;21;;ESB95389565;
INTRA-EX;202509;513881387;TBP-002;87089997;ES;PT;10;EXW;11;3;;0,2;1;22;;ESB95389565;
INTRA-EX;202509;513881387;SFDP091;87089235;ES;PT;10;EXW;11;3;;8,1;1;127;;QV999999999999;
INTRA-EX;202509;513881387;KSR202;40091100;ES;PT;10;EXW;11;3;;0,1;1;38;;QV999999999999;
INTRA-EX;202509;513881387;KDT957;87089997;ES;PT;10;EXW;11;3;;0,2;1;49;;QV999999999999;
INTRA-EX;202509;513881387;06K103213A;40091100;ES;PT;10;EXW;11;3;;0,1;1;16;;QV999999999999;
INTRA-EX;202509;513881387;06K103495AC;87089997;ES;PT;10;EXW;11;3;;0,6;1;31;;QV999999999999;
INTRA-EX;202509;513881387;JSK-103;84213100;ES;PT;10;EXW;11;3;;1,3;1;122;;QV999999999999;
INTRA-EX;202509;513881387;STY0014-4P-BK;87083091;ES;PT;10;EXW;11;3;;0,5;1;77;;QV999999999999;
INTRA-EX;202509;513881387;PP2069;84213100;ES;PT;10;EXW;11;3;;0,5;1;37;;QV999999999999;
INTRA-EX;202509;513881387;EVE-151-G2-FTR;84213100;ES;PT;10;EXW;11;3;;0,5;4;337;;QV999999999999;
INTRA-EX;202509;513881387;SILZKBR8D8S-6;84099100;ES;PT;10;EXW;11;3;;0,4;1;67;;QV999999999999;
INTRA-EX;202509;513881387;SMA0600-4P-BK;87083091;ES;PT;10;EXW;11;3;;0,5;1;77;;ESF21709464;
INTRA-EX;202509;513881387;SMT0707-4P-RD;87083091;ES;PT;10;EXW;11;3;;0,5;1;116;;QV999999999999;
INTRA-EX;202509;513881387;RBF660;27101999;ES;PT;10;EXW;11;3;;0,6;3;35;;QV999999999999;
INTRA-EX;202509;513881387;50003-M45-XL-4;84213100;ES;PT;10;EXW;11;3;;0,3;1;80;;QV999999999999;
INTRA-EX;202509;513881387;Z-321467;87089997;ES;PT;10;EXW;11;3;;2,2;1;167;;QV999999999999;
INTRA-EX;202509;513881387;Z-325469;87089997;ES;PT;10;EXW;11;3;;1,2;1;152;;QV999999999999;
INTRA-EX;202509;513881387;MS100210-4;84099100;ES;PT;10;EXW;11;3;;1,7;1;126;;QV999999999999;
INTRA-EX;202509;513881387;VWR810006;87089997;ES;PT;10;EXW;11;3;;1,5;1;284;;QV999999999999;
INTRA-EX;202509;513881387;FMINDDS3-BLA;84213100;ES;PT;10;EXW;11;3;;1,2;1;131;;QV999999999999;
INTRA-EX;202509;513881387;SAU0631-4C-BK;87083091;ES;PT;10;EXW;11;3;;0,5;1;104;;QV999999999999;
INTRA-EX;202509;513881387;4B1609H-STD;40091100;ES;PT;10;EXW;11;3;;0,5;1;44;;QV999999999999;
INTRA-EX;202509;513881387;SVA0715-6P-BK;87083091;ES;PT;10;EXW;11;3;;0,6;1;69;;QV999999999999;
INTRA-EX;202509;513881387;RBF660;27101999;ES;PT;10;EXW;11;3;;0,6;3;35;;QV999999999999;
INTRA-EX;202509;513881387;MS100192-5;84099100;ES;PT;10;EXW;11;3;;2,2;1;227;;QV999999999999;
INTRA-EX;202509;513881387;AC-N14-IND-BK;87089997;ES;PT;10;EXW;11;3;;1,2;1;59;;QV999999999999;
INTRA-EX;202509;513881387;DILKAR8R9HS-4;85111000;ES;PT;10;EXW;11;3;;0,3;1;62;;QV999999999999;
INTRA-EX;202509;513881387;SILZKBR8D8S;85111000;FR;PT;10;EXW;11;3;;0,1;6;58;;FR77978902617;
INTRA-EX;202509;513881387;VWR900001;85111000;FR;PT;10;EXW;11;3;;0,3;5;153;;FR71791829385;
INTRA-EX;202509;513881387;FMDV14TSI-POL;84814090;FR;PT;10;EXW;11;3;;0,2;1;53;;FR77978902617;
INTRA-EX;202509;513881387;EVE-HCN-CF-INT;84213100;FR;PT;10;EXW;11;3;;5,6;1;1657;;FR39833105364;
INTRA-EX;202509;513881387;EVE-S1-CF-INT;84213100;FR;PT;10;EXW;11;3;;3;1;456;;FR26750353237;
INTRA-EX;202509;513881387;MMTS-GTI-99;90321020;FR;PT;10;EXW;11;3;;0,1;1;50;;QV999999999999;
INTRA-EX;202509;513881387;SILFER8C7ES-5;85111000;FR;PT;10;EXW;11;3;;0,3;1;61;;QV999999999999;
INTRA-EX;202509;513881387;R17-10-2;40091100;FR;PT;10;EXW;11;3;;0,1;1;83;;FR92984832329;
INTRA-EX;202509;513881387;9-201-1020;84133080;FR;PT;10;EXW;11;3;;0,5;1;90;;QV999999999999;
INTRA-EX;202509;513881387;CTS-IT-300R;84213100;FR;PT;10;EXW;11;3;;4,1;1;273;;QV999999999999;
INTRA-EX;202509;513881387;E10-85-041-01-22;73202081;FR;PT;10;EXW;11;3;;8,5;1;183;;QV999999999999;
INTRA-EX;202509;513881387;VWR180000;87089997;FR;PT;10;EXW;11;3;;0,1;1;15;;QV999999999999;
INTRA-EX;202509;513881387;06D115562;84099100;FR;PT;10;EXW;11;3;;0,2;1;4;;QV999999999999;
INTRA-EX;202509;513881387;VWR81G700;87088055;FR;PT;10;EXW;11;3;;2,6;1;455;;QV999999999999;
INTRA-EX;202509;513881387;WHT005184;40091100;FR;PT;10;EXW;11;3;;0,1;1;8;;QV999999999999;
INTRA-EX;202509;513881387;06E898001-4;85111000;FR;PT;10;EXW;11;3;;1,5;1;102;;QV999999999999;
INTRA-EX;202509;513881387;BKR8EIX-4;85111000;FR;PT;10;EXW;11;3;;0,3;1;43;;QV999999999999;
INTRA-EX;202509;513881387;AC-200-CFA-KIT;87089997;FR;PT;10;EXW;11;3;;0,1;1;32;;QV999999999999;
INTRA-EX;202509;513881387;MMBCC-FOST-13PBE2;87089997;FR;PT;10;EXW;11;3;;1,8;1;177;;QV999999999999;
INTRA-EX;202509;513881387;5M1959H-25;;FR;PT;10;EXW;11;3;;0,1;Uni.;55;;QV999999999999;
INTRA-EX;202509;513881387;4B1946H-25;;FR;PT;10;EXW;11;3;;0,1;Uni.;31;;QV999999999999;
INTRA-EX;202509;513881387;FMWRX301-ALL;84814090;FR;PT;10;EXW;11;3;;0,6;1;116;;QV999999999999;
INTRA-EX;202509;513881387;MMRAD-MIA-99;87089135;FR;PT;10;EXW;11;3;;8,4;1;240;;QV999999999999;
INTRA-EX;202509;513881387;VWR190007;87141030;FR;PT;10;EXW;11;3;;0,3;1;24;;QV999999999999;
INTRA-EX;202509;513881387;R7437-9-4;87089997;FR;PT;10;EXW;11;3;;0,3;1;171;;QV999999999999;
INTRA-EX;202509;513881387;AC-MK7-FPT;84133080;FR;PT;10;EXW;11;3;;0,1;1;10;;QV999999999999;
INTRA-EX;202509;513881387;6B1584H-STD;40091100;FR;PT;10;EXW;11;3;;0,4;1;134;;QV999999999999;
INTRA-EX;202509;513881387;7M1397H-STD;40091100;FR;PT;10;EXW;11;3;;0,7;1;171;;QV999999999999;
INTRA-EX;202509;513881387;SBW1162-4P-BK;87083091;FR;PT;10;EXW;11;3;;0,5;1;84;;QV999999999999;
INTRA-EX;202509;513881387;AC-MK7-TI;40091100;FR;PT;10;EXW;11;3;;1,3;1;108;;QV999999999999;
INTRA-EX;202509;513881387;06K103495AC;87089997;FR;PT;10;EXW;11;3;;0,6;1;32;;QV999999999999;
INTRA-EX;202509;513881387;03K906051;90269000;FR;PT;10;EXW;11;3;;0,1;1;19;;QV999999999999;
INTRA-EX;202509;513881387;06L253039C;87089997;FR;PT;10;EXW;11;3;;0,1;1;7;;QV999999999999;
INTRA-EX;202509;513881387;MMFW-SM-6RD;87089997;FR;PT;10;EXW;11;3;;0,1;1;10;;QV999999999999;
INTRA-EX;202509;513881387;R7437-8-4;84099100;FR;PT;10;EXW;11;3;;0,3;1;160;;FR09800029712;
INTRA-EX;202509;513881387;ES-335233;87089997;FR;PT;10;EXW;11;3;;0,9;1;69;;QV999999999999;
INTRA-EX;202509;513881387;FP-3355132;87089997;FR;PT;10;EXW;11;3;;9,6;1;239;;QV999999999999;
INTRA-EX;202509;513881387;SFDC082;87089235;FR;PT;10;EXW;11;3;;5,6;1;224;;QV999999999999;
INTRA-EX;202509;513881387;FMINDS5-RED;40091100;FR;PT;10;EXW;11;3;;1,2;1;109;;QV999999999999;
INTRA-EX;202509;513881387;R7437-9-5;85111000;FR;PT;10;EXW;11;3;;0,3;1;213;;QV999999999999;
INTRA-EX;202509;513881387;BWF21XZ;87088055;FR;PT;10;EXW;11;3;;5,8;1;239;;QV999999999999;
INTRA-EX;202509;513881387;AC-211-OT;84198998;FR;PT;10;EXW;11;3;;1,3;1;97;;QV999999999999;
INTRA-EX;202509;513881387;CI100038-B;40091100;FR;PT;10;EXW;11;3;;1,6;1;305;;QV999999999999;
INTRA-EX;202509;513881387;SAU0431-4P-BK;87083091;FR;PT;10;EXW;11;3;;0,5;1;78;;QV999999999999;
INTRA-EX;202509;513881387;FMRLH-BLA;40093100;FR;PT;10;EXW;11;3;;0,7;1;61;;QV999999999999;
INTRA-EX;202509;513881387;WHT005184;40091100;FR;PT;10;EXW;11;3;;0,1;1;8;;QV999999999999;
INTRA-EX;202509;513881387;SILZKBR8D8S-6;84099100;FR;PT;10;EXW;11;3;;0,4;1;68;;QV999999999999;
INTRA-EX;202509;513881387;SILZKBR8D8S-6;84099100;FR;PT;10;EXW;11;3;;0,4;1;68;;QV999999999999;
INTRA-EX;202509;513881387;AC-BMB-CP-6;85111000;FR;PT;10;EXW;11;3;;3,5;1;123;;QV999999999999;
INTRA-EX;202509;513881387;R05-10-2;40091100;FR;PT;10;EXW;11;3;;0,2;1;66;;QV999999999999;
INTRA-EX;202509;513881387;UR-TW2-3047;87088055;FR;PT;10;EXW;11;3;;3;1;131;;QV999999999999;
INTRA-EX;202509;513881387;"60 VS 13";87083091;FR;PT;10;EXW;11;3;;21;1;344;;QV999999999999;
INTRA-EX;202509;513881387;BKR7EIX-4;84099100;FR;PT;10;EXW;11;3;;0,3;1;40;;QV999999999999;
INTRA-EX;202509;513881387;AC-45-IT;84213100;FR;PT;10;EXW;11;3;;1,5;1;119;;QV999999999999;
INTRA-EX;202509;513881387;BKR7EIX-4;84099100;FR;PT;10;EXW;11;3;;0,3;1;40;;QV999999999999;
INTRA-EX;202509;513881387;CTS-IT-270R;84213100;FR;PT;10;EXW;11;3;;4,3;1;279;;QV999999999999;
INTRA-EX;202509;513881387;SAUP044;87089235;FR;PT;10;EXW;11;3;;11,2;1;428;;QV999999999999;
INTRA-EX;202509;513881387;10.127.203T;87089997;FR;PT;10;EXW;11;3;;0,1;1;14;;QV999999999999;
INTRA-EX;202509;513881387;03H971921;84099100;FR;PT;10;EXW;11;3;;0,1;1;23;;QV999999999999;
INTRA-EX;202509;513881387;MMTS-GTI-99;90321020;FR;PT;10;EXW;11;3;;0,1;1;50;;QV999999999999;
INTRA-EX;202509;513881387;SD-3553070;87089997;FR;PT;10;EXW;11;3;;7,1;1;192;;QV999999999999;
INTRA-EX;202509;513881387;R7437-9-4;87089997;FR;PT;10;EXW;11;3;;0,3;1;171;;QV999999999999;
INTRA-EX;202509;513881387;MS100192-4;84099100;FR;PT;10;EXW;11;3;;1,7;1;180;;QV999999999999;
INTRA-EX;202509;513881387;06L253039C;87089997;FR;PT;10;EXW;11;3;;0,1;2;15;;QV999999999999;
INTRA-EX;202509;513881387;FMMK5FMIC-BLA;87089997;FR;PT;10;EXW;11;3;;16,4;1;664;;FR55823261680;
INTRA-EX;202509;513881387;Z-1313913;87089997;FR;PT;10;EXW;11;3;;2,4;1;218;;QV999999999999;
INTRA-EX;202509;513881387;AC-MK7-DPHS;87089235;FR;PT;10;EXW;11;3;;9,2;1;299;;QV999999999999;
INTRA-EX;202509;513881387;SILFER8C7ES-5;85111000;FR;PT;10;EXW;11;3;;0,3;1;61;;FR21342944667;
INTRA-EX;202509;513881387;SAU0437-4P-BK;87083091;FR;PT;10;EXW;11;3;;0,5;1;84;;QV999999999999;
INTRA-EX;202509;513881387;FMINLD2-P;84213100;FR;PT;10;EXW;11;3;;1;1;144;;QV999999999999;
INTRA-EX;202509;513881387;AC-B58-TP;40091100;FR;PT;10;EXW;11;3;;1,7;1;153;;QV999999999999;
INTRA-EX;202509;513881387;R7437-9-4;87089997;FR;PT;10;EXW;11;3;;0,3;1;171;;QV999999999999;
INTRA-EX;202509;513881387;034-112-6007-BL;40091100;FR;PT;10;EXW;11;3;;0,4;1;54;;QV999999999999;
INTRA-EX;202509;513881387;KCA416;87141030;FR;PT;10;EXW;11;3;;0,6;1;36;;QV999999999999;
INTRA-EX;202509;513881387;CTS-HW-360;40091100;FR;PT;10;EXW;11;3;;1,4;1;249;;QV999999999999;
INTRA-EX;202509;513881387;R7437-9-5;85111000;FR;PT;10;EXW;11;3;;0,3;1;213;;QV999999999999;
INTRA-EX;202509;513881387;SILZKGR8B8S-6;85111000;FR;PT;10;EXW;11;3;;0,4;1;59;;QV999999999999;
INTRA-EX;202509;513881387;CTS-HW-0242;70102000;FR;PT;10;EXW;11;3;;0,5;1;62;;QV999999999999;
INTRA-EX;202509;513881387;FMRLH-RED;40093100;FR;PT;10;EXW;11;3;;0,7;1;62;;QV999999999999;
INTRA-EX;202509;513881387;KTA253;87089235;FR;PT;10;EXW;11;3;;7,5;1;480;;QV999999999999;
INTRA-EX;202509;513881387;CTS-IT-805;40091100;FR;PT;10;EXW;11;3;;2,5;1;220;;FR84750466617;
INTRA-EX;202509;513881387;C9000;87089997;FR;PT;10;EXW;11;3;;1;1;12;;QV999999999999;
INTRA-EX;202509;513881387;AC-VAG-ODP;70102000;FR;PT;10;EXW;11;3;;0,2;1;8;;QV999999999999;
INTRA-EX;202509;513881387;1K0253144BD;40091100;FR;PT;10;EXW;11;3;;0,2;1;9;;QV999999999999;
INTRA-EX;202509;513881387;AC-200-HS;87089997;FR;PT;10;EXW;11;3;;0,5;1;22;;QV999999999999;
INTRA-EX;202509;513881387;FMHPRM-BLA;40091100;FR;PT;10;EXW;11;3;;3,5;1;181;;QV999999999999;
INTRA-EX;202509;513881387;FMRMBHS-BLA;;FR;PT;10;EXW;11;3;;0,1;1;32;;QV999999999999;
INTRA-EX;202509;513881387;CTS-DB-MK4-60D;84099100;FR;PT;10;EXW;11;3;;1,2;1;46;;QV999999999999;
INTRA-EX;202509;513881387;VWR120010;40091100;FR;PT;10;EXW;11;3;;1,4;1;255;;FR55890871650;
INTRA-EX;202509;513881387;COMBO-NOV-MQB;84213100;FR;PT;10;EXW;11;3;;5,5;1;441;;QV999999999999;
INTRA-EX;202509;513881387;VWR810000;87089997;FR;PT;10;EXW;11;3;;0,2;1;28;;QV999999999999;
INTRA-EX;202509;513881387;CTS-sil-noise;87089997;FR;PT;10;EXW;11;3;;0,3;1;27;;QV999999999999;
INTRA-EX;202509;513881387;VIB-1458;87089235;FR;PT;10;EXW;11;3;;0,2;1;6;;QV999999999999;
INTRA-EX;202509;513881387;204-5403;87089997;FR;PT;10;EXW;11;3;;1,3;1;173;;QV999999999999;
INTRA-EX;202509;513881387;10.127.100K;84132000;FR;PT;10;EXW;11;3;;0,3;1;314;;QV999999999999;
INTRA-EX;202509;513881387;FMRLH-RED;40093100;FR;PT;10;EXW;11;3;;0,7;1;62;;QV999999999999;
INTRA-EX;202509;513881387;FMKC010-RED;40093100;FR;PT;10;EXW;11;3;;1;1;234;;QV999999999999;
INTRA-EX;202509;513881387;FMCCHMK5-RED;40093100;FR;PT;10;EXW;11;3;;0,2;1;51;;QV999999999999;
INTRA-EX;202509;513881387;CTS-HS-150;87089997;FR;PT;10;EXW;11;3;;0,6;1;36;;QV999999999999;
INTRA-EX;202509;513881387;8E0971824S-RD;84099100;FR;PT;10;EXW;11;3;;0,2;1;14;;QV999999999999;
INTRA-EX;202509;513881387;AC-200-PP;84198998;FR;PT;10;EXW;11;3;;0,5;1;82;;QV999999999999;
INTRA-EX;202509;513881387;CTS-IT-105R;84213100;FR;PT;10;EXW;11;3;;4,6;1;256;;QV999999999999;
INTRA-EX;202509;513881387;CTS-LS-017;84213100;FR;PT;10;EXW;11;3;;9,6;1;230;;FR39933491052;
INTRA-EX;202509;513881387;ILZTR6A8G-4;84099100;FR;PT;10;EXW;11;3;;0,2;1;33;;QV999999999999;
INTRA-EX;202509;513881387;CTS-IT-341;40091100;FR;PT;10;EXW;11;3;;1,4;1;202;;QV999999999999;
INTRA-EX;202509;513881387;AC-45-DPCAT;87089235;FR;PT;10;EXW;11;3;;9,9;1;412;;QV999999999999;
INTRA-EX;202509;513881387;FM225IND-BLA;40093100;FR;PT;10;EXW;11;3;;1;1;188;;QV999999999999;
INTRA-EX;202509;513881387;1K0253144AE;87089997;FR;PT;10;EXW;11;3;;1;1;8;;QV999999999999;
INTRA-EX;202509;513881387;AC-UNI-WD;87089997;FR;PT;10;EXW;11;3;;0,2;1;13;;QV999999999999;
INTRA-EX;202509;513881387;06K103495AC;87089997;FR;PT;10;EXW;11;3;;0,6;1;32;;QV999999999999;
INTRA-EX;202509;513881387;FMTUBL7;87089997;FR;PT;10;EXW;11;3;;0,3;1;81;;QV999999999999;
INTRA-EX;202509;513881387;06E898001-6;85111000;FR;PT;10;EXW;11;3;;2,1;1;153;;QV999999999999;
INTRA-EX;202509;513881387;Z1003101-6;85111000;FR;PT;10;EXW;11;3;;0,4;1;112;;QV999999999999;
INTRA-EX;202509;513881387;FMDVSU110-RED;84814090;FR;PT;10;EXW;11;3;;0,1;1;15;;QV999999999999;
INTRA-EX;202509;513881387;MMTS-MIA-99;90321020;FR;PT;10;EXW;11;3;;0,1;1;47;;QV999999999999;
INTRA-EX;202509;513881387;AC-200-CFA;87089997;FR;PT;10;EXW;11;3;;0,1;1;24;;QV999999999999;
INTRA-EX;202509;513881387;06D115562;84099100;FR;PT;10;EXW;11;3;;0,2;1;4;;QV999999999999;
INTRA-EX;202509;513881387;MS100210-4;84099100;FR;PT;10;EXW;11;3;;1,7;1;127;;QV999999999999;
INTRA-EX;202509;513881387;BKR7EIX-4;84099100;FR;PT;10;EXW;11;3;;0,3;1;40;;QV999999999999;
INTRA-EX;202509;513881387;VWR180000;87089997;FR;PT;10;EXW;11;3;;0,1;1;15;;QV999999999999;
INTRA-EX;202509;513881387;VWR900003-4;85111000;FR;PT;10;EXW;11;3;;1,5;1;174;;QV999999999999;
INTRA-EX;202509;513881387;BKR8EIX-4;85111000;FR;PT;10;EXW;11;3;;0,3;1;43;;QV999999999999;
INTRA-EX;202509;513881387;WHT005184;40091100;FR;PT;10;EXW;11;3;;0,1;2;16;;QV999999999999;
INTRA-EX;202509;513881387;AC-VAG-ODP;70102000;HU;PT;10;EXW;11;3;;0,2;3;17;;HU25464285;
INTRA-EX;202509;513881387;VWR19G708;87089997;HU;PT;10;EXW;11;3;;0,5;2;114;;HU25464285;
INTRA-EX;202509;513881387;EVE-GR4-CFM-ENG;87089997;PL;PT;10;EXW;11;3;;2,2;1;427;;PL8141683531;
INTRA-EX;202509;513881387;ATMSYGR04-GEN2;87089997;PL;PT;10;EXW;11;3;;5;1;340;;PL6972395288;
INTRA-EX;202509;513881387;SFD0121-4P-RD;87083091;GR;PT;10;EXW;11;3;;0,5;1;63;;GREL802913609;
INTRA-EX;202509;513881387;PK409;84213100;GR;PT;10;EXW;11;3;;3;1;214;;GREL802913609;
INTRA-EX;202509;513881387;AC-200-IC;84198998;GR;PT;10;EXW;11;3;;11,9;1;263;;GREL137646504;
INTRA-EX;202509;513881387;SAU0431-4P-EB;87083091;GR;PT;10;EXW;11;3;;0,5;1;51;;GREL802913609;
INTRA-EX;202509;513881387;EVE-AMGGT-CFM-INT;84213100;BE;PT;10;EXW;11;3;;7,8;1;1785;;BE0740963105;
INTRA-EX;202509;513881387;SBMC073;87089235;BE;PT;10;EXW;11;3;;11,4;1;226;;BE0670639687;
INTRA-EX;202509;513881387;MMRAD-E36-92;87089135;IT;PT;10;EXW;11;3;;6,2;1;200;;IT12034500012;
INTRA-EX;202509;513881387;EVE-ST38Y-CF-INT;84213100;IT;PT;10;EXW;11;3;;7;1;1285;;IT12034500012;
INTRA-EX;202509;513881387;SFDP089;87089997;IT;PT;10;EXW;11;3;;8,2;2;336;;IT12034500012;
INTRA-EX;202509;513881387;VWR19G701;87089997;IT;PT;10;EXW;11;3;;0,2;1;51;;IT12034500012;
INTRA-EX;202509;513881387;CTS-EA113-BOSS600;87089997;IT;PT;10;EXW;11;3;;16,5;1;2174;;IT03656931205;
INTRA-EX;202509;513881387;CTS-IGN-008;84099100;IT;PT;10;EXW;11;3;;0,3;6;179;;IT03656931205;
INTRA-EX;202509;513881387;CTS-IT-800;84213100;NL;PT;10;EXW;11;3;;4,3;1;247;;NL866860666B01;
INTRA-EX;202509;513881387;CTS-EXH-TP-0008;87089235;NL;PT;10;EXW;11;3;;4;1;112;;NL866860666B01;
INTRA-EX;202509;513881387;CTS-IT-800;84213100;NL;PT;10;EXW;11;3;;4,3;1;247;;NL866860666B01;
INTRA-EX;202509;513881387;AC-500-VRH-RD;40093100;NL;PT;10;EXW;11;3;;0,2;1;13;;NL866860666B01;
INTRA-EX;202509;513881387;EVE-EA8884-R-INT;84213100;NL;PT;10;EXW;11;3;;5;1;999;;NL866996473B01;
INTRA-EX;202509;513881387;ATMSYGR06;87089997;ES;PT;10;EXW;11;3;;3,9;1;278;;ESB72996382;
INTRA-EX;202509;513881387;FMMD2;87089997;ES;PT;10;EXW;11;3;;0,4;1;82;;ESB72996382;
INTRA-EX;202509;513881387;KLC233;87089997;ES;PT;10;EXW;11;3;;0,9;1;100;;ESB72996382;
INTRA-EX;202509;513881387;CTS-CC-MK6TSI;84099100;ES;PT;10;EXW;11;3;;3;1;337;;ES29524079Z;
INTRA-EX;202509;513881387;SCNC014;87089235;ES;PT;10;EXW;11;3;;2,4;1;104;;ES38873546G;
INTRA-EX;202509;513881387;BMF57Z;87088055;ES;PT;10;EXW;11;3;;6,9;1;136;;ES38873546G;
INTRA-EX;202509;513881387;BMR88Z;87088055;ES;PT;10;EXW;11;3;;4,9;1;136;;ES38873546G;
INTRA-EX;202509;513881387;KLC157;87088055;ES;PT;10;EXW;11;3;;0,9;1;85;;ES38873546G;
INTRA-EX;202509;513881387;KSB633;87089997;ES;PT;10;EXW;11;3;;2,3;1;119;;ES38873546G;
INTRA-EX;202509;513881387;UR-RL2-124;87088055;ES;PT;10;EXW;11;3;;1,4;1;49;;ES38873546G;
INTRA-EX;202509;513881387;UR-RE2-1346;87088055;ES;PT;10;EXW;11;3;;3;1;74;;ES38873546G;
INTRA-EX;202509;513881387;SAUC093;87089235;ES;PT;10;EXW;11;3;;11,5;1;336;;ES44719365M;
INTRA-EX;202509;513881387;VWR1200R601E;84213100;ES;PT;10;EXW;11;3;;4,9;1;338;;ES16610275C;
INTRA-EX;202509;513881387;KLC140-295;87088055;ES;PT;10;EXW;11;3;;1;1;100;;ESB01715598;
INTRA-EX;202509;513881387;MMRAD-E36-92;87089135;ES;PT;10;EXW;11;3;;6,2;1;200;;ES18062887K;
INTRA-EX;202509;513881387;S-BM/T/28H;10;ES;PT;10;EXW;11;3;;29,9;1;4847;;ESB67114637;
INTRA-EX;202509;513881387;SSE0432-4P-BK;87083091;FR;PT;10;EXW;11;3;;0,5;1;76;;FR89514442177;
INTRA-EX;202509;513881387;SHDX014;87089235;FR;PT;10;EXW;11;3;;7,3;1;486;;FR43935269613;
INTRA-EX;202509;513881387;KCA435;87088055;MT;PT;10;EXW;11;3;;2;1;210;;QV999999999999;
INTRA-EX;202509;513881387;KTA216A;87088035;MT;PT;10;EXW;11;3;;4,3;1;295;;QV999999999999;
INTRA-EX;202509;513881387;13001-AN012;84213100;AT;PT;10;EXW;11;3;;15;1;816;;QV999999999999;
INTRA-EX;202509;513881387;FMINTMRS;87089997;DK;PT;10;EXW;11;3;;8;1;677;;QV999999999999;
INTRA-EX;202509;513881387;S90-2-12-023-B-BT;87087050;CY;PT;10;EXW;11;3;;1,8;1;116;;QV999999999999;
INTRA-EX;202509;513881387;S90-2-15-055-B-BT;87087050;CY;PT;10;EXW;11;3;;1,8;1;122;;QV999999999999;
INTRA-EX;202509;513881387;S90-2-10-038-B-BT;87087050;CY;PT;10;EXW;11;3;;1,8;1;111;;QV999999999999;
INTRA-EX;202509;513881387;SILZKGR8C8S-6;85111000;CY;PT;10;EXW;11;3;;0,4;1;106;;QV999999999999;
INTRA-EX;202509;513881387;SBW0271-4P-BK;87083091;CY;PT;10;EXW;11;3;;0,4;1;84;;QV999999999999;
INTRA-EX;202509;513881387;CG85-02-0C20;84213100;LT;PT;10;EXW;11;3;;4,1;1;705;;QV999999999999;
INTRA-EX;202509;513881387;70026-AT006;84213100;BG;PT;10;EXW;11;3;;1,6;1;436;;QV999999999999;
INTRA-EX;202509;513881387;70026-AT007;84213100;BG;PT;10;EXW;11;3;;0,5;1;129;;QV999999999999;
INTRA-EX;202509;513881387;E40-15-021-04-11;73202081;BG;PT;10;EXW;11;3;;9,4;1;618;;QV999999999999;
INTRA-EX;202509;513881387;16U-02-0700-4;84133080;HR;PT;10;EXW;11;3;;0,3;1;317;;QV999999999999;
INTRA-EX;202509;513881387;50003-M50-HL-4;84213100;HR;PT;10;EXW;11;3;;0,3;1;75;;QV999999999999;
INTRA-EX;202509;513881387;MMBCC-BRZ-13PBE;84099100;HR;PT;10;EXW;11;3;;1,4;1;166;;QV999999999999;
INTRA-EX;202509;513881387;AC-N54-DP;87089235;HU;PT;10;EXW;11;3;;5,5;2;335;;HU25464285;
INTRA-EX;202509;513881387;EVE-151-G2-FTR;84213100;HU;PT;10;EXW;11;3;;0,5;1;80;;QV999999999999;
INTRA-EX;202509;513881387;ILZKAR8H8S-4;85111000;HU;PT;10;EXW;11;3;;0,3;1;68;;QV999999999999;
INTRA-EX;202509;513881387;EUPD4002711R;85111000;HU;PT;10;EXW;11;3;;1;1;659;;QV999999999999;
INTRA-EX;202509;513881387;FMINDK47;84213100;HU;PT;10;EXW;11;3;;5,8;1;596;;QV999999999999;
INTRA-EX;202509;513881387;FR-0522;84213100;HU;PT;10;EXW;11;3;;6,5;1;830;;QV999999999999;
INTRA-EX;202509;513881387;EUPD4004902R;84099100;DE;PT;10;EXW;11;3;;0,8;1;779;;QV999999999999;
INTRA-EX;202509;513881387;VWR600360BLK;87141030;DE;PT;10;EXW;11;3;;55;1;1058;;QV999999999999;
INTRA-EX;202509;513881387;VWR630001;87141030;DE;PT;10;EXW;11;3;;1,9;1;156;;QV999999999999;
INTRA-EX;202509;513881387;AC-MQB-IC;84198998;DE;PT;10;EXW;11;3;;16,3;1;423;;QV999999999999;
INTRA-EX;202509;513881387;FMKC010-RED;40093100;DE;PT;10;EXW;11;3;;1;1;236;;QV999999999999;
INTRA-EX;202509;513881387;EVE-EA8884-CF-ENG;84213100;DE;PT;10;EXW;11;3;;3;1;574;;QV999999999999;
INTRA-EX;202509;513881387;MMRAD-240-89KA;87089135;DE;PT;10;EXW;11;3;;8,5;1;217;;QV999999999999;
INTRA-EX;202509;513881387;MMFS-240-89KA;84149000;DE;PT;10;EXW;11;3;;5,2;1;189;;QV999999999999;
INTRA-EX;202509;513881387;507-N003;84213100;DE;PT;10;EXW;11;3;;3;1;168;;QV999999999999;
INTRA-EX;202509;513881387;UR-RE2-065;87088055;DE;PT;10;EXW;11;3;;1,6;1;105;;QV999999999999;
INTRA-EX;202509;513881387;UR-FD3-079;87088055;DE;PT;10;EXW;11;3;;3;1;137;;QV999999999999;
INTRA-EX;202509;513881387;FR-0513;84213100;PL;PT;10;EXW;11;3;;6;1;622;;PL8141683531;
INTRA-EX;202509;513881387;EVE-FK8V3-CF-CHG;87089997;PL;PT;10;EXW;11;3;;4;1;498;;PL8141683531;
INTRA-EX;202509;513881387;VWR180000;87089997;PL;PT;10;EXW;11;3;;0,1;2;18;;PL8141683531;
INTRA-EX;202509;513881387;CTS-CC-MK6TSI;84099100;PL;PT;10;EXW;11;3;;3;1;395;;QV999999999999;
INTRA-EX;202509;513881387;JSK-123-BK;84213100;PL;PT;10;EXW;11;3;;2;1;199;;QV999999999999;
INTRA-EX;202509;513881387;TI-123-BK;40091100;PL;PT;10;EXW;11;3;;2,1;1;95;;QV999999999999;
INTRA-EX;202509;513881387;CTS-TR-1000;87089997;GR;PT;10;EXW;11;3;;10;1;599;;GREL802913609;
INTRA-EX;202509;513881387;MS100112;87089997;GR;PT;10;EXW;11;3;;0,3;1;33;;GREL802913609;
INTRA-EX;202509;513881387;ARMAMZDMX5-A;84213100;GR;PT;10;EXW;11;3;;2,3;1;512;;QV999999999999;
INTRA-EX;202509;513881387;SBMP091;87089997;BE;PT;10;EXW;11;3;;19,5;1;495;;BE0845609871;
INTRA-EX;202509;513881387;SBMP087;87089997;BE;PT;10;EXW;11;3;;19;3;1569;;BE0740963105;
INTRA-EX;202509;513881387;ATINTYGR1;87089997;BE;PT;10;EXW;11;3;;13,2;1;535;;QV999999999999;
INTRA-EX;202509;513881387;883089.000046;84836080;BE;PT;10;EXW;11;3;;15,5;1;1143;;QV999999999999;
INTRA-EX;202509;513881387;613182.654150;87089997;BE;PT;10;EXW;11;3;;0,5;1;62;;QV999999999999;
INTRA-EX;202509;513881387;SBMP105;87089997;BE;PT;10;EXW;11;3;;1,9;1;68;;QV999999999999;
INTRA-EX;202509;513881387;AC-N55-DPHS;87089235;BE;PT;10;EXW;11;3;;2,5;1;248;;QV999999999999;
INTRA-EX;202509;513881387;AC-N54-IC;87089135;BE;PT;10;EXW;11;3;;11,5;1;319;;QV999999999999;
INTRA-EX;202509;513881387;06K103484F;87089997;BE;PT;10;EXW;11;3;;0,1;1;6;;QV999999999999;
INTRA-EX;202509;513881387;06J103600AFKIT;84099100;BE;PT;10;EXW;11;3;;2,5;1;49;;QV999999999999;
INTRA-EX;202509;513881387;VWR19G707;84213100;BE;PT;10;EXW;11;3;;0,1;1;81;;QV999999999999;
INTRA-EX;202509;513881387;VWR140004;87089235;BE;PT;10;EXW;11;3;;1,7;1;224;;QV999999999999;
INTRA-EX;202509;513881387;VWR180006;87089997;BE;PT;10;EXW;11;3;;0,1;1;16;;QV999999999999;
INTRA-EX;202509;513881387;VWR140012;87089199;BE;PT;10;EXW;11;3;;3;1;321;;QV999999999999;
INTRA-EX;202509;513881387;EVO1108;84213100;BE;PT;10;EXW;11;3;;4,6;1;352;;QV999999999999;
INTRA-EX;202509;513881387;AC-B58.2-DP;87089235;BE;PT;10;EXW;11;3;;4,4;1;193;;QV999999999999;
INTRA-EX;202509;513881387;10.127.100K;84132000;BE;PT;10;EXW;11;3;;0,3;1;312;;QV999999999999;
INTRA-EX;202509;513881387;9-354-1025;84133080;BE;PT;10;EXW;11;3;;0,8;1;205;;QV999999999999;
INTRA-EX;202509;513881387;32018-AZ010;84213100;BE;PT;10;EXW;11;3;;13;1;666;;QV999999999999;
INTRA-EX;202509;513881387;CTS-IT-341;40091100;BE;PT;10;EXW;11;3;;1,4;1;200;;QV999999999999;
INTRA-EX;202509;513881387;AC-B58-DP;87089235;BE;PT;10;EXW;11;3;;3,8;1;171;;QV999999999999;
INTRA-EX;202509;513881387;AC-B58-INLET;40091100;BE;PT;10;EXW;11;3;;0,6;1;104;;QV999999999999;
INTRA-EX;202509;513881387;SILZKGR8B8S-6;85111000;BE;PT;10;EXW;11;3;;0,4;1;58;;QV999999999999;
INTRA-EX;202509;513881387;CTS-IT-340R;84213100;BE;PT;10;EXW;11;3;;3,4;1;274;;QV999999999999;
INTRA-EX;202509;513881387;CTS-20T-MQB-DF;87089199;BE;PT;10;EXW;11;3;;16;1;714;;QV999999999999;
INTRA-EX;202509;513881387;FMINLD2-P;84213100;BE;PT;10;EXW;11;3;;1;1;143;;QV999999999999;
INTRA-EX;202509;513881387;CTS-IT-341;40091100;BE;PT;10;EXW;11;3;;1,4;1;200;;QV999999999999;
INTRA-EX;202509;513881387;AC-B58-INLET;40091100;BE;PT;10;EXW;11;3;;0,6;1;104;;QV999999999999;
INTRA-EX;202509;513881387;E10-20-030-03-22;87088035;BE;PT;10;EXW;11;3;;11;1;166;;QV999999999999;
INTRA-EX;202509;513881387;D401-0041;84099100;BE;PT;10;EXW;11;3;;0,6;1;34;;QV999999999999;
INTRA-EX;202509;513881387;FMINLH25-RED;40091100;BE;PT;10;EXW;11;3;;1;1;70;;QV999999999999;
INTRA-EX;202509;513881387;AC-MK7-CP-4;84099100;BE;PT;10;EXW;11;3;;1;1;111;;QV999999999999;
INTRA-EX;202509;513881387;R7437-9-4;87089997;BE;PT;10;EXW;11;3;;0,3;1;165;;QV999999999999;
INTRA-EX;202509;513881387;COMBO-NOV-MQB;84213100;BE;PT;10;EXW;11;3;;5,5;1;437;;QV999999999999;
INTRA-EX;202509;513881387;VWR120000;84213100;BE;PT;10;EXW;11;3;;1;1;36;;QV999999999999;
INTRA-EX;202509;513881387;VWR17G7R600;40091100;BE;PT;10;EXW;11;3;;0,2;1;54;;QV999999999999;
INTRA-EX;202509;513881387;VWR13G700-SERV;87089997;BE;PT;10;EXW;11;3;;0,1;1;31;;QV999999999999;
INTRA-EX;202509;513881387;VWR130006;84099100;BE;PT;10;EXW;11;3;;0,3;1;57;;QV999999999999;
INTRA-EX;202509;513881387;VWR19G711;84213100;BE;PT;10;EXW;11;3;;0,3;1;108;;QV999999999999;
INTRA-EX;202509;513881387;VWR90000-4;84099100;BE;PT;10;EXW;11;3;;1,8;1;173;;QV999999999999;
INTRA-EX;202509;513881387;CTS-BV-0009-3;84814090;BE;PT;10;EXW;11;3;;0,5;1;182;;QV999999999999;
INTRA-EX;202509;513881387;VWR800001;58109210;BE;PT;10;EXW;11;3;;0,1;1;10;;QV999999999999;
INTRA-EX;202509;513881387;VWR17G7R600;40091100;BE;PT;10;EXW;11;3;;0,2;1;54;;QV999999999999;
INTRA-EX;202509;513881387;VWR120000;84213100;BE;PT;10;EXW;11;3;;1;1;36;;QV999999999999;
INTRA-EX;202509;513881387;SBMP087;87089997;BE;PT;10;EXW;11;3;;19;1;685;;QV999999999999;
INTRA-EX;202509;513881387;MMICP-N55-11;87089997;IT;PT;10;EXW;11;3;;2,2;1;194;;IT02710790060;
INTRA-EX;202509;513881387;EVE-A45S-CF-INT;84213100;IT;PT;10;EXW;11;3;;3,9;1;999;;IT02710790060;
INTRA-EX;202509;513881387;FMINDK47;84213100;IT;PT;10;EXW;11;3;;5,8;1;499;;IT02710790060;
INTRA-EX;202509;513881387;CTS-IGN-006;84099100;IT;PT;10;EXW;11;3;;0,3;4;119;;IT12072620011;
INTRA-EX;202509;513881387;AC-300-CP;84099100;IT;PT;10;EXW;11;3;;0,3;6;71;;IT12072620011;
INTRA-EX;202509;513881387;AC-200-IC;84198998;IT;PT;10;EXW;11;3;;11,9;1;263;;IT12072620011;
INTRA-EX;202509;513881387;EVE-A45S-CF-INT;84213100;IT;PT;10;EXW;11;3;;3,9;1;999;;IT12072620011;
INTRA-EX;202509;513881387;UR-LA2-2090;87088055;IT;PT;10;EXW;11;3;;2;1;52;;IT12072620011;
INTRA-EX;202509;513881387;VWR12P2GTM;84213100;NL;PT;10;EXW;11;3;;2,1;1;444;;NL866996473B01;
INTRA-EX;202509;513881387;SVW1090-4P-EB;87083091;IT;PT;10;EXW;11;3;;0,5;1;51;;IT02710790060;
INTRA-EX;202509;513881387;MMSBH-RX8-04K;40093100;NL;PT;10;EXW;11;3;;3,7;1;332;;NL866860666B01;
INTRA-EX;202509;513881387;CBK0052;87089235;IT;PT;10;EXW;11;3;;28,7;1;1154;;IT02710790060;
INTRA-EX;202509;513881387;SAUX093;87089235;IT;PT;10;EXW;11;3;;11,3;1;548;;IT02710790060;
INTRA-EX;202509;513881387;SILZKGR8B8S;85111000;NL;PT;10;EXW;11;3;;0,1;21;177;;NL866860666B01;
INTRA-EX;202509;513881387;SILFER8C7ES;85111000;NL;PT;10;EXW;11;3;;0,1;12;126;;NL866860666B01;
INTRA-EX;202509;513881387;R7437-8;85111000;NL;PT;10;EXW;11;3;;0,1;12;408;;NL866860666B01;
INTRA-EX;202509;513881387;VWR1200R600E;84213100;IT;PT;10;EXW;11;3;;4,9;2;619;;IT03813391202;
INTRA-EX;202509;513881387;FMINT25-WSRB;87089199;IT;PT;10;EXW;11;3;;14,3;1;802;;QV999999999999;
INTRA-EX;202509;513881387;MS100192-4;84099100;NL;PT;10;EXW;11;3;;1,7;1;216;;NL865367012B01;
INTRA-EX;202509;513881387;CI100038-A;84213100;NL;PT;10;EXW;11;3;;2,6;1;539;;NL865367012B01;
INTRA-EX;202509;513881387;R304-H4-60RS;87089235;IT;PT;10;EXW;11;3;;12,7;1;614;;QV999999999999;
INTRA-EX;202509;513881387;CTS-HW-0484;87089997;NL;PT;10;EXW;11;3;;5,2;1;669;;QV999999999999;
INTRA-EX;202509;513881387;VWR680014;87083099;IT;PT;10;EXW;11;3;;19,7;1;503;;QV999999999999;
INTRA-EX;202509;513881387;COMBO-NOV-MQB;84213100;NL;PT;10;EXW;11;3;;5,5;1;437;;QV999999999999;
INTRA-EX;202509;513881387;VWR12G7R601FO;84213100;NL;PT;10;EXW;11;3;;0,9;1;148;;QV999999999999;
INTRA-EX;202509;513881387;MS100192-4;84099100;ES;PT;10;EXW;11;3;;1,7;1;183;;ES54073987K;
INTRA-EX;202509;513881387;SHY105;87089235;ES;PT;10;EXW;11;3;;21,5;1;980;;ES45899844D;
INTRA-EX;202509;513881387;MMRAD-MIA-99;87089135;ES;PT;10;EXW;11;3;;8,4;1;179;;ES18062887K;
INTRA-EX;202509;513881387;FMR56RDH-BLA;40091100;ES;PT;10;EXW;11;3;;1,1;1;109;;ESF21716261;
INTRA-EX;202509;513881387;FMKCR56-BLA;40091100;ES;PT;10;EXW;11;3;;1,6;1;221;;ESF21716261;
INTRA-EX;202509;513881387;MMHOSE-SUB-IHBK;40093100;ES;PT;10;EXW;11;3;;1,3;1;152;;ES72815006L;
INTRA-EX;202509;513881387;PFR7B;85111000;ES;PT;10;EXW;11;3;;0,2;4;40;;ES72815006L;
INTRA-EX;202509;513881387;ILFR7H;85111000;ES;PT;10;EXW;11;3;;0,2;4;45;;ES72815006L;
INTRA-EX;202509;513881387;VWR13G700;84099100;ES;PT;10;EXW;11;3;;3;1;468;;ESB01715598;
INTRA-EX;202509;513881387;CTS-TM-MK56-60D;84099100;ES;PT;10;EXW;11;3;;2;1;89;;ESB70870076;
INTRA-EX;202509;513881387;CTS-EM-MK456-4-60D;84099100;ES;PT;10;EXW;11;3;;2,5;1;89;;ESB70870076;
INTRA-EX;202509;513881387;ATMSMINI6;87089997;ES;PT;10;EXW;11;3;;4;1;364;;ESF21716261;
INTRA-EX;202509;513881387;VWR31G5GT;87088035;ES;PT;10;EXW;11;3;;11;1;174;;ESB42954230;
INTRA-EX;202509;513881387;VWR31G7GT;87088035;ES;PT;10;EXW;11;3;;8,5;2;322;;ESB42954230;
INTRA-EX;202509;513881387;Z1003100;85111000;ES;PT;10;EXW;11;3;;0,1;12;298;;ESB42954230;
INTRA-EX;202509;513881387;VWR13G700RFK;87089997;ES;PT;10;EXW;11;3;;0,5;1;46;;ESB42954230;
INTRA-EX;202509;513881387;VWR12G7R600FO;84213100;ES;PT;10;EXW;11;3;;0,5;1;86;;ESB42954230;
INTRA-EX;202509;513881387;VWR900004;85111000;ES;PT;10;EXW;11;3;;0,3;18;590;;ESB42954230;
INTRA-EX;202509;513881387;SSE0433-4P-RD;87083091;ES;PT;10;EXW;11;3;;0,5;1;63;;ES44719365M;
INTRA-EX;202509;513881387;VWR652000-BLU;87089997;ES;PT;10;EXW;11;3;;36,1;1;1510;;ESB42954230;
INTRA-EX;202509;513881387;VWR12G7R600ITRED;84213100;ES;PT;10;EXW;11;3;;0,8;2;152;;ESB42954230;
INTRA-EX;202509;513881387;VWR12G7R600ITBLA;84213100;ES;PT;10;EXW;11;3;;0,8;2;152;;ESB42954230;
INTRA-EX;202509;513881387;VWR1200R600E;84213100;ES;PT;10;EXW;11;3;;4,9;1;309;;ESB42954230;
INTRA-EX;202509;513881387;VWR160001;87089997;ES;PT;10;EXW;11;3;;0,4;6;515;;ESB42954230;
INTRA-EX;202509;513881387;VWR12G7R600ITINLET;87089997;ES;PT;10;EXW;11;3;;0,4;6;601;;ESB42954230;
INTRA-EX;202509;513881387;VWR1200R601E;84213100;ES;PT;10;EXW;11;3;;4,9;1;338;;ESB42954230;
INTRA-EX;202509;513881387;204-4302;87089997;ES;PT;10;EXW;11;3;;1,5;1;187;;QV999999999999;
INTRA-EX;202509;513881387;204-5408;87089997;ES;PT;10;EXW;11;3;;1;1;154;;QV999999999999;
INTRA-EX;202509;513881387;5M5585H-STD;40091100;ES;PT;10;EXW;11;3;;0,3;1;90;;QV999999999999;
INTRA-EX;202509;513881387;4B5562H-STD;40091100;ES;PT;10;EXW;11;3;;0,2;1;63;;QV999999999999;
INTRA-EX;202509;513881387;F2177P+F2179P;87082910;ES;PT;10;EXW;11;3;;1,5;1;567;;QV999999999999;
INTRA-EX;202509;513881387;FMINLH9-STO;40093100;ES;PT;10;EXW;11;3;;1,5;1;208;;QV999999999999;
INTRA-EX;202509;513881387;10.127.101K;84133080;ES;PT;10;EXW;11;3;;0,3;1;312;;QV999999999999;
INTRA-EX;202509;513881387;AC-MQB-IC;84198998;ES;PT;10;EXW;11;3;;16,3;1;468;;QV999999999999;
INTRA-EX;202509;513881387;AC-MK7-TI;40091100;ES;PT;10;EXW;11;3;;1,3;1;107;;QV999999999999;
INTRA-EX;202509;513881387;AC-MK7-THK-BK;87089997;ES;PT;10;EXW;11;3;;1,8;1;81;;QV999999999999;
INTRA-EX;202509;513881387;AC-MK7-IT;84198998;ES;PT;10;EXW;11;3;;4,3;1;193;;QV999999999999;
INTRA-EX;202509;513881387;284780;;ES;PT;10;EXW;11;3;;0,1;1;679;;QV999999999999;
INTRA-EX;202509;513881387;VWR680004;87083099;ES;PT;10;EXW;11;3;;22;1;676;;QV999999999999;
INTRA-EX;202509;513881387;R7437-9-4;87089997;ES;PT;10;EXW;11;3;;0,3;1;165;;QV999999999999;
INTRA-EX;202509;513881387;VWR640012;87089997;ES;PT;10;EXW;11;3;;2,2;1;86;;QV999999999999;
INTRA-EX;202509;513881387;STY0014-4P-BK;87083091;ES;PT;10;EXW;11;3;;0,5;1;77;;QV999999999999;
INTRA-EX;202509;513881387;ATINTYGR1;87089997;ES;PT;10;EXW;11;3;;13,2;1;535;;QV999999999999;
INTRA-EX;202509;513881387;SAUS030C;;ES;PT;10;EXW;11;3;;0,1;1;811;;QV999999999999;
INTRA-EX;202509;513881387;CTS-IT-250;84213100;ES;PT;10;EXW;11;3;;6,6;1;320;;QV999999999999;
INTRA-EX;202509;513881387;SFDX091;87089235;ES;PT;10;EXW;11;3;;6,6;1;524;;QV999999999999;
INTRA-EX;202509;513881387;PP2008;84213100;ES;PT;10;EXW;11;3;;0,5;1;37;;QV999999999999;
INTRA-EX;202509;513881387;AC-CEL-FIX-S;87089997;ES;PT;10;EXW;11;3;;0,2;1;31;;QV999999999999;
INTRA-EX;202509;513881387;BKR8EIX-4;85111000;ES;PT;10;EXW;11;3;;0,3;1;42;;QV999999999999;
INTRA-EX;202509;513881387;AC-MK7-DP;87089235;ES;PT;10;EXW;11;3;;9,2;1;223;;QV999999999999;
INTRA-EX;202509;513881387;COMBO-NOV-MQB;84213100;ES;PT;10;EXW;11;3;;5,5;1;437;;QV999999999999;
INTRA-EX;202509;513881387;SRN025;87089235;ES;PT;10;EXW;11;3;;17,6;1;545;;QV999999999999;
INTRA-EX;202509;513881387;FS-39033B44R/45L;87089997;ES;PT;10;EXW;11;3;;20;1;731;;QV999999999999;
INTRA-EX;202509;513881387;MMOC-350Z-03T;87089135;ES;PT;10;EXW;11;3;;5,3;1;407;;QV999999999999;
INTRA-EX;202509;513881387;MMFS-350Z-03;84149000;ES;PT;10;EXW;11;3;;5,8;1;216;;QV999999999999;
INTRA-EX;202509;513881387;999778.999994;84836080;ES;PT;10;EXW;11;3;;6;1;532;;QV999999999999;
INTRA-EX;202509;513881387;043151.000388;84836080;ES;PT;10;EXW;11;3;;0,3;1;51;;QV999999999999;
INTRA-EX;202509;513881387;001394.999502;84836080;ES;PT;10;EXW;11;3;;6,7;1;565;;QV999999999999;
INTRA-EX;202509;513881387;613182.654150;87089997;ES;PT;10;EXW;11;3;;0,5;1;62;;QV999999999999;
INTRA-EX;202509;513881387;AC-200-PCVD;87089997;ES;PT;10;EXW;11;3;;0,5;1;48;;QV999999999999;
INTRA-EX;202509;513881387;AC-200-CFA-KIT;87089997;ES;PT;10;EXW;11;3;;0,1;1;32;;QV999999999999;
INTRA-EX;202509;513881387;FR-0513;84213100;ES;PT;10;EXW;11;3;;6;1;703;;QV999999999999;
INTRA-EX;202509;513881387;AC-211-CFA;87089997;ES;PT;10;EXW;11;3;;0,1;1;24;;QV999999999999;
INTRA-EX;202509;513881387;AC-211-HPFP;84132000;ES;PT;10;EXW;11;3;;1,5;1;483;;QV999999999999;
INTRA-EX;202509;513881387;AC-200-IC;84198998;ES;PT;10;EXW;11;3;;11,9;1;394;;QV999999999999;
INTRA-EX;202509;513881387;MMRAD-MAC-06;87089135;ES;PT;10;EXW;11;3;;9,1;1;261;;QV999999999999;
INTRA-EX;202509;513881387;MMIG-350Z-0306;85111000;ES;PT;10;EXW;11;3;;2;1;157;;QV999999999999;
INTRA-EX;202509;513881387;MMOC-350Z-03T;87089135;ES;PT;10;EXW;11;3;;5,3;1;407;;QV999999999999;
INTRA-EX;202509;513881387;ASCDISC3;87089997;ES;PT;10;EXW;11;3;;22,4;1;531;;QV999999999999;
INTRA-EX;202509;513881387;AC-211-HPFP;84132000;ES;PT;10;EXW;11;3;;1,5;1;483;;QV999999999999;
INTRA-EX;202509;513881387;TI-123-BK;40091100;ES;PT;10;EXW;11;3;;2,1;1;77;;QV999999999999;
INTRA-EX;202509;513881387;VSH64-B1DS2;84099100;ES;PT;10;EXW;11;3;;14,7;1;514;;QV999999999999;
INTRA-EX;202509;513881387;MMFW-SM-6GM;87089997;ES;PT;10;EXW;11;3;;0,1;1;10;;QV999999999999;
INTRA-EX;202509;513881387;001394.999502;84836080;ES;PT;10;EXW;11;3;;6,7;1;565;;QV999999999999;
INTRA-EX;202509;513881387;MS100204-4;84099100;ES;PT;10;EXW;11;3;;1,7;1;179;;QV999999999999;
INTRA-EX;202509;513881387;COMBO-NOV-MQB;84213100;ES;PT;10;EXW;11;3;;5,5;1;437;;QV999999999999;
INTRA-EX;202509;513881387;R7437-9-4;87089997;ES;PT;10;EXW;11;3;;0,3;1;169;;QV999999999999;
INTRA-EX;202509;513881387;mmai-cla45-14bk;84213100;ES;PT;10;EXW;11;3;;4,1;1;339;;QV999999999999;
INTRA-EX;202509;513881387;AC-45-DPHS;87089235;ES;PT;10;EXW;11;3;;9,2;1;396;;QV999999999999;
INTRA-EX;202509;513881387;216EVOBO;90262020;ES;PT;10;EXW;11;3;;0,3;1;66;;QV999999999999;
INTRA-EX;202509;513881387;BWF19XZ;87088055;ES;PT;10;EXW;11;3;;5,5;1;191;;QV999999999999;
INTRA-EX;202509;513881387;BWR20XZ;87088055;ES;PT;10;EXW;11;3;;5,8;1;170;;QV999999999999;
INTRA-EX;202509;513881387;FMVWQS;87089997;ES;PT;10;EXW;11;3;;0,7;1;97;;QV999999999999;
INTRA-EX;202509;513881387;BKR7EIX-4;84099100;ES;PT;10;EXW;11;3;;0,3;1;40;;QV999999999999;
INTRA-EX;202509;513881387;AC-200-CFA-KIT;87089997;ES;PT;10;EXW;11;3;;0,1;1;32;;QV999999999999;
INTRA-EX;202509;513881387;105777;27101999;ES;PT;10;EXW;11;3;;1,1;3;43;;QV999999999999;
INTRA-EX;202509;513881387;AC-200-OSA;87089997;ES;PT;10;EXW;11;3;;0,2;1;27;;QV999999999999;
INTRA-EX;202509;513881387;216EVOOT-RB;90269000;ES;PT;10;EXW;11;3;;0,3;1;46;;QV999999999999;
INTRA-EX;202509;513881387;AC-40T-DPHS;87089997;ES;PT;10;EXW;11;3;;8,9;1;539;;QV999999999999;
INTRA-EX;202509;513881387;AC-S55-MP;87089235;ES;PT;10;EXW;11;3;;15;1;490;;QV999999999999;
INTRA-EX;202509;513881387;MMOC-BRZ-13T;87089135;ES;PT;10;EXW;11;3;;5,4;1;613;;QV999999999999;
INTRA-EX;202509;513881387;3797756548SP;87087099;ES;PT;10;EXW;11;3;;9,7;2;578;;QV999999999999;
INTRA-EX;202509;513881387;MS100244-6;85111000;ES;PT;10;EXW;11;3;;2;1;204;;QV999999999999;
INTRA-EX;202509;513881387;IZKR7B-6;85111000;ES;PT;10;EXW;11;3;;0,4;1;58;;QV999999999999;
INTRA-EX;202509;513881387;FMIND5R32-BLA;84213100;ES;PT;10;EXW;11;3;;4,1;1;278;;QV999999999999;
INTRA-EX;202509;513881387;MMRT-CTR-17EMWRD;87089199;ES;PT;10;EXW;11;3;;3,4;1;221;;QV999999999999;
INTRA-EX;202509;513881387;MMRAD-CTR-17;87089135;ES;PT;10;EXW;11;3;;11,4;1;490;;QV999999999999;
INTRA-EX;202509;513881387;MMRAD-MK7-15;87089135;ES;PT;10;EXW;11;3;;11;1;568;;QV999999999999;
INTRA-EX;202509;513881387;AC-W205-DPHS;87089997;ES;PT;10;EXW;11;3;;9,3;1;520;;QV999999999999;
INTRA-EX;202509;513881387;002352.999502;84836080;ES;PT;10;EXW;11;3;;6,8;1;556;;QV999999999999;
INTRA-EX;202509;513881387;613182.654150;87089997;ES;PT;10;EXW;11;3;;0,5;1;62;;QV999999999999;
INTRA-EX;202509;513881387;001422.999502;84836080;ES;PT;10;EXW;11;3;;7;1;565;;ES03063442A;
INTRA-EX;202509;513881387;SCNX014;87089235;ES;PT;10;EXW;11;3;;3,7;1;424;;QV999999999999;
INTRA-EX;202509;513881387;AC-300-CP-4;84099100;ES;PT;10;EXW;11;3;;1;1;70;;QV999999999999;
INTRA-EX;202509;513881387;Z-331238;87089997;ES;PT;10;EXW;11;3;;2;1;167;;QV999999999999;
INTRA-EX;202509;513881387;Z-335112;87089997;ES;PT;10;EXW;11;3;;2;1;152;;QV999999999999;
INTRA-EX;202509;513881387;SD-3315007;87089997;ES;PT;10;EXW;11;3;;14,5;1;190;;QV999999999999;
INTRA-EX;202509;513881387;AC-N55-TP;40091100;FR;PT;10;EXW;11;3;;1,7;1;107;;FR35504243288;
INTRA-EX;202509;513881387;X11127565284ALBK;87089997;FR;PT;10;EXW;11;3;;7;2;279;;FR35504243288;
INTRA-EX;202509;513881387;KLC180-295;87089997;FR;PT;10;EXW;11;3;;1,1;1;100;;FR35504243288;
INTRA-EX;202509;513881387;SILZKBR8D8S;85111000;FR;PT;10;EXW;11;3;;0,1;6;58;;FR35504243288;
INTRA-EX;202509;513881387;SPGS022;87089235;FR;PT;10;EXW;11;3;;20,5;1;653;;QV999999999999;
INTRA-EX;202509;513881387;044DW21143;84099100;FR;PT;10;EXW;11;3;;3,6;1;460;;QV999999999999;
INTRA-EX;202509;513881387;5B7880H-STD;40091100;FR;PT;10;EXW;11;3;;0,3;1;54;;QV999999999999;
INTRA-EX;202509;513881387;06E898001-5;84099100;FR;PT;10;EXW;11;3;;1,9;1;131;;QV999999999999;
INTRA-EX;202509;513881387;R7437-9-5;85111000;FR;PT;10;EXW;11;3;;0,3;1;208;;QV999999999999;
INTRA-EX;202509;513881387;10.127.101K;84133080;FR;PT;10;EXW;11;3;;0,3;1;314;;QV999999999999;
INTRA-EX;202509;513881387;AC-MK7-CP-4;84099100;FR;PT;10;EXW;11;3;;1;1;112;;QV999999999999;
INTRA-EX;202509;513881387;R7437-8-4;84099100;FR;PT;10;EXW;11;3;;0,3;1;160;;QV999999999999;
INTRA-EX;202509;513881387;CTS-IT-275;87089235;FR;PT;10;EXW;11;3;;1,7;1;169;;QV999999999999;
INTRA-EX;202509;513881387;AC-MQB-IC;84198998;FR;PT;10;EXW;11;3;;16,3;1;472;;QV999999999999;
INTRA-EX;202509;513881387;ATIKFO14;87089997;FR;PT;10;EXW;11;3;;4,5;1;557;;QV999999999999;
INTRA-EX;202509;513881387;FMINDK47;84213100;FR;PT;10;EXW;11;3;;5,8;1;631;;QV999999999999;
INTRA-EX;202509;513881387;001422.999502;84836080;FR;PT;10;EXW;11;3;;7;1;560;;QV999999999999;
INTRA-EX;202509;513881387;R-AUD-010-I;84833080;FR;PT;10;EXW;11;3;;3,3;1;523;;QV999999999999;
INTRA-EX;202509;513881387;4B5562H-STD;40091100;FR;PT;10;EXW;11;3;;0,2;1;64;;QV999999999999;
INTRA-EX;202509;513881387;5M5585H-STD;40091100;FR;PT;10;EXW;11;3;;0,3;1;91;;QV999999999999;
INTRA-EX;202509;513881387;CTS-IT-810;40091100;FR;PT;10;EXW;11;3;;2,5;2;440;;FR35504243288;
INTRA-EX;202509;513881387;CTS-HW-0271;84099100;FR;PT;10;EXW;11;3;;0,4;1;64;;FR35504243288;
INTRA-EX;202509;513881387;SILZKBR8D8S-6;84099100;FR;PT;10;EXW;11;3;;0,4;5;332;;FR35504243288;
INTRA-EX;202509;513881387;FO325/Speciale;87089997;FR;PT;10;EXW;11;3;;1;1;821;;FR54524045036;
INTRA-EX;202509;513881387;SFD085D;87089235;FR;PT;10;EXW;11;3;;21,5;1;791;;QV999999999999;
INTRA-EX;202509;513881387;SFDC082;87089235;FR;PT;10;EXW;11;3;;5,6;1;213;;QV999999999999;
INTRA-EX;202509;513881387;FMSCPS53TIK;87089997;FR;PT;10;EXW;11;3;;1,8;1;175;;QV999999999999;
INTRA-EX;202509;513881387;FMCCRADS53T;87089135;FR;PT;10;EXW;11;3;;11,7;1;1100;;QV999999999999;
INTRA-EX;202509;513881387;FMBGKS53T;90262020;FR;PT;10;EXW;11;3;;0,1;1;28;;QV999999999999;
INTRA-EX;202509;513881387;SAUS087;87089235;FR;PT;10;EXW;11;3;;40;1;1578;;QV999999999999;
INTRA-EX;202509;513881387;CTS-B8S4-AWIC;84198998;FR;PT;10;EXW;11;3;;10;1;599;;QV999999999999;
INTRA-EX;202509;513881387;FRI-0190;84213100;FR;PT;10;EXW;11;3;;4,8;1;567;;QV999999999999;
INTRA-EX;202509;513881387;AC-200R-DP;87089235;FR;PT;10;EXW;11;3;;10;1;249;;QV999999999999;
INTRA-EX;202509;513881387;10.127.100K;84132000;FR;PT;10;EXW;11;3;;0,3;1;314;;QV999999999999;
INTRA-EX;202509;513881387;CTS-IT-105R;84213100;FR;PT;10;EXW;11;3;;4,6;1;256;;QV999999999999;
INTRA-EX;202509;513881387;CTS-DP-IK1;87089997;FR;PT;10;EXW;11;3;;0,3;1;13;;QV999999999999;
INTRA-EX;202509;513881387;CTS-HW-266-180;87089997;FR;PT;10;EXW;11;3;;3,4;1;305;;QV999999999999;
INTRA-EX;202509;513881387;CTS-HW-0133;84099100;FR;PT;10;EXW;11;3;;0,5;1;135;;QV999999999999;
INTRA-EX;202509;513881387;CTS-IT-300R;84213100;FR;PT;10;EXW;11;3;;4,1;1;263;;QV999999999999;
INTRA-EX;202509;513881387;FMSCPS53TIK;87089997;FR;PT;10;EXW;11;3;;1,8;1;154;;QV999999999999;
INTRA-EX;202509;513881387;ARMAAUDIS4-A;84213100;FR;PT;10;EXW;11;3;;4,6;1;986;;QV999999999999;
INTRA-EX;202509;513881387;32018-AZ010;84213100;FR;PT;10;EXW;11;3;;13;1;671;;QV999999999999;
INTRA-EX;202509;513881387;R7437-9-4;87089997;FR;PT;10;EXW;11;3;;0,3;1;166;;QV999999999999;
INTRA-EX;202509;513881387;MS100192-4;84099100;FR;PT;10;EXW;11;3;;1,7;1;180;;QV999999999999;
INTRA-EX;202509;513881387;EVE-FLC;87084099;FR;PT;10;EXW;11;3;;0,6;1;28;;QV999999999999;
INTRA-EX;202509;513881387;06K103213A;40091100;FR;PT;10;EXW;11;3;;0,1;1;16;;QV999999999999;
INTRA-EX;202509;513881387;SAUC045;87089235;FR;PT;10;EXW;11;3;;8,8;1;492;;QV999999999999;
INTRA-EX;202509;513881387;32018-AZ010;84213100;FR;PT;10;EXW;11;3;;13;1;671;;QV999999999999;
INTRA-EX;202509;513881387;ARMAMIM135-A;84213100;FR;PT;10;EXW;11;3;;5,7;1;1050;;QV999999999999;
INTRA-EX;202509;513881387;D760-0067;84099100;FR;PT;10;EXW;11;3;;1,5;1;139;;QV999999999999;
INTRA-EX;202509;513881387;ATINTFO55;87089997;FR;PT;10;EXW;11;3;;10,5;1;508;;QV999999999999;
INTRA-EX;202509;513881387;32018-AZ010;84213100;FR;PT;10;EXW;11;3;;13;1;671;;QV999999999999;
INTRA-EX;202509;513881387;ARMAMSTG50-A;84213100;FR;PT;10;EXW;11;3;;2,4;1;588;;QV999999999999;
INTRA-EX;202509;513881387;31006-AN018;87089235;FR;PT;10;EXW;11;3;;17,3;1;636;;QV999999999999;
INTRA-EX;202509;513881387;FMSS3;87089997;FR;PT;10;EXW;11;3;;0,3;1;105;;QV999999999999;
INTRA-EX;202509;513881387;SHY0900-4P-BK;87083091;FR;PT;10;EXW;11;3;;0,8;1;97;;QV999999999999;
INTRA-EX;202509;513881387;SHYSP102;87089997;FR;PT;10;EXW;11;3;;3;1;173;;QV999999999999;
INTRA-EX;202509;513881387;SHYP104;87089235;FR;PT;10;EXW;11;3;;3,2;1;202;;QV999999999999;
INTRA-EX;202509;513881387;CTS-IT-300R;84213100;FR;PT;10;EXW;11;3;;4,1;1;273;;QV999999999999;
INTRA-EX;202509;513881387;CTS-HW-266-187;87089997;FR;PT;10;EXW;11;3;;3,4;1;322;;QV999999999999;
INTRA-EX;202509;513881387;AC-C8RS-DPHS;87089997;FR;PT;10;EXW;11;3;;9,1;1;539;;QV999999999999;
INTRA-EX;202509;513881387;204-4302;87089997;FR;PT;10;EXW;11;3;;1,5;1;189;;QV999999999999;
INTRA-EX;202509;513881387;F2177P+F2179P;87082910;FR;PT;10;EXW;11;3;;1,5;1;534;;QV999999999999;
INTRA-EX;202509;513881387;F2177P+F2179P;87082910;FR;PT;10;EXW;11;3;;1,5;1;534;;QV999999999999;
INTRA-EX;202509;513881387;SVWS042;87089235;FR;PT;10;EXW;11;3;;20,4;1;547;;QV999999999999;
INTRA-EX;202509;513881387;F2288P+F2289P+F2292P+F229;;FR;PT;10;EXW;11;3;;0,1;1;771;;QV999999999999;
INTRA-EX;202509;513881387;CTS-IT-340R;84213100;FR;PT;10;EXW;11;3;;3,4;1;276;;QV999999999999;
INTRA-EX;202509;513881387;CTS-IT-341;40091100;FR;PT;10;EXW;11;3;;1,4;1;202;;QV999999999999;
INTRA-EX;202509;513881387;AC-B58-INLET;40091100;FR;PT;10;EXW;11;3;;0,6;1;104;;QV999999999999;
INTRA-EX;202509;513881387;17U-00-0650-5;87089997;FR;PT;10;EXW;11;3;;0,3;1;441;;QV999999999999;
INTRA-EX;202509;513881387;ATINTFO20;87089997;FR;PT;10;EXW;11;3;;10,5;1;358;;QV999999999999;
INTRA-EX;202509;513881387;AC-8V5RS-OP;87089997;FR;PT;10;EXW;11;3;;5;1;457;;QV999999999999;
INTRA-EX;202509;513881387;R7437-9-5;85111000;FR;PT;10;EXW;11;3;;0,3;1;213;;QV999999999999;
INTRA-EX;202509;513881387;VWR13G700;84099100;FR;PT;10;EXW;11;3;;3;1;635;;QV999999999999;
INTRA-EX;202509;513881387;AC-C7RS-DPHS;87089997;FR;PT;10;EXW;11;3;;8,8;1;419;;QV999999999999;
INTRA-EX;202509;513881387;SAUP087;87089997;FR;PT;10;EXW;11;3;;12,4;1;303;;QV999999999999;
INTRA-EX;202509;513881387;CTS-B8S4-AWIC;84198998;FR;PT;10;EXW;11;3;;10;1;599;;QV999999999999;
INTRA-EX;202509;513881387;SP1128WB;84213100;FR;PT;10;EXW;11;3;;4,7;1;396;;QV999999999999;
INTRA-EX;202509;513881387;AC-N55-TP;40091100;FR;PT;10;EXW;11;3;;1,7;1;157;;QV999999999999;
INTRA-EX;202509;513881387;001423.000685;84836080;FR;PT;10;EXW;11;3;;6,7;1;537;;QV999999999999;
INTRA-EX;202509;513881387;SAUX093;87089235;FR;PT;10;EXW;11;3;;11,3;1;724;;QV999999999999;
INTRA-EX;202509;513881387;AC-FA20-OSA;87089235;FR;PT;10;EXW;11;3;;0,4;1;24;;QV999999999999;
INTRA-EX;202509;513881387;SK-D13;87089997;FR;PT;10;EXW;11;3;;0,1;1;14;;QV999999999999;
INTRA-EX;202509;513881387;VSQ54-B1DS2;84099100;FR;PT;10;EXW;11;3;;16,2;1;542;;QV999999999999;
INTRA-EX;202509;513881387;MMODP-1615B;70102000;FR;PT;10;EXW;11;3;;0,1;1;15;;QV999999999999;
INTRA-EX;202509;513881387;MMTS-BRZ-13;90321020;FR;PT;10;EXW;11;3;;0,1;1;44;;QV999999999999;
INTRA-EX;202509;513881387;238CLSDWAOP-R;87089997;FR;PT;10;EXW;11;3;;0,6;1;77;;QV999999999999;
INTRA-EX;202509;513881387;216BFWAOTSM;90269000;FR;PT;10;EXW;11;3;;0,3;1;39;;QV999999999999;
INTRA-EX;202509;513881387;ATINTMAZ02;87089135;FR;PT;10;EXW;11;3;;22,3;1;811;;QV999999999999;
INTRA-EX;202509;513881387;SVXP062;87089235;FR;PT;10;EXW;11;3;;5,7;1;246;;QV999999999999;
INTRA-EX;202509;513881387;SVXC062;87089235;FR;PT;10;EXW;11;3;;6,5;1;295;;QV999999999999;
INTRA-EX;202509;513881387;034-108-1014;84213100;FR;PT;10;EXW;11;3;;4,8;1;728;;QV999999999999;
INTRA-EX;202509;513881387;SVWX036;87089235;FR;PT;10;EXW;11;3;;12;1;678;;QV999999999999;
INTRA-EX;202509;513881387;KTA255;87089997;FR;PT;10;EXW;11;3;;7,8;1;410;;QV999999999999;
INTRA-EX;202509;513881387;MMOCC-LAWBK;87089997;FR;PT;10;EXW;11;3;;1;1;94;;QV999999999999;
INTRA-EX;202509;513881387;001394.999502;84836080;FR;PT;10;EXW;11;3;;6,7;1;569;;QV999999999999;
INTRA-EX;202509;513881387;MS100195-5;84133020;FR;PT;10;EXW;11;3;;2,2;1;504;;QV999999999999;
INTRA-EX;202509;513881387;ILZKBR7B8G-4;87089997;FR;PT;10;EXW;11;3;;0,3;1;38;;QV999999999999;
INTRA-EX;202509;513881387;EUPD4003209R;84099100;FR;PT;10;EXW;11;3;;1,4;1;694;;QV999999999999;
INTRA-EX;202509;513881387;SVWC051;87089235;FR;PT;10;EXW;11;3;;7,5;1;448;;QV999999999999;
INTRA-EX;202509;513881387;AC-MK7-CP-4;84099100;FR;PT;10;EXW;11;3;;1;1;112;;QV999999999999;
INTRA-EX;202509;513881387;CTS-EXH-DP-0017;87089235;FR;PT;10;EXW;11;3;;10;1;509;;QV999999999999;
INTRA-EX;202509;513881387;FMINDS5-BLA;40091100;FR;PT;10;EXW;11;3;;1,2;1;109;;QV999999999999;
INTRA-EX;202509;513881387;SAU044B;87088055;FR;PT;10;EXW;11;3;;1,1;1;78;;QV999999999999;
INTRA-EX;202509;513881387;CTS-20T-MQB-DF;87089199;FR;PT;10;EXW;11;3;;16;1;719;;QV999999999999;
INTRA-EX;202509;513881387;U3P3A8JX;87089997;FR;PT;10;EXW;11;3;;0,5;1;322;;QV999999999999;
INTRA-EX;202509;513881387;420121321;84099100;FR;PT;10;EXW;11;3;;0,1;1;29;;QV999999999999;
INTRA-EX;202509;513881387;AC-VAG-ODP;70102000;FR;PT;10;EXW;11;3;;0,2;1;8;;QV999999999999;
INTRA-EX;202509;513881387;420103485B;70102000;FR;PT;10;EXW;11;3;;0,1;1;23;;QV999999999999;
INTRA-EX;202509;513881387;CTS-IT-210;40091100;FR;PT;10;EXW;11;3;;1,1;1;172;;QV999999999999;
INTRA-EX;202509;513881387;AC-MK8-DP;87089235;FR;PT;10;EXW;11;3;;8,3;1;232;;QV999999999999;
INTRA-EX;202509;513881387;SUS00016;87089997;FR;PT;10;EXW;11;3;;12;1;249;;QV999999999999;
INTRA-EX;202509;513881387;RF100029;84099100;FR;PT;10;EXW;11;3;;0,5;1;44;;QV999999999999;
INTRA-EX;202509;513881387;001394.999502;84836080;FR;PT;10;EXW;11;3;;6,7;1;569;;QV999999999999;
INTRA-EX;202509;513881387;VSGB6-B1DS3;84099100;FR;PT;10;EXW;11;3;;18,2;1;542;;QV999999999999;
INTRA-EX;202509;513881387;X11127565284ALBK;87089997;FR;PT;10;EXW;11;3;;7;1;233;;QV999999999999;
INTRA-EX;202509;513881387;MMBCC-N54-06CBE2;87089997;FR;PT;10;EXW;11;3;;2,1;1;186;;QV999999999999;
INTRA-EX;202509;513881387;CTS-HW-0271;84099100;FR;PT;10;EXW;11;3;;0,4;1;69;;QV999999999999;
INTRA-EX;202509;513881387;MMHXF-12-4-RD;87089997;FR;PT;10;EXW;11;3;;0,1;1;16;;QV999999999999;
INTRA-EX;202509;513881387;SBMX102;87089235;FR;PT;10;EXW;11;3;;7,4;1;496;;QV999999999999;
INTRA-EX;202509;513881387;E40-15-021-01-11;73202081;FR;PT;10;EXW;11;3;;9,3;1;507;;QV999999999999;
INTRA-EX;202509;513881387;CTS-IT-300R;84213100;FR;PT;10;EXW;11;3;;4,1;1;273;;QV999999999999;
INTRA-EX;202509;513881387;CTS-EXH-DP-0017;87089235;FR;PT;10;EXW;11;3;;10;1;509;;QV999999999999;
INTRA-EX;202509;513881387;AC-C8RS-DPHS;87089997;FR;PT;10;EXW;11;3;;9,1;1;539;;QV999999999999;
INTRA-EX;202509;513881387;AC-S63-IC;84198998;FR;PT;10;EXW;11;3;;12;1;599;;QV999999999999;
INTRA-EX;202509;513881387;SFD098;87089235;FR;PT;10;EXW;11;3;;19;1;562;;QV999999999999;
INTRA-EX;202509;513881387;SAUX093;87089235;FR;PT;10;EXW;11;3;;11,3;1;724;;QV999999999999;
INTRA-EX;202509;513881387;VWR81G700;87088055;FR;PT;10;EXW;11;3;;2,6;1;455;;QV999999999999;
INTRA-EX;202509;513881387;VWR17G7R600;40091100;FR;PT;10;EXW;11;3;;0,2;1;54;;QV999999999999;
INTRA-EX;202509;513881387;ASAF;33030010;FR;PT;10;EXW;11;3;;0,1;1;1;;QV999999999999;
INTRA-EX;202509;513881387;AC-200-HPFP;87089997;FR;PT;10;EXW;11;3;;1;1;479;;QV999999999999;
INTRA-EX;202509;513881387;AC-200-CFA-KIT;87089997;FR;PT;10;EXW;11;3;;0,1;1;32;;QV999999999999;
INTRA-EX;202509;513881387;AC-MK7-CP-4;84099100;FR;PT;10;EXW;11;3;;1;2;224;;QV999999999999;
INTRA-EX;202509;513881387;R7437-9-4;87089997;FR;PT;10;EXW;11;3;;0,3;2;332;;QV999999999999;
INTRA-EX;202509;513881387;SD-3416003;87089997;FR;PT;10;EXW;11;3;;19,5;1;252;;QV999999999999;
INTRA-EX;202509;513881387;Z-325499;87089997;FR;PT;10;EXW;11;3;;1,1;1;153;;QV999999999999;
INTRA-EX;202509;513881387;SD-3456004;87089997;FR;PT;10;EXW;11;3;;14;1;222;;QV999999999999;
INTRA-EX;202509;513881387;B58B30-DD;87089235;FR;PT;10;EXW;11;3;;4,1;1;558;;QV999999999999;
INTRA-EX;202509;513881387;5W40;27101999;FR;PT;10;EXW;11;3;;1,9;4;116;;QV999999999999;
INTRA-EX;202509;513881387;R7438-9-5;85111000;FR;PT;10;EXW;11;3;;0,3;1;197;;QV999999999999;
INTRA-EX;202509;513881387;MS100204-5;85111000;FR;PT;10;EXW;11;3;;2,2;1;226;;QV999999999999;
INTRA-EX;202509;513881387;AC-8V5RS-DPHS;87089235;FR;PT;10;EXW;11;3;;13,1;1;509;;QV999999999999;
INTRA-EX;202509;513881387;002352.999502;84836080;FR;PT;10;EXW;11;3;;6,8;1;560;;QV999999999999;
INTRA-EX;202509;513881387;613182.654150;87089997;FR;PT;10;EXW;11;3;;0,5;1;62;;QV999999999999;
INTRA-EX;202509;513881387;034-108-1040;84213100;FR;PT;10;EXW;11;3;;5,1;1;510;;QV999999999999;
INTRA-EX;202509;513881387;UR-LA4-157x;87088055;FR;PT;10;EXW;11;3;;3,7;1;123;;QV999999999999;
INTRA-EX;202509;513881387;UR-TW2-340;87088055;FR;PT;10;EXW;11;3;;2,5;1;105;;QV999999999999;
INTRA-EX;202509;513881387;BHR67Z;87088055;FR;PT;10;EXW;11;3;;5;1;183;;QV999999999999;
INTRA-EX;202509;513881387;BHF50Z;87088055;FR;PT;10;EXW;11;3;;5;1;183;;QV999999999999;
INTRA-EX;202509;513881387;AC-MK7-HPFP;87089997;FR;PT;10;EXW;11;3;;1,6;1;494;;QV999999999999;
INTRA-EX;202509;513881387;KLC141;87088055;FR;PT;10;EXW;11;3;;1;1;121;;QV999999999999;
INTRA-EX;202509;513881387;BWR21XZ;87089997;FR;PT;10;EXW;11;3;;5,4;1;205;;QV999999999999;
INTRA-EX;202509;513881387;KCA472;87088035;FR;PT;10;EXW;11;3;;2;1;193;;QV999999999999;
INTRA-EX;202509;513881387;VSH64-C1SA3;73209090;FR;PT;10;EXW;11;3;;25;1;789;;QV999999999999;
INTRA-EX;202509;513881387;D650-0010;84099100;PL;PT;10;EXW;11;3;;0,3;6;151;;PL6972395288;
INTRA-EX;202509;513881387;EVE-FX34M-V2-INT;84213100;PL;PT;10;EXW;11;3;;5,9;1;999;;PL6972395288;
INTRA-EX;202509;513881387;EVE-G9X-CF-CHG;40091100;PL;PT;10;EXW;11;3;;1,3;1;521;;PL6972395288;
INTRA-EX;202509;513881387;10.127.100K;84132000;GR;PT;10;EXW;11;3;;0,3;2;454;;GREL163940830;
INTRA-EX;202509;513881387;FM225TBH-RED;40091100;GR;PT;10;EXW;11;3;;0,1;1;21;;GREL802913609;
INTRA-EX;202509;513881387;8E0971824S-RD;84099100;GR;PT;10;EXW;11;3;;0,2;1;7;;GREL802913609;
INTRA-EX;202509;513881387;FM225AH-RED;40093100;GR;PT;10;EXW;11;3;;0,3;1;33;;GREL802913609;
INTRA-EX;202509;513881387;BKR7EIX;85111000;GR;PT;10;EXW;11;3;;0,1;4;34;;GREL802913609;
INTRA-EX;202509;513881387;HMP-385;84213100;GR;PT;10;EXW;11;3;;0,2;1;71;;GREL802913609;
INTRA-EX;202509;513881387;SILZKBR8D8S;85111000;IT;PT;10;EXW;11;3;;0,1;6;58;;IT03656931205;
INTRA-EX;202509;513881387;ATMSP&C4;40091100;IT;PT;10;EXW;11;3;;6;1;262;;IT03656931205;
INTRA-EX;202509;513881387;ATINTVAG12;87089135;IT;PT;10;EXW;11;3;;18;1;569;;IT04227541200;
INTRA-EX;202509;513881387;MMHOSE-WRX-01BL;40093100;IT;PT;10;EXW;11;3;;0,7;1;85;;IT04227541200;
INTRA-EX;202509;513881387;EVE-FX34M-V2-INT;84213100;IT;PT;10;EXW;11;3;;5,9;1;999;;IT04227541200;
INTRA-EX;202509;513881387;4B1609H-STD;40091100;ES;PT;10;EXW;11;3;;0,5;1;47;;ES42263101A;
INTRA-EX;202509;513881387;MMRAD-STI-08;87089135;ES;PT;10;EXW;11;3;;6,9;1;236;;ES72815006L;
INTRA-EX;202509;513881387;E10-20-049-06-22;87088035;ES;PT;10;EXW;11;3;;12;1;197;;ESB94171030;
INTRA-EX;202509;513881387;SHIP-PICK;;ES;PT;10;EXW;11;3;;0,1;1;0;;ESB94171030;
INTRA-EX;202509;513881387;BKR8EIX;85111000;ES;PT;10;EXW;11;3;;0,1;8;72;;ESB42771618;
INTRA-EX;202509;513881387;FMBM335DV1-BLA-BLA;84814090;ES;PT;10;EXW;11;3;;3,3;1;313;;ESB42771618;
INTRA-EX;202509;513881387;EVE-EA8884-R-INT;84213100;ES;PT;10;EXW;11;3;;5;1;999;;ESB42771618;
INTRA-EX;202509;513881387;BKR7EIX;85111000;ES;PT;10;EXW;11;3;;0,1;12;103;;ESB42771618;
INTRA-EX;202509;513881387;SAUC089;87089235;ES;PT;10;EXW;11;3;;10;1;566;;ESB42771618;
INTRA-EX;202509;513881387;AC-MK7-DI.B;87089997;ES;PT;10;EXW;11;3;;0,1;1;21;;ESB42771618;
INTRA-EX;202509;513881387;SMBP006;87089235;ES;PT;10;EXW;11;3;;8,2;1;214;;ESB64437577;
INTRA-EX;202509;513881387;SMBS006;87089235;ES;PT;10;EXW;11;3;;12,2;1;476;;ESB64437577;
INTRA-EX;202509;513881387;EVE-G20B58-V2-INT;84213100;ES;PT;10;EXW;11;3;;4,5;1;999;;ES38873546G;
INTRA-EX;202509;513881387;FMINDK47;84213100;ES;PT;10;EXW;11;3;;5,8;1;499;;ESB76260033;
INTRA-EX;202509;513881387;AC-MK7-INLET;40091100;ES;PT;10;EXW;11;3;;0,3;1;45;;ESB76260033;
INTRA-EX;202509;513881387;AC-MK7-MD;87089997;ES;PT;10;EXW;11;3;;0,4;1;43;;ESB76260033;
INTRA-EX;202509;513881387;10.127.100K;84132000;ES;PT;10;EXW;11;3;;0,3;1;227;;ESB76260033;
INTRA-EX;202509;513881387;CTS-IGN-006;84099100;ES;PT;10;EXW;11;3;;0,3;4;119;;ESB76260033;
INTRA-EX;202509;513881387;SBMP081;87089235;DK;PT;10;EXW;11;3;;11,3;1;271;;DK44139332;
INTRA-EX;202509;513881387;AC-MQB-IC;84198998;CY;PT;10;EXW;11;3;;16,3;1;281;;CY00781748Y;
INTRA-EX;202509;513881387;CTS-IT-255R-2;87089135;CZ;PT;10;EXW;11;3;;8;1;284;;CZ05681197;
INTRA-EX;202509;513881387;PF05;90262020;CZ;PT;10;EXW;11;3;;0,2;1;170;;CZ05681197;
INTRA-EX;202509;513881387;VWR900003;85111000;PL;PT;10;EXW;11;3;;0,3;4;122;;PL8141683531;
INTRA-EX;202509;513881387;EVE-G9X-CF-CHG;40091100;PL;PT;10;EXW;11;3;;1,3;1;521;;PL8141683531;
INTRA-EX;202509;513881387;AC-MK7-INLET;40091100;PL;PT;10;EXW;11;3;;0,3;1;45;;PL8141683531;
INTRA-EX;202509;513881387;CTS-IT-285;40091100;PL;PT;10;EXW;11;3;;0,3;1;59;;PL8141683531;
INTRA-EX;202509;513881387;CTS-IT-256;40091100;PL;PT;10;EXW;11;3;;2,3;1;149;;PL8141683531;
INTRA-EX;202509;513881387;CTS-HW-360;40091100;PL;PT;10;EXW;11;3;;1,4;1;224;;PL6972395288;
INTRA-EX;202509;513881387;CTS-IT-255R-2;87089135;PL;PT;10;EXW;11;3;;8;1;284;;PL6972395288;
INTRA-EX;202509;513881387;AC-MK8-IC;87089199;GR;PT;10;EXW;11;3;;16,5;1;349;;GREL802913609;
INTRA-EX;202509;513881387;D650-0010;84099100;GR;PT;10;EXW;11;3;;0,3;6;151;;GREL802913609;
INTRA-EX;202509;513881387;FMDVCS14A;87089997;GR;PT;10;EXW;11;3;;0,2;1;115;;GREL802913609;
INTRA-EX;202509;513881387;AC-180-DP;87089235;GR;PT;10;EXW;11;3;;8,3;1;143;;GREL802913609;
INTRA-EX;202509;513881387;CTS-IT-800;84213100;GR;PT;10;EXW;11;3;;4,3;1;247;;GREL802913609;
INTRA-EX;202509;513881387;FM225TBH-BLU;40091100;GR;PT;10;EXW;11;3;;0,1;1;21;;GREL802913609;
INTRA-EX;202509;513881387;EVE-G20B58-V2-INT;84213100;BE;PT;10;EXW;11;3;;4,5;1;999;;BE0740963105;
INTRA-EX;202509;513881387;EVE-G8XM-CF-SC;87089997;BE;PT;10;EXW;11;3;;1;1;465;;BE0740963105;
INTRA-EX;202509;513881387;VWR436001;87141030;BE;PT;10;EXW;11;3;;1;1;78;;BE0740963105;
INTRA-EX;202509;513881387;AC-E46-FU;87088055;NL;PT;10;EXW;11;3;;4,3;1;104;;NL866860666B01;
INTRA-EX;202509;513881387;SILZKGR8B8S;85111000;NL;PT;10;EXW;11;3;;0,1;6;50;;NL866860666B01;
INTRA-EX;202509;513881387;EVE-661-G2-FTR;84213100;NL;PT;10;EXW;11;3;;0,6;1;63;;NL866860666B01;
INTRA-EX;202509;513881387;EVE-EA8884-R-INT;84213100;IT;PT;10;EXW;11;3;;5;1;999;;IT04227541200;
INTRA-EX;202509;513881387;SBMP082;87089235;NL;PT;10;EXW;11;3;;7,9;1;157;;NL866860666B01;
INTRA-EX;202509;513881387;VWR12G7R600OS;84213100;IT;PT;10;EXW;11;3;;0,3;1;21;;IT12072620011;
INTRA-EX;202509;513881387;216BFWABOSM;90262020;NL;PT;10;EXW;11;3;;0,3;1;22;;NL866860666B01;
INTRA-EX;202509;513881387;216BFWGOTSM;90269000;NL;PT;10;EXW;11;3;;0,3;1;31;;NL866860666B01;
INTRA-EX;202509;513881387;CI100039;40091100;IT;PT;10;EXW;11;3;;2;1;200;;IT02710790060;
INTRA-EX;202509;513881387;VWR81G700;87088055;NL;PT;10;EXW;11;3;;2,6;1;319;;NL866996473B01;
INTRA-EX;202509;513881387;VWR900002;85111000;NL;PT;10;EXW;11;3;;0,3;4;122;;NL866996473B01;
INTRA-EX;202509;513881387;VWR12G7R600OS;84213100;NL;PT;10;EXW;11;3;;0,3;1;21;;NL866996473B01;
INTRA-EX;202509;513881387;VWR120010;40091100;NL;PT;10;EXW;11;3;;1,4;1;178;;NL866996473B01;
INTRA-EX;202509;513881387;VWR160001;87089997;NL;PT;10;EXW;11;3;;0,4;1;86;;NL866996473B01;
INTRA-EX;202509;513881387;FMDV18-RED;84814090;NL;PT;10;EXW;11;3;;1,5;1;165;;NL866996473B01;
INTRA-EX;202509;513881387;R7437-9;85111000;NL;PT;10;EXW;11;3;;0,1;8;290;;NL866996473B01;
INTRA-EX;202509;513881387;VWR12G7R600ITINLET;87089997;NL;PT;10;EXW;11;3;;0,4;1;100;;NL866996473B01;
INTRA-EX;202509;513881387;VWR810000;87089997;NL;PT;10;EXW;11;3;;0,2;6;103;;NL866996473B01;
INTRA-EX;202509;513881387;AC-MK7-MD;87089997;IT;PT;10;EXW;11;3;;0,4;1;43;;IT02710790060;
INTRA-EX;202509;513881387;AC-MK7-INLET;40091100;IT;PT;10;EXW;11;3;;0,3;1;45;;IT02710790060;
INTRA-EX;202509;513881387;U5014;84099100;NL;PT;10;EXW;11;3;;0,3;4;86;;NL866860666B01;
INTRA-EX;202509;513881387;BKR7EIX;85111000;NL;PT;10;EXW;11;3;;0,1;4;34;;NL866860666B01;
INTRA-EX;202509;513881387;SMNX011;87089235;IT;PT;10;EXW;11;3;;3,6;1;323;;IT02710790060;
INTRA-EX;202509;513881387;PF04;85444290;NL;PT;10;EXW;11;3;;0,2;1;159;;NL866860666B01;
INTRA-EX;202509;513881387;D401-0046;84213100;NL;PT;10;EXW;11;3;;0,7;1;28;;NL866860666B01;
INTRA-EX;202509;513881387;AC-MK5-FU-BL;87088055;IT;PT;10;EXW;11;3;;4,4;1;59;;IT12072620011;
INTRA-EX;202509;513881387;EVE-ST38V8S-CF-INT;84213100;NL;PT;10;EXW;11;3;;6,5;1;1285;;NL866996473B01;
INTRA-EX;202509;513881387;AC-MK7-INLET;40091100;IT;PT;10;EXW;11;3;;0,3;1;45;;IT12072620011;
INTRA-EX;202509;513881387;AC-MK7-MD;87089997;IT;PT;10;EXW;11;3;;0,4;1;43;;IT12072620011;
INTRA-EX;202509;513881387;WHT005184;40091100;NL;PT;10;EXW;11;3;;0,1;1;4;;NL866860666B01;
INTRA-EX;202509;513881387;AC-500-TB;87089997;IT;PT;10;EXW;11;3;;0,3;1;34;;IT12072620011;
INTRA-EX;202509;513881387;UR-TW2-1820;87088055;IT;PT;10;EXW;11;3;;3;1;92;;IT12072620011;
INTRA-EX;202509;513881387;CTS-IT-938;84213100;NL;PT;10;EXW;11;3;;3,6;1;299;;NL866860666B01;
INTRA-EX;202509;513881387;UR-RL2-988;87088055;IT;PT;10;EXW;11;3;;2,2;1;51;;IT12072620011;
INTRA-EX;202509;513881387;216BFWAOTSM;90269000;NL;PT;10;EXW;11;3;;0,3;1;29;;NL866860666B01;
INTRA-EX;202509;513881387;VWR900003;85111000;IT;PT;10;EXW;11;3;;0,3;5;153;;IT12072620011;
INTRA-EX;202509;513881387;VWR670006;87089235;NL;PT;10;EXW;11;3;;3;1;119;;NL866860666B01;
INTRA-EX;202509;513881387;AC-300-CP;84099100;IT;PT;10;EXW;11;3;;0,3;4;47;;IT12072620011;
INTRA-EX;202509;513881387;EVE-661-G2-FTR;84213100;NL;PT;10;EXW;11;3;;0,6;1;63;;NL866996473B01;
INTRA-EX;202509;513881387;LTR7IX-11;85111000;NL;PT;10;EXW;11;3;;0,2;6;46;;NL866996473B01;
INTRA-EX;202509;513881387;CTS-AF-275;84213100;NL;PT;10;EXW;11;3;;0,5;1;37;;NL866996473B01;
INTRA-EX;202509;513881387;VWR670007;87089997;NL;PT;10;EXW;11;3;;1,1;2;119;;NL866996473B01;
INTRA-EX;202509;513881387;VWR17G8R600;84213100;NL;PT;10;EXW;11;3;;0,2;1;38;;NL866996473B01;
INTRA-EX;202509;513881387;VWR12UPITINLET;84213100;NL;PT;10;EXW;11;3;;0,4;1;78;;NL866996473B01;
INTRA-EX;202509;513881387;VWR12G7R600ITBLA;84213100;NL;PT;10;EXW;11;3;;0,8;2;152;;NL866996473B01;
INTRA-EX;202509;513881387;VWR12G7R600ITBLU;84213100;NL;PT;10;EXW;11;3;;0,8;1;76;;NL866996473B01;
INTRA-EX;202509;513881387;AC-MK7-IT;84198998;IT;PT;10;EXW;11;3;;4,3;1;144;;IT02710790060;
INTRA-EX;202509;513881387;VWR1200R601E;84213100;IT;PT;10;EXW;11;3;;4,9;1;338;;IT04227541200;
INTRA-EX;202509;513881387;VWR120003;87089997;IT;PT;10;EXW;11;3;;1,3;1;178;;IT04227541200;
INTRA-EX;202509;513881387;VWR160000;87089997;IT;PT;10;EXW;11;3;;0,7;1;114;;IT04227541200;
INTRA-EX;202509;513881387;VWR17G8R600;84213100;IT;PT;10;EXW;11;3;;0,2;1;38;;IT04227541200;
INTRA-EX;202509;513881387;AC-N55-TP;40091100;IT;PT;10;EXW;11;3;;1,7;1;107;;IT02710790060;
INTRA-EX;202509;513881387;IZKR7B;85111000;ES;PT;10;EXW;11;3;;0,2;6;49;;ES50902109G;
INTRA-EX;202509;513881387;SVWP054;87089235;ES;PT;10;EXW;11;3;;3,7;1;109;;ESB64437577;
INTRA-EX;202509;513881387;MS100210;85111000;ES;PT;10;EXW;11;3;;0,3;8;199;;ESB42954230;
INTRA-EX;202509;513881387;VWR12A1S1;84213100;ES;PT;10;EXW;11;3;;3;1;309;;ESB42954230;
INTRA-EX;202509;513881387;VWR900001;85111000;ES;PT;10;EXW;11;3;;0,3;4;122;;ESB42954230;
INTRA-EX;202509;513881387;VWR12G614;84213100;ES;PT;10;EXW;11;3;;1,8;1;237;;ESB42954230;
INTRA-EX;202509;513881387;MMRAD-MAC-06;87089135;ES;PT;10;EXW;11;3;;9,1;1;196;;ESB42954230;
INTRA-EX;202509;513881387;VWR12G7R600ITBLA;84213100;ES;PT;10;EXW;11;3;;0,8;3;229;;ESB42954230;
INTRA-EX;202509;513881387;VWR13G700;84099100;ES;PT;10;EXW;11;3;;3;1;468;;ESB42954230;
INTRA-EX;202509;513881387;VWR13G700RFK;87089997;ES;PT;10;EXW;11;3;;0,5;1;46;;ESB42954230;
INTRA-EX;202509;513881387;10.127.100K;84132000;ES;PT;10;EXW;11;3;;0,3;1;227;;ESB42954230;
INTRA-EX;202509;513881387;AC-MK7-MD;87089997;ES;PT;10;EXW;11;3;;0,4;3;131;;ESB42954230;
INTRA-EX;202509;513881387;VWR12G7R600ITINLET;87089997;ES;PT;10;EXW;11;3;;0,4;3;300;;ESB42954230;
INTRA-EX;202509;513881387;AC-MK7-INLET;40091100;ES;PT;10;EXW;11;3;;0,3;3;136;;ESB42954230;
INTRA-EX;202509;513881387;VWR1200R601E;84213100;ES;PT;10;EXW;11;3;;4,9;2;676;;ESB42954230;
INTRA-EX;202509;513881387;9-355-1025;84133080;ES;PT;10;EXW;11;3;;0,8;1;161;;ES16610275C;
INTRA-EX;202509;513881387;BWR24Z;87088055;ES;PT;10;EXW;11;3;;3,6;1;160;;ES18062887K;
INTRA-EX;202509;513881387;CTS-TR-1000;87089997;ES;PT;10;EXW;11;3;;10;1;599;;ESB70550694;
INTRA-EX;202509;513881387;VWR120010;40091100;ES;PT;10;EXW;11;3;;1,4;1;178;;ESB67497925;
INTRA-EX;202509;513881387;VWR11G701;84213100;ES;PT;10;EXW;11;3;;0,3;2;114;;ESB67497925;
INTRA-EX;202509;513881387;EVE-G8XM-CF-ENG;84213100;ES;PT;10;EXW;11;3;;4,2;1;675;;ESB75758177;
INTRA-EX;202509;513881387;AC-180-CPA;87089997;ES;PT;10;EXW;11;3;;0,5;1;29;;ES50902109G;
INTRA-EX;202509;513881387;BKR7EIX;85111000;ES;PT;10;EXW;11;3;;0,1;4;34;;ES50902109G;
INTRA-EX;202509;513881387;U5014;84099100;ES;PT;10;EXW;11;3;;0,3;4;86;;ES50902109G;
INTRA-EX;202509;513881387;FM225IND-RED;40093100;ES;PT;10;EXW;11;3;;1;1;148;;ES50902109G;
INTRA-EX;202509;513881387;AC-MQB-IC;84198998;ES;PT;10;EXW;11;3;;16,3;1;281;;ES44719365M;
INTRA-EX;202509;513881387;VWR143000;87089997;ES;PT;10;EXW;11;3;;14,9;1;728;;ESB01715598;
INTRA-EX;202509;513881387;CTS-HW-360;40091100;ES;PT;10;EXW;11;3;;1,4;1;224;;ESB01715598;
INTRA-EX;202509;513881387;SILFER8C7ES;85111000;ES;PT;10;EXW;11;3;;0,1;4;42;;ES50902109G;
INTRA-EX;202509;513881387;BWR25XZ;87088055;ES;PT;10;EXW;11;3;;5;1;176;;ES50902109G;
INTRA-EX;202509;513881387;EVE-G8XMV2-CF-INT;84213100;ES;PT;10;EXW;11;3;;7,7;1;1987;;ESB75758177;
INTRA-EX;202509;513881387;FMINDK50-CARBON;;FR;PT;10;EXW;11;3;;0,1;1;317;;FR43935269613;
INTRA-EX;202509;513881387;AC-35-DP;87089235;GR;PT;10;EXW;11;3;;5,2;1;185;;GREL802913609;
INTRA-EX;202509;513881387;FMDVMCS;84814090;GR;PT;10;EXW;11;3;;0,2;1;53;;GREL802913609;
INTRA-EX;202509;513881387;EVE-F9XM5M8-CHG;84212300;BE;PT;10;EXW;11;3;;1,2;1;472;;BE0740963105;
INTRA-EX;202509;513881387;SAUP087;87089997;BE;PT;10;EXW;11;3;;12,4;1;229;;BE0670639687;
INTRA-EX;202509;513881387;RAB65CRS200;84213100;IT;PT;10;EXW;11;3;;2,4;1;404;;IT02710790060;
INTRA-EX;202509;513881387;SVW0630-4P-BK;87083091;IT;PT;10;EXW;11;3;;0,5;1;63;;IT12072620011;
INTRA-EX;202509;513881387;VWR130006;84099100;IT;PT;10;EXW;11;3;;0,3;1;40;;IT12072620011;
INTRA-EX;202509;513881387;EVE-FLC;87084099;IT;PT;10;EXW;11;3;;0,6;1;21;;IT12072620011;
INTRA-EX;202509;513881387;C9000;87089997;IT;PT;10;EXW;11;3;;1;1;9;;IT12072620011;
INTRA-EX;202509;513881387;UR-TW2-1412;87088055;IT;PT;10;EXW;11;3;;2;1;76;;IT12072620011;
INTRA-EX;202509;513881387;AC-200-IC;84198998;IT;PT;10;EXW;11;3;;11,9;1;263;;IT12072620011;
INTRA-EX;202509;513881387;AC-MK7R-DPHS;87089235;IT;PT;10;EXW;11;3;;11,6;1;245;;IT02330960994;
INTRA-EX;202509;513881387;AC-MK7-MD;87089997;IT;PT;10;EXW;11;3;;0,4;1;43;;IT02330960994;
INTRA-EX;202509;513881387;WB-427;84213100;IT;PT;10;EXW;11;3;;0,3;2;67;;IT04149040232;
INTRA-EX;202509;513881387;WB-568;84213100;IT;PT;10;EXW;11;3;;0,4;1;33;;IT04149040232;
INTRA-EX;202509;513881387;MMICP-N55-11;87089997;IT;PT;10;EXW;11;3;;2,2;1;194;;IT08839490011;
INTRA-EX;202509;513881387;EVE-TRB8V8S-FLG-STK;85111000;IT;PT;10;EXW;11;3;;0,2;1;35;;IT08839490011;
INTRA-EX;202509;513881387;EVE-TRB8V8S-LHD-NIL;85111000;IT;PT;10;EXW;11;3;;1,7;1;428;;IT08839490011;
INTRA-EX;202509;513881387;SFDC089;87089235;IT;PT;10;EXW;11;3;;3;1;214;;IT12034500012;
INTRA-EX;202509;513881387;ATINTVAG7;87089135;IT;PT;10;EXW;11;3;;18,1;1;569;;IT12034500012;
INTRA-EX;202509;513881387;ATINTBMW7;87089997;IT;PT;10;EXW;11;3;;14,4;1;473;;IT12034500012;
INTRA-EX;202509;513881387;10.127.203K;84132000;IT;PT;10;EXW;11;3;;0,3;3;682;;IT12034500012;
INTRA-EX;202509;513881387;VWR13G700;84099100;IT;PT;10;EXW;11;3;;3;2;936;;IT12034500012;
INTRA-EX;202509;513881387;EVE-F4XB48-CF-INT;84213100;IT;PT;10;EXW;11;3;;3,7;1;928;;IT12034500012;
INTRA-EX;202509;513881387;06K103495AC;87089997;ES;PT;10;EXW;11;3;;0,6;1;17;;ES29524079Z;
INTRA-EX;202509;513881387;BNF42Z;87088055;ES;PT;10;EXW;11;3;;8;1;136;;ESB66283003;
INTRA-EX;202509;513881387;BNR20XZ;87088055;ES;PT;10;EXW;11;3;;5;1;129;;ESB66283003;
INTRA-EX;202509;513881387;MMHOSE-S2K-00BK;40091100;ES;PT;10;EXW;11;3;;2;1;100;;ESB66283003;
INTRA-EX;202509;513881387;ARMABM92M3-A;84213100;FR;PT;10;EXW;11;3;;5,2;1;800;;FR55524167806;
INTRA-EX;202509;513881387;AC-MK7-MD;87089997;GR;PT;10;EXW;11;3;;0,4;1;43;;GREL802913609;
INTRA-EX;202509;513881387;AC-MK7-INLET;40091100;GR;PT;10;EXW;11;3;;0,3;1;45;;GREL802913609;
INTRA-EX;202509;513881387;VWR12G7R600FO;84213100;GR;PT;10;EXW;11;3;;0,5;1;86;;GREL802913609;
INTRA-EX;202509;513881387;ATMSBMW22;87089997;GR;PT;10;EXW;11;3;;8,7;1;224;;GREL802913609;
INTRA-EX;202509;513881387;SBW1175-4P-BK;87083091;GR;PT;10;EXW;11;3;;0,5;1;51;;GREL802913609;
INTRA-EX;202509;513881387;CTS-HW-0242;70102000;GR;PT;10;EXW;11;3;;0,5;1;52;;GREL802913609;
INTRA-EX;202509;513881387;CTS-IT-800;84213100;GR;PT;10;EXW;11;3;;4,3;1;247;;GREL802913609;
INTRA-EX;202509;513881387;FMOC12-BLACK;87089997;GR;PT;10;EXW;11;3;;3,5;1;382;;GREL802913609;
INTRA-EX;202509;513881387;CTS-EXH-TP-0016;87089235;GR;PT;10;EXW;11;3;;13;1;712;;GREL802913609;
INTRA-EX;202509;513881387;AC-45S-DPHS;87089235;GR;PT;10;EXW;11;3;;4,7;2;455;;GREL115989483;
INTRA-EX;202509;513881387;VWR810002;87089997;BE;PT;10;EXW;11;3;;0,5;1;56;;BE0897648094;
INTRA-EX;202509;513881387;EVE-C8RS6-CF-INT;84213100;NL;PT;10;EXW;11;3;;4,8;1;1987;;NL859932114B01;
INTRA-EX;202509;513881387;EVE-N55V2-CF-INT;84213100;NL;PT;10;EXW;11;3;;5,1;1;985;;NL866860666B01;
INTRA-EX;202509;513881387;CTS-IT-256;40091100;IT;PT;10;EXW;11;3;;2,3;1;149;;IT02710790060;
INTRA-EX;202509;513881387;AC-250-IP;84198998;IT;PT;10;EXW;11;3;;1,9;1;87;;IT02710790060;
INTRA-EX;202509;513881387;R7437-8;85111000;IT;PT;10;EXW;11;3;;0,1;5;170;;IT02710790060;
INTRA-EX;202509;513881387;PP1949;84213100;IT;PT;10;EXW;11;3;;0,7;1;24;;IT02710790060;
INTRA-EX;202509;513881387;216BFWGBOSM;90262020;IT;PT;10;EXW;11;3;;0,3;1;21;;IT12072620011;
INTRA-EX;202509;513881387;FMDV8PS3-BLA;87089997;IT;PT;10;EXW;11;3;;1,2;1;185;;IT03656931205;
INTRA-EX;202509;513881387;SME0863-4P-RD;87083091;IT;PT;10;EXW;11;3;;0,5;1;51;;IT12072620011;
INTRA-EX;202509;513881387;R7437-9;85111000;IT;PT;10;EXW;11;3;;0,1;4;145;;IT03002640732;
INTRA-EX;202509;513881387;VWR69G7KIT;87083091;IT;PT;10;EXW;11;3;;0,5;1;105;;IT03002640732;
INTRA-EX;202509;513881387;VWR12G5GT;84213100;IT;PT;10;EXW;11;3;;3,1;1;333;;IT03002640732;
INTRA-EX;202509;513881387;VWR120000;84213100;IT;PT;10;EXW;11;3;;1;1;30;;IT03002640732;
INTRA-EX;202509;513881387;R-FIA-003-I;84099100;IT;PT;10;EXW;11;3;;2,5;3;937;;IT04227541200;
INTRA-EX;202509;513881387;R-AUD-001-I;84099100;IT;PT;10;EXW;11;3;;3,5;1;360;;IT04227541200;
INTRA-EX;202509;513881387;FS-39033B44R/45L;87089997;ES;PT;10;EXW;11;3;;20;1;885;;ESB19406420;
INTRA-EX;202509;513881387;AC-WS-NI-15;87088099;ES;PT;10;EXW;11;3;;1,6;2;125;;ESB19406420;
INTRA-EX;202509;513881387;CTS-IT-285;40091100;ES;PT;10;EXW;11;3;;0,3;1;99;;ES79004383G;
INTRA-EX;202509;513881387;034-108-1005;84213100;ES;PT;10;EXW;11;3;;3,6;1;580;;ES79004383G;
INTRA-EX;202509;513881387;034-1ZZ-0001;87089997;ES;PT;10;EXW;11;3;;0,8;1;195;;ES79004383G;
INTRA-EX;202509;513881387;CTS-HW-0199;87089997;ES;PT;10;EXW;11;3;;0,3;1;95;;ES79004383G;
INTRA-EX;202509;513881387;CTS-TB-B-4;87089997;ES;PT;10;EXW;11;3;;0,3;1;122;;ES79004383G;
INTRA-EX;202509;513881387;50003-M45-HL-6;85111000;ES;PT;10;EXW;11;3;;0,3;1;179;;ESB19406420;
INTRA-EX;202509;513881387;UR-TW2-3081;87088055;ES;PT;10;EXW;11;3;;3,4;1;148;;ESB19406420;
INTRA-EX;202509;513881387;52009-AK005;84213100;ES;PT;10;EXW;11;3;;0,4;1;23;;ESB19406420;
INTRA-EX;202509;513881387;FM225IND-RED;40093100;ES;PT;10;EXW;11;3;;1;1;225;;ESB19406420;
INTRA-EX;202509;513881387;17U-01-0550-4;87089997;ES;PT;10;EXW;11;3;;0,3;1;359;;ESB19406420;
INTRA-EX;202509;513881387;ALP.07.07.0002-5;87089997;ES;PT;10;EXW;11;3;;0,9;1;830;;ESB19406420;
INTRA-EX;202509;513881387;52008-AK003;84213100;ES;PT;10;EXW;11;3;;4,4;1;59;;ESB19406420;
INTRA-EX;202509;513881387;353849;87082910;ES;PT;10;EXW;11;3;;2,5;1;822;;ESF21229786;
INTRA-EX;202509;513881387;MS100195-4;84133020;ES;PT;10;EXW;11;3;;1,7;1;484;;ESF21229786;
INTRA-EX;202509;513881387;613182.654150;87089997;ES;PT;10;EXW;11;3;;0,5;1;75;;ESF21229786;
INTRA-EX;202509;513881387;06J998907A;87089997;ES;PT;10;EXW;11;3;;0,1;1;6;;ESF21229786;
INTRA-EX;202509;513881387;9-421-1031;84133080;ES;PT;10;EXW;11;3;;0,5;1;129;;ESB09771205;
INTRA-EX;202509;513881387;7M1532H-STD;40091100;ES;PT;10;EXW;11;3;;0,6;1;107;;ESB09771205;
INTRA-EX;202509;513881387;MMAI-BRZ-13BBL;84213100;ES;PT;10;EXW;11;3;;4,4;1;233;;ES18062887K;
INTRA-EX;202509;513881387;7M1532H-STD;40091100;ES;PT;10;EXW;11;3;;0,6;2;215;;ES18062887K;
INTRA-EX;202509;513881387;MMRAD-350Z-03;87089135;ES;PT;10;EXW;11;3;;10,9;1;209;;ESB01715598;
INTRA-EX;202509;513881387;SBW1162-4P-BK;87083091;ES;PT;10;EXW;11;3;;0,5;1;63;;ESB67497925;
INTRA-EX;202509;513881387;AC-MK7-INLET;40091100;ES;PT;10;EXW;11;3;;0,3;1;45;;ESB67497925;
INTRA-EX;202509;513881387;AC-MK7-MD;87089997;ES;PT;10;EXW;11;3;;0,4;1;43;;ESB67497925;
INTRA-EX;202509;513881387;CG85-02-0023;84213100;ES;PT;10;EXW;11;3;;4;1;228;;ESB67497925;
INTRA-EX;202509;513881387;AC-MK7-DP;87089235;ES;PT;10;EXW;11;3;;9,2;1;155;;ESB72996382;
INTRA-EX;202509;513881387;MMRAD-E36-92;87089135;ES;PT;10;EXW;11;3;;6,2;1;200;;ESB72996382;
INTRA-EX;202509;513881387;SILZKGR8C8S;85111000;ES;PT;10;EXW;11;3;;0,1;6;93;;ES50902109G;
INTRA-EX;202509;513881387;03K906051;90269000;ES;PT;10;EXW;11;3;;0,1;1;13;;ES29524079Z;
INTRA-EX;202509;513881387;KDT952;87089235;ES;PT;10;EXW;11;3;;0,4;1;27;;ES29524079Z;
INTRA-EX;202509;513881387;SHD014;87089235;FR;PT;10;EXW;11;3;;25,5;1;1199;;FR31834233439;
INTRA-EX;202509;513881387;SAUX089;87089235;FR;PT;10;EXW;11;3;;11;1;1360;;FR35504243288;
INTRA-EX;202509;513881387;SSTS012C;87089235;FR;PT;10;EXW;11;3;;22;1;1227;;FR35798099065;
INTRA-EX;202509;513881387;AC-MK5-FU-RD;87088055;FR;PT;10;EXW;11;3;;4,4;3;350;;FR36519452080;
INTRA-EX;202509;513881387;AC-200-IC;84198998;FR;PT;10;EXW;11;3;;11,9;1;476;;FR36519452080;
INTRA-EX;202509;513881387;SAUC079;87089235;FR;PT;10;EXW;11;3;;9,1;1;878;;FR37789181112;
INTRA-EX;202509;513881387;SNN0940-6P-RD;87083091;FR;PT;10;EXW;11;3;;0,9;1;169;;FR38814811196;
INTRA-EX;202509;513881387;SD-3252034;87089997;FR;PT;10;EXW;11;3;;9,7;1;258;;FR38814811196;
INTRA-EX;202509;513881387;SD-3212037;87089997;FR;PT;10;EXW;11;3;;27,5;1;241;;FR38814811196;
INTRA-EX;202509;513881387;ES-325469;87089997;FR;PT;10;EXW;11;3;;1,2;1;55;;FR38814811196;
INTRA-EX;202509;513881387;ES-321467;87089997;FR;PT;10;EXW;11;3;;2,2;1;73;;FR38814811196;
INTRA-EX;202509;513881387;RBF600;27101999;FR;PT;10;EXW;11;3;;0,6;2;23;;FR38814811196;
INTRA-EX;202509;513881387;SBMP094;87089235;FR;PT;10;EXW;11;3;;13,4;1;275;;FR43935269613;
INTRA-EX;202509;513881387;SBMX102;87089235;FR;PT;10;EXW;11;3;;7,4;1;375;;FR82530667591;
INTRA-EX;202509;513881387;PF04;85444290;DK;PT;10;EXW;11;3;;0,2;1;206;;DK40343806;
INTRA-EX;202509;513881387;SFD090B;87088055;IE;PT;10;EXW;11;3;;1,7;1;67;;IE9629126i;
INTRA-EX;202509;513881387;ATMSFO104;87089997;IE;PT;10;EXW;11;3;;0,1;1;50;;IE9629126i;
INTRA-EX;202509;513881387;AC-FIST8-IC;84198998;IE;PT;10;EXW;11;3;;16;1;344;;IE9629126i;
INTRA-EX;202509;513881387;UR-TW2-3047;87088055;CY;PT;10;EXW;11;3;;3;1;132;;QV999999999999;
INTRA-EX;202509;513881387;FMINDK45-FOAM;84213100;FI;PT;10;EXW;11;3;;6,2;1;204;;QV999999999999;
INTRA-EX;202509;513881387;VWR12G7R600FO;84213100;LT;PT;10;EXW;11;3;;0,5;1;114;;QV999999999999;
INTRA-EX;202509;513881387;EVE-F9XM5M8-CHG;84212300;LT;PT;10;EXW;11;3;;1,2;1;630;;LT343643610;
INTRA-EX;202509;513881387;VWR12G7R601FO;84213100;RO;PT;10;EXW;11;3;;0,9;1;150;;RO37171700;
INTRA-EX;202509;513881387;STY1005-4P-BK;87083091;RO;PT;10;EXW;11;3;;0,5;1;77;;RO43610916;
INTRA-EX;202509;513881387;SILZKGR8B8S-6;85111000;RO;PT;10;EXW;11;3;;0,4;1;59;;RO43610916;
INTRA-EX;202509;513881387;IMS-8V8S-HFIS;87089997;LU;PT;10;EXW;11;3;;4,1;1;189;;QV999999999999;
INTRA-EX;202509;513881387;50003-M45-HL-3;84213100;RO;PT;10;EXW;11;3;;0,3;1;75;;QV999999999999;
INTRA-EX;202509;513881387;VWR180006;87089997;RO;PT;10;EXW;11;3;;0,1;1;17;;QV999999999999;
INTRA-EX;202509;513881387;MS100187;85111000;LU;PT;10;EXW;11;3;;0,9;1;293;;QV999999999999;
INTRA-EX;202509;513881387;06J103600AFKIT;84099100;RO;PT;10;EXW;11;3;;2,5;1;50;;QV999999999999;
INTRA-EX;202509;513881387;AC-MK7-INLET;40091100;RO;PT;10;EXW;11;3;;0,3;1;68;;QV999999999999;
INTRA-EX;202509;513881387;CK-003;87089997;RO;PT;10;EXW;11;3;;0,3;1;18;;QV999999999999;
INTRA-EX;202509;513881387;X-1015-BB;84213100;LU;PT;10;EXW;11;3;;0,7;1;54;;QV999999999999;
INTRA-EX;202509;513881387;CTS-EXH-TP-0011;87089235;LU;PT;10;EXW;11;3;;7,8;1;155;;QV999999999999;
INTRA-EX;202509;513881387;SILZKBR8D8S-6;84099100;LU;PT;10;EXW;11;3;;0,4;1;70;;QV999999999999;
INTRA-EX;202509;513881387;UR-RE2-1645;87088055;SK;PT;10;EXW;11;3;;3;1;102;;QV999999999999;
INTRA-EX;202509;513881387;AC-MK45-RU-RD;87088055;LU;PT;10;EXW;11;3;;3;1;77;;QV999999999999;
INTRA-EX;202509;513881387;AC-MK5-FU-RD;87088055;LU;PT;10;EXW;11;3;;4,4;1;100;;QV999999999999;
INTRA-EX;202509;513881387;AC-VAG-ODP;70102000;SK;PT;10;EXW;11;3;;0,2;1;8;;QV999999999999;
INTRA-EX;202509;513881387;CI100039-B;40091100;SK;PT;10;EXW;11;3;;1,7;1;146;;QV999999999999;
INTRA-EX;202509;513881387;06D115562;84099100;SK;PT;10;EXW;11;3;;0,2;6;27;;QV999999999999;
INTRA-EX;202509;513881387;06F129717D;87089235;SK;PT;10;EXW;11;3;;0,1;1;8;;QV999999999999;
INTRA-EX;202509;513881387;079133074B;87089235;LU;PT;10;EXW;11;3;;0,1;2;22;;LU23524013;
INTRA-EX;202509;513881387;FMINDRS4V8-BL;40091100;LU;PT;10;EXW;11;3;;0,7;1;68;;LU23524013;
INTRA-EX;202509;513881387;VWR1200R601E;84213100;SK;PT;10;EXW;11;3;;4,9;1;524;;SK2121638398;
INTRA-EX;202509;513881387;ATMSVAG10;87089997;SK;PT;10;EXW;11;3;;2,2;1;170;;SK2121638398;
INTRA-EX;202509;513881387;AC-200-IC;84198998;HR;PT;10;EXW;11;3;;11,9;1;381;;QV999999999999;
INTRA-EX;202509;513881387;E10-20-052-03-22;87088035;HR;PT;10;EXW;11;3;;11,3;1;226;;QV999999999999;
INTRA-EX;202509;513881387;S90-2-10-038-B-BT;87087050;HR;PT;10;EXW;11;3;;1,8;2;200;;QV999999999999;
INTRA-EX;202509;513881387;COMBO-NOV-MQB;84213100;SI;PT;10;EXW;11;3;;5,5;1;446;;SI81378599;
INTRA-EX;202509;513881387;260-4701;87089997;SI;PT;10;EXW;11;3;;2;1;262;;QV999999999999;
INTRA-EX;202509;513881387;U5400-4;85111000;HU;PT;10;EXW;11;3;;1,5;1;161;;QV999999999999;
INTRA-EX;202509;513881387;Z1003101-4;85111000;DE;PT;10;EXW;11;3;;0,4;1;75;;QV999999999999;
INTRA-EX;202509;513881387;MMRAD-GLF-99;87089135;DE;PT;10;EXW;11;3;;8;1;266;;QV999999999999;
INTRA-EX;202509;513881387;R7437-9-5;85111000;DE;PT;10;EXW;11;3;;0,3;1;215;;QV999999999999;
INTRA-EX;202509;513881387;CTS-IGN-007;84099100;BE;PT;10;EXW;11;3;;0,3;4;139;;QV999999999999;
INTRA-EX;202509;513881387;R7437-9-4;87089997;BE;PT;10;EXW;11;3;;0,3;1;169;;QV999999999999;
INTRA-EX;202509;513881387;SAUC074;87089235;BE;PT;10;EXW;11;3;;12;1;382;;QV999999999999;
INTRA-EX;202509;513881387;CTS-IT-289;84213100;BE;PT;10;EXW;11;3;;3,3;1;319;;QV999999999999;
INTRA-EX;202509;513881387;50003-M50-HL-6;84213100;BE;PT;10;EXW;11;3;;0,4;1;139;;BE0606140231;
INTRA-EX;202509;513881387;52009-AK005;84213100;BE;PT;10;EXW;11;3;;0,4;1;23;;BE0606140231;
INTRA-EX;202509;513881387;5W40;27101999;BE;PT;10;EXW;11;3;;1,9;2;69;;BE0606140231;
INTRA-EX;202509;513881387;AC-B58-DP;87089235;BE;PT;10;EXW;11;3;;3,8;1;171;;QV999999999999;
INTRA-EX;202509;513881387;WB-586;84213100;BE;PT;10;EXW;11;3;;0,4;1;53;;QV999999999999;
INTRA-EX;202509;513881387;CTS-IT-166;84213100;BE;PT;10;EXW;11;3;;3;1;230;;QV999999999999;
INTRA-EX;202509;513881387;FMTUBL17;70102000;BE;PT;10;EXW;11;3;;1;1;153;;QV999999999999;
INTRA-EX;202509;513881387;SSZ0205-6P-BK;87083091;BE;PT;10;EXW;11;3;;0,6;1;116;;QV999999999999;
INTRA-EX;202509;513881387;KDT914;87088020;BE;PT;10;EXW;11;3;;0,4;1;26;;QV999999999999;
INTRA-EX;202509;513881387;CTS-sil-noise;87089997;BE;PT;10;EXW;11;3;;0,3;1;27;;QV999999999999;
INTRA-EX;202509;513881387;9-355-1025;84133080;NL;PT;10;EXW;11;3;;0,8;1;205;;QV999999999999;
INTRA-EX;202509;513881387;10.127.203K;84132000;NL;PT;10;EXW;11;3;;0,3;1;314;;NL865367012B01;
INTRA-EX;202509;513881387;AC-200-CFA-KIT;87089997;NL;PT;10;EXW;11;3;;0,1;1;32;;QV999999999999;
INTRA-EX;202509;513881387;FMPK383;84212300;ES;PT;10;EXW;11;3;;0,7;1;141;;ES54169435L;
INTRA-EX;202509;513881387;AC-S55-IC;84198998;ES;PT;10;EXW;11;3;;7,3;1;539;;ESB42771618;
INTRA-EX;202509;513881387;AC-S55-JP;40091100;ES;PT;10;EXW;11;3;;0,6;1;94;;ESB42771618;
INTRA-EX;202509;513881387;VWR13G700;84099100;ES;PT;10;EXW;11;3;;3;1;762;;ES04842987S;
INTRA-EX;202509;513881387;VWR13G700RFK;87089997;ES;PT;10;EXW;11;3;;0,5;1;65;;ES04842987S;
INTRA-EX;202509;513881387;PF04;85444290;ES;PT;10;EXW;11;3;;0,2;1;204;;QV999999999999;
INTRA-EX;202509;513881387;8E0971824S-RD;84099100;ES;PT;10;EXW;11;3;;0,2;1;14;;QV999999999999;
INTRA-EX;202509;513881387;FMACVAG08;84099100;ES;PT;10;EXW;11;3;;0,5;1;142;;QV999999999999;
INTRA-EX;202509;513881387;SVWP036;87089235;ES;PT;10;EXW;11;3;;9,6;1;143;;QV999999999999;
INTRA-EX;202509;513881387;06K103484F;87089997;ES;PT;10;EXW;11;3;;0,1;1;6;;QV999999999999;
INTRA-EX;202509;513881387;AC-200-EVAP;87089997;ES;PT;10;EXW;11;3;;0,3;2;20;;QV999999999999;
INTRA-EX;202509;513881387;AC-200-IC;84198998;ES;PT;10;EXW;11;3;;11,9;1;394;;QV999999999999;
INTRA-EX;202509;513881387;DILKAR7B11-6;87089997;ES;PT;10;EXW;11;3;;0,4;1;107;;QV999999999999;
INTRA-EX;202509;513881387;FMDVCS14A;87089997;ES;PT;10;EXW;11;3;;0,2;1;115;;QV999999999999;
INTRA-EX;202509;513881387;JSK-103-80;84213100;ES;PT;10;EXW;11;3;;1,3;1;122;;QV999999999999;
INTRA-EX;202509;513881387;CTS-TM-MK4-60D;87089235;ES;PT;10;EXW;11;3;;2;1;107;;QV999999999999;
INTRA-EX;202509;513881387;VWR12G7R601FO;84213100;ES;PT;10;EXW;11;3;;0,9;1;150;;ESB93696474;
INTRA-EX;202509;513881387;BKR7EIX-4;84099100;ES;PT;10;EXW;11;3;;0,3;1;40;;QV999999999999;
INTRA-EX;202509;513881387;DBA42830S-2;87089997;ES;PT;10;EXW;11;3;;23,3;1;273;;QV999999999999;
INTRA-EX;202509;513881387;BKR8EIX-6;85111000;ES;PT;10;EXW;11;3;;0,4;1;64;;QV999999999999;
INTRA-EX;202509;513881387;4M2633H-STD;40091100;ES;PT;10;EXW;11;3;;0,3;1;54;;QV999999999999;
INTRA-EX;202509;513881387;6B2640H-STD;40091100;ES;PT;10;EXW;11;3;;0,3;1;64;;QV999999999999;
INTRA-EX;202509;513881387;SFD091B;87088055;ES;PT;10;EXW;11;3;;1,2;1;75;;QV999999999999;
INTRA-EX;202509;513881387;AC-N54-IC;87089135;ES;PT;10;EXW;11;3;;11,5;1;319;;QV999999999999;
INTRA-EX;202509;513881387;DBA43146S-2;87089997;ES;PT;10;EXW;11;3;;23;1;379;;QV999999999999;
INTRA-EX;202509;513881387;9-421-0791;84133080;ES;PT;10;EXW;11;3;;0,5;1;155;;QV999999999999;
INTRA-EX;202509;513881387;6B1584H-STD;40091100;ES;PT;10;EXW;11;3;;0,4;1;133;;QV999999999999;
INTRA-EX;202509;513881387;PPF-1905;84213100;ES;PT;10;EXW;11;3;;0,6;1;42;;QV999999999999;
INTRA-EX;202509;513881387;AC-BM-ODP;87089997;ES;PT;10;EXW;11;3;;0,1;1;12;;ESB72393911;
INTRA-EX;202509;513881387;SILZKBR8D8S-6;84099100;ES;PT;10;EXW;11;3;;0,4;1;67;;ESB72393911;
INTRA-EX;202509;513881387;11427953129;84099100;ES;PT;10;EXW;11;3;;0,1;1;5;;ESB72393911;
INTRA-EX;202509;513881387;PP2045;84213100;ES;PT;10;EXW;11;3;;0,5;1;37;;QV999999999999;
INTRA-EX;202509;513881387;FMAUTB2;87088035;ES;PT;10;EXW;11;3;;3,9;1;320;;ESB72435332;
INTRA-EX;202509;513881387;SFD1300-4P-BK;87083091;ES;PT;10;EXW;11;3;;0,5;1;78;;QV999999999999;
INTRA-EX;202509;513881387;SFDC068;87089997;ES;PT;10;EXW;11;3;;6,2;1;102;;QV999999999999;
INTRA-EX;202509;513881387;WHT005185;84133080;ES;PT;10;EXW;11;3;;0,1;1;8;;QV999999999999;
INTRA-EX;202509;513881387;30-4110;87089997;ES;PT;10;EXW;11;3;;0,7;1;194;;QV999999999999;
INTRA-EX;202509;513881387;Z1003101-4;85111000;ES;PT;10;EXW;11;3;;0,4;1;74;;QV999999999999;
INTRA-EX;202509;513881387;AMT;87089997;ES;PT;10;EXW;11;3;;0,7;1;266;;QV999999999999;
INTRA-EX;202509;513881387;AC-R56-IC;84198998;ES;PT;10;EXW;11;3;;10,5;1;247;;ESE47727094;
INTRA-EX;202509;513881387;AC-N14-IND-BK;87089997;ES;PT;10;EXW;11;3;;1,2;1;59;;ESE47727094;
INTRA-EX;202509;513881387;AC-N55-TP;40091100;ES;PT;10;EXW;11;3;;1,7;1;156;;QV999999999999;
INTRA-EX;202509;513881387;17U-00-0550-5;87089997;FR;PT;10;EXW;11;3;;0,3;1;519;;FR40819531831;
INTRA-EX;202509;513881387;ATINTSUZ1;87089199;FR;PT;10;EXW;11;3;;10;1;636;;FR43509340188;
INTRA-EX;202509;513881387;AC-MQB-IC;84198998;FR;PT;10;EXW;11;3;;16,3;1;503;;FR44843962317;
INTRA-EX;202509;513881387;30-3300;87089997;FR;PT;10;EXW;11;3;;4,9;1;515;;FR44843962317;
INTRA-EX;202509;513881387;AC-B9S-DPHS;87089235;FR;PT;10;EXW;11;3;;5;1;458;;FR46810264259;
INTRA-EX;202509;513881387;CTS-HW-380;40091100;FR;PT;10;EXW;11;3;;0,6;1;119;;FR46810264259;
INTRA-EX;202509;513881387;BKR7EIX-4;84099100;FR;PT;10;EXW;11;3;;0,3;1;48;;FR47503616963;
INTRA-EX;202509;513881387;06E898001-4;85111000;FR;PT;10;EXW;11;3;;1,5;1;125;;FR47503616963;
INTRA-EX;202509;513881387;CTS-IT-220R;84213100;FR;PT;10;EXW;11;3;;4,5;1;336;;FR47503616963;
INTRA-EX;202509;513881387;FMINDK31;84213100;FR;PT;10;EXW;11;3;;3,5;1;318;;FR48881778997;
INTRA-EX;202509;513881387;FMKT027-RED;40093100;FR;PT;10;EXW;11;3;;1,9;1;297;;FR48881778997;
INTRA-EX;202509;513881387;R7437-9-4;87089997;FR;PT;10;EXW;11;3;;0,3;1;205;;FR51825111792;
INTRA-EX;202509;513881387;CTS-IGN-007;84099100;FR;PT;10;EXW;11;3;;0,3;4;168;;FR51825111792;
INTRA-EX;202509;513881387;VWR160001;87089997;FR;PT;10;EXW;11;3;;0,4;1;147;;FR51825111792;
INTRA-EX;202509;513881387;VWR12G7R600ITBLA;84213100;FR;PT;10;EXW;11;3;;0,8;1;131;;FR51825111792;
INTRA-EX;202509;513881387;VWR12G7R600ITINLET;87089997;FR;PT;10;EXW;11;3;;0,4;1;171;;FR51825111792;
INTRA-EX;202509;513881387;20AU33006X-RD;87083091;FR;PT;10;EXW;11;3;;26,5;1;1268;;FR52839374543;
INTRA-EX;202509;513881387;VWR12G7R600;84213100;FR;PT;10;EXW;11;3;;5,2;1;530;;FR53830473112;
INTRA-EX;202509;513881387;9-307-1060;84133080;FR;PT;10;EXW;11;3;;0,6;1;177;;FR53830473112;
INTRA-EX;202509;513881387;CTS-IGN-007;84099100;FR;PT;10;EXW;11;3;;0,3;4;168;;FR53830473112;
INTRA-EX;202509;513881387;VSGB6-B1DS3;84099100;FR;PT;10;EXW;11;3;;18,2;1;675;;FR54423658087;
INTRA-EX;202509;513881387;ATINTVAUX5;87089997;FR;PT;10;EXW;11;3;;20,8;1;886;;FR54450521752;
INTRA-EX;202509;513881387;ATINTFT1-RD;87089199;FR;PT;10;EXW;11;3;;16,7;1;744;;FR56810999102;
INTRA-EX;202509;513881387;CTS-IT-963;84213100;FR;PT;10;EXW;11;3;;7;1;539;;FR57798802872;
INTRA-EX;202509;513881387;CTS-HW-360;40091100;FR;PT;10;EXW;11;3;;1,4;1;299;;FR57798802872;
INTRA-EX;202509;513881387;SVWC060;87089235;FR;PT;10;EXW;11;3;;10;1;460;;FR57838267516;
INTRA-EX;202509;513881387;MS100192-4;84099100;FR;PT;10;EXW;11;3;;1,7;1;216;;FR57838267516;
INTRA-EX;202509;513881387;SP1350WR;84213100;FR;PT;10;EXW;11;3;;3,3;1;706;;FR63813526019;
INTRA-EX;202509;513881387;ATINTKIA1;87089199;FR;PT;10;EXW;11;3;;15,7;1;612;;FR63813526019;
INTRA-EX;202509;513881387;ARMAAD0RS5-A;84213100;FR;PT;10;EXW;11;3;;6,1;1;1663;;FR67823735238;
INTRA-EX;202509;513881387;FMOCRS4;87089135;FR;PT;10;EXW;11;3;;5;1;1168;;FR71538891409;
INTRA-EX;202509;513881387;EVO9202;84213100;FR;PT;10;EXW;11;3;;5,6;1;356;;QV999999999999;
INTRA-EX;202509;513881387;AC-VAG-ODP;70102000;FR;PT;10;EXW;11;3;;0,2;1;8;;QV999999999999;
INTRA-EX;202509;513881387;AC-200-TP;40091100;FR;PT;10;EXW;11;3;;1,2;1;112;;QV999999999999;
INTRA-EX;202509;513881387;PF04;85444290;FR;PT;10;EXW;11;3;;0,2;1;206;;QV999999999999;
INTRA-EX;202509;513881387;AC-200-VRA;87089997;FR;PT;10;EXW;11;3;;0,2;1;29;;QV999999999999;
INTRA-EX;202509;513881387;111049;27101999;FR;PT;10;EXW;11;3;;1,2;1;4;;QV999999999999;
INTRA-EX;202509;513881387;CTS-IT-285;40091100;FR;PT;10;EXW;11;3;;0,3;1;83;;QV999999999999;
INTRA-EX;202509;513881387;BWR23Z;87088055;FR;PT;10;EXW;11;3;;7,4;1;217;;QV999999999999;
INTRA-EX;202509;513881387;S-TY/T/2;87089235;FR;PT;10;EXW;11;3;;28;1;2531;;FR58539459081;
INTRA-EX;202509;513881387;MMTS-CTR-17;90321020;FR;PT;10;EXW;11;3;;0,2;1;45;;QV999999999999;
INTRA-EX;202509;513881387;MDB-MT;84213100;FR;PT;10;EXW;11;3;;0,2;1;13;;QV999999999999;
INTRA-EX;202509;513881387;Z1003100-4;85111000;FR;PT;10;EXW;11;3;;0,4;1;108;;QV999999999999;
INTRA-EX;202509;513881387;10.127.203K;84132000;FR;PT;10;EXW;11;3;;0,3;1;314;;QV999999999999;
INTRA-EX;202509;513881387;10.127.203T;87089997;FR;PT;10;EXW;11;3;;0,1;1;14;;QV999999999999;
INTRA-EX;202509;513881387;06K103495AC;87089997;FR;PT;10;EXW;11;3;;0,6;1;32;;QV999999999999;
INTRA-EX;202509;513881387;CTS-HW-0242;70102000;FR;PT;10;EXW;11;3;;0,5;1;62;;QV999999999999;
INTRA-EX;202509;513881387;WHT005184;40091100;FR;PT;10;EXW;11;3;;0,1;1;8;;QV999999999999;
INTRA-EX;202509;513881387;SVW0620-4P-BK;87083091;FR;PT;10;EXW;11;3;;0,5;1;78;;QV999999999999;
INTRA-EX;202509;513881387;FMTUBL6;87089997;FR;PT;10;EXW;11;3;;0,6;1;178;;QV999999999999;
INTRA-EX;202509;513881387;FMKT135F20;87089997;FR;PT;10;EXW;11;3;;0,7;1;88;;QV999999999999;
INTRA-EX;202509;513881387;CTS-HW-455;87089997;FR;PT;10;EXW;11;3;;1,4;1;166;;QV999999999999;
INTRA-EX;202509;513881387;VWR190007;87141030;FR;PT;10;EXW;11;3;;0,3;1;24;;QV999999999999;
INTRA-EX;202509;513881387;RE8C-L+RE9B-T;84099100;FR;PT;10;EXW;11;3;;0,3;1;105;;QV999999999999;
INTRA-EX;202509;513881387;FMKT135F20;87089997;FR;PT;10;EXW;11;3;;0,7;1;88;;QV999999999999;
INTRA-EX;202509;513881387;518-T001;84213100;FR;PT;10;EXW;11;3;;0,6;1;102;;QV999999999999;
INTRA-EX;202509;513881387;319-A007;84213100;FR;PT;10;EXW;11;3;;0,1;1;49;;QV999999999999;
INTRA-EX;202509;513881387;06E898001-4;85111000;FR;PT;10;EXW;11;3;;1,5;1;102;;QV999999999999;
INTRA-EX;202509;513881387;CTS-HS-150;87089997;FR;PT;10;EXW;11;3;;0,6;1;36;;QV999999999999;
INTRA-EX;202509;513881387;AC-200-FD;87089997;FR;PT;10;EXW;11;3;;0,5;1;48;;QV999999999999;
INTRA-EX;202509;513881387;AC-200-CFA-KIT;87089997;FR;PT;10;EXW;11;3;;0,1;1;32;;QV999999999999;
INTRA-EX;202509;513881387;HMP-385;84213100;FR;PT;10;EXW;11;3;;0,2;2;223;;FR05522412154;
INTRA-EX;202509;513881387;UR-RO2-4263A;87088055;FR;PT;10;EXW;11;3;;2;1;129;;QV999999999999;
INTRA-EX;202509;513881387;ATMSYGR07;87089997;FR;PT;10;EXW;11;3;;0,5;1;137;;QV999999999999;
INTRA-EX;202509;513881387;R7437-8-4;84099100;FR;PT;10;EXW;11;3;;0,3;1;160;;QV999999999999;
INTRA-EX;202509;513881387;FMGK2-BLACK-BLACK6;87089997;FR;PT;10;EXW;11;3;;0,5;1;79;;QV999999999999;
INTRA-EX;202509;513881387;4B1609H-STD;40091100;FR;PT;10;EXW;11;3;;0,5;1;44;;QV999999999999;
INTRA-EX;202509;513881387;R7437-9-4;87089997;FR;PT;10;EXW;11;3;;0,3;1;171;;QV999999999999;
INTRA-EX;202509;513881387;ILZKR8C8G-4;87089997;FR;PT;10;EXW;11;3;;0,3;1;40;;QV999999999999;
INTRA-EX;202509;513881387;U5055-6;84099100;FR;PT;10;EXW;11;3;;2,1;1;132;;QV999999999999;
INTRA-EX;202509;513881387;SILZKBR8D8S-6;84099100;FR;PT;10;EXW;11;3;;0,4;1;68;;QV999999999999;
INTRA-EX;202509;513881387;ILFR7H-5;85111000;FR;PT;10;EXW;11;3;;0,3;1;68;;FR21342944667;
INTRA-EX;202509;513881387;CTS-SIL-B8-ITKIT;84213100;FR;PT;10;EXW;11;3;;3;1;179;;QV999999999999;
INTRA-EX;202509;513881387;S90-4-20-021-B;87087050;FR;PT;10;EXW;11;3;;2,5;2;231;;QV999999999999;
INTRA-EX;202509;513881387;06E898001-4;85111000;FR;PT;10;EXW;11;3;;1,5;1;102;;QV999999999999;
INTRA-EX;202509;513881387;BKR8EIX-4;85111000;FR;PT;10;EXW;11;3;;0,3;1;43;;QV999999999999;
INTRA-EX;202509;513881387;SILZKBR8D8S-6;84099100;FR;PT;10;EXW;11;3;;0,4;1;68;;QV999999999999;
INTRA-EX;202509;513881387;AC-300-CP-6;84099100;FR;PT;10;EXW;11;3;;1,6;1;107;;QV999999999999;
INTRA-EX;202509;513881387;10.127.100K;84132000;FR;PT;10;EXW;11;3;;0,3;1;314;;QV999999999999;
INTRA-EX;202509;513881387;51003-AK125;84213100;FR;PT;10;EXW;11;3;;0,2;1;14;;QV999999999999;
INTRA-EX;202509;513881387;AC-R56-TB;87089997;FR;PT;10;EXW;11;3;;0,4;1;59;;QV999999999999;
INTRA-EX;202509;513881387;CTS-HW-0133;84099100;FR;PT;10;EXW;11;3;;0,5;1;135;;QV999999999999;
INTRA-EX;202509;513881387;T4100010;87089997;FR;PT;10;EXW;11;3;;12,6;1;2213;;FR00507497691;
INTRA-EX;202509;513881387;CI100072;84213100;FR;PT;10;EXW;11;3;;4,8;1;549;;FR59794806117;
INTRA-EX;202509;513881387;R7437-9-5;85111000;FR;PT;10;EXW;11;3;;0,3;1;213;;QV999999999999;
INTRA-EX;202509;513881387;RBF600;27101999;FR;PT;10;EXW;11;3;;0,6;3;28;;QV999999999999;
INTRA-EX;202509;513881387;U5055-4;84099100;FR;PT;10;EXW;11;3;;1,5;1;88;;QV999999999999;
INTRA-EX;202509;513881387;ILZKBR7B8G-4;87089997;FR;PT;10;EXW;11;3;;0,3;1;38;;QV999999999999;
INTRA-EX;202509;513881387;MS100210-4;84099100;FR;PT;10;EXW;11;3;;1,7;1;127;;QV999999999999;
INTRA-EX;202509;513881387;BKR7EIX-4;84099100;FR;PT;10;EXW;11;3;;0,3;1;40;;QV999999999999;
INTRA-EX;202509;513881387;AC-N55-DP;87089235;FR;PT;10;EXW;11;3;;2,5;1;168;;QV999999999999;
INTRA-EX;202509;513881387;FMKT135F20;87089997;FR;PT;10;EXW;11;3;;0,7;1;88;;QV999999999999;
INTRA-EX;202509;513881387;SBW0261-4P-BK;87083091;FR;PT;10;EXW;11;3;;0,5;1;84;;QV999999999999;
INTRA-EX;202509;513881387;Z-1382491;87089997;FR;PT;10;EXW;11;3;;3,1;1;337;;QV999999999999;
INTRA-EX;202509;513881387;BKR7EIX-4;84099100;FR;PT;10;EXW;11;3;;0,3;1;40;;QV999999999999;
INTRA-EX;202509;513881387;06E898001-4;85111000;FR;PT;10;EXW;11;3;;1,5;1;102;;QV999999999999;
INTRA-EX;202509;513881387;10.127.203K;84132000;FR;PT;10;EXW;11;3;;0,3;1;314;;FR23913547394;
INTRA-EX;202509;513881387;Z-1350571;87083099;FR;PT;10;EXW;11;3;;1,4;1;154;;QV999999999999;
INTRA-EX;202509;513881387;4B5562H-STD;40091100;FR;PT;10;EXW;11;3;;0,2;1;68;;QV999999999999;
INTRA-EX;202509;513881387;VWR800000;58109210;HU;PT;10;EXW;11;3;;0,1;1;7;;HU25464285;
INTRA-EX;202509;513881387;9-651-1010;84133080;HU;PT;10;EXW;11;3;;0,4;1;103;;HU25464285;
INTRA-EX;202509;513881387;Z1003100;85111000;HU;PT;10;EXW;11;3;;0,1;9;224;;HU25464285;
INTRA-EX;202509;513881387;CTS-HW-408;84099100;DE;PT;10;EXW;11;3;;0,3;1;97;;DE181881308;
INTRA-EX;202509;513881387;AC-MK7-INLET;40091100;GR;PT;10;EXW;11;3;;0,3;1;65;;QV999999999999;
INTRA-EX;202509;513881387;FMDVMK7R-BLA;87089997;GR;PT;10;EXW;11;3;;0,6;1;218;;QV999999999999;
INTRA-EX;202509;513881387;FMDVSU110-YEL;84814090;GR;PT;10;EXW;11;3;;0,1;1;14;;QV999999999999;
INTRA-EX;202509;513881387;EVE-F9XM5M8-CF-INT;84213100;BE;PT;10;EXW;11;3;;5,3;1;1571;;BE0845609871;
INTRA-EX;202509;513881387;EVE-ST38Y-CF-INT;84213100;BE;PT;10;EXW;11;3;;7;1;1285;;BE0670639687;
INTRA-EX;202509;513881387;S-AR/TI/1H;87089235;NL;PT;10;EXW;11;3;;18;1;3776;;NL866860666B01;
INTRA-EX;202509;513881387;P-HF1160;87089997;NL;PT;10;EXW;11;3;;3;1;419;;NL866860666B01;
INTRA-EX;202509;513881387;E-AR/T/1;87089235;NL;PT;10;EXW;11;3;;15;1;1133;;NL866860666B01;
INTRA-EX;202509;513881387;1J0253115A;84099100;NL;PT;10;EXW;11;3;;0,1;1;2;;NL866860666B01;
INTRA-EX;202509;513881387;SILZKBR8D8S;85111000;IT;PT;10;EXW;11;3;;0,1;6;58;;IT03656931205;
INTRA-EX;202509;513881387;06838103921MM;87087000;ES;PT;10;EXW;11;3;;12;4;2867;;ES78531132R;
INTRA-EX;202509;513881387;61000591000MM;87087000;ES;PT;10;EXW;11;3;;0,1;4;177;;ES78531132R;
INTRA-EX;202509;513881387;SMA0380-4P-BK;87083091;ES;PT;10;EXW;11;3;;0,5;1;84;;ES45733962a;
INTRA-EX;202509;513881387;U5014;84099100;ES;PT;10;EXW;11;3;;0,3;20;434;;ESB42771618;
INTRA-EX;202509;513881387;AC-E46-FU;87088055;ES;PT;10;EXW;11;3;;4,3;1;104;;ESB42771618;
INTRA-EX;202509;513881387;AC-B9S-DPHS;87089235;ES;PT;10;EXW;11;3;;5;1;257;;ESB42771618;
INTRA-EX;202509;513881387;AC-180-CPA;87089997;ES;PT;10;EXW;11;3;;0,5;8;239;;ESB94171030;
INTRA-EX;202509;513881387;SFDS091D;87089235;ES;PT;10;EXW;11;3;;24,4;2;1093;;ESB42954230;
INTRA-EX;202509;513881387;VWR19G702;70102000;ES;PT;10;EXW;11;3;;0,1;2;98;;ESB42954230;
INTRA-EX;202509;513881387;FMINDK28-BLA-FOA;84213100;ES;PT;10;EXW;11;3;;5,9;1;257;;ESB42954230;
INTRA-EX;202509;513881387;FMSS3;87089997;ES;PT;10;EXW;11;3;;0,3;1;83;;ESB42954230;
INTRA-EX;202509;513881387;VWR18G700;87089997;ES;PT;10;EXW;11;3;;4;1;420;;ESB42954230;
INTRA-EX;202509;513881387;VWR12G7R600ITINLET;87089997;ES;PT;10;EXW;11;3;;0,4;2;200;;ESB42954230;
INTRA-EX;202509;513881387;Z1003100;85111000;ES;PT;10;EXW;11;3;;0,1;8;199;;ESB42954230;
INTRA-EX;202509;513881387;FMDV18-BLU;84814090;ES;PT;10;EXW;11;3;;1,5;1;165;;ESB42954230;
INTRA-EX;202509;513881387;SBMP083;87089235;ES;PT;10;EXW;11;3;;7,5;1;178;;ESB44699973;
INTRA-EX;202509;513881387;SVWC060;87089235;ES;PT;10;EXW;11;3;;10;1;276;;ES38873546G;
INTRA-EX;202509;513881387;AC-45-DP;87089235;ES;PT;10;EXW;11;3;;9,2;1;203;;ES38873546G;
INTRA-EX;202509;513881387;VWR120001;87089997;ES;PT;10;EXW;11;3;;0,1;1;4;;ES38873546G;
INTRA-EX;202509;513881387;FMPCVD1;87089997;ES;PT;10;EXW;11;3;;0,3;1;69;;ES38873546G;
INTRA-EX;202509;513881387;VWR13G700-SERV;87089997;ES;PT;10;EXW;11;3;;0,1;2;43;;ES38873546G;
INTRA-EX;202509;513881387;AUVS4-QS11C;87089235;ES;PT;10;EXW;11;3;;29,9;1;1686;;ESB67497925;
INTRA-EX;202509;513881387;SILZKBR8D8S;85111000;ES;PT;10;EXW;11;3;;0,1;12;117;;ES43179343V;
INTRA-EX;202509;513881387;10.127.203K;84132000;FR;PT;10;EXW;11;3;;0,3;1;227;;FR94827543661;
INTRA-EX;202509;513881387;EVE-ST38Y-CF-INT;84213100;FR;PT;10;EXW;11;3;;7;1;1285;;FR31895072130;
INTRA-EX;202509;513881387;AC-MK7-MD;87089997;FR;PT;10;EXW;11;3;;0,4;1;43;;FR43935269613;
INTRA-EX;202509;513881387;AC-MK7-INLET;40091100;FR;PT;10;EXW;11;3;;0,3;1;45;;FR43935269613;
INTRA-EX;202509;513881387;AC-MQB-IC;84198998;FR;PT;10;EXW;11;3;;16,3;1;281;;FR43935269613;
INTRA-EX;202509;513881387;EVE-F9XM5M8-CF-INT;84213100;FR;PT;10;EXW;11;3;;5,3;1;1571;;FR71791829385;
INTRA-EX;202509;513881387;VWR900002;85111000;FR;PT;10;EXW;11;3;;0,3;5;153;;FR71791829385;
INTRA-EX;202509;513881387;EVE-B9RS5-CF-INT;84213100;DK;PT;10;EXW;11;3;;3,9;1;1178;;DK34701237;
INTRA-EX;202509;513881387;EVE-AMGGT-CF-INT;84213100;PL;PT;10;EXW;11;3;;7,8;1;1785;;PL8141683531;
INTRA-EX;202509;513881387;D760-0069;84099100;PL;PT;10;EXW;11;3;;4,4;1;319;;PL6972395288;
INTRA-EX;202509;513881387;ATINTP308;87089135;GR;PT;10;EXW;11;3;;11,3;1;371;;GREL802913609;
INTRA-EX;202509;513881387;SAU0431-4P-RD;87083091;GR;PT;10;EXW;11;3;;0,5;1;51;;GREL802913609;
INTRA-EX;202509;513881387;MMOP-TPS;84099100;GR;PT;10;EXW;11;3;;0,4;1;40;;GREL802913609;
INTRA-EX;202509;513881387;BWR22XZ;87088055;GR;PT;10;EXW;11;3;;7,8;1;160;;GREL802913609;
INTRA-EX;202509;513881387;PF04;85444290;GR;PT;10;EXW;11;3;;0,2;1;156;;GREL802913609;
INTRA-EX;202509;513881387;Z1003100;85111000;GR;PT;10;EXW;11;3;;0,1;8;199;;GREL802913609;
INTRA-EX;202509;513881387;FMDV21;87089997;GR;PT;10;EXW;11;3;;1,5;1;114;;GREL802913609;
INTRA-EX;202509;513881387;9-651-1009;84133080;GR;PT;10;EXW;11;3;;0,5;2;206;;GREL802913609;
INTRA-EX;202509;513881387;MS100180;87089997;GR;PT;10;EXW;11;3;;1;1;250;;GREL802913609;
INTRA-EX;202509;513881387;SBMC098;87089235;GR;PT;10;EXW;11;3;;7,3;1;409;;GREL802913609;
INTRA-EX;202509;513881387;VWR420000;87089997;BE;PT;10;EXW;11;3;;2;1;159;;BE0670639687;
INTRA-EX;202509;513881387;1K0253144BD;40091100;NL;PT;10;EXW;11;3;;0,2;1;6;;NL866860666B01;
INTRA-EX;202509;513881387;VWR140014;87089997;NL;PT;10;EXW;11;3;;0,1;1;18;;NL866996473B01;
INTRA-EX;202509;513881387;VWR190008;87089997;NL;PT;10;EXW;11;3;;0,5;1;40;;NL866996473B01;
INTRA-EX;202509;513881387;MS100210;85111000;NL;PT;10;EXW;11;3;;0,3;4;99;;NL866996473B01;
INTRA-EX;202509;513881387;VWR120003;87089997;NL;PT;10;EXW;11;3;;1,3;1;178;;NL866996473B01;
INTRA-EX;202509;513881387;AC-211-CFA;87089997;NL;PT;10;EXW;11;3;;0,1;1;16;;NL866996473B01;
INTRA-EX;202509;513881387;FMDV18-BLA;84814090;NL;PT;10;EXW;11;3;;1,5;1;165;;NL866996473B01;
INTRA-EX;202509;513881387;VWR12G7R600ITBLA;84213100;NL;PT;10;EXW;11;3;;0,8;2;152;;NL866996473B01;
INTRA-EX;202509;513881387;8E0971824S-RD;84099100;NL;PT;10;EXW;11;3;;0,2;1;7;;NL866996473B01;
INTRA-EX;202509;513881387;FMVWQS;87089997;NL;PT;10;EXW;11;3;;0,7;1;71;;NL866996473B01;
INTRA-EX;202509;513881387;VWR11G701;84213100;NL;PT;10;EXW;11;3;;0,3;1;57;;NL866996473B01;
INTRA-EX;202509;513881387;VWR180004;87089997;NL;PT;10;EXW;11;3;;0,1;1;26;;NL866996473B01;
INTRA-EX;202509;513881387;CTS-EXH-TP-0007;87089235;NL;PT;10;EXW;11;3;;3;1;112;;NL866860666B01;
INTRA-EX;202509;513881387;CTS-IGN-007;84099100;NL;PT;10;EXW;11;3;;0,3;4;119;;NL866860666B01;
INTRA-EX;202509;513881387;R7437-8;85111000;NL;PT;10;EXW;11;3;;0,1;4;136;;NL866860666B01;
INTRA-EX;202509;513881387;U5014;84099100;NL;PT;10;EXW;11;3;;0,3;4;86;;NL866860666B01;
INTRA-EX;202509;513881387;VWR13G700;84099100;IT;PT;10;EXW;11;3;;3;1;468;;IT04227541200;
INTRA-EX;202509;513881387;VWR18G700;87089997;IT;PT;10;EXW;11;3;;4;1;420;;IT04227541200;
INTRA-EX;202509;513881387;VWR1200R600E;84213100;IT;PT;10;EXW;11;3;;4,9;1;309;;IT03813391202;
INTRA-EX;202509;513881387;VWR120003;87089997;IT;PT;10;EXW;11;3;;1,3;6;1072;;IT12034500012;
INTRA-EX;202509;513881387;VWR120010;40091100;IT;PT;10;EXW;11;3;;1,4;4;714;;IT12034500012;
INTRA-EX;202509;513881387;VWR1200R600E;84213100;IT;PT;10;EXW;11;3;;4,9;6;1857;;IT12034500012;
INTRA-EX;202509;513881387;VWR1200R601E;84213100;IT;PT;10;EXW;11;3;;4,9;1;338;;IT12034500012;
INTRA-EX;202509;513881387;VWR160000;87089997;IT;PT;10;EXW;11;3;;0,7;3;343;;IT12034500012;
INTRA-EX;202509;513881387;VWR12G7R600ITINLET;87089997;IT;PT;10;EXW;11;3;;0,4;2;200;;IT12034500012;
INTRA-EX;202509;513881387;VWR652001-BLK;87083099;IT;PT;10;EXW;11;3;;33;1;1510;;IT12034500012;
INTRA-EX;202509;513881387;FMDV32A-BLK;84814090;IT;PT;10;EXW;11;3;;0,6;3;492;;IT12034500012;
INTRA-EX;202509;513881387;VWR900001;85111000;IT;PT;10;EXW;11;3;;0,3;16;489;;IT12034500012;
INTRA-EX;202509;513881387;VWR682000;87089997;IT;PT;10;EXW;11;3;;15,5;1;187;;IT12034500012;
INTRA-EX;202509;513881387;VWR670007;87089997;IT;PT;10;EXW;11;3;;1,1;1;59;;IT12034500012;
INTRA-EX;202509;513881387;U5055;85111000;IT;PT;10;EXW;11;3;;0,3;6;111;;IT02710790060;
INTRA-EX;202509;513881387;ARAB65CRS200;84213100;IT;PT;10;EXW;11;3;;2,4;1;170;;IT02710790060;
INTRA-EX;202509;513881387;AC-200-IC;84198998;IT;PT;10;EXW;11;3;;11,9;1;263;;IT12072620011;
INTRA-EX;202509;513881387;AC-200-DP;87089235;IT;PT;10;EXW;11;3;;10;1;131;;IT12072620011;
INTRA-EX;202509;513881387;AC-MK8-DP;87089235;IT;PT;10;EXW;11;3;;8,3;1;155;;IT12072620011;
INTRA-EX;202509;513881387;SILZKFR8D7S;85111000;IT;PT;10;EXW;11;3;;0,2;4;30;;IT12072620011;
INTRA-EX;202509;513881387;EVE-W210-FTR;84213100;IT;PT;10;EXW;11;3;;0,6;1;71;;IT12072620011;
INTRA-EX;202509;513881387;AC-300-CP;84099100;IT;PT;10;EXW;11;3;;0,3;4;47;;IT12072620011;
INTRA-EX;202509;513881387;UR-LA4-3512;87088055;IT;PT;10;EXW;11;3;;2,5;1;88;;IT12072620011;
INTRA-EX;202509;513881387;UR-RT2-3515;87088055;IT;PT;10;EXW;11;3;;2;1;59;;IT12072620011;
INTRA-EX;202509;513881387;UR-TW2-1832;87088055;IT;PT;10;EXW;11;3;;3;1;76;;IT12072620011;
INTRA-EX;202509;513881387;EVE-GR4-CF-INT;84213100;IT;PT;10;EXW;11;3;;4,9;1;975;;IT12072620011;
INTRA-EX;202509;513881387;SBW0271-4P-BK;87083091;IT;PT;10;EXW;11;3;;0,4;1;63;;IT12072620011;
INTRA-EX;202509;513881387;R7437-9;85111000;IT;PT;10;EXW;11;3;;0,1;4;145;;IT03002640732;
INTRA-EX;202509;513881387;VWR120000;84213100;IT;PT;10;EXW;11;3;;1;1;30;;IT03002640732;
INTRA-EX;202509;513881387;VWR12G7R600FO;84213100;IT;PT;10;EXW;11;3;;0,5;1;86;;IT03002640732;
INTRA-EX;202509;513881387;VWR69G7KIT;87083091;IT;PT;10;EXW;11;3;;0,5;1;105;;IT03002640732;
INTRA-EX;202509;513881387;VWR81G700;87088055;IT;PT;10;EXW;11;3;;2,6;1;319;;IT03002640732;
INTRA-EX;202509;513881387;VWR630003;87089997;IT;PT;10;EXW;11;3;;2,3;1;114;;IT03002640732;
INTRA-EX;202509;513881387;L3P3VGT7;87089997;IT;PT;10;EXW;11;3;;1;1;252;;IT03656931205;
INTRA-EX;202509;513881387;EVE-GR4-CF-INT;84213100;IT;PT;10;EXW;11;3;;4,9;1;975;;IT03002640732;
INTRA-EX;202509;513881387;FMDVMK7A-ALL;87089997;IT;PT;10;EXW;11;3;;0,6;1;164;;IT03656931205;
INTRA-EX;202509;513881387;VWR900004;85111000;IT;PT;10;EXW;11;3;;0,3;1;32;;IT03656931205;
INTRA-EX;202509;513881387;FMTUBL5;70102000;IT;PT;10;EXW;11;3;;0,3;1;78;;IT03656931205;
INTRA-EX;202509;513881387;PP2041;84213100;IT;PT;10;EXW;11;3;;0,6;1;77;;IT02710790060;
INTRA-EX;202509;513881387;FMKT029-BLA;40093100;IT;PT;10;EXW;11;3;;0,5;1;104;;IT02710790060;
INTRA-EX;202509;513881387;FMDV008-BLA;84814090;IT;PT;10;EXW;11;3;;0,5;2;239;;IT03656931205;
INTRA-EX;202509;513881387;VWR120003;87089997;IT;PT;10;EXW;11;3;;1,3;1;178;;IT03656931205;
INTRA-EX;202509;513881387;MS100244;85111000;IT;PT;10;EXW;11;3;;0,3;6;166;;IT12072620011;
INTRA-EX;202509;513881387;VWR12G60R;84213100;ES;PT;10;EXW;11;3;;3,2;1;352;;ESB42954230;
INTRA-EX;202509;513881387;VWR1200R601E;84213100;ES;PT;10;EXW;11;3;;4,9;1;338;;ESB42954230;
INTRA-EX;202509;513881387;VWR160001;87089997;ES;PT;10;EXW;11;3;;0,4;3;257;;ESB42954230;
INTRA-EX;202509;513881387;VWR900002;85111000;ES;PT;10;EXW;11;3;;0,3;4;122;;ESB42954230;
INTRA-EX;202509;513881387;VWR1200R600E;84213100;ES;PT;10;EXW;11;3;;4,9;1;309;;ESB42954230;
INTRA-EX;202509;513881387;MMSBH-F80-15;40093100;ES;PT;10;EXW;11;3;;1,5;1;253;;ES41572866k;
INTRA-EX;202509;513881387;MMOC-F80-15;87089135;ES;PT;10;EXW;11;3;;5;1;338;;ES41572866k;
INTRA-EX;202509;513881387;MMTC-F80-15;87089135;ES;PT;10;EXW;11;3;;3,1;1;308;;ES41572866k;
INTRA-EX;202509;513881387;MMHE-F80-15;87089199;ES;PT;10;EXW;11;3;;8,2;1;399;;ES41572866k;
INTRA-EX;202509;513881387;AC-S55-UDT;87089997;ES;PT;10;EXW;11;3;;3,2;1;149;;ES41572866k;
INTRA-EX;202509;513881387;AC-S55-CHP;84835020;ES;PT;10;EXW;11;3;;0,3;2;99;;ES41572866k;
INTRA-EX;202509;513881387;AC-S55-INLET;40091100;ES;PT;10;EXW;11;3;;2,3;2;405;;ES41572866k;
INTRA-EX;202509;513881387;MMAI-E46-01BK;84213100;ES;PT;10;EXW;11;3;;4,1;1;178;;ES18062887K;
INTRA-EX;202509;513881387;10.127.100K;84132000;ES;PT;10;EXW;11;3;;0,3;1;227;;ESB64437577;
INTRA-EX;202509;513881387;AC-B9RS-IC;87089199;ES;PT;10;EXW;11;3;;10,9;1;478;;ES44719365M;
INTRA-EX;202509;513881387;SAU0531-4P-BK;87083091;ES;PT;10;EXW;11;3;;0,5;1;76;;ES44719365M;
INTRA-EX;202509;513881387;10.127.113K;84133080;ES;PT;10;EXW;11;3;;0,3;1;253;;ES44719365M;
INTRA-EX;202509;513881387;BKR8EIX;85111000;ES;PT;10;EXW;11;3;;0,1;4;36;;ES44719365M;
INTRA-EX;202509;513881387;9-654-1025;84133080;ES;PT;10;EXW;11;3;;0,8;1;129;;ESB70870076;
INTRA-EX;202509;513881387;AC-S55-DP;87089235;ES;PT;10;EXW;11;3;;5,2;1;203;;ES29524079Z;
INTRA-EX;202509;513881387;MS100244;85111000;ES;PT;10;EXW;11;3;;0,3;6;166;;ES29524079Z;
INTRA-EX;202509;513881387;VWR900004;85111000;ES;PT;10;EXW;11;3;;0,3;6;196;;ESB42954230;
INTRA-EX;202509;513881387;VWR19G702;70102000;ES;PT;10;EXW;11;3;;0,1;2;98;;ESB42954230;
INTRA-EX;202509;513881387;VWR180004;87089997;ES;PT;10;EXW;11;3;;0,1;2;53;;ESB42954230;
INTRA-EX;202509;513881387;216BFWAEBOSM;90262020;ES;PT;10;EXW;11;3;;0,3;2;75;;ESB42954230;
INTRA-EX;202509;513881387;FMVWQS;87089997;ES;PT;10;EXW;11;3;;0,7;1;71;;ESB42954230;
INTRA-EX;202509;513881387;ARMABZGT53-A;10;ES;PT;10;EXW;11;3;;7,3;1;1235;;ESB42954230;
INTRA-EX;202509;513881387;CTS-IT-500;40091100;ES;PT;10;EXW;11;3;;1,6;1;127;;ES44719365M;
INTRA-EX;202509;513881387;10.127.100K;84132000;ES;PT;10;EXW;11;3;;0,3;1;227;;ES44719365M;
INTRA-EX;202509;513881387;BKR7EIX;85111000;ES;PT;10;EXW;11;3;;0,1;4;34;;ES44719365M;
INTRA-EX;202509;513881387;AC-200-IC;84198998;ES;PT;10;EXW;11;3;;11,9;1;263;;ES44719365M;
INTRA-EX;202509;513881387;CTS-IT-272R;84213100;ES;PT;10;EXW;11;3;;3,9;2;419;;ES44719365M;
INTRA-EX;202509;513881387;EVE-W210-FTR;84213100;FR;PT;10;EXW;11;3;;0,6;20;1330;;FR82530667591;
INTRA-EX;202509;513881387;AC-MQB-IC;84198998;FR;PT;10;EXW;11;3;;16,3;1;281;;FR95799460480;
INTRA-EX;202509;513881387;AC-MK8-DP;87089235;FR;PT;10;EXW;11;3;;8,3;1;155;;FR95799460480;
INTRA-EX;202509;513881387;CTS-IT-105R;84213100;FR;PT;10;EXW;11;3;;4,6;1;224;;FR94827543661;
INTRA-EX;202509;513881387;SILZKGR8B8S;85111000;FR;PT;10;EXW;11;3;;0,1;6;50;;FR35504243288;
INTRA-EX;202509;513881387;CTS-IGN-008;84099100;FR;PT;10;EXW;11;3;;0,3;12;359;;FR35504243288;
INTRA-EX;202509;513881387;6B1584H-STD;40091100;FR;PT;10;EXW;11;3;;0,4;2;214;;FR35504243288;
INTRA-EX;202509;513881387;ILZKBR7B8G;85111000;FR;PT;10;EXW;11;3;;0,1;6;51;;FR35504243288;
INTRA-EX;202509;513881387;SILZKBR8D8S;85111000;FR;PT;10;EXW;11;3;;0,1;18;176;;FR35504243288;
INTRA-EX;202509;513881387;MS100227;84213100;FR;PT;10;EXW;11;3;;0,8;1;150;;FR94827543661;
INTRA-EX;202509;513881387;VWR1200R601E;84213100;FR;PT;10;EXW;11;3;;4,9;1;338;;FR94827543661;
INTRA-EX;202509;513881387;SILZKBR8D8S;85111000;FR;PT;10;EXW;11;3;;0,1;10;98;;FR35504243288;
INTRA-EX;202509;513881387;AC-S55-CHP;84835020;FR;PT;10;EXW;11;3;;0,3;3;149;;FR35504243288;
INTRA-EX;202509;513881387;X11127565284ALBK;87089997;FR;PT;10;EXW;11;3;;7;2;279;;FR35504243288;
INTRA-EX;202509;513881387;CTS-IT-500;40091100;HU;PT;10;EXW;11;3;;1,6;1;127;;HU25464285;
INTRA-EX;202509;513881387;AC-MK8R-DP;87089235;HU;PT;10;EXW;11;3;;10,2;1;203;;HU25464285;
INTRA-EX;202509;513881387;AC-N54-TP;40091100;HU;PT;10;EXW;11;3;;1,7;1;80;;HU25464285;
INTRA-EX;202509;513881387;AC-N54-IC;87089135;HU;PT;10;EXW;11;3;;11,5;1;214;;HU25464285;
INTRA-EX;202509;513881387;CTS-IT-291;84213100;GR;PT;10;EXW;11;3;;3,4;1;149;;GREL801324798;
INTRA-EX;202509;513881387;CTS-HW-0199;87089997;GR;PT;10;EXW;11;3;;0,3;1;59;;GREL801324798;
INTRA-EX;202509;513881387;CTS-EXH-TP-0008;87089235;GR;PT;10;EXW;11;3;;4;1;112;;GREL801324798;
INTRA-EX;202509;513881387;VWR19G704;70102000;GR;PT;10;EXW;11;3;;0,1;1;49;;GREL801324798;
INTRA-EX;202509;513881387;VWR19G703;70102000;GR;PT;10;EXW;11;3;;0,2;2;114;;GREL801324798;
INTRA-EX;202509;513881387;SP-201;32081090;NL;PT;10;EXW;11;3;;0,5;6;97;;NL857445832B01;
INTRA-EX;202509;513881387;SP-204;32081090;NL;PT;10;EXW;11;3;;0,5;8;130;;NL857445832B01;
INTRA-EX;202509;513881387;SP-738;32081090;NL;PT;10;EXW;11;3;;1;2;25;;NL857445832B01;
INTRA-EX;202509;513881387;MMSK-CF;87084099;NL;PT;10;EXW;11;3;;0,2;2;81;;NL857445832B01;
INTRA-EX;202509;513881387;MMHP-ASHB-2424;87089997;ES;PT;10;EXW;11;3;;0,3;1;25;;ES72815006L;
INTRA-EX;202509;513881387;ILFR7H;85111000;ES;PT;10;EXW;11;3;;0,2;12;137;;ES72815006L;
INTRA-EX;202509;513881387;MMOC-BRZ-13T;87089135;ES;PT;10;EXW;11;3;;5,4;1;473;;ESB66283003;
INTRA-EX;202509;513881387;VWR13G500;84099100;FR;PT;10;EXW;11;3;;2;1;332;;FR55524167806;
INTRA-EX;202509;513881387;EVE-E9X-CF-PLM;84213100;FR;PT;10;EXW;11;3;;5,6;1;1678;;FR31895072130;
INTRA-EX;202509;513881387;EVE-E46-INT;84213100;FR;PT;10;EXW;11;3;;3,5;1;696;;FR31895072130;
INTRA-EX;202509;513881387;CTS-IT-255R-2;87089135;CZ;PT;10;EXW;11;3;;8;1;284;;CZ05681197;
INTRA-EX;202509;513881387;PF04;85444290;CZ;PT;10;EXW;11;3;;0,2;2;313;;CZ05681197;
INTRA-EX;202509;513881387;AC-G8x-UDT;87089997;CZ;PT;10;EXW;11;3;;4,7;1;149;;CZ05681197;
INTRA-EX;202509;513881387;MMOC-F10-12SL;87089997;BG;PT;10;EXW;11;3;;5,5;1;493;;BG204171399;
INTRA-EX;202509;513881387;Z1003101;85111000;PL;PT;10;EXW;11;3;;0,1;6;99;;PL8141683531;
INTRA-EX;202509;513881387;VWR900003;85111000;PL;PT;10;EXW;11;3;;0,3;10;306;;PL8141683531;
INTRA-EX;202509;513881387;VWR12G7R600ITINLET;87089997;PL;PT;10;EXW;11;3;;0,4;2;200;;PL8141683531;
INTRA-EX;202509;513881387;9-654-1025;84133080;GR;PT;10;EXW;11;3;;0,8;1;129;;GREL802913609;
INTRA-EX;202509;513881387;ATIKVAG19-RD;84213100;GR;PT;10;EXW;11;3;;4,9;2;379;;GREL802913609;
INTRA-EX;202509;513881387;R7437-8;85111000;GR;PT;10;EXW;11;3;;0,1;4;136;;GREL802913609;
INTRA-EX;202509;513881387;SVWC064;87089235;NL;PT;10;EXW;11;3;;11,7;1;307;;NL866860666B01;
INTRA-EX;202509;513881387;VWR1200R601E;84213100;NL;PT;10;EXW;11;3;;4,9;1;338;;NL866860666B01;
INTRA-EX;202509;513881387;ARMABZA450S-A;84213100;NL;PT;10;EXW;11;3;;3;1;464;;NL866860666B01;
INTRA-EX;202509;513881387;AC-MK7-INLET;40091100;IT;PT;10;EXW;11;3;;0,3;1;45;;IT02710790060;
INTRA-EX;202509;513881387;AC-MK7-MD;87089997;IT;PT;10;EXW;11;3;;0,4;1;43;;IT02710790060;
INTRA-EX;202509;513881387;SVWC058;87089235;IT;PT;10;EXW;11;3;;10,1;1;314;;IT02710790060;
INTRA-EX;202509;513881387;FMMK7INDH-BLA;40093100;IT;PT;10;EXW;11;3;;0,8;1;60;;IT02710790060;
INTRA-EX;202509;513881387;EVE-GR4-CF-INT;84213100;IT;PT;10;EXW;11;3;;4,9;1;975;;IT16332121009;
INTRA-EX;202509;513881387;UR-LA2-1232;87088055;IT;PT;10;EXW;11;3;;1,4;1;58;;IT12072620011;
INTRA-EX;202509;513881387;AC-300-CP;84099100;IT;PT;10;EXW;11;3;;0,3;6;71;;IT12072620011;
INTRA-EX;202509;513881387;AC-MK7-DP;87089235;IT;PT;10;EXW;11;3;;9,2;1;155;;IT12072620011;
INTRA-EX;202509;513881387;VWR1200R600E;84213100;IT;PT;10;EXW;11;3;;4,9;1;309;;IT03813391202;
INTRA-EX;202509;513881387;SMT0707-4P-BK;87083091;ES;PT;10;EXW;11;3;;0,5;1;117;;ES42917263E;
INTRA-EX;202509;513881387;AC-G8X-DPHS;87089997;ES;PT;10;EXW;11;3;;6,2;1;329;;ES78832668F;
INTRA-EX;202509;513881387;VWR130006;84099100;ES;PT;10;EXW;11;3;;0,3;2;81;;ESB42954230;
INTRA-EX;202509;513881387;VWR120010;40091100;ES;PT;10;EXW;11;3;;1,4;2;357;;ESB42954230;
INTRA-EX;202509;513881387;VWR1200R600E;84213100;ES;PT;10;EXW;11;3;;4,9;1;309;;ESB42954230;
INTRA-EX;202509;513881387;Z1003100;85111000;ES;PT;10;EXW;11;3;;0,1;4;99;;ESB42954230;
INTRA-EX;202509;513881387;VWR31G60R;87088035;ES;PT;10;EXW;11;3;;12;1;174;;ESB42954230;
INTRA-EX;202509;513881387;10.127.203K;84132000;ES;PT;10;EXW;11;3;;0,3;1;227;;ESB42954230;
INTRA-EX;202509;513881387;06K103495AC;87089997;ES;PT;10;EXW;11;3;;0,6;1;17;;ESB04855516;
INTRA-EX;202509;513881387;Z1003100;85111000;ES;PT;10;EXW;11;3;;0,1;30;747;;ESB04855516;
INTRA-EX;202509;513881387;MMRAD-E46-323;87089997;ES;PT;10;EXW;11;3;;7,2;1;280;;ESB01715598;
INTRA-EX;202509;513881387;VWR420001;87089997;ES;PT;10;EXW;11;3;;2;1;159;;ESB01715598;
INTRA-EX;202509;513881387;VWR520000;87089997;ES;PT;10;EXW;11;3;;0,7;1;133;;ESB01715598;
INTRA-EX;202509;513881387;VWR810005;87082990;ES;PT;10;EXW;11;3;;0,4;1;124;;ESB01715598;
INTRA-EX;202509;513881387;VWR810006;87089997;ES;PT;10;EXW;11;3;;1,5;1;200;;ESB01715598;
INTRA-EX;202509;513881387;9-655-1025;84133080;ES;PT;10;EXW;11;3;;0,8;1;129;;ESB70870076;
INTRA-EX;202509;513881387;CTS-IGN-008;84099100;FR;PT;10;EXW;11;3;;0,3;6;179;;FR35504243288;
INTRA-EX;202509;513881387;CTS-EXH-TP-0007;87089235;FR;PT;10;EXW;11;3;;3;1;112;;FR93514546712;
INTRA-EX;202509;513881387;CTS-IGN-009;84099100;BG;PT;10;EXW;11;3;;0,3;12;310;;BG204171399;
INTRA-EX;202509;513881387;VWR12G7R600ITINLET;87089997;PL;PT;10;EXW;11;3;;0,4;2;200;;PL8141683531;
INTRA-EX;202509;513881387;EVE-W192-FTR;84213100;PL;PT;10;EXW;11;3;;0,6;2;142;;PL8141683531;
INTRA-EX;202509;513881387;VWR12G7R600ITBLA;84213100;PL;PT;10;EXW;11;3;;0,8;2;152;;PL8141683531;
INTRA-EX;202509;513881387;PF04;85444290;PL;PT;10;EXW;11;3;;0,2;1;156;;PL8141683531;
INTRA-EX;202509;513881387;AC-S55-INLET;40091100;GR;PT;10;EXW;11;3;;2,3;1;202;;GREL163940830;
INTRA-EX;202509;513881387;10.127.101K;84133080;GR;PT;10;EXW;11;3;;0,3;1;227;;GREL163940830;
INTRA-EX;202509;513881387;CTS-TM-MK4-60D;87089235;GR;PT;10;EXW;11;3;;2;1;89;;GREL802913609;
INTRA-EX;202509;513881387;CTS-EM-MK456-4-60D;84099100;GR;PT;10;EXW;11;3;;2,5;1;89;;GREL802913609;
INTRA-EX;202509;513881387;CTS-IT-963;84213100;BE;PT;10;EXW;11;3;;7;3;1097;;BE0740963105;
INTRA-EX;202509;513881387;ILFR7H;85111000;BE;PT;10;EXW;11;3;;0,2;14;160;;BE0740963105;
INTRA-EX;202509;513881387;CTS-EXH-TP-0008;87089235;BE;PT;10;EXW;11;3;;4;1;112;;BE0670639687;
INTRA-EX;202509;513881387;LTR7IX-11;85111000;NL;PT;10;EXW;11;3;;0,2;14;109;;NL866996473B01;
INTRA-EX;202509;513881387;VWR800003;58109210;NL;PT;10;EXW;11;3;;0,1;2;14;;NL866996473B01;
INTRA-EX;202509;513881387;VWR31G80R;73209090;NL;PT;10;EXW;11;3;;8;1;161;;NL866996473B01;
INTRA-EX;202509;513881387;VWR900001;85111000;NL;PT;10;EXW;11;3;;0,3;5;153;;NL866996473B01;
INTRA-EX;202509;513881387;AC-211-CFA;87089997;NL;PT;10;EXW;11;3;;0,1;1;16;;NL866996473B01;
INTRA-EX;202509;513881387;VWR12G7R600ITINLET;87089997;NL;PT;10;EXW;11;3;;0,4;2;200;;NL866996473B01;
INTRA-EX;202509;513881387;CTS-TR-0300RS;87089997;NL;PT;10;EXW;11;3;;13,1;1;1312;;NL866860666B01;
INTRA-EX;202509;513881387;CTS-DB-MK4-60D;84099100;NL;PT;10;EXW;11;3;;1,2;1;29;;NL866860666B01;
INTRA-EX;202509;513881387;MS100210;85111000;NL;PT;10;EXW;11;3;;0,3;1;24;;NL866860666B01;
INTRA-EX;202509;513881387;EVE-F56-MAF;87089997;NL;PT;10;EXW;11;3;;0,4;1;53;;NL866860666B01;
INTRA-EX;202509;513881387;TTEIS38;84099100;NL;PT;10;EXW;11;3;;12,4;1;1437;;NL866860666B01;
INTRA-EX;202509;513881387;CI100021;84213100;NL;PT;10;EXW;11;3;;2,3;1;499;;NL866860666B01;
INTRA-EX;202509;513881387;WHT005184;40091100;NL;PT;10;EXW;11;3;;0,1;1;4;;NL866860666B01;
INTRA-EX;202509;513881387;WHT005184;40091100;NL;PT;10;EXW;11;3;;0,1;1;4;;NL866860666B01;
INTRA-EX;202509;513881387;VWR1210R601EG;84213100;IT;PT;10;EXW;11;3;;5,2;1;505;;IT02710790060;
INTRA-EX;202509;513881387;VWR120010;40091100;IT;PT;10;EXW;11;3;;1,4;1;178;;IT02710790060;
INTRA-EX;202509;513881387;VWR17G8R600;84213100;IT;PT;10;EXW;11;3;;0,2;1;38;;IT02710790060;
INTRA-EX;202509;513881387;AC-MQB-IC;84198998;IT;PT;10;EXW;11;3;;16,3;1;281;;IT14481871003;
INTRA-EX;202509;513881387;R7438-8;85111000;IT;PT;10;EXW;11;3;;0,3;4;128;;IT03656931205;
INTRA-EX;202509;513881387;D650-0010;84099100;IT;PT;10;EXW;11;3;;0,3;4;100;;IT03656931205;
INTRA-EX;202509;513881387;FMIND3RCTY-BLA;84213100;IT;PT;10;EXW;11;3;;1,2;1;136;;IT02710790060;
INTRA-EX;202509;513881387;CTS-HW-0133;84099100;IT;PT;10;EXW;11;3;;0,5;1;119;;IT12034500012;
INTRA-EX;202509;513881387;AC-B8S-EXM;87089997;IT;PT;10;EXW;11;3;;11,3;1;347;;IT12034500012;
INTRA-EX;202509;513881387;CTS-IGN-006;84099100;IT;PT;10;EXW;11;3;;0,3;6;179;;IT12034500012;
INTRA-EX;202509;513881387;MMAI-RS-16WBL;87089910;IT;PT;10;EXW;11;3;;7,1;1;299;;IT02710790060;
INTRA-EX;202509;513881387;CI100067;84213100;IT;PT;10;EXW;11;3;;5,1;1;575;;IT03656931205;
INTRA-EX;202509;513881387;SFDP090;87089997;IT;PT;10;EXW;11;3;;8,2;1;206;;IT02710790060;
INTRA-EX;202509;513881387;EVE-FK2V3-CF-CHG;40091100;IT;PT;10;EXW;11;3;;2,1;1;498;;IT16332121009;
INTRA-EX;202509;513881387;FMTUBL7;87089997;IT;PT;10;EXW;11;3;;0,3;1;64;;IT16332121009;
INTRA-EX;202509;513881387;CTS-HW-360;40091100;IT;PT;10;EXW;11;3;;1,4;1;224;;IT02710790060;
INTRA-EX;202509;513881387;SVWX064;87089235;IT;PT;10;EXW;11;3;;10;1;500;;IT08908800967;
INTRA-EX;202509;513881387;VWR1200R600E;84213100;IT;PT;10;EXW;11;3;;4,9;1;309;;IT08908800967;
INTRA-EX;202509;513881387;UR-TW2-1362;87088055;IT;PT;10;EXW;11;3;;3;1;90;;IT12072620011;
INTRA-EX;202509;513881387;AC-250-IP;84198998;IT;PT;10;EXW;11;3;;1,9;1;87;;IT12072620011;
INTRA-EX;202509;513881387;9-201s-1005;84133080;IT;PT;10;EXW;11;3;;0,6;1;70;;IT12072620011;
INTRA-EX;202509;513881387;SILZKGR8B8S;85111000;IT;PT;10;EXW;11;3;;0,1;4;33;;IT12072620011;
INTRA-EX;202509;513881387;UR-TW2-1212;87088055;IT;PT;10;EXW;11;3;;1,7;1;68;;IT12072620011;
INTRA-EX;202509;513881387;AC-300-CP;84099100;IT;PT;10;EXW;11;3;;0,3;4;47;;IT12072620011;
INTRA-EX;202509;513881387;VWR1200R601E;84213100;IT;PT;10;EXW;11;3;;4,9;1;338;;IT03813391202;
INTRA-EX;202509;513881387;AC-MK7-CL;87088055;IT;PT;10;EXW;11;3;;1,3;2;100;;IT03813391202;
INTRA-EX;202509;513881387;AC-MK7-RL;87088055;IT;PT;10;EXW;11;3;;0,5;2;80;;IT03813391202;
INTRA-EX;202509;513881387;VWR12G7R601FO;84213100;IT;PT;10;EXW;11;3;;0,9;2;225;;IT03813391202;
INTRA-EX;202509;513881387;ATMSBMW5;87089997;IT;PT;10;EXW;11;3;;3,5;1;258;;IT03815490929;
INTRA-EX;202509;513881387;VWR13G700;84099100;IT;PT;10;EXW;11;3;;3;1;468;;IT04227541200;
INTRA-EX;202509;513881387;VWR130006;84099100;IT;PT;10;EXW;11;3;;0,3;1;40;;IT04227541200;
INTRA-EX;202509;513881387;CTS-IT-260;84213100;ES;PT;10;EXW;11;3;;3,6;1;202;;ESB76260033;
INTRA-EX;202509;513881387;17U-01-0650-4;87089997;ES;PT;10;EXW;11;3;;0,3;1;291;;ESB76260033;
INTRA-EX;202509;513881387;VWR3130RS;87088035;ES;PT;10;EXW;11;3;;9,2;1;161;;ESB76260033;
INTRA-EX;202509;513881387;EVE-GR4-CF-INT;84213100;ES;PT;10;EXW;11;3;;4,9;1;975;;ES47722726A;
INTRA-EX;202509;513881387;EVE-GR4-CF-INT;84213100;ES;PT;10;EXW;11;3;;4,9;1;975;;ESB94171030;
INTRA-EX;202509;513881387;E-TY/SS/4;87089235;ES;PT;10;EXW;11;3;;8,7;1;407;;ESB94171030;
INTRA-EX;202509;513881387;SHIP-PICK;;ES;PT;10;EXW;11;3;;0,1;1;0;;ESB94171030;
INTRA-EX;202509;513881387;VWR31G8GT;87089997;ES;PT;10;EXW;11;3;;8,5;1;161;;ESB42954230;
INTRA-EX;202509;513881387;EVE-EA8884-R-INT;84213100;ES;PT;10;EXW;11;3;;5;1;999;;ESB42954230;
INTRA-EX;202509;513881387;EVE-JCWGP3-INT;84213100;ES;PT;10;EXW;11;3;;4,3;1;1156;;ESB42954230;
INTRA-EX;202509;513881387;VWR12G7R600FO;84213100;ES;PT;10;EXW;11;3;;0,5;2;172;;ESB42954230;
INTRA-EX;202509;513881387;FMINDK28-RED-FOA;84213100;ES;PT;10;EXW;11;3;;5,9;1;257;;ESB42954230;
INTRA-EX;202509;513881387;VWR11G701;84213100;ES;PT;10;EXW;11;3;;0,3;1;57;;ES50902109G;
INTRA-EX;202509;513881387;SILFER8C7ES;85111000;ES;PT;10;EXW;11;3;;0,1;4;42;;ES50902109G;
INTRA-EX;202509;513881387;SILFER8C7ES;85111000;ES;PT;10;EXW;11;3;;0,1;4;42;;ES50902109G;
INTRA-EX;202509;513881387;SVW0630-4P-BK;87083091;ES;PT;10;EXW;11;3;;0,5;1;63;;ES50902109G;
INTRA-EX;202509;513881387;9-301-0846;87089997;ES;PT;10;EXW;11;3;;0,6;1;109;;ESB75758177;
INTRA-EX;202509;513881387;AC-MK7-MD;87089997;ES;PT;10;EXW;11;3;;0,4;1;43;;ESB75758177;
INTRA-EX;202509;513881387;AC-N55-TP;40091100;ES;PT;10;EXW;11;3;;1,7;1;107;;ESB19781145;
INTRA-EX;202509;513881387;SILZKBR8D8S;85111000;ES;PT;10;EXW;11;3;;0,1;6;58;;ESB19781145;
INTRA-EX;202509;513881387;CTS-IT-105R;84213100;ES;PT;10;EXW;11;3;;4,6;1;224;;ES44719365M;
INTRA-EX;202509;513881387;AC-MK7-DP;87089235;ES;PT;10;EXW;11;3;;9,2;1;155;;ES44719365M;
INTRA-EX;202509;513881387;VSM58-C1SA3;73209090;ES;PT;10;EXW;11;3;;24,5;1;752;;ESB01715598;
INTRA-EX;202509;513881387;AC-200K03-OT;84198998;ES;PT;10;EXW;11;3;;1,4;2;150;;ES44719365M;
INTRA-EX;202509;513881387;CTS-IT-288;84213100;FR;PT;10;EXW;11;3;;2,2;1;247;;FR35504243288;
INTRA-EX;202509;513881387;ATINTHON03;87089199;FR;PT;10;EXW;11;3;;15,7;1;516;;FR80888340023;
INTRA-EX;202509;513881387;50-1200;87089997;FR;PT;10;EXW;11;3;;0,5;2;208;;FR55524167806;
INTRA-EX;202509;513881387;U5014;84099100;FR;PT;10;EXW;11;3;;0,3;4;86;;FR55524167806;
INTRA-EX;202509;513881387;EVE-GR4-CF-INT;84213100;FR;PT;10;EXW;11;3;;4,9;1;975;;FR31895072130;
INTRA-EX;202509;513881387;EVE-2TFSI-CF-INT;84213100;FR;PT;10;EXW;11;3;;3,1;1;663;;FR31895072130;
INTRA-EX;202509;513881387;EVE-FLC;87084099;FR;PT;10;EXW;11;3;;0,6;1;21;;FR82530667591;
INTRA-EX;202509;513881387;SAU0490-4P-BK;87083091;FR;PT;10;EXW;11;3;;0,5;1;51;;FR82530667591;
INTRA-EX;202509;513881387;SES1899UICPWB;84213100;EE;PT;10;EXW;11;3;;2,5;1;197;;EE102228311;
INTRA-EX;202509;513881387;BKR8EIX-4;85111000;SE;PT;10;EXW;11;3;;0,3;1;41;;QV999999999999;
INTRA-EX;202509;513881387;KDT968;87088020;SE;PT;10;EXW;11;3;;0,4;1;25;;QV999999999999;
INTRA-EX;202509;513881387;BMR96Z;87088055;FI;PT;10;EXW;11;3;;5,2;1;217;;FI19685839;
INTRA-EX;202509;513881387;SME0455-4P-RD;87083091;FI;PT;10;EXW;11;3;;0,5;1;94;;FI19685839;
INTRA-EX;202509;513881387;AC-45-IT;84213100;FI;PT;10;EXW;11;3;;1,5;1;119;;FI26263052;
INTRA-EX;202509;513881387;FMDV14T-POL;84814090;BG;PT;10;EXW;11;3;;0,2;1;63;;QV999999999999;
INTRA-EX;202509;513881387;MMIG-VW-0604;85111000;BG;PT;10;EXW;11;3;;1,5;1;106;;QV999999999999;
INTRA-EX;202509;513881387;CTS-IT-300R;84213100;HR;PT;10;EXW;11;3;;4,1;1;263;;QV999999999999;
INTRA-EX;202509;513881387;DBA43148S-2;87083099;SI;PT;10;EXW;11;3;;27,9;1;378;;QV999999999999;
INTRA-EX;202509;513881387;VWR810000;87089997;HU;PT;10;EXW;11;3;;0,2;2;34;;HU25464285;
INTRA-EX;202509;513881387;CI100038-B;40091100;HU;PT;10;EXW;11;3;;1,6;1;271;;HU25464285;
INTRA-EX;202509;513881387;AC-MK8R-DP;87089235;HU;PT;10;EXW;11;3;;10,2;2;407;;HU25464285;
INTRA-EX;202509;513881387;SMA0112-4P-RD;87083091;DE;PT;10;EXW;11;3;;0,5;1;95;;QV999999999999;
INTRA-EX;202509;513881387;RPF-1992;84213100;DE;PT;10;EXW;11;3;;0,4;1;25;;QV999999999999;
INTRA-EX;202509;513881387;CTS-IT-800;84213100;DE;PT;10;EXW;11;3;;4,3;1;279;;QV999999999999;
INTRA-EX;202509;513881387;KTA216A;87088035;DE;PT;10;EXW;11;3;;4,3;2;481;;DE359821210;
INTRA-EX;202509;513881387;FMKT035-BLA;40093100;DE;PT;10;EXW;11;3;;1,6;1;190;;QV999999999999;
INTRA-EX;202509;513881387;FR-0039;84213100;DE;PT;10;EXW;11;3;;4,3;1;453;;QV999999999999;
INTRA-EX;202509;513881387;ATMSSUZ3;87089997;DE;PT;10;EXW;11;3;;2,4;1;294;;QV999999999999;
INTRA-EX;202509;513881387;MMAI-G80-21;84213100;PL;PT;10;EXW;11;3;;7,8;1;529;;PL6972395288;
INTRA-EX;202509;513881387;EVO1801;84213100;GR;PT;10;EXW;11;3;;6,6;1;226;;GREL802913609;
INTRA-EX;202509;513881387;SVWP061;87089997;GR;PT;10;EXW;11;3;;4,1;1;47;;GREL802913609;
INTRA-EX;202509;513881387;CTS-IT-800;84213100;GR;PT;10;EXW;11;3;;4,3;1;247;;GREL802913609;
INTRA-EX;202509;513881387;AC-G8X-DPHS;87089997;GR;PT;10;EXW;11;3;;6,2;1;329;;GREL802913609;
INTRA-EX;202509;513881387;ILFR7H-5;85111000;BE;PT;10;EXW;11;3;;0,3;1;68;;QV999999999999;
INTRA-EX;202509;513881387;SILZKBR8D8S-6;84099100;BE;PT;10;EXW;11;3;;0,4;1;67;;QV999999999999;
INTRA-EX;202509;513881387;11427953129;84099100;BE;PT;10;EXW;11;3;;0,1;1;5;;QV999999999999;
INTRA-EX;202509;513881387;AC-BM-ODP;87089997;BE;PT;10;EXW;11;3;;0,1;1;12;;QV999999999999;
INTRA-EX;202509;513881387;10.127.100K;84132000;BE;PT;10;EXW;11;3;;0,3;3;682;;BE0740963105;
INTRA-EX;202509;513881387;10.127.203K;84132000;BE;PT;10;EXW;11;3;;0,3;1;227;;BE0740963105;
INTRA-EX;202509;513881387;VWR1230S3;842131000;BE;PT;10;EXW;11;3;;3,5;1;371;;BE0740963105;
INTRA-EX;202509;513881387;PK430;84213100;BE;PT;10;EXW;11;3;;3;1;214;;QV999999999999;
INTRA-EX;202509;513881387;82494;84099100;BE;PT;10;EXW;11;3;;1,6;1;204;;QV999999999999;
INTRA-EX;202509;513881387;ILZKAR8H8S-4;85111000;BE;PT;10;EXW;11;3;;0,3;1;72;;QV999999999999;
INTRA-EX;202509;513881387;SD-3312759S;87089997;NL;PT;10;EXW;11;3;;10,5;1;160;;QV999999999999;
INTRA-EX;202509;513881387;RBF700;27101999;NL;PT;10;EXW;11;3;;0,6;2;28;;QV999999999999;
INTRA-EX;202509;513881387;AC-MK5-FU-RD;87088055;NL;PT;10;EXW;11;3;;4,4;1;96;;QV999999999999;
INTRA-EX;202509;513881387;BWR20XZ;87088055;NL;PT;10;EXW;11;3;;5,8;1;191;;QV999999999999;
INTRA-EX;202509;513881387;CTS-HW-046;87089997;NL;PT;10;EXW;11;3;;0,3;1;89;;NL866860666B01;
INTRA-EX;202509;513881387;U5014;84099100;NL;PT;10;EXW;11;3;;0,3;4;86;;NL866860666B01;
INTRA-EX;202509;513881387;VWR31G7GT;87088035;NL;PT;10;EXW;11;3;;8,5;1;161;;NL866996473B01;
INTRA-EX;202509;513881387;AC-VR6-CH-RD;40093100;NL;PT;10;EXW;11;3;;3;1;94;;NL866860666B01;
INTRA-EX;202509;513881387;CTS-IT-289;84213100;NL;PT;10;EXW;11;3;;3,3;1;284;;NL866860666B01;
INTRA-EX;202509;513881387;CTS-IT-260;84213100;NL;PT;10;EXW;11;3;;3,6;1;202;;NL866860666B01;
INTRA-EX;202509;513881387;201-5402;87089997;NL;PT;10;EXW;11;3;;1,2;1;243;;NL002197515B59;
INTRA-EX;202509;513881387;FMINLD1;84213100;IT;PT;10;EXW;11;3;;1,3;1;372;;QV999999999999;
INTRA-EX;202509;513881387;AC-300-CP;84099100;IT;PT;10;EXW;11;3;;0,3;6;71;;IT12072620011;
INTRA-EX;202509;513881387;UR-TW2-4172;87088055;IT;PT;10;EXW;11;3;;3;1;85;;IT12072620011;
INTRA-EX;202509;513881387;AC-300-CP;84099100;IT;PT;10;EXW;11;3;;0,3;4;47;;IT12072620011;
INTRA-EX;202509;513881387;MS100210;85111000;IT;PT;10;EXW;11;3;;0,3;4;99;;IT12072620011;
INTRA-EX;202509;513881387;UR-TW2-3047;87088055;IT;PT;10;EXW;11;3;;3;1;75;;IT12072620011;
INTRA-EX;202509;513881387;ARMAAD0RS4-1;84213100;IT;PT;10;EXW;11;3;;1,5;1;114;;IT12072620011;
INTRA-EX;202509;513881387;SME0455-4P-BK;87083091;IT;PT;10;EXW;11;3;;0,5;1;51;;IT12072620011;
INTRA-EX;202509;513881387;9-201-1000;84133080;IT;PT;10;EXW;11;3;;0,5;1;70;;IT12072620011;
INTRA-EX;202509;513881387;UR-TW2-3047;87088055;IT;PT;10;EXW;11;3;;3;1;75;;IT12072620011;
INTRA-EX;202509;513881387;LTR7IX-11;85111000;IT;PT;10;EXW;11;3;;0,2;4;31;;IT02710790060;
INTRA-EX;202509;513881387;KDT974;87088055;IT;PT;10;EXW;11;3;;1,5;1;135;;IT02710790060;
INTRA-EX;202509;513881387;VWR120003;87089997;IT;PT;10;EXW;11;3;;1,3;1;178;;IT03656931205;
INTRA-EX;202509;513881387;MMHOSE-EVO-9BK;40091100;IT;PT;10;EXW;11;3;;0,7;1;61;;IT08839490011;
INTRA-EX;202509;513881387;SILFER8C7ES;85111000;IT;PT;10;EXW;11;3;;0,1;12;126;;IT08839490011;
INTRA-EX;202509;513881387;U5014;84099100;IT;PT;10;EXW;11;3;;0,3;4;86;;IT08839490011;
INTRA-EX;202509;513881387;10.127.203K;84132000;IT;PT;10;EXW;11;3;;0,3;1;227;;IT08839490011;
INTRA-EX;202509;513881387;PFR7S8EG;85111000;IT;PT;10;EXW;11;3;;0,2;8;61;;IT08839490011;
INTRA-EX;202509;513881387;R7437-9;85111000;IT;PT;10;EXW;11;3;;0,1;4;145;;IT08839490011;
INTRA-EX;202509;513881387;UR-TW2-3047;87088055;IT;PT;10;EXW;11;3;;3;1;75;;IT12072620011;
INTRA-EX;202509;513881387;Z1003100;85111000;IT;PT;10;EXW;11;3;;0,1;24;597;;IT04227541200;
INTRA-EX;202509;513881387;AC-MK7-DP;87089235;IT;PT;10;EXW;11;3;;9,2;2;311;;IT04227541200;
INTRA-EX;202509;513881387;MS100223;84213100;IT;PT;10;EXW;11;3;;1,3;1;125;;IT04227541200;
INTRA-EX;202509;513881387;MS100224;87089997;IT;PT;10;EXW;11;3;;0,5;1;41;;IT04227541200;
INTRA-EX;202509;513881387;MS100226;40093100;IT;PT;10;EXW;11;3;;2,5;1;150;;IT04227541200;
INTRA-EX;202509;513881387;MS100262;87089997;IT;PT;10;EXW;11;3;;1,1;1;215;;IT04227541200;
INTRA-EX;202509;513881387;MMRAD-E90-07A;87089135;IT;PT;10;EXW;11;3;;6,4;1;351;;IT04227541200;
INTRA-EX;202509;513881387;MMTS-E90-07;87089997;IT;PT;10;EXW;11;3;;0,1;1;46;;IT04227541200;
INTRA-EX;202509;513881387;FMTUBL14;87089997;ES;PT;10;EXW;11;3;;0,8;1;143;;QV999999999999;
INTRA-EX;202509;513881387;ATMSP3081;87089135;ES;PT;10;EXW;11;3;;1,5;1;56;;QV999999999999;
INTRA-EX;202509;513881387;WB-432;84213100;ES;PT;10;EXW;11;3;;0,3;1;52;;QV999999999999;
INTRA-EX;202509;513881387;E10-70-018-01-22;87088035;ES;PT;10;EXW;11;3;;10,1;1;165;;QV999999999999;
INTRA-EX;202509;513881387;CTS-IT-805;40091100;ES;PT;10;EXW;11;3;;2,5;1;218;;QV999999999999;
INTRA-EX;202509;513881387;CTS-IT-260;84213100;ES;PT;10;EXW;11;3;;3,6;1;240;;QV999999999999;
INTRA-EX;202509;513881387;SFDP089;87089997;ES;PT;10;EXW;11;3;;8,2;1;231;;QV999999999999;
INTRA-EX;202509;513881387;VWR18G700-SERV;87089997;ES;PT;10;EXW;11;3;;0,1;1;31;;QV999999999999;
INTRA-EX;202509;513881387;VWR180001;84212300;ES;PT;10;EXW;11;3;;0,2;1;54;;QV999999999999;
INTRA-EX;202509;513881387;SBW1171-4P-BK;87083091;ES;PT;10;EXW;11;3;;0,5;1;83;;QV999999999999;
INTRA-EX;202509;513881387;10.127.100K;84132000;ES;PT;10;EXW;11;3;;0,3;1;314;;ESB26569947;
INTRA-EX;202509;513881387;AC-MK7-BT;87089997;ES;PT;10;EXW;11;3;;0,1;1;24;;QV999999999999;
INTRA-EX;202509;513881387;RPF-1557;84213100;ES;PT;10;EXW;11;3;;0,4;1;25;;QV999999999999;
INTRA-EX;202509;513881387;MS100192-5;84099100;ES;PT;10;EXW;11;3;;2,2;1;227;;QV999999999999;
INTRA-EX;202509;513881387;R7438-9-5;85111000;ES;PT;10;EXW;11;3;;0,3;1;201;;QV999999999999;
INTRA-EX;202509;513881387;MMOP-TPS;84099100;ES;PT;10;EXW;11;3;;0,4;1;54;;QV999999999999;
INTRA-EX;202509;513881387;DILKAR7C9H-4;85111000;ES;PT;10;EXW;11;3;;0,3;1;52;;QV999999999999;
INTRA-EX;202509;513881387;216BFWAOPSM;90269000;ES;PT;10;EXW;11;3;;0,4;1;46;;QV999999999999;
INTRA-EX;202509;513881387;216CLSDWAOT-R;87089997;ES;PT;10;EXW;11;3;;0,4;1;49;;QV999999999999;
INTRA-EX;202509;513881387;ACSP1;84099100;ES;PT;10;EXW;11;3;;0,5;1;22;;QV999999999999;
INTRA-EX;202509;513881387;PFR8S8EG-6;87089997;ES;PT;10;EXW;11;3;;0,4;1;67;;QV999999999999;
INTRA-EX;202509;513881387;314438;87082910;ES;PT;10;EXW;11;3;;2,3;1;615;;ESB47771084;
INTRA-EX;202509;513881387;MMRAD-GLF-94;87089135;ES;PT;10;EXW;11;3;;6,2;1;245;;QV999999999999;
INTRA-EX;202509;513881387;SHYC103;87089235;ES;PT;10;EXW;11;3;;4,5;1;212;;ESB42771618;
INTRA-EX;202509;513881387;SHYSP102;87089997;ES;PT;10;EXW;11;3;;3;1;125;;ESB42771618;
INTRA-EX;202509;513881387;AC-MK7-INLET;40091100;ES;PT;10;EXW;11;3;;0,3;1;45;;ES44719365M;
INTRA-EX;202509;513881387;VWR120010;40091100;ES;PT;10;EXW;11;3;;1,4;1;178;;ES16610275C;
INTRA-EX;202509;513881387;ATINTVAG13;87089997;ES;PT;10;EXW;11;3;;17,1;1;473;;ES44719365M;
INTRA-EX;202509;513881387;330117R;87089235;ES;PT;10;EXW;11;3;;1,5;1;134;;ESB04855516;
INTRA-EX;202509;513881387;5B5562H-STD;40091100;ES;PT;10;EXW;11;3;;0,2;1;58;;ESB04855516;
INTRA-EX;202509;513881387;6M5587H-STD;40091100;ES;PT;10;EXW;11;3;;0,4;1;94;;ESB04855516;
INTRA-EX;202509;513881387;FMBGFK2;87089997;ES;PT;10;EXW;11;3;;0,3;2;77;;ESB70870076;
INTRA-EX;202509;513881387;MMRAD-E46-323;87089997;ES;PT;10;EXW;11;3;;7,2;1;280;;ES18062887K;
INTRA-EX;202509;513881387;FMINDK28-RED-FOA;84213100;ES;PT;10;EXW;11;3;;5,9;1;257;;ESB42954230;
INTRA-EX;202509;513881387;VWR11G701;84213100;ES;PT;10;EXW;11;3;;0,3;2;114;;ESB42954230;
INTRA-EX;202509;513881387;VWR1200R601E;84213100;ES;PT;10;EXW;11;3;;4,9;2;676;;ESB42954230;
INTRA-EX;202509;513881387;VWR13G700RFK;87089997;ES;PT;10;EXW;11;3;;0,5;1;46;;ESB42954230;
INTRA-EX;202509;513881387;FMDV20-BLA;84818040;ES;PT;10;EXW;11;3;;0,6;2;286;;ESB42954230;
INTRA-EX;202509;513881387;BKR8EIX;85111000;ES;PT;10;EXW;11;3;;0,1;20;182;;ESB42954230;
INTRA-EX;202509;513881387;BKR7EIX;85111000;ES;PT;10;EXW;11;3;;0,1;32;274;;ESB42954230;
INTRA-EX;202509;513881387;AC-180-EXM;84198998;ES;PT;10;EXW;11;3;;5;1;203;;ES44719365M;
INTRA-EX;202509;513881387;17U-01-0750-4;87089997;ES;PT;10;EXW;11;3;;0,3;1;299;;ES44719365M;
INTRA-EX;202509;513881387;AC-MK7-INLET;40091100;ES;PT;10;EXW;11;3;;0,3;1;45;;ES33558767L;
INTRA-EX;202509;513881387;VWR160001;87089997;ES;PT;10;EXW;11;3;;0,4;1;86;;ES33558767L;
INTRA-EX;202509;513881387;06K103213A;40091100;ES;PT;10;EXW;11;3;;0,1;1;10;;ES33558767L;
INTRA-EX;202509;513881387;Z1003100;85111000;ES;PT;10;EXW;11;3;;0,1;4;99;;ES33558767L;
INTRA-EX;202509;513881387;MMICP-MK7-15KWBK;87089199;ES;PT;10;EXW;11;3;;5,1;1;231;;ES33558767L;
INTRA-EX;202509;513881387;VWR180003;87089997;ES;PT;10;EXW;11;3;;0,1;1;21;;ES33558767L;
INTRA-EX;202509;513881387;CTS-IT-800;84213100;ES;PT;10;EXW;11;3;;4,3;1;275;;QV999999999999;
INTRA-EX;202509;513881387;CI100033-B;87089235;ES;PT;10;EXW;11;3;;1;1;227;;QV999999999999;
INTRA-EX;202509;513881387;SILZKBR8D8S-6;84099100;ES;PT;10;EXW;11;3;;0,4;1;67;;QV999999999999;
INTRA-EX;202509;513881387;AC-WS-BM-15-BT;87088099;ES;PT;10;EXW;11;3;;2,4;1;45;;QV999999999999;
INTRA-EX;202509;513881387;CTS-TM-MK4-60D;87089235;ES;PT;10;EXW;11;3;;2;1;107;;QV999999999999;
INTRA-EX;202509;513881387;SILZKGR8B8S-4;84099100;ES;PT;10;EXW;11;3;;0,3;1;40;;QV999999999999;
INTRA-EX;202509;513881387;SVW0610-4P-BK;87083091;ES;PT;10;EXW;11;3;;0,5;1;83;;QV999999999999;
INTRA-EX;202509;513881387;BKR8EIX-4;85111000;ES;PT;10;EXW;11;3;;0,3;1;42;;QV999999999999;
INTRA-EX;202509;513881387;10.127.100K;84132000;ES;PT;10;EXW;11;3;;0,3;1;312;;QV999999999999;
INTRA-EX;202509;513881387;MMODP-1415B;87089997;ES;PT;10;EXW;11;3;;0,1;1;15;;QV999999999999;
INTRA-EX;202509;513881387;CTS-HX-006;87089135;ES;PT;10;EXW;11;3;;6;1;249;;ESB88191440;
INTRA-EX;202509;513881387;PF04;85444290;ES;PT;10;EXW;11;3;;0,2;1;206;;ESB88191440;
INTRA-EX;202509;513881387;AC-Z33-EM;87089235;ES;PT;10;EXW;11;3;;8,2;1;282;;QV999999999999;
INTRA-EX;202509;513881387;MMTS-240-89KA;90321020;ES;PT;10;EXW;11;3;;0,1;1;47;;QV999999999999;
INTRA-EX;202509;513881387;PFR7B-4;84099100;ES;PT;10;EXW;11;3;;0,3;1;47;;QV999999999999;
INTRA-EX;202509;513881387;URKR-TW2-4201;87088055;ES;PT;10;EXW;11;3;;3;1;148;;QV999999999999;
INTRA-EX;202509;513881387;MMIG-VLSTR-19T04;85111000;ES;PT;10;EXW;11;3;;1,7;1;97;;QV999999999999;
INTRA-EX;202509;513881387;SVWP036;87089235;ES;PT;10;EXW;11;3;;9,6;1;144;;ESB72435332;
INTRA-EX;202509;513881387;AC-BM-ODP;87089997;ES;PT;10;EXW;11;3;;0,1;1;12;;QV999999999999;
INTRA-EX;202509;513881387;4B1609H-STD;40091100;ES;PT;10;EXW;11;3;;0,5;1;44;;QV999999999999;
INTRA-EX;202509;513881387;MS100192-4;84099100;ES;PT;10;EXW;11;3;;1,7;1;181;;QV999999999999;
INTRA-EX;202509;513881387;FMSS7;87089997;ES;PT;10;EXW;11;3;;0,3;1;61;;QV999999999999;
INTRA-EX;202509;513881387;Z-9910017;87089997;ES;PT;10;EXW;11;3;;4,6;1;253;;ESB19781145;
INTRA-EX;202509;513881387;06E898001-4;85111000;ES;PT;10;EXW;11;3;;1,5;1;101;;QV999999999999;
INTRA-EX;202509;513881387;BKR7EIX-4;84099100;ES;PT;10;EXW;11;3;;0,3;1;40;;QV999999999999;
INTRA-EX;202509;513881387;FMCT4;84099100;ES;PT;10;EXW;11;3;;1,3;1;295;;ESB45759685;
INTRA-EX;202509;513881387;FMACF14;87089997;ES;PT;10;EXW;11;3;;0,5;1;142;;QV999999999999;
INTRA-EX;202509;513881387;DILKAR7C9H-4;85111000;ES;PT;10;EXW;11;3;;0,3;1;52;;QV999999999999;
INTRA-EX;202509;513881387;06E898001-4;85111000;ES;PT;10;EXW;11;3;;1,5;1;101;;QV999999999999;
INTRA-EX;202509;513881387;9-654-1025;84133080;ES;PT;10;EXW;11;3;;0,8;1;163;;QV999999999999;
INTRA-EX;202509;513881387;DBA43146S-2;87089997;ES;PT;10;EXW;11;3;;23;1;379;;QV999999999999;
INTRA-EX;202509;513881387;SBW1171-4P-BK;87083091;ES;PT;10;EXW;11;3;;0,5;1;84;;ESB70982004;
INTRA-EX;202509;513881387;MMTC-F80-15;87089135;ES;PT;10;EXW;11;3;;3,1;1;350;;ESB70982004;
INTRA-EX;202509;513881387;UR-TW2-990;87088055;ES;PT;10;EXW;11;3;;3,4;1;115;;QV999999999999;
INTRA-EX;202509;513881387;UR-RE4-1321;87088055;ES;PT;10;EXW;11;3;;4,1;1;128;;QV999999999999;
INTRA-EX;202509;513881387;23PVM001;87083091;ES;PT;10;EXW;11;3;;3;1;80;;QV999999999999;
INTRA-EX;202509;513881387;06K103495AC;87089997;ES;PT;10;EXW;11;3;;0,6;1;31;;QV999999999999;
INTRA-EX;202509;513881387;SAU0496-4P-BK;87083091;ES;PT;10;EXW;11;3;;0,5;1;84;;ES79004383G;
INTRA-EX;202509;513881387;DBA42830S-2;87089997;ES;PT;10;EXW;11;3;;23,3;1;275;;ES79004383G;
INTRA-EX;202509;513881387;DBA42809S-2;87089997;ES;PT;10;EXW;11;3;;15;1;246;;ES79004383G;
INTRA-EX;202509;513881387;RBF600;27101999;ES;PT;10;EXW;11;3;;0,6;2;19;;ES79004383G;
INTRA-EX;202509;513881387;SBW1176-4P-BK;87083091;ES;PT;10;EXW;11;3;;0,5;1;77;;QV999999999999;
INTRA-EX;202509;513881387;L3P3BF2X;87089997;FR;PT;10;EXW;11;3;;1;1;322;;QV999999999999;
INTRA-EX;202509;513881387;SVWP036;87089235;FR;PT;10;EXW;11;3;;9,6;1;144;;QV999999999999;
INTRA-EX;202509;513881387;MMRT-MUS-15EBK;87089997;FR;PT;10;EXW;11;3;;3,4;1;178;;QV999999999999;
INTRA-EX;202509;513881387;CTS-IT-105R;84213100;FR;PT;10;EXW;11;3;;4,6;1;256;;QV999999999999;
INTRA-EX;202509;513881387;058198025A;87089997;FR;PT;10;EXW;11;3;;0,3;1;8;;QV999999999999;
INTRA-EX;202509;513881387;06E898001-4;85111000;FR;PT;10;EXW;11;3;;1,5;1;102;;QV999999999999;
INTRA-EX;202509;513881387;BKR7EIX-4;84099100;FR;PT;10;EXW;11;3;;0,3;1;40;;QV999999999999;
INTRA-EX;202509;513881387;SAU0630-4P-BK;87083091;FR;PT;10;EXW;11;3;;0,5;1;77;;QV999999999999;
INTRA-EX;202509;513881387;FMSCPS53T;87089997;FR;PT;10;EXW;11;3;;0,7;1;189;;QV999999999999;
INTRA-EX;202509;513881387;EVE-F8xM-PF;84212300;FR;PT;10;EXW;11;3;;1,5;1;113;;QV999999999999;
INTRA-EX;202509;513881387;ATMSHON13;87089997;FR;PT;10;EXW;11;3;;0,2;1;46;;QV999999999999;
INTRA-EX;202509;513881387;50003-M55RET/M45REL;84213100;FR;PT;10;EXW;11;3;;0,3;1;115;;QV999999999999;
INTRA-EX;202509;513881387;AC-180-CPA;87089997;FR;PT;10;EXW;11;3;;0,5;1;44;;QV999999999999;
INTRA-EX;202509;513881387;06E898001-4;85111000;FR;PT;10;EXW;11;3;;1,5;1;102;;QV999999999999;
INTRA-EX;202509;513881387;BKR8EIX-4;85111000;FR;PT;10;EXW;11;3;;0,3;1;43;;QV999999999999;
INTRA-EX;202509;513881387;VWR180000;87089997;FR;PT;10;EXW;11;3;;0,1;1;15;;QV999999999999;
INTRA-EX;202509;513881387;SRNC026;87089235;FR;PT;10;EXW;11;3;;4,6;1;174;;QV999999999999;
INTRA-EX;202509;513881387;FMPCVD1;87089997;FR;PT;10;EXW;11;3;;0,3;1;98;;QV999999999999;
INTRA-EX;202509;513881387;111049;27101999;FR;PT;10;EXW;11;3;;1,2;1;4;;QV999999999999;
INTRA-EX;202509;513881387;10.127.100K;84132000;FR;PT;10;EXW;11;3;;0,3;1;314;;FR53884052614;
INTRA-EX;202509;513881387;AC-S55-CHP;84835020;FR;PT;10;EXW;11;3;;0,3;1;74;;FR31909238883;
INTRA-EX;202509;513881387;MS100210-4;84099100;FR;PT;10;EXW;11;3;;1,7;1;127;;QV999999999999;
INTRA-EX;202509;513881387;BKR7EIX-4;84099100;FR;PT;10;EXW;11;3;;0,3;1;40;;QV999999999999;
INTRA-EX;202509;513881387;FMTVTUN;84814090;FR;PT;10;EXW;11;3;;0,1;1;26;;FR77978902617;
INTRA-EX;202509;513881387;VWR130006;84099100;FR;PT;10;EXW;11;3;;0,3;1;58;;QV999999999999;
INTRA-EX;202509;513881387;MMFS-RX8-04;84149000;FR;PT;10;EXW;11;3;;5,1;1;188;;QV999999999999;
INTRA-EX;202509;513881387;ATINTFO20;87089997;FR;PT;10;EXW;11;3;;10,5;1;358;;QV999999999999;
INTRA-EX;202509;513881387;ES-351301;87089997;FR;PT;10;EXW;11;3;;1,3;1;69;;QV999999999999;
INTRA-EX;202509;513881387;ES-355270;87089997;FR;PT;10;EXW;11;3;;1;1;53;;QV999999999999;
INTRA-EX;202509;513881387;SILZKBR8D8S-6;84099100;FR;PT;10;EXW;11;3;;0,4;1;68;;QV999999999999;
INTRA-EX;202509;513881387;CTS-IT-805;40091100;FR;PT;10;EXW;11;3;;2,5;1;219;;QV999999999999;
INTRA-EX;202509;513881387;SVW0610-4P-RD;87083091;FR;PT;10;EXW;11;3;;0,5;1;84;;FR76819650474;
INTRA-EX;202509;513881387;AC-B58-IND;40093100;FR;PT;10;EXW;11;3;;1;1;44;;QV999999999999;
INTRA-EX;202509;513881387;AC-200K04-OT;87089997;FR;PT;10;EXW;11;3;;1,4;1;112;;QV999999999999;
INTRA-EX;202509;513881387;SILZKBR8D8S-6;84099100;FR;PT;10;EXW;11;3;;0,4;1;68;;QV999999999999;
INTRA-EX;202509;513881387;SILZKBR8D8S-6;84099100;FR;PT;10;EXW;11;3;;0,4;1;68;;QV999999999999;
INTRA-EX;202509;513881387;AC-200-IC;84198998;FR;PT;10;EXW;11;3;;11,9;1;397;;QV999999999999;
INTRA-EX;202509;513881387;SVW0610-4P-BK;87083091;FR;PT;10;EXW;11;3;;0,5;1;84;;QV999999999999;
INTRA-EX;202509;513881387;AC-200K04-OT;87089997;FR;PT;10;EXW;11;3;;1,4;1;112;;QV999999999999;
INTRA-EX;202509;513881387;06J103600AFKIT;84099100;FR;PT;10;EXW;11;3;;2,5;1;49;;QV999999999999;
INTRA-EX;202509;513881387;VWR180000;87089997;FR;PT;10;EXW;11;3;;0,1;1;15;;QV999999999999;
INTRA-EX;202509;513881387;UR-RT2-329;87088055;FR;PT;10;EXW;11;3;;2,5;1;85;;QV999999999999;
INTRA-EX;202509;513881387;SBW0261-4P-BK;87083091;FR;PT;10;EXW;11;3;;0,5;1;63;;FR35504243288;
INTRA-EX;202509;513881387;6B1584H-STD;40091100;FR;PT;10;EXW;11;3;;0,4;2;214;;FR35504243288;
INTRA-EX;202509;513881387;ATINTYGR1;87089997;FR;PT;10;EXW;11;3;;13,2;1;477;;FR80888340023;
INTRA-EX;202509;513881387;ATMSYGR06;87089997;FR;PT;10;EXW;11;3;;3,9;1;278;;FR80888340023;
INTRA-EX;202509;513881387;BKR7EIX-4;84099100;FR;PT;10;EXW;11;3;;0,3;1;40;;QV999999999999;
INTRA-EX;202509;513881387;AC-VAG-ODP;70102000;FR;PT;10;EXW;11;3;;0,2;1;8;;QV999999999999;
INTRA-EX;202509;513881387;06E898001-4;85111000;FR;PT;10;EXW;11;3;;1,5;1;102;;QV999999999999;
INTRA-EX;202509;513881387;BKR8EIX-4;85111000;FR;PT;10;EXW;11;3;;0,3;1;43;;QV999999999999;
INTRA-EX;202509;513881387;420103485B;70102000;FR;PT;10;EXW;11;3;;0,1;1;23;;QV999999999999;
INTRA-EX;202509;513881387;CTS-AF-275;84213100;FR;PT;10;EXW;11;3;;0,5;1;49;;QV999999999999;
INTRA-EX;202509;513881387;WHT005184;40091100;FR;PT;10;EXW;11;3;;0,1;1;8;;QV999999999999;
INTRA-EX;202509;513881387;SCEXVDM2;87089235;FR;PT;10;EXW;11;3;;1;1;48;;QV999999999999;
INTRA-EX;202509;513881387;EVE-661-G2-FTR;84213100;FR;PT;10;EXW;11;3;;0,6;1;85;;QV999999999999;
INTRA-EX;202509;513881387;FMINDK43;84213100;FR;PT;10;EXW;11;3;;3,1;1;371;;QV999999999999;
INTRA-EX;202509;513881387;AC-MK8-DPHS;87089235;FR;PT;10;EXW;11;3;;8,3;1;307;;FR36852855436;
INTRA-EX;202509;513881387;CTS-IT-805;40091100;FR;PT;10;EXW;11;3;;2,5;1;219;;QV999999999999;
INTRA-EX;202509;513881387;SILZKBR8D8S-6;84099100;FR;PT;10;EXW;11;3;;0,4;1;68;;QV999999999999;
INTRA-EX;202509;513881387;AC-S1-CH-RD;40091100;FR;PT;10;EXW;11;3;;3;1;142;;QV999999999999;
INTRA-EX;202509;513881387;AC-200-IT;84198998;FR;PT;10;EXW;11;3;;5;1;187;;QV999999999999;
INTRA-EX;202509;513881387;FMTUBL16;70102000;FR;PT;10;EXW;11;3;;0,6;1;88;;QV999999999999;
INTRA-EX;202509;513881387;06E898001-4;85111000;FR;PT;10;EXW;11;3;;1,5;1;102;;QV999999999999;
INTRA-EX;202509;513881387;AC-200-PCVD;87089997;FR;PT;10;EXW;11;3;;0,5;1;48;;QV999999999999;
INTRA-EX;202509;513881387;R7437-8-4;84099100;FR;PT;10;EXW;11;3;;0,3;1;165;;QV999999999999;
INTRA-EX;202509;513881387;VWR900001-4;84099100;FR;PT;10;EXW;11;3;;1,8;1;174;;QV999999999999;
INTRA-EX;202509;513881387;VWR19G709;87089997;FR;PT;10;EXW;11;3;;0,5;1;102;;QV999999999999;
INTRA-EX;202509;513881387;VWR140014;87089997;FR;PT;10;EXW;11;3;;0,1;1;31;;QV999999999999;
INTRA-EX;202509;513881387;VWR180002;87089997;FR;PT;10;EXW;11;3;;0,1;1;30;;QV999999999999;
INTRA-EX;202509;513881387;VWR180003;87089997;FR;PT;10;EXW;11;3;;0,1;1;30;;QV999999999999;
INTRA-EX;202509;513881387;VWR180006;87089997;FR;PT;10;EXW;11;3;;0,1;1;17;;QV999999999999;
INTRA-EX;202509;513881387;613182.654150;87089997;FR;PT;10;EXW;11;3;;0,5;1;62;;QV999999999999;
INTRA-EX;202509;513881387;CTS-IT-105R;84213100;FR;PT;10;EXW;11;3;;4,6;1;256;;QV999999999999;
INTRA-EX;202509;513881387;06K103495AC;87089997;FR;PT;10;EXW;11;3;;0,6;1;32;;QV999999999999;
INTRA-EX;202509;513881387;SILZKBR8D8S-6;84099100;FR;PT;10;EXW;11;3;;0,4;1;68;;QV999999999999;
INTRA-EX;202509;513881387;VWR31G7GT;87088035;FR;PT;10;EXW;11;3;;8,5;1;268;;QV999999999999;
INTRA-EX;202509;513881387;U5055-6;84099100;FR;PT;10;EXW;11;3;;2,1;1;132;;QV999999999999;
INTRA-EX;202509;513881387;AC-S55-JP;40091100;FR;PT;10;EXW;11;3;;0,6;1;78;;QV999999999999;
INTRA-EX;202509;513881387;AC-N54-CC;87089235;FR;PT;10;EXW;11;3;;1,7;1;97;;QV999999999999;
INTRA-EX;202509;513881387;AC-300-CP-6;84099100;FR;PT;10;EXW;11;3;;1,6;1;107;;QV999999999999;
INTRA-EX;202509;513881387;FM225CCHA-BLA;40091100;FR;PT;10;EXW;11;3;;0,2;1;52;;QV999999999999;
INTRA-EX;202509;513881387;50-1200;87089997;FR;PT;10;EXW;11;3;;0,5;1;123;;QV999999999999;
INTRA-EX;202509;513881387;11427953129;84099100;FR;PT;10;EXW;11;3;;0,1;1;5;;QV999999999999;
INTRA-EX;202509;513881387;CLK-2;84213100;FR;PT;10;EXW;11;3;;1;1;33;;FR75949180426;
INTRA-EX;202509;513881387;WB-336;84213100;FR;PT;10;EXW;11;3;;0,2;1;46;;FR75949180426;
INTRA-EX;202509;513881387;HMP-572;84213100;FR;PT;10;EXW;11;3;;0,5;1;76;;QV999999999999;
INTRA-EX;202509;513881387;FMDV18-RED;84814090;FR;PT;10;EXW;11;3;;1,5;1;221;;QV999999999999;
INTRA-EX;202509;513881387;ATMSFO4;87089997;FR;PT;10;EXW;11;3;;1,2;1;101;;QV999999999999;
INTRA-EX;202509;513881387;CTS-IT-938;84213100;FR;PT;10;EXW;11;3;;3,6;1;366;;FR64921989059;
INTRA-EX;202509;513881387;AC-WS-AU-10-BT;87088099;FR;PT;10;EXW;11;3;;1,3;2;100;;FR64921989059;
INTRA-EX;202509;513881387;AC-C7RS-DP;87089997;FR;PT;10;EXW;11;3;;8,8;1;329;;FR64921989059;
INTRA-EX;202509;513881387;SILZKBR8D8S-6;84099100;FR;PT;10;EXW;11;3;;0,4;1;68;;QV999999999999;
INTRA-EX;202509;513881387;UR-TW2-3744;87088055;FR;PT;10;EXW;11;3;;3;1;131;;QV999999999999;
INTRA-EX;202509;513881387;FMINDRS4V8-BL;40091100;FR;PT;10;EXW;11;3;;0,7;1;68;;QV999999999999;
INTRA-EX;202509;513881387;EVO9202;84213100;FR;PT;10;EXW;11;3;;5,6;1;356;;FR96989300603;
INTRA-EX;202509;513881387;CTS-IT-260;84213100;FR;PT;10;EXW;11;3;;3,6;1;242;;QV999999999999;
INTRA-EX;202509;513881387;CTS-HS-150;87089997;FR;PT;10;EXW;11;3;;0,6;1;36;;QV999999999999;
INTRA-EX;202509;513881387;VWR120000;84213100;FR;PT;10;EXW;11;3;;1;1;36;;QV999999999999;
INTRA-EX;202509;513881387;4B1609H-STD;40091100;FR;PT;10;EXW;11;3;;0,5;1;44;;QV999999999999;
INTRA-EX;202509;513881387;FMMD5;87089235;FR;PT;10;EXW;11;3;;0,6;1;103;;FR95940113681;
INTRA-EX;202509;513881387;74020001011BL;87087099;IE;PT;10;EXW;11;3;;0,8;1;137;;QV999999999999;
INTRA-EX;202509;513881387;CI100052-A;84213100;CZ;PT;10;EXW;11;3;;1,7;3;329;;CZ05205093;
INTRA-EX;202509;513881387;CG85-02-0C20;84213100;RO;PT;10;EXW;11;3;;4,1;1;711;;RO43610916;
INTRA-EX;202509;513881387;MS100244-6;85111000;RO;PT;10;EXW;11;3;;2;1;207;;QV999999999999;
INTRA-EX;202509;513881387;SSE0433-4P-BK;87083091;RO;PT;10;EXW;11;3;;0,5;1;78;;QV999999999999;
INTRA-EX;202509;513881387;FMBH9-BLA;40093100;SI;PT;10;EXW;11;3;;0,4;1;31;;QV999999999999;
INTRA-EX;202509;513881387;WA302R+L;87088055;SI;PT;10;EXW;11;3;;5,5;1;211;;QV999999999999;
INTRA-EX;202509;513881387;PF04;85444290;DE;PT;10;EXW;11;3;;0,2;1;207;;QV999999999999;
INTRA-EX;202509;513881387;SNN0910-6P-BK;87083091;DE;PT;10;EXW;11;3;;0,9;1;164;;QV999999999999;
INTRA-EX;202509;513881387;52001-AK133;84213100;DE;PT;10;EXW;11;3;;4,5;1;87;;QV999999999999;
INTRA-EX;202509;513881387;52001-AK132;84213100;DE;PT;10;EXW;11;3;;4,5;1;25;;QV999999999999;
INTRA-EX;202509;513881387;52009-AK005;84213100;DE;PT;10;EXW;11;3;;0,4;1;20;;QV999999999999;
INTRA-EX;202509;513881387;EVE-N55V2-CF-INT;84213100;PL;PT;10;EXW;11;3;;5,1;1;985;;PL8141683531;
INTRA-EX;202509;513881387;ATMSREN7;87089997;PL;PT;10;EXW;11;3;;0,9;1;114;;QV999999999999;
INTRA-EX;202509;513881387;FMKC005-BLU;40093100;GR;PT;10;EXW;11;3;;1,4;1;154;;GREL802913609;
INTRA-EX;202509;513881387;FM225TBH-BLU;40091100;GR;PT;10;EXW;11;3;;0,1;1;21;;GREL802913609;
INTRA-EX;202509;513881387;AC-45S-DPHS;87089235;GR;PT;10;EXW;11;3;;4,7;2;455;;GREL802913609;
INTRA-EX;202509;513881387;AC-40T-DPHS;87089997;GR;PT;10;EXW;11;3;;8,9;1;360;;GREL802913609;
INTRA-EX;202509;513881387;SBW1162-4P-BK;87083091;GR;PT;10;EXW;11;3;;0,5;1;63;;GREL802913609;
INTRA-EX;202509;513881387;MMHOSE-SUB-INT6RD;40091100;GR;PT;10;EXW;11;3;;1,5;1;103;;GREL801563540;
INTRA-EX;202509;513881387;613182.654150;87089997;BE;PT;10;EXW;11;3;;0,5;1;62;;QV999999999999;
INTRA-EX;202509;513881387;VWR150000;87089997;BE;PT;10;EXW;11;3;;0,2;1;112;;QV999999999999;
INTRA-EX;202509;513881387;AC-MK7-INLET;40091100;BE;PT;10;EXW;11;3;;0,3;1;66;;QV999999999999;
INTRA-EX;202509;513881387;FMMD2;87089997;BE;PT;10;EXW;11;3;;0,4;1;103;;QV999999999999;
INTRA-EX;202509;513881387;RIP-007-RD;40093100;BE;PT;10;EXW;11;3;;1;1;51;;QV999999999999;
INTRA-EX;202509;513881387;UR-RL8-3706;87088055;BE;PT;10;EXW;11;3;;5,2;1;189;;QV999999999999;
INTRA-EX;202509;513881387;UR-TW2-3744;87088055;BE;PT;10;EXW;11;3;;3;1;130;;QV999999999999;
INTRA-EX;202509;513881387;BWR21XZ;87089997;BE;PT;10;EXW;11;3;;5,4;1;203;;QV999999999999;
INTRA-EX;202509;513881387;KLC141;87088055;BE;PT;10;EXW;11;3;;1;1;135;;QV999999999999;
INTRA-EX;202509;513881387;VIB-1458;87089235;BE;PT;10;EXW;11;3;;0,2;2;13;;QV999999999999;
INTRA-EX;202509;513881387;BKR7EIX;85111000;NL;PT;10;EXW;11;3;;0,1;24;206;;NL866860666B01;
INTRA-EX;202509;513881387;R7437-9;85111000;NL;PT;10;EXW;11;3;;0,1;12;435;;NL866860666B01;
INTRA-EX;202509;513881387;CTS-HW-046;87089997;NL;PT;10;EXW;11;3;;0,3;1;89;;NL866860666B01;
INTRA-EX;202509;513881387;SFD074;87089235;NL;PT;10;EXW;11;3;;18,6;1;445;;NL866860666B01;
INTRA-EX;202509;513881387;CTS-IGN-008;84099100;NL;PT;10;EXW;11;3;;0,3;4;119;;NL866860666B01;
INTRA-EX;202509;513881387;EVE-A35-CF-CHG;84213100;IT;PT;10;EXW;11;3;;2,2;1;535;;IT02710790060;
INTRA-EX;202509;513881387;AC-MK7-DP;87089235;IT;PT;10;EXW;11;3;;9,2;1;155;;IT03813391202;
INTRA-EX;202509;513881387;AC-8V5RS-DPHS;87089235;IT;PT;10;EXW;11;3;;13,1;1;562;;IT03528320785;
INTRA-EX;202509;513881387;R7437-9;85111000;ES;PT;10;EXW;11;3;;0,1;1;36;;ES33558767L;
INTRA-EX;202509;513881387;VWR190006;87089997;ES;PT;10;EXW;11;3;;0,2;1;59;;ES33558767L;
INTRA-EX;202509;513881387;VWR180002;87089997;ES;PT;10;EXW;11;3;;0,1;1;21;;ES33558767L;
INTRA-EX;202509;513881387;VWR19G702;70102000;ES;PT;10;EXW;11;3;;0,1;1;49;;ES33558767L;
INTRA-EX;202509;513881387;VWR69000BF1;87089997;ES;PT;10;EXW;11;3;;0,6;4;45;;ES33558767L;
INTRA-EX;202509;513881387;VWR12G5GT;84213100;ES;PT;10;EXW;11;3;;3,1;1;333;;ES48924146H;
INTRA-EX;202509;513881387;FMSS3;87089997;ES;PT;10;EXW;11;3;;0,3;1;83;;ES50902109G;
INTRA-EX;202509;513881387;VWR420000;87089997;ES;PT;10;EXW;11;3;;2;1;159;;ES43179343V;
INTRA-EX;202509;513881387;VWR520000;87089997;ES;PT;10;EXW;11;3;;0,7;1;133;;ES43179343V;
INTRA-EX;202509;513881387;SILFER8C7ES;85111000;ES;PT;10;EXW;11;3;;0,1;4;42;;ES43179343V;
INTRA-EX;202509;513881387;BKR8EIX;85111000;ES;PT;10;EXW;11;3;;0,1;12;109;;ES43179343V;
INTRA-EX;202509;513881387;SFDX073;87089235;ES;PT;10;EXW;11;3;;4,8;1;385;;ES38873546G;
INTRA-EX;202509;513881387;EVE-GR4-CF-INT;84213100;ES;PT;10;EXW;11;3;;4,9;1;975;;ESB72996382;
INTRA-EX;202509;513881387;KCA476;87088055;ES;PT;10;EXW;11;3;;2,1;1;301;;ESB72996382;
INTRA-EX;202509;513881387;KCA472;87088035;ES;PT;10;EXW;11;3;;2;1;160;;ESB72996382;
INTRA-EX;202509;513881387;MMHOSE-EVO-10RD;40091100;ES;PT;10;EXW;11;3;;1,2;1;104;;ESB72996382;
INTRA-EX;202509;513881387;SBW1162-4P-BK;87083091;ES;PT;10;EXW;11;3;;0,5;1;63;;ESB04855516;
INTRA-EX;202509;513881387;03K906051;90269000;ES;PT;10;EXW;11;3;;0,1;1;19;;QV999999999999;
INTRA-EX;202509;513881387;ACSP1;84099100;ES;PT;10;EXW;11;3;;0,5;1;22;;QV999999999999;
INTRA-EX;202509;513881387;CTS-HW-0151;84099100;ES;PT;10;EXW;11;3;;1;1;148;;QV999999999999;
INTRA-EX;202509;513881387;CLPT-SET1;87088035;ES;PT;10;EXW;11;3;;3,4;1;194;;QV999999999999;
INTRA-EX;202509;513881387;ILZKAR8H8S-4;85111000;ES;PT;10;EXW;11;3;;0,3;1;72;;QV999999999999;
INTRA-EX;202509;513881387;9-655-1025;84133080;ES;PT;10;EXW;11;3;;0,8;1;163;;QV999999999999;
INTRA-EX;202509;513881387;SAU0433-4P-BK;87083091;ES;PT;10;EXW;11;3;;0,5;1;77;;QV999999999999;
INTRA-EX;202509;513881387;SILZKBR8D8S-6;84099100;ES;PT;10;EXW;11;3;;0,4;1;67;;QV999999999999;
INTRA-EX;202509;513881387;IFR7G-11KS-4;85111000;ES;PT;10;EXW;11;3;;0,3;1;64;;QV999999999999;
INTRA-EX;202509;513881387;CTS-HW-455;87089997;ES;PT;10;EXW;11;3;;1,4;1;164;;QV999999999999;
INTRA-EX;202509;513881387;SHYC105;87089235;ES;PT;10;EXW;11;3;;2,5;1;216;;QV999999999999;
INTRA-EX;202509;513881387;216BFWABOSM;90262020;ES;PT;10;EXW;11;3;;0,3;1;35;;QV999999999999;
INTRA-EX;202509;513881387;STY0014-4P-BK;87083091;ES;PT;10;EXW;11;3;;0,5;1;77;;QV999999999999;
INTRA-EX;202509;513881387;SSE0433-4P-BK;87083091;ES;PT;10;EXW;11;3;;0,5;1;77;;QV999999999999;
INTRA-EX;202509;513881387;S90-4-15-018;87087050;ES;PT;10;EXW;11;3;;2,1;2;232;;QV999999999999;
INTRA-EX;202509;513881387;WB-567;84213100;ES;PT;10;EXW;11;3;;0,4;1;48;;ESB10245314;
INTRA-EX;202509;513881387;BKR7EIX-4;84099100;ES;PT;10;EXW;11;3;;0,3;1;40;;QV999999999999;
INTRA-EX;202509;513881387;AC-200-CFA-KIT;87089997;ES;PT;10;EXW;11;3;;0,1;1;32;;QV999999999999;
INTRA-EX;202509;513881387;SVW0620-4P-BK;87083091;ES;PT;10;EXW;11;3;;0,5;1;78;;QV999999999999;
INTRA-EX;202509;513881387;AC-200-TP;40091100;ES;PT;10;EXW;11;3;;1,2;1;111;;QV999999999999;
INTRA-EX;202509;513881387;AC-200K04-OT;87089997;ES;PT;10;EXW;11;3;;1,4;1;111;;QV999999999999;
INTRA-EX;202509;513881387;PF05;90262020;ES;PT;10;EXW;11;3;;0,2;1;224;;ESB93696474;
INTRA-EX;202509;513881387;VWR13G700-SERV;87089997;ES;PT;10;EXW;11;3;;0,1;1;31;;ESB93696474;
INTRA-EX;202509;513881387;AC-200-CFA-KIT;87089997;ES;PT;10;EXW;11;3;;0,1;1;32;;QV999999999999;
INTRA-EX;202509;513881387;DBA3724S-2;87089997;ES;PT;10;EXW;11;3;;15,5;1;320;;QV999999999999;
INTRA-EX;202509;513881387;A1000008;87089997;ES;PT;10;EXW;11;3;;0,1;1;19;;QV999999999999;
INTRA-EX;202509;513881387;FMDVK04SA-SIL;84814090;ES;PT;10;EXW;11;3;;0,2;1;141;;QV999999999999;
INTRA-EX;202509;513881387;RE8C-L+RE9B-T;84099100;ES;PT;10;EXW;11;3;;0,3;1;104;;QV999999999999;
INTRA-EX;202509;513881387;VWR900001;85111000;FR;PT;10;EXW;11;3;;0,3;4;122;;FR19980130553;
INTRA-EX;202509;513881387;MMRAD-E90-07;87089135;FR;PT;10;EXW;11;3;;6,4;1;308;;FR56810999102;
INTRA-EX;202509;513881387;EVE-HCN-CF-INT;84213100;FR;PT;10;EXW;11;3;;5,6;1;1657;;FR26750353237;
INTRA-EX;202509;513881387;WHT005184;40091100;FR;PT;10;EXW;11;3;;0,1;1;8;;QV999999999999;
INTRA-EX;202509;513881387;4B7267H-STD;87082910;FR;PT;10;EXW;11;3;;0,2;2;124;;QV999999999999;
INTRA-EX;202509;513881387;06E898001-5;84099100;FR;PT;10;EXW;11;3;;1,9;1;127;;QV999999999999;
INTRA-EX;202509;513881387;JS-090-BK;84213100;FR;PT;10;EXW;11;3;;0,6;1;64;;QV999999999999;
INTRA-EX;202509;513881387;06F103483E;87089235;FR;PT;10;EXW;11;3;;0,1;2;16;;QV999999999999;
INTRA-EX;202509;513881387;AC-200-FD;87089997;FR;PT;10;EXW;11;3;;0,5;1;48;;QV999999999999;
INTRA-EX;202509;513881387;ATMSREN11;87089997;FR;PT;10;EXW;11;3;;1;1;306;;QV999999999999;
INTRA-EX;202509;513881387;VWR436000;87141030;FR;PT;10;EXW;11;3;;1;1;112;;QV999999999999;
INTRA-EX;202509;513881387;U3P3A8VX;87089997;FR;PT;10;EXW;11;3;;1;1;331;;QV999999999999;
INTRA-EX;202509;513881387;MS100141;84132000;FR;PT;10;EXW;11;3;;0,3;1;73;;QV999999999999;
INTRA-EX;202509;513881387;CTS-EM-B567-50D;87089997;FR;PT;10;EXW;11;3;;0,9;2;189;;QV999999999999;
INTRA-EX;202509;513881387;E10-35-020-02-22;73202081;FR;PT;10;EXW;11;3;;8,5;1;146;;QV999999999999;
INTRA-EX;202509;513881387;FMMKV1-BLU;40091100;FR;PT;10;EXW;11;3;;0,3;1;32;;QV999999999999;
INTRA-EX;202509;513881387;CTS-EXH-TP-0007;87089235;FR;PT;10;EXW;11;3;;3;1;149;;QV999999999999;
INTRA-EX;202509;513881387;D660-0101;87089997;FR;PT;10;EXW;11;3;;18;1;768;;FR32931315469;
INTRA-EX;202509;513881387;SHY0800-4P-EB;87083091;FR;PT;10;EXW;11;3;;0,8;1;97;;QV999999999999;
INTRA-EX;202509;513881387;SAU0436-4P-RD;87083091;FR;PT;10;EXW;11;3;;0,5;1;78;;FR85939994109;
INTRA-EX;202509;513881387;RBF660;27101999;FR;PT;10;EXW;11;3;;0,6;2;24;;FR85939994109;
INTRA-EX;202509;513881387;JG1006-3307;87082910;FR;PT;10;EXW;11;3;;0,5;1;254;;FR35504243288;
INTRA-EX;202509;513881387;ACSP1;84099100;FR;PT;10;EXW;11;3;;0,5;1;22;;QV999999999999;
INTRA-EX;202509;513881387;CTS-IT-270R;84213100;FR;PT;10;EXW;11;3;;4,3;1;279;;QV999999999999;
INTRA-EX;202509;513881387;VWR810000;87089997;FR;PT;10;EXW;11;3;;0,2;1;28;;QV999999999999;
INTRA-EX;202509;513881387;CTS-EXH-TP-0007;87089235;FR;PT;10;EXW;11;3;;3;1;149;;QV999999999999;
INTRA-EX;202509;513881387;CTS-DP-IK1;87089997;FR;PT;10;EXW;11;3;;0,3;1;13;;QV999999999999;
INTRA-EX;202509;513881387;1K0253144BD;40091100;FR;PT;10;EXW;11;3;;0,2;1;9;;QV999999999999;
INTRA-EX;202509;513881387;SBW1176-4P-BK;87083091;FR;PT;10;EXW;11;3;;0,5;1;77;;QV999999999999;
INTRA-EX;202509;513881387;ATIKMAZ01;84213100;FR;PT;10;EXW;11;3;;3,6;1;232;;QV999999999999;
INTRA-EX;202509;513881387;BKR8EIX-4;85111000;FR;PT;10;EXW;11;3;;0,3;1;43;;QV999999999999;
INTRA-EX;202509;513881387;SFD0121-4P-EB;87083091;FR;PT;10;EXW;11;3;;0,5;1;77;;QV999999999999;
INTRA-EX;202509;513881387;RBF600;27101999;FR;PT;10;EXW;11;3;;0,6;3;28;;QV999999999999;
INTRA-EX;202509;513881387;ATMSFO5;84099100;FR;PT;10;EXW;11;3;;5,4;1;454;;QV999999999999;
INTRA-EX;202509;513881387;R7437-9-4;87089997;FR;PT;10;EXW;11;3;;0,3;1;171;;FR77530489756;
INTRA-EX;202509;513881387;FMVAG5QS;87089997;FR;PT;10;EXW;11;3;;0,5;1;99;;QV999999999999;
INTRA-EX;202509;513881387;BKR8EIX-4;85111000;FR;PT;10;EXW;11;3;;0,3;1;43;;QV999999999999;
INTRA-EX;202509;513881387;ACCLAMP3;96072090;FR;PT;10;EXW;11;3;;0,2;3;14;;QV999999999999;
INTRA-EX;202509;513881387;058198025A;87089997;FR;PT;10;EXW;11;3;;0,3;1;8;;QV999999999999;
INTRA-EX;202509;513881387;LTR7IX-11-8;84099100;FR;PT;10;EXW;11;3;;0,5;1;73;;FR65814317475;
INTRA-EX;202509;513881387;MMEXH-MUS8-15XP;87089235;FR;PT;10;EXW;11;3;;8,7;1;259;;FR65814317475;
INTRA-EX;202509;513881387;U5001-4;84099100;FR;PT;10;EXW;11;3;;1,5;1;79;;QV999999999999;
INTRA-EX;202509;513881387;MS100219-8;85111000;FR;PT;10;EXW;11;3;;3,4;1;401;;QV999999999999;
INTRA-EX;202509;513881387;BKR7EIX-4;84099100;FR;PT;10;EXW;11;3;;0,3;1;40;;QV999999999999;
INTRA-EX;202509;513881387;PFR7Z-TG-4;84099100;FR;PT;10;EXW;11;3;;0,3;1;36;;QV999999999999;
INTRA-EX;202509;513881387;BKR7EIX-4;84099100;FR;PT;10;EXW;11;3;;0,3;1;40;;QV999999999999;
INTRA-EX;202509;513881387;CTS-ACC-005;87089997;FR;PT;10;EXW;11;3;;1;1;66;;QV999999999999;
INTRA-EX;202509;513881387;URTW-RE2-2919A;87088055;FR;PT;10;EXW;11;3;;3,4;1;146;;QV999999999999;
INTRA-EX;202509;513881387;R7437-9-4;87089997;FR;PT;10;EXW;11;3;;0,3;1;171;;QV999999999999;
INTRA-EX;202509;513881387;VWR69G7KIT;87083091;FR;PT;10;EXW;11;3;;0,5;1;150;;QV999999999999;
INTRA-EX;202509;513881387;RBF600;27101999;FR;PT;10;EXW;11;3;;0,6;3;28;;QV999999999999;
INTRA-EX;202509;513881387;ATMSSUZ1;87089135;FR;PT;10;EXW;11;3;;4,1;1;411;;QV999999999999;
INTRA-EX;202509;513881387;VWR150000;87089997;FR;PT;10;EXW;11;3;;0,2;1;113;;QV999999999999;
INTRA-EX;202509;513881387;SILZKGR8B8S-6;85111000;FR;PT;10;EXW;11;3;;0,4;1;59;;QV999999999999;
INTRA-EX;202509;513881387;PP1979;84213100;FR;PT;10;EXW;11;3;;0,5;1;38;;QV999999999999;
INTRA-EX;202509;513881387;RF100029;84099100;FR;PT;10;EXW;11;3;;0,5;1;44;;QV999999999999;
INTRA-EX;202509;513881387;06K103213A;40091100;FR;PT;10;EXW;11;3;;0,1;1;16;;QV999999999999;
INTRA-EX;202509;513881387;06K103495AC;87089997;FR;PT;10;EXW;11;3;;0,6;1;32;;QV999999999999;
INTRA-EX;202509;513881387;AC-WS-12-BT;87088099;FR;PT;10;EXW;11;3;;2,3;1;46;;QV999999999999;
INTRA-EX;202509;513881387;CTS-IT-800;84213100;FR;PT;10;EXW;11;3;;4,3;1;277;;QV999999999999;
INTRA-EX;202509;513881387;4B1609H-STD;40091100;FR;PT;10;EXW;11;3;;0,5;1;44;;QV999999999999;
INTRA-EX;202509;513881387;06K103213A;40091100;FR;PT;10;EXW;11;3;;0,1;1;16;;QV999999999999;
INTRA-EX;202509;513881387;9-201s-1005;84133080;FR;PT;10;EXW;11;3;;0,6;1;90;;QV999999999999;
INTRA-EX;202509;513881387;AC-Z33-CP-6;84099100;FR;PT;10;EXW;11;3;;1,2;1;104;;QV999999999999;
INTRA-EX;202509;513881387;AC-200-PP;84198998;FR;PT;10;EXW;11;3;;0,5;1;82;;QV999999999999;
INTRA-EX;202509;513881387;CTS-EXH-TP-0007;87089235;FR;PT;10;EXW;11;3;;3;1;149;;QV999999999999;
INTRA-EX;202509;513881387;9-355-1025;84133080;FR;PT;10;EXW;11;3;;0,8;1;206;;QV999999999999;
INTRA-EX;202509;513881387;AC-250-IP;84198998;FR;PT;10;EXW;11;3;;1,9;1;127;;QV999999999999;
INTRA-EX;202509;513881387;SVAGC005;87089235;FR;PT;10;EXW;11;3;;11;1;366;;QV999999999999;
INTRA-EX;202509;513881387;TS-0645-2052;87089997;FR;PT;10;EXW;11;3;;0,5;1;118;;QV999999999999;
INTRA-EX;202509;513881387;SILZKBR8D8S-6;84099100;FR;PT;10;EXW;11;3;;0,4;1;68;;QV999999999999;
INTRA-EX;202509;513881387;Z1003100-4;85111000;FR;PT;10;EXW;11;3;;0,4;1;108;;QV999999999999;
INTRA-EX;202509;513881387;MS100192-4;84099100;FR;PT;10;EXW;11;3;;1,7;1;183;;QV999999999999;
INTRA-EX;202509;513881387;WHT005184;40091100;FR;PT;10;EXW;11;3;;0,1;1;8;;QV999999999999;
INTRA-EX;202509;513881387;Z-361077;87089997;FR;PT;10;EXW;11;3;;2,4;1;169;;QV999999999999;
INTRA-EX;202509;513881387;CTS-IT-250;84213100;FR;PT;10;EXW;11;3;;6,6;1;322;;QV999999999999;
INTRA-EX;202509;513881387;AC-N55-TP;40091100;FR;PT;10;EXW;11;3;;1,7;1;157;;QV999999999999;
INTRA-EX;202509;513881387;FMINDK32-BLA-BLA;842131000;FR;PT;10;EXW;11;3;;5,2;1;353;;QV999999999999;
INTRA-EX;202509;513881387;AC-200-IT;84198998;FR;PT;10;EXW;11;3;;5;1;187;;QV999999999999;
INTRA-EX;202509;513881387;FM225TH;40091100;FR;PT;10;EXW;11;3;;0,3;1;95;;QV999999999999;
INTRA-EX;202509;513881387;AC-180S-DVH-RD;40093100;FR;PT;10;EXW;11;3;;0,4;1;29;;QV999999999999;
INTRA-EX;202509;513881387;1J0121407E;87089997;FR;PT;10;EXW;11;3;;0,9;1;10;;QV999999999999;
INTRA-EX;202509;513881387;FMDV004-POL;84814090;FR;PT;10;EXW;11;3;;0,4;1;106;;QV999999999999;
INTRA-EX;202509;513881387;CTS-IT-105R;84213100;FR;PT;10;EXW;11;3;;4,6;1;256;;QV999999999999;
INTRA-EX;202509;513881387;FMTIA9-BLACK;40091100;DK;PT;10;EXW;11;3;;1,7;1;216;;DK38308386;
INTRA-EX;202509;513881387;FMINDK40-FOAM;84213100;DK;PT;10;EXW;11;3;;5;1;649;;DK38308386;
INTRA-EX;202509;513881387;9-301-1000;84133080;CY;PT;10;EXW;11;3;;0,5;1;109;;CY00781748Y;
INTRA-EX;202509;513881387;FMDV18-BLA;84814090;CY;PT;10;EXW;11;3;;1,5;1;165;;CY00781748Y;
INTRA-EX;202509;513881387;9-201-1000;84133080;CY;PT;10;EXW;11;3;;0,5;1;70;;CY00781748Y;
INTRA-EX;202509;513881387;AC-200-IC;84198998;CY;PT;10;EXW;11;3;;11,9;1;263;;CY00781748Y;
INTRA-EX;202509;513881387;CI100037;84213100;CZ;PT;10;EXW;11;3;;2,4;1;449;;CZ05205093;
INTRA-EX;202509;513881387;KT4058;87089997;CZ;PT;10;EXW;11;3;;0,9;1;525;;CZ29210526;
INTRA-EX;202509;513881387;F2458P-F2459P;87082910;CZ;PT;10;EXW;11;3;;1,5;1;445;;CZ29210526;
INTRA-EX;202509;513881387;FMSCPS53T;87089997;FI;PT;10;EXW;11;3;;0,7;2;378;;FI24326363;
INTRA-EX;202509;513881387;503-F101;84213100;FI;PT;10;EXW;11;3;;0,4;1;28;;QV999999999999;
INTRA-EX;202509;513881387;CTS-HW-0133;84099100;BG;PT;10;EXW;11;3;;0,5;1;135;;BG206796168;
INTRA-EX;202509;513881387;EVE-W210-FTR;84213100;FI;PT;10;EXW;11;3;;0,6;1;90;;QV999999999999;
INTRA-EX;202509;513881387;06J103600AFKIT;84099100;FI;PT;10;EXW;11;3;;2,5;1;47;;QV999999999999;
INTRA-EX;202509;513881387;VWR180000;87089997;FI;PT;10;EXW;11;3;;0,1;1;14;;QV999999999999;
INTRA-EX;202509;513881387;ATMSP2082;87089997;FI;PT;10;EXW;11;3;;2,5;1;262;;QV999999999999;
INTRA-EX;202509;513881387;ESR916P;84213100;FI;PT;10;EXW;11;3;;4,4;1;258;;QV999999999999;
INTRA-EX;202509;513881387;R7437-9-8;84099100;FI;PT;10;EXW;11;3;;0,5;1;327;;QV999999999999;
INTRA-EX;202509;513881387;JSK-104;84213100;FI;PT;10;EXW;11;3;;1,3;1;92;;QV999999999999;
INTRA-EX;202509;513881387;D650-0004-6;84099100;FI;PT;10;EXW;11;3;;2,4;1;163;;QV999999999999;
INTRA-EX;202509;513881387;FMTIA2-RED;40091100;FI;PT;10;EXW;11;3;;1,5;1;130;;QV999999999999;
INTRA-EX;202509;513881387;SHYSP102;87089997;FI;PT;10;EXW;11;3;;3;1;166;;QV999999999999;
INTRA-EX;202509;513881387;SHYP104;87089235;FI;PT;10;EXW;11;3;;3,2;1;193;;QV999999999999;
INTRA-EX;202509;513881387;E10-25-043-06-22;73202081;FI;PT;10;EXW;11;3;;9,3;1;175;;QV999999999999;
INTRA-EX;202509;513881387;SAU0785-4P-BK;87083091;FI;PT;10;EXW;11;3;;0,5;1;65;;QV999999999999;
INTRA-EX;202509;513881387;SILZKBR8D8S-6;84099100;RO;PT;10;EXW;11;3;;0,4;1;68;;RO40783750;
INTRA-EX;202509;513881387;AC-300-CP-6;84099100;RO;PT;10;EXW;11;3;;1,6;1;107;;RO40783750;
INTRA-EX;202509;513881387;AC-300-CP-6;84099100;RO;PT;10;EXW;11;3;;1,6;1;107;;RO40783750;
INTRA-EX;202509;513881387;CTS-IT-805;40091100;LU;PT;10;EXW;11;3;;2,5;1;220;;LU25864107;
INTRA-EX;202509;513881387;COMBO-NOV-MQB;84213100;RO;PT;10;EXW;11;3;;5,5;1;446;;RO37171700;
INTRA-EX;202509;513881387;VWR12G7R601FO;84213100;RO;PT;10;EXW;11;3;;0,9;1;150;;RO37171700;
INTRA-EX;202509;513881387;SBMP082;87089235;LU;PT;10;EXW;11;3;;7,9;1;226;;QV999999999999;
INTRA-EX;202509;513881387;MS100142;84132000;SK;PT;10;EXW;11;3;;0,3;1;73;;SK2120431379;
INTRA-EX;202509;513881387;SUS00016;87089997;SK;PT;10;EXW;11;3;;12;1;249;;SK2120431379;
INTRA-EX;202509;513881387;MS100141;84132000;SK;PT;10;EXW;11;3;;0,3;2;147;;SK2120431379;
INTRA-EX;202509;513881387;CTS-IGN-007;84099100;LU;PT;10;EXW;11;3;;0,3;4;145;;QV999999999999;
INTRA-EX;202509;513881387;R7437-8-4;84099100;LU;PT;10;EXW;11;3;;0,3;1;166;;QV999999999999;
INTRA-EX;202509;513881387;8E0971824S-BL;84099100;SK;PT;10;EXW;11;3;;0,2;1;18;;QV999999999999;
INTRA-EX;202509;513881387;SILZKBR8D8S-6;84099100;LU;PT;10;EXW;11;3;;0,4;1;70;;QV999999999999;
INTRA-EX;202509;513881387;WB-439;84213100;SK;PT;10;EXW;11;3;;0,3;1;56;;QV999999999999;
INTRA-EX;202509;513881387;SILZKGR8B8S-6;85111000;LU;PT;10;EXW;11;3;;0,4;1;61;;QV999999999999;
INTRA-EX;202509;513881387;AC-R56-TB;87089997;SK;PT;10;EXW;11;3;;0,4;1;58;;QV999999999999;
INTRA-EX;202509;513881387;GSM64-9USS2;87088020;HR;PT;10;EXW;11;3;;20;1;528;;HR09842419742;
INTRA-EX;202509;513881387;1118BLK;87089997;LU;PT;10;EXW;11;3;;0,1;1;30;;QV999999999999;
INTRA-EX;202509;513881387;MS100219-8;85111000;HR;PT;10;EXW;11;3;;3,4;1;401;;HR56497476377;
INTRA-EX;202509;513881387;SILFER8C7ES-8;85111000;HR;PT;10;EXW;11;3;;0,5;1;98;;HR56497476377;
INTRA-EX;202509;513881387;MMRA-LC-EG-BL;87083099;SI;PT;10;EXW;11;3;;5,6;2;49;;SI13768808;
INTRA-EX;202509;513881387;NurbStick-RD;39199080;HU;PT;10;EXW;11;3;;0,1;1;2;;HU29253094;
INTRA-EX;202509;513881387;CTS-IT-259;40091100;HU;PT;10;EXW;11;3;;1,1;1;145;;HU29253094;
INTRA-EX;202509;513881387;JSK-121-RD;84213100;DE;PT;10;EXW;11;3;;4;1;235;;QV999999999999;
INTRA-EX;202509;513881387;MS100198;40091100;PL;PT;10;EXW;11;3;;5,2;1;707;;PL8141683531;
INTRA-EX;202509;513881387;D760-0069;84099100;PL;PT;10;EXW;11;3;;4,4;1;319;;PL6972395288;
INTRA-EX;202509;513881387;DBA2472S-2;87089997;GR;PT;10;EXW;11;3;;19;1;235;;GREL137646504;
INTRA-EX;202509;513881387;15999-AM001;84213100;GR;PT;10;EXW;11;3;;0,2;1;62;;GREL151920446;
INTRA-EX;202509;513881387;VWR900001-4;84099100;GR;PT;10;EXW;11;3;;1,8;1;174;;GREL997528837;
INTRA-EX;202509;513881387;SMNS011;87089235;GR;PT;10;EXW;11;3;;25,5;1;678;;GREL801563540;
INTRA-EX;202509;513881387;SMNX011;87089235;GR;PT;10;EXW;11;3;;3,6;1;449;;GREL801563540;
INTRA-EX;202509;513881387;06D115562;84099100;GR;PT;10;EXW;11;3;;0,2;2;9;;GREL106927053;
INTRA-EX;202509;513881387;CTS-IT-256;40091100;GR;PT;10;EXW;11;3;;2,3;1;179;;GREL106927053;
INTRA-EX;202509;513881387;SBMP091;87089997;BE;PT;10;EXW;11;3;;19,5;1;495;;BE0740963105;
INTRA-EX;202509;513881387;SBMC090;87089235;BE;PT;10;EXW;11;3;;9;1;381;;BE0740963105;
INTRA-EX;202509;513881387;MMRAD-MAC-06;87089135;BE;PT;10;EXW;11;3;;9,1;1;263;;BE0799779054;
INTRA-EX;202509;513881387;CTS-IT-825;84213100;BE;PT;10;EXW;11;3;;3,8;1;315;;BE1002204790;
INTRA-EX;202509;513881387;SAUX079;87089235;BE;PT;10;EXW;11;3;;11;1;928;;BE0794656068;
INTRA-EX;202509;513881387;10.127.203K;84132000;NL;PT;10;EXW;11;3;;0,3;1;314;;NL865367012B01;
INTRA-EX;202509;513881387;R7437-8;85111000;NL;PT;10;EXW;11;3;;0,1;4;136;;NL866860666B01;
INTRA-EX;202509;513881387;CTS-IGN-007;84099100;NL;PT;10;EXW;11;3;;0,3;4;119;;NL866860666B01;
INTRA-EX;202509;513881387;AC-500-TB;87089997;NL;PT;10;EXW;11;3;;0,3;1;34;;NL866860666B01;
INTRA-EX;202509;513881387;MMRAD-E90-07A;87089135;NL;PT;10;EXW;11;3;;6,4;1;351;;NL866860666B01;
INTRA-EX;202509;513881387;SILFER8C7ES-5;85111000;NL;PT;10;EXW;11;3;;0,3;5;307;;NL005242230B27;
INTRA-EX;202509;513881387;CTS-HW-306;87089997;NL;PT;10;EXW;11;3;;0,9;1;83;;NL005242230B27;
INTRA-EX;202509;513881387;R17-10-2;40091100;IT;PT;10;EXW;11;3;;0,1;1;83;;IT01248540328;
INTRA-EX;202509;513881387;TTE500+;84099100;IT;PT;10;EXW;11;3;;15;1;2873;;IT04154250130;
INTRA-EX;202509;513881387;10.127.101K;84133080;IT;PT;10;EXW;11;3;;0,3;1;314;;IT04154250130;
INTRA-EX;202509;513881387;UR-TW2-3047;87088055;IT;PT;10;EXW;11;3;;3;1;75;;IT02710790060;
INTRA-EX;202509;513881387;VWR12G614;84213100;IT;PT;10;EXW;11;3;;1,8;1;237;;IT03002640732;
INTRA-EX;202509;513881387;PF05;90262020;IT;PT;10;EXW;11;3;;0,2;1;170;;IT02710790060;
INTRA-EX;202509;513881387;FRI-0217;84213100;IT;PT;10;EXW;11;3;;6,3;1;1811;;IT02200600423;
INTRA-EX;202509;513881387;71008-AT020;84213100;IT;PT;10;EXW;11;3;;3;1;483;;IT03656931205;
INTRA-EX;202509;513881387;CTS-HW-360;40091100;IT;PT;10;EXW;11;3;;1,4;1;249;;IT04154250130;
INTRA-EX;202509;513881387;SBW0901-4P-BK;87083091;ES;PT;10;EXW;11;3;;0,5;1;78;;ES77120442Q;
INTRA-EX;202509;513881387;ATINTVAG35;87089199;ES;PT;10;EXW;11;3;;14,3;1;871;;ES77199567k;
INTRA-EX;202509;513881387;VWR12A1S1;84213100;ES;PT;10;EXW;11;3;;3;1;442;;ES77199567k;
INTRA-EX;202509;513881387;ATMSVAG15;87089997;ES;PT;10;EXW;11;3;;3;1;377;;ES77199567k;
INTRA-EX;202509;513881387;UR-RE2-1833;87088055;ES;PT;10;EXW;11;3;;2;1;88;;ES77199567k;
INTRA-EX;202509;513881387;DCPR8EKP-6;85111000;ES;PT;10;EXW;11;3;;0,4;1;68;;ESB39742358;
INTRA-EX;202509;513881387;AC-E46-FU;87088055;ES;PT;10;EXW;11;3;;4,3;1;149;;ESB39742358;
INTRA-EX;202509;513881387;AC-G8X-DPHS;87089997;ES;PT;10;EXW;11;3;;6,2;1;487;;ES09214511K;
INTRA-EX;202509;513881387;SBW0271-4P-BK;87083091;ES;PT;10;EXW;11;3;;0,4;1;84;;ES09214511K;
INTRA-EX;202509;513881387;D640-0001-6;85111000;ES;PT;10;EXW;11;3;;0,4;1;119;;ES09214511K;
INTRA-EX;202509;513881387;CTS-IT-945;84213100;ES;PT;10;EXW;11;3;;5,6;1;404;;ES09214511K;
INTRA-EX;202509;513881387;AC-BMB-CP-6;85111000;ES;PT;10;EXW;11;3;;3,5;1;123;;ES09214511K;
INTRA-EX;202509;513881387;9-309-1009-2;84133080;ES;PT;10;EXW;11;3;;0,9;1;308;;ESB19406420;
INTRA-EX;202509;513881387;MMRAD-MAC-06;87089135;ES;PT;10;EXW;11;3;;9,1;1;263;;ESB44835106;
INTRA-EX;202509;513881387;DILKAR8A8-6;85111000;ES;PT;10;EXW;11;3;;0,4;1;148;;ESB67114637;
INTRA-EX;202509;513881387;BWF19XZ;87088055;ES;PT;10;EXW;11;3;;5,5;1;217;;ESB70696141;
INTRA-EX;202509;513881387;FMKCTT225-BLA;40093100;ES;PT;10;EXW;11;3;;3;1;283;;ESB72435332;
INTRA-EX;202509;513881387;Z1004081;85111000;ES;PT;10;EXW;11;3;;0,1;32;638;;ESB04855516;
INTRA-EX;202509;513881387;MMRAD-E46-323;87089997;ES;PT;10;EXW;11;3;;7,2;1;280;;ES18062887K;
INTRA-EX;202509;513881387;VWR13G700;84099100;ES;PT;10;EXW;11;3;;3;1;468;;ESB04855516;
INTRA-EX;202509;513881387;FMINT32;87089997;ES;PT;10;EXW;11;3;;16,7;1;562;;ESB04855516;
INTRA-EX;202509;513881387;KLC151;87088055;ES;PT;10;EXW;11;3;;1;1;85;;ES38873546G;
INTRA-EX;202509;513881387;SFDP070;;ES;PT;10;EXW;11;3;;7;1;231;;ES38873546G;
INTRA-EX;202509;513881387;AC-S55-DP;87089235;ES;PT;10;EXW;11;3;;5,2;1;203;;ES18062887K;
INTRA-EX;202509;513881387;R-AUD-001-I;84099100;ES;PT;10;EXW;11;3;;3,5;1;360;;ES18062887K;
INTRA-EX;202509;513881387;FMKTR56N18-RED;40091100;ES;PT;10;EXW;11;3;;1,4;1;107;;ESF21716261;
INTRA-EX;202509;513881387;UR-TW2-1715;87088055;ES;PT;10;EXW;11;3;;3,6;2;158;;ESF21716261;
INTRA-EX;202509;513881387;UR-TW2-305;84099100;ES;PT;10;EXW;11;3;;2,5;1;92;;ESF21716261;
INTRA-EX;202509;513881387;BH-225;84213100;ES;PT;10;EXW;11;3;;0,4;1;39;;ESF21716261;
INTRA-EX;202509;513881387;FRI-ORS-0128;84213100;ES;PT;10;EXW;11;3;;4,2;1;1811;;ESB90122532;
INTRA-EX;202509;513881387;D640-0001-6;85111000;ES;PT;10;EXW;11;3;;0,4;1;119;;ESB96394523;
INTRA-EX;202509;513881387;52009-AK005;84213100;ES;PT;10;EXW;11;3;;0,4;1;19;;ESB19406420;
INTRA-EX;202509;513881387;24996-AK031;84213100;ES;PT;10;EXW;11;3;;0,3;1;92;;ESB19406420;
INTRA-EX;202509;513881387;EVE-GR4-CF-INT;84213100;ES;PT;10;EXW;11;3;;4,9;1;1300;;ESB87803904;
INTRA-EX;202509;513881387;VWR31G70RW;87088035;ES;PT;10;EXW;11;3;;9,1;1;268;;ES53284853V;
INTRA-EX;202509;513881387;IFR7X8G-4;84099100;ES;PT;10;EXW;11;3;;0,3;1;64;;ES53284853V;
INTRA-EX;202509;513881387;ATMSREN7;87089997;ES;PT;10;EXW;11;3;;0,9;1;117;;ES53284853V;
INTRA-EX;202509;513881387;RBF600;27101999;ES;PT;10;EXW;11;3;;0,6;5;47;;ES53284853V;
INTRA-EX;202509;513881387;RBF700;27101999;ES;PT;10;EXW;11;3;;0,6;4;58;;ES53284853V;
INTRA-EX;202509;513881387;VWR1210R600EG;84213100;ES;PT;10;EXW;11;3;;5,2;1;654;;ESB72435332;
INTRA-EX;202509;513881387;50-1000;87089997;ES;PT;10;EXW;11;3;;0,7;1;88;;ESB01715598;
INTRA-EX;202509;513881387;DBA42830S-2;87089997;ES;PT;10;EXW;11;3;;23,3;1;275;;ESB67497925;
INTRA-EX;202509;513881387;CTS-IT-259;40091100;ES;PT;10;EXW;11;3;;1,1;1;145;;ES53267474A;
INTRA-EX;202509;513881387;CTS-IT-258;84213100;ES;PT;10;EXW;11;3;;0,7;1;169;;ES53267474A;
INTRA-EX;202509;513881387;STYC009;87089235;ES;PT;10;EXW;11;3;;10,7;1;672;;ESB70982004;
INTRA-EX;202509;513881387;AC-S55-DPHS;87089235;ES;PT;10;EXW;11;3;;5,2;1;385;;ESB70982004;
INTRA-EX;202509;513881387;KLC202;87088035;ES;PT;10;EXW;11;3;;1;1;136;;ESB60872124;
INTRA-EX;202509;513881387;KTA293;87089997;ES;PT;10;EXW;11;3;;3,3;1;175;;ESB60872124;
INTRA-EX;202509;513881387;BWF22Z;87088055;ES;PT;10;EXW;11;3;;6,7;1;239;;ESB60872124;
INTRA-EX;202509;513881387;BWR25XZ;87088055;ES;PT;10;EXW;11;3;;5;1;239;;ESB60872124;
INTRA-EX;202509;513881387;E10-42-040-06-22;73202081;ES;PT;10;EXW;11;3;;9,5;1;219;;ESB15046238;
INTRA-EX;202509;513881387;FM225CCH-BLU;40091100;ES;PT;10;EXW;11;3;;0,2;1;52;;ESE94201142;
INTRA-EX;202509;513881387;MMTC-F80-15;87089135;ES;PT;10;EXW;11;3;;3,1;1;350;;ESB87803904;
INTRA-EX;202509;513881387;AC-190-DPHS;87089997;ES;PT;10;EXW;11;3;;12;1;509;;ESF21229786;
INTRA-EX;202509;513881387;FMDVF500A-SILVER;84818040;ES;PT;10;EXW;11;3;;0,9;1;223;;ESB01796796;
INTRA-EX;202509;513881387;CTS-CC-MK7TSI;84099100;ES;PT;10;EXW;11;3;;3;1;450;;ES77493267B;
INTRA-EX;202509;513881387;IKR9J8-4;87089997;ES;PT;10;EXW;11;3;;0,3;1;45;;ES53284853V;
INTRA-EX;202509;513881387;SKGD2-S3B00;84099100;ES;PT;10;EXW;11;3;;12;1;234;;ESB44543098;
INTRA-EX;202509;513881387;DILKAR8R9HS-4;85111000;ES;PT;10;EXW;11;3;;0,3;1;62;;ESB06831333;
INTRA-EX;202509;513881387;RE8C-L+RE9B-T;84099100;ES;PT;10;EXW;11;3;;0,3;1;105;;ESB66356528;
INTRA-EX;202509;513881387;VWR180000;87089997;ES;PT;10;EXW;11;3;;0,1;1;15;;ESB91228114;
INTRA-EX;202509;513881387;VWR180002;87089997;ES;PT;10;EXW;11;3;;0,1;1;30;;ESB91228114;
INTRA-EX;202509;513881387;VWR180003;87089997;ES;PT;10;EXW;11;3;;0,1;1;30;;ESB91228114;
INTRA-EX;202509;513881387;IZKR7B-6;85111000;ES;PT;10;EXW;11;3;;0,4;1;60;;ESB91228114;
INTRA-EX;202509;513881387;CTS-HW-0223;87089997;ES;PT;10;EXW;11;3;;0,3;1;67;;ESB91228114;
INTRA-EX;202509;513881387;FRI-0194;84213100;ES;PT;10;EXW;11;3;;3,8;1;932;;ES76953599S;
INTRA-EX;202509;513881387;D760-0067;84099100;ES;PT;10;EXW;11;3;;1,5;1;143;;ESB02807170;
INTRA-EX;202509;513881387;HMP-954;84213100;ES;PT;10;EXW;11;3;;0,2;1;76;;ESB02807170;
INTRA-EX;202509;513881387;ATMSYGR06;87089997;ES;PT;10;EXW;11;3;;3,9;1;278;;ESB64437577;
INTRA-EX;202509;513881387;ATINTYGR1;87089997;ES;PT;10;EXW;11;3;;13,2;1;477;;ESB64437577;
INTRA-EX;202509;513881387;UR-RU2-407;87088055;ES;PT;10;EXW;11;3;;2,3;1;87;;QV999999999999;
INTRA-EX;202509;513881387;SP-201;32081090;ES;PT;10;EXW;11;3;;0,5;1;27;;QV999999999999;
INTRA-EX;202509;513881387;CTS-SIL-0019;40091100;ES;PT;10;EXW;11;3;;0,7;1;60;;QV999999999999;
INTRA-EX;202509;513881387;AC-WS-BM-12;87088099;FR;PT;10;EXW;11;3;;2,4;2;68;;FR35504243288;
INTRA-EX;202509;513881387;11427953129;84099100;FR;PT;10;EXW;11;3;;0,1;4;20;;FR35504243288;
INTRA-EX;202509;513881387;ATMSYGR01;87089997;FR;PT;10;EXW;11;3;;1,2;1;185;;FR65890019185;
INTRA-EX;202509;513881387;ATMSYGR07;87089997;FR;PT;10;EXW;11;3;;0,5;1;137;;FR65890019185;
INTRA-EX;202509;513881387;70026-AT007;84213100;FR;PT;10;EXW;11;3;;0,5;1;129;;FR65890019185;
INTRA-EX;202509;513881387;EVE-ST38V8S-CF-INT;84213100;FR;PT;10;EXW;11;3;;6,5;1;1713;;FR95817660202;
INTRA-EX;202509;513881387;MMINT-F10-12WBK;87089199;FR;PT;10;EXW;11;3;;16,7;1;1393;;FR53890259062;
INTRA-EX;202509;513881387;FMKT010-RED;40093100;FR;PT;10;EXW;11;3;;1,7;1;180;;FR53890259062;
INTRA-EX;202509;513881387;CTS-IT-255R-2;87089135;FR;PT;10;EXW;11;3;;8;1;322;;FR38801951518;
INTRA-EX;202509;513881387;CTS-HW-360;40091100;FR;PT;10;EXW;11;3;;1,4;1;249;;FR38801951518;
INTRA-EX;202509;513881387;WSK-AUD001;87088055;FR;PT;10;EXW;11;3;;10;1;193;;FR38801951518;
INTRA-EX;202509;513881387;034-108-9003TP;87089997;FR;PT;10;EXW;11;3;;0,4;1;75;;FR47503616963;
INTRA-EX;202509;513881387;SFDC066;87089235;FR;PT;10;EXW;11;3;;4,2;1;158;;FR36942035684;
INTRA-EX;202509;513881387;TTE300THP-NW;84099900;FR;PT;10;EXW;11;3;;15;1;1674;;FR46908024060;
INTRA-EX;202509;513881387;ATINTP&C6;87089199;FR;PT;10;EXW;11;3;;11,7;1;562;;FR46908024060;
INTRA-EX;202509;513881387;R7437-9;85111000;FR;PT;10;EXW;11;3;;0,1;8;290;;FR09800029712;
INTRA-EX;202509;513881387;FMDVMK7A-BLA;87089997;FR;PT;10;EXW;11;3;;0,6;1;164;;FR24849994223;
INTRA-EX;202509;513881387;AC-MQB-IC;84198998;FR;PT;10;EXW;11;3;;16,3;1;281;;FR24849994223;
INTRA-EX;202509;513881387;ATINTVAG12;87089135;FR;PT;10;EXW;11;3;;18;1;569;;FR43935269613;
INTRA-EX;202509;513881387;FMINDDS3-BLU;84213100;FR;PT;10;EXW;11;3;;1,2;1;132;;FR46908024060;
INTRA-EX;202509;513881387;CTS-HW-360;40091100;FR;PT;10;EXW;11;3;;1,4;1;249;;FR36852855436;
INTRA-EX;202509;513881387;11427953129;84099100;FR;PT;10;EXW;11;3;;0,1;4;20;;FR35504243288;
INTRA-EX;202509;513881387;6B1584H-STD;40091100;FR;PT;10;EXW;11;3;;0,4;2;286;;FR35504243288;
INTRA-EX;202509;513881387;SILZKGR8B8S-6;85111000;FR;PT;10;EXW;11;3;;0,4;2;119;;FR35504243288;
INTRA-EX;202509;513881387;R-AUD-001-I;84099100;FR;PT;10;EXW;11;3;;3,5;1;523;;FR50804578573;
INTRA-EX;202509;513881387;JE-284780;87082910;FR;PT;10;EXW;11;3;;2,5;1;685;;FR50804578573;
INTRA-EX;202509;513881387;DILKAR7C9H-4;85111000;FR;PT;10;EXW;11;3;;0,3;1;52;;FR50804578573;
INTRA-EX;202509;513881387;FMR56IND-BLA;40093100;FR;PT;10;EXW;11;3;;0,8;1;127;;FR04751621731;
INTRA-EX;202509;513881387;DILKAR8R9HS-4;85111000;FR;PT;10;EXW;11;3;;0,3;3;187;;FR32931315469;
INTRA-EX;202509;513881387;ATMSP2083;87089997;FR;PT;10;EXW;11;3;;0,6;1;137;;FR34832724314;
INTRA-EX;202509;513881387;33002-BT001;84213100;FR;PT;10;EXW;11;3;;9,5;1;789;;FR15840764864;
INTRA-EX;202509;513881387;14011-AT001;84213100;FR;PT;10;EXW;11;3;;3;1;299;;FR15840764864;
INTRA-EX;202509;513881387;503-T109;84213100;FR;PT;10;EXW;11;3;;0,3;1;33;;FR15840764864;
INTRA-EX;202509;513881387;GTHSB-5;87089997;FR;PT;10;EXW;11;3;;0,1;1;20;;FR15840764864;
INTRA-EX;202509;513881387;MMTS-GLF-15;90321020;FR;PT;10;EXW;11;3;;0,2;3;151;;FR08882059637;
INTRA-EX;202509;513881387;MMEXH-MUS8-15HP;87089235;FR;PT;10;EXW;11;3;;5;1;252;;FR65814317475;
INTRA-EX;202509;513881387;SAUC089;87089235;FR;PT;10;EXW;11;3;;10;1;785;;FR38801951518;
INTRA-EX;202509;513881387;AC-BMB-CP-6;85111000;FR;PT;10;EXW;11;3;;3,5;1;123;;FR35504243288;
INTRA-EX;202509;513881387;CTS-HW-455;87089997;FR;PT;10;EXW;11;3;;1,4;1;166;;FR35504243288;
INTRA-EX;202509;513881387;FMKT135F20;87089997;FR;PT;10;EXW;11;3;;0,7;1;88;;FR35504243288;
INTRA-EX;202509;513881387;MS100219-8;85111000;FR;PT;10;EXW;11;3;;3,4;1;401;;FR78897457214;
INTRA-EX;202509;513881387;Z1003100-8;85111000;FR;PT;10;EXW;11;3;;0,5;1;216;;FR78897457214;
INTRA-EX;202509;513881387;MMFW-SM-6RD;87089997;FR;PT;10;EXW;11;3;;0,1;2;20;;FR78897457214;
INTRA-EX;202509;513881387;AC-WS-AU-10-BT;87088099;FR;PT;10;EXW;11;3;;1,3;2;100;;FR78897457214;
INTRA-EX;202509;513881387;CTS-IT-938;84213100;FR;PT;10;EXW;11;3;;3,6;1;366;;FR78897457214;
INTRA-EX;202509;513881387;SAU0755-4P-EB;87083091;FR;PT;10;EXW;11;3;;0,5;1;97;;FR78897457214;
INTRA-EX;202509;513881387;X11127565284ALBK;87089997;FR;PT;10;EXW;11;3;;7;1;233;;FR37539196592;
INTRA-EX;202509;513881387;GTHSB-5;87089997;FR;PT;10;EXW;11;3;;0,1;1;20;;FR37539196592;
INTRA-EX;202509;513881387;ATINTP&C4;40091100;FR;PT;10;EXW;11;3;;1,7;1;162;;FR46908024060;
INTRA-EX;202509;513881387;SCNC014;87089235;FR;PT;10;EXW;11;3;;2,4;1;145;;FR46908024060;
INTRA-EX;202509;513881387;ECA1576-RD;84213100;FR;PT;10;EXW;11;3;;3;1;239;;FR80888340023;
INTRA-EX;202509;513881387;SVWC060;87089235;FR;PT;10;EXW;11;3;;10;1;383;;FR95817660202;
INTRA-EX;202509;513881387;E10-40-036-06-22;73202081;FR;PT;10;EXW;11;3;;9,1;1;178;;FR72493564538;
INTRA-EX;202509;513881387;AC-WS-NI-20;87088099;FR;PT;10;EXW;11;3;;1,6;2;112;;FR72493564538;
INTRA-EX;202509;513881387;AC-WS-HN-20;87088099;FR;PT;10;EXW;11;3;;2;2;112;;FR72493564538;
INTRA-EX;202509;513881387;IMS-8V8S-HFIS;87089997;FR;PT;10;EXW;11;3;;4,1;1;183;;FR90910847292;
INTRA-EX;202509;513881387;F2419P+F2417P;87082910;FR;PT;10;EXW;11;3;;1,2;1;668;;FR36942035684;
INTRA-EX;202509;513881387;KT4042;87082910;FR;PT;10;EXW;11;3;;0,9;1;828;;FR36942035684;
INTRA-EX;202509;513881387;FMINLH11-RED;40091100;FR;PT;10;EXW;11;3;;0,6;1;117;;FR25808471304;
INTRA-EX;202509;513881387;AC-500-CH-RD;40093100;FR;PT;10;EXW;11;3;;1,2;1;91;;FR25808471304;
INTRA-EX;202509;513881387;AC-500-AH-RD;40091100;FR;PT;10;EXW;11;3;;0,5;1;74;;FR25808471304;
INTRA-EX;202509;513881387;AC-500-THK-RD;40093100;FR;PT;10;EXW;11;3;;0,8;1;54;;FR25808471304;
INTRA-EX;202509;513881387;FMBH1-RED;40091100;FR;PT;10;EXW;11;3;;0,2;1;25;;FR25808471304;
INTRA-EX;202509;513881387;AC-500-TB;87089997;FR;PT;10;EXW;11;3;;0,3;1;52;;FR25808471304;
INTRA-EX;202509;513881387;JSK-123-RD;84213100;FR;PT;10;EXW;11;3;;2;1;204;;FR09800029712;
INTRA-EX;202509;513881387;10.127.203T;87089997;FR;PT;10;EXW;11;3;;0,1;1;14;;FR17979895877;
INTRA-EX;202509;513881387;AC-N54-CC;87089235;FR;PT;10;EXW;11;3;;1,7;1;97;;FR35504243288;
INTRA-EX;202509;513881387;SBW1010-6P-BK;87083091;FR;PT;10;EXW;11;3;;0,7;1;94;;FR35504243288;
INTRA-EX;202509;513881387;11427953129;84099100;FR;PT;10;EXW;11;3;;0,1;2;10;;FR35504243288;
INTRA-EX;202509;513881387;7M1397H-STD;40091100;FR;PT;10;EXW;11;3;;0,7;1;171;;FR35504243288;
INTRA-EX;202509;513881387;ATINTVAG10;87089199;FR;PT;10;EXW;11;3;;15,5;1;536;;FR90534154000;
INTRA-EX;202509;513881387;9-355-1025;84133080;FR;PT;10;EXW;11;3;;0,8;1;206;;FR90534154000;
INTRA-EX;202509;513881387;AC-180-DP;87089235;FR;PT;10;EXW;11;3;;8,3;1;209;;FR90534154000;
INTRA-EX;202509;513881387;CTS-CC-MK7TSI;84099100;FR;PT;10;EXW;11;3;;3;1;450;;FR84912296761;
INTRA-EX;202509;513881387;CTS-IT-500;40091100;FR;PT;10;EXW;11;3;;1,6;1;149;;FR09800029712;
INTRA-EX;202509;513881387;005EA14139;84099100;FR;PT;10;EXW;11;3;;2,4;1;368;;FR67880086418;
INTRA-EX;202509;513881387;FMDVK04S-MAC;84814090;FR;PT;10;EXW;11;3;;0,2;1;142;;FR58827883828;
INTRA-EX;202509;513881387;"TTE420 TFSI";84099100;FR;PT;10;EXW;11;3;;15,7;1;2137;;FR53884052614;
INTRA-EX;202509;513881387;CTS-HW-028;87089997;FR;PT;10;EXW;11;3;;0,4;2;164;;FR55823261680;
INTRA-EX;202509;513881387;SBMP087;87089997;FR;PT;10;EXW;11;3;;19;1;725;;FR08879651321;
INTRA-EX;202509;513881387;DBA53912SLVS-2;87089997;FR;PT;10;EXW;11;3;;24;1;1041;;FR23837486687;
INTRA-EX;202509;513881387;Z-1382491;87089997;FR;PT;10;EXW;11;3;;3,1;1;337;;FR23837486687;
INTRA-EX;202509;513881387;001394.999502;84836080;FR;PT;10;EXW;11;3;;6,7;1;673;;FR72812143675;
INTRA-EX;202509;513881387;VWR140011;87089235;FR;PT;10;EXW;11;3;;3;1;328;;FR23983366733;
INTRA-EX;202509;513881387;VWR143000;87089997;FR;PT;10;EXW;11;3;;14,9;1;1041;;FR23983366733;
INTRA-EX;202509;513881387;Z1003100-5;85111000;FR;PT;10;EXW;11;3;;0,3;1;135;;FR23983366733;
INTRA-EX;202509;513881387;AC-N54-CHA;87089997;FR;PT;10;EXW;11;3;;0,2;2;19;;FR35504243288;
INTRA-EX;202509;513881387;6B1584H-STD;40091100;FR;PT;10;EXW;11;3;;0,4;2;269;;FR35504243288;
INTRA-EX;202509;513881387;VWR150000;87089997;FR;PT;10;EXW;11;3;;0,2;1;136;;FR85939994109;
INTRA-EX;202509;513881387;AC-R56-IC;84198998;FR;PT;10;EXW;11;3;;10,5;1;296;;FR58891126567;
INTRA-EX;202509;513881387;SMNC011;87089235;FR;PT;10;EXW;11;3;;3;1;229;;FR58891126567;
INTRA-EX;202509;513881387;034-108-9003LP;87089997;FR;PT;10;EXW;11;3;;0,4;1;63;;QV999999999999;
INTRA-EX;202509;513881387;AC-MQB-IC;84198998;FR;PT;10;EXW;11;3;;16,3;1;584;;FR77537634776;
INTRA-EX;202509;513881387;002352.999502;84836080;FR;PT;10;EXW;11;3;;6,8;1;673;;FR82814999132;
INTRA-EX;202509;513881387;AC-8V5RS-DPHS;87089235;FR;PT;10;EXW;11;3;;13,1;1;674;;FR84750466617;
INTRA-EX;202509;513881387;MMOC-BRZ-13T;87089135;FR;PT;10;EXW;11;3;;5,4;1;742;;FR84813706058;
INTRA-EX;202509;513881387;32018-AZ010;84213100;FR;PT;10;EXW;11;3;;13;1;806;;FR85800015349;
INTRA-EX;202509;513881387;15009-AK004;84213100;FR;PT;10;EXW;11;3;;0,1;1;28;;FR85800015349;
INTRA-EX;202509;513881387;FMINT25;84198998;FR;PT;10;EXW;11;3;;13,7;1;954;;FR89530098268;
INTRA-EX;202509;513881387;DBA42676S-2;87089997;FR;PT;10;EXW;11;3;;25;1;381;;FR89841571961;
INTRA-EX;202509;513881387;DBA42677S-2;87089997;FR;PT;10;EXW;11;3;;21;1;349;;FR89841571961;
INTRA-EX;202509;513881387;SBW1170-4P-BK;87083091;FR;PT;10;EXW;11;3;;0,5;1;116;;FR89841571961;
INTRA-EX;202509;513881387;RBF600;27101999;FR;PT;10;EXW;11;3;;0,6;1;11;;FR89841571961;
INTRA-EX;202509;513881387;VWR180000;87089997;FR;PT;10;EXW;11;3;;0,1;1;18;;FR90833667108;
INTRA-EX;202509;513881387;AC-MK7-TO;87089997;FR;PT;10;EXW;11;3;;2,1;1;103;;FR90833667108;
INTRA-EX;202509;513881387;AC-MK7-TI;40091100;FR;PT;10;EXW;11;3;;1,3;1;129;;FR90833667108;
INTRA-EX;202509;513881387;MS100112;87089997;FR;PT;10;EXW;11;3;;0,3;1;48;;FR90833667108;
INTRA-EX;202509;513881387;Z1003100-4;85111000;FR;PT;10;EXW;11;3;;0,4;1;144;;FR90833667108;
INTRA-EX;202509;513881387;06J103600AFKIT;84099100;FR;PT;10;EXW;11;3;;2,5;1;59;;FR90833667108;
INTRA-EX;202509;513881387;06L253039C;87089997;FR;PT;10;EXW;11;3;;0,1;1;9;;FR90833667108;
INTRA-EX;202509;513881387;06L115466C;84213100;FR;PT;10;EXW;11;3;;0,2;1;7;;FR90833667108;
INTRA-EX;202509;513881387;1K0253144AE;87089997;FR;PT;10;EXW;11;3;;1;1;10;;FR90833667108;
INTRA-EX;202509;513881387;AC-200-PP;84198998;FR;PT;10;EXW;11;3;;0,5;1;98;;FR90833667108;
INTRA-EX;202509;513881387;AC-200-TP;40091100;FR;PT;10;EXW;11;3;;1,2;1;134;;FR90833667108;
INTRA-EX;202509;513881387;AC-200-IC;84198998;FR;PT;10;EXW;11;3;;11,9;1;476;;FR90833667108;
INTRA-EX;202509;513881387;SBMX102;87089235;FR;PT;10;EXW;11;3;;7,4;1;625;;FR91377571815;
INTRA-EX;202509;513881387;AC-B58-TP;40091100;FR;PT;10;EXW;11;3;;1,7;1;184;;FR91377571815;
INTRA-EX;202509;513881387;SILZKGR8B8S-6;85111000;FR;PT;10;EXW;11;3;;0,4;1;70;;FR91377571815;
INTRA-EX;202509;513881387;FMINDK44-FOAM;84213100;FR;PT;10;EXW;11;3;;3,3;1;318;;FR91853808350;
INTRA-EX;202509;513881387;ATINTVAG50;87089199;FR;PT;10;EXW;11;3;;10,3;1;642;;FR91853808350;
INTRA-EX;202509;513881387;VWR900001-4;84099100;FR;PT;10;EXW;11;3;;1,8;1;209;;FR91853808350;
INTRA-EX;202509;513881387;AC-MK7-MD;87089997;FR;PT;10;EXW;11;3;;0,4;1;79;;FR91853808350;
INTRA-EX;202509;513881387;AC-MK7-INLET;40091100;FR;PT;10;EXW;11;3;;0,3;1;80;;FR91853808350;
INTRA-EX;202509;513881387;001851.002558;84836080;FR;PT;10;EXW;11;3;;6,8;1;658;;FR92527935654;
INTRA-EX;202509;513881387;MS100192-4;84099100;FR;PT;10;EXW;11;3;;1,7;1;216;;FR92815251400;
INTRA-EX;202509;513881387;CI100054;40091100;FR;PT;10;EXW;11;3;;4,3;1;269;;FR92815251400;
INTRA-EX;202509;513881387;Z1003100-4;85111000;FR;PT;10;EXW;11;3;;0,4;1;144;;FR92815251400;
INTRA-EX;202509;513881387;AC-MQB-FD;87089997;FR;PT;10;EXW;11;3;;0,1;1;71;;FR92852993906;
INTRA-EX;202509;513881387;AC-MQB-IC;84198998;FR;PT;10;EXW;11;3;;16,3;1;584;;FR92852993906;
INTRA-EX;202509;513881387;R7437-8-4;84099100;FR;PT;10;EXW;11;3;;0,3;1;192;;FR92852993906;
INTRA-EX;202509;513881387;SAUP044;87089235;FR;PT;10;EXW;11;3;;11,2;1;513;;FR94327703922;
INTRA-EX;202509;513881387;AC-S63-IC;84198998;FR;PT;10;EXW;11;3;;12;1;719;;FR94843535469;
INTRA-EX;202509;513881387;AC-S63-TP;40091100;FR;PT;10;EXW;11;3;;1,4;1;161;;FR94843535469;
INTRA-EX;202509;513881387;AC-S63-DP;87089235;FR;PT;10;EXW;11;3;;5,9;1;413;;FR94843535469;
INTRA-EX;202509;513881387;AC-B9RS-DPHS;87089997;FR;PT;10;EXW;11;3;;6,6;1;638;;FR95849530522;
INTRA-EX;202509;513881387;001422.999502;84836080;FR;PT;10;EXW;11;3;;7;1;683;;FR96811318310;
INTRA-EX;202509;513881387;613182.654150;87089997;FR;PT;10;EXW;11;3;;0,5;1;75;;FR96811318310;
INTRA-EX;202509;513881387;ATINTMAZ05;84198998;FR;PT;10;EXW;11;3;;10,4;1;513;;FR96845021542;
INTRA-EX;202509;513881387;TS-0203-1009;40091100;FR;PT;10;EXW;11;3;;0,6;1;164;;FR96845021542;
INTRA-EX;202509;513881387;SP6063BLK;84213100;FR;PT;10;EXW;11;3;;2,3;1;294;;FR96845021542;
INTRA-EX;202509;513881387;Z1003100-5;85111000;FR;PT;10;EXW;11;3;;0,3;1;180;;FR56881616460;
INTRA-EX;202509;513881387;MS100192-5;84099100;FR;PT;10;EXW;11;3;;2,2;1;271;;FR56881616460;
INTRA-EX;202509;513881387;FMKT024-BLA;40093100;FR;PT;10;EXW;11;3;;1,5;1;246;;FR56881616460;
INTRA-EX;202509;513881387;034-106-3039;87089997;FR;PT;10;EXW;11;3;;0,2;1;384;;FR56881616460;
INTRA-EX;202509;513881387;VWR600360GUN;87141030;FR;PT;10;EXW;11;3;;55;1;1799;;FR56788432052;
INTRA-EX;202509;513881387;AC-200-IC;84198998;FR;PT;10;EXW;11;3;;11,9;1;476;;FR96322604471;
INTRA-EX;202509;513881387;AC-200K04-OT;87089997;FR;PT;10;EXW;11;3;;1,4;1;134;;FR96322604471;
INTRA-EX;202509;513881387;VWR120001;87089997;FR;PT;10;EXW;11;3;;0,1;1;8;;FR75853251791;
INTRA-EX;202509;513881387;COMBO-NOV-MQB;84213100;FR;PT;10;EXW;11;3;;5,5;1;529;;FR75853251791;
INTRA-EX;202509;513881387;VWR17G7R600;40091100;FR;PT;10;EXW;11;3;;0,2;1;65;;FR75853251791;
INTRA-EX;202509;513881387;20SE33020X-RD;87089997;FR;PT;10;EXW;11;3;;26,7;1;1295;;FR66847706686;
INTRA-EX;202509;513881387;VWR141000;87089997;FR;PT;10;EXW;11;3;;19;1;1049;;FR79889743548;
INTRA-EX;202509;513881387;GSM80-91AS3;8708803590;FR;PT;10;EXW;11;3;;26,5;1;905;;FR72794112151;
INTRA-EX;202509;513881387;ATINTVAG6;87089135;FR;PT;10;EXW;11;3;;12,7;1;709;;FR03839398906;
INTRA-EX;202509;513881387;JSK-111-70;84213100;FR;PT;10;EXW;11;3;;1,2;1;157;;FR03839398906;
INTRA-EX;202509;513881387;SAUX089;87089235;FR;PT;10;EXW;11;3;;11;1;1360;;FR29793777616;
INTRA-EX;202509;513881387;CTS-EXH-TP-0012;87089235;FR;PT;10;EXW;11;3;;4,8;1;674;;FR29831444559;
INTRA-EX;202509;513881387;VWR30G7GT;87088035;FR;PT;10;EXW;11;3;;25,5;1;892;;FR32827601808;
INTRA-EX;202509;513881387;FMDVMK7A-BLA;87089997;FR;PT;10;EXW;11;3;;0,6;1;229;;FR60843587288;
INTRA-EX;202509;513881387;COMBO-NOV-MQB;84213100;FR;PT;10;EXW;11;3;;5,5;1;529;;FR60843587288;
INTRA-EX;202509;513881387;FMINT4;87089997;FR;PT;10;EXW;11;3;;20,5;1;1380;;FR93901613281;
INTRA-EX;202509;513881387;GTHSB-5;87089997;FR;PT;10;EXW;11;3;;0,1;1;24;;FR93901613281;
INTRA-EX;202509;513881387;284780;;FR;PT;10;EXW;11;3;;0,1;1;822;;FR03828884494;
INTRA-EX;202509;513881387;043DQ14144;84099100;FR;PT;10;EXW;11;3;;2,5;1;544;;FR03828884494;
INTRA-EX;202509;513881387;4B1609H-STD;40091100;FR;PT;10;EXW;11;3;;0,5;1;53;;FR03828884494;
INTRA-EX;202509;513881387;VWR600360BLK;87141030;FR;PT;10;EXW;11;3;;55;1;1439;;FR29851163592;
INTRA-EX;202509;513881387;20SU33002-RD;87089997;FR;PT;10;EXW;11;3;;30;1;1302;;FR68818227837;
INTRA-EX;202509;513881387;BMF63Z;87088055;FR;PT;10;EXW;11;3;;5,7;1;208;;FR28824546048;
INTRA-EX;202509;513881387;BMR12Z;87088055;FR;PT;10;EXW;11;3;;2,1;1;208;;FR28824546048;
INTRA-EX;202509;513881387;GSM64-9USS2;87088020;FR;PT;10;EXW;11;3;;20;1;770;;FR28824546048;
INTRA-EX;202509;513881387;UR-TW2-323;87088055;FR;PT;10;EXW;11;3;;3;1;125;;FR28824546048;
INTRA-EX;202509;513881387;279947;87082910;FR;PT;10;EXW;11;3;;4,1;1;1296;;FR22892227505;
INTRA-EX;202509;513881387;ESR374WB;84213100;FR;PT;10;EXW;11;3;;3,9;1;296;;FR58910324516;
INTRA-EX;202509;513881387;AC-200-TP;40091100;FR;PT;10;EXW;11;3;;1,2;1;134;;FR58910324516;
INTRA-EX;202509;513881387;FMMD1;87089997;FR;PT;10;EXW;11;3;;0,7;1;127;;FR58910324516;
INTRA-EX;202509;513881387;AC-200-HS;87089997;FR;PT;10;EXW;11;3;;0,5;1;26;;FR58910324516;
INTRA-EX;202509;513881387;AC-200-IC;84198998;FR;PT;10;EXW;11;3;;11,9;1;476;;FR58910324516;
INTRA-EX;202509;513881387;VWR810005;87082990;FR;PT;10;EXW;11;3;;0,4;1;212;;FR64540045739;
INTRA-EX;202509;513881387;VWR810004;87088055;FR;PT;10;EXW;11;3;;0,7;1;245;;FR64540045739;
INTRA-EX;202509;513881387;VWR140006;87089235;FR;PT;10;EXW;11;3;;1,4;1;271;;FR64540045739;
INTRA-EX;202509;513881387;VWR810006;87089997;FR;PT;10;EXW;11;3;;1,5;1;343;;FR64540045739;
INTRA-EX;202509;513881387;CTS-HW-0420R-BK;87089997;FR;PT;10;EXW;11;3;;5;1;917;;FR21828177758;
INTRA-EX;202509;513881387;BKR8EIX-4;85111000;FR;PT;10;EXW;11;3;;0,3;1;51;;FR21828177758;
INTRA-EX;202509;513881387;06E898001-4;85111000;FR;PT;10;EXW;11;3;;1,5;1;122;;FR21828177758;
INTRA-EX;202509;513881387;AC-200-CFA-KIT;87089997;FR;PT;10;EXW;11;3;;0,1;1;38;;FR21828177758;
INTRA-EX;202509;513881387;VWR13G700;84099100;FR;PT;10;EXW;11;3;;3;1;762;;FR40844842138;
INTRA-EX;202509;513881387;5B7880H-STD;40091100;FR;PT;10;EXW;11;3;;0,3;1;65;;FR21914749676;
INTRA-EX;202509;513881387;044DW21143;84099100;FR;PT;10;EXW;11;3;;3,6;1;552;;FR21914749676;
INTRA-EX;202509;513881387;EVE-C7RS6-CF-INT;84213100;SI;PT;10;EXW;11;3;;6;1;1678;;SI84452412;
INTRA-EX;202509;513881387;CTS-IT-300R;84213100;SI;PT;10;EXW;11;3;;4,1;1;247;;SI84452412;
INTRA-EX;202509;513881387;SVWC039;87089235;PL;PT;10;EXW;11;3;;12,5;1;479;;PL8141683531;
INTRA-EX;202509;513881387;VWR420000;87089997;PL;PT;10;EXW;11;3;;2;1;159;;PL8141683531;
INTRA-EX;202509;513881387;CTS-IT-800;84213100;GR;PT;10;EXW;11;3;;4,3;1;247;;GREL802913609;
INTRA-EX;202509;513881387;VWR12G7R600FO;84213100;GR;PT;10;EXW;11;3;;0,5;1;86;;GREL802913609;
INTRA-EX;202509;513881387;FMHPRM-BLA;40091100;GR;PT;10;EXW;11;3;;3,5;1;136;;GREL802913609;
INTRA-EX;202509;513881387;FMBH4-RED;;GR;PT;10;EXW;11;3;;0,1;1;15;;GREL802913609;
INTRA-EX;202509;513881387;CTS-HW-0242;70102000;GR;PT;10;EXW;11;3;;0,5;1;52;;GREL802913609;
INTRA-EX;202509;513881387;10.127.1012K;84133080;BE;PT;10;EXW;11;3;;0,6;1;454;;BE0740963105;
INTRA-EX;202509;513881387;BKR7EIX;85111000;BE;PT;10;EXW;11;3;;0,1;8;68;;BE0740963105;
INTRA-EX;202509;513881387;BKR8EIX;85111000;BE;PT;10;EXW;11;3;;0,1;8;72;;BE0740963105;
INTRA-EX;202509;513881387;EVE-F9XM5M8-CHG;84212300;NL;PT;10;EXW;11;3;;1,2;1;472;;NL866996473B01;
INTRA-EX;202509;513881387;VWR630000;87141030;NL;PT;10;EXW;11;3;;1,9;1;114;;NL866996473B01;
INTRA-EX;202509;513881387;VWR160001;87089997;NL;PT;10;EXW;11;3;;0,4;1;86;;NL866996473B01;
INTRA-EX;202509;513881387;VWR12G7R600ITINLET;87089997;NL;PT;10;EXW;11;3;;0,4;4;401;;NL866996473B01;
INTRA-EX;202509;513881387;VWR810002;87089997;NL;PT;10;EXW;11;3;;0,5;1;56;;NL866996473B01;
INTRA-EX;202509;513881387;VWR17G7R600;40091100;NL;PT;10;EXW;11;3;;0,2;1;38;;NL866996473B01;
INTRA-EX;202509;513881387;AC-200-CFA;87089997;NL;PT;10;EXW;11;3;;0,1;4;65;;NL866996473B01;
INTRA-EX;202509;513881387;CTS-HW-0133;84099100;NL;PT;10;EXW;11;3;;0,5;1;119;;NL866860666B01;
INTRA-EX;202509;513881387;CTS-IGN-007;84099100;NL;PT;10;EXW;11;3;;0,3;1;29;;NL866860666B01;
INTRA-EX;202509;513881387;R7437-8;85111000;NL;PT;10;EXW;11;3;;0,1;1;34;;NL866860666B01;
INTRA-EX;202509;513881387;RF100029;84099100;NL;PT;10;EXW;11;3;;0,5;1;37;;NL866860666B01;
INTRA-EX;202509;513881387;06K103495AC;87089997;NL;PT;10;EXW;11;3;;0,6;1;17;;NL866860666B01;
INTRA-EX;202509;513881387;MS100210;85111000;NL;PT;10;EXW;11;3;;0,3;4;99;;NL866860666B01;
INTRA-EX;202509;513881387;MMFS-E46-01;84149000;NL;PT;10;EXW;11;3;;4,9;1;204;;NL866860666B01;
INTRA-EX;202509;513881387;216CLSDWAOT-R;87089997;NL;PT;10;EXW;11;3;;0,4;1;42;;NL866860666B01;
INTRA-EX;202509;513881387;EVE-F9XM5M8-CF-INT;84213100;NL;PT;10;EXW;11;3;;5,3;1;1571;;NL866996473B01;
INTRA-EX;202509;513881387;FMTIA1;87089997;NL;PT;10;EXW;11;3;;0,5;1;117;;NL866996473B01;
INTRA-EX;202509;513881387;AC-211-CFA;87089997;NL;PT;10;EXW;11;3;;0,1;1;16;;NL866996473B01;
INTRA-EX;202509;513881387;10.127.100K;84132000;NL;PT;10;EXW;11;3;;0,3;1;227;;NL866996473B01;
INTRA-EX;202509;513881387;R7437-8;85111000;NL;PT;10;EXW;11;3;;0,1;4;136;;NL866996473B01;
INTRA-EX;202509;513881387;VWR670006;87089235;NL;PT;10;EXW;11;3;;3;1;119;;NL866996473B01;
INTRA-EX;202509;513881387;VWR900001;85111000;NL;PT;10;EXW;11;3;;0,3;8;244;;NL866996473B01;
INTRA-EX;202509;513881387;8E0971824S-RD;84099100;NL;PT;10;EXW;11;3;;0,2;1;7;;NL866996473B01;
INTRA-EX;202509;513881387;VWR160001;87089997;NL;PT;10;EXW;11;3;;0,4;1;86;;NL866996473B01;
INTRA-EX;202509;513881387;VWR120001;87089997;NL;PT;10;EXW;11;3;;0,1;1;4;;NL866996473B01;
INTRA-EX;202509;513881387;VWR640012;87089997;NL;PT;10;EXW;11;3;;2,2;1;62;;NL866996473B01;
INTRA-EX;202509;513881387;VWR120010;40091100;NL;PT;10;EXW;11;3;;1,4;1;178;;NL866996473B01;
INTRA-EX;202509;513881387;VWR180000;87089997;NL;PT;10;EXW;11;3;;0,1;2;18;;NL866996473B01;
INTRA-EX;202509;513881387;VWR12G7R600ITBLA;84213100;NL;PT;10;EXW;11;3;;0,8;1;76;;NL866996473B01;
INTRA-EX;202509;513881387;VWR19G704;70102000;NL;PT;10;EXW;11;3;;0,1;2;98;;NL866996473B01;
INTRA-EX;202509;513881387;VWR19G703;70102000;NL;PT;10;EXW;11;3;;0,2;2;114;;NL866996473B01;
INTRA-EX;202509;513881387;FMVWQS;87089997;NL;PT;10;EXW;11;3;;0,7;1;71;;NL866996473B01;
INTRA-EX;202509;513881387;U5014;84099100;NL;PT;10;EXW;11;3;;0,3;4;86;;NL866860666B01;
INTRA-EX;202509;513881387;BKR7EIX;85111000;NL;PT;10;EXW;11;3;;0,1;4;34;;NL866860666B01;
INTRA-EX;202509;513881387;PF04;85444290;NL;PT;10;EXW;11;3;;0,2;1;156;;NL866860666B01;
INTRA-EX;202509;513881387;06K103495AC;87089997;NL;PT;10;EXW;11;3;;0,6;1;17;;NL866860666B01;
INTRA-EX;202509;513881387;Z1003101;85111000;NL;PT;10;EXW;11;3;;0,1;4;66;;NL866860666B01;
INTRA-EX;202509;513881387;AC-R56-TB;87089997;NL;PT;10;EXW;11;3;;0,4;1;39;;NL866860666B01;
INTRA-EX;202509;513881387;AC-300-CP;84099100;IT;PT;10;EXW;11;3;;0,3;4;47;;IT12072620011;
INTRA-EX;202509;513881387;SILFER8C7ES;85111000;IT;PT;10;EXW;11;3;;0,1;8;84;;IT12072620011;
INTRA-EX;202509;513881387;EVE-GXXB58-CF-INT;84213100;IT;PT;10;EXW;11;3;;7;1;999;;IT04227541200;
INTRA-EX;202509;513881387;10.127.203K;84132000;IT;PT;10;EXW;11;3;;0,3;1;227;;IT08839490011;
INTRA-EX;202509;513881387;10.127.203T;87089997;IT;PT;10;EXW;11;3;;0,1;1;10;;IT08839490011;
INTRA-EX;202509;513881387;EUPD4002112R;84099100;IT;PT;10;EXW;11;3;;1,4;1;547;;IT08839490011;
INTRA-EX;202509;513881387;EVE-EA8884-GTI-INT;84213100;IT;PT;10;EXW;11;3;;4,6;1;999;;IT08839490011;
INTRA-EX;202509;513881387;U5014;84099100;IT;PT;10;EXW;11;3;;0,3;8;173;;IT08839490011;
INTRA-EX;202509;513881387;MMHOSE-CTR-17BK;40093100;IT;PT;10;EXW;11;3;;0,7;1;84;;IT08839490011;
INTRA-EX;202509;513881387;MMRAD-CTR-17;87089135;IT;PT;10;EXW;11;3;;11,4;1;369;;IT08839490011;
INTRA-EX;202509;513881387;"TTE490 G4KH";84099100;IT;PT;10;EXW;11;3;;10,8;1;2016;;IT02710790060;
INTRA-EX;202509;513881387;SFDC087;87089235;IT;PT;10;EXW;11;3;;9,5;1;304;;IT03656931205;
INTRA-EX;202509;513881387;CI100039;40091100;IT;PT;10;EXW;11;3;;2;1;200;;IT02710790060;
INTRA-EX;202509;513881387;CTS-HW-455;87089997;IT;PT;10;EXW;11;3;;1,4;1;134;;IT03656931205;
INTRA-EX;202509;513881387;CTS-HW-455;87089997;IT;PT;10;EXW;11;3;;1,4;1;134;;IT02710790060;
INTRA-EX;202509;513881387;EVE-TRB8V8S-LHD-NIL;85111000;IT;PT;10;EXW;11;3;;1,7;1;428;;IT02710790060;
INTRA-EX;202509;513881387;EVE-TRB8V8S-FLG-STK;85111000;IT;PT;10;EXW;11;3;;0,2;1;35;;IT02710790060;
INTRA-EX;202509;513881387;ARMABZA450S-A;84213100;IT;PT;10;EXW;11;3;;3;1;464;;IT02710790060;
INTRA-EX;202509;513881387;AC-8V5RS-DPHS;87089235;IT;PT;10;EXW;11;3;;13,1;1;375;;IT12072620011;
INTRA-EX;202509;513881387;WB-427;84213100;IT;PT;10;EXW;11;3;;0,3;3;101;;IT04149040232;
INTRA-EX;202509;513881387;CLK-2;84213100;IT;PT;10;EXW;11;3;;1;1;21;;IT04149040232;
INTRA-EX;202509;513881387;AC-211-OT;84198998;IT;PT;10;EXW;11;3;;1,3;1;64;;IT04149040232;
INTRA-EX;202509;513881387;30-3300;87089997;IT;PT;10;EXW;11;3;;4,9;1;399;;IT04149040232;
INTRA-EX;202509;513881387;AC-211-TP;40091100;IT;PT;10;EXW;11;3;;3;1;71;;IT04149040232;
INTRA-EX;202509;513881387;AC-S55-DP;87089235;ES;PT;10;EXW;11;3;;5,2;1;277;;ES79062101S;
INTRA-EX;202509;513881387;VWR180004;87089997;ES;PT;10;EXW;11;3;;0,1;2;53;;ESB42954230;
INTRA-EX;202509;513881387;FMKC005-BLA;40093100;ES;PT;10;EXW;11;3;;1,4;1;154;;ESB42954230;
INTRA-EX;202509;513881387;VWR1200R600E;84213100;ES;PT;10;EXW;11;3;;4,9;1;309;;ESB42954230;
INTRA-EX;202509;513881387;CTS-IT-220R;84213100;ES;PT;10;EXW;11;3;;4,5;2;494;;ESB42954230;
INTRA-EX;202509;513881387;FMPCVD1;87089997;ES;PT;10;EXW;11;3;;0,3;1;69;;ESB42954230;
INTRA-EX;202509;513881387;Z1003100;85111000;ES;PT;10;EXW;11;3;;0,1;12;298;;ESB42954230;
INTRA-EX;202509;513881387;VWR12G7R600ITBLA;84213100;ES;PT;10;EXW;11;3;;0,8;3;229;;ESB42954230;
INTRA-EX;202509;513881387;VWR12G7R600ITINLET;87089997;ES;PT;10;EXW;11;3;;0,4;3;300;;ESB42954230;
INTRA-EX;202509;513881387;VWR160001;87089997;ES;PT;10;EXW;11;3;;0,4;3;257;;ESB42954230;
INTRA-EX;202509;513881387;FMFSITAT-BLK;87089997;ES;PT;10;EXW;11;3;;0,7;2;350;;ESB42954230;
INTRA-EX;202509;513881387;MMHOSE-370Z-09AIBK;40091100;ES;PT;10;EXW;11;3;;1,7;1;83;;ESB66283003;
INTRA-EX;202509;513881387;SBMP087;87089997;ES;PT;10;EXW;11;3;;19;1;523;;ESB44699973;
INTRA-EX;202509;513881387;PP1994;84213100;ES;PT;10;EXW;11;3;;1,9;1;64;;ESB19781145;
INTRA-EX;202509;513881387;UR-RE2-072;87088055;ES;PT;10;EXW;11;3;;2,5;1;68;;ESB19781145;
INTRA-EX;202509;513881387;UR-TW2-071;87088055;ES;PT;10;EXW;11;3;;2;1;68;;ESB19781145;
INTRA-EX;202509;513881387;PP1221;84213100;ES;PT;10;EXW;11;3;;0,5;1;20;;ESB19781145;
INTRA-EX;202509;513881387;ILZKBR7B8G;85111000;ES;PT;10;EXW;11;3;;0,1;4;34;;ESB19781145;
INTRA-EX;202509;513881387;AC-300-CP;84099100;ES;PT;10;EXW;11;3;;0,3;6;71;;ESB19781145;
INTRA-EX;202509;513881387;BKR8EIX;85111000;ES;PT;10;EXW;11;3;;0,1;4;36;;ESB94171030;
INTRA-EX;202509;513881387;MS100210;85111000;ES;PT;10;EXW;11;3;;0,3;8;199;;ESB94171030;
INTRA-EX;202509;513881387;FMPCVD1;87089997;ES;PT;10;EXW;11;3;;0,3;1;69;;ESB42954230;
INTRA-EX;202509;513881387;CTS-TM-MQB-60D;87089235;ES;PT;10;EXW;11;3;;2,5;1;89;;ESB42954230;
INTRA-EX;202509;513881387;CTS-EM-MQB-60D;87089235;ES;PT;10;EXW;11;3;;1,5;1;89;;ESB42954230;
INTRA-EX;202509;513881387;VWR17G7R600;40091100;ES;PT;10;EXW;11;3;;0,2;2;76;;ESB42954230;
INTRA-EX;202509;513881387;PF05;90262020;ES;PT;10;EXW;11;3;;0,2;1;170;;ESB42954230;
INTRA-EX;202509;513881387;KLC202;87088035;ES;PT;10;EXW;11;3;;1;1;100;;ESB42954230;
INTRA-EX;202509;513881387;KLC167A;87088055;ES;PT;10;EXW;11;3;;1,4;1;100;;ESB42954230;
INTRA-EX;202509;513881387;KCA472;87088035;ES;PT;10;EXW;11;3;;2;1;160;;ESB42954230;
INTRA-EX;202509;513881387;VWR1200R601E;84213100;ES;PT;10;EXW;11;3;;4,9;1;338;;ESB42954230;
INTRA-EX;202509;513881387;BKR7EIX;85111000;ES;PT;10;EXW;11;3;;0,1;4;34;;ES44719365M;
INTRA-EX;202509;513881387;S-TY/T/3;87089235;ES;PT;10;EXW;11;3;;13;1;2137;;ES41572866k;
INTRA-EX;202509;513881387;10.127.101K;84133080;FR;PT;10;EXW;11;3;;0,3;1;227;;FR82530667591;
INTRA-EX;202509;513881387;EVE-S58-CF-STR;87088055;FR;PT;10;EXW;11;3;;6,1;1;1462;;FR82530667591;
INTRA-EX;202509;513881387;EVE-G8XM-CF-ENG;84213100;FR;PT;10;EXW;11;3;;4,2;1;675;;FR82530667591;
INTRA-EX;202509;513881387;EVE-G8XMV2-CF-INT;84213100;FR;PT;10;EXW;11;3;;7,7;1;1987;;FR82530667591;
INTRA-EX;202509;513881387;SBMP081;87089235;FR;PT;10;EXW;11;3;;11,3;1;271;;FR82530667591;
INTRA-EX;202509;513881387;6B1584H-STD;40091100;FR;PT;10;EXW;11;3;;0,4;1;107;;FR35504243288;
INTRA-EX;202509;513881387;11127565286;84836080;FR;PT;10;EXW;11;3;;0,4;3;18;;FR35504243288;
INTRA-EX;202509;513881387;CTS-IGN-009;84099100;FR;PT;10;EXW;11;3;;0,3;6;155;;FR35504243288;
INTRA-EX;202509;513881387;CTS-IGN-008;84099100;FR;PT;10;EXW;11;3;;0,3;12;359;;FR35504243288;
INTRA-EX;202509;513881387;FMINDK45-PLEATED;84213100;PL;PT;10;EXW;11;3;;6,2;1;169;;PL6972395288;
INTRA-EX;202509;513881387;SP-201;32081090;GR;PT;10;EXW;11;3;;0,5;2;32;;GREL802913609;
INTRA-EX;202509;513881387;CTS-EXH-DP-0014;87089997;GR;PT;10;EXW;11;3;;6;1;337;;GREL802913609;
INTRA-EX;202509;513881387;5M7788H-STD;40091100;GR;PT;10;EXW;11;3;;0,2;2;164;;GREL802913609;
INTRA-EX;202509;513881387;PF04;85444290;GR;PT;10;EXW;11;3;;0,2;1;156;;GREL163940830;
INTRA-EX;202509;513881387;HX-N-00;87089997;GR;PT;10;EXW;11;3;;5,6;1;1046;;GREL163940830;
INTRA-EX;202509;513881387;AC-MK8-DP;87089235;GR;PT;10;EXW;11;3;;8,3;1;155;;GREL802913609;
INTRA-EX;202509;513881387;BSF20Z;87088055;GR;PT;10;EXW;11;3;;4,1;1;143;;GREL802913609;
INTRA-EX;202509;513881387;BSR20XZ;87088055;GR;PT;10;EXW;11;3;;5,1;1;122;;GREL802913609;
INTRA-EX;202509;513881387;10.127.203K;84132000;NL;PT;10;EXW;11;3;;0,3;1;227;;NL866860666B01;
INTRA-EX;202509;513881387;CTS-IGN-009;84099100;NL;PT;10;EXW;11;3;;0,3;6;155;;NL866860666B01;
INTRA-EX;202509;513881387;CTS-EXH-TP-0007;87089235;NL;PT;10;EXW;11;3;;3;1;112;;NL866860666B01;
INTRA-EX;202509;513881387;CTS-IGN-007;84099100;IT;PT;10;EXW;11;3;;0,3;5;149;;IT12072620011;
INTRA-EX;202509;513881387;AC-300-CP;84099100;IT;PT;10;EXW;11;3;;0,3;4;47;;IT12072620011;
INTRA-EX;202509;513881387;AC-BMB-CP;85111000;IT;PT;10;EXW;11;3;;0,6;6;74;;IT12072620011;
INTRA-EX;202509;513881387;AC-200-PCVD;87089997;IT;PT;10;EXW;11;3;;0,5;1;32;;IT12072620011;
INTRA-EX;202509;513881387;ARMAGOLF7G-A;84213100;IT;PT;10;EXW;11;3;;5;1;707;;IT12072620011;
INTRA-EX;202509;513881387;SAU0436-4P-RD;87083091;IT;PT;10;EXW;11;3;;0,5;1;51;;IT12072620011;
INTRA-EX;202509;513881387;AC-N55-TP;40091100;IT;PT;10;EXW;11;3;;1,7;1;107;;IT02710790060;
INTRA-EX;202509;513881387;SBW1176-4P-BK;87083091;IT;PT;10;EXW;11;3;;0,5;1;63;;IT12072620011;
INTRA-EX;202509;513881387;CTS-IT-220R;84213100;IT;PT;10;EXW;11;3;;4,5;1;247;;IT04227541200;
INTRA-EX;202509;513881387;AC-UNI-WD;87089997;IT;PT;10;EXW;11;3;;0,2;5;39;;IT04227541200;
INTRA-EX;202509;513881387;10.127.203K;84132000;IT;PT;10;EXW;11;3;;0,3;2;454;;IT04227541200;
INTRA-EX;202509;513881387;EVE-EA8884-GTI-INT;84213100;IT;PT;10;EXW;11;3;;4,6;1;999;;IT04227541200;
INTRA-EX;202509;513881387;E90-75-017-05-22;73202081;ES;PT;10;EXW;11;3;;22,7;1;793;;ES78537093m;
INTRA-EX;202509;513881387;FMDVC200A-RED;87089997;ES;PT;10;EXW;11;3;;0,8;1;179;;ES78537093m;
INTRA-EX;202509;513881387;DILKAR7C9H-4;85111000;ES;PT;10;EXW;11;3;;0,3;1;52;;ES78537093m;
INTRA-EX;202509;513881387;SRN0481-4C-RD;87083091;ES;PT;10;EXW;11;3;;0,5;1;90;;ES78537093m;
INTRA-EX;202509;513881387;FMKTRC-RED;40091100;ES;PT;10;EXW;11;3;;1,7;1;192;;ES78537093m;
INTRA-EX;202509;513881387;UR-AR12-529;87088055;ES;PT;10;EXW;11;3;;3,1;1;174;;ES78537093m;
INTRA-EX;202509;513881387;UR-TW2-3212;87088055;ES;PT;10;EXW;11;3;;3,2;1;123;;ES78537093m;
INTRA-EX;202509;513881387;MMHOSE-TINY-07BL;40091100;ES;PT;10;EXW;11;3;;2,5;1;145;;ES18062887K;
INTRA-EX;202509;513881387;CTS-TM-MK4-60D;87089235;ES;PT;10;EXW;11;3;;2;1;89;;ES18062887K;
INTRA-EX;202509;513881387;UR-TW2-339;87088055;ES;PT;10;EXW;11;3;;2,1;1;74;;ES18062887K;
INTRA-EX;202509;513881387;SFD067;87089235;ES;PT;10;EXW;11;3;;25;1;503;;ES33558767L;
INTRA-EX;202509;513881387;VWR13G700;84099100;ES;PT;10;EXW;11;3;;3;1;468;;ESB42954230;
INTRA-EX;202509;513881387;VWR13G700RFK;87089997;ES;PT;10;EXW;11;3;;0,5;1;46;;ESB42954230;
INTRA-EX;202509;513881387;AC-180-CPA;87089997;ES;PT;10;EXW;11;3;;0,5;1;29;;ESB42954230;
INTRA-EX;202509;513881387;VWR11G815;84213100;ES;PT;10;EXW;11;3;;0,4;2;124;;ESB42954230;
INTRA-EX;202509;513881387;ILFR6B;85111000;ES;PT;10;EXW;11;3;;0,1;5;39;;ESB42954230;
INTRA-EX;202509;513881387;CTS-TM-MQB-60D;87089235;ES;PT;10;EXW;11;3;;2,5;1;89;;ESB42954230;
INTRA-EX;202509;513881387;CTS-EM-MQB-60D;87089235;ES;PT;10;EXW;11;3;;1,5;1;89;;ESB42954230;
INTRA-EX;202509;513881387;VWR1200R601E;84213100;ES;PT;10;EXW;11;3;;4,9;1;338;;ESB42954230;
INTRA-EX;202509;513881387;CTS-IT-255R-2;87089135;ES;PT;10;EXW;11;3;;8;1;284;;ES44719365M;
INTRA-EX;202509;513881387;VWR900001;85111000;ES;PT;10;EXW;11;3;;0,3;4;122;;ES50902109G;
INTRA-EX;202509;513881387;SILFER8C7ES;85111000;ES;PT;10;EXW;11;3;;0,1;4;42;;ES50902109G;
INTRA-EX;202509;513881387;KLC163;87088035;ES;PT;10;EXW;11;3;;0,9;1;100;;ES38873546G;
INTRA-EX;202509;513881387;VWR150004;90269000;ES;PT;10;EXW;11;3;;0,4;1;73;;ES33558767L;
INTRA-EX;202509;513881387;SFT005;87089235;FR;PT;10;EXW;11;3;;22,1;1;548;;FR49984842823;
INTRA-EX;202509;513881387;ATINTFT3;87089199;FR;PT;10;EXW;11;3;;17,1;1;473;;FR49984842823;
INTRA-EX;202509;513881387;CTS-TR-0300RS;87089997;FR;PT;10;EXW;11;3;;13,1;1;1312;;FR35504243288;
INTRA-EX;202509;513881387;CTS-IGN-008;84099100;FR;PT;10;EXW;11;3;;0,3;6;179;;FR35504243288;
INTRA-EX;202509;513881387;EVE-F56-LCI-PL-INT;84213100;FR;PT;10;EXW;11;3;;4,8;1;714;;FR31895072130;
INTRA-EX;202509;513881387;ARMABM92M3-A;84213100;FR;PT;10;EXW;11;3;;5,2;1;800;;FR55524167806;
INTRA-EX;202509;513881387;FMKT135F20;87089997;FR;PT;10;EXW;11;3;;0,7;1;80;;FR35504243288;
INTRA-EX;202509;513881387;AC-N55-DPHS;87089235;FR;PT;10;EXW;11;3;;2,5;1;162;;FR35504243288;
INTRA-EX;202509;513881387;CTS-HW-455;87089997;FR;PT;10;EXW;11;3;;1,4;1;134;;FR35504243288;
INTRA-EX;202509;513881387;CTS-IGN-008;84099100;FR;PT;10;EXW;11;3;;0,3;6;179;;FR35504243288;
INTRA-EX;202509;513881387;CI100052-A;84213100;CZ;PT;10;EXW;11;3;;1,7;2;167;;CZ05681197;
INTRA-EX;202509;513881387;KTA252;87088035;CZ;PT;10;EXW;11;3;;7,5;1;441;;CZ05681197;
INTRA-EX;202509;513881387;CI100052;84213100;CZ;PT;10;EXW;11;3;;4,5;2;495;;CZ05681197;
INTRA-EX;202509;513881387;EVE-F9XM5M8-CF-INT;84213100;BE;PT;10;EXW;11;3;;5,3;1;1571;;BE0740963105;
INTRA-EX;202509;513881387;EVE-F9XM5M8-CHG;84212300;BE;PT;10;EXW;11;3;;1,2;1;472;;BE0740963105;
INTRA-EX;202509;513881387;EVE-N55V2-CF-INT;84213100;NL;PT;10;EXW;11;3;;5,1;1;985;;NL866996473B01;
INTRA-EX;202509;513881387;EVE-661-G2-FTR;84213100;NL;PT;10;EXW;11;3;;0,6;2;127;;NL866996473B01;
INTRA-EX;202509;513881387;EVE-FLC;87084099;NL;PT;10;EXW;11;3;;0,6;1;21;;NL866996473B01;
INTRA-EX;202509;513881387;VWR121000;84213100;NL;PT;10;EXW;11;3;;2;2;494;;NL866996473B01;
INTRA-EX;202509;513881387;VWR12P0GT;84213100;NL;PT;10;EXW;11;3;;2;1;256;;NL866996473B01;
INTRA-EX;202509;513881387;VWR800002;58109210;NL;PT;10;EXW;11;3;;0,1;2;14;;NL866996473B01;
INTRA-EX;202509;513881387;VWR12G7R600ITGREY;87089997;NL;PT;10;EXW;11;3;;0,9;1;76;;NL866996473B01;
INTRA-EX;202509;513881387;AC-211-CFA;87089997;NL;PT;10;EXW;11;3;;0,1;2;33;;NL866996473B01;
INTRA-EX;202509;513881387;VWR31G7GT;87088035;NL;PT;10;EXW;11;3;;8,5;1;161;;NL866996473B01;
INTRA-EX;202509;513881387;L-RECL3RS/1;;NL;PT;10;EXW;11;3;;15;1;243;;NL866860666B01;
INTRA-EX;202509;513881387;216BFWAEBOSM;90262020;NL;PT;10;EXW;11;3;;0,3;1;37;;NL866860666B01;
INTRA-EX;202509;513881387;216BFWAOPSM;90269000;NL;PT;10;EXW;11;3;;0,4;1;34;;NL866860666B01;
INTRA-EX;202509;513881387;216BFWAOTSM;90269000;NL;PT;10;EXW;11;3;;0,3;1;29;;NL866860666B01;
INTRA-EX;202509;513881387;CI100037;84213100;NL;PT;10;EXW;11;3;;2,4;1;399;;NL866860666B01;
INTRA-EX;202509;513881387;FRI-0186;84213100;NL;PT;10;EXW;11;3;;4,8;1;451;;NL866860666B01;
INTRA-EX;202509;513881387;CTS-HW-360;40091100;IT;PT;10;EXW;11;3;;1,4;1;224;;IT02710790060;
INTRA-EX;202509;513881387;U5014;84099100;IT;PT;10;EXW;11;3;;0,3;8;173;;IT14481871003;
INTRA-EX;202509;513881387;SILFER8C7ES;85111000;IT;PT;10;EXW;11;3;;0,1;16;168;;IT14481871003;
INTRA-EX;202509;513881387;10.127.203K;84132000;IT;PT;10;EXW;11;3;;0,3;3;682;;IT14481871003;
INTRA-EX;202509;513881387;IKR9J8;85111000;IT;PT;10;EXW;11;3;;0,4;8;77;;IT14481871003;
INTRA-EX;202509;513881387;MMIG-BMW-0206;85111000;IT;PT;10;EXW;11;3;;2;3;306;;IT04227541200;
INTRA-EX;202509;513881387;FMACVAG06;84099100;IT;PT;10;EXW;11;3;;0,6;1;114;;IT04227541200;
INTRA-EX;202509;513881387;ATMSHYU3;87089997;IT;PT;10;EXW;11;3;;1,6;1;256;;IT04227541200;
INTRA-EX;202509;513881387;PK424;84213100;IT;PT;10;EXW;11;3;;4,6;1;214;;IT04227541200;
INTRA-EX;202509;513881387;AC-45-DPCAT;87089235;IT;PT;10;EXW;11;3;;9,9;1;275;;IT02710790060;
INTRA-EX;202509;513881387;MS100210;85111000;IT;PT;10;EXW;11;3;;0,3;4;99;;IT12072620011;
INTRA-EX;202509;513881387;EVE-TRB8V8S-LHD-NIL;85111000;IT;PT;10;EXW;11;3;;1,7;1;428;;IT08839490011;
INTRA-EX;202509;513881387;EVE-EA8884-R-INT;84213100;IT;PT;10;EXW;11;3;;5;1;999;;IT08839490011;
INTRA-EX;202509;513881387;EVE-TRB8V8S-FLG-STK;85111000;IT;PT;10;EXW;11;3;;0,2;1;35;;IT08839490011;
INTRA-EX;202509;513881387;R7437-9;85111000;IT;PT;10;EXW;11;3;;0,1;12;435;;IT08839490011;
INTRA-EX;202509;513881387;R7437-8;85111000;IT;PT;10;EXW;11;3;;0,1;24;817;;IT08839490011;
INTRA-EX;202509;513881387;BBR38Z;85111000;ES;PT;10;EXW;11;3;;5;1;152;;ESB01715598;
INTRA-EX;202509;513881387;SSE0432-4P-BK;87083091;ES;PT;10;EXW;11;3;;0,5;2;153;;ES48924146H;
INTRA-EX;202509;513881387;FMDVMK7A-BLA;87089997;ES;PT;10;EXW;11;3;;0,6;1;164;;ESB42954230;
INTRA-EX;202509;513881387;VWR13G700;84099100;ES;PT;10;EXW;11;3;;3;2;936;;ESB42954230;
INTRA-EX;202509;513881387;VWR1200R601E;84213100;ES;PT;10;EXW;11;3;;4,9;1;338;;ESB42954230;
INTRA-EX;202509;513881387;VWR1200R600E;84213100;ES;PT;10;EXW;11;3;;4,9;1;309;;ESB42954230;
INTRA-EX;202509;513881387;VWR13G700RFK;87089997;ES;PT;10;EXW;11;3;;0,5;1;46;;ESB42954230;
INTRA-EX;202509;513881387;AC-180-CPA;87089997;ES;PT;10;EXW;11;3;;0,5;2;59;;ESB42954230;
INTRA-EX;202509;513881387;VWR17G7R600;40091100;ES;PT;10;EXW;11;3;;0,2;2;76;;ESB42954230;
INTRA-EX;202509;513881387;EVE-GR4-CF-ENG;84213100;ES;PT;10;EXW;11;3;;2,2;1;427;;ESB19296938;
INTRA-EX;202509;513881387;VWR160001;87089997;ES;PT;10;EXW;11;3;;0,4;1;86;;ES33551947F;
INTRA-EX;202509;513881387;VWR12G7R600ITINLET;87089997;ES;PT;10;EXW;11;3;;0,4;1;100;;ES33551947F;
INTRA-EX;202509;513881387;MMFS-350Z-03;84149000;ES;PT;10;EXW;11;3;;5,8;1;162;;ESB66283003;
INTRA-EX;202509;513881387;MMFS-WRX-01P;84149000;ES;PT;10;EXW;11;3;;5,4;1;170;;ESB66283003;
INTRA-EX;202509;513881387;VWR810002;87089997;ES;PT;10;EXW;11;3;;0,5;1;56;;ESB63132823;
INTRA-EX;202509;513881387;ATMSYGR23;84099100;ES;PT;10;EXW;11;3;;5;1;505;;ESB88553946;
INTRA-EX;202509;513881387;VWR49G700;87084099;ES;PT;10;EXW;11;3;;0,1;1;131;;ESB88553946;
INTRA-EX;202509;513881387;VWR12G7R600ITBLA;84213100;ES;PT;10;EXW;11;3;;0,8;1;76;;ESB88553946;
INTRA-EX;202509;513881387;CTS-IT-910;40091100;FR;PT;10;EXW;11;3;;1,9;1;142;;FR35504243288;
INTRA-EX;202509;513881387;EVE-S85-CF-PLM;84213100;FR;PT;10;EXW;11;3;;9;1;2036;;FR71791829385;
