FLUXO;PERIODO;NIF;REF;NC;PAIS;PORIGEM;REGIAO;CODENT;NATTRA;MODTRA;AERPOR;MASSA;UNSUP;VALFAC;"VAL ESTAT";ADQNIF;ERRO
INTRA-EX;202501;513881387;Z-335112;87089997;FR;PT;10;EXW;11;3;;2;1;153;;QV999999999999;
INTRA-EX;202501;513881387;Z-341225;87089997;FR;PT;10;EXW;11;3;;2,4;1;169;;QV999999999999;
INTRA-EX;202501;513881387;CTS-IT-800;84213100;EE;PT;10;EXW;11;3;;4,3;1;277;;QV999999999999;
INTRA-EX;202501;513881387;MS100208-4;84099100;ES;PT;10;EXW;11;3;;1,7;1;119;;QV999999999999;
INTRA-EX;202501;513881387;BBF46;87088055;SE;PT;10;EXW;11;3;;8,7;1;157;;QV999999999999;
INTRA-EX;202501;513881387;UR-AR23-485;87088055;SE;PT;10;EXW;11;3;;6,1;1;186;;QV999999999999;
INTRA-EX;202501;513881387;AC-N55-INLET;40091100;BE;PT;10;EXW;11;3;;1,4;1;104;;QV999999999999;
INTRA-EX;202501;513881387;SBMP105;87089997;BE;PT;10;EXW;11;3;;5;1;68;;QV999999999999;
INTRA-EX;202501;513881387;ATINTP&C4-BK;40091100;GR;PT;10;EXW;11;3;;1,7;1;143;;QV999999999999;
INTRA-EX;202501;513881387;50003-MR45XLZ-4;87089997;NL;PT;10;EXW;11;3;;0,3;1;82;;QV999999999999;
INTRA-EX;202501;513881387;SAUP087;87089997;PL;PT;10;EXW;11;3;;12,4;1;218;;PL8141683531;
INTRA-EX;202501;513881387;VWR13G700;84099100;DE;PT;10;EXW;11;3;;2,8;1;468;;DE181881308;
INTRA-EX;202501;513881387;VWR13G700RFK;87089997;DE;PT;10;EXW;11;3;;0,5;1;46;;DE181881308;
INTRA-EX;202501;513881387;PF04;85444290;DE;PT;10;EXW;11;3;;0,2;2;318;;DE181881308;
INTRA-EX;202501;513881387;PF05;90262020;DE;PT;10;EXW;11;3;;0,2;2;341;;DE181881308;
INTRA-EX;202501;513881387;VWR12G7R600ITBLA;84213100;HU;PT;10;EXW;11;3;;0,8;1;76;;HU25464285;
INTRA-EX;202501;513881387;AC-N54-IC;87089135;HU;PT;10;EXW;11;3;;11,5;1;214;;HU25464285;
INTRA-EX;202501;513881387;VWR12G7R601FO;84213100;HU;PT;10;EXW;11;3;;0,9;2;225;;HU25464285;
INTRA-EX;202501;513881387;SP-734;32081090;HU;PT;10;EXW;11;3;;0,5;2;25;;HU25464285;
INTRA-EX;202501;513881387;SP-139;;HU;PT;10;EXW;11;3;;0,1;1;13;;HU25464285;
INTRA-EX;202501;513881387;SP-124;32081090;HU;PT;10;EXW;11;3;;0,5;2;26;;HU25464285;
INTRA-EX;202501;513881387;MS100208;85111000;HU;PT;10;EXW;11;3;;0,3;4;99;;HU25464285;
INTRA-EX;202501;513881387;TS-0552-1012;87089997;HU;PT;10;EXW;11;3;;1,4;1;227;;HU25464285;
INTRA-EX;202501;513881387;TS-0204-1132;87089997;HU;PT;10;EXW;11;3;;0,5;1;185;;HU25464285;
INTRA-EX;202501;513881387;8E0971824S-RD;84099100;ES;PT;10;EXW;11;3;;0,2;1;14;;QV999999999999;
INTRA-EX;202501;513881387;EVO9204;84213100;FR;PT;10;EXW;11;3;;7,5;1;328;;QV999999999999;
INTRA-EX;202501;513881387;FMINDDS3-BK;;SE;PT;10;EXW;11;3;;0,1;1;127;;QV999999999999;
INTRA-EX;202501;513881387;CTS-IT-285;40091100;BE;PT;10;EXW;11;3;;0,3;1;82;;QV999999999999;
INTRA-EX;202501;513881387;VWR19G704;70102000;NL;PT;10;EXW;11;3;;0,1;2;98;;NL866996473B01;
INTRA-EX;202501;513881387;VWR19G707;84213100;NL;PT;10;EXW;11;3;;0,1;1;49;;NL866996473B01;
INTRA-EX;202501;513881387;VWR12G7R600ITINLET;87089997;NL;PT;10;EXW;11;3;;0,4;4;401;;NL866996473B01;
INTRA-EX;202501;513881387;VWR900002;85111000;NL;PT;10;EXW;11;3;;0,3;4;122;;NL866996473B01;
INTRA-EX;202501;513881387;VWR1210R601EG;84213100;NL;PT;10;EXW;11;3;;5,2;1;505;;NL866996473B01;
INTRA-EX;202501;513881387;VWR17G7R600;40091100;NL;PT;10;EXW;11;3;;0,2;3;114;;NL866996473B01;
INTRA-EX;202501;513881387;VWR120001;87089997;NL;PT;10;EXW;11;3;;0,1;2;9;;NL866996473B01;
INTRA-EX;202501;513881387;VWR19G711;84213100;NL;PT;10;EXW;11;3;;0,3;1;65;;NL866996473B01;
INTRA-EX;202501;513881387;VWR12G7R600ITBLA;84213100;NL;PT;10;EXW;11;3;;0,8;3;229;;NL866996473B01;
INTRA-EX;202501;513881387;VWR810002;87089997;NL;PT;10;EXW;11;3;;0,5;2;112;;NL866996473B01;
INTRA-EX;202501;513881387;VWR180004;87089997;NL;PT;10;EXW;11;3;;0,1;1;26;;NL866996473B01;
INTRA-EX;202501;513881387;VWR800000;58109210;NL;PT;10;EXW;11;3;;0,1;2;14;;NL866996473B01;
INTRA-EX;202501;513881387;EVE-8VRS3-CF-LHD-INT;84213100;NL;PT;10;EXW;11;3;;5,1;1;1235;;NL866996473B01;
INTRA-EX;202501;513881387;VWR160001;87089997;NL;PT;10;EXW;11;3;;0,4;3;257;;NL866996473B01;
INTRA-EX;202501;513881387;VWR800001;58109210;NL;PT;10;EXW;11;3;;0,1;2;14;;NL866996473B01;
INTRA-EX;202501;513881387;VWR180002;87089997;NL;PT;10;EXW;11;3;;0,1;1;21;;NL866996473B01;
INTRA-EX;202501;513881387;BKR7EIX;85111000;NL;PT;10;EXW;11;3;;0,1;12;103;;NL866996473B01;
INTRA-EX;202501;513881387;SILZKBR8D8S;85111000;NL;PT;10;EXW;11;3;;0,1;6;57;;NL866996473B01;
INTRA-EX;202501;513881387;R7437-8;85111000;NL;PT;10;EXW;11;3;;0,1;4;136;;NL866996473B01;
INTRA-EX;202501;513881387;BKR8EIX;85111000;NL;PT;10;EXW;11;3;;0,1;4;35;;NL866996473B01;
INTRA-EX;202501;513881387;EVE-F9XM5M8-CF-INT;84213100;PL;PT;10;EXW;11;3;;5,3;1;1571;;PL8141683531;
INTRA-EX;202501;513881387;216VWBWEOP270;90269000;ES;PT;10;EXW;11;3;;0,3;1;70;;QV999999999999;
INTRA-EX;202501;513881387;216VWBWWT270;87089997;ES;PT;10;EXW;11;3;;0,3;1;46;;QV999999999999;
INTRA-EX;202501;513881387;216VWBWOT270;90269000;ES;PT;10;EXW;11;3;;0,3;1;41;;QV999999999999;
INTRA-EX;202501;513881387;R7437-9-5;85111000;FR;PT;10;EXW;11;3;;0,3;1;208;;QV999999999999;
INTRA-EX;202501;513881387;AC-200-CH-RD;40093100;SE;PT;10;EXW;11;3;;1;1;118;;QV999999999999;
INTRA-EX;202501;513881387;AC-UNI-WD;87089997;SE;PT;10;EXW;11;3;;0,2;1;12;;QV999999999999;
INTRA-EX;202501;513881387;AC-VAG-ODP;70102000;SE;PT;10;EXW;11;3;;0,2;1;7;;QV999999999999;
INTRA-EX;202501;513881387;1K1819653B;84099100;SE;PT;10;EXW;11;3;;0,5;1;7;;QV999999999999;
INTRA-EX;202501;513881387;06D998907;87089997;SE;PT;10;EXW;11;3;;0,1;4;22;;QV999999999999;
INTRA-EX;202501;513881387;BKR8EIX-4;85111000;SE;PT;10;EXW;11;3;;0,3;1;40;;QV999999999999;
INTRA-EX;202501;513881387;AC-200-CAN-BK;40093100;SE;PT;10;EXW;11;3;;0,3;1;27;;QV999999999999;
INTRA-EX;202501;513881387;AC-200-TBH-RD;40093100;SE;PT;10;EXW;11;3;;0,2;1;17;;QV999999999999;
INTRA-EX;202501;513881387;FMMD6;87089997;BE;PT;10;EXW;11;3;;0,4;1;110;;QV999999999999;
INTRA-EX;202501;513881387;MS100192;85111000;NL;PT;10;EXW;11;3;;0,3;8;298;;NL866860666B01;
INTRA-EX;202501;513881387;FM225IND-RD;;ES;PT;10;EXW;11;3;;0,1;1;187;;QV999999999999;
INTRA-EX;202501;513881387;FMIND32A3-RD;;FR;PT;10;EXW;11;3;;0,1;1;259;;QV999999999999;
INTRA-EX;202501;513881387;EVE-2TFSI-CF-INT;84213100;NL;PT;10;EXW;11;3;;3,1;1;663;;NL866996473B01;
INTRA-EX;202501;513881387;MMEXH-MUS8-15XP;87089235;ES;PT;10;EXW;11;3;;8,7;1;189;;ES16824088W;
INTRA-EX;202501;513881387;AC-45-FU-BK;84213100;FR;PT;10;EXW;11;3;;2,7;1;112;;QV999999999999;
INTRA-EX;202501;513881387;MS100210-4;84099100;ES;PT;10;EXW;11;3;;1,7;1;119;;QV999999999999;
INTRA-EX;202501;513881387;BKR8EIX-4;85111000;ES;PT;10;EXW;11;3;;0,3;1;41;;QV999999999999;
INTRA-EX;202501;513881387;8E0971824S-BL;84099100;ES;PT;10;EXW;11;3;;0,2;1;18;;QV999999999999;
INTRA-EX;202501;513881387;CTS-HW-0090;84099100;NL;PT;10;EXW;11;3;;0,5;1;134;;NL866860666B01;
INTRA-EX;202501;513881387;BKR7EIX-4;84099100;ES;PT;10;EXW;11;3;;0,3;1;40;;QV999999999999;
INTRA-EX;202501;513881387;06E898001-4;85111000;ES;PT;10;EXW;11;3;;1,5;1;104;;QV999999999999;
INTRA-EX;202501;513881387;8E0971824S-RD;84099100;ES;PT;10;EXW;11;3;;0,2;1;14;;QV999999999999;
INTRA-EX;202501;513881387;10.127.100K;84132000;FR;PT;10;EXW;11;3;;0,3;1;314;;QV999999999999;
INTRA-EX;202501;513881387;VWR501001;87089997;NL;PT;10;EXW;11;3;;3,2;1;274;;NL866860666B01;
INTRA-EX;202501;513881387;053151.231031;84836080;ES;PT;10;EXW;11;3;;0,3;1;52;;QV999999999999;
INTRA-EX;202501;513881387;WSK-AUD001;87088055;FR;PT;10;EXW;11;3;;9,9;1;193;;FR84922221510;
INTRA-EX;202501;513881387;SAUC089;87089235;FR;PT;10;EXW;11;3;;10;1;748;;FR84922221510;
INTRA-EX;202501;513881387;PP1949;84213100;FR;PT;10;EXW;11;3;;0,7;1;38;;FR84922221510;
INTRA-EX;202501;513881387;SILFER8C7ES-5;85111000;FR;PT;10;EXW;11;3;;0,3;1;57;;FR84922221510;
INTRA-EX;202501;513881387;MS100192;85111000;NL;PT;10;EXW;11;3;;0,3;4;149;;NL866860666B01;
INTRA-EX;202501;513881387;ATMSREN9;87089997;ES;PT;10;EXW;11;3;;1;1;146;;QV999999999999;
INTRA-EX;202501;513881387;FMTIA4-RD;;ES;PT;10;EXW;11;3;;0,1;1;142;;QV999999999999;
INTRA-EX;202501;513881387;78198025;;FR;PT;10;EXW;11;3;;0,1;3;34;;QV999999999999;
INTRA-EX;202501;513881387;AC-200-EVAP;87089997;NL;PT;10;EXW;11;3;;0,3;1;13;;NL866860666B01;
INTRA-EX;202501;513881387;SVW1400-4P-RD;87083091;ES;PT;10;EXW;11;3;;0,5;1;65;;ES51777852E;
INTRA-EX;202501;513881387;E90-85-040-01-22;73202081;ES;PT;10;EXW;11;3;;20;1;491;;ES51777852E;
INTRA-EX;202501;513881387;E10-20-046-02-22;73202081;FR;PT;10;EXW;11;3;;11;1;212;;QV999999999999;
INTRA-EX;202501;513881387;AC-MK7-CP-5;84099100;ES;PT;10;EXW;11;3;;1,3;1;139;;QV999999999999;
INTRA-EX;202501;513881387;VWR180004;87089997;FR;PT;10;EXW;11;3;;0,1;1;38;;QV999999999999;
INTRA-EX;202501;513881387;R7437-8-4;84099100;FR;PT;10;EXW;11;3;;0,3;1;160;;QV999999999999;
INTRA-EX;202501;513881387;03K906051;90269000;FR;PT;10;EXW;11;3;;0,1;1;19;;QV999999999999;
INTRA-EX;202501;513881387;ACSP1;84099100;ES;PT;10;EXW;11;3;;0,5;1;22;;QV999999999999;
INTRA-EX;202501;513881387;503-N101;84213100;ES;PT;10;EXW;11;3;;0,4;1;29;;QV999999999999;
INTRA-EX;202501;513881387;AC-MK4-FU;87088055;FR;PT;10;EXW;11;3;;3,1;1;97;;QV999999999999;
INTRA-EX;202501;513881387;AC-MK7-INLET;40091100;ES;PT;10;EXW;11;3;;0,3;1;66;;QV999999999999;
INTRA-EX;202501;513881387;AC-MK7-MD;87089997;ES;PT;10;EXW;11;3;;0,4;1;65;;QV999999999999;
INTRA-EX;202501;513881387;UR-RL4-3215;87088055;FR;PT;10;EXW;11;3;;3,4;1;126;;QV999999999999;
INTRA-EX;202501;513881387;6B1584H-STD;40091100;ES;PT;10;EXW;11;3;;0,4;1;133;;QV999999999999;
INTRA-EX;202501;513881387;SBW1171-4P-BK;87083091;ES;PT;10;EXW;11;3;;0,5;1;83;;QV999999999999;
INTRA-EX;202501;513881387;KLC163;87088035;ES;PT;10;EXW;11;3;;0,9;1;120;;QV999999999999;
INTRA-EX;202501;513881387;KDT914;87088020;FR;PT;10;EXW;11;3;;0,4;1;23;;QV999999999999;
INTRA-EX;202501;513881387;AC-200-CFA-KIT;87089997;FR;PT;10;EXW;11;3;;0,1;1;32;;QV999999999999;
INTRA-EX;202501;513881387;SSE0250-4P-BK;87083091;ES;PT;10;EXW;11;3;;0,5;1;78;;QV999999999999;
INTRA-EX;202501;513881387;EVE-C7RS6-CF-INT;84213100;FR;PT;10;EXW;11;3;;6;1;1678;;FR26750353237;
INTRA-EX;202501;513881387;KDT957;87089997;ES;PT;10;EXW;11;3;;0,2;1;43;;QV999999999999;
INTRA-EX;202501;513881387;RE8C-L+RE9B-T;84099100;ES;PT;10;EXW;11;3;;0,3;1;104;;QV999999999999;
INTRA-EX;202501;513881387;VWR81G700;87088055;ES;PT;10;EXW;11;3;;2,6;1;319;;ES18062887K;
INTRA-EX;202501;513881387;SCEXVDM2;87089235;ES;PT;10;EXW;11;3;;1;1;32;;ESB67497925;
INTRA-EX;202501;513881387;SVWC051;87089235;ES;PT;10;EXW;11;3;;7,5;1;324;;ESB67497925;
INTRA-EX;202501;513881387;FMDVCS14R;87089997;ES;PT;10;EXW;11;3;;0,1;1;142;;ESA60479078;
INTRA-EX;202501;513881387;ATEXHFO6;87089235;ES;PT;10;EXW;11;3;;4,3;2;384;;ESA60479078;
INTRA-EX;202501;513881387;MMICP-RS-16CBK;40091100;ES;PT;10;EXW;11;3;;2,4;1;146;;ESA60479078;
INTRA-EX;202501;513881387;MMICP-RS-16HWBK;40093100;ES;PT;10;EXW;11;3;;4,5;1;165;;ESA60479078;
INTRA-EX;202501;513881387;MMINT-RS-16SL;84198998;ES;PT;10;EXW;11;3;;17;1;633;;ESA60479078;
INTRA-EX;202501;513881387;MMOC-RS-16TSL;87089135;ES;PT;10;EXW;11;3;;6;1;720;;ESA60479078;
INTRA-EX;202501;513881387;MMAI-RS-16WBL;87089910;ES;PT;10;EXW;11;3;;7,1;1;359;;ESA60479078;
INTRA-EX;202501;513881387;5B7880H-STD;40091100;ES;PT;10;EXW;11;3;;0,3;1;54;;ESA60479078;
INTRA-EX;202501;513881387;EVE-E46-INT;84213100;GR;PT;10;EXW;11;3;;3,5;1;696;;GREL156587530;
INTRA-EX;202501;513881387;ARMABZA450S-A;84213100;GR;PT;10;EXW;11;3;;2,6;1;464;;GREL156587530;
INTRA-EX;202501;513881387;71008-AK001;84814090;ES;PT;10;EXW;11;3;;1;1;176;;ESB96140132;
INTRA-EX;202501;513881387;FMINT15;84198998;ES;PT;10;EXW;11;3;;16,4;1;687;;ESB96140132;
INTRA-EX;202501;513881387;10.127.100K;84132000;ES;PT;10;EXW;11;3;;0,3;1;314;;ESB34154492;
INTRA-EX;202501;513881387;PF05;90262020;IT;PT;10;EXW;11;3;;0,2;1;170;;IT03656931205;
INTRA-EX;202501;513881387;KLC202;87088035;CZ;PT;10;EXW;11;3;;1;2;171;;CZ05681197;
INTRA-EX;202501;513881387;MS100192;85111000;CZ;PT;10;EXW;11;3;;0,3;5;186;;CZ05681197;
INTRA-EX;202501;513881387;Z1003100;85111000;CZ;PT;10;EXW;11;3;;0,1;4;99;;CZ05681197;
INTRA-EX;202501;513881387;Z1003100;85111000;LU;PT;10;EXW;11;3;;0,1;4;99;;LU28446117;
INTRA-EX;202501;513881387;BKR8EIX;85111000;ES;PT;10;EXW;11;3;;0,1;12;106;;ESB70550694;
INTRA-EX;202501;513881387;U5014;84099100;ES;PT;10;EXW;11;3;;0,3;7;149;;ESB70550694;
INTRA-EX;202501;513881387;SILZKFR8D7S;85111000;ES;PT;10;EXW;11;3;;0,2;7;52;;ESB70550694;
INTRA-EX;202501;513881387;VWR17G7R600;40091100;ES;PT;10;EXW;11;3;;0,2;2;76;;ESB70550694;
INTRA-EX;202501;513881387;VWR19G701;87089997;SI;PT;10;EXW;11;3;;0,2;1;51;;SI84452412;
INTRA-EX;202501;513881387;EVE-HCN-CF-INT;84213100;SI;PT;10;EXW;11;3;;5,6;1;1657;;SI84452412;
INTRA-EX;202501;513881387;PF05;90262020;IT;PT;10;EXW;11;3;;0,2;1;170;;IT03656931205;
INTRA-EX;202501;513881387;9-654-1025;84133080;IT;PT;10;EXW;11;3;;0,8;1;129;;IT03656931205;
INTRA-EX;202501;513881387;SKSB0-S3B00;7320909090;PL;PT;10;EXW;11;3;;10,5;1;153;;PL6972395288;
INTRA-EX;202501;513881387;PPF-3129;84213100;BE;PT;10;EXW;11;3;;0,4;1;42;;QV999999999999;
INTRA-EX;202501;513881387;FRI-0218;84213100;GR;PT;10;EXW;11;3;;4,1;1;492;;GREL156587530;
INTRA-EX;202501;513881387;EVE-A35-CF-CHG;84213100;IT;PT;10;EXW;11;3;;2,2;2;1071;;IT03813391202;
INTRA-EX;202501;513881387;EVE-A35-CF-INT;84213100;IT;PT;10;EXW;11;3;;4,2;2;1857;;IT03813391202;
INTRA-EX;202501;513881387;EVE-FK8-CF-INT;84213100;IT;PT;10;EXW;11;3;;5;1;1035;;IT03813391202;
INTRA-EX;202501;513881387;EVE-GR4-CF-ENG;84213100;PL;PT;10;EXW;11;3;;2,2;2;855;;PL8141683531;
INTRA-EX;202501;513881387;EVE-W210-FTR;84213100;PL;PT;10;EXW;11;3;;0,6;2;142;;PL8141683531;
INTRA-EX;202501;513881387;EVE-W192-FTR;84213100;PL;PT;10;EXW;11;3;;0,6;2;142;;PL8141683531;
INTRA-EX;202501;513881387;VWR12G7R600ITGREY;87089997;PL;PT;10;EXW;11;3;;0,9;1;76;;PL8141683531;
INTRA-EX;202501;513881387;VWR12G7R600ITRED;84213100;PL;PT;10;EXW;11;3;;0,8;1;76;;PL8141683531;
INTRA-EX;202501;513881387;VWR12G7R600ITBLU;84213100;PL;PT;10;EXW;11;3;;0,8;1;76;;PL8141683531;
INTRA-EX;202501;513881387;D650-0003;84099100;GR;PT;10;EXW;11;3;;0,3;8;185;;GREL156587530;
INTRA-EX;202501;513881387;SILZKBR8D8S;85111000;GR;PT;10;EXW;11;3;;0,1;8;76;;GREL156587530;
INTRA-EX;202501;513881387;VWR12P2GTG;84213100;IT;PT;10;EXW;11;3;;2,1;1;444;;IT03943631204;
INTRA-EX;202501;513881387;EUPD4003302R;84133020;IT;PT;10;EXW;11;3;;0,8;1;787;;IT03943631204;
INTRA-EX;202501;513881387;EUPD4004701R;84099100;IT;PT;10;EXW;11;3;;1,4;1;599;;IT03943631204;
INTRA-EX;202501;513881387;AC-200-CP;84099100;IT;PT;10;EXW;11;3;;0,3;12;164;;IT03943631204;
INTRA-EX;202501;513881387;R7437-9;85111000;IT;PT;10;EXW;11;3;;0,1;21;741;;IT03943631204;
INTRA-EX;202501;513881387;EVE-F8XMV2-CF-INT;84213100;BE;PT;10;EXW;11;3;;6,2;1;1794;;BE0740963105;
INTRA-EX;202501;513881387;TP-CT/47/RS;87089235;PL;PT;10;EXW;11;3;;2,9;1;1252;;PL6972395288;
INTRA-EX;202501;513881387;MMHOSE-GLF-99BK;40091100;GR;PT;10;EXW;11;3;;2,5;1;150;;GREL156587530;
INTRA-EX;202501;513881387;MS100192;85111000;IT;PT;10;EXW;11;3;;0,3;21;784;;IT03813391202;
INTRA-EX;202501;513881387;CI100054;40091100;IT;PT;10;EXW;11;3;;4,3;1;187;;IT03813391202;
INTRA-EX;202501;513881387;CI100033-B;87089235;IT;PT;10;EXW;11;3;;1;2;332;;IT03813391202;
INTRA-EX;202501;513881387;Z1003100;85111000;IT;PT;10;EXW;11;3;;0,1;21;522;;IT03813391202;
INTRA-EX;202501;513881387;SBW1176-4P-BK;87083091;BE;PT;10;EXW;11;3;;0,5;2;126;;BE0740963105;
INTRA-EX;202501;513881387;SVW0630-4P-BK;87083091;BE;PT;10;EXW;11;3;;0,5;2;126;;BE0740963105;
INTRA-EX;202501;513881387;EVE-661-G2-FTR;84213100;BE;PT;10;EXW;11;3;;0,6;2;127;;BE0740963105;
INTRA-EX;202501;513881387;VWR12G7R600OS;84213100;PL;PT;10;EXW;11;3;;0,3;1;21;;PL6972395288;
INTRA-EX;202501;513881387;D650-0003;84099100;GR;PT;10;EXW;11;3;;0,3;8;185;;GREL156587530;
INTRA-EX;202501;513881387;AC-MK7-MD;87089997;IT;PT;10;EXW;11;3;;0,4;1;43;;IT04146110160;
INTRA-EX;202501;513881387;SVWC060;87089235;BE;PT;10;EXW;11;3;;10;1;263;;BE0670639687;
INTRA-EX;202501;513881387;EVE-FX34M-V2-INT;84213100;PL;PT;10;EXW;11;3;;5,9;1;999;;PL6972395288;
INTRA-EX;202501;513881387;SAUP044;87089235;GR;PT;10;EXW;11;3;;11,2;1;308;;GREL156587530;
INTRA-EX;202501;513881387;MMFS-B4-90;84149000;IT;PT;10;EXW;11;3;;5,3;1;139;;IT02710790060;
INTRA-EX;202501;513881387;MMRAD-B4-90;87089135;IT;PT;10;EXW;11;3;;10,4;1;196;;IT02710790060;
INTRA-EX;202501;513881387;R7438-9;85111000;BE;PT;10;EXW;11;3;;0,1;10;333;;BE0670639687;
INTRA-EX;202501;513881387;MMSD-G80-21WBK;87089135;PL;PT;10;EXW;11;3;;4,8;1;269;;PL6972395288;
INTRA-EX;202501;513881387;mmai-cla45-14bk;84213100;GR;PT;10;EXW;11;3;;4,1;1;255;;GREL156587530;
INTRA-EX;202501;513881387;AC-200-QS;87089997;NL;PT;10;EXW;11;3;;0,5;1;49;;NL866860666B01;
INTRA-EX;202501;513881387;R01-10-2;40091100;IT;PT;10;EXW;11;3;;0,1;1;64;;IT03656931205;
INTRA-EX;202501;513881387;EVE-G8XMV2-CF-INT;84213100;PL;PT;10;EXW;11;3;;7,7;1;1987;;PL8141683531;
INTRA-EX;202501;513881387;SAUP087;87089997;GR;PT;10;EXW;11;3;;12,4;1;218;;GREL156587530;
INTRA-EX;202501;513881387;SILZKGR8B8S;85111000;NL;PT;10;EXW;11;3;;0,1;36;304;;NL866860666B01;
INTRA-EX;202501;513881387;MS100208;85111000;NL;PT;10;EXW;11;3;;0,3;3;74;;NL866860666B01;
INTRA-EX;202501;513881387;MS100210;85111000;NL;PT;10;EXW;11;3;;0,3;2;49;;NL866860666B01;
INTRA-EX;202501;513881387;AC-F56-IC;84198998;IT;PT;10;EXW;11;3;;14,1;1;214;;IT03656931205;
INTRA-EX;202501;513881387;Z1003100;85111000;PL;PT;10;EXW;11;3;;0,1;8;199;;PL8141683531;
INTRA-EX;202501;513881387;EVE-W210-FTR;84213100;PL;PT;10;EXW;11;3;;0,6;2;142;;PL8141683531;
INTRA-EX;202501;513881387;VWR19G701;87089997;PL;PT;10;EXW;11;3;;0,2;1;51;;PL8141683531;
INTRA-EX;202501;513881387;VWR190006;87089997;PL;PT;10;EXW;11;3;;0,2;1;59;;PL8141683531;
INTRA-EX;202501;513881387;ITGHYUNDAIi20NF;84213100;GR;PT;10;EXW;11;3;;3,1;1;297;;GREL156587530;
INTRA-EX;202501;513881387;VWR81G700;87088055;NL;PT;10;EXW;11;3;;2,6;1;319;;NL866996473B01;
INTRA-EX;202501;513881387;VWR520000;87089997;NL;PT;10;EXW;11;3;;0,7;1;133;;NL866996473B01;
INTRA-EX;202501;513881387;VWR810002;87089997;NL;PT;10;EXW;11;3;;0,5;2;112;;NL866996473B01;
INTRA-EX;202501;513881387;VWR12G7R600ITBLU;84213100;NL;PT;10;EXW;11;3;;0,8;1;76;;NL866996473B01;
INTRA-EX;202501;513881387;VWR12G7R600ITINLET;87089997;NL;PT;10;EXW;11;3;;0,4;1;100;;NL866996473B01;
INTRA-EX;202501;513881387;VWR12G7R600ITBLA;84213100;NL;PT;10;EXW;11;3;;0,8;1;76;;NL866996473B01;
INTRA-EX;202501;513881387;IKR9J8;85111000;NL;PT;10;EXW;11;3;;0,4;4;38;;NL866996473B01;
INTRA-EX;202501;513881387;SILZKBR8D8S;85111000;NL;PT;10;EXW;11;3;;0,1;16;152;;NL866996473B01;
INTRA-EX;202501;513881387;BKR7EIX;85111000;NL;PT;10;EXW;11;3;;0,1;16;137;;NL866996473B01;
INTRA-EX;202501;513881387;BKR8EIX;85111000;NL;PT;10;EXW;11;3;;0,1;10;88;;NL866996473B01;
INTRA-EX;202501;513881387;SBM092CF;87089235;IT;PT;10;EXW;11;3;;18;1;708;;IT02710790060;
INTRA-EX;202501;513881387;BWR24Z;87088055;GR;PT;10;EXW;11;3;;4,1;1;136;;GREL156587530;
INTRA-EX;202501;513881387;T50-10-1;87089997;NL;PT;10;EXW;11;3;;0,5;1;41;;NL866860666B01;
INTRA-EX;202501;513881387;D650-0003;84099100;IT;PT;10;EXW;11;3;;0,3;4;92;;IT02710790060;
INTRA-EX;202501;513881387;ITGHYUNDAIi20NF;84213100;IT;PT;10;EXW;11;3;;3,1;1;297;;IT02710790060;
INTRA-EX;202501;513881387;SME0465-4P-RD;87083091;IT;PT;10;EXW;11;3;;0,5;1;63;;IT02710790060;
INTRA-EX;202501;513881387;R7437-9;85111000;GR;PT;10;EXW;11;3;;0,1;16;564;;GREL156587530;
INTRA-EX;202501;513881387;AC-MK7-MD;87089997;IT;PT;10;EXW;11;3;;0,4;5;219;;IT14481871003;
INTRA-EX;202501;513881387;AC-MK7-INLET;40091100;IT;PT;10;EXW;11;3;;0,3;5;227;;IT14481871003;
INTRA-EX;202501;513881387;VWR12G7R601FO;84213100;IT;PT;10;EXW;11;3;;0,9;1;112;;IT14481871003;
INTRA-EX;202501;513881387;MS100208;85111000;IT;PT;10;EXW;11;3;;0,3;4;99;;IT14481871003;
INTRA-EX;202501;513881387;BKR8EIX;85111000;IT;PT;10;EXW;11;3;;0,1;16;142;;IT14481871003;
INTRA-EX;202501;513881387;VWR12G7R600ITINLET;87089997;IT;PT;10;EXW;11;3;;0,4;2;200;;IT14481871003;
INTRA-EX;202501;513881387;VWR12P0GT;84213100;NL;PT;10;EXW;11;3;;2;1;256;;NL866996473B01;
INTRA-EX;202501;513881387;PFR8S8EG;85111000;NL;PT;10;EXW;11;3;;0,2;6;59;;NL866996473B01;
INTRA-EX;202501;513881387;SILZKGR8C8S;85111000;NL;PT;10;EXW;11;3;;0,1;6;90;;NL866996473B01;
INTRA-EX;202501;513881387;BKR8EIX;85111000;NL;PT;10;EXW;11;3;;0,1;10;88;;NL866996473B01;
INTRA-EX;202501;513881387;AC-200-VRH-RD;40093100;GR;PT;10;EXW;11;3;;0,6;1;15;;GREL137646504;
INTRA-EX;202501;513881387;AC-200-FD;87089997;GR;PT;10;EXW;11;3;;0,5;1;32;;GREL137646504;
INTRA-EX;202501;513881387;AC-200-HS;87089997;GR;PT;10;EXW;11;3;;0,5;1;15;;GREL137646504;
INTRA-EX;202501;513881387;AC-200-TP;40091100;GR;PT;10;EXW;11;3;;1,2;1;73;;GREL137646504;
INTRA-EX;202501;513881387;AC-200-CP;84099100;GR;PT;10;EXW;11;3;;0,3;2;27;;GREL137646504;
INTRA-EX;202501;513881387;9-655-1025;84133080;GR;PT;10;EXW;11;3;;0,8;1;129;;GREL137646504;
INTRA-EX;202501;513881387;SP-204;32081090;GR;PT;10;EXW;11;3;;0,5;3;48;;GREL137646504;
INTRA-EX;202501;513881387;8E0971824S-BL;84099100;GR;PT;10;EXW;11;3;;0,2;2;20;;GREL137646504;
INTRA-EX;202501;513881387;HF-N-00;87089997;NL;PT;10;EXW;11;3;;5,6;1;911;;NL857445832B01;
INTRA-EX;202501;513881387;HF-FR-00;87089997;NL;PT;10;EXW;11;3;;1,5;1;84;;NL857445832B01;
INTRA-EX;202501;513881387;MMHOSE-S2K-00BK;40091100;NL;PT;10;EXW;11;3;;2;1;68;;NL857445832B01;
INTRA-EX;202501;513881387;MMTB-CIV-16;10;IT;PT;10;EXW;11;3;;0,6;1;108;;IT02710790060;
INTRA-EX;202501;513881387;UR-TW2-3744;87088055;IT;PT;10;EXW;11;3;;2,7;1;75;;IT02710790060;
INTRA-EX;202501;513881387;UR-TW2-305;84099100;IT;PT;10;EXW;11;3;;2,5;1;92;;IT02710790060;
INTRA-EX;202501;513881387;SHD0397-4C-RD;87083091;IT;PT;10;EXW;11;3;;0,5;1;92;;IT02710790060;
INTRA-EX;202501;513881387;AC-250-IP;84198998;IT;PT;10;EXW;11;3;;1,9;1;83;;IT02710790060;
INTRA-EX;202501;513881387;SFDC089;87089235;IT;PT;10;EXW;11;3;;3;1;204;;IT02710790060;
INTRA-EX;202501;513881387;U5055;85111000;IT;PT;10;EXW;11;3;;0,3;6;111;;IT02710790060;
INTRA-EX;202501;513881387;MS100234;87089997;FR;PT;10;EXW;11;3;;2,8;1;444;;FR82530667591;
INTRA-EX;202501;513881387;MS100208;85111000;GR;PT;10;EXW;11;3;;0,3;5;124;;GREL156587530;
INTRA-EX;202501;513881387;CTS-IT-255R;87089135;NL;PT;10;EXW;11;3;;8;1;284;;NL866860666B01;
INTRA-EX;202501;513881387;CTS-HW-408;84099100;NL;PT;10;EXW;11;3;;0,3;1;97;;NL866860666B01;
INTRA-EX;202501;513881387;CTS-HW-049;87089997;IT;PT;10;EXW;11;3;;0,3;1;22;;IT12034500012;
INTRA-EX;202501;513881387;VWR620005MM;87089997;IT;PT;10;EXW;11;3;;0,5;1;81;;IT12034500012;
INTRA-EX;202501;513881387;VWR120010;40091100;IT;PT;10;EXW;11;3;;1,4;2;357;;IT12034500012;
INTRA-EX;202501;513881387;VWR120003;87089997;IT;PT;10;EXW;11;3;;1,3;3;536;;IT12034500012;
INTRA-EX;202501;513881387;VWR160001;87089997;FR;PT;10;EXW;11;3;;0,4;1;86;;FR82530667591;
INTRA-EX;202501;513881387;VWR12G7R600ITINLET;87089997;FR;PT;10;EXW;11;3;;0,4;1;100;;FR82530667591;
INTRA-EX;202501;513881387;MMSD-G80-21WBK;87089135;GR;PT;10;EXW;11;3;;4,8;1;269;;GREL156587530;
INTRA-EX;202501;513881387;CLK-2;84213100;GR;PT;10;EXW;11;3;;1;1;21;;GREL156587530;
INTRA-EX;202501;513881387;SFD0122-4P-YE;87083091;GR;PT;10;EXW;11;3;;0,5;1;76;;GREL156587530;
INTRA-EX;202501;513881387;CTS-TR-1000;87089997;NL;PT;10;EXW;11;3;;10;1;599;;NL866996473B01;
INTRA-EX;202501;513881387;SAUC093;87089235;IT;PT;10;EXW;11;3;;11,5;1;320;;IT02710790060;
INTRA-EX;202501;513881387;VWR1200R600E;84213100;IT;PT;10;EXW;11;3;;4,9;1;309;;IT02710790060;
INTRA-EX;202501;513881387;VWR1200R600E;84213100;FR;PT;10;EXW;11;3;;4,9;1;309;;FR82530667591;
INTRA-EX;202501;513881387;MS100253;84213100;GR;PT;10;EXW;11;3;;3;1;674;;GREL156587530;
INTRA-EX;202501;513881387;AC-FIST7-QS;87089997;NL;PT;10;EXW;11;3;;0,3;1;24;;NL866860666B01;
INTRA-EX;202501;513881387;KLC242;87088055;IT;PT;10;EXW;11;3;;0,7;1;88;;IT03656931205;
INTRA-EX;202501;513881387;BKR8EIX;85111000;FR;PT;10;EXW;11;3;;0,1;16;142;;FR22892227505;
INTRA-EX;202501;513881387;STY0015-4P-BK;87083091;GR;PT;10;EXW;11;3;;0,5;1;51;;GREL156587530;
INTRA-EX;202501;513881387;CTS-IGN-008;84099100;NL;PT;10;EXW;11;3;;0,3;6;179;;NL866860666B01;
INTRA-EX;202501;513881387;AC-MK7-INLET;40091100;IT;PT;10;EXW;11;3;;0,3;10;455;;IT03813391202;
INTRA-EX;202501;513881387;AC-MK7-MD;87089997;IT;PT;10;EXW;11;3;;0,4;5;219;;IT03813391202;
INTRA-EX;202501;513881387;AC-MK7-IND-BK;40091100;IT;PT;10;EXW;11;3;;0,9;10;329;;IT03813391202;
INTRA-EX;202501;513881387;AC-MK7-DI.A;87089997;IT;PT;10;EXW;11;3;;0,1;1;21;;IT03813391202;
INTRA-EX;202501;513881387;AC-MK7-RL;87088055;IT;PT;10;EXW;11;3;;0,5;1;40;;IT03813391202;
INTRA-EX;202501;513881387;AC-MK7-CL;87088055;IT;PT;10;EXW;11;3;;1,3;1;50;;IT03813391202;
INTRA-EX;202501;513881387;SMNC010;87089235;IT;PT;10;EXW;11;3;;5,6;2;462;;IT03813391202;
INTRA-EX;202501;513881387;CI100033-B;87089235;IT;PT;10;EXW;11;3;;1;1;166;;IT03813391202;
INTRA-EX;202501;513881387;D650-0003;84099100;IT;PT;10;EXW;11;3;;0,3;12;278;;IT03813391202;
INTRA-EX;202501;513881387;MS100204;85111000;IT;PT;10;EXW;11;3;;0,3;7;261;;IT03813391202;
INTRA-EX;202501;513881387;MS100210;85111000;IT;PT;10;EXW;11;3;;0,3;6;149;;IT03813391202;
INTRA-EX;202501;513881387;9-654-1025;84133080;FR;PT;10;EXW;11;3;;0,8;2;259;;FR09904392206;
INTRA-EX;202501;513881387;CTS-IGN-008;84099100;GR;PT;10;EXW;11;3;;0,3;6;179;;GREL156587530;
INTRA-EX;202501;513881387;SILZKBR8D8S;85111000;GR;PT;10;EXW;11;3;;0,1;6;57;;GREL156587530;
INTRA-EX;202501;513881387;AC-MK7-DI.A;87089997;NL;PT;10;EXW;11;3;;0,1;1;21;;NL866860666B01;
INTRA-EX;202501;513881387;VWR1230S3;842131000;IT;PT;10;EXW;11;3;;3,5;1;371;;IT03002640732;
INTRA-EX;202501;513881387;VWR69G7KIT;87083091;IT;PT;10;EXW;11;3;;0,5;1;105;;IT03002640732;
INTRA-EX;202501;513881387;VWR31G8GT;87089997;IT;PT;10;EXW;11;3;;8,5;1;161;;IT03002640732;
INTRA-EX;202501;513881387;VWR810002;87089997;IT;PT;10;EXW;11;3;;0,5;1;56;;IT03002640732;
INTRA-EX;202501;513881387;VWR1200R601E;84213100;IT;PT;10;EXW;11;3;;4,9;1;338;;IT03002640732;
INTRA-EX;202501;513881387;VWR12A1S1;842131000;FR;PT;10;EXW;11;3;;2,8;1;309;;FR82530667591;
INTRA-EX;202501;513881387;MS100192;85111000;FR;PT;10;EXW;11;3;;0,3;4;149;;FR82530667591;
INTRA-EX;202501;513881387;SBW0500-4P-BK;87083091;GR;PT;10;EXW;11;3;;0,5;1;51;;GREL156587530;
INTRA-EX;202501;513881387;MS100192;85111000;NL;PT;10;EXW;11;3;;0,3;1;37;;NL866860666B01;
INTRA-EX;202501;513881387;SMNC011;87089235;IT;PT;10;EXW;11;3;;3;1;131;;IT02710790060;
INTRA-EX;202501;513881387;EVE-E46-INT;84213100;GR;PT;10;EXW;11;3;;3,5;1;696;;GREL156587530;
INTRA-EX;202501;513881387;EVE-RS5-INT;84213100;FR;PT;10;EXW;11;3;;6;1;1818;;FR26750353237;
INTRA-EX;202501;513881387;AC-MK7-CH-RD;40091100;NL;PT;10;EXW;11;3;;0,7;1;32;;NL866860666B01;
INTRA-EX;202501;513881387;S-BM/TI/33H;87089235;ES;PT;10;EXW;11;3;;31,3;1;4254;;ES33558767L;
INTRA-EX;202501;513881387;EUPD4002108R;84099100;GR;PT;10;EXW;11;3;;1,1;1;547;;GREL156587530;
INTRA-EX;202501;513881387;10.127.101K;84133080;FR;PT;10;EXW;11;3;;0,3;2;454;;FR82530667591;
INTRA-EX;202501;513881387;MMSD-G80-21WBK;87089135;ES;PT;10;EXW;11;3;;4,8;1;269;;ESB04855516;
INTRA-EX;202501;513881387;D650-0003;84099100;GR;PT;10;EXW;11;3;;0,3;4;92;;GREL156587530;
INTRA-EX;202501;513881387;CTS-EXH-TP-0009;87089235;FR;PT;10;EXW;11;3;;4,5;1;474;;FR11829492040;
INTRA-EX;202501;513881387;MMRAD-TINY-01;87089135;ES;PT;10;EXW;11;3;;6,8;2;417;;ES28841101K;
INTRA-EX;202501;513881387;KTA229;87088055;GR;PT;10;EXW;11;3;;1,5;1;202;;GREL156587530;
INTRA-EX;202501;513881387;KTA228;87088055;GR;PT;10;EXW;11;3;;3,6;1;204;;GREL156587530;
INTRA-EX;202501;513881387;BFF95Z;87088055;GR;PT;10;EXW;11;3;;6,2;1;177;;GREL156587530;
INTRA-EX;202501;513881387;KLC198;87088055;GR;PT;10;EXW;11;3;;0,8;1;85;;GREL156587530;
INTRA-EX;202501;513881387;KLC179;87089235;GR;PT;10;EXW;11;3;;1,2;1;88;;GREL156587530;
INTRA-EX;202501;513881387;BFR68Z;87088055;GR;PT;10;EXW;11;3;;3,9;1;163;;GREL156587530;
INTRA-EX;202501;513881387;MMTC-MUS-15SL;87089997;GR;PT;10;EXW;11;3;;5,8;1;250;;GREL156587530;
INTRA-EX;202501;513881387;ARMAAD0RS3-A;84213100;FR;PT;10;EXW;11;3;;5,9;1;1237;;FR11829492040;
INTRA-EX;202501;513881387;AC-MK7-FPT;84133080;ES;PT;10;EXW;11;3;;0,1;1;6;;ESB42954230;
INTRA-EX;202501;513881387;10.127.203T;87089997;ES;PT;10;EXW;11;3;;0,1;2;21;;ESB42954230;
INTRA-EX;202501;513881387;VWR1210R601EG;84213100;ES;PT;10;EXW;11;3;;5,2;1;505;;ESB42954230;
INTRA-EX;202501;513881387;VWR810002;87089997;ES;PT;10;EXW;11;3;;0,5;1;56;;ESB42954230;
INTRA-EX;202501;513881387;VWR69000BF1;87089997;ES;PT;10;EXW;11;3;;0,6;1;11;;ESB42954230;
INTRA-EX;202501;513881387;CI100039;40091100;ES;PT;10;EXW;11;3;;2;1;200;;ESB42954230;
INTRA-EX;202501;513881387;10.127.203K;84132000;ES;PT;10;EXW;11;3;;0,3;1;227;;ESB42954230;
INTRA-EX;202501;513881387;VWR130006;84099100;ES;PT;10;EXW;11;3;;0,3;1;40;;ESB42954230;
INTRA-EX;202501;513881387;VWR31G7GT;87088035;ES;PT;10;EXW;11;3;;8,5;1;161;;ESB42954230;
INTRA-EX;202501;513881387;VWR12G60R;84213100;ES;PT;10;EXW;11;3;;3,2;1;352;;ESB42954230;
INTRA-EX;202501;513881387;VWR12G6GT;84213100;ES;PT;10;EXW;11;3;;1,9;1;237;;ESB42954230;
INTRA-EX;202501;513881387;VWR121000;84213100;ES;PT;10;EXW;11;3;;2;1;247;;ESB42954230;
INTRA-EX;202501;513881387;VWR12G7R601FO;84213100;ES;PT;10;EXW;11;3;;0,9;1;112;;ESB42954230;
INTRA-EX;202501;513881387;VWR800001;58109210;ES;PT;10;EXW;11;3;;0,1;2;14;;ESB42954230;
INTRA-EX;202501;513881387;Z1003100;85111000;ES;PT;10;EXW;11;3;;0,1;8;199;;ESB42954230;
INTRA-EX;202501;513881387;VWR1200R601E;84213100;ES;PT;10;EXW;11;3;;4,9;1;338;;ESB42954230;
INTRA-EX;202501;513881387;VWR90000;85111000;ES;PT;10;EXW;11;3;;0,3;8;244;;ESB42954230;
INTRA-EX;202501;513881387;SVXC059;87089235;GR;PT;10;EXW;11;3;;2,2;1;162;;GREL156587530;
INTRA-EX;202501;513881387;06E898001-4;85111000;FR;PT;10;EXW;11;3;;1,5;1;87;;FR11829492040;
INTRA-EX;202501;513881387;BKR8EIX-4;85111000;FR;PT;10;EXW;11;3;;0,3;1;34;;FR11829492040;
INTRA-EX;202501;513881387;PP1624;84213100;FR;PT;10;EXW;11;3;;0,5;1;31;;FR11829492040;
INTRA-EX;202501;513881387;1K0253144BD;40091100;FR;PT;10;EXW;11;3;;0,2;1;7;;FR11829492040;
INTRA-EX;202501;513881387;SMNC014;87089997;ES;PT;10;EXW;11;3;;8,2;1;351;;ES28841101K;
INTRA-EX;202501;513881387;06E898001-4;85111000;FR;PT;10;EXW;11;3;;1,5;1;87;;FR11829492040;
INTRA-EX;202501;513881387;BKR8EIX-4;85111000;FR;PT;10;EXW;11;3;;0,3;1;34;;FR11829492040;
INTRA-EX;202501;513881387;VWR1200R601E;84213100;ES;PT;10;EXW;11;3;;4,9;1;338;;ESB04855516;
INTRA-EX;202501;513881387;VWR1200R600E;84213100;ES;PT;10;EXW;11;3;;4,9;1;309;;ESB04855516;
INTRA-EX;202501;513881387;SILZKBR8D8S-8;85111000;FR;PT;10;EXW;11;3;;0,5;1;73;;FR44921467742;
INTRA-EX;202501;513881387;EUPD8002210R;85111000;FR;PT;10;EXW;11;3;;2,1;1;1156;;FR44921467742;
INTRA-EX;202501;513881387;MS100192;85111000;ES;PT;10;EXW;11;3;;0,3;8;298;;ES44719365M;
INTRA-EX;202501;513881387;SVWC043;87089235;ES;PT;10;EXW;11;3;;8,6;1;269;;ES44719365M;
INTRA-EX;202501;513881387;SBMP087;87089997;FR;PT;10;EXW;11;3;;19;1;691;;FR55823261680;
INTRA-EX;202501;513881387;SHYSP102;87089997;ES;PT;10;EXW;11;3;;2,6;1;119;;ES18062887K;
INTRA-EX;202501;513881387;AC-B82-DP;87089235;ES;PT;10;EXW;11;3;;3,9;1;73;;ES18062887K;
INTRA-EX;202501;513881387;SBMP087;87089997;FR;PT;10;EXW;11;3;;19;1;628;;FR55823261680;
INTRA-EX;202501;513881387;SBMP086;87089235;ES;PT;10;EXW;11;3;;11,8;1;262;;ESB19296938;
INTRA-EX;202501;513881387;613182.654150;87089997;FR;PT;10;EXW;11;3;;0,5;1;75;;FR55823261680;
INTRA-EX;202501;513881387;001394.999502;84836080;FR;PT;10;EXW;11;3;;6,7;1;673;;FR55823261680;
INTRA-EX;202501;513881387;MMAI-STI-08WBK;84213100;ES;PT;10;EXW;11;3;;3,7;1;212;;ESB66283003;
INTRA-EX;202501;513881387;SAUC089;87089235;FR;PT;10;EXW;11;3;;10;1;680;;FR55823261680;
INTRA-EX;202501;513881387;VWR12G7R600ITBLU;84213100;ES;PT;10;EXW;11;3;;0,8;1;76;;ESB42954230;
INTRA-EX;202501;513881387;VWR13G700;84099100;ES;PT;10;EXW;11;3;;2,8;1;468;;ESB42954230;
INTRA-EX;202501;513881387;VWR13G700RFK;87089997;ES;PT;10;EXW;11;3;;0,5;1;46;;ESB42954230;
INTRA-EX;202501;513881387;VWR1200R601E;84213100;ES;PT;10;EXW;11;3;;4,9;1;338;;ESB42954230;
INTRA-EX;202501;513881387;MS100198;40091100;ES;PT;10;EXW;11;3;;5,2;1;707;;ESB42954230;
INTRA-EX;202501;513881387;CTS-IT-220R;84213100;ES;PT;10;EXW;11;3;;4,5;1;247;;ESB42954230;
INTRA-EX;202501;513881387;MS100247;85111000;ES;PT;10;EXW;11;3;;0,4;4;149;;ESB42954230;
INTRA-EX;202501;513881387;VWR130006;84099100;ES;PT;10;EXW;11;3;;0,3;2;81;;ESB42954230;
INTRA-EX;202501;513881387;JSK-101-DD;84213100;FR;PT;10;EXW;11;3;;4,4;1;299;;FR55823261680;
INTRA-EX;202501;513881387;ATINTVAG7;87089135;FR;PT;10;EXW;11;3;;18,1;1;773;;FR55823261680;
INTRA-EX;202501;513881387;BKR7EIX;85111000;ES;PT;10;EXW;11;3;;0,1;4;34;;ESB42771618;
INTRA-EX;202501;513881387;BWR19Z;87088055;ES;PT;10;EXW;11;3;;5,4;1;122;;ESB42771618;
INTRA-EX;202501;513881387;BWF18Z;87088055;ES;PT;10;EXW;11;3;;4,5;1;122;;ESB42771618;
INTRA-EX;202501;513881387;AC-27-DP;87089235;ES;PT;10;EXW;11;3;;9,8;1;160;;ESB42771618;
INTRA-EX;202501;513881387;AC-MK5-FU-BL;87088055;ES;PT;10;EXW;11;3;;4,4;1;59;;ESB42771618;
INTRA-EX;202501;513881387;AC-MK7-THK-BK;87089997;ES;PT;10;EXW;11;3;;1,8;1;87;;ESB42771618;
INTRA-EX;202501;513881387;AC-MK4-FU;87088055;ES;PT;10;EXW;11;3;;3,1;1;58;;ESB42771618;
INTRA-EX;202501;513881387;SHYC103;87089235;ES;PT;10;EXW;11;3;;4,5;1;201;;ESB42771618;
INTRA-EX;202501;513881387;R7437-9;85111000;ES;PT;10;EXW;11;3;;0,1;4;141;;ESB42771618;
INTRA-EX;202501;513881387;STYS009CF;87089235;FR;PT;10;EXW;11;3;;19,8;1;1012;;FR55823261680;
INTRA-EX;202501;513881387;VWR1200R601E;84213100;ES;PT;10;EXW;11;3;;4,9;1;338;;ES44719365M;
INTRA-EX;202501;513881387;MTP-VW/T/4H;87089235;ES;PT;10;EXW;11;3;;13,8;1;1674;;ESB86420924;
INTRA-EX;202501;513881387;VWR1200R600E;84213100;ES;PT;10;EXW;11;3;;4,9;2;619;;ESB42954230;
INTRA-EX;202501;513881387;VWR19G706;87089997;ES;PT;10;EXW;11;3;;0,4;1;53;;ESB42954230;
INTRA-EX;202501;513881387;VWR180004;87089997;ES;PT;10;EXW;11;3;;0,1;2;53;;ESB42954230;
INTRA-EX;202501;513881387;VWR19G702;70102000;ES;PT;10;EXW;11;3;;0,1;1;49;;ESB42954230;
INTRA-EX;202501;513881387;SILZKFR8D7S;85111000;ES;PT;10;EXW;11;3;;0,2;4;30;;ESB42954230;
INTRA-EX;202501;513881387;AC-180-CPA;87089997;ES;PT;10;EXW;11;3;;0,5;2;59;;ESB42954230;
INTRA-EX;202501;513881387;VWR120000;84213100;ES;PT;10;EXW;11;3;;1;1;25;;ESB42954230;
INTRA-EX;202501;513881387;VWR180003;87089997;ES;PT;10;EXW;11;3;;0,1;4;84;;ESB42954230;
INTRA-EX;202501;513881387;VWR12G5GT;84213100;ES;PT;10;EXW;11;3;;3,1;1;333;;ESB42954230;
INTRA-EX;202501;513881387;EVE-EA8884-R-INT;84213100;ES;PT;10;EXW;11;3;;5;1;999;;ESB42954230;
INTRA-EX;202501;513881387;06J103600AF;84099100;ES;PT;10;EXW;11;3;;2,5;1;14;;ESB42954230;
INTRA-EX;202501;513881387;SHYC105;87089235;ES;PT;10;EXW;11;3;;2,5;1;150;;ES44719365M;
INTRA-EX;202501;513881387;AC-MK8-IC;87089199;ES;PT;10;EXW;11;3;;16,5;1;349;;ES44719365M;
INTRA-EX;202501;513881387;SILFER8C7ES;85111000;ES;PT;10;EXW;11;3;;0,1;8;76;;ES43179343V;
INTRA-EX;202501;513881387;VWR180004;87089997;ES;PT;10;EXW;11;3;;0,1;1;26;;ES43179343V;
INTRA-EX;202501;513881387;SHY0900-4P-BK;87083091;ES;PT;10;EXW;11;3;;0,8;1;63;;ES43179343V;
INTRA-EX;202501;513881387;VWR130006;84099100;ES;PT;10;EXW;11;3;;0,3;1;40;;ES43179343V;
INTRA-EX;202501;513881387;VWR13G700RFK;87089997;ES;PT;10;EXW;11;3;;0,5;1;46;;ES43179343V;
INTRA-EX;202501;513881387;VWR13G700;84099100;ES;PT;10;EXW;11;3;;2,8;1;468;;ES43179343V;
INTRA-EX;202501;513881387;VWR12G7R600ITBLA;84213100;ES;PT;10;EXW;11;3;;0,8;1;76;;ES43179343V;
INTRA-EX;202501;513881387;CTS-HW-028;87089997;ES;PT;10;EXW;11;3;;0,4;1;67;;ES44719365M;
INTRA-EX;202501;513881387;U5014;84099100;ES;PT;10;EXW;11;3;;0,3;4;85;;ES44719365M;
INTRA-EX;202501;513881387;MMRAD-E46-323;87089997;ES;PT;10;EXW;11;3;;7,2;1;213;;ESB86420924;
INTRA-EX;202501;513881387;SFDP091;87089235;ES;PT;10;EXW;11;3;;4;1;88;;ES38873546G;
INTRA-EX;202501;513881387;MMOCC-LAWBK;87089997;ES;PT;10;EXW;11;3;;1;1;78;;ES38873546G;
INTRA-EX;202501;513881387;216BFWAOPSM;90269000;ES;PT;10;EXW;11;3;;0,4;1;34;;ES38873546G;
INTRA-EX;202501;513881387;216BFWAEBOSM;90262020;ES;PT;10;EXW;11;3;;0,3;1;37;;ES38873546G;
INTRA-EX;202501;513881387;VWR160001;87089997;ES;PT;10;EXW;11;3;;0,4;1;86;;ES38873546G;
INTRA-EX;202501;513881387;VWR180003;87089997;ES;PT;10;EXW;11;3;;0,1;1;21;;ES38873546G;
INTRA-EX;202501;513881387;03K906051;90269000;ES;PT;10;EXW;11;3;;0,1;1;19;;ES51777852E;
INTRA-EX;202501;513881387;MMRAD-EVO-01;87089135;ES;PT;10;EXW;11;3;;7,8;1;205;;ESB86420924;
INTRA-EX;202501;513881387;AC-MK7-FU-RD;87088055;DK;PT;10;EXW;11;3;;3;1;79;;QV999999999999;
INTRA-EX;202501;513881387;MS100192-4;84099100;HR;PT;10;EXW;11;3;;1,7;1;173;;QV999999999999;
INTRA-EX;202501;513881387;FMTIA2-BK;;SK;PT;10;EXW;11;3;;0,1;1;133;;QV999999999999;
INTRA-EX;202501;513881387;RPF-1747;84213100;IE;PT;10;EXW;11;3;;0,5;1;32;;QV999999999999;
INTRA-EX;202501;513881387;VWR180001;84212300;LT;PT;10;EXW;11;3;;0,2;1;54;;QV999999999999;
INTRA-EX;202501;513881387;5W40;27101999;BG;PT;10;EXW;11;3;;1,9;3;87;;BG203864393;
INTRA-EX;202501;513881387;VWR31G7GT;87088035;RO;PT;10;EXW;11;3;;8,5;1;270;;QV999999999999;
INTRA-EX;202501;513881387;AC-200-QS;87089997;DE;PT;10;EXW;11;3;;0,5;1;75;;QV999999999999;
INTRA-EX;202501;513881387;FMDVMK7A-BK;;HU;PT;10;EXW;11;3;;0,1;1;203;;HU27324769;
INTRA-EX;202501;513881387;COMBO-NOV-MQB;84213100;HU;PT;10;EXW;11;3;;5,5;2;893;;HU27324769;
INTRA-EX;202501;513881387;SVWC060;87089235;HR;PT;10;EXW;11;3;;10;1;351;;QV999999999999;
INTRA-EX;202501;513881387;BKR7EIX-4;84099100;SI;PT;10;EXW;11;3;;0,3;1;39;;QV999999999999;
INTRA-EX;202501;513881387;MS100210-4;84099100;SI;PT;10;EXW;11;3;;1,7;1;118;;QV999999999999;
INTRA-EX;202501;513881387;BKR7EIX-4;84099100;RO;PT;10;EXW;11;3;;0,3;1;40;;QV999999999999;
INTRA-EX;202501;513881387;RC-HE64;85111000;RO;PT;10;EXW;11;3;;0,6;1;34;;QV999999999999;
INTRA-EX;202501;513881387;AC-WS-HN-15;87088099;HU;PT;10;EXW;11;3;;2;2;99;;QV999999999999;
INTRA-EX;202501;513881387;RBF600;27101999;BE;PT;10;EXW;11;3;;0,6;1;9;;QV999999999999;
INTRA-EX;202501;513881387;AC-N55-IC;84198998;BE;PT;10;EXW;11;3;;18;1;371;;QV999999999999;
INTRA-EX;202501;513881387;SBW0261-4P-RD;87083091;BE;PT;10;EXW;11;3;;0,5;1;83;;QV999999999999;
INTRA-EX;202501;513881387;RBF600;27101999;BE;PT;10;EXW;11;3;;0,6;2;19;;QV999999999999;
INTRA-EX;202501;513881387;TS-0629-3051;87089997;BE;PT;10;EXW;11;3;;0,7;1;111;;QV999999999999;
INTRA-EX;202501;513881387;EVE-GR4-CF-INT;84213100;PL;PT;10;EXW;11;3;;4,9;2;1950;;PL8141683531;
INTRA-EX;202501;513881387;5W40;27101999;BE;PT;10;EXW;11;3;;1,9;3;86;;QV999999999999;
INTRA-EX;202501;513881387;EVE-G20B58-V2-INT;84213100;PL;PT;10;EXW;11;3;;4,5;1;999;;PL6972395288;
INTRA-EX;202501;513881387;SP1202WR;84213100;BE;PT;10;EXW;11;3;;3,1;1;240;;QV999999999999;
INTRA-EX;202501;513881387;DBA2472S-2;87089997;BE;PT;10;EXW;11;3;;19;1;182;;QV999999999999;
INTRA-EX;202501;513881387;SBMP083;87089235;BE;PT;10;EXW;11;3;;7,5;1;233;;QV999999999999;
INTRA-EX;202501;513881387;PST78;87088035;BE;PT;10;EXW;11;3;;3,4;1;115;;QV999999999999;
INTRA-EX;202501;513881387;CTS-IT-938;84213100;BE;PT;10;EXW;11;3;;3,6;1;366;;BE0753629325;
INTRA-EX;202501;513881387;U5055-6;84099100;IT;PT;10;EXW;11;3;;2,1;1;132;;IT02472910567;
INTRA-EX;202501;513881387;SILZKBR8D8S-6;84099100;IT;PT;10;EXW;11;3;;0,4;1;66;;IT02472910567;
INTRA-EX;202501;513881387;110282;27101999;NL;PT;10;EXW;11;3;;1;4;42;;QV999999999999;
INTRA-EX;202501;513881387;D650-0003-6;84099100;IT;PT;10;EXW;11;3;;2,4;1;168;;QV999999999999;
INTRA-EX;202501;513881387;TS-0645-4052;87089997;NL;PT;10;EXW;11;3;;0,6;1;169;;QV999999999999;
INTRA-EX;202501;513881387;STY0014-1C-BK;87083091;IT;PT;10;EXW;11;3;;0,5;1;33;;QV999999999999;
INTRA-EX;202501;513881387;PST77;87088035;IT;PT;10;EXW;11;3;;3,2;1;126;;QV999999999999;
INTRA-EX;202501;513881387;034-504-Z013;87089997;NL;PT;10;EXW;11;3;;1;1;161;;QV999999999999;
INTRA-EX;202501;513881387;PPF-1826;84213100;NL;PT;10;EXW;11;3;;1;1;42;;QV999999999999;
INTRA-EX;202501;513881387;11999-AT001;84213100;IT;PT;10;EXW;11;3;;1,8;1;313;;QV999999999999;
INTRA-EX;202501;513881387;FMBSMP18T;87089997;NL;PT;10;EXW;11;3;;3,5;1;257;;NL820643749B01;
INTRA-EX;202501;513881387;VWR650001-BLU;87083099;IT;PT;10;EXW;11;3;;36,4;1;2728;;IT03813391202;
INTRA-EX;202501;513881387;SME0865-4P-RD;87083091;GR;PT;10;EXW;11;3;;0,5;1;63;;GREL156587530;
INTRA-EX;202501;513881387;SP1126WB;84213100;GR;PT;10;EXW;11;3;;5,1;1;402;;GR151920446;
INTRA-EX;202501;513881387;AC-N14-IND-BK;87089997;GR;PT;10;EXW;11;3;;1,2;1;58;;GREL034490096;
INTRA-EX;202501;513881387;CTS-HW-0133;84099100;FR;PT;10;EXW;11;3;;0,5;1;135;;QV999999999999;
INTRA-EX;202501;513881387;AC-204-FU;87088055;FR;PT;10;EXW;11;3;;3,2;1;127;;QV999999999999;
INTRA-EX;202501;513881387;ILZKAR7A10-8;85111000;FR;PT;10;EXW;11;3;;0,5;1;73;;QV999999999999;
INTRA-EX;202501;513881387;BHF96Z;87088055;FR;PT;10;EXW;11;3;;5;1;168;;QV999999999999;
INTRA-EX;202501;513881387;FMTUBL7;87089997;FR;PT;10;EXW;11;3;;0,3;1;110;;QV999999999999;
INTRA-EX;202501;513881387;ILFR7H-5;85111000;FR;PT;10;EXW;11;3;;0,3;1;67;;QV999999999999;
INTRA-EX;202501;513881387;AC-200-PCVCC;87089997;FR;PT;10;EXW;11;3;;0,5;1;70;;QV999999999999;
INTRA-EX;202501;513881387;VWR12G7R601FO;84213100;FR;PT;10;EXW;11;3;;0,9;2;300;;QV999999999999;
INTRA-EX;202501;513881387;IKR9J8-4;87089997;FR;PT;10;EXW;11;3;;0,3;1;44;;QV999999999999;
INTRA-EX;202501;513881387;CTS-IT-105R;84213100;FR;PT;10;EXW;11;3;;4,6;1;256;;QV999999999999;
INTRA-EX;202501;513881387;VWR13G700RFK;87089997;FR;PT;10;EXW;11;3;;0,5;1;54;;QV999999999999;
INTRA-EX;202501;513881387;ILKR8E6-4;85111000;FR;PT;10;EXW;11;3;;0,3;1;58;;QV999999999999;
INTRA-EX;202501;513881387;SMA0112-4P-BK;87083091;ES;PT;10;EXW;11;3;;0,5;1;93;;QV999999999999;
INTRA-EX;202501;513881387;FMDVMK7R-BK;87089997;FR;PT;10;EXW;11;3;;0,6;1;225;;QV999999999999;
INTRA-EX;202501;513881387;06K103495AC;87089997;FR;PT;10;EXW;11;3;;0,6;1;32;;QV999999999999;
INTRA-EX;202501;513881387;FMSS114-GR;;FR;PT;10;EXW;11;3;;0,1;1;7;;QV999999999999;
INTRA-EX;202501;513881387;SVW0707-4P-BK;87083091;ES;PT;10;EXW;11;3;;0,4;1;77;;QV999999999999;
INTRA-EX;202501;513881387;50003-MR45HLZ-4;87089997;FR;PT;10;EXW;11;3;;0,3;1;83;;QV999999999999;
INTRA-EX;202501;513881387;CTS-IT-910;40091100;ES;PT;10;EXW;11;3;;1,9;1;160;;QV999999999999;
INTRA-EX;202501;513881387;SAU0631-4C-RD;87083091;FR;PT;10;EXW;11;3;;0,5;1;105;;FR35504243288;
INTRA-EX;202501;513881387;11427566327;84099100;FR;PT;10;EXW;11;3;;0,1;1;5;;FR35504243288;
INTRA-EX;202501;513881387;11127565286;84836080;FR;PT;10;EXW;11;3;;0,4;1;10;;FR35504243288;
INTRA-EX;202501;513881387;MMICP-N54-07;87089997;FR;PT;10;EXW;11;3;;2,2;1;180;;FR35504243288;
INTRA-EX;202501;513881387;VWR13G700;84099100;ES;PT;10;EXW;11;3;;2,8;1;635;;ESB36581619;
INTRA-EX;202501;513881387;VWR900001-4;84099100;ES;PT;10;EXW;11;3;;1,8;1;174;;ESB36581619;
INTRA-EX;202501;513881387;FMKCMK7-RD;40091100;ES;PT;10;EXW;11;3;;2,2;1;383;;ESB36581619;
INTRA-EX;202501;513881387;VWR19G706;87089997;ES;PT;10;EXW;11;3;;0,4;1;88;;ESB36581619;
INTRA-EX;202501;513881387;VWR19G702;70102000;ES;PT;10;EXW;11;3;;0,1;1;81;;ESB36581619;
INTRA-EX;202501;513881387;L3P3VGT7;87089997;ES;PT;10;EXW;11;3;;1;1;322;;ESB36581619;
INTRA-EX;202501;513881387;MS100192-4;84099100;FR;PT;10;EXW;11;3;;1,7;1;180;;QV999999999999;
INTRA-EX;202501;513881387;CTS-IT-220R;84213100;FR;PT;10;EXW;11;3;;4,5;1;280;;QV999999999999;
INTRA-EX;202501;513881387;FMMK5CTC;87089135;ES;PT;10;EXW;11;3;;1,6;1;399;;QV999999999999;
INTRA-EX;202501;513881387;SFD1300-4P-BK;87083091;ES;PT;10;EXW;11;3;;0,5;1;76;;QV999999999999;
INTRA-EX;202501;513881387;CTS-IT-310;87089235;FR;PT;10;EXW;11;3;;1,4;1;172;;QV999999999999;
INTRA-EX;202501;513881387;FMFSITVR-BK;;FR;PT;10;EXW;11;3;;0,1;1;216;;QV999999999999;
INTRA-EX;202501;513881387;ILFR6B-5;84099100;FR;PT;10;EXW;11;3;;0,3;1;46;;FR93901613281;
INTRA-EX;202501;513881387;CTS-IT-167;84213100;ES;PT;10;EXW;11;3;;5;1;273;;ESB01796796;
INTRA-EX;202501;513881387;FMVWQS;87089997;FR;PT;10;EXW;11;3;;0,7;1;98;;QV999999999999;
INTRA-EX;202501;513881387;ILZKBR7B8G-4;87089997;ES;PT;10;EXW;11;3;;0,3;1;36;;QV999999999999;
INTRA-EX;202501;513881387;216CLSDWAWT-R;87089997;FR;PT;10;EXW;11;3;;0,4;1;46;;QV999999999999;
INTRA-EX;202501;513881387;RPF-1744;87089997;ES;PT;10;EXW;11;3;;0,3;1;26;;QV999999999999;
INTRA-EX;202501;513881387;SILZKGR8B8S-4;84099100;FR;PT;10;EXW;11;3;;0,3;1;39;;QV999999999999;
INTRA-EX;202501;513881387;D650-0009-4;84099100;FR;PT;10;EXW;11;3;;1,7;1;124;;QV999999999999;
INTRA-EX;202501;513881387;KLC163;87088035;ES;PT;10;EXW;11;3;;0,9;1;120;;QV999999999999;
INTRA-EX;202501;513881387;MMAI-350Z-03H;84213100;FR;PT;10;EXW;11;3;;3,9;1;184;;QV999999999999;
INTRA-EX;202501;513881387;VWR180000;87089997;ES;PT;10;EXW;11;3;;0,1;1;14;;QV999999999999;
INTRA-EX;202501;513881387;420121321;84099100;ES;PT;10;EXW;11;3;;0,1;1;28;;QV999999999999;
INTRA-EX;202501;513881387;03H971921;84099100;ES;PT;10;EXW;11;3;;0,1;1;23;;QV999999999999;
INTRA-EX;202501;513881387;VWRA10000;87089997;ES;PT;10;EXW;11;3;;0,1;1;8;;QV999999999999;
INTRA-EX;202501;513881387;AC-AU-04BK;87089499;ES;PT;10;EXW;11;3;;0,2;1;22;;QV999999999999;
INTRA-EX;202501;513881387;ATIKMAZ01;84213100;FR;PT;10;EXW;11;3;;3,6;1;221;;QV999999999999;
INTRA-EX;202501;513881387;VWR630000;87141030;ES;PT;10;EXW;11;3;;1,9;1;154;;QV999999999999;
INTRA-EX;202501;513881387;AC-MK7-RL;87088055;ES;PT;10;EXW;11;3;;0,5;1;59;;QV999999999999;
INTRA-EX;202501;513881387;Z1003100-4;85111000;ES;PT;10;EXW;11;3;;0,4;1;119;;QV999999999999;
INTRA-EX;202501;513881387;TS-0223-1066;87089997;FR;PT;10;EXW;11;3;;0,4;1;212;;QV999999999999;
INTRA-EX;202501;513881387;PFR7G-11S-4;85111000;ES;PT;10;EXW;11;3;;0,3;1;47;;QV999999999999;
INTRA-EX;202501;513881387;RN07;87089235;FR;PT;10;EXW;11;3;;19,4;1;382;;QV999999999999;
INTRA-EX;202501;513881387;06K103495AC;87089997;ES;PT;10;EXW;11;3;;0,6;1;31;;QV999999999999;
INTRA-EX;202501;513881387;D134-A001;87089997;FR;PT;10;EXW;11;3;;0,2;1;19;;QV999999999999;
INTRA-EX;202501;513881387;D135-A001;87089997;FR;PT;10;EXW;11;3;;0,1;1;15;;QV999999999999;
INTRA-EX;202501;513881387;D133-A001;87089997;FR;PT;10;EXW;11;3;;1,3;1;95;;QV999999999999;
INTRA-EX;202501;513881387;E10-20-031-09-22;73202081;ES;PT;10;EXW;11;3;;9,2;1;199;;QV999999999999;
INTRA-EX;202501;513881387;VWR12G7R600FO;84213100;FR;PT;10;EXW;11;3;;0,5;1;102;;QV999999999999;
INTRA-EX;202501;513881387;9-655-1025;84133080;ES;PT;10;EXW;11;3;;0,8;1;165;;ESB53616488;
INTRA-EX;202501;513881387;SFDS089;87089235;FR;PT;10;EXW;11;3;;16,5;1;719;;QV999999999999;
INTRA-EX;202501;513881387;PP1762;84213100;ES;PT;10;EXW;11;3;;0,8;1;41;;QV999999999999;
INTRA-EX;202501;513881387;CTS-IGN-007;84099100;FR;PT;10;EXW;11;3;;0,3;4;140;;QV999999999999;
INTRA-EX;202501;513881387;U5055-4;84099100;ES;PT;10;EXW;11;3;;1,5;1;87;;QV999999999999;
INTRA-EX;202501;513881387;AC-200-HS;87089997;FR;PT;10;EXW;11;3;;0,5;1;22;;QV999999999999;
INTRA-EX;202501;513881387;500-A025;84213100;ES;PT;10;EXW;11;3;;2,1;1;91;;ESB44819076;
INTRA-EX;202501;513881387;AC-27-DEL;87089997;FR;PT;10;EXW;11;3;;0,1;1;20;;QV999999999999;
INTRA-EX;202501;513881387;SAU0703-4P-RD;87083091;FR;PT;10;EXW;11;3;;0,5;1;68;;QV999999999999;
INTRA-EX;202501;513881387;AC-WS-NI-15;87088099;ES;PT;10;EXW;11;3;;1,6;2;104;;QV999999999999;
INTRA-EX;202501;513881387;4B1609H-STD;40091100;FR;PT;10;EXW;11;3;;0,5;1;44;;QV999999999999;
INTRA-EX;202501;513881387;ATMSMINI6;87089997;ES;PT;10;EXW;11;3;;4;1;370;;QV999999999999;
INTRA-EX;202501;513881387;CTS-IT-300R;84213100;FR;PT;10;EXW;11;3;;4,1;1;273;;QV999999999999;
INTRA-EX;202501;513881387;MS100208-4;84099100;ES;PT;10;EXW;11;3;;1,7;1;119;;QV999999999999;
INTRA-EX;202501;513881387;BKR8EIX-4;85111000;ES;PT;10;EXW;11;3;;0,3;1;41;;QV999999999999;
INTRA-EX;202501;513881387;SSE0432-4P-BK;87083091;FR;PT;10;EXW;11;3;;0,5;1;77;;QV999999999999;
INTRA-EX;202501;513881387;AC-MK7-RU;87089235;FR;PT;10;EXW;11;3;;2,2;1;74;;QV999999999999;
INTRA-EX;202501;513881387;AC-MK7-RL;87088055;FR;PT;10;EXW;11;3;;0,5;1;59;;QV999999999999;
INTRA-EX;202501;513881387;AC-MK7-CL;87088055;FR;PT;10;EXW;11;3;;1,3;1;74;;QV999999999999;
INTRA-EX;202501;513881387;AC-MK7-DI.B;87089997;FR;PT;10;EXW;11;3;;0,1;1;32;;QV999999999999;
INTRA-EX;202501;513881387;SRN0610-4P-BK;87083091;ES;PT;10;EXW;11;3;;0,7;1;76;;ES05305100N;
INTRA-EX;202501;513881387;034-145-A059;40093100;FR;PT;10;EXW;11;3;;1,3;1;110;;QV999999999999;
INTRA-EX;202501;513881387;AC-Z33-CP-6;84099100;ES;PT;10;EXW;11;3;;1,2;1;104;;ESB42771618;
INTRA-EX;202501;513881387;JSK-101-DD;84213100;ES;PT;10;EXW;11;3;;4,4;1;249;;ESB42771618;
INTRA-EX;202501;513881387;FMDV008-BK;;FR;PT;10;EXW;11;3;;0,1;1;148;;QV999999999999;
INTRA-EX;202501;513881387;AC-UNI-WD;87089997;ES;PT;10;EXW;11;3;;0,2;1;13;;QV999999999999;
INTRA-EX;202501;513881387;SILFER8C7ES-5;85111000;ES;PT;10;EXW;11;3;;0,3;1;57;;QV999999999999;
INTRA-EX;202501;513881387;03K906051;90269000;FR;PT;10;EXW;11;3;;0,1;1;19;;QV999999999999;
INTRA-EX;202501;513881387;KL060650R;87089997;ES;PT;10;EXW;11;3;;6;1;238;;QV999999999999;
INTRA-EX;202501;513881387;MMHOSE-MIA-99BK;40091100;ES;PT;10;EXW;11;3;;0,7;1;67;;QV999999999999;
INTRA-EX;202501;513881387;SILZKFR8D7S-4;85111000;FR;PT;10;EXW;11;3;;0,3;1;34;;QV999999999999;
INTRA-EX;202501;513881387;ACSP1;84099100;ES;PT;10;EXW;11;3;;0,5;1;22;;QV999999999999;
INTRA-EX;202501;513881387;06J998907A;87089997;FR;PT;10;EXW;11;3;;0,1;4;23;;QV999999999999;
INTRA-EX;202501;513881387;UR-RE2-177;87088055;ES;PT;10;EXW;11;3;;2;1;105;;QV999999999999;
INTRA-EX;202501;513881387;BKR8EIX-4;85111000;FR;PT;10;EXW;11;3;;0,3;1;41;;QV999999999999;
INTRA-EX;202501;513881387;FM225AH-BL;40093100;ES;PT;10;EXW;11;3;;0,3;1;41;;QV999999999999;
INTRA-EX;202501;513881387;RF100023;84099100;FR;PT;10;EXW;11;3;;1;1;149;;QV999999999999;
INTRA-EX;202501;513881387;ATMSMINI7;87089997;ES;PT;10;EXW;11;3;;2;1;233;;QV999999999999;
INTRA-EX;202501;513881387;LKR8AP-10;85111000;FR;PT;10;EXW;11;3;;0,6;1;125;;QV999999999999;
INTRA-EX;202501;513881387;BKR8EIX-4;85111000;ES;PT;10;EXW;11;3;;0,3;1;41;;QV999999999999;
INTRA-EX;202501;513881387;06J103600AFKIT;84099100;FR;PT;10;EXW;11;3;;2,5;2;99;;QV999999999999;
INTRA-EX;202501;513881387;Z-1112203;87089997;ES;PT;10;EXW;11;3;;4,8;1;220;;QV999999999999;
INTRA-EX;202501;513881387;AC-200-CFA-KIT;87089997;FR;PT;10;EXW;11;3;;0,1;1;32;;FR22892227505;
INTRA-EX;202501;513881387;06E898001-4;85111000;FR;PT;10;EXW;11;3;;1,5;2;209;;FR22892227505;
INTRA-EX;202501;513881387;EVE-F8xM-PF;84212300;ES;PT;10;EXW;11;3;;1,5;1;112;;QV999999999999;
INTRA-EX;202501;513881387;ILZKAR8H8S-4;85111000;FR;PT;10;EXW;11;3;;0,3;1;72;;QV999999999999;
INTRA-EX;202501;513881387;DBA43148S-2;87083099;ES;PT;10;EXW;11;3;;27,9;1;369;;ESB72435332;
INTRA-EX;202501;513881387;AC-Z33-CP-6;84099100;ES;PT;10;EXW;11;3;;1,2;1;104;;QV999999999999;
INTRA-EX;202501;513881387;SVWC042;87089235;FR;PT;10;EXW;11;3;;11,4;1;348;;QV999999999999;
INTRA-EX;202501;513881387;SFT0658-6P-BK;87083091;ES;PT;10;EXW;11;3;;0,7;1;116;;ESB72435332;
INTRA-EX;202501;513881387;ILFR6B-5;84099100;FR;PT;10;EXW;11;3;;0,3;1;46;;QV999999999999;
INTRA-EX;202501;513881387;ES-335161;87089997;ES;PT;10;EXW;11;3;;1;1;45;;QV999999999999;
INTRA-EX;202501;513881387;Z1003101-6;85111000;FR;PT;10;EXW;11;3;;0,4;1;121;;QV999999999999;
INTRA-EX;202501;513881387;MS100192-4;84099100;ES;PT;10;EXW;11;3;;1,7;1;179;;QV999999999999;
INTRA-EX;202501;513881387;R7437-9-4;87089997;ES;PT;10;EXW;11;3;;0,3;1;165;;QV999999999999;
INTRA-EX;202501;513881387;1033BLK;84213100;FR;PT;10;EXW;11;3;;0,3;1;21;;QV999999999999;
INTRA-EX;202501;513881387;PF05;90262020;ES;PT;10;EXW;11;3;;0,2;1;223;;QV999999999999;
INTRA-EX;202501;513881387;AC-B82-DP;87089235;FR;PT;10;EXW;11;3;;3,9;1;112;;QV999999999999;
INTRA-EX;202501;513881387;AC-200-CP-4;84099100;ES;PT;10;EXW;11;3;;1;1;81;;QV999999999999;
INTRA-EX;202501;513881387;BKR7EIX-4;84099100;ES;PT;10;EXW;11;3;;0,3;1;40;;QV999999999999;
INTRA-EX;202501;513881387;D650-0009-6;84099100;FR;PT;10;EXW;11;3;;2,4;1;187;;QV999999999999;
INTRA-EX;202501;513881387;SILZKGR8B8S-6;85111000;FR;PT;10;EXW;11;3;;0,4;1;59;;QV999999999999;
INTRA-EX;202501;513881387;E20-15-021-05-22;73202081;ES;PT;10;EXW;11;3;;9;1;182;;QV999999999999;
INTRA-EX;202501;513881387;R7437-9-5;85111000;FR;PT;10;EXW;11;3;;0,3;1;208;;QV999999999999;
INTRA-EX;202501;513881387;KL060650R;87089997;ES;PT;10;EXW;11;3;;6;1;238;;QV999999999999;
INTRA-EX;202501;513881387;SMA0101-4P-BK;87083091;ES;PT;10;EXW;11;3;;0,5;1;101;;QV999999999999;
INTRA-EX;202501;513881387;06J103600AFKIT;84099100;FR;PT;10;EXW;11;3;;2,5;1;49;;QV999999999999;
INTRA-EX;202501;513881387;VWR180004;87089997;FR;PT;10;EXW;11;3;;0,1;1;38;;QV999999999999;
INTRA-EX;202501;513881387;VSE18-C1SA4;87089997;ES;PT;10;EXW;11;3;;25;1;836;;ES45907473W;
INTRA-EX;202501;513881387;AC-200-EVAP;87089997;FR;PT;10;EXW;11;3;;0,3;1;20;;QV999999999999;
INTRA-EX;202501;513881387;AC-200-PP;84198998;ES;PT;10;EXW;11;3;;0,5;1;81;;QV999999999999;
INTRA-EX;202501;513881387;FMSS114-RD;;FR;PT;10;EXW;11;3;;0,1;1;7;;QV999999999999;
INTRA-EX;202501;513881387;CTS-HW-360;40091100;ES;PT;10;EXW;11;3;;1,4;1;247;;QV999999999999;
INTRA-EX;202501;513881387;EVO1107;84213100;FR;PT;10;EXW;11;3;;4,6;1;361;;FR35504243288;
INTRA-EX;202501;513881387;FMBP3;40091100;FR;PT;10;EXW;11;3;;1,3;1;364;;FR35504243288;
INTRA-EX;202501;513881387;FMBM335DV1;84814090;FR;PT;10;EXW;11;3;;3,3;2;776;;FR35504243288;
INTRA-EX;202501;513881387;D650-0009-6;84099100;FR;PT;10;EXW;11;3;;2,4;1;187;;FR35504243288;
INTRA-EX;202501;513881387;4B5562H-STD;40091100;ES;PT;10;EXW;11;3;;0,2;1;63;;QV999999999999;
INTRA-EX;202501;513881387;5M5585H-STD;40091100;ES;PT;10;EXW;11;3;;0,3;1;90;;QV999999999999;
INTRA-EX;202501;513881387;VWR640017;87089997;FR;PT;10;EXW;11;3;;2,2;1;99;;QV999999999999;
INTRA-EX;202501;513881387;SVW0630-4P-BK;87083091;ES;PT;10;EXW;11;3;;0,5;1;77;;QV999999999999;
INTRA-EX;202501;513881387;E10-35-020-02-22;73202081;FR;PT;10;EXW;11;3;;8,5;1;140;;QV999999999999;
INTRA-EX;202501;513881387;DBA53298SLVS-2;87089997;ES;PT;10;EXW;11;3;;27;1;933;;ESB72435332;
INTRA-EX;202501;513881387;MMRT-WRX-01E;87089997;FR;PT;10;EXW;11;3;;1;1;136;;QV999999999999;
INTRA-EX;202501;513881387;SMA0101-4P-BK;87083091;ES;PT;10;EXW;11;3;;0,5;1;102;;ES53284853V;
INTRA-EX;202501;513881387;RBF600;27101999;ES;PT;10;EXW;11;3;;0,6;10;95;;ES53284853V;
INTRA-EX;202501;513881387;RBF700;27101999;ES;PT;10;EXW;11;3;;0,6;10;145;;ES53284853V;
INTRA-EX;202501;513881387;MS100210-4;84099100;FR;PT;10;EXW;11;3;;1,7;1;119;;QV999999999999;
INTRA-EX;202501;513881387;FMSCPS53TIK;87089997;ES;PT;10;EXW;11;3;;1,8;1;171;;ESB66526328;
INTRA-EX;202501;513881387;CTS-HW-0133;84099100;ES;PT;10;EXW;11;3;;0,5;1;135;;ESB66526328;
INTRA-EX;202501;513881387;AC-200-CFA-KIT;87089997;FR;PT;10;EXW;11;3;;0,1;1;32;;QV999999999999;
INTRA-EX;202501;513881387;SBW1171-4P-BK;87083091;ES;PT;10;EXW;11;3;;0,5;1;83;;QV999999999999;
INTRA-EX;202501;513881387;AC-MK7-INLET;40091100;FR;PT;10;EXW;11;3;;0,3;1;67;;QV999999999999;
INTRA-EX;202501;513881387;AC-MK7-MD;87089997;FR;PT;10;EXW;11;3;;0,4;1;65;;QV999999999999;
INTRA-EX;202501;513881387;MS100208-5;84099100;ES;PT;10;EXW;11;3;;2,2;1;148;;ES50757866V;
INTRA-EX;202501;513881387;R7437-9-5;85111000;ES;PT;10;EXW;11;3;;0,3;1;206;;ES50757866V;
INTRA-EX;202501;513881387;FMKT026-RD;;FR;PT;10;EXW;11;3;;0,1;1;177;;QV999999999999;
INTRA-EX;202501;513881387;SVW0707-4P-BK;87083091;ES;PT;10;EXW;11;3;;0,4;1;77;;QV999999999999;
INTRA-EX;202501;513881387;IFR7X8G-4;84099100;FR;PT;10;EXW;11;3;;0,3;1;61;;QV999999999999;
INTRA-EX;202501;513881387;06E898001-5;84099100;FR;PT;10;EXW;11;3;;1,9;1;131;;QV999999999999;
INTRA-EX;202501;513881387;FMSBCVXR;87088055;ES;PT;10;EXW;11;3;;1,3;1;42;;QV999999999999;
INTRA-EX;202501;513881387;PFR8S8EG-6;87089997;FR;PT;10;EXW;11;3;;0,4;1;68;;FR93901613281;
INTRA-EX;202501;513881387;Z-341225;87089997;ES;PT;10;EXW;11;3;;2,4;1;167;;QV999999999999;
INTRA-EX;202501;513881387;BKR8EIX-4;85111000;FR;PT;10;EXW;11;3;;0,3;1;41;;QV999999999999;
INTRA-EX;202501;513881387;D650-0009;84099100;ES;PT;10;EXW;11;3;;0,3;6;151;;ESB04855516;
INTRA-EX;202501;513881387;AC-200-OSA;87089997;FR;PT;10;EXW;11;3;;0,2;1;27;;QV999999999999;
INTRA-EX;202501;513881387;VWR1200R601E;84213100;ES;PT;10;EXW;11;3;;4,9;1;338;;ES33558767L;
INTRA-EX;202501;513881387;06D998907;87089997;FR;PT;10;EXW;11;3;;0,1;4;23;;QV999999999999;
INTRA-EX;202501;513881387;MMBCC-F80-15CBE;87089997;ES;PT;10;EXW;11;3;;1,4;5;920;;ESB88553946;
INTRA-EX;202501;513881387;EVO9204;84213100;FR;PT;10;EXW;11;3;;7,5;1;328;;QV999999999999;
INTRA-EX;202501;513881387;VWR1200R601E;84213100;ES;PT;10;EXW;11;3;;4,9;1;338;;ESB04855516;
INTRA-EX;202501;513881387;FMBP3;40091100;FR;PT;10;EXW;11;3;;1,3;1;364;;FR35504243288;
INTRA-EX;202501;513881387;E10-35-020-02-22;73202081;FR;PT;10;EXW;11;3;;8,5;1;140;;QV999999999999;
INTRA-EX;202501;513881387;AC-MK7-INLET;40091100;FR;PT;10;EXW;11;3;;0,3;1;67;;QV999999999999;
INTRA-EX;202501;513881387;R7437-9-4;87089997;FR;PT;10;EXW;11;3;;0,3;1;166;;FR09800029712;
INTRA-EX;202501;513881387;MMHOSE-WRX-AM8RD;40093100;FR;PT;10;EXW;11;3;;0,8;1;61;;QV999999999999;
INTRA-EX;202501;513881387;883089.000034;84836080;FR;PT;10;EXW;11;3;;15,5;1;1152;;FR25877973065;
INTRA-EX;202501;513881387;613182.654150;87089997;FR;PT;10;EXW;11;3;;0,5;1;62;;FR25877973065;
INTRA-EX;202501;513881387;JSK-119-BK;84213100;FR;PT;10;EXW;11;3;;2,4;1;171;;QV999999999999;
INTRA-EX;202501;513881387;ILZTR6A8G-4;84099100;FR;PT;10;EXW;11;3;;0,2;1;33;;QV999999999999;
INTRA-EX;202501;513881387;06J103600AFKIT;84099100;FR;PT;10;EXW;11;3;;2,5;1;49;;QV999999999999;
INTRA-EX;202501;513881387;FMKTR56-BK;;FR;PT;10;EXW;11;3;;0,1;1;102;;QV999999999999;
INTRA-EX;202501;513881387;UR-TW2-1715;87088055;FR;PT;10;EXW;11;3;;3,6;1;110;;QV999999999999;
INTRA-EX;202501;513881387;ILZKBR7B8G-4;87089997;FR;PT;10;EXW;11;3;;0,3;1;37;;QV999999999999;
INTRA-EX;202501;513881387;AC-200-VRH-RD;40093100;FR;PT;10;EXW;11;3;;0,6;1;23;;QV999999999999;
INTRA-EX;202501;513881387;RIP-007-RD;40093100;FR;PT;10;EXW;11;3;;1;1;65;;QV999999999999;
INTRA-EX;202501;513881387;R7437-9-4;87089997;FR;PT;10;EXW;11;3;;0,3;1;166;;QV999999999999;
INTRA-EX;202501;513881387;CTS-IT-340;84213100;FR;PT;10;EXW;11;3;;3,4;1;276;;QV999999999999;
INTRA-EX;202501;513881387;CTS-HW-028;87089997;FR;PT;10;EXW;11;3;;0,4;1;82;;QV999999999999;
INTRA-EX;202501;513881387;VWR810000;87089997;FR;PT;10;EXW;11;3;;0,2;1;28;;QV999999999999;
INTRA-EX;202501;513881387;FMKT025;;FR;PT;10;EXW;11;3;;0,1;1;94;;QV999999999999;
INTRA-EX;202501;513881387;AC-200-TBH-BK;40093100;FR;PT;10;EXW;11;3;;0,2;1;18;;QV999999999999;
INTRA-EX;202501;513881387;35PE134;87083091;FR;PT;10;EXW;11;3;;8,1;1;96;;QV999999999999;
INTRA-EX;202501;513881387;AC-MK7-FU-RD;87088055;FR;PT;10;EXW;11;3;;3;1;82;;QV999999999999;
INTRA-EX;202501;513881387;UR-TW4-4078;87088055;FR;PT;10;EXW;11;3;;1,5;1;140;;QV999999999999;
INTRA-EX;202501;513881387;D650-0009-6;84099100;FR;PT;10;EXW;11;3;;2,4;1;187;;QV999999999999;
INTRA-EX;202501;513881387;AC-180-EXM;84198998;FR;PT;10;EXW;11;3;;4,8;1;318;;QV999999999999;
INTRA-EX;202501;513881387;06E898001-6;85111000;FR;PT;10;EXW;11;3;;2,1;1;157;;QV999999999999;
INTRA-EX;202501;513881387;PFR8S8EG-6;87089997;FR;PT;10;EXW;11;3;;0,4;1;68;;QV999999999999;
INTRA-EX;202501;513881387;MS100192-5;84099100;FR;PT;10;EXW;11;3;;2,2;1;226;;QV999999999999;
INTRA-EX;202501;513881387;EVO9202;84213100;FR;PT;10;EXW;11;3;;6,8;1;356;;QV999999999999;
INTRA-EX;202501;513881387;SILZKBR8D8S-6;84099100;FR;PT;10;EXW;11;3;;0,4;1;66;;QV999999999999;
INTRA-EX;202501;513881387;CTS-IGN-008;84099100;FR;PT;10;EXW;11;3;;0,3;6;210;;QV999999999999;
INTRA-EX;202501;513881387;AC-MK7-IM;84099100;FR;PT;10;EXW;11;3;;3;1;449;;FR01821481033;
INTRA-EX;202501;513881387;AC-45-FU-BK;84213100;FR;PT;10;EXW;11;3;;2,7;1;112;;QV999999999999;
INTRA-EX;202501;513881387;S-90-2-12-004-B-BT;87087050;FR;PT;10;EXW;11;3;;1;2;230;;QV999999999999;
INTRA-EX;202501;513881387;MMGRT-235;87089997;FR;PT;10;EXW;11;3;;0,3;1;54;;QV999999999999;
INTRA-EX;202501;513881387;EVE-FLC;87084099;FR;PT;10;EXW;11;3;;0,6;1;28;;QV999999999999;
INTRA-EX;202501;513881387;SILZKBR8D8S-8;85111000;FR;PT;10;EXW;11;3;;0,5;1;88;;QV999999999999;
INTRA-EX;202501;513881387;MS100208-4;84099100;FR;PT;10;EXW;11;3;;1,7;1;119;;QV999999999999;
INTRA-EX;202501;513881387;BKR7EIX-4;84099100;FR;PT;10;EXW;11;3;;0,3;1;40;;QV999999999999;
INTRA-EX;202501;513881387;AC-200-CFA-KIT;87089997;FR;PT;10;EXW;11;3;;0,1;1;32;;QV999999999999;
INTRA-EX;202501;513881387;BKR8EIX-4;85111000;FR;PT;10;EXW;11;3;;0,3;1;41;;QV999999999999;
INTRA-EX;202501;513881387;AC-MK7-CP-5;84099100;FR;PT;10;EXW;11;3;;1,3;1;140;;QV999999999999;
INTRA-EX;202501;513881387;Z1003100-5;85111000;FR;PT;10;EXW;11;3;;0,3;1;150;;QV999999999999;
INTRA-EX;202501;513881387;ES-351102;87083099;FR;PT;10;EXW;11;3;;1,7;1;61;;QV999999999999;
INTRA-EX;202501;513881387;ES-375131;87083099;FR;PT;10;EXW;11;3;;1,2;1;47;;QV999999999999;
INTRA-EX;202501;513881387;MS100244-6;85111000;FR;PT;10;EXW;11;3;;2,4;1;205;;QV999999999999;
INTRA-EX;202501;513881387;AC-WS-BM-10;87088099;FR;PT;10;EXW;11;3;;2,4;1;34;;FR42828064857;
INTRA-EX;202501;513881387;SILZKGR8C8S-6;84099100;FR;PT;10;EXW;11;3;;0,4;1;100;;QV999999999999;
INTRA-EX;202501;513881387;MS100208-4;84099100;FR;PT;10;EXW;11;3;;1,7;1;119;;QV999999999999;
INTRA-EX;202501;513881387;AC-200-CP-4;84099100;FR;PT;10;EXW;11;3;;1;1;82;;QV999999999999;
INTRA-EX;202501;513881387;AC-200-CFA-KIT;87089997;FR;PT;10;EXW;11;3;;0,1;1;32;;QV999999999999;
INTRA-EX;202501;513881387;8E0971824S-BL;84099100;FR;PT;10;EXW;11;3;;0,2;1;18;;QV999999999999;
INTRA-EX;202501;513881387;10.127.101K;84133080;FR;PT;10;EXW;11;3;;0,3;1;314;;FR28824546048;
INTRA-EX;202501;513881387;SAU114B;87088055;FR;PT;10;EXW;11;3;;1,2;1;83;;QV999999999999;
INTRA-EX;202501;513881387;VWR670007;87089997;FR;PT;10;EXW;11;3;;1,1;1;85;;QV999999999999;
INTRA-EX;202501;513881387;EVE-N55V2-CF-INT;84213100;FR;PT;10;EXW;11;3;;5,1;1;1313;;FR91892183393;
INTRA-EX;202501;513881387;SBMC075;87089235;FR;PT;10;EXW;11;3;;6;1;438;;FR91892183393;
INTRA-EX;202501;513881387;BKR7EIX-4;84099100;FR;PT;10;EXW;11;3;;0,3;1;40;;QV999999999999;
INTRA-EX;202501;513881387;AC-MK7-INLET;40091100;FR;PT;10;EXW;11;3;;0,3;1;67;;QV999999999999;
INTRA-EX;202501;513881387;Z1003100-4;85111000;FR;PT;10;EXW;11;3;;0,4;1;120;;QV999999999999;
INTRA-EX;202501;513881387;1CCVW08F041-;84213100;FR;PT;10;EXW;11;3;;1,5;1;207;;QV999999999999;
INTRA-EX;202501;513881387;EVE-E9X-CF-INT;84213100;FR;PT;10;EXW;11;3;;2,5;1;621;;FR26750353237;
INTRA-EX;202501;513881387;EVE-E9X-CF-ARB;87089235;FR;PT;10;EXW;11;3;;1,3;1;428;;FR26750353237;
INTRA-EX;202501;513881387;EVE-E9X-CF-DCT;84213100;FR;PT;10;EXW;11;3;;1,1;1;502;;FR26750353237;
INTRA-EX;202501;513881387;EVE-E9X-CF-PLM;84213100;FR;PT;10;EXW;11;3;;5,6;1;1678;;FR26750353237;
INTRA-EX;202501;513881387;BWF20XZ;87089997;SK;PT;10;EXW;11;3;;6;1;182;;SK2122367423;
INTRA-EX;202501;513881387;BWR21XZ;87089997;SK;PT;10;EXW;11;3;;5,4;1;182;;SK2122367423;
INTRA-EX;202501;513881387;AC-200-SF;87088055;SK;PT;10;EXW;11;3;;4;1;127;;SK2122367423;
INTRA-EX;202501;513881387;JE-315367;87082910;IT;PT;10;EXW;11;3;;1,6;1;723;;IT02643740026;
INTRA-EX;202501;513881387;R-FIA-003-I;84099100;IT;PT;10;EXW;11;3;;2,5;1;453;;IT02643740026;
INTRA-EX;202501;513881387;AC-MK7-MD;87089997;IT;PT;10;EXW;11;3;;0,4;1;43;;IT02710790060;
INTRA-EX;202501;513881387;AC-MK7-INLET;40091100;IT;PT;10;EXW;11;3;;0,3;1;45;;IT02710790060;
INTRA-EX;202501;513881387;AC-MK7-IND-BK;40091100;IT;PT;10;EXW;11;3;;0,9;1;32;;IT02710790060;
INTRA-EX;202501;513881387;AC-211-IT;84198998;IT;PT;10;EXW;11;3;;5,5;1;125;;IT14481871003;
INTRA-EX;202501;513881387;MS100208;85111000;GR;PT;10;EXW;11;3;;0,3;4;99;;GREL156587530;
INTRA-EX;202501;513881387;JSK-103-80;84213100;ES;PT;10;EXW;11;3;;1,3;1;124;;ESB86420924;
INTRA-EX;202501;513881387;06J998907A;87089997;ES;PT;10;EXW;11;3;;0,1;6;34;;QV999999999999;
INTRA-EX;202501;513881387;CTS-HW-0151;84099100;ES;PT;10;EXW;11;3;;1;1;148;;QV999999999999;
INTRA-EX;202501;513881387;EVE-661-G2-FTR;84213100;ES;PT;10;EXW;11;3;;0,6;1;84;;QV999999999999;
INTRA-EX;202501;513881387;VWR180001;84212300;ES;PT;10;EXW;11;3;;0,2;1;54;;QV999999999999;
INTRA-EX;202501;513881387;JSK-314-BK;84213100;ES;PT;10;EXW;11;3;;2,1;1;220;;QV999999999999;
INTRA-EX;202501;513881387;PPF-9772;84213100;ES;PT;10;EXW;11;3;;0,9;1;85;;QV999999999999;
INTRA-EX;202501;513881387;MMTS-MB62-08L;90321020;ES;PT;10;EXW;11;3;;0,2;1;47;;QV999999999999;
INTRA-EX;202501;513881387;CTS-EXH-DP-0039;87089235;ES;PT;10;EXW;11;3;;6,3;1;674;;ESB67497925;
INTRA-EX;202501;513881387;ILFR6B;85111000;ES;PT;10;EXW;11;3;;0,1;5;39;;ESB19781145;
INTRA-EX;202501;513881387;SILFER8C7ES;85111000;ES;PT;10;EXW;11;3;;0,1;15;142;;ESB19781145;
INTRA-EX;202501;513881387;BKR8EIX;85111000;ES;PT;10;EXW;11;3;;0,1;12;106;;ESB19781145;
INTRA-EX;202501;513881387;MS100192;85111000;ES;PT;10;EXW;11;3;;0,3;8;298;;ESB19781145;
INTRA-EX;202501;513881387;06E898001-4;85111000;FR;PT;10;EXW;11;3;;1,5;1;104;;QV999999999999;
INTRA-EX;202501;513881387;06F103483D;87089997;FR;PT;10;EXW;11;3;;0,1;1;8;;QV999999999999;
INTRA-EX;202501;513881387;BKR8EIX-4;85111000;FR;PT;10;EXW;11;3;;0,3;1;41;;QV999999999999;
INTRA-EX;202501;513881387;ACCLAMPHX12-22;40093100;FR;PT;10;EXW;11;3;;0,2;1;0;;QV999999999999;
INTRA-EX;202501;513881387;ACCLAMPHX10-16;40093100;FR;PT;10;EXW;11;3;;0,2;1;0;;QV999999999999;
INTRA-EX;202501;513881387;ACCLAMPHX16-25;40093100;FR;PT;10;EXW;11;3;;0,2;1;1;;QV999999999999;
INTRA-EX;202501;513881387;ACCLAMPHX23-35;40093100;FR;PT;10;EXW;11;3;;0,2;1;1;;QV999999999999;
INTRA-EX;202501;513881387;ACCLAMPHX30-45;40093100;FR;PT;10;EXW;11;3;;0,2;1;1;;QV999999999999;
INTRA-EX;202501;513881387;ACCLAMPHX32-50;40093100;FR;PT;10;EXW;11;3;;0,2;1;1;;QV999999999999;
INTRA-EX;202501;513881387;ACCLAMPHX40-60;40093100;FR;PT;10;EXW;11;3;;0,2;1;1;;QV999999999999;
INTRA-EX;202501;513881387;ACCLAMPHX45-65;40093100;FR;PT;10;EXW;11;3;;0,2;1;1;;QV999999999999;
INTRA-EX;202501;513881387;ACCLAMPHX60-80;40093100;FR;PT;10;EXW;11;3;;0,2;1;1;;QV999999999999;
INTRA-EX;202501;513881387;ACCLAMPHX80-100;40093100;FR;PT;10;EXW;11;3;;0,2;1;1;;QV999999999999;
INTRA-EX;202501;513881387;ACCLAMPHX90-110;40093100;FR;PT;10;EXW;11;3;;0,2;1;2;;QV999999999999;
INTRA-EX;202501;513881387;AC-OPC-DP;87089235;FR;PT;10;EXW;11;3;;1,7;1;97;;QV999999999999;
INTRA-EX;202501;513881387;MMEXH-MUS8-15XP;87089235;FR;PT;10;EXW;11;3;;8,7;1;189;;QV999999999999;
INTRA-EX;202501;513881387;ATMSFO149;87089997;FR;PT;10;EXW;11;3;;11,6;1;388;;QV999999999999;
INTRA-EX;202501;513881387;F2430P+F2431P;87082910;FR;PT;10;EXW;11;3;;1,3;1;757;;FR23410998736;
INTRA-EX;202501;513881387;06E898001-4;85111000;FR;PT;10;EXW;11;3;;1,5;1;104;;QV999999999999;
INTRA-EX;202501;513881387;SD-2357962S;87089997;FR;PT;10;EXW;11;3;;13;1;209;;QV999999999999;
INTRA-EX;202501;513881387;KDT919;87088020;FR;PT;10;EXW;11;3;;1,2;1;78;;QV999999999999;
INTRA-EX;202501;513881387;SBW1162-4P-EB;87083091;FR;PT;10;EXW;11;3;;0,5;1;84;;QV999999999999;
INTRA-EX;202501;513881387;WSK-SUB001;87088055;FR;PT;10;EXW;11;3;;11,2;1;154;;QV999999999999;
INTRA-EX;202501;513881387;AC-200R-DP;87089235;FR;PT;10;EXW;11;3;;9,8;1;249;;QV999999999999;
INTRA-EX;202501;513881387;MMWS-001-200BK;87088099;FR;PT;10;EXW;11;3;;3;1;105;;QV999999999999;
INTRA-EX;202501;513881387;X11127570292ALBK;87089997;FR;PT;10;EXW;11;3;;7,5;1;216;;QV999999999999;
INTRA-EX;202501;513881387;SBW0261-4P-EB;87083091;FR;PT;10;EXW;11;3;;0,5;1;84;;QV999999999999;
INTRA-EX;202501;513881387;RBF600;27101999;FR;PT;10;EXW;11;3;;0,6;3;28;;QV999999999999;
INTRA-EX;202501;513881387;03K906051;90269000;FR;PT;10;EXW;11;3;;0,1;1;19;;QV999999999999;
INTRA-EX;202501;513881387;AC-27-TI;84198998;FR;PT;10;EXW;11;3;;2,8;1;149;;FR87928661826;
INTRA-EX;202501;513881387;FMDVF500A;;ES;PT;10;EXW;11;3;;0,1;1;223;;ES54064762L;
INTRA-EX;202501;513881387;JSK-116-BK;84213100;ES;PT;10;EXW;11;3;;2,2;1;248;;ES54064762L;
INTRA-EX;202501;513881387;JSK-101-DD;84213100;ES;PT;10;EXW;11;3;;4,4;1;249;;ES54064762L;
INTRA-EX;202501;513881387;FMFSITVR-P;;ES;PT;10;EXW;11;3;;0,1;1;216;;ES54064762L;
INTRA-EX;202501;513881387;"CLT / GRB";;ES;PT;10;EXW;11;3;;0,1;1;1600;;ESB70531751;
INTRA-EX;202501;513881387;O/P;;ES;PT;10;EXW;11;3;;0,1;1;150;;ESB70531751;
INTRA-EX;202501;513881387;HP;;ES;PT;10;EXW;11;3;;0,1;1;300;;ESB70531751;
INTRA-EX;202501;513881387;GKIT;;ES;PT;10;EXW;11;3;;0,1;1;120;;ESB70531751;
INTRA-EX;202501;513881387;MS100192;85111000;HU;PT;10;EXW;11;3;;0,3;14;523;;HU25464285;
INTRA-EX;202501;513881387;MS100208;85111000;HU;PT;10;EXW;11;3;;0,3;4;99;;HU25464285;
INTRA-EX;202501;513881387;AC-N54-IC;87089135;HU;PT;10;EXW;11;3;;11,5;2;429;;HU25464285;
INTRA-EX;202501;513881387;VWR1200R600E;84213100;HU;PT;10;EXW;11;3;;4,9;1;309;;HU25464285;
INTRA-EX;202501;513881387;VWR12G7R600ITBLA;84213100;HU;PT;10;EXW;11;3;;0,8;1;76;;HU25464285;
INTRA-EX;202501;513881387;VWR12G7R600ITINLET;87089997;HU;PT;10;EXW;11;3;;0,4;1;100;;HU25464285;
INTRA-EX;202501;513881387;CI100039;40091100;HU;PT;10;EXW;11;3;;2;1;200;;HU25464285;
INTRA-EX;202501;513881387;VWR160001;87089997;HU;PT;10;EXW;11;3;;0,4;1;86;;HU25464285;
INTRA-EX;202501;513881387;EVE-C8RS6-CF-INT;84213100;PL;PT;10;EXW;11;3;;4,8;1;1987;;PL8141683531;
INTRA-EX;202501;513881387;EVE-G8XMV2-CF-INT;84213100;PL;PT;10;EXW;11;3;;7,7;1;1987;;PL8141683531;
INTRA-EX;202501;513881387;MMHOSE-E36-92BK;40091100;BE;PT;10;EXW;11;3;;0,7;1;62;;BE0740963105;
INTRA-EX;202501;513881387;MMFS-E36-92P;84149000;BE;PT;10;EXW;11;3;;5;1;155;;BE0740963105;
INTRA-EX;202501;513881387;MMRT-E36-92E;87089199;BE;PT;10;EXW;11;3;;2,2;1;84;;BE0740963105;
INTRA-EX;202501;513881387;MMOC-E46-01;87089997;BE;PT;10;EXW;11;3;;5;1;588;;BE0740963105;
INTRA-EX;202501;513881387;AC-MK7-FPT;84133080;NL;PT;10;EXW;11;3;;0,1;1;6;;NL866996473B01;
INTRA-EX;202501;513881387;AC-211-CFA;87089997;NL;PT;10;EXW;11;3;;0,1;1;16;;NL866996473B01;
INTRA-EX;202501;513881387;VWR120001;87089997;NL;PT;10;EXW;11;3;;0,1;4;19;;NL866996473B01;
INTRA-EX;202501;513881387;VWR810004;87088055;NL;PT;10;EXW;11;3;;0,7;1;143;;NL866996473B01;
INTRA-EX;202501;513881387;VWR810005;87082990;NL;PT;10;EXW;11;3;;0,4;1;124;;NL866996473B01;
INTRA-EX;202501;513881387;VWR12G7R602ITBLA;84213100;NL;PT;10;EXW;11;3;;0,6;2;152;;NL866996473B01;
INTRA-EX;202501;513881387;VWR180000;87089997;NL;PT;10;EXW;11;3;;0,1;1;9;;NL866996473B01;
INTRA-EX;202501;513881387;VWR69000BF1;87089997;NL;PT;10;EXW;11;3;;0,6;3;34;;NL866996473B01;
INTRA-EX;202501;513881387;EVE-F4XB48-CF-INT;84213100;NL;PT;10;EXW;11;3;;3,7;1;928;;NL866996473B01;
INTRA-EX;202501;513881387;SRNC023;87089235;NL;PT;10;EXW;11;3;;1,2;1;58;;NL866860666B01;
INTRA-EX;202501;513881387;AC-200-DVBO;84818040;NL;PT;10;EXW;11;3;;0,3;1;12;;NL866860666B01;
INTRA-EX;202501;513881387;AC-B58-INLET;40091100;IT;PT;10;EXW;11;3;;0,6;1;71;;IT03656931205;
INTRA-EX;202501;513881387;BKR8EIX;85111000;NL;PT;10;EXW;11;3;;0,1;4;35;;NL866860666B01;
INTRA-EX;202501;513881387;8E0971824S-RD;84099100;NL;PT;10;EXW;11;3;;0,2;1;7;;NL866860666B01;
INTRA-EX;202501;513881387;D650-0003;84099100;IT;PT;10;EXW;11;3;;0,3;4;92;;IT03656931205;
INTRA-EX;202501;513881387;AC-200-VRH-RD;40093100;GR;PT;10;EXW;11;3;;0,6;1;15;;GREL156587530;
INTRA-EX;202501;513881387;AC-UNI-WD;87089997;NL;PT;10;EXW;11;3;;0,2;1;7;;NL866860666B01;
INTRA-EX;202501;513881387;CI100054;40091100;GR;PT;10;EXW;11;3;;4,3;1;187;;GREL156587530;
INTRA-EX;202501;513881387;CI100050;84213100;IT;PT;10;EXW;11;3;;4,2;1;1247;;IT03656931205;
INTRA-EX;202501;513881387;AC-BM-ODP;87089997;NL;PT;10;EXW;11;3;;0,1;1;8;;NL866860666B01;
INTRA-EX;202501;513881387;UR-LA4-1233;87088055;GR;PT;10;EXW;11;3;;2,5;1;67;;GREL156587530;
INTRA-EX;202501;513881387;BKR7EIX;85111000;NL;PT;10;EXW;11;3;;0,1;24;206;;NL866860666B01;
INTRA-EX;202501;513881387;R7437-8;85111000;NL;PT;10;EXW;11;3;;0,1;20;681;;NL866860666B01;
INTRA-EX;202501;513881387;AC-200-HPFP;87089997;IT;PT;10;EXW;11;3;;1;1;323;;IT03656931205;
INTRA-EX;202501;513881387;AC-200-CFA;87089997;IT;PT;10;EXW;11;3;;0,1;1;16;;IT03656931205;
INTRA-EX;202501;513881387;AC-W205-RAD;84198998;GR;PT;10;EXW;11;3;;10;1;539;;GREL156587530;
INTRA-EX;202501;513881387;VWR90000;85111000;NL;PT;10;EXW;11;3;;0,3;3;91;;NL866860666B01;
INTRA-EX;202501;513881387;AC-MK7-FPT;84133080;IT;PT;10;EXW;11;3;;0,1;1;6;;IT08908800967;
INTRA-EX;202501;513881387;10.127.203K;84132000;IT;PT;10;EXW;11;3;;0,3;1;227;;IT08908800967;
INTRA-EX;202501;513881387;9-355-1025;84133080;GR;PT;10;EXW;11;3;;0,8;1;161;;GREL156587530;
INTRA-EX;202501;513881387;MMAI-CIV-16BL;10;IT;PT;10;EXW;11;3;;4,5;1;189;;IT02710790060;
INTRA-EX;202501;513881387;CTS-IGN-008;84099100;NL;PT;10;EXW;11;3;;0,3;2;59;;NL866860666B01;
INTRA-EX;202501;513881387;R7438-9;85111000;GR;PT;10;EXW;11;3;;0,1;5;166;;GREL156587530;
INTRA-EX;202501;513881387;BHF100Z;87088055;IT;PT;10;EXW;11;3;;6;1;196;;IT02710790060;
INTRA-EX;202501;513881387;BHR100Z;87088055;IT;PT;10;EXW;11;3;;5;1;231;;IT02710790060;
INTRA-EX;202501;513881387;VWR900002;85111000;NL;PT;10;EXW;11;3;;0,3;4;122;;NL866996473B01;
INTRA-EX;202501;513881387;VWR12UPITINLET;84213100;NL;PT;10;EXW;11;3;;0,4;1;78;;NL866996473B01;
INTRA-EX;202501;513881387;VWR12G7R600ITINLET;87089997;NL;PT;10;EXW;11;3;;0,4;2;200;;NL866996473B01;
INTRA-EX;202501;513881387;VWR12G7R600ITBLA;84213100;NL;PT;10;EXW;11;3;;0,8;1;76;;NL866996473B01;
INTRA-EX;202501;513881387;D650-0009;84099100;NL;PT;10;EXW;11;3;;0,3;8;201;;NL866996473B01;
INTRA-EX;202501;513881387;VWR640015;87089997;NL;PT;10;EXW;11;3;;2,2;1;65;;NL866996473B01;
INTRA-EX;202501;513881387;VWR160001;87089997;NL;PT;10;EXW;11;3;;0,4;2;171;;NL866996473B01;
INTRA-EX;202501;513881387;SILZKGR8B8S;85111000;NL;PT;10;EXW;11;3;;0,1;1;8;;NL866996473B01;
INTRA-EX;202501;513881387;SILZKFR8D7S;85111000;NL;PT;10;EXW;11;3;;0,2;3;22;;NL866996473B01;
INTRA-EX;202501;513881387;SILZKGR8C8S;85111000;NL;PT;10;EXW;11;3;;0,1;10;150;;NL866996473B01;
INTRA-EX;202501;513881387;CI100039;40091100;GR;PT;10;EXW;11;3;;2;1;198;;GREL156587530;
INTRA-EX;202501;513881387;AC-200-FD;87089997;GR;PT;10;EXW;11;3;;0,5;1;39;;GREL156587530;
INTRA-EX;202501;513881387;CTS-IT-255R;87089135;NL;PT;10;EXW;11;3;;8;1;284;;NL866860666B01;
INTRA-EX;202501;513881387;MMAI-MK7-15WBK;84213100;IT;PT;10;EXW;11;3;;5,6;1;203;;IT03813391202;
INTRA-EX;202501;513881387;SAUX089;87089235;NL;PT;10;EXW;11;3;;11;1;784;;NL866860666B01;
INTRA-EX;202501;513881387;MMAI-CTR-17;84213100;IT;PT;10;EXW;11;3;;5,5;1;309;;IT03813391202;
INTRA-EX;202501;513881387;MMAI-CTR-17UBK;84213100;IT;PT;10;EXW;11;3;;2,4;1;272;;IT03813391202;
INTRA-EX;202501;513881387;MMAI-MK7-15WBK;84213100;IT;PT;10;EXW;11;3;;5,6;1;203;;IT03813391202;
INTRA-EX;202501;513881387;AC-200-VRH-RD;40093100;IT;PT;10;EXW;11;3;;0,6;1;15;;IT03813391202;
INTRA-EX;202501;513881387;10.127.100K;84132000;GR;PT;10;EXW;11;3;;0,3;1;227;;GREL137646504;
INTRA-EX;202501;513881387;SVW0770-4P-RD;87083091;GR;PT;10;EXW;11;3;;0,5;1;51;;GREL137646504;
INTRA-EX;202501;513881387;SP-201;32081090;GR;PT;10;EXW;11;3;;0,5;2;32;;GREL137646504;
INTRA-EX;202501;513881387;VWR900004;85111000;GR;PT;10;EXW;11;3;;0,3;4;131;;GREL137646504;
INTRA-EX;202501;513881387;AC-200-FD;87089997;GR;PT;10;EXW;11;3;;0,5;1;32;;GREL137646504;
INTRA-EX;202501;513881387;AC-200-TP;40091100;GR;PT;10;EXW;11;3;;1,2;1;73;;GREL137646504;
INTRA-EX;202501;513881387;VWR680000;10;NL;PT;10;EXW;11;3;;18;2;928;;NL866860666B01;
INTRA-EX;202501;513881387;VWR1200R600E;84213100;IT;PT;10;EXW;11;3;;4,9;1;309;;IT03813391202;
INTRA-EX;202501;513881387;S-TY/T/3;87089235;IT;PT;10;EXW;11;3;;13;1;2137;;IT12034500012;
INTRA-EX;202501;513881387;E-TY/SS/4;87089235;IT;PT;10;EXW;11;3;;8,7;1;407;;IT12034500012;
INTRA-EX;202501;513881387;MMBCC-F80-15CBE;87089997;IT;PT;10;EXW;11;3;;1,4;1;184;;IT02710790060;
INTRA-EX;202501;513881387;CTS-IT-289;84213100;IT;PT;10;EXW;11;3;;3,3;1;284;;IT02710790060;
INTRA-EX;202501;513881387;SBMP081;87089235;IT;PT;10;EXW;11;3;;11,3;1;258;;IT02710790060;
INTRA-EX;202501;513881387;MMRAD-WRX-01;87089135;IT;PT;10;EXW;11;3;;7,2;1;191;;IT02710790060;
INTRA-EX;202501;513881387;D650-0003;84099100;IT;PT;10;EXW;11;3;;0,3;4;92;;IT02710790060;
INTRA-EX;202501;513881387;AC-MK7-MD;87089997;IT;PT;10;EXW;11;3;;0,4;1;43;;IT12072620011;
INTRA-EX;202501;513881387;MS100208;85111000;IT;PT;10;EXW;11;3;;0,3;4;99;;IT12072620011;
INTRA-EX;202501;513881387;AC-200-CP;84099100;IT;PT;10;EXW;11;3;;0,3;8;109;;IT12072620011;
INTRA-EX;202501;513881387;10.127.203K;84132000;ES;PT;10;EXW;11;3;;0,3;1;227;;ES48924146H;
INTRA-EX;202501;513881387;EVE-EA8884-GTI-INT;84213100;ES;PT;10;EXW;11;3;;4,6;1;999;;ESB19296938;
INTRA-EX;202501;513881387;VWR1200R600E;84213100;ES;PT;10;EXW;11;3;;4,9;1;309;;ESB42954230;
INTRA-EX;202501;513881387;VWR19G706;87089997;ES;PT;10;EXW;11;3;;0,4;2;106;;ESB42954230;
INTRA-EX;202501;513881387;VWR12G7R600OS;84213100;ES;PT;10;EXW;11;3;;0,3;1;21;;ESB42954230;
INTRA-EX;202501;513881387;VWR160001;87089997;ES;PT;10;EXW;11;3;;0,4;2;171;;ESB42954230;
INTRA-EX;202501;513881387;VWR12G7R600ITINLET;87089997;ES;PT;10;EXW;11;3;;0,4;1;100;;ESB42954230;
INTRA-EX;202501;513881387;VWR29G7250;87089135;ES;PT;10;EXW;11;3;;5,5;1;501;;ESB42954230;
INTRA-EX;202501;513881387;MS100192;85111000;ES;PT;10;EXW;11;3;;0,3;20;747;;ESB42954230;
INTRA-EX;202501;513881387;SFDC082;87089235;ES;PT;10;EXW;11;3;;5,6;1;153;;ESB42954230;
INTRA-EX;202501;513881387;CTS-SIL-0070;40091100;ES;PT;10;EXW;11;3;;0,7;1;52;;ES44719365M;
INTRA-EX;202501;513881387;MS100204;85111000;ES;PT;10;EXW;11;3;;0,3;2;74;;ES44719365M;
INTRA-EX;202501;513881387;SAUC093;87089235;ES;PT;10;EXW;11;3;;11,5;1;320;;ES44534463T;
INTRA-EX;202501;513881387;VWR1200R601E;84213100;ES;PT;10;EXW;11;3;;4,9;1;338;;ESB42954230;
INTRA-EX;202501;513881387;MS100208;85111000;ES;PT;10;EXW;11;3;;0,3;16;398;;ESB42954230;
INTRA-EX;202501;513881387;Z1003100;85111000;ES;PT;10;EXW;11;3;;0,1;4;99;;ESB42954230;
INTRA-EX;202501;513881387;VWR8130S3;84099100;ES;PT;10;EXW;11;3;;2,6;1;319;;ESB42954230;
INTRA-EX;202501;513881387;VWR12G7R602ITBLA;84213100;ES;PT;10;EXW;11;3;;0,6;2;152;;ESB42954230;
INTRA-EX;202501;513881387;AC-MK7-INLET;40091100;ES;PT;10;EXW;11;3;;0,3;5;227;;ESB42954230;
INTRA-EX;202501;513881387;VWR12G7R600ITBLA;84213100;ES;PT;10;EXW;11;3;;0,8;3;229;;ESB42954230;
INTRA-EX;202501;513881387;AC-MK7-MD;87089997;ES;PT;10;EXW;11;3;;0,4;3;131;;ESB42954230;
INTRA-EX;202501;513881387;MMRAD-MAC-06;87089135;ES;PT;10;EXW;11;3;;9,1;1;208;;ESB04855516;
INTRA-EX;202501;513881387;MMTS-E46-99V2;87089997;ES;PT;10;EXW;11;3;;0,5;1;68;;ES38873546G;
INTRA-EX;202501;513881387;SAUC040;87089235;ES;PT;10;EXW;11;3;;6;1;277;;ESB04855516;
INTRA-EX;202501;513881387;VWR13G700;84099100;ES;PT;10;EXW;11;3;;2,8;2;936;;ESB86420924;
INTRA-EX;202501;513881387;SVWP054;87089235;ES;PT;10;EXW;11;3;;3,7;1;104;;ES38873546G;
INTRA-EX;202501;513881387;VWR18G700;87089997;ES;PT;10;EXW;11;3;;4;1;420;;ES38873546G;
INTRA-EX;202501;513881387;EVE-EA8884-R-INT;84213100;ES;PT;10;EXW;11;3;;5;1;999;;ESB04855516;
INTRA-EX;202501;513881387;SAUC093;87089235;ES;PT;10;EXW;11;3;;11,5;1;320;;ESB72371628;
INTRA-EX;202501;513881387;D650-0003;84099100;ES;PT;10;EXW;11;3;;0,3;4;92;;ESB04855516;
INTRA-EX;202501;513881387;SHYP104;87089235;ES;PT;10;EXW;11;3;;3,2;1;142;;ESB19296938;
INTRA-EX;202501;513881387;MMRAD-EVO-01;87089135;ES;PT;10;EXW;11;3;;7,8;1;205;;ESB86420924;
INTRA-EX;202501;513881387;MMAI-STI-08WRD;84213100;ES;PT;10;EXW;11;3;;3,7;1;212;;ESB66283003;
INTRA-EX;202501;513881387;KCA416;87141030;ES;PT;10;EXW;11;3;;0,6;1;22;;ESB66283003;
INTRA-EX;202501;513881387;AC-N54-IC;87089135;ES;PT;10;EXW;11;3;;11,5;1;214;;ESB66283003;
INTRA-EX;202501;513881387;VWR1200R601E;84213100;ES;PT;10;EXW;11;3;;4,9;1;338;;ESB64437577;
INTRA-EX;202501;513881387;VWR12G7R600ITBLA;84213100;ES;PT;10;EXW;11;3;;0,8;1;76;;ESB64437577;
INTRA-EX;202501;513881387;MMODP-1415B;87089997;ES;PT;10;EXW;11;3;;0,1;4;37;;ES28841101K;
INTRA-EX;202501;513881387;AC-R56-TB;87089997;ES;PT;10;EXW;11;3;;0,4;2;79;;ES28841101K;
INTRA-EX;202501;513881387;MMRAD-EVO-456;87089135;ES;PT;10;EXW;11;3;;8,2;1;182;;ES43179343V;
INTRA-EX;202501;513881387;SVWP054;87089235;ES;PT;10;EXW;11;3;;3,7;1;104;;ES33558767L;
INTRA-EX;202501;513881387;AC-MK7-INLET;40091100;ES;PT;10;EXW;11;3;;0,3;1;45;;ESE70432497;
INTRA-EX;202501;513881387;AC-MK7-MD;87089997;ES;PT;10;EXW;11;3;;0,4;1;43;;ESE70432497;
INTRA-EX;202501;513881387;VWR12G7R600ITBLA;84213100;ES;PT;10;EXW;11;3;;0,8;1;76;;ESE70432497;
INTRA-EX;202501;513881387;EVE-FLC;87084099;ES;PT;10;EXW;11;3;;0,6;1;21;;ESB19296938;
INTRA-EX;202501;513881387;EVE-E60V2-CF-INT;84213100;FR;PT;10;EXW;11;3;;4,6;1;1087;;FR26750353237;
INTRA-EX;202501;513881387;EVE-E46-INT;84213100;FR;PT;10;EXW;11;3;;3,5;1;696;;FR26750353237;
INTRA-EX;202501;513881387;AC-200-FD;87089997;ES;PT;10;EXW;11;3;;0,5;1;48;;ES45940817L;
INTRA-EX;202501;513881387;DI-BM/CA/10/M;87089235;LU;PT;10;EXW;11;3;;5;1;1164;;QV999999999999;
INTRA-EX;202501;513881387;S90-2-12-023-B-BT;87087050;LU;PT;10;EXW;11;3;;1,8;2;211;;QV999999999999;
INTRA-EX;202501;513881387;ATOILFO4T;87089135;ES;PT;10;EXW;11;3;;4,4;1;389;;ES44701125G;
INTRA-EX;202501;513881387;FMKTS1-BL;40093100;DE;PT;10;EXW;11;3;;1,9;1;187;;QV999999999999;
INTRA-EX;202501;513881387;EVE-G8XMV2-CF-INT;84213100;PL;PT;10;EXW;11;3;;7,7;1;1987;;PL8141683531;
INTRA-EX;202501;513881387;D760-0038;84099100;GR;PT;10;EXW;11;3;;4;1;383;;GREL156587530;
INTRA-EX;202501;513881387;D650-0003;84099100;GR;PT;10;EXW;11;3;;0,3;6;139;;GREL156587530;
INTRA-EX;202501;513881387;U5055-4;84099100;NL;PT;10;EXW;11;3;;1,5;1;87;;QV999999999999;
INTRA-EX;202501;513881387;MMFS-CIV-92;87089997;GR;PT;10;EXW;11;3;;3,3;1;102;;GREL156587530;
INTRA-EX;202501;513881387;UR-TW4-3717;87088055;IT;PT;10;EXW;11;3;;4,3;1;158;;QV999999999999;
INTRA-EX;202501;513881387;FMMD7;87089235;IT;PT;10;EXW;11;3;;0,6;1;90;;IT03528320785;
INTRA-EX;202501;513881387;FMSS7;87089997;IT;PT;10;EXW;11;3;;0,3;1;64;;IT03528320785;
INTRA-EX;202501;513881387;FMBH7-RD;;IT;PT;10;EXW;11;3;;0,1;1;56;;IT03528320785;
INTRA-EX;202501;513881387;AC-200-TP;40091100;IT;PT;10;EXW;11;3;;1,2;1;73;;IT03815490929;
INTRA-EX;202501;513881387;AC-200-CH-BK;40093100;IT;PT;10;EXW;11;3;;1;1;69;;IT03815490929;
INTRA-EX;202501;513881387;EVE-A35-CF-INT;84213100;IT;PT;10;EXW;11;3;;4,2;1;928;;IT03813391202;
INTRA-EX;202501;513881387;EVE-2TFSI-CF-INT;84213100;IT;PT;10;EXW;11;3;;3,1;1;663;;IT03813391202;
INTRA-EX;202501;513881387;MMINT-CTR-17KBKWBK;87089199;IT;PT;10;EXW;11;3;;20,5;1;758;;IT03813391202;
INTRA-EX;202501;513881387;EUPD3003713R;84099100;IT;PT;10;EXW;11;3;;1,2;1;494;;IT03813391202;
INTRA-EX;202501;513881387;AC-MK7-CP;84099100;IT;PT;10;EXW;11;3;;0,3;9;161;;IT03813391202;
INTRA-EX;202501;513881387;MS100192;85111000;IT;PT;10;EXW;11;3;;0,3;16;597;;IT03813391202;
INTRA-EX;202501;513881387;SILFER8C7ES;85111000;IT;PT;10;EXW;11;3;;0,1;16;152;;IT03813391202;
INTRA-EX;202501;513881387;BKR8EIX;85111000;IT;PT;10;EXW;11;3;;0,1;17;151;;IT03813391202;
INTRA-EX;202501;513881387;VWR90000;85111000;IT;PT;10;EXW;11;3;;0,3;4;122;;IT12034500012;
INTRA-EX;202501;513881387;VWR900001;85111000;IT;PT;10;EXW;11;3;;0,3;8;244;;IT12034500012;
INTRA-EX;202501;513881387;VWR900002;85111000;IT;PT;10;EXW;11;3;;0,3;4;122;;IT12034500012;
INTRA-EX;202501;513881387;S-TY/T/3;87089235;IT;PT;10;EXW;11;3;;13;1;2137;;IT12034500012;
INTRA-EX;202501;513881387;E-TY/SS/4;87089235;IT;PT;10;EXW;11;3;;8,7;1;407;;IT12034500012;
INTRA-EX;202501;513881387;VWR120003;87089997;IT;PT;10;EXW;11;3;;1,3;2;357;;IT12034500012;
INTRA-EX;202501;513881387;VWR120010;40091100;IT;PT;10;EXW;11;3;;1,4;1;178;;IT12034500012;
INTRA-EX;202501;513881387;VWR160000;87089997;IT;PT;10;EXW;11;3;;0,7;2;229;;IT12034500012;
INTRA-EX;202501;513881387;SVWX043;87089235;IT;PT;10;EXW;11;3;;10;1;501;;IT02710790060;
INTRA-EX;202501;513881387;6-1002-FRB;84133080;ES;PT;10;EXW;11;3;;0,4;1;83;;ESB76260033;
INTRA-EX;202501;513881387;9-307-1059;84133080;ES;PT;10;EXW;11;3;;0,5;1;122;;ESB76260033;
INTRA-EX;202501;513881387;CTS-IT-272R;84213100;ES;PT;10;EXW;11;3;;3,9;2;419;;ESB76260033;
INTRA-EX;202501;513881387;9-651-1026;84133080;ES;PT;10;EXW;11;3;;0,5;1;103;;ESB76260033;
INTRA-EX;202501;513881387;9-350;87089997;ES;PT;10;EXW;11;3;;1,2;1;142;;ESB76260033;
INTRA-EX;202501;513881387;STY0014-4P-BK;87083091;ES;PT;10;EXW;11;3;;0,5;1;77;;QV999999999999;
INTRA-EX;202501;513881387;MMSK-XT-3;87089997;ES;PT;10;EXW;11;3;;0,3;1;29;;QV999999999999;
INTRA-EX;202501;513881387;SP2070P;84213100;ES;PT;10;EXW;11;3;;2,8;1;269;;QV999999999999;
INTRA-EX;202501;513881387;NST36B;87088035;ES;PT;10;EXW;11;3;;3;1;97;;QV999999999999;
INTRA-EX;202501;513881387;TTE260;84099100;ES;PT;10;EXW;11;3;;11;1;1146;;ESB67497925;
INTRA-EX;202501;513881387;UR-TW4-3717;87088055;ES;PT;10;EXW;11;3;;4,3;1;159;;QV999999999999;
INTRA-EX;202501;513881387;FMHPRM-BK;;ES;PT;10;EXW;11;3;;0,1;1;176;;QV999999999999;
INTRA-EX;202501;513881387;71008-AN029;84213100;ES;PT;10;EXW;11;3;;2;1;379;;ESB19406420;
INTRA-EX;202501;513881387;CTS-IT-805;40091100;ES;PT;10;EXW;11;3;;1,4;1;218;;QV999999999999;
INTRA-EX;202501;513881387;AC-MK7-INLET;40091100;ES;PT;10;EXW;11;3;;0,3;1;66;;QV999999999999;
INTRA-EX;202501;513881387;AC-MK7-MD;87089997;ES;PT;10;EXW;11;3;;0,4;1;65;;QV999999999999;
INTRA-EX;202501;513881387;Z1003100-4;85111000;ES;PT;10;EXW;11;3;;0,4;1;119;;QV999999999999;
INTRA-EX;202501;513881387;VWR17G8R600;84213100;ES;PT;10;EXW;11;3;;0,2;1;38;;ES44534463T;
INTRA-EX;202501;513881387;MMBCC-STNGR-18PBE;87089135;ES;PT;10;EXW;11;3;;1,4;1;127;;ES44534463T;
INTRA-EX;202501;513881387;KTA252;87088035;ES;PT;10;EXW;11;3;;7,5;1;375;;ES44534463T;
INTRA-EX;202501;513881387;VWR31G80R;73209090;ES;PT;10;EXW;11;3;;8;1;161;;ESB63132823;
INTRA-EX;202501;513881387;VWR810002;87089997;ES;PT;10;EXW;11;3;;0,5;1;56;;ESB63132823;
INTRA-EX;202501;513881387;EVE-B9RS5-CF-INT;84213100;ES;PT;10;EXW;11;3;;3,9;1;1178;;ESB86420924;
INTRA-EX;202501;513881387;AC-180-EM;87089997;ES;PT;10;EXW;11;3;;2,3;1;54;;ESB67084251;
INTRA-EX;202501;513881387;MS100208;85111000;ES;PT;10;EXW;11;3;;0,3;8;199;;ESB67084251;
INTRA-EX;202501;513881387;BKR8EIX;85111000;ES;PT;10;EXW;11;3;;0,1;4;35;;ESB67084251;
INTRA-EX;202501;513881387;AC-200K03-MD;84198998;ES;PT;10;EXW;11;3;;0,5;1;44;;ESB67084251;
INTRA-EX;202501;513881387;AC-200-FD;87089997;ES;PT;10;EXW;11;3;;0,5;1;32;;ESB67084251;
INTRA-EX;202501;513881387;VWR13G700;84099100;ES;PT;10;EXW;11;3;;2,8;1;468;;ES33558767L;
INTRA-EX;202501;513881387;PP1290;84213100;FR;PT;10;EXW;11;3;;0,4;1;38;;QV999999999999;
INTRA-EX;202501;513881387;FMDV32A-BK;;FR;PT;10;EXW;11;3;;0,1;1;203;;QV999999999999;
INTRA-EX;202501;513881387;KLC144;87088055;FR;PT;10;EXW;11;3;;1;1;107;;QV999999999999;
INTRA-EX;202501;513881387;238CLSDWABO-R;87089997;FR;PT;10;EXW;11;3;;0,6;1;61;;QV999999999999;
INTRA-EX;202501;513881387;238CLSDWAOP-R;87089997;FR;PT;10;EXW;11;3;;0,6;1;77;;QV999999999999;
INTRA-EX;202501;513881387;238CLSDWAOT-R;87089997;FR;PT;10;EXW;11;3;;0,5;1;48;;QV999999999999;
INTRA-EX;202501;513881387;MMFS-350Z-03;84149000;FR;PT;10;EXW;11;3;;5,8;1;184;;QV999999999999;
INTRA-EX;202501;513881387;06E898001-5;84099100;FR;PT;10;EXW;11;3;;1,9;1;131;;QV999999999999;
INTRA-EX;202501;513881387;SVA1350-4P-EB;87083091;FR;PT;10;EXW;11;3;;0,5;1;94;;QV999999999999;
INTRA-EX;202501;513881387;FMBH1-RD;40091100;FR;PT;10;EXW;11;3;;0,2;1;24;;QV999999999999;
INTRA-EX;202501;513881387;AC-S55-CHP;84835020;FR;PT;10;EXW;11;3;;0,3;1;74;;QV999999999999;
INTRA-EX;202501;513881387;FMKC018-RD;40091100;EE;PT;10;EXW;11;3;;0,5;1;115;;QV999999999999;
INTRA-EX;202501;513881387;PST77;87088035;LT;PT;10;EXW;11;3;;3,2;1;128;;LT100013200915;
INTRA-EX;202501;513881387;AC-200-QS;87089997;HR;PT;10;EXW;11;3;;0,5;1;71;;QV999999999999;
INTRA-EX;202501;513881387;MS100210-6;84099100;RO;PT;10;EXW;11;3;;2,4;1;181;;QV999999999999;
INTRA-EX;202501;513881387;AC-200-TBH-RD;40093100;RO;PT;10;EXW;11;3;;0,2;1;18;;QV999999999999;
INTRA-EX;202501;513881387;AC-200-HS;87089997;RO;PT;10;EXW;11;3;;0,5;1;22;;QV999999999999;
INTRA-EX;202501;513881387;06D115562;84099100;RO;PT;10;EXW;11;3;;0,2;1;4;;QV999999999999;
INTRA-EX;202501;513881387;KLC167A;87088055;DE;PT;10;EXW;11;3;;1,4;1;122;;QV999999999999;
INTRA-EX;202501;513881387;KLC202;87088035;DE;PT;10;EXW;11;3;;1;1;122;;QV999999999999;
INTRA-EX;202501;513881387;CTS-TM-MQB-60D;87089235;HU;PT;10;EXW;11;3;;2,5;1;110;;QV999999999999;
INTRA-EX;202501;513881387;CTS-EM-MQB-60D;87089235;HU;PT;10;EXW;11;3;;1,5;1;110;;QV999999999999;
INTRA-EX;202501;513881387;CTS-IT-250;84213100;HU;PT;10;EXW;11;3;;6,6;1;305;;QV999999999999;
INTRA-EX;202501;513881387;WSK-MB001;87088055;PL;PT;10;EXW;11;3;;8,9;1;154;;PL6772342637;
INTRA-EX;202501;513881387;KLC218;87088055;PL;PT;10;EXW;11;3;;1;1;107;;PL6772342637;
INTRA-EX;202501;513881387;BMF67Z;87088055;PL;PT;10;EXW;11;3;;6,5;1;188;;PL6772342637;
INTRA-EX;202501;513881387;KLC180-335;87088055;PL;PT;10;EXW;11;3;;1,6;1;121;;PL6772342637;
INTRA-EX;202501;513881387;BMR96Z;87088055;PL;PT;10;EXW;11;3;;5,2;1;193;;PL6772342637;
INTRA-EX;202501;513881387;VWR90000-4;84099100;BE;PT;10;EXW;11;3;;1,8;1;173;;QV999999999999;
INTRA-EX;202501;513881387;CTS-IT-255R;87089135;NL;PT;10;EXW;11;3;;8;1;284;;NL866860666B01;
INTRA-EX;202501;513881387;MS100227;84213100;GR;PT;10;EXW;11;3;;0,8;1;150;;GREL156587530;
INTRA-EX;202501;513881387;CTS-HW-306;87089997;NL;PT;10;EXW;11;3;;0,9;1;67;;NL866860666B01;
INTRA-EX;202501;513881387;MMRAD-TINY-01;87089135;GR;PT;10;EXW;11;3;;6,8;1;208;;GREL108534505;
INTRA-EX;202501;513881387;CTS-IGN-006;84099100;NL;PT;10;EXW;11;3;;0,3;4;119;;NL866860666B01;
INTRA-EX;202501;513881387;VWR12G7R602;84213100;GR;PT;10;EXW;11;3;;4,5;2;676;;GREL801324798;
INTRA-EX;202501;513881387;AC-MK7-MD;87089997;NL;PT;10;EXW;11;3;;0,4;1;43;;NL866860666B01;
INTRA-EX;202501;513881387;L3P3BF2X;87089997;NL;PT;10;EXW;11;3;;1;1;252;;NL866860666B01;
INTRA-EX;202501;513881387;1CCVW08F02;87089997;NL;PT;10;EXW;11;3;;2,3;1;143;;NL866860666B01;
INTRA-EX;202501;513881387;AC-200-CP;84099100;NL;PT;10;EXW;11;3;;0,3;1;13;;NL866860666B01;
INTRA-EX;202501;513881387;LTR7IX-11;85111000;NL;PT;10;EXW;11;3;;0,2;6;45;;NL866996473B01;
INTRA-EX;202501;513881387;8E0971824S-RD;84099100;NL;PT;10;EXW;11;3;;0,2;1;7;;NL866996473B01;
INTRA-EX;202501;513881387;VWR12P0GT;84213100;NL;PT;10;EXW;11;3;;2;1;256;;NL866996473B01;
INTRA-EX;202501;513881387;R7438-9;85111000;NL;PT;10;EXW;11;3;;0,1;4;133;;NL866996473B01;
INTRA-EX;202501;513881387;ILZTR6A8G;85111000;NL;PT;10;EXW;11;3;;0,1;4;28;;NL866996473B01;
INTRA-EX;202501;513881387;BKR8EIX;85111000;NL;PT;10;EXW;11;3;;0,1;8;71;;NL866996473B01;
INTRA-EX;202501;513881387;BKR7EIX;85111000;NL;PT;10;EXW;11;3;;0,1;8;68;;NL866996473B01;
INTRA-EX;202501;513881387;VWR180003;87089997;NL;PT;10;EXW;11;3;;0,1;1;21;;NL866996473B01;
INTRA-EX;202501;513881387;AC-211-CFA;87089997;NL;PT;10;EXW;11;3;;0,1;1;16;;NL866996473B01;
INTRA-EX;202501;513881387;D650-0009;84099100;NL;PT;10;EXW;11;3;;0,3;1;25;;NL866996473B01;
INTRA-EX;202501;513881387;UR-TW2-3047;87088055;IT;PT;10;EXW;11;3;;3;1;129;;IT03656931205;
INTRA-EX;202501;513881387;MS100192;85111000;IT;PT;10;EXW;11;3;;0,3;8;298;;IT14481871003;
INTRA-EX;202501;513881387;10.127.203K;84132000;IT;PT;10;EXW;11;3;;0,3;2;454;;IT14481871003;
INTRA-EX;202501;513881387;EVE-ST38Y-CF-INT;84213100;IT;PT;10;EXW;11;3;;7;1;1285;;IT02710790060;
INTRA-EX;202501;513881387;EVE-TRB8V8S-LHD-NIL;85111000;IT;PT;10;EXW;11;3;;0,2;1;428;;IT02710790060;
INTRA-EX;202501;513881387;EVE-TRB8V8S-FLG-STK;85111000;IT;PT;10;EXW;11;3;;0,2;1;35;;IT02710790060;
INTRA-EX;202501;513881387;R7438-9;85111000;IT;PT;10;EXW;11;3;;0,1;4;133;;IT03656931205;
INTRA-EX;202501;513881387;VWR1200R600E;84213100;IT;PT;10;EXW;11;3;;4,9;1;309;;IT03813391202;
INTRA-EX;202501;513881387;AC-200-HPFP;87089997;IT;PT;10;EXW;11;3;;1;2;647;;IT03813391202;
INTRA-EX;202501;513881387;VWR18G700;87089997;IT;PT;10;EXW;11;3;;4;2;840;;IT03813391202;
INTRA-EX;202501;513881387;FMDV8PS3-RD;;IT;PT;10;EXW;11;3;;0,1;1;229;;IT03656931205;
INTRA-EX;202501;513881387;CTS-DP-IK1;87089997;ES;PT;10;EXW;11;3;;0,3;1;13;;QV999999999999;
INTRA-EX;202501;513881387;1K0253144BD;40091100;ES;PT;10;EXW;11;3;;0,2;1;9;;QV999999999999;
INTRA-EX;202501;513881387;AC-200R-DP;87089235;ES;PT;10;EXW;11;3;;9,8;1;247;;QV999999999999;
INTRA-EX;202501;513881387;BKR8EIX-4;85111000;ES;PT;10;EXW;11;3;;0,3;1;41;;QV999999999999;
INTRA-EX;202501;513881387;AC-200-CFA-KIT;87089997;ES;PT;10;EXW;11;3;;0,1;1;32;;QV999999999999;
INTRA-EX;202501;513881387;JSK-101-DD;84213100;ES;PT;10;EXW;11;3;;4,4;1;247;;QV999999999999;
INTRA-EX;202501;513881387;MS100210-4;84099100;ES;PT;10;EXW;11;3;;1,7;1;119;;QV999999999999;
INTRA-EX;202501;513881387;FMSS5;87089997;ES;PT;10;EXW;11;3;;0,2;1;55;;QV999999999999;
INTRA-EX;202501;513881387;VIB-1458;87089235;ES;PT;10;EXW;11;3;;0,2;1;6;;QV999999999999;
INTRA-EX;202501;513881387;FMACVAG03G;84099100;ES;PT;10;EXW;11;3;;0,8;1;140;;QV999999999999;
INTRA-EX;202501;513881387;BFR80;87088055;ES;PT;10;EXW;11;3;;4,7;1;183;;QV999999999999;
INTRA-EX;202501;513881387;AC-MK7-INLET;40091100;ES;PT;10;EXW;11;3;;0,3;3;136;;ESB42954230;
INTRA-EX;202501;513881387;Z1003100;85111000;ES;PT;10;EXW;11;3;;0,1;12;298;;ESB42954230;
INTRA-EX;202501;513881387;MS100192;85111000;ES;PT;10;EXW;11;3;;0,3;24;896;;ESB42954230;
INTRA-EX;202501;513881387;CTS-IT-810;40091100;ES;PT;10;EXW;11;3;;1,4;1;164;;ESB42954230;
INTRA-EX;202501;513881387;CTS-CC-MK6TSI;84099100;ES;PT;10;EXW;11;3;;3;1;337;;ESB42954230;
INTRA-EX;202501;513881387;VWR12G7R600ITINLET;87089997;ES;PT;10;EXW;11;3;;0,4;1;100;;ES33558767L;
INTRA-EX;202501;513881387;VWR1200R601E;84213100;ES;PT;10;EXW;11;3;;4,9;1;338;;ES33558767L;
INTRA-EX;202501;513881387;VWR160001;87089997;ES;PT;10;EXW;11;3;;0,4;1;86;;ES33558767L;
INTRA-EX;202501;513881387;CTS-HW-455;87089997;ES;PT;10;EXW;11;3;;1,4;1;134;;ES44719365M;
INTRA-EX;202501;513881387;CTS-IT-800;84213100;ES;PT;10;EXW;11;3;;4,3;1;247;;ES44719365M;
INTRA-EX;202501;513881387;SHYSP102;87089997;ES;PT;10;EXW;11;3;;2,6;1;119;;ES18062887K;
INTRA-EX;202501;513881387;BMF49Z;87088055;ES;PT;10;EXW;11;3;;6,1;1;159;;ESB42771618;
INTRA-EX;202501;513881387;BMR77Z;87088055;ES;PT;10;EXW;11;3;;2,6;1;153;;ESB42771618;
INTRA-EX;202501;513881387;KLC144;87088055;ES;PT;10;EXW;11;3;;1;1;100;;ESB42771618;
INTRA-EX;202501;513881387;KLC141;87088055;ES;PT;10;EXW;11;3;;1;1;113;;ESB42771618;
INTRA-EX;202501;513881387;VSM58-C1SA3;73209090;ES;PT;10;EXW;11;3;;24,5;1;961;;ESB42771618;
INTRA-EX;202501;513881387;ALP.19.08.0004-1;87089997;ES;PT;10;EXW;11;3;;2;1;570;;ESE74153172;
INTRA-EX;202501;513881387;FMINT28;;ES;PT;10;EXW;11;3;;0,1;1;569;;ESF95832895;
INTRA-EX;202501;513881387;AC-200-PP;84198998;ES;PT;10;EXW;11;3;;0,5;1;81;;ES41011056D;
INTRA-EX;202501;513881387;AC-200K04-OT;87089997;ES;PT;10;EXW;11;3;;1,5;1;111;;ES41011056D;
INTRA-EX;202501;513881387;BKR7EIX-4;84099100;ES;PT;10;EXW;11;3;;0,3;1;40;;ES41011056D;
INTRA-EX;202501;513881387;8E0971824S-BL;84099100;ES;PT;10;EXW;11;3;;0,2;1;18;;ES41011056D;
INTRA-EX;202501;513881387;AC-200-EVAP;87089997;ES;PT;10;EXW;11;3;;0,3;1;20;;ES41011056D;
INTRA-EX;202501;513881387;VWR180002;87089997;ES;PT;10;EXW;11;3;;0,1;1;29;;ES41011056D;
INTRA-EX;202501;513881387;VWR180003;87089997;ES;PT;10;EXW;11;3;;0,1;1;29;;ES41011056D;
INTRA-EX;202501;513881387;CTS-HW-0242;70102000;ES;PT;10;EXW;11;3;;0,5;1;62;;ES41011056D;
INTRA-EX;202501;513881387;VWR190000;87089997;ES;PT;10;EXW;11;3;;0,3;1;108;;ES41011056D;
INTRA-EX;202501;513881387;VWRA10000;87089997;ES;PT;10;EXW;11;3;;0,1;1;8;;ES41011056D;
INTRA-EX;202501;513881387;AC-VAG-BC;87089997;ES;PT;10;EXW;11;3;;0,2;1;22;;ES41011056D;
INTRA-EX;202501;513881387;420103485B;70102000;ES;PT;10;EXW;11;3;;0,1;1;23;;ES41011056D;
INTRA-EX;202501;513881387;420121321;84099100;ES;PT;10;EXW;11;3;;0,1;1;28;;ES41011056D;
INTRA-EX;202501;513881387;AC-VAG-ODP;70102000;ES;PT;10;EXW;11;3;;0,2;1;8;;ES41011056D;
INTRA-EX;202501;513881387;FMACVAG01;84099100;ES;PT;10;EXW;11;3;;0,5;1;116;;ESB54975214;
INTRA-EX;202501;513881387;COMBO-NOV-MQB;84213100;ES;PT;10;EXW;11;3;;5,5;1;437;;ESB66578527;
INTRA-EX;202501;513881387;CI100039;40091100;ES;PT;10;EXW;11;3;;2;1;239;;QV999999999999;
INTRA-EX;202501;513881387;SVW0770-4P-BK;87083091;ES;PT;10;EXW;11;3;;0,5;1;68;;QV999999999999;
INTRA-EX;202501;513881387;DILKAR8R9HS-4;85111000;ES;PT;10;EXW;11;3;;0,3;1;62;;QV999999999999;
INTRA-EX;202501;513881387;UR-TW2-3909;87088055;ES;PT;10;EXW;11;3;;1,9;1;122;;QV999999999999;
INTRA-EX;202501;513881387;FMDVRMA-RD;;ES;PT;10;EXW;11;3;;0,1;1;162;;QV999999999999;
INTRA-EX;202501;513881387;MS100204-4;84099100;ES;PT;10;EXW;11;3;;1,7;1;179;;QV999999999999;
INTRA-EX;202501;513881387;SSU8003-4P-BK;87083091;ES;PT;10;EXW;11;3;;0,5;1;77;;QV999999999999;
INTRA-EX;202501;513881387;216BFWAEBOSM;90262020;ES;PT;10;EXW;11;3;;0,3;1;48;;QV999999999999;
INTRA-EX;202501;513881387;UR-TW2-340;87088055;ES;PT;10;EXW;11;3;;2,5;1;103;;QV999999999999;
INTRA-EX;202501;513881387;CTS-IT-105R;84213100;ES;PT;10;EXW;11;3;;4,6;1;254;;QV999999999999;
INTRA-EX;202501;513881387;ATIKVAG19-BL;84213100;ES;PT;10;EXW;11;3;;4,9;1;211;;ESB13735162;
INTRA-EX;202501;513881387;MS100210-4;84099100;ES;PT;10;EXW;11;3;;1,7;1;119;;ESB13735162;
INTRA-EX;202501;513881387;FMDV6A;84814090;FR;PT;10;EXW;11;3;;1;1;309;;QV999999999999;
INTRA-EX;202501;513881387;10.127.100K;84132000;ES;PT;10;EXW;11;3;;0,3;1;312;;QV999999999999;
INTRA-EX;202501;513881387;JE-337966;87082910;FR;PT;10;EXW;11;3;;3,3;1;856;;FR02903586360;
INTRA-EX;202501;513881387;5B5562H-STD;40091100;FR;PT;10;EXW;11;3;;0,2;1;73;;FR02903586360;
INTRA-EX;202501;513881387;BKR8EIX-4;85111000;ES;PT;10;EXW;11;3;;0,3;1;41;;ESB01796796;
INTRA-EX;202501;513881387;204-4302;87089997;ES;PT;10;EXW;11;3;;1,5;1;189;;ESB01796796;
INTRA-EX;202501;513881387;7-402;87089997;FR;PT;10;EXW;11;3;;0,9;1;147;;QV999999999999;
INTRA-EX;202501;513881387;SSE0433-4P-BK;87083091;ES;PT;10;EXW;11;3;;0,5;1;77;;QV999999999999;
INTRA-EX;202501;513881387;U5055-6;84099100;FR;PT;10;EXW;11;3;;2,1;1;132;;QV999999999999;
INTRA-EX;202501;513881387;DCPR8EKP-6;85111000;FR;PT;10;EXW;11;3;;0,4;1;68;;QV999999999999;
INTRA-EX;202501;513881387;MMTS-GTI-99;90321020;ES;PT;10;EXW;11;3;;0,1;1;47;;QV999999999999;
INTRA-EX;202501;513881387;AC-200-CH-RD;40093100;FR;PT;10;EXW;11;3;;1;1;123;;QV999999999999;
INTRA-EX;202501;513881387;SVW0610-4P-RD;87083091;FR;PT;10;EXW;11;3;;0,5;1;84;;QV999999999999;
INTRA-EX;202501;513881387;RBF600;27101999;FR;PT;10;EXW;11;3;;0,6;3;28;;QV999999999999;
INTRA-EX;202501;513881387;058198025A;87089997;ES;PT;10;EXW;11;3;;0,3;1;8;;QV999999999999;
INTRA-EX;202501;513881387;8E0971824S-RD;84099100;ES;PT;10;EXW;11;3;;0,2;1;14;;QV999999999999;
INTRA-EX;202501;513881387;AC-180-EM;87089997;ES;PT;10;EXW;11;3;;2,3;1;66;;QV999999999999;
INTRA-EX;202501;513881387;SBMXP098;87089235;FR;PT;10;EXW;11;3;;4,5;1;269;;FR90910847292;
INTRA-EX;202501;513881387;SBMP087;87089997;FR;PT;10;EXW;11;3;;19;1;691;;FR90910847292;
INTRA-EX;202501;513881387;SBMC098;87089235;FR;PT;10;EXW;11;3;;7,3;1;541;;FR90910847292;
INTRA-EX;202501;513881387;MMSD-G80-21WBK;87089135;FR;PT;10;EXW;11;3;;4,8;1;361;;FR90910847292;
INTRA-EX;202501;513881387;ATMSSUZ1;87089135;ES;PT;10;EXW;11;3;;4,1;1;370;;QV999999999999;
INTRA-EX;202501;513881387;70017-AS107;84213100;ES;PT;10;EXW;11;3;;0,5;1;33;;QV999999999999;
INTRA-EX;202501;513881387;SILZKBR8D8S-6;84099100;FR;PT;10;EXW;11;3;;0,4;1;66;;QV999999999999;
INTRA-EX;202501;513881387;CTS-IT-255R;87089135;ES;PT;10;EXW;11;3;;8;1;319;;QV999999999999;
INTRA-EX;202501;513881387;TBP-002;87089997;ES;PT;10;EXW;11;3;;0,2;1;22;;QV999999999999;
INTRA-EX;202501;513881387;WHT005184;40091100;FR;PT;10;EXW;11;3;;0,1;1;8;;QV999999999999;
INTRA-EX;202501;513881387;216VWBWEOP270;90269000;ES;PT;10;EXW;11;3;;0,3;1;70;;QV999999999999;
INTRA-EX;202501;513881387;AC-200-OSA;87089997;ES;PT;10;EXW;11;3;;0,2;1;27;;QV999999999999;
INTRA-EX;202501;513881387;SHD0394-6C-EB;87083091;FR;PT;10;EXW;11;3;;0,8;1;196;;QV999999999999;
INTRA-EX;202501;513881387;RE8C-L+RE9B-T;84099100;ES;PT;10;EXW;11;3;;0,3;1;104;;QV999999999999;
INTRA-EX;202501;513881387;06E898001-4;85111000;FR;PT;10;EXW;11;3;;1,5;1;104;;QV999999999999;
INTRA-EX;202501;513881387;BKR7EIX-4;84099100;FR;PT;10;EXW;11;3;;0,3;1;40;;QV999999999999;
INTRA-EX;202501;513881387;17U-06-1000-6;84133080;ES;PT;10;EXW;11;3;;0,6;1;583;;ESB67114637;
INTRA-EX;202501;513881387;DILKAR8R9HS-4;85111000;FR;PT;10;EXW;11;3;;0,3;1;62;;QV999999999999;
INTRA-EX;202501;513881387;BKR8EIX-4;85111000;FR;PT;10;EXW;11;3;;0,3;1;41;;QV999999999999;
INTRA-EX;202501;513881387;SILZKGR8B8S-4;84099100;FR;PT;10;EXW;11;3;;0,3;1;39;;QV999999999999;
INTRA-EX;202501;513881387;VSGB0-C1AA3;87089997;FR;PT;10;EXW;11;3;;21;1;884;;FR77978902617;
INTRA-EX;202501;513881387;MMEXH-MUS8-15HP;87089235;FR;PT;10;EXW;11;3;;5;1;189;;FR56948752100;
INTRA-EX;202501;513881387;KDT957;87089997;FR;PT;10;EXW;11;3;;0,2;1;44;;QV999999999999;
INTRA-EX;202501;513881387;06E898001-4;85111000;FR;PT;10;EXW;11;3;;1,5;1;104;;QV999999999999;
INTRA-EX;202501;513881387;EVE-E39-INT;84213100;FR;PT;10;EXW;11;3;;5,7;1;928;;FR26750353237;
INTRA-EX;202501;513881387;VWR17G8R600;84213100;FR;PT;10;EXW;11;3;;0,2;1;49;;FR15848482378;
INTRA-EX;202501;513881387;VWR12G7R600OS;84213100;FR;PT;10;EXW;11;3;;0,3;1;28;;FR15848482378;
INTRA-EX;202501;513881387;VWR180006;87089997;FR;PT;10;EXW;11;3;;0,1;1;13;;FR15848482378;
INTRA-EX;202501;513881387;VWR19G711;84213100;FR;PT;10;EXW;11;3;;0,3;1;98;;FR15848482378;
INTRA-EX;202501;513881387;VWR120010;40091100;FR;PT;10;EXW;11;3;;1,4;1;229;;FR15848482378;
INTRA-EX;202501;513881387;VWR81G700;87088055;FR;PT;10;EXW;11;3;;2,6;1;410;;FR15848482378;
INTRA-EX;202501;513881387;VWR19G701;87089997;FR;PT;10;EXW;11;3;;0,2;1;59;;FR15848482378;
INTRA-EX;202501;513881387;VWR19G703;70102000;FR;PT;10;EXW;11;3;;0,2;1;86;;FR15848482378;
INTRA-EX;202501;513881387;VWR19G706;87089997;FR;PT;10;EXW;11;3;;0,4;1;79;;FR15848482378;
INTRA-EX;202501;513881387;VWR19G704;70102000;FR;PT;10;EXW;11;3;;0,1;1;74;;FR15848482378;
INTRA-EX;202501;513881387;363326;87082910;FR;PT;10;EXW;11;3;;1,6;1;708;;FR15848482378;
INTRA-EX;202501;513881387;SAUS030C;87089235;FR;PT;10;EXW;11;3;;22,5;1;818;;FR15848482378;
INTRA-EX;202501;513881387;COMBO-NOV-MQB;84213100;FR;PT;10;EXW;11;3;;5,5;1;441;;FR25849320429;
INTRA-EX;202501;513881387;SVW0630-4P-BK;87083091;FR;PT;10;EXW;11;3;;0,5;1;77;;FR25849320429;
INTRA-EX;202501;513881387;VWR17G7R600;40091100;FR;PT;10;EXW;11;3;;0,2;1;49;;FR25849320429;
INTRA-EX;202501;513881387;FMINDK47;84213100;FR;PT;10;EXW;11;3;;5,8;1;618;;FR25849320429;
INTRA-EX;202501;513881387;VWR17G8R600;84213100;FR;PT;10;EXW;11;3;;0,2;1;49;;FR28892994971;
INTRA-EX;202501;513881387;VWR12G7R600OS;84213100;FR;PT;10;EXW;11;3;;0,3;1;28;;FR28892994971;
INTRA-EX;202501;513881387;VWR120000;84213100;FR;PT;10;EXW;11;3;;1;1;27;;FR28892994971;
INTRA-EX;202501;513881387;VWR120010;40091100;FR;PT;10;EXW;11;3;;1,4;1;229;;FR28892994971;
INTRA-EX;202501;513881387;VWR1200R601E;84213100;FR;PT;10;EXW;11;3;;4,9;1;434;;FR28892994971;
INTRA-EX;202501;513881387;ATMSHYU8;87089997;FR;PT;10;EXW;11;3;;2;2;323;;FR28892994971;
INTRA-EX;202501;513881387;FMDV37;84818040;FR;PT;10;EXW;11;3;;0,6;2;343;;FR28892994971;
INTRA-EX;202501;513881387;AC-N55-IC;84198998;FR;PT;10;EXW;11;3;;18;1;374;;FR39810910018;
INTRA-EX;202501;513881387;CTS-IT-800;84213100;FR;PT;10;EXW;11;3;;4,3;1;277;;FR39810910018;
INTRA-EX;202501;513881387;10.127.203T;87089997;FR;PT;10;EXW;11;3;;0,1;1;14;;FR39810910018;
INTRA-EX;202501;513881387;WHT005185;84133080;FR;PT;10;EXW;11;3;;0,1;1;8;;FR39810910018;
INTRA-EX;202501;513881387;AC-MK7-HPFP;87089997;FR;PT;10;EXW;11;3;;1,6;1;490;;FR39810910018;
INTRA-EX;202501;513881387;1K0253144AE;87089997;FR;PT;10;EXW;11;3;;1;1;8;;FR39810910018;
INTRA-EX;202501;513881387;CTS-B8S4-AWIC;84198998;FR;PT;10;EXW;11;3;;10;1;599;;FR40792294522;
INTRA-EX;202501;513881387;10.127.113K;84133080;FR;PT;10;EXW;11;3;;0,3;1;314;;FR40792294522;
INTRA-EX;202501;513881387;MMOC-F80-15;87089135;FR;PT;10;EXW;11;3;;5;1;477;;FR40792294522;
INTRA-EX;202501;513881387;MMTS-F80-15;87089997;FR;PT;10;EXW;11;3;;0,5;1;93;;FR40792294522;
INTRA-EX;202501;513881387;AU33;87089235;FR;PT;10;EXW;11;3;;16,3;1;504;;FR49805122678;
INTRA-EX;202501;513881387;MMRAD-MK7-15;87089135;FR;PT;10;EXW;11;3;;11;1;568;;FR49805122678;
INTRA-EX;202501;513881387;SAUX075;87089235;FR;PT;10;EXW;11;3;;7;1;550;;FR59751371360;
INTRA-EX;202501;513881387;COMBO-NOV-MQB;84213100;FR;PT;10;EXW;11;3;;5,5;1;437;;FR59751371360;
INTRA-EX;202501;513881387;SVW0630-4P-BK;87083091;FR;PT;10;EXW;11;3;;0,5;1;78;;FR59751371360;
INTRA-EX;202501;513881387;F2177P+F2179P;87082910;FR;PT;10;EXW;11;3;;1,5;1;571;;FR70899636575;
INTRA-EX;202501;513881387;999778.999994;84836080;FR;PT;10;EXW;11;3;;6;1;499;;FR70899636575;
INTRA-EX;202501;513881387;MMEXH-MUS8-15HP;87089235;FR;PT;10;EXW;11;3;;5;1;189;;FR73480037662;
INTRA-EX;202501;513881387;MMAI-MUS8-15BK;84213100;FR;PT;10;EXW;11;3;;6,5;1;297;;FR73480037662;
INTRA-EX;202501;513881387;ATMSMINI6;87089997;FR;PT;10;EXW;11;3;;4;1;370;;FR73480037662;
INTRA-EX;202501;513881387;FMHTR56;87089997;FR;PT;10;EXW;11;3;;1;1;224;;FR73480037662;
INTRA-EX;202501;513881387;ATMSMINI7;87089997;FR;PT;10;EXW;11;3;;2;1;233;;FR73480037662;
INTRA-EX;202501;513881387;SBW1175-4P-BK;87083091;FR;PT;10;EXW;11;3;;0,5;1;78;;FR73480037662;
INTRA-EX;202501;513881387;SBMX102;87089235;FR;PT;10;EXW;11;3;;7,4;1;496;;FR76838007433;
INTRA-EX;202501;513881387;ATINTVAG12;87089135;FR;PT;10;EXW;11;3;;18;1;704;;FR76838007433;
INTRA-EX;202501;513881387;AC-MK7-MD;87089997;FR;PT;10;EXW;11;3;;0,4;1;65;;FR76838296978;
INTRA-EX;202501;513881387;VWR12P2GTM;84213100;FR;PT;10;EXW;11;3;;2,1;1;571;;FR76838296978;
INTRA-EX;202501;513881387;FMINDF500-RD;;FR;PT;10;EXW;11;3;;0,1;1;291;;FR76838296978;
INTRA-EX;202501;513881387;FMINLH11-RD;;FR;PT;10;EXW;11;3;;0,1;1;122;;FR76838296978;
INTRA-EX;202501;513881387;MMHOSE-STI-08BK;40091100;FR;PT;10;EXW;11;3;;0,7;1;62;;FR77853794733;
INTRA-EX;202501;513881387;MMRAD-STI-08;87089135;FR;PT;10;EXW;11;3;;6,9;1;284;;FR77853794733;
INTRA-EX;202501;513881387;15w50-5;27101999;FR;PT;10;EXW;11;3;;4,8;1;64;;FR77853794733;
INTRA-EX;202501;513881387;105777;27101999;FR;PT;10;EXW;11;3;;1,1;4;58;;FR77853794733;
INTRA-EX;202501;513881387;COMBO-NOV-MQB;84213100;FR;PT;10;EXW;11;3;;5,5;1;426;;FR77853794733;
INTRA-EX;202501;513881387;GSM64-9USS2;87088020;FR;PT;10;EXW;11;3;;20;1;589;;FR81809520604;
INTRA-EX;202501;513881387;COMBO-NOV-MQB;84213100;FR;PT;10;EXW;11;3;;5,5;1;437;;FR81809520604;
INTRA-EX;202501;513881387;AC-200-HPFP;87089997;FR;PT;10;EXW;11;3;;1;1;479;;FR88853760916;
INTRA-EX;202501;513881387;RF100027;84099100;FR;PT;10;EXW;11;3;;0,7;1;44;;FR88853760916;
INTRA-EX;202501;513881387;CTS-TR-1050;87089997;FR;PT;10;EXW;11;3;;13,6;1;1338;;FR88853760916;
INTRA-EX;202501;513881387;FMINDK28-BL;;FR;PT;10;EXW;11;3;;0,1;1;319;;FR96843769951;
INTRA-EX;202501;513881387;FMDV20-BK;;FR;PT;10;EXW;11;3;;0,1;1;177;;FR96843769951;
INTRA-EX;202501;513881387;ECA913P;84213100;FR;PT;10;EXW;11;3;;3,6;1;254;;FR96843769951;
INTRA-EX;202501;513881387;FMKT035-BL;;FR;PT;10;EXW;11;3;;0,1;1;181;;FR96843769951;
INTRA-EX;202501;513881387;MMRAD-MAC-06;87089135;FR;PT;10;EXW;11;3;;9,1;1;279;;FR79838153807;
INTRA-EX;202501;513881387;L3P3VGR6;90262020;FR;PT;10;EXW;11;3;;0,3;1;322;;FR79838153807;
INTRA-EX;202501;513881387;AC-200-CFA-KIT;87089997;FR;PT;10;EXW;11;3;;0,1;1;32;;FR79838153807;
INTRA-EX;202501;513881387;2Q0121321A;87089997;FR;PT;10;EXW;11;3;;0,2;1;8;;FR79838153807;
INTRA-EX;202501;513881387;BWR21XZ;87089997;FR;PT;10;EXW;11;3;;5,4;1;182;;FR79838153807;
INTRA-EX;202501;513881387;SHD014;87089235;FR;PT;10;EXW;11;3;;25,5;1;991;;FR79838153807;
INTRA-EX;202501;513881387;SHD0394-6P-BK;;FR;PT;10;EXW;11;3;;0,1;1;154;;FR79838153807;
INTRA-EX;202501;513881387;AC-WS-15-FK;87088099;FR;PT;10;EXW;11;3;;1,9;2;119;;FR79838153807;
INTRA-EX;202501;513881387;52009-AK005;84213100;FR;PT;10;EXW;11;3;;0,4;1;19;;FR79838153807;
INTRA-EX;202501;513881387;MMODP-1415B;87089997;FR;PT;10;EXW;11;3;;0,1;1;12;;FR79838153807;
INTRA-EX;202501;513881387;VIB-1559;87089997;FR;PT;10;EXW;11;3;;0,2;1;4;;FR79838153807;
INTRA-EX;202501;513881387;GSGH2-91AS3;87089997;FR;PT;10;EXW;11;3;;25;1;707;;FR09848339883;
INTRA-EX;202501;513881387;SBMV067D;87089235;FR;PT;10;EXW;11;3;;24,8;1;1069;;FR09848339883;
INTRA-EX;202501;513881387;SAU077;87089235;FR;PT;10;EXW;11;3;;25;1;988;;FR09817872765;
INTRA-EX;202501;513881387;SP1987BLK;84213100;FR;PT;10;EXW;11;3;;6,4;1;459;;FR09817872765;
INTRA-EX;202501;513881387;613182.654150;87089997;FR;PT;10;EXW;11;3;;0,5;1;62;;FR08880445945;
INTRA-EX;202501;513881387;001422.999502;84836080;FR;PT;10;EXW;11;3;;7;1;560;;FR08880445945;
INTRA-EX;202501;513881387;RBF600;27101999;FR;PT;10;EXW;11;3;;0,6;2;19;;FR08880445945;
INTRA-EX;202501;513881387;20VW33006X-RD;87089997;FR;PT;10;EXW;11;3;;26,7;1;1056;;FR08880445945;
INTRA-EX;202501;513881387;EVE-N55V2-CF-INT;84213100;FR;PT;10;EXW;11;3;;5,1;1;1313;;FR07892200049;
INTRA-EX;202501;513881387;ATINTVAG13;87089997;FR;PT;10;EXW;11;3;;17,1;1;558;;FR07892200049;
INTRA-EX;202501;513881387;FMGOLFIND-BK;;FR;PT;10;EXW;11;3;;0,1;1;188;;FR07892200049;
INTRA-EX;202501;513881387;VWR150003;90269000;FR;PT;10;EXW;11;3;;0,4;1;93;;FR05800454118;
INTRA-EX;202501;513881387;AC-200-QS;87089997;FR;PT;10;EXW;11;3;;0,5;1;74;;FR05800454118;
INTRA-EX;202501;513881387;KDT975;87088055;FR;PT;10;EXW;11;3;;1,3;1;206;;FR05800454118;
INTRA-EX;202501;513881387;BWR25XZ;87088055;FR;PT;10;EXW;11;3;;5;1;212;;FR05800454118;
INTRA-EX;202501;513881387;CTS-HW-257;87089997;FR;PT;10;EXW;11;3;;0,4;1;91;;FR05800454118;
INTRA-EX;202501;513881387;AC-MK7-FU-BK;87088055;FR;PT;10;EXW;11;3;;3;1;82;;FR05800454118;
INTRA-EX;202501;513881387;AC-WS-10;87088099;FR;PT;10;EXW;11;3;;2,3;2;68;;FR05800454118;
INTRA-EX;202501;513881387;BWF22Z;87088055;FR;PT;10;EXW;11;3;;6,7;1;212;;FR05800454118;
INTRA-EX;202501;513881387;AC-200-CFA;87089997;FR;PT;10;EXW;11;3;;0,1;1;25;;FR05800454118;
INTRA-EX;202501;513881387;284779;87082910;FR;PT;10;EXW;11;3;;2,5;1;691;;FR05800454118;
INTRA-EX;202501;513881387;AC-200-VRH-RD;40093100;FR;PT;10;EXW;11;3;;0,6;1;23;;FR05800454118;
INTRA-EX;202501;513881387;SVW0615-4P-EB;87083091;FR;PT;10;EXW;11;3;;0,5;1;78;;QV999999999999;
INTRA-EX;202501;513881387;1K0121407A;87089997;FR;PT;10;EXW;11;3;;0,8;2;19;;QV999999999999;
INTRA-EX;202501;513881387;SD-3714087;87083099;FR;PT;10;EXW;11;3;;15,3;1;178;;QV999999999999;
INTRA-EX;202501;513881387;ES-351102;87083099;FR;PT;10;EXW;11;3;;1,7;1;61;;QV999999999999;
INTRA-EX;202501;513881387;IKR9J8-4;87089997;FR;PT;10;EXW;11;3;;0,3;1;44;;QV999999999999;
INTRA-EX;202501;513881387;VWR180000;87089997;FR;PT;10;EXW;11;3;;0,1;1;15;;QV999999999999;
INTRA-EX;202501;513881387;06J103600AFKIT;84099100;FR;PT;10;EXW;11;3;;2,5;1;49;;QV999999999999;
INTRA-EX;202501;513881387;U5055-4;84099100;FR;PT;10;EXW;11;3;;1,5;1;88;;QV999999999999;
INTRA-EX;202501;513881387;FM225AH-RD;40093100;FR;PT;10;EXW;11;3;;0,3;1;45;;QV999999999999;
INTRA-EX;202501;513881387;FMKCTT225-RD;40093100;FR;PT;10;EXW;11;3;;2,8;1;305;;QV999999999999;
INTRA-EX;202501;513881387;MMRAD-E90-07A;87089135;FR;PT;10;EXW;11;3;;6,4;1;531;;FR35504243288;
INTRA-EX;202501;513881387;U5055-6;84099100;FR;PT;10;EXW;11;3;;2,1;1;132;;FR35504243288;
INTRA-EX;202501;513881387;11127565286;84836080;FR;PT;10;EXW;11;3;;0,4;1;10;;FR35504243288;
INTRA-EX;202501;513881387;D650-0003-6;84099100;FR;PT;10;EXW;11;3;;2,4;1;170;;FR35504243288;
INTRA-EX;202501;513881387;CTS-IGN-008;84099100;FR;PT;10;EXW;11;3;;0,3;6;210;;FR35504243288;
INTRA-EX;202501;513881387;KDT914;87088020;FR;PT;10;EXW;11;3;;0,4;1;23;;QV999999999999;
INTRA-EX;202501;513881387;CTS-IT-105R;84213100;FR;PT;10;EXW;11;3;;4,6;1;256;;QV999999999999;
INTRA-EX;202501;513881387;BKR8EIX-4;85111000;FR;PT;10;EXW;11;3;;0,3;1;41;;QV999999999999;
INTRA-EX;202501;513881387;4B1609H-STD;40091100;FR;PT;10;EXW;11;3;;0,5;3;133;;QV999999999999;
INTRA-EX;202501;513881387;8E0971824S-RD;84099100;FR;PT;10;EXW;11;3;;0,2;1;14;;QV999999999999;
INTRA-EX;202501;513881387;AC-200-VRH-RD;40093100;FR;PT;10;EXW;11;3;;0,6;1;23;;QV999999999999;
INTRA-EX;202501;513881387;6-45-M52;84133080;FR;PT;10;EXW;11;3;;0,5;1;35;;FR04819175829;
INTRA-EX;202501;513881387;CTS-IGN-007;84099100;FR;PT;10;EXW;11;3;;0,3;4;140;;QV999999999999;
INTRA-EX;202501;513881387;BKR7EIX-4;84099100;FR;PT;10;EXW;11;3;;0,3;1;40;;QV999999999999;
INTRA-EX;202501;513881387;FMINDDS3-BK;;FR;PT;10;EXW;11;3;;0,1;1;132;;QV999999999999;
INTRA-EX;202501;513881387;5W40;27101999;FR;PT;10;EXW;11;3;;1,9;2;58;;QV999999999999;
INTRA-EX;202501;513881387;BKR8EIX-4;85111000;FR;PT;10;EXW;11;3;;0,3;2;83;;QV999999999999;
INTRA-EX;202501;513881387;MS100192-4;84099100;FR;PT;10;EXW;11;3;;1,7;1;180;;QV999999999999;
INTRA-EX;202501;513881387;E10-20-031-09-22;73202081;FR;PT;10;EXW;11;3;;9,2;1;201;;QV999999999999;
INTRA-EX;202501;513881387;FMINLH25-BK;;FR;PT;10;EXW;11;3;;0,1;1;70;;QV999999999999;
INTRA-EX;202501;513881387;06F103483D;87089997;FR;PT;10;EXW;11;3;;0,1;1;8;;QV999999999999;
INTRA-EX;202501;513881387;06F129717D;87089235;FR;PT;10;EXW;11;3;;0,1;1;8;;QV999999999999;
INTRA-EX;202501;513881387;BKR7EIX-4;84099100;FR;PT;10;EXW;11;3;;0,3;1;40;;QV999999999999;
INTRA-EX;202501;513881387;06F129101P;84814090;FR;PT;10;EXW;11;3;;0,2;1;17;;QV999999999999;
INTRA-EX;202501;513881387;MS100208-4;84099100;FR;PT;10;EXW;11;3;;1,7;1;119;;QV999999999999;
INTRA-EX;202501;513881387;10.127.203K;84132000;FR;PT;10;EXW;11;3;;0,3;1;314;;QV999999999999;
INTRA-EX;202501;513881387;AC-WS-BM-15-BT;87088099;FR;PT;10;EXW;11;3;;2,4;1;45;;QV999999999999;
INTRA-EX;202501;513881387;ILFR6B-5;84099100;FR;PT;10;EXW;11;3;;0,3;1;46;;QV999999999999;
INTRA-EX;202501;513881387;AC-200-CFA-KIT;87089997;FR;PT;10;EXW;11;3;;0,1;1;32;;QV999999999999;
INTRA-EX;202501;513881387;TS-0203-1101;87089997;FR;PT;10;EXW;11;3;;0,1;1;24;;QV999999999999;
INTRA-EX;202501;513881387;AC-452-RAD;84198998;FR;PT;10;EXW;11;3;;2,8;1;249;;QV999999999999;
INTRA-EX;202501;513881387;SILZKGR8B8S-6;85111000;FR;PT;10;EXW;11;3;;0,4;1;59;;QV999999999999;
INTRA-EX;202501;513881387;5M1573H-STD;40091100;BG;PT;10;EXW;11;3;;0,7;1;159;;QV999999999999;
INTRA-EX;202501;513881387;TS-0203-1252;87089997;DK;PT;10;EXW;11;3;;0,4;1;177;;QV999999999999;
INTRA-EX;202501;513881387;EVE-FX34M-PF;84213100;PL;PT;10;EXW;11;3;;1,5;1;142;;PL6972395288;
INTRA-EX;202501;513881387;EVE-F56-PL-INT;84213100;PL;PT;10;EXW;11;3;;4,8;1;714;;PL8141683531;
INTRA-EX;202501;513881387;VWR19G711;84213100;GR;PT;10;EXW;11;3;;0,3;1;65;;GREL801324798;
INTRA-EX;202501;513881387;VWR19G707;84213100;GR;PT;10;EXW;11;3;;0,1;1;49;;GREL801324798;
INTRA-EX;202501;513881387;VWR19G706;87089997;GR;PT;10;EXW;11;3;;0,4;1;53;;GREL801324798;
INTRA-EX;202501;513881387;VWR19G701;87089997;GR;PT;10;EXW;11;3;;0,2;1;51;;GREL801324798;
INTRA-EX;202501;513881387;VWR19G704;70102000;GR;PT;10;EXW;11;3;;0,1;1;49;;GREL801324798;
INTRA-EX;202501;513881387;VWR810005;87082990;GR;PT;10;EXW;11;3;;0,4;1;124;;GREL801324798;
INTRA-EX;202501;513881387;VWR180006;87089997;GR;PT;10;EXW;11;3;;0,1;2;20;;GREL801324798;
INTRA-EX;202501;513881387;VWR180002;87089997;GR;PT;10;EXW;11;3;;0,1;2;42;;GREL801324798;
INTRA-EX;202501;513881387;VWR180003;87089997;GR;PT;10;EXW;11;3;;0,1;2;42;;GREL801324798;
INTRA-EX;202501;513881387;VWR810009;87089997;GR;PT;10;EXW;11;3;;0,2;1;40;;GREL801324798;
INTRA-EX;202501;513881387;L3P3A8YX;87089997;GR;PT;10;EXW;11;3;;0,5;1;271;;GREL801324798;
INTRA-EX;202501;513881387;L3P3A8SX;87089997;GR;PT;10;EXW;11;3;;0,3;1;259;;GREL801324798;
INTRA-EX;202501;513881387;VWR12G7R602ITBLA;84213100;GR;PT;10;EXW;11;3;;0,6;2;152;;GREL801324798;
INTRA-EX;202501;513881387;VWR1200R600E;84213100;GR;PT;10;EXW;11;3;;4,9;3;928;;GREL801324798;
INTRA-EX;202501;513881387;MMRAD-GLF-99;87089135;GR;PT;10;EXW;11;3;;8;2;417;;GREL108534505;
INTRA-EX;202501;513881387;CG85-02-0C20;84213100;GR;PT;10;EXW;11;3;;4,1;1;513;;GREL156587530;
INTRA-EX;202501;513881387;9-654-1025;84133080;GR;PT;10;EXW;11;3;;0,8;1;129;;GREL156587530;
INTRA-EX;202501;513881387;SP-204;32081090;NL;PT;10;EXW;11;3;;0,5;7;114;;NL857445832B01;
INTRA-EX;202501;513881387;UR-TW2-339;87088055;NL;PT;10;EXW;11;3;;2,1;1;74;;NL857445832B01;
INTRA-EX;202501;513881387;MMFS-CIV-92;87089997;NL;PT;10;EXW;11;3;;3,3;1;102;;NL857445832B01;
INTRA-EX;202501;513881387;R7437-8;85111000;NL;PT;10;EXW;11;3;;0,1;4;136;;NL866860666B01;
INTRA-EX;202501;513881387;WHT005185;84133080;NL;PT;10;EXW;11;3;;0,1;1;4;;NL866860666B01;
INTRA-EX;202501;513881387;MMAI-MIN-14WBK;84213100;NL;PT;10;EXW;11;3;;3,7;1;185;;NL866860666B01;
INTRA-EX;202501;513881387;MMBCC-N54-06CBE2;87089997;NL;PT;10;EXW;11;3;;2,1;1;140;;NL866860666B01;
INTRA-EX;202501;513881387;AC-200-EM;87089997;NL;PT;10;EXW;11;3;;2,3;1;54;;NL866860666B01;
INTRA-EX;202501;513881387;TTE480;84099100;IT;PT;10;EXW;11;3;;16,5;1;1796;;IT03813391202;
INTRA-EX;202501;513881387;AMT;87089997;ES;PT;10;EXW;11;3;;0,7;1;269;;ESJ76243781;
INTRA-EX;202501;513881387;VWR900001-5;85111000;ES;PT;10;EXW;11;3;;2,2;1;219;;ESB16411035;
INTRA-EX;202501;513881387;SVW0630-4P-RD;87083091;ES;PT;10;EXW;11;3;;0,5;1;77;;QV999999999999;
INTRA-EX;202501;513881387;FMHPRM-RD;;ES;PT;10;EXW;11;3;;0,1;1;176;;QV999999999999;
INTRA-EX;202501;513881387;FMRMBHT-BK;;ES;PT;10;EXW;11;3;;0,1;1;44;;QV999999999999;
INTRA-EX;202501;513881387;FMRMBHT-RD;;ES;PT;10;EXW;11;3;;0,1;1;44;;QV999999999999;
INTRA-EX;202501;513881387;FMRMCLMP;87089997;ES;PT;10;EXW;11;3;;0,1;1;29;;QV999999999999;
INTRA-EX;202501;513881387;MS100192-5;84099100;ES;PT;10;EXW;11;3;;2,2;1;224;;QV999999999999;
INTRA-EX;202501;513881387;06J103600AFKIT;84099100;ES;PT;10;EXW;11;3;;2,5;1;49;;QV999999999999;
INTRA-EX;202501;513881387;503-N101;84213100;ES;PT;10;EXW;11;3;;0,4;1;29;;QV999999999999;
INTRA-EX;202501;513881387;KDT958;87089997;ES;PT;10;EXW;11;3;;0,2;1;43;;QV999999999999;
INTRA-EX;202501;513881387;ESR1581WRD;84213100;ES;PT;10;EXW;11;3;;4,5;1;312;;QV999999999999;
INTRA-EX;202501;513881387;MS100210;85111000;ES;PT;10;EXW;11;3;;0,3;6;149;;ESB42771618;
INTRA-EX;202501;513881387;SILZKGR8B8S;85111000;ES;PT;10;EXW;11;3;;0,1;8;67;;ESB42771618;
INTRA-EX;202501;513881387;AC-MK7-CP;84099100;ES;PT;10;EXW;11;3;;0,3;8;143;;ESB42771618;
INTRA-EX;202501;513881387;SHYP103;87089235;ES;PT;10;EXW;11;3;;3,2;1;142;;ESB42771618;
INTRA-EX;202501;513881387;SHYSP102;87089997;ES;PT;10;EXW;11;3;;2,6;1;119;;ESB42771618;
INTRA-EX;202501;513881387;AC-MK7-INLET;40091100;ES;PT;10;EXW;11;3;;0,3;2;91;;ESB42771618;
INTRA-EX;202501;513881387;AC-MK7-MD;87089997;ES;PT;10;EXW;11;3;;0,4;2;87;;ESB42771618;
INTRA-EX;202501;513881387;JSK-101-DD;84213100;FR;PT;10;EXW;11;3;;4,4;1;249;;FR90482187705;
INTRA-EX;202501;513881387;AC-200K03-MD;84198998;FR;PT;10;EXW;11;3;;0,5;1;67;;QV999999999999;
INTRA-EX;202501;513881387;AC-200-TP;40091100;FR;PT;10;EXW;11;3;;1,2;1;112;;QV999999999999;
INTRA-EX;202501;513881387;06F103483D;87089997;FR;PT;10;EXW;11;3;;0,1;1;8;;QV999999999999;
INTRA-EX;202501;513881387;9-654-1025;84133080;FR;PT;10;EXW;11;3;;0,8;1;165;;QV999999999999;
INTRA-EX;202501;513881387;WHT005184;40091100;FR;PT;10;EXW;11;3;;0,1;1;8;;QV999999999999;
INTRA-EX;202501;513881387;BKR8EIX-4;85111000;FR;PT;10;EXW;11;3;;0,3;1;41;;QV999999999999;
INTRA-EX;202501;513881387;AC-S55-CHP;84835020;FR;PT;10;EXW;11;3;;0,3;1;74;;QV999999999999;
INTRA-EX;202501;513881387;R01-10-2;40091100;FR;PT;10;EXW;11;3;;0,1;1;82;;QV999999999999;
INTRA-EX;202501;513881387;06E898001-5;84099100;FR;PT;10;EXW;11;3;;1,9;1;131;;QV999999999999;
INTRA-EX;202501;513881387;COASFST16T3;40091100;FR;PT;10;EXW;11;3;;1,7;1;245;;QV999999999999;
INTRA-EX;202501;513881387;KDT919;87088020;FR;PT;10;EXW;11;3;;1,2;1;78;;QV999999999999;
INTRA-EX;202501;513881387;6B1584H-STD;40091100;FR;PT;10;EXW;11;3;;0,4;1;134;;QV999999999999;
INTRA-EX;202501;513881387;SBMP087;87089997;FR;PT;10;EXW;11;3;;19;1;691;;FR13914440987;
INTRA-EX;202501;513881387;MMICP-FIST-14HP;40091100;FR;PT;10;EXW;11;3;;3,4;1;124;;QV999999999999;
INTRA-EX;202501;513881387;MMICP-FIST-14CP;87089199;FR;PT;10;EXW;11;3;;2,8;1;144;;QV999999999999;
INTRA-EX;202501;513881387;VWR160001;87089997;FR;PT;10;EXW;11;3;;0,4;1;86;;FR82530667591;
INTRA-EX;202501;513881387;VWR12G7R600ITINLET;87089997;FR;PT;10;EXW;11;3;;0,4;1;100;;FR82530667591;
INTRA-EX;202501;513881387;SVAGC005;87089235;FR;PT;10;EXW;11;3;;11;1;251;;FR49984842823;
INTRA-EX;202501;513881387;AC-MQB-IC;84198998;FR;PT;10;EXW;11;3;;16,3;1;324;;FR49984842823;
INTRA-EX;202501;513881387;AC-WS-BM-10-BT;87088099;CY;PT;10;EXW;11;3;;2,4;1;45;;CY01061320R;
INTRA-EX;202501;513881387;MMHOSE-S2K-00IHRD;40091100;CY;PT;10;EXW;11;3;;0,9;1;98;;CY01061320R;
INTRA-EX;202501;513881387;CTS-IT-300R;84213100;AT;PT;10;EXW;11;3;;4,1;1;273;;QV999999999999;
INTRA-EX;202501;513881387;SILZKBR8D8S-6;84099100;IE;PT;10;EXW;11;3;;0,4;1;64;;QV999999999999;
INTRA-EX;202501;513881387;MMTS-F80-15;87089997;IE;PT;10;EXW;11;3;;0,5;1;90;;QV999999999999;
INTRA-EX;202501;513881387;E20-15-021-06-22;73202081;LU;PT;10;EXW;11;3;;9,2;1;211;;QV999999999999;
INTRA-EX;202501;513881387;204-4302;87089997;SK;PT;10;EXW;11;3;;1,5;1;189;;SK2121638398;
INTRA-EX;202501;513881387;R-AUD-010-I;84833080;SK;PT;10;EXW;11;3;;3,3;1;523;;SK2121638398;
INTRA-EX;202501;513881387;204-5408;87089997;SK;PT;10;EXW;11;3;;1;1;155;;SK2121638398;
INTRA-EX;202501;513881387;F2177P+F2179P;87082910;SK;PT;10;EXW;11;3;;1,5;1;571;;SK2121638398;
INTRA-EX;202501;513881387;KT4025;87089997;SK;PT;10;EXW;11;3;;0,8;1;681;;SK2121638398;
INTRA-EX;202501;513881387;353850;87082910;SK;PT;10;EXW;11;3;;2,5;1;685;;SK2121638398;
INTRA-EX;202501;513881387;VWR18G700-SERV;87089997;SK;PT;10;EXW;11;3;;0,1;1;31;;SK2121638398;
INTRA-EX;202501;513881387;5M5585H-STD;40091100;SK;PT;10;EXW;11;3;;0,3;2;182;;SK2121638398;
INTRA-EX;202501;513881387;BBR38Z;85111000;SI;PT;10;EXW;11;3;;5;1;180;;QV999999999999;
INTRA-EX;202501;513881387;SSE0433-4P-YE;87083091;SK;PT;10;EXW;11;3;;0,5;1;77;;SK2121645570;
INTRA-EX;202501;513881387;SAU0631-4C-YE;87083091;SK;PT;10;EXW;11;3;;0,5;1;105;;SK2121645570;
INTRA-EX;202501;513881387;ATIKVAG19-RD;84213100;HR;PT;10;EXW;11;3;;4,9;1;202;;QV999999999999;
INTRA-EX;202501;513881387;AC-45-FU-BK;84213100;LU;PT;10;EXW;11;3;;2,7;1;115;;QV999999999999;
INTRA-EX;202501;513881387;PX1974;84213100;LU;PT;10;EXW;11;3;;2,5;1;219;;QV999999999999;
INTRA-EX;202501;513881387;U5001-4;84099100;SI;PT;10;EXW;11;3;;1,5;1;77;;QV999999999999;
INTRA-EX;202501;513881387;JSK-101-DD;84213100;SE;PT;10;EXW;11;3;;4,4;1;239;;QV999999999999;
INTRA-EX;202501;513881387;6-45-M54;84133080;DE;PT;10;EXW;11;3;;0,5;1;36;;QV999999999999;
INTRA-EX;202501;513881387;8E0971824S-RD;84099100;SK;PT;10;EXW;11;3;;0,2;1;14;;QV999999999999;
INTRA-EX;202501;513881387;016CA17146;84099100;SI;PT;10;EXW;11;3;;2,7;1;453;;SI59326506;
INTRA-EX;202501;513881387;AC-500-QS;87089997;DE;PT;10;EXW;11;3;;0,4;1;37;;QV999999999999;
INTRA-EX;202501;513881387;KCA485;87089997;SK;PT;10;EXW;11;3;;2;1;100;;SK2121162582;
INTRA-EX;202501;513881387;MMFS-350Z-03;84149000;DE;PT;10;EXW;11;3;;5,8;1;186;;QV999999999999;
INTRA-EX;202501;513881387;CTS-IT-938;84213100;SK;PT;10;EXW;11;3;;3,6;1;366;;QV999999999999;
INTRA-EX;202501;513881387;FMCTMK5;84099100;HU;PT;10;EXW;11;3;;1,6;1;343;;QV999999999999;
INTRA-EX;202501;513881387;AC-MK7-RL;87088055;DE;PT;10;EXW;11;3;;0,5;1;60;;QV999999999999;
INTRA-EX;202501;513881387;9-421s-1005;84133080;DE;PT;10;EXW;11;3;;0,6;1;158;;QV999999999999;
INTRA-EX;202501;513881387;06E898001-4;85111000;DE;PT;10;EXW;11;3;;1,5;1;105;;QV999999999999;
INTRA-EX;202501;513881387;SD-3559302;87089997;PL;PT;10;EXW;11;3;;12;1;176;;PL6131503549;
INTRA-EX;202501;513881387;CTS-EXH-CB-0007.0;87089235;BE;PT;10;EXW;11;3;;23,3;1;863;;BE0764305164;
INTRA-EX;202501;513881387;034-108-1005;84213100;BE;PT;10;EXW;11;3;;3,6;1;580;;BE0764305164;
INTRA-EX;202501;513881387;VWR180004;87089997;BE;PT;10;EXW;11;3;;0,1;1;45;;BE0764305164;
INTRA-EX;202501;513881387;AC-MK7-TO;87089997;BE;PT;10;EXW;11;3;;2,1;1;98;;BE0764305164;
INTRA-EX;202501;513881387;AC-MK7-TI;40091100;BE;PT;10;EXW;11;3;;1,3;1;129;;BE0764305164;
INTRA-EX;202501;513881387;VWR21G702CUP;87089235;BE;PT;10;EXW;11;3;;9;1;429;;BE0764305164;
INTRA-EX;202501;513881387;SBW1176-4P-BK;87083091;BE;PT;10;EXW;11;3;;0,5;1;77;;BE0524905503;
INTRA-EX;202501;513881387;SBW1171-4P-BK;87083091;BE;PT;10;EXW;11;3;;0,5;1;84;;BE0524905503;
INTRA-EX;202501;513881387;R01-10-2;40091100;BE;PT;10;EXW;11;3;;0,1;1;82;;BE0524905503;
INTRA-EX;202501;513881387;SILZKBR8D8S-6;84099100;BE;PT;10;EXW;11;3;;0,4;1;66;;BE0524905503;
INTRA-EX;202501;513881387;06J103600AFKIT;84099100;BE;PT;10;EXW;11;3;;2,5;1;49;;QV999999999999;
INTRA-EX;202501;513881387;VWR630001;87141030;BE;PT;10;EXW;11;3;;1,9;1;154;;QV999999999999;
INTRA-EX;202501;513881387;MS100208-6;84099100;BE;PT;10;EXW;11;3;;2,4;1;178;;QV999999999999;
INTRA-EX;202501;513881387;VWR120000;84213100;BE;PT;10;EXW;11;3;;1;1;29;;QV999999999999;
INTRA-EX;202501;513881387;FMTIA9-BK;;BE;PT;10;EXW;11;3;;0,1;1;187;;QV999999999999;
INTRA-EX;202501;513881387;VWRA10000;87089997;BE;PT;10;EXW;11;3;;0,1;1;8;;QV999999999999;
INTRA-EX;202501;513881387;Z1003100-4;85111000;BE;PT;10;EXW;11;3;;0,4;1;119;;QV999999999999;
INTRA-EX;202501;513881387;BH-262ST;84213100;BE;PT;10;EXW;11;3;;0,5;1;67;;QV999999999999;
INTRA-EX;202501;513881387;JSK-145-80C-BK;84213100;BE;PT;10;EXW;11;3;;2;1;184;;QV999999999999;
INTRA-EX;202501;513881387;AC-MK7-CP-4;84099100;BE;PT;10;EXW;11;3;;1;1;111;;QV999999999999;
INTRA-EX;202501;513881387;CTS-EXH-TP-0016;87089235;BE;PT;10;EXW;11;3;;13;1;876;;BE1006458835;
INTRA-EX;202501;513881387;AC-WS-AU-15-BT;87088099;BE;PT;10;EXW;11;3;;1,3;2;100;;BE1006458835;
INTRA-EX;202501;513881387;CTS-TM-MQB-60D;87089235;BE;PT;10;EXW;11;3;;2,5;1;115;;QV999999999999;
INTRA-EX;202501;513881387;CTS-EM-MQB-60D;87089235;BE;PT;10;EXW;11;3;;1,5;1;115;;QV999999999999;
INTRA-EX;202501;513881387;AC-WS-12-BT;87088099;BE;PT;10;EXW;11;3;;2,3;1;46;;QV999999999999;
INTRA-EX;202501;513881387;R01-10-2;40091100;BE;PT;10;EXW;11;3;;0,1;1;81;;QV999999999999;
INTRA-EX;202501;513881387;AC-N55-IC;84198998;BE;PT;10;EXW;11;3;;18;1;374;;BE0760826527;
INTRA-EX;202501;513881387;SAUC079;87089235;BE;PT;10;EXW;11;3;;9,1;1;696;;BE0760826527;
INTRA-EX;202501;513881387;FMINT11;87089997;BE;PT;10;EXW;11;3;;21,3;1;1191;;BE0760826527;
INTRA-EX;202501;513881387;CTS-IT-940;84213100;BE;PT;10;EXW;11;3;;3,5;1;247;;QV999999999999;
INTRA-EX;202501;513881387;CTS-IGN-007;84099100;BE;PT;10;EXW;11;3;;0,3;4;140;;BE0730674868;
INTRA-EX;202501;513881387;06D998907;87089997;GR;PT;10;EXW;11;3;;0,1;40;233;;GREL036257558;
INTRA-EX;202501;513881387;06L115466C;84213100;GR;PT;10;EXW;11;3;;0,2;5;29;;GREL036257558;
INTRA-EX;202501;513881387;U5400-4;85111000;GR;PT;10;EXW;11;3;;1,5;1;159;;QV999999999999;
INTRA-EX;202501;513881387;MS100204-4;84099100;NL;PT;10;EXW;11;3;;1,7;1;179;;QV999999999999;
INTRA-EX;202501;513881387;FMINDS5-BK;;NL;PT;10;EXW;11;3;;0,1;1;106;;QV999999999999;
INTRA-EX;202501;513881387;PFR8S8EG-6;87089997;NL;PT;10;EXW;11;3;;0,4;1;67;;QV999999999999;
INTRA-EX;202501;513881387;TTE500+UP;84099100;IT;PT;10;EXW;11;3;;15;1;1736;;IT04154250130;
INTRA-EX;202501;513881387;10.127.101K;84133080;IT;PT;10;EXW;11;3;;0,3;1;314;;IT04154250130;
INTRA-EX;202501;513881387;SBW1010-6P-RD;87083091;IT;PT;10;EXW;11;3;;0,7;1;92;;QV999999999999;
INTRA-EX;202501;513881387;PF04;85444290;IT;PT;10;EXW;11;3;;0,2;1;206;;IT16134621008;
INTRA-EX;202501;513881387;FMBAVXR-BL;;IT;PT;10;EXW;11;3;;0,1;1;29;;QV999999999999;
INTRA-EX;202501;513881387;03H971921;84099100;IT;PT;10;EXW;11;3;;0,1;2;45;;QV999999999999;
INTRA-EX;202501;513881387;AC-MK7-FPT;84133080;ES;PT;10;EXW;11;3;;0,1;1;6;;ES78832668F;
INTRA-EX;202501;513881387;AC-MK7-HPFP;87089997;ES;PT;10;EXW;11;3;;1,6;1;335;;ES78832668F;
INTRA-EX;202501;513881387;AC-MK7-525LPFP;87089997;ES;PT;10;EXW;11;3;;1,4;1;49;;ES78832668F;
INTRA-EX;202501;513881387;AU66YTP09LR;87089235;ES;PT;10;EXW;11;3;;21,4;1;505;;ES44727967m;
INTRA-EX;202501;513881387;PRK-148-BK;84213100;ES;PT;10;EXW;11;3;;4;1;440;;ES44727967m;
INTRA-EX;202501;513881387;ATINTVAG12;87089135;ES;PT;10;EXW;11;3;;18;1;676;;ES44727967m;
INTRA-EX;202501;513881387;ATMSFO149;87089997;ES;PT;10;EXW;11;3;;11,6;1;388;;ESA60479078;
INTRA-EX;202501;513881387;044DW21143;84099100;ES;PT;10;EXW;11;3;;3,6;1;460;;ESA60479078;
INTRA-EX;202501;513881387;MS100192-4;84099100;ES;PT;10;EXW;11;3;;1,7;1;179;;QV999999999999;
INTRA-EX;202501;513881387;AC-WS-12;87088099;ES;PT;10;EXW;11;3;;2,3;1;34;;QV999999999999;
INTRA-EX;202501;513881387;SRN0616-4P-RD;87083091;ES;PT;10;EXW;11;3;;0,5;1;78;;QV999999999999;
INTRA-EX;202501;513881387;MS100208-4;84099100;ES;PT;10;EXW;11;3;;1,7;1;119;;QV999999999999;
INTRA-EX;202501;513881387;SBW0261-4P-BK;87083091;ES;PT;10;EXW;11;3;;0,5;1;83;;QV999999999999;
INTRA-EX;202501;513881387;RBF700;27101999;ES;PT;10;EXW;11;3;;0,6;3;43;;QV999999999999;
INTRA-EX;202501;513881387;Z1003100-4;85111000;ES;PT;10;EXW;11;3;;0,4;1;119;;QV999999999999;
INTRA-EX;202501;513881387;JSK-103;84213100;ES;PT;10;EXW;11;3;;1,3;1;124;;ESB04855516;
INTRA-EX;202501;513881387;CTS-TM-MK4-60D;87089235;ES;PT;10;EXW;11;3;;2;1;107;;QV999999999999;
INTRA-EX;202501;513881387;D650-0003-4;84099100;ES;PT;10;EXW;11;3;;1,7;1;113;;QV999999999999;
INTRA-EX;202501;513881387;202-5801;87089997;ES;PT;10;EXW;11;3;;1,6;1;233;;QV999999999999;
INTRA-EX;202501;513881387;1K0253144AE;87089997;ES;PT;10;EXW;11;3;;1;1;8;;QV999999999999;
INTRA-EX;202501;513881387;AC-IS-TB;87089997;ES;PT;10;EXW;11;3;;0,3;2;87;;QV999999999999;
INTRA-EX;202501;513881387;4B5562H-STD;40091100;ES;PT;10;EXW;11;3;;0,2;1;64;;ESB04886776;
INTRA-EX;202501;513881387;4B1609H-STD;40091100;ES;PT;10;EXW;11;3;;0,5;1;44;;ESB04886776;
INTRA-EX;202501;513881387;043DQ17144N;84833080;ES;PT;10;EXW;11;3;;2,9;1;408;;ESB04886776;
INTRA-EX;202501;513881387;FMSS9;87089997;ES;PT;10;EXW;11;3;;1;1;136;;QV999999999999;
INTRA-EX;202501;513881387;06J103600AFKIT;84099100;ES;PT;10;EXW;11;3;;2,5;1;49;;QV999999999999;
INTRA-EX;202501;513881387;SILFER8C7ES-5;85111000;ES;PT;10;EXW;11;3;;0,3;1;57;;QV999999999999;
INTRA-EX;202501;513881387;XA19850+3805HDK;87088035;ES;PT;10;EXW;11;3;;10;4;1379;;ESB15046238;
INTRA-EX;202501;513881387;D650-0003-6;84099100;ES;PT;10;EXW;11;3;;2,4;1;169;;QV999999999999;
INTRA-EX;202501;513881387;E10-85-041-01-22;73202081;ES;PT;10;EXW;11;3;;8,5;1;182;;QV999999999999;
INTRA-EX;202501;513881387;SVW0630-4P-BK;87083091;ES;PT;10;EXW;11;3;;0,5;1;77;;QV999999999999;
INTRA-EX;202501;513881387;AC-WS-12-BT;87088099;ES;PT;10;EXW;11;3;;2,3;2;92;;QV999999999999;
INTRA-EX;202501;513881387;RBF600;27101999;ES;PT;10;EXW;11;3;;0,6;1;9;;QV999999999999;
INTRA-EX;202501;513881387;CTS-AF-270;84213100;ES;PT;10;EXW;11;3;;0,5;1;43;;QV999999999999;
INTRA-EX;202501;513881387;CTS-IT-255R;87089135;ES;PT;10;EXW;11;3;;8;1;319;;QV999999999999;
INTRA-EX;202501;513881387;Z-341225;87089997;ES;PT;10;EXW;11;3;;2,4;1;167;;QV999999999999;
INTRA-EX;202501;513881387;Z-341225;87089997;ES;PT;10;EXW;11;3;;2,4;1;167;;QV999999999999;
INTRA-EX;202501;513881387;AC-200-CP-4;84099100;ES;PT;10;EXW;11;3;;1;1;81;;QV999999999999;
INTRA-EX;202501;513881387;AC-200-CFA;87089997;ES;PT;10;EXW;11;3;;0,1;1;24;;QV999999999999;
INTRA-EX;202501;513881387;8E0971824S-BL;84099100;ES;PT;10;EXW;11;3;;0,2;1;18;;QV999999999999;
INTRA-EX;202501;513881387;CTS-DB-MK4-60D;84099100;ES;PT;10;EXW;11;3;;1,2;1;46;;QV999999999999;
INTRA-EX;202501;513881387;50-1200;87089997;ES;PT;10;EXW;11;3;;0,5;1;105;;QV999999999999;
INTRA-EX;202501;513881387;BHR36XZ;87088055;ES;PT;10;EXW;11;3;;5,8;1;191;;QV999999999999;
INTRA-EX;202501;513881387;SAUC054;87089235;ES;PT;10;EXW;11;3;;7,2;1;249;;QV999999999999;
INTRA-EX;202501;513881387;SVW0707-4P-BK;87083091;ES;PT;10;EXW;11;3;;0,4;1;77;;QV999999999999;
INTRA-EX;202501;513881387;RBF600;27101999;ES;PT;10;EXW;11;3;;0,6;3;28;;QV999999999999;
INTRA-EX;202501;513881387;AC-N54-DP;87089235;ES;PT;10;EXW;11;3;;6,1;1;254;;ES44842025Y;
INTRA-EX;202501;513881387;1J0121407E;87089997;ES;PT;10;EXW;11;3;;0,9;1;10;;QV999999999999;
INTRA-EX;202501;513881387;06A115561B;84099100;ES;PT;10;EXW;11;3;;0,5;6;31;;QV999999999999;
INTRA-EX;202501;513881387;1J0201511A;84099100;ES;PT;10;EXW;11;3;;0,4;2;11;;QV999999999999;
INTRA-EX;202501;513881387;SP-124;32081090;ES;PT;10;EXW;11;3;;0,5;5;108;;QV999999999999;
INTRA-EX;202501;513881387;SP-121;32081090;ES;PT;10;EXW;11;3;;0,5;5;108;;QV999999999999;
INTRA-EX;202501;513881387;4B1972H-STD;40091100;ES;PT;10;EXW;11;3;;0,3;1;31;;QV999999999999;
INTRA-EX;202501;513881387;JSK-101-DD;84213100;ES;PT;10;EXW;11;3;;4,4;1;249;;ESB44835106;
INTRA-EX;202501;513881387;SSU0500-4P-BK;87083091;ES;PT;10;EXW;11;3;;0,5;1;83;;QV999999999999;
INTRA-EX;202501;513881387;Z-361077;87089997;ES;PT;10;EXW;11;3;;2,4;1;167;;QV999999999999;
INTRA-EX;202501;513881387;PK438;84213100;ES;PT;10;EXW;11;3;;3,8;1;322;;QV999999999999;
INTRA-EX;202501;513881387;KCA472;87088035;ES;PT;10;EXW;11;3;;2;1;170;;QV999999999999;
INTRA-EX;202501;513881387;KCA417;87089997;ES;PT;10;EXW;11;3;;0,4;1;28;;QV999999999999;
INTRA-EX;202501;513881387;STY0014-4P-BK;87083091;ES;PT;10;EXW;11;3;;0,5;1;77;;QV999999999999;
INTRA-EX;202501;513881387;Z-341225;87089997;ES;PT;10;EXW;11;3;;2,4;1;169;;ESB90283060;
INTRA-EX;202501;513881387;SRN0630-6P-BK;87083091;ES;PT;10;EXW;11;3;;0,5;1;94;;ESB90283060;
INTRA-EX;202501;513881387;SHD0012-4P-BK;87083091;ES;PT;10;EXW;11;3;;0,5;1;83;;QV999999999999;
INTRA-EX;202501;513881387;ES-335036;87089997;ES;PT;10;EXW;11;3;;0,7;1;45;;QV999999999999;
INTRA-EX;202501;513881387;MMTS-F80-15;87089997;ES;PT;10;EXW;11;3;;0,5;1;92;;QV999999999999;
INTRA-EX;202501;513881387;AC-18FW-DP;87089997;ES;PT;10;EXW;11;3;;7;1;141;;QV999999999999;
INTRA-EX;202501;513881387;BKR8EIX-4;85111000;ES;PT;10;EXW;11;3;;0,3;1;41;;QV999999999999;
INTRA-EX;202501;513881387;1K0253144BD;40091100;ES;PT;10;EXW;11;3;;0,2;1;9;;QV999999999999;
INTRA-EX;202501;513881387;BKR8EIX-6;85111000;ES;PT;10;EXW;11;3;;0,4;1;62;;QV999999999999;
INTRA-EX;202501;513881387;PX1746;84213100;ES;PT;10;EXW;11;3;;0,7;1;52;;QV999999999999;
INTRA-EX;202501;513881387;RBF660;27101999;ES;PT;10;EXW;11;3;;0,6;3;35;;QV999999999999;
INTRA-EX;202501;513881387;250001001;87089997;FR;PT;10;EXW;11;3;;5,1;1;530;;FR61898732144;
INTRA-EX;202501;513881387;SILFER8C7ES-8;85111000;FR;PT;10;EXW;11;3;;0,5;1;92;;QV999999999999;
INTRA-EX;202501;513881387;216CLSDWABO-R;87089997;FR;PT;10;EXW;11;3;;0,4;1;59;;QV999999999999;
INTRA-EX;202501;513881387;FMINDS5-RD;;FR;PT;10;EXW;11;3;;0,1;1;107;;QV999999999999;
INTRA-EX;202501;513881387;10.127.100K;84132000;FR;PT;10;EXW;11;3;;0,3;1;314;;QV999999999999;
INTRA-EX;202501;513881387;641VW;87089997;FR;PT;10;EXW;11;3;;3;1;46;;QV999999999999;
INTRA-EX;202501;513881387;KDT969;87088055;FR;PT;10;EXW;11;3;;0,8;1;57;;FR47383072444;
INTRA-EX;202501;513881387;UR-ML4-3067;87088055;FR;PT;10;EXW;11;3;;3,9;1;149;;FR47383072444;
INTRA-EX;202501;513881387;MMICP-F10-12MWBK;87089997;FR;PT;10;EXW;11;3;;1,5;1;176;;FR47383072444;
INTRA-EX;202501;513881387;AC-S63-IC;84198998;FR;PT;10;EXW;11;3;;12;1;599;;FR47383072444;
INTRA-EX;202501;513881387;EVE-F10M5-INT;84213100;FR;PT;10;EXW;11;3;;6;1;2110;;FR47383072444;
INTRA-EX;202501;513881387;AC-BM-ODP;87089997;FR;PT;10;EXW;11;3;;0,1;2;25;;FR47383072444;
INTRA-EX;202501;513881387;110282;27101999;FR;PT;10;EXW;11;3;;1;18;194;;QV999999999999;
INTRA-EX;202501;513881387;D650-0003-6;84099100;FR;PT;10;EXW;11;3;;2,4;1;170;;FR35504243288;
INTRA-EX;202501;513881387;R7437-9-4;87089997;FR;PT;10;EXW;11;3;;0,3;1;166;;FR35504243288;
INTRA-EX;202501;513881387;CTS-IGN-008;84099100;FR;PT;10;EXW;11;3;;0,3;12;420;;FR35504243288;
INTRA-EX;202501;513881387;AC-MK7-RU;87089235;FR;PT;10;EXW;11;3;;2,2;1;74;;QV999999999999;
INTRA-EX;202501;513881387;AC-MK7-FU-P;87088055;FR;PT;10;EXW;11;3;;3;1;82;;QV999999999999;
INTRA-EX;202501;513881387;SILZKGR8B8S-6;85111000;FR;PT;10;EXW;11;3;;0,4;1;59;;QV999999999999;
INTRA-EX;202501;513881387;FMINLH25-BK;;FR;PT;10;EXW;11;3;;0,1;1;70;;FR55823261680;
INTRA-EX;202501;513881387;VWR810009;87089997;FR;PT;10;EXW;11;3;;0,2;1;57;;FR01821481033;
INTRA-EX;202501;513881387;VWR18G700;87089997;FR;PT;10;EXW;11;3;;4;1;600;;FR01821481033;
INTRA-EX;202501;513881387;VWR150004;90269000;FR;PT;10;EXW;11;3;;0,4;1;104;;FR01821481033;
INTRA-EX;202501;513881387;MMRAD-GLF-99;87089135;FR;PT;10;EXW;11;3;;8;1;279;;QV999999999999;
INTRA-EX;202501;513881387;AC-27-DP;87089235;FR;PT;10;EXW;11;3;;9,8;1;247;;FR87928661826;
INTRA-EX;202501;513881387;E10-70-010-01-22;73202081;FR;PT;10;EXW;11;3;;8,7;1;143;;QV999999999999;
INTRA-EX;202501;513881387;06J103600AFKIT;84099100;FR;PT;10;EXW;11;3;;2,5;1;49;;QV999999999999;
INTRA-EX;202501;513881387;MMRAD-MIA-90;87089135;FR;PT;10;EXW;11;3;;9,5;1;238;;FR73522399211;
INTRA-EX;202501;513881387;MMTS-MIA-90L;90321020;FR;PT;10;EXW;11;3;;0,1;1;38;;FR73522399211;
INTRA-EX;202501;513881387;06F129717D;87089235;FR;PT;10;EXW;11;3;;0,1;1;8;;QV999999999999;
INTRA-EX;202501;513881387;BKR8EIX-4;85111000;FR;PT;10;EXW;11;3;;0,3;1;41;;QV999999999999;
INTRA-EX;202501;513881387;105777;27101999;FR;PT;10;EXW;11;3;;1,1;3;43;;QV999999999999;
INTRA-EX;202501;513881387;AC-200-HS;87089997;FR;PT;10;EXW;11;3;;0,5;1;22;;QV999999999999;
INTRA-EX;202501;513881387;50003-MR45XLZ-4;87089997;FR;PT;10;EXW;11;3;;0,3;1;87;;QV999999999999;
INTRA-EX;202501;513881387;U5055-6;84099100;FR;PT;10;EXW;11;3;;2,1;1;132;;QV999999999999;
INTRA-EX;202501;513881387;SILZKBR8D8S-6;84099100;FR;PT;10;EXW;11;3;;0,4;1;66;;QV999999999999;
INTRA-EX;202501;513881387;SBW1171-4P-EB;87083091;FR;PT;10;EXW;11;3;;0,5;1;84;;QV999999999999;
INTRA-EX;202501;513881387;RBF700;27101999;FR;PT;10;EXW;11;3;;0,6;2;29;;QV999999999999;
INTRA-EX;202501;513881387;E10-20-035-01-22;87088035;FR;PT;10;EXW;11;3;;11,2;1;210;;QV999999999999;
INTRA-EX;202501;513881387;SVXP062;87089235;FR;PT;10;EXW;11;3;;5,7;1;233;;QV999999999999;
INTRA-EX;202501;513881387;R7437-9-5;85111000;FR;PT;10;EXW;11;3;;0,3;1;208;;FR22984648329;
INTRA-EX;202501;513881387;MS100192-5;84099100;FR;PT;10;EXW;11;3;;2,2;1;226;;FR22984648329;
INTRA-EX;202501;513881387;VW43;87089235;FR;PT;10;EXW;11;3;;14;1;392;;FR16801586629;
INTRA-EX;202501;513881387;10.127.101K;84133080;FR;PT;10;EXW;11;3;;0,3;1;314;;QV999999999999;
INTRA-EX;202501;513881387;ATMSFO6-BL;84099100;FR;PT;10;EXW;11;3;;5,4;1;452;;FR22892227505;
INTRA-EX;202501;513881387;MMWS-001-250BK;87088099;FR;PT;10;EXW;11;3;;3;1;108;;QV999999999999;
INTRA-EX;202501;513881387;CTS-AF-275;84213100;FR;PT;10;EXW;11;3;;0,5;1;49;;QV999999999999;
INTRA-EX;202501;513881387;BKR7EIX-4;84099100;FR;PT;10;EXW;11;3;;0,3;1;40;;QV999999999999;
INTRA-EX;202501;513881387;MS100208-4;84099100;FR;PT;10;EXW;11;3;;1,7;1;119;;QV999999999999;
INTRA-EX;202501;513881387;IKR9J8-4;87089997;FR;PT;10;EXW;11;3;;0,3;1;44;;QV999999999999;
INTRA-EX;202501;513881387;MMTS-GLF-15;90321020;FR;PT;10;EXW;11;3;;0,2;1;40;;FR01821481033;
INTRA-EX;202501;513881387;SA000439;87089235;FR;PT;10;EXW;11;3;;0,1;2;66;;FR01821481033;
INTRA-EX;202501;513881387;CTS-HW-0271;84099100;FR;PT;10;EXW;11;3;;0,4;1;64;;QV999999999999;
INTRA-EX;202501;513881387;VWR19G704;70102000;FR;PT;10;EXW;11;3;;0,1;1;81;;QV999999999999;
INTRA-EX;202501;513881387;VWR19G701;87089997;FR;PT;10;EXW;11;3;;0,2;1;68;;QV999999999999;
INTRA-EX;202501;513881387;CTS-IT-270R;84213100;FR;PT;10;EXW;11;3;;4,3;1;279;;QV999999999999;
INTRA-EX;202501;513881387;AC-WS-12-BT;87088099;FR;PT;10;EXW;11;3;;2,3;1;46;;QV999999999999;
INTRA-EX;202501;513881387;PFR8S8EG-6;87089997;FR;PT;10;EXW;11;3;;0,4;1;68;;QV999999999999;
INTRA-EX;202501;513881387;BKR8EIX-4;85111000;FR;PT;10;EXW;11;3;;0,3;1;41;;QV999999999999;
INTRA-EX;202501;513881387;CTS-HW-0242;70102000;FR;PT;10;EXW;11;3;;0,5;1;62;;QV999999999999;
INTRA-EX;202501;513881387;FMPOLOTB-BK;;FR;PT;10;EXW;11;3;;0,1;1;53;;QV999999999999;
INTRA-EX;202501;513881387;SBMC073;87089235;FR;PT;10;EXW;11;3;;11,4;1;299;;QV999999999999;
INTRA-EX;202501;513881387;SILZKGR8B8S-6;85111000;FR;PT;10;EXW;11;3;;0,4;1;59;;QV999999999999;
INTRA-EX;202501;513881387;CTS-IT-800;84213100;FR;PT;10;EXW;11;3;;4,3;1;277;;QV999999999999;
INTRA-EX;202501;513881387;CTS-IT-310;87089235;FR;PT;10;EXW;11;3;;1,4;1;172;;QV999999999999;
INTRA-EX;202501;513881387;SILZKBR8D8S-6;84099100;FR;PT;10;EXW;11;3;;0,4;1;66;;QV999999999999;
INTRA-EX;202501;513881387;E10-40-036-06-22;73202081;FR;PT;10;EXW;11;3;;9,1;1;172;;QV999999999999;
INTRA-EX;202501;513881387;D650-0009-4;84099100;FR;PT;10;EXW;11;3;;1,7;1;124;;QV999999999999;
INTRA-EX;202501;513881387;UR-RL4-1259;87088055;FR;PT;10;EXW;11;3;;5,1;1;161;;QV999999999999;
INTRA-EX;202501;513881387;ATMSFO149;87089997;FR;PT;10;EXW;11;3;;11,6;1;388;;QV999999999999;
INTRA-EX;202501;513881387;CTS-EM-B8-50D;87089997;FR;PT;10;EXW;11;3;;1,7;2;359;;QV999999999999;
INTRA-EX;202501;513881387;883089.000038;84836080;FR;PT;10;EXW;11;3;;16,9;1;1429;;FR28929235141;
INTRA-EX;202501;513881387;FMOCRS4;87089135;FR;PT;10;EXW;11;3;;5;1;956;;FR28929235141;
INTRA-EX;202501;513881387;043151.271937;84836080;FR;PT;10;EXW;11;3;;0,2;1;49;;FR28929235141;
INTRA-EX;202501;513881387;Z-9910017;87089997;FR;PT;10;EXW;11;3;;4,6;1;253;;FR76419594635;
INTRA-EX;202501;513881387;Z-3250001;87089997;FR;PT;10;EXW;11;3;;2,8;1;169;;FR76419594635;
INTRA-EX;202501;513881387;MS100208-6;84099100;FR;PT;10;EXW;11;3;;2,4;1;179;;QV999999999999;
INTRA-EX;202501;513881387;Z1003101-6;85111000;FR;PT;10;EXW;11;3;;0,4;1;121;;QV999999999999;
INTRA-EX;202501;513881387;ILFR6B-5;84099100;FR;PT;10;EXW;11;3;;0,3;1;46;;QV999999999999;
INTRA-EX;202501;513881387;ATMSFO108;87089997;FR;PT;10;EXW;11;3;;0,2;1;102;;QV999999999999;
INTRA-EX;202501;513881387;EVE-661-G2-FTR;84213100;FR;PT;10;EXW;11;3;;0,6;1;85;;QV999999999999;
INTRA-EX;202501;513881387;MS100208-5;84099100;FR;PT;10;EXW;11;3;;2,2;1;149;;QV999999999999;
INTRA-EX;202501;513881387;UR-RL2-686;87088055;FR;PT;10;EXW;11;3;;0,9;1;58;;QV999999999999;
INTRA-EX;202501;513881387;TS-0203-1263;87089235;FR;PT;10;EXW;11;3;;0,4;1;193;;QV999999999999;
INTRA-EX;202501;513881387;FMCCRAD11;84198998;FR;PT;10;EXW;11;3;;12,7;1;677;;FR35504243288;
INTRA-EX;202501;513881387;E10-85-024-02-22;73202081;FR;PT;10;EXW;11;3;;7,8;1;135;;QV999999999999;
INTRA-EX;202501;513881387;VWR150003;90269000;FR;PT;10;EXW;11;3;;0,4;1;104;;FR01821481033;
INTRA-EX;202501;513881387;UR-RE4-1321;87088055;FR;PT;10;EXW;11;3;;4,1;1;129;;QV999999999999;
INTRA-EX;202501;513881387;204-5408;87089997;FR;PT;10;EXW;11;3;;1;1;155;;QV999999999999;
INTRA-EX;202501;513881387;5M5585H-STD;40091100;FR;PT;10;EXW;11;3;;0,3;1;91;;QV999999999999;
INTRA-EX;202501;513881387;U5055-4;84099100;FR;PT;10;EXW;11;3;;1,5;1;88;;QV999999999999;
INTRA-EX;202501;513881387;AC-452-RAD;84198998;CY;PT;10;EXW;11;3;;2,8;1;251;;QV999999999999;
INTRA-EX;202501;513881387;CTS-IT-289;84213100;FI;PT;10;EXW;11;3;;3,3;1;305;;QV999999999999;
INTRA-EX;202501;513881387;SVWP054;87089235;CZ;PT;10;EXW;11;3;;3,7;2;208;;CZ05681197;
INTRA-EX;202501;513881387;JSK-271-BK;84213100;FI;PT;10;EXW;11;3;;1,4;1;109;;QV999999999999;
INTRA-EX;202501;513881387;200001089;87089997;LT;PT;10;EXW;11;3;;16,2;1;612;;LT100007842411;
INTRA-EX;202501;513881387;10.127.113K;84133080;BG;PT;10;EXW;11;3;;0,3;1;314;;BG207218612;
INTRA-EX;202501;513881387;10.127.113T;87089997;BG;PT;10;EXW;11;3;;0,2;1;24;;BG207218612;
INTRA-EX;202501;513881387;VWR180000;87089997;IE;PT;10;EXW;11;3;;0,1;1;14;;QV999999999999;
INTRA-EX;202501;513881387;06J103600AFKIT;84099100;IE;PT;10;EXW;11;3;;2,5;1;48;;QV999999999999;
INTRA-EX;202501;513881387;CTS-LS-012;84213100;FI;PT;10;EXW;11;3;;13,1;1;199;;QV999999999999;
INTRA-EX;202501;513881387;E10-20-046-02-22;73202081;LT;PT;10;EXW;11;3;;11;1;218;;QV999999999999;
INTRA-EX;202501;513881387;CTS-IGN-009;84099100;BG;PT;10;EXW;11;3;;0,3;12;310;;BG204171399;
INTRA-EX;202501;513881387;FMCCHMK5-RD;;FI;PT;10;EXW;11;3;;0,1;1;48;;QV999999999999;
INTRA-EX;202501;513881387;L3P3BF2X;87089997;SE;PT;10;EXW;11;3;;1;1;310;;QV999999999999;
INTRA-EX;202501;513881387;SVW0630-4P-BK;87083091;HR;PT;10;EXW;11;3;;0,5;1;74;;QV999999999999;
INTRA-EX;202501;513881387;F2394P+F2396P;87082910;LU;PT;10;EXW;11;3;;1;1;449;;LU28446117;
INTRA-EX;202501;513881387;MMSD-G80-21WBK;87089135;LT;PT;10;EXW;11;3;;4,8;1;269;;LT100016248411;
INTRA-EX;202501;513881387;216CLSDWAOP-R;87089997;SK;PT;10;EXW;11;3;;0,4;1;73;;QV999999999999;
INTRA-EX;202501;513881387;216CLSDWAWT-R;87089997;SK;PT;10;EXW;11;3;;0,4;1;46;;QV999999999999;
INTRA-EX;202501;513881387;216CLSDWABO-R;87089997;SK;PT;10;EXW;11;3;;0,4;1;59;;QV999999999999;
INTRA-EX;202501;513881387;AC-MK7-RU;87089235;DE;PT;10;EXW;11;3;;2,2;1;75;;QV999999999999;
INTRA-EX;202501;513881387;AC-MK7-CL;87088055;DE;PT;10;EXW;11;3;;1,3;1;75;;QV999999999999;
INTRA-EX;202501;513881387;06L115466C;84213100;DE;PT;10;EXW;11;3;;0,2;1;5;;QV999999999999;
INTRA-EX;202501;513881387;10.127.203K;84132000;DE;PT;10;EXW;11;3;;0,3;4;909;;DE181881308;
INTRA-EX;202501;513881387;PF04;85444290;DE;PT;10;EXW;11;3;;0,2;2;318;;DE181881308;
INTRA-EX;202501;513881387;PF05;90262020;DE;PT;10;EXW;11;3;;0,2;2;341;;DE181881308;
INTRA-EX;202501;513881387;VWR17G8R600;84213100;PL;PT;10;EXW;11;3;;0,2;2;76;;PL8141683531;
INTRA-EX;202501;513881387;VWR130006;84099100;PL;PT;10;EXW;11;3;;0,3;3;121;;PL8141683531;
INTRA-EX;202501;513881387;VWR19G701;87089997;PL;PT;10;EXW;11;3;;0,2;1;51;;PL8141683531;
INTRA-EX;202501;513881387;VWR190006;87089997;PL;PT;10;EXW;11;3;;0,2;1;59;;PL8141683531;
INTRA-EX;202501;513881387;CTS-HW-380;40091100;PL;PT;10;EXW;11;3;;0,6;1;74;;PL8141683531;
INTRA-EX;202501;513881387;CTS-IT-290R;84213100;PL;PT;10;EXW;11;3;;4;1;224;;PL8141683531;
INTRA-EX;202501;513881387;AC-B9S-DP;87089235;PL;PT;10;EXW;11;3;;6;1;260;;PL8141683531;
INTRA-EX;202501;513881387;SVW019;87089235;PL;PT;10;EXW;11;3;;17,6;1;336;;PL8141683531;
INTRA-EX;202501;513881387;EVE-A45S-CF-INT;84213100;PL;PT;10;EXW;11;3;;3,9;1;999;;PL8141683531;
INTRA-EX;202501;513881387;CTS-IT-289;84213100;PL;PT;10;EXW;11;3;;3,3;1;284;;PL6972395288;
INTRA-EX;202501;513881387;VWR120003;87089997;BE;PT;10;EXW;11;3;;1,3;1;253;;QV999999999999;
INTRA-EX;202501;513881387;UR-TW2-990;87088055;BE;PT;10;EXW;11;3;;3,4;1;116;;BE0682651158;
INTRA-EX;202501;513881387;UR-LA4-991;87088055;BE;PT;10;EXW;11;3;;2,1;1;123;;BE0682651158;
INTRA-EX;202501;513881387;U5055-4;84099100;BE;PT;10;EXW;11;3;;1,5;1;87;;QV999999999999;
INTRA-EX;202501;513881387;SVAGC005;87089235;BE;PT;10;EXW;11;3;;11;1;344;;QV999999999999;
INTRA-EX;202501;513881387;06J103600AFKIT;84099100;BE;PT;10;EXW;11;3;;2,5;1;49;;QV999999999999;
INTRA-EX;202501;513881387;CTS-B8S4-AWIC;84198998;BE;PT;10;EXW;11;3;;10;1;419;;BE0740963105;
INTRA-EX;202501;513881387;SAUP087;87089997;BE;PT;10;EXW;11;3;;12,4;1;218;;BE0670639687;
INTRA-EX;202501;513881387;ARMABM92M3-A;84213100;BE;PT;10;EXW;11;3;;5,2;1;800;;BE0740963105;
INTRA-EX;202501;513881387;ATMSYGR23;84099100;GR;PT;10;EXW;11;3;;5;1;584;;GREL801563540;
INTRA-EX;202501;513881387;RPF-1557;84213100;GR;PT;10;EXW;11;3;;0,4;1;24;;QV999999999999;
INTRA-EX;202501;513881387;CTS-IT-285;40091100;GR;PT;10;EXW;11;3;;0,3;1;59;;GREL156587530;
INTRA-EX;202501;513881387;CTS-SIL-0070;40091100;GR;PT;10;EXW;11;3;;0,7;1;52;;GREL156587530;
INTRA-EX;202501;513881387;D760-0069;84099100;GR;PT;10;EXW;11;3;;4,4;1;319;;GREL156587530;
INTRA-EX;202501;513881387;D650-0003;84099100;GR;PT;10;EXW;11;3;;0,3;8;185;;GREL156587530;
INTRA-EX;202501;513881387;CTS-IT-800;84213100;GR;PT;10;EXW;11;3;;4,3;1;247;;GREL156587530;
INTRA-EX;202501;513881387;8E0971824S-BL;84099100;GR;PT;10;EXW;11;3;;0,2;1;7;;GREL156587530;
INTRA-EX;202501;513881387;VAT-PT;;GR;PT;10;EXW;11;3;;0,1;1;4;;GREL156587530;
INTRA-EX;202501;513881387;ILFR7H-5;85111000;NL;PT;10;EXW;11;3;;0,3;1;67;;QV999999999999;
INTRA-EX;202501;513881387;CTS-IT-300R;84213100;NL;PT;10;EXW;11;3;;4,1;1;247;;NL866860666B01;
INTRA-EX;202501;513881387;EVE-W210-FTR;84213100;NL;PT;10;EXW;11;3;;0,6;1;71;;NL866860666B01;
INTRA-EX;202501;513881387;U3P3A8VX;87089997;NL;PT;10;EXW;11;3;;1;1;259;;NL866860666B01;
INTRA-EX;202501;513881387;VWR800001;58109210;NL;PT;10;EXW;11;3;;0,1;1;7;;NL866860666B01;
INTRA-EX;202501;513881387;EVE-Vbadge;87089997;NL;PT;10;EXW;11;3;;0,1;1;10;;NL866860666B01;
INTRA-EX;202501;513881387;EVE-RS5-CF-SLM;84099100;NL;PT;10;EXW;11;3;;1,6;1;606;;NL866860666B01;
INTRA-EX;202501;513881387;10.127.101TK;87089997;NL;PT;10;EXW;11;3;;0,3;2;32;;NL866996473B01;
INTRA-EX;202501;513881387;MS100219;85111000;NL;PT;10;EXW;11;3;;0,3;11;456;;NL866996473B01;
INTRA-EX;202501;513881387;LTR7IX-11;85111000;NL;PT;10;EXW;11;3;;0,2;3;22;;NL866996473B01;
INTRA-EX;202501;513881387;VWR160001;87089997;NL;PT;10;EXW;11;3;;0,4;1;86;;NL866996473B01;
INTRA-EX;202501;513881387;VWR12G7R600ITINLET;87089997;NL;PT;10;EXW;11;3;;0,4;3;300;;NL866996473B01;
INTRA-EX;202501;513881387;MS100210;85111000;NL;PT;10;EXW;11;3;;0,3;4;99;;NL866996473B01;
INTRA-EX;202501;513881387;CTS-IGN-008;84099100;NL;PT;10;EXW;11;3;;0,3;6;179;;NL866860666B01;
INTRA-EX;202501;513881387;D650-0003;84099100;IT;PT;10;EXW;11;3;;0,3;4;92;;IT03656931205;
INTRA-EX;202501;513881387;VWR1210R601EG;84213100;NL;PT;10;EXW;11;3;;5,2;1;505;;NL866996473B01;
INTRA-EX;202501;513881387;VWR17G7R600;40091100;NL;PT;10;EXW;11;3;;0,2;1;38;;NL866996473B01;
INTRA-EX;202501;513881387;R7437-9;85111000;IT;PT;10;EXW;11;3;;0,1;12;423;;IT08839490011;
INTRA-EX;202501;513881387;SILFER8C7ES;85111000;IT;PT;10;EXW;11;3;;0,1;4;38;;IT08839490011;
INTRA-EX;202501;513881387;MMFS-EVO-01;84149000;IT;PT;10;EXW;11;3;;3,4;1;139;;IT08839490011;
INTRA-EX;202501;513881387;10.127.203K;84132000;IT;PT;10;EXW;11;3;;0,3;1;227;;IT08839490011;
INTRA-EX;202501;513881387;10.127.203T;87089997;IT;PT;10;EXW;11;3;;0,1;1;10;;IT08839490011;
INTRA-EX;202501;513881387;MS100192;85111000;IT;PT;10;EXW;11;3;;0,3;3;112;;IT08839490011;
INTRA-EX;202501;513881387;U5014;84099100;IT;PT;10;EXW;11;3;;0,3;5;106;;IT08839490011;
INTRA-EX;202501;513881387;AC-MK7-FU-RD;87088055;NL;PT;10;EXW;11;3;;3;1;59;;NL866860666B01;
INTRA-EX;202501;513881387;MS100192;85111000;IT;PT;10;EXW;11;3;;0,3;8;298;;IT12072620011;
INTRA-EX;202501;513881387;AC-VAG-ODP;70102000;IT;PT;10;EXW;11;3;;0,2;1;5;;IT12072620011;
INTRA-EX;202501;513881387;AC-BM-ODP;87089997;IT;PT;10;EXW;11;3;;0,1;1;8;;IT12072620011;
INTRA-EX;202501;513881387;AC-MK7-IND-RD;40091100;IT;PT;10;EXW;11;3;;0,9;1;32;;IT12072620011;
INTRA-EX;202501;513881387;AC-MK7-CH-BK;40091100;IT;PT;10;EXW;11;3;;0,7;1;32;;IT12072620011;
INTRA-EX;202501;513881387;AC-MK7-CP-BL;84099100;IT;PT;10;EXW;11;3;;0,3;4;71;;IT12072620011;
INTRA-EX;202501;513881387;AC-MK7-CP;84099100;IT;PT;10;EXW;11;3;;0,3;4;71;;IT12072620011;
INTRA-EX;202501;513881387;AC-500-VRH-BK;40093100;IT;PT;10;EXW;11;3;;0,2;1;13;;IT12072620011;
INTRA-EX;202501;513881387;CTS-IT-210;40091100;NL;PT;10;EXW;11;3;;1,1;1;149;;NL866860666B01;
INTRA-EX;202501;513881387;VWR900001;85111000;IT;PT;10;EXW;11;3;;0,3;4;122;;IT02710790060;
INTRA-EX;202501;513881387;BWR24Z;87088055;IT;PT;10;EXW;11;3;;4,1;1;136;;IT02710790060;
INTRA-EX;202501;513881387;ITGHYUNDAIi20NF;84213100;IT;PT;10;EXW;11;3;;3,1;1;297;;IT02710790060;
INTRA-EX;202501;513881387;R18-10-2;87089235;IT;PT;10;EXW;11;3;;0,3;1;50;;IT02710790060;
INTRA-EX;202501;513881387;Z1003100;85111000;IT;PT;10;EXW;11;3;;0,1;8;199;;IT02710790060;
INTRA-EX;202501;513881387;L3P3BF1X;87089997;IT;PT;10;EXW;11;3;;0,4;1;252;;IT02710790060;
INTRA-EX;202501;513881387;MMBCC-N54-06CBE2;87089997;NL;PT;10;EXW;11;3;;2,1;1;140;;NL866860666B01;
INTRA-EX;202501;513881387;VWR81G700;87088055;IT;PT;10;EXW;11;3;;2,6;1;319;;IT08063310968;
INTRA-EX;202501;513881387;AC-MK7-FU-RD;87088055;IT;PT;10;EXW;11;3;;3;1;59;;IT08063310968;
INTRA-EX;202501;513881387;CTS-BV-0009-3;84814090;IT;PT;10;EXW;11;3;;0,5;1;187;;IT08063310968;
INTRA-EX;202501;513881387;AC-MK5-FU-RD;87088055;NL;PT;10;EXW;11;3;;4,4;1;59;;NL866860666B01;
INTRA-EX;202501;513881387;10.127.203K;84132000;IT;PT;10;EXW;11;3;;0,3;4;909;;IT12034500012;
INTRA-EX;202501;513881387;10.127.100K;84132000;IT;PT;10;EXW;11;3;;0,3;3;682;;IT12034500012;
INTRA-EX;202501;513881387;10.127.101K;84133080;IT;PT;10;EXW;11;3;;0,3;1;227;;IT12034500012;
INTRA-EX;202501;513881387;AC-200-CP;84099100;NL;PT;10;EXW;11;3;;0,3;3;41;;NL866860666B01;
INTRA-EX;202501;513881387;EVE-B9RS5-CF-INT;84213100;IT;PT;10;EXW;11;3;;3,9;1;1178;;IT03813391202;
INTRA-EX;202501;513881387;EVE-A45S-CF-INT;84213100;IT;PT;10;EXW;11;3;;3,9;1;999;;IT03813391202;
INTRA-EX;202501;513881387;SHYP107;87089997;NL;PT;10;EXW;11;3;;3,7;1;109;;NL866860666B01;
INTRA-EX;202501;513881387;BWR23Z;87088055;IT;PT;10;EXW;11;3;;7,4;1;136;;IT02710790060;
INTRA-EX;202501;513881387;R7437-9;85111000;NL;PT;10;EXW;11;3;;0,1;20;706;;NL866860666B01;
INTRA-EX;202501;513881387;SRNC032;87089235;IT;PT;10;EXW;11;3;;5,2;1;195;;IT03656931205;
INTRA-EX;202501;513881387;AC-204-FU;87088055;NL;PT;10;EXW;11;3;;3,2;1;74;;NL866860666B01;
INTRA-EX;202501;513881387;VWR520000;87089997;NL;PT;10;EXW;11;3;;0,7;1;133;;NL866996473B01;
INTRA-EX;202501;513881387;VWR120010;40091100;NL;PT;10;EXW;11;3;;1,4;1;178;;NL866996473B01;
INTRA-EX;202501;513881387;VWR12G7R600OS;84213100;NL;PT;10;EXW;11;3;;0,3;1;21;;NL866996473B01;
INTRA-EX;202501;513881387;VWR12G7R600ITBLA;84213100;NL;PT;10;EXW;11;3;;0,8;1;76;;NL866996473B01;
INTRA-EX;202501;513881387;VWR12G7R600ITINLET;87089997;NL;PT;10;EXW;11;3;;0,4;1;100;;NL866996473B01;
INTRA-EX;202501;513881387;VWR17G7R600;40091100;NL;PT;10;EXW;11;3;;0,2;2;76;;NL866996473B01;
INTRA-EX;202501;513881387;VWR12G7R600ITRED;84213100;NL;PT;10;EXW;11;3;;0,8;1;76;;NL866996473B01;
INTRA-EX;202501;513881387;VWR180002;87089997;NL;PT;10;EXW;11;3;;0,1;1;21;;NL866996473B01;
INTRA-EX;202501;513881387;LTR7IX-11;85111000;NL;PT;10;EXW;11;3;;0,2;6;45;;NL866996473B01;
INTRA-EX;202501;513881387;VWR160001;87089997;NL;PT;10;EXW;11;3;;0,4;2;171;;NL866996473B01;
INTRA-EX;202501;513881387;BKR7EIX;85111000;NL;PT;10;EXW;11;3;;0,1;8;68;;NL866996473B01;
INTRA-EX;202501;513881387;CTS-IGN-009;84099100;NL;PT;10;EXW;11;3;;0,3;30;776;;NL866996473B01;
INTRA-EX;202501;513881387;MS100192;85111000;IT;PT;10;EXW;11;3;;0,3;24;896;;IT12072620011;
INTRA-EX;202501;513881387;AC-MK5-FU-RD;87088055;NL;PT;10;EXW;11;3;;4,4;1;59;;NL866860666B01;
INTRA-EX;202501;513881387;ARMABZA250G-A;84213100;IT;PT;10;EXW;11;3;;5,9;1;579;;IT02710790060;
INTRA-EX;202501;513881387;MS100192;85111000;NL;PT;10;EXW;11;3;;0,3;8;298;;NL866860666B01;
INTRA-EX;202501;513881387;SSU8003-4P-RD;87083091;IT;PT;10;EXW;11;3;;0,5;1;63;;IT02710790060;
INTRA-EX;202501;513881387;AC-MK7-TI;40091100;IT;PT;10;EXW;11;3;;1,3;1;87;;IT02710790060;
INTRA-EX;202501;513881387;CTS-IT-300R;84213100;NL;PT;10;EXW;11;3;;4,1;1;247;;NL866860666B01;
INTRA-EX;202501;513881387;SP-130;32081090;NL;PT;10;EXW;11;3;;0,5;1;13;;NL857445832B01;
INTRA-EX;202501;513881387;50-1000;87089997;NL;PT;10;EXW;11;3;;0,7;2;161;;NL857445832B01;
INTRA-EX;202501;513881387;MMTS-CIV-92L;90321020;NL;PT;10;EXW;11;3;;0,1;1;35;;NL857445832B01;
INTRA-EX;202501;513881387;EVE-FK8-CF-INT;84213100;NL;PT;10;EXW;11;3;;5;1;1035;;NL857445832B01;
INTRA-EX;202501;513881387;CTS-SIL-0070;40091100;NL;PT;10;EXW;11;3;;0,7;1;52;;NL866860666B01;
INTRA-EX;202501;513881387;CTS-EM-MQB-60D;87089235;NL;PT;10;EXW;11;3;;1,5;1;89;;NL866860666B01;
INTRA-EX;202501;513881387;AC-200-QS;87089997;NL;PT;10;EXW;11;3;;0,5;1;49;;NL866860666B01;
INTRA-EX;202501;513881387;CTS-EM-MK456-4-60D;84099100;NL;PT;10;EXW;11;3;;2,5;1;89;;NL866860666B01;
INTRA-EX;202501;513881387;CTS-TM-MK56-60D;84099100;NL;PT;10;EXW;11;3;;2;1;89;;NL866860666B01;
INTRA-EX;202501;513881387;SBMP086;87089235;NL;PT;10;EXW;11;3;;11,8;1;262;;NL866860666B01;
INTRA-EX;202501;513881387;EVE-S1-CF-INT;84213100;NL;PT;10;EXW;11;3;;2,8;1;456;;NL866860666B01;
INTRA-EX;202501;513881387;RPF-1721;84213100;ES;PT;10;EXW;11;3;;0,4;1;33;;ESB86420924;
INTRA-EX;202501;513881387;SILZKGR8B8S-6;85111000;ES;PT;10;EXW;11;3;;0,4;1;58;;QV999999999999;
INTRA-EX;202501;513881387;4B5562H-STD;40091100;ES;PT;10;EXW;11;3;;0,2;1;63;;QV999999999999;
INTRA-EX;202501;513881387;5M5585H-STD;40091100;ES;PT;10;EXW;11;3;;0,3;1;90;;QV999999999999;
INTRA-EX;202501;513881387;CI100039;40091100;ES;PT;10;EXW;11;3;;2;1;239;;QV999999999999;
INTRA-EX;202501;513881387;VWR13G700RFK;87089997;ES;PT;10;EXW;11;3;;0,5;1;54;;QV999999999999;
INTRA-EX;202501;513881387;SBMC073;87089235;ES;PT;10;EXW;11;3;;11,4;1;296;;QV999999999999;
INTRA-EX;202501;513881387;06J998907A;87089997;ES;PT;10;EXW;11;3;;0,1;4;23;;ESB01796796;
INTRA-EX;202501;513881387;AC-N55-TP;40091100;ES;PT;10;EXW;11;3;;1,7;1;149;;ESB44699973;
INTRA-EX;202501;513881387;D650-0003-4;84099100;ES;PT;10;EXW;11;3;;1,7;1;113;;QV999999999999;
INTRA-EX;202501;513881387;UR-ML4-1193;87088055;ES;PT;10;EXW;11;3;;3,8;1;116;;QV999999999999;
INTRA-EX;202501;513881387;CTS-EM-MQB-60D;87089235;ES;PT;10;EXW;11;3;;1,5;1;115;;QV999999999999;
INTRA-EX;202501;513881387;VWR150000;87089997;ES;PT;10;EXW;11;3;;0,2;1;112;;QV999999999999;
INTRA-EX;202501;513881387;RNW-02-5H;87087099;ES;PT;10;EXW;11;3;;1,4;1;108;;ESB15046238;
INTRA-EX;202501;513881387;EVE-EA8884-R-INT;84213100;ES;PT;10;EXW;11;3;;5;1;1332;;ESB56900624;
INTRA-EX;202501;513881387;MMRA-LC;87089235;ES;PT;10;EXW;11;3;;0,2;1;19;;QV999999999999;
INTRA-EX;202501;513881387;52006-AK003;84213100;ES;PT;10;EXW;11;3;;1;1;14;;QV999999999999;
INTRA-EX;202501;513881387;VWR800003;58109210;ES;PT;10;EXW;11;3;;0,1;1;10;;QV999999999999;
INTRA-EX;202501;513881387;SILZKBR8D8S-6;84099100;ES;PT;10;EXW;11;3;;0,4;1;65;;QV999999999999;
INTRA-EX;202501;513881387;ILFR6B-5;84099100;ES;PT;10;EXW;11;3;;0,3;1;46;;QV999999999999;
INTRA-EX;202501;513881387;E10-82-092-01-22;73202081;ES;PT;10;EXW;11;3;;11;1;182;;QV999999999999;
INTRA-EX;202501;513881387;SVW0630-4P-BK;87083091;ES;PT;10;EXW;11;3;;0,5;1;77;;QV999999999999;
INTRA-EX;202501;513881387;SVW0608-4P-BK;87083091;ES;PT;10;EXW;11;3;;0,5;1;77;;QV999999999999;
INTRA-EX;202501;513881387;CTS-EM-MK45-6-60D;87089235;ES;PT;10;EXW;11;3;;2;1;107;;QV999999999999;
INTRA-EX;202501;513881387;CTS-TM-MK4-60D;87089235;ES;PT;10;EXW;11;3;;2;1;107;;QV999999999999;
INTRA-EX;202501;513881387;KCA472;87088035;ES;PT;10;EXW;11;3;;2;1;170;;QV999999999999;
INTRA-EX;202501;513881387;PARTS240SI-E;87088035;ES;PT;10;EXW;11;3;;0,1;4;163;;ESB15046238;
INTRA-EX;202501;513881387;VWRM026-XL;90292031;ES;PT;10;EXW;11;3;;0,5;1;19;;QV999999999999;
INTRA-EX;202501;513881387;MS100244-6;85111000;ES;PT;10;EXW;11;3;;2,4;1;204;;QV999999999999;
INTRA-EX;202501;513881387;COMBO-NOV-MQB;84213100;ES;PT;10;EXW;11;3;;5,5;1;446;;ESB67497925;
INTRA-EX;202501;513881387;06D998907;87089997;ES;PT;10;EXW;11;3;;0,1;4;23;;ESB01796796;
INTRA-EX;202501;513881387;ATINTVAG46;87089135;ES;PT;10;EXW;11;3;;1,9;1;265;;ESB67497925;
INTRA-EX;202501;513881387;COMBO-NOV-MQB;84213100;ES;PT;10;EXW;11;3;;5,5;1;446;;ESB67497925;
INTRA-EX;202501;513881387;SBW1171-4P-BK;87083091;ES;PT;10;EXW;11;3;;0,5;1;83;;QV999999999999;
INTRA-EX;202501;513881387;CTS-IT-805;40091100;ES;PT;10;EXW;11;3;;1,4;1;218;;QV999999999999;
INTRA-EX;202501;513881387;SAU0601-4P-BK;87083091;ES;PT;10;EXW;11;3;;0,5;1;77;;QV999999999999;
INTRA-EX;202501;513881387;SP-204;32081090;ES;PT;10;EXW;11;3;;0,5;1;27;;QV999999999999;
INTRA-EX;202501;513881387;ATIKYGR01;84213100;ES;PT;10;EXW;11;3;;4,7;1;305;;QV999999999999;
INTRA-EX;202501;513881387;FMDVRMA-BLA;87089997;ES;PT;10;EXW;11;3;;0,9;1;165;;QV999999999999;
INTRA-EX;202501;513881387;SILZKGR8C8S-6;84099100;ES;PT;10;EXW;11;3;;0,4;1;99;;QV999999999999;
INTRA-EX;202501;513881387;218-4702;87089997;ES;PT;10;EXW;11;3;;1,3;1;197;;QV999999999999;
INTRA-EX;202501;513881387;FMDVSUB01;84814090;ES;PT;10;EXW;11;3;;0,6;1;159;;QV999999999999;
INTRA-EX;202501;513881387;503-N101;84213100;ES;PT;10;EXW;11;3;;0,4;1;29;;QV999999999999;
INTRA-EX;202501;513881387;SSU0500-4P-BK;87083091;ES;PT;10;EXW;11;3;;0,5;1;83;;QV999999999999;
INTRA-EX;202501;513881387;FMSS114-GRE;87089997;ES;PT;10;EXW;11;3;;0,1;1;7;;QV999999999999;
INTRA-EX;202501;513881387;DBA42830S-2;87089997;ES;PT;10;EXW;11;3;;23,3;1;265;;ES48924146H;
INTRA-EX;202501;513881387;STY0014-4P-BK;87083091;ES;PT;10;EXW;11;3;;0,5;1;77;;QV999999999999;
INTRA-EX;202501;513881387;SRNC022;87089235;ES;PT;10;EXW;11;3;;3,2;1;135;;ESB04855516;
INTRA-EX;202501;513881387;AC-S55-OTC;84213100;ES;PT;10;EXW;11;3;;0,3;1;24;;ESB72996382;
INTRA-EX;202501;513881387;MMWP-M50-92;84099100;ES;PT;10;EXW;11;3;;1,2;1;37;;ESB72996382;
INTRA-EX;202501;513881387;VWR180001;84212300;ES;PT;10;EXW;11;3;;0,2;1;38;;ESB72996382;
INTRA-EX;202501;513881387;VWR13G700RFK;87089997;ES;PT;10;EXW;11;3;;0,5;2;92;;ESB86420924;
INTRA-EX;202501;513881387;AC-MK7-FU-RD;87088055;ES;PT;10;EXW;11;3;;3;1;59;;ESB88553946;
INTRA-EX;202501;513881387;CTS-FPK-004-450;87089235;ES;PT;10;EXW;11;3;;0,8;1;277;;ES44534463T;
INTRA-EX;202501;513881387;SSE0433-4P-BK;87083091;ES;PT;10;EXW;11;3;;0,5;1;63;;ES44534463T;
INTRA-EX;202501;513881387;AC-IS-TB;87089997;ES;PT;10;EXW;11;3;;0,3;1;29;;ES44534463T;
INTRA-EX;202501;513881387;CTS-IT-105R;84213100;ES;PT;10;EXW;11;3;;4,6;1;224;;ES16610275C;
INTRA-EX;202501;513881387;STY0014-4P-BK;87083091;ES;PT;10;EXW;11;3;;0,5;2;126;;ES16610275C;
INTRA-EX;202501;513881387;CI100042;84213100;ES;PT;10;EXW;11;3;;4,8;1;1079;;ES44719365M;
INTRA-EX;202501;513881387;VWR900001;85111000;ES;PT;10;EXW;11;3;;0,3;4;122;;ES44534463T;
INTRA-EX;202501;513881387;SILFER8C7ES;85111000;ES;PT;10;EXW;11;3;;0,1;4;38;;ES44534463T;
INTRA-EX;202501;513881387;EVE-AMGGT-CFM-INT;84213100;ES;PT;10;EXW;11;3;;7,8;1;1785;;ESB88553946;
INTRA-EX;202501;513881387;MMRAD-STI-08;87089135;ES;PT;10;EXW;11;3;;6,9;1;212;;ES38873546G;
INTRA-EX;202501;513881387;CTS-IT-341;40091100;ES;PT;10;EXW;11;3;;1,4;1;164;;ES38873546G;
INTRA-EX;202501;513881387;MMHOSE-TINY-07BK;40091100;ES;PT;10;EXW;11;3;;2,5;1;152;;ES38873546G;
INTRA-EX;202501;513881387;VWR1200R601E;84213100;ES;PT;10;EXW;11;3;;4,9;1;338;;ESB42954230;
INTRA-EX;202501;513881387;AC-MK7-MD;87089997;ES;PT;10;EXW;11;3;;0,4;4;175;;ESB42954230;
INTRA-EX;202501;513881387;AC-MK7-IND-BL;40091100;ES;PT;10;EXW;11;3;;0,9;1;32;;ESB42954230;
INTRA-EX;202501;513881387;AC-MK7-IND-RD;40091100;ES;PT;10;EXW;11;3;;0,9;1;32;;ESB42954230;
INTRA-EX;202501;513881387;VWR1200R600E;84213100;ES;PT;10;EXW;11;3;;4,9;1;309;;ESB42954230;
INTRA-EX;202501;513881387;VWR120010;40091100;ES;PT;10;EXW;11;3;;1,4;1;178;;ESB42954230;
INTRA-EX;202501;513881387;VWR120000;84213100;ES;PT;10;EXW;11;3;;1;2;51;;ESB42954230;
INTRA-EX;202501;513881387;VWR19G706;87089997;ES;PT;10;EXW;11;3;;0,4;1;53;;ESB42954230;
INTRA-EX;202501;513881387;VWR150000;87089997;ES;PT;10;EXW;11;3;;0,2;1;79;;ESB42954230;
INTRA-EX;202501;513881387;VWR12P1GT;84213100;ES;PT;10;EXW;11;3;;2,8;1;285;;ESB42954230;
INTRA-EX;202501;513881387;MMICP-N55-11;87089997;ES;PT;10;EXW;11;3;;2,2;1;180;;ES39913758H;
INTRA-EX;202501;513881387;R7437-9;85111000;ES;PT;10;EXW;11;3;;0,1;4;141;;ESB56882640;
INTRA-EX;202501;513881387;SBM084CF;87089235;ES;PT;10;EXW;11;3;;29,4;1;1438;;ES48346163w;
INTRA-EX;202501;513881387;EX-STBZ33-F;87088035;FR;PT;10;EXW;11;3;;3,3;1;106;;QV999999999999;
INTRA-EX;202501;513881387;SILZKGR8B8S-6;85111000;FR;PT;10;EXW;11;3;;0,4;1;59;;QV999999999999;
INTRA-EX;202501;513881387;UR-TW3-020;87088055;FR;PT;10;EXW;11;3;;3,7;1;116;;QV999999999999;
INTRA-EX;202501;513881387;Z-1152987;87089997;FR;PT;10;EXW;11;3;;1,5;1;153;;FR86502936230;
INTRA-EX;202501;513881387;KDT911;87089997;FR;PT;10;EXW;11;3;;0,8;1;79;;QV999999999999;
INTRA-EX;202501;513881387;13270-8j112;87089997;FR;PT;10;EXW;11;3;;0,2;1;6;;QV999999999999;
INTRA-EX;202501;513881387;13270-8J102;87089997;FR;PT;10;EXW;11;3;;0,2;1;6;;QV999999999999;
INTRA-EX;202501;513881387;SP-201;32081090;FR;PT;10;EXW;11;3;;0,5;1;27;;QV999999999999;
INTRA-EX;202501;513881387;SP-204;32081090;FR;PT;10;EXW;11;3;;0,5;1;27;;QV999999999999;
INTRA-EX;202501;513881387;CTS-IT-105R;84213100;FR;PT;10;EXW;11;3;;4,6;1;256;;QV999999999999;
INTRA-EX;202501;513881387;AC-MK7-RU;87089235;FR;PT;10;EXW;11;3;;2,2;1;74;;QV999999999999;
INTRA-EX;202501;513881387;AC-MK5-FU-RD;87088055;FR;PT;10;EXW;11;3;;4,4;1;97;;QV999999999999;
INTRA-EX;202501;513881387;UR-TW2-3081;87088055;FR;PT;10;EXW;11;3;;3,4;1;123;;QV999999999999;
INTRA-EX;202501;513881387;U5055-6;84099100;FR;PT;10;EXW;11;3;;2,1;1;132;;QV999999999999;
INTRA-EX;202501;513881387;CTS-IT-300R;84213100;FR;PT;10;EXW;11;3;;4,1;1;273;;QV999999999999;
INTRA-EX;202501;513881387;COMBO-NOV-MQB;84213100;FR;PT;10;EXW;11;3;;5,5;1;446;;FR53830473112;
INTRA-EX;202501;513881387;204-4302;87089997;FR;PT;10;EXW;11;3;;1,5;1;189;;QV999999999999;
INTRA-EX;202501;513881387;PF05;90262020;FR;PT;10;EXW;11;3;;0,2;1;224;;QV999999999999;
INTRA-EX;202501;513881387;9-307-1060;84133080;FR;PT;10;EXW;11;3;;0,6;1;148;;QV999999999999;
INTRA-EX;202501;513881387;MMRT-MUS-15EBK;87089997;FR;PT;10;EXW;11;3;;3,4;1;165;;QV999999999999;
INTRA-EX;202501;513881387;UR-RL2-1414;87088055;FR;PT;10;EXW;11;3;;1;1;73;;QV999999999999;
INTRA-EX;202501;513881387;UR-TW2-1412;87088055;FR;PT;10;EXW;11;3;;2;1;116;;QV999999999999;
INTRA-EX;202501;513881387;06J103600AFKIT;84099100;FR;PT;10;EXW;11;3;;2,5;1;49;;QV999999999999;
INTRA-EX;202501;513881387;06L115466C;84213100;FR;PT;10;EXW;11;3;;0,2;1;5;;QV999999999999;
INTRA-EX;202501;513881387;MS100192-4;84099100;FR;PT;10;EXW;11;3;;1,7;1;180;;QV999999999999;
INTRA-EX;202501;513881387;06E898001-4;85111000;FR;PT;10;EXW;11;3;;1,5;1;104;;QV999999999999;
INTRA-EX;202501;513881387;FMMD7;87089235;FR;PT;10;EXW;11;3;;0,6;1;90;;QV999999999999;
INTRA-EX;202501;513881387;ATMSHYU7;87089997;FR;PT;10;EXW;11;3;;1;1;99;;QV999999999999;
INTRA-EX;202501;513881387;ITGHYUNDAIi20NSH;84213100;FR;PT;10;EXW;11;3;;1,3;1;133;;QV999999999999;
INTRA-EX;202501;513881387;FMSS7;87089997;FR;PT;10;EXW;11;3;;0,3;1;64;;QV999999999999;
INTRA-EX;202501;513881387;FMINLD3;84213100;FR;PT;10;EXW;11;3;;5;1;34;;QV999999999999;
INTRA-EX;202501;513881387;BKR8EIX-4;85111000;FR;PT;10;EXW;11;3;;0,3;1;41;;QV999999999999;
INTRA-EX;202501;513881387;AC-180-CPA;87089997;FR;PT;10;EXW;11;3;;0,5;1;44;;QV999999999999;
INTRA-EX;202501;513881387;06E898001-4;85111000;FR;PT;10;EXW;11;3;;1,5;1;104;;QV999999999999;
INTRA-EX;202501;513881387;BKR7EIX-4;84099100;FR;PT;10;EXW;11;3;;0,3;1;40;;QV999999999999;
INTRA-EX;202501;513881387;VWR810000;87089997;FR;PT;10;EXW;11;3;;0,2;1;28;;QV999999999999;
INTRA-EX;202501;513881387;6B1584H-STD;40091100;FR;PT;10;EXW;11;3;;0,4;1;134;;QV999999999999;
INTRA-EX;202501;513881387;AC-MK7-CP-4;84099100;FR;PT;10;EXW;11;3;;1;1;112;;QV999999999999;
INTRA-EX;202501;513881387;UR-TW2-3932;87088055;FR;PT;10;EXW;11;3;;2,2;1;149;;FR72493564538;
INTRA-EX;202501;513881387;50003-MR45HLZ-4;87089997;FR;PT;10;EXW;11;3;;0,3;1;87;;FR72493564538;
INTRA-EX;202501;513881387;82494;84099100;FR;PT;10;EXW;11;3;;1,6;1;206;;FR72493564538;
INTRA-EX;202501;513881387;AC-200-CFA-KIT;87089997;FR;PT;10;EXW;11;3;;0,1;1;32;;QV999999999999;
INTRA-EX;202501;513881387;SILZKGR8B8S-6;85111000;FR;PT;10;EXW;11;3;;0,4;1;59;;QV999999999999;
INTRA-EX;202501;513881387;034-1ZZ-0009;87089997;FR;PT;10;EXW;11;3;;1,8;1;225;;QV999999999999;
INTRA-EX;202501;513881387;PP1599;84213100;FR;PT;10;EXW;11;3;;0,5;1;38;;QV999999999999;
INTRA-EX;202501;513881387;MMTS-S4-00L;90321020;FR;PT;10;EXW;11;3;;0,1;1;47;;QV999999999999;
INTRA-EX;202501;513881387;06E898001-6;85111000;FR;PT;10;EXW;11;3;;2,1;1;157;;QV999999999999;
INTRA-EX;202501;513881387;BKR8EIX-6;85111000;FR;PT;10;EXW;11;3;;0,4;1;62;;QV999999999999;
INTRA-EX;202501;513881387;MS100204-4;84099100;FR;PT;10;EXW;11;3;;1,7;1;180;;QV999999999999;
INTRA-EX;202501;513881387;U5055-6;84099100;FR;PT;10;EXW;11;3;;2,1;1;132;;FR70898441050;
INTRA-EX;202501;513881387;AC-B9S-DP;87089235;FR;PT;10;EXW;11;3;;6;1;374;;QV999999999999;
INTRA-EX;202501;513881387;CTS-IT-105R;84213100;FR;PT;10;EXW;11;3;;4,6;1;256;;QV999999999999;
INTRA-EX;202501;513881387;FMTUBL16;70102000;FR;PT;10;EXW;11;3;;0,6;1;106;;QV999999999999;
INTRA-EX;202501;513881387;LTR7IX-11-8;84099100;FR;PT;10;EXW;11;3;;0,5;1;71;;QV999999999999;
INTRA-EX;202501;513881387;UR-TW2-3047;87088055;FR;PT;10;EXW;11;3;;3;1;129;;QV999999999999;
INTRA-EX;202501;513881387;PP1599;84213100;FR;PT;10;EXW;11;3;;0,5;1;38;;QV999999999999;
INTRA-EX;202501;513881387;06E898001-4;85111000;FR;PT;10;EXW;11;3;;1,5;1;104;;QV999999999999;
INTRA-EX;202501;513881387;R7437-8-4;84099100;FR;PT;10;EXW;11;3;;0,3;1;160;;QV999999999999;
INTRA-EX;202501;513881387;VWR900002-4;84099100;FR;PT;10;EXW;11;3;;1,8;1;174;;QV999999999999;
INTRA-EX;202501;513881387;CTS-HW-0242;70102000;FR;PT;10;EXW;11;3;;0,5;1;62;;QV999999999999;
INTRA-EX;202501;513881387;VWR180000;87089997;FR;PT;10;EXW;11;3;;0,1;1;15;;QV999999999999;
INTRA-EX;202501;513881387;AC-200-VRA;87089997;FR;PT;10;EXW;11;3;;0,2;1;29;;QV999999999999;
INTRA-EX;202501;513881387;D650-0009-4;84099100;FR;PT;10;EXW;11;3;;1,7;1;124;;QV999999999999;
INTRA-EX;202501;513881387;MS100112;87089997;FR;PT;10;EXW;11;3;;0,3;1;40;;QV999999999999;
INTRA-EX;202501;513881387;A1000008;87089997;FR;PT;10;EXW;11;3;;0,1;1;19;;QV999999999999;
INTRA-EX;202501;513881387;CTS-IT-220R;84213100;FR;PT;10;EXW;11;3;;4,5;1;280;;QV999999999999;
INTRA-EX;202501;513881387;CTS-IT-340;84213100;FR;PT;10;EXW;11;3;;3,4;1;276;;QV999999999999;
INTRA-EX;202501;513881387;ILZKAR8H8S-4;85111000;FR;PT;10;EXW;11;3;;0,3;1;72;;QV999999999999;
INTRA-EX;202501;513881387;TS-0203-1266;87089997;FR;PT;10;EXW;11;3;;0,4;1;191;;QV999999999999;
INTRA-EX;202501;513881387;ILTR6A-8G-4;87089997;FR;PT;10;EXW;11;3;;0,3;1;54;;QV999999999999;
INTRA-EX;202501;513881387;CTS-IT-105R;84213100;FR;PT;10;EXW;11;3;;4,6;1;256;;QV999999999999;
INTRA-EX;202501;513881387;CTS-IGN-008;84099100;FR;PT;10;EXW;11;3;;0,3;6;210;;QV999999999999;
INTRA-EX;202501;513881387;U5055-4;84099100;FR;PT;10;EXW;11;3;;1,5;1;88;;QV999999999999;
INTRA-EX;202501;513881387;UR-RL4-1259;87088055;FR;PT;10;EXW;11;3;;5,1;1;161;;FR81841797160;
INTRA-EX;202501;513881387;UR-LA8-1257;87088055;FR;PT;10;EXW;11;3;;5,3;1;183;;FR81841797160;
INTRA-EX;202501;513881387;CTS-EXH-TP-0011;87089235;FR;PT;10;EXW;11;3;;7,8;1;149;;FR77978902617;
INTRA-EX;202501;513881387;EVE-B58-CF-INT;84213100;FR;PT;10;EXW;11;3;;4,2;1;928;;FR26750353237;
INTRA-EX;202501;513881387;EVE-E60V2-CF-INT;84213100;FR;PT;10;EXW;11;3;;4,6;1;1087;;FR26750353237;
INTRA-EX;202501;513881387;FRI-ORS-0128;84213100;FR;PT;10;EXW;11;3;;4,2;1;1588;;FR82530667591;
INTRA-EX;202501;513881387;VWR1200R601E;84213100;FR;PT;10;EXW;11;3;;4,9;1;338;;FR82530667591;
INTRA-EX;202501;513881387;EVE-FLC;87084099;FR;PT;10;EXW;11;3;;0,6;1;21;;FR82530667591;
INTRA-EX;202501;513881387;AC-200-CP;84099100;FR;PT;10;EXW;11;3;;0,3;4;54;;FR82530667591;
INTRA-EX;202501;513881387;CI100037;84213100;FR;PT;10;EXW;11;3;;2,4;1;399;;FR93514546712;
INTRA-EX;202501;513881387;VWR1200R601E;84213100;FR;PT;10;EXW;11;3;;4,9;1;338;;FR94827543661;
INTRA-EX;202501;513881387;VWR1200R600E;84213100;FR;PT;10;EXW;11;3;;4,9;1;309;;FR94827543661;
INTRA-EX;202501;513881387;VWR120010;40091100;FR;PT;10;EXW;11;3;;1,4;1;178;;FR94827543661;
INTRA-EX;202501;513881387;VWR69G7KIT;87083091;FR;PT;10;EXW;11;3;;0,5;1;105;;FR19980130553;
INTRA-EX;202501;513881387;MMHOSE-CIV-02SIRD;40093100;FR;PT;10;EXW;11;3;;0,4;1;41;;FR19980130553;
INTRA-EX;202501;513881387;MMRAD-CIV-02SI;87089135;FR;PT;10;EXW;11;3;;8,7;1;164;;FR19980130553;
INTRA-EX;202501;513881387;MMTS-RSX-02;90321020;FR;PT;10;EXW;11;3;;0,2;1;35;;FR19980130553;
INTRA-EX;202501;513881387;BRF13Z;87088055;RO;PT;10;EXW;11;3;;5,8;1;180;;QV999999999999;
INTRA-EX;202501;513881387;FRI-0184;84213100;SI;PT;10;EXW;11;3;;9,5;1;2487;;SI20526369;
INTRA-EX;202501;513881387;FMINT14;84198998;PL;PT;10;EXW;11;3;;14,2;1;513;;PL6112557567;
INTRA-EX;202501;513881387;AC-N55-TP;40091100;PL;PT;10;EXW;11;3;;1,7;1;110;;PL6972395288;
INTRA-EX;202501;513881387;EM100040;87089997;BE;PT;10;EXW;11;3;;1;1;118;;QV999999999999;
INTRA-EX;202501;513881387;SBMMP100;87089997;BE;PT;10;EXW;11;3;;20;1;715;;BE0667689206;
INTRA-EX;202501;513881387;FRI-0323;84213100;BE;PT;10;EXW;11;3;;6,5;1;1294;;BE0897648094;
INTRA-EX;202501;513881387;MMHOSE-CIV-06BK;40091100;GR;PT;10;EXW;11;3;;0,9;1;52;;GREL156587530;
INTRA-EX;202501;513881387;FMINT11;87089997;IT;PT;10;EXW;11;3;;21,3;1;1191;;IT04227541200;
INTRA-EX;202501;513881387;AC-200K03-MD;84198998;IT;PT;10;EXW;11;3;;0,5;2;89;;IT03813391202;
INTRA-EX;202501;513881387;AC-IS-TB;87089997;IT;PT;10;EXW;11;3;;0,3;1;29;;IT03813391202;
INTRA-EX;202501;513881387;AC-MK7-CP;84099100;IT;PT;10;EXW;11;3;;0,3;12;215;;IT03813391202;
INTRA-EX;202501;513881387;MS100192;85111000;IT;PT;10;EXW;11;3;;0,3;8;298;;IT03813391202;
INTRA-EX;202501;513881387;CI100052;84213100;IT;PT;10;EXW;11;3;;4,5;4;991;;IT03813391202;
INTRA-EX;202501;513881387;CI100052-A;84213100;IT;PT;10;EXW;11;3;;1,7;4;335;;IT03813391202;
INTRA-EX;202501;513881387;AC-MK7-MD;87089997;IT;PT;10;EXW;11;3;;0,4;2;87;;IT03813391202;
INTRA-EX;202501;513881387;PF05;90262020;IT;PT;10;EXW;11;3;;0,2;1;170;;IT03813391202;
INTRA-EX;202501;513881387;VWR17G7R600;40091100;IT;PT;10;EXW;11;3;;0,2;10;382;;IT03813391202;
INTRA-EX;202501;513881387;06J103600AFKIT;84099100;NL;PT;10;EXW;11;3;;2,5;1;49;;QV999999999999;
INTRA-EX;202501;513881387;VWR180000;87089997;NL;PT;10;EXW;11;3;;0,1;1;14;;QV999999999999;
INTRA-EX;202501;513881387;06L115466C;84213100;NL;PT;10;EXW;11;3;;0,2;1;5;;QV999999999999;
INTRA-EX;202501;513881387;AC-200-CP-4;84099100;ES;PT;10;EXW;11;3;;1;1;81;;QV999999999999;
INTRA-EX;202501;513881387;MMTMIC-STI-08SLRD;87089997;ES;PT;10;EXW;11;3;;12;1;501;;ESB66526328;
INTRA-EX;202501;513881387;71008-AF013;84213100;ES;PT;10;EXW;11;3;;1,3;1;223;;ESB66526328;
INTRA-EX;202501;513881387;MMRT-WRX-01EBK;87089997;ES;PT;10;EXW;11;3;;1;1;136;;ESB66526328;
INTRA-EX;202501;513881387;MS100244-6;85111000;ES;PT;10;EXW;11;3;;2,4;1;204;;QV999999999999;
INTRA-EX;202501;513881387;VIB-1458;87089235;ES;PT;10;EXW;11;3;;0,2;3;19;;QV999999999999;
INTRA-EX;202501;513881387;MMRAD-350Z-03;87089135;ES;PT;10;EXW;11;3;;10,9;1;271;;QV999999999999;
INTRA-EX;202501;513881387;LFR6AIX-11-6;85111000;ES;PT;10;EXW;11;3;;0,4;1;60;;QV999999999999;
INTRA-EX;202501;513881387;5M1581H-STD;87089997;ES;PT;10;EXW;11;3;;0,5;1;153;;ESX8587773X;
INTRA-EX;202501;513881387;MMINT-F80-15;87089199;ES;PT;10;EXW;11;3;;10;1;927;;ESB86420924;
INTRA-EX;202501;513881387;SBMC083;87089235;ES;PT;10;EXW;11;3;;3,8;1;238;;ESB19296938;
INTRA-EX;202501;513881387;AC-180-CPA;87089997;ES;PT;10;EXW;11;3;;0,5;2;59;;ES18062887K;
INTRA-EX;202501;513881387;216BFWAOTSM;90269000;ES;PT;10;EXW;11;3;;0,3;1;29;;ES18062887K;
INTRA-EX;202501;513881387;216BFWAWTSM;90262020;ES;PT;10;EXW;11;3;;0,3;1;29;;ES18062887K;
INTRA-EX;202501;513881387;MMRAD-E46-323;87089997;ES;PT;10;EXW;11;3;;7,2;1;213;;ESB09771205;
INTRA-EX;202501;513881387;VWR31G7ML;10;ES;PT;10;EXW;11;3;;7,9;1;188;;ES71155708X;
INTRA-EX;202501;513881387;1K0253144AE;87089997;ES;PT;10;EXW;11;3;;1;1;6;;ES71155708X;
INTRA-EX;202501;513881387;058129717D;87089235;ES;PT;10;EXW;11;3;;0,1;2;4;;ES71155708X;
INTRA-EX;202501;513881387;06K129717A;87089235;ES;PT;10;EXW;11;3;;0,1;2;10;;ES71155708X;
INTRA-EX;202501;513881387;06F253039F;87089997;ES;PT;10;EXW;11;3;;0,1;2;6;;ES71155708X;
INTRA-EX;202501;513881387;06D998907;87089997;ES;PT;10;EXW;11;3;;0,1;5;20;;ES71155708X;
INTRA-EX;202501;513881387;WHT005185;84133080;ES;PT;10;EXW;11;3;;0,1;3;12;;ES71155708X;
INTRA-EX;202501;513881387;06J998907A;87089997;ES;PT;10;EXW;11;3;;0,1;4;16;;ES71155708X;
INTRA-EX;202501;513881387;AC-200-PCVCC;87089997;ES;PT;10;EXW;11;3;;0,5;1;41;;ES44719365M;
INTRA-EX;202501;513881387;06E898001-4;85111000;FR;PT;10;EXW;11;3;;1,5;1;104;;QV999999999999;
INTRA-EX;202501;513881387;BKR8EIX-4;85111000;FR;PT;10;EXW;11;3;;0,3;1;41;;QV999999999999;
INTRA-EX;202501;513881387;DILKAR8R9HS-4;85111000;FR;PT;10;EXW;11;3;;0,3;3;187;;FR96845021542;
INTRA-EX;202501;513881387;MMTC-F80-15;87089135;FR;PT;10;EXW;11;3;;3,1;1;350;;QV999999999999;
INTRA-EX;202501;513881387;UR-LA2-972;87088055;FR;PT;10;EXW;11;3;;1,5;1;74;;QV999999999999;
INTRA-EX;202501;513881387;UR-RL4-974P;87088055;FR;PT;10;EXW;11;3;;2,4;1;104;;QV999999999999;
INTRA-EX;202501;513881387;E10-20-022-09-22;73202081;FR;PT;10;EXW;11;3;;14,2;1;293;;QV999999999999;
INTRA-EX;202501;513881387;ILFR7H-5;85111000;FR;PT;10;EXW;11;3;;0,3;1;67;;QV999999999999;
INTRA-EX;202501;513881387;CTS-20T-MQB-DF;87089199;FR;PT;10;EXW;11;3;;16;1;719;;FR76819650474;
INTRA-EX;202501;513881387;D760-0069;84099100;FR;PT;10;EXW;11;3;;4,4;1;359;;QV999999999999;
INTRA-EX;202501;513881387;Z1003100-4;85111000;FR;PT;10;EXW;11;3;;0,4;1;120;;QV999999999999;
INTRA-EX;202501;513881387;WA302R+L;87088055;FR;PT;10;EXW;11;3;;5,5;1;191;;QV999999999999;
INTRA-EX;202501;513881387;W53188;87088055;FR;PT;10;EXW;11;3;;0,6;1;41;;QV999999999999;
INTRA-EX;202501;513881387;W52091;87088055;FR;PT;10;EXW;11;3;;0,5;1;29;;QV999999999999;
INTRA-EX;202501;513881387;RBF600;27101999;FR;PT;10;EXW;11;3;;0,6;1;9;;QV999999999999;
INTRA-EX;202501;513881387;107920;27101999;FR;PT;10;EXW;11;3;;1,2;1;15;;QV999999999999;
INTRA-EX;202501;513881387;111049;27101999;FR;PT;10;EXW;11;3;;1,2;2;8;;QV999999999999;
INTRA-EX;202501;513881387;MMICP-N55-11;87089997;FR;PT;10;EXW;11;3;;2,2;1;241;;QV999999999999;
INTRA-EX;202501;513881387;5w30;27101999;FR;PT;10;EXW;11;3;;1,9;4;116;;FR91803933472;
INTRA-EX;202501;513881387;RPF-1721;84213100;FR;PT;10;EXW;11;3;;0,4;1;33;;QV999999999999;
INTRA-EX;202501;513881387;079133074B;87089235;FR;PT;10;EXW;11;3;;0,1;2;22;;QV999999999999;
INTRA-EX;202501;513881387;10.127.100K;84132000;FR;PT;10;EXW;11;3;;0,3;1;314;;QV999999999999;
INTRA-EX;202501;513881387;AC-200-EM;87089997;FR;PT;10;EXW;11;3;;2,3;1;82;;QV999999999999;
INTRA-EX;202501;513881387;FMINLD3;84213100;FR;PT;10;EXW;11;3;;5;1;34;;QV999999999999;
INTRA-EX;202501;513881387;ATMSMINI7;87089997;FR;PT;10;EXW;11;3;;2;1;235;;QV999999999999;
INTRA-EX;202501;513881387;SAUP087;87089997;FR;PT;10;EXW;11;3;;12,4;1;303;;QV999999999999;
INTRA-EX;202501;513881387;50-1200;87089997;FR;PT;10;EXW;11;3;;0,5;1;104;;FR55524167806;
INTRA-EX;202501;513881387;R7437-9;85111000;FR;PT;10;EXW;11;3;;0,1;9;317;;FR46821372117;
INTRA-EX;202501;513881387;R7437-9;85111000;FR;PT;10;EXW;11;3;;0,1;4;141;;FR43935269613;
INTRA-EX;202501;513881387;VWR11G714;84213100;FR;PT;10;EXW;11;3;;0,4;1;62;;FR82530667591;
INTRA-EX;202501;513881387;AC-204-FU;87088055;LT;PT;10;EXW;11;3;;3,2;1;74;;LT100016248411;
INTRA-EX;202501;513881387;SHYSP102;87089997;LU;PT;10;EXW;11;3;;2,6;1;169;;QV999999999999;
INTRA-EX;202501;513881387;10.127.100K;84132000;SK;PT;10;EXW;11;3;;0,3;1;314;;SK2120431379;
INTRA-EX;202501;513881387;AC-MK7-FU-RD;87088055;SK;PT;10;EXW;11;3;;3;2;164;;SK2120431379;
INTRA-EX;202501;513881387;VWR31G70R;87088035;PL;PT;10;EXW;11;3;;9,5;1;161;;PL8141683531;
INTRA-EX;202501;513881387;10.127.100K;84132000;PL;PT;10;EXW;11;3;;0,3;1;227;;PL8141683531;
INTRA-EX;202501;513881387;10.127.101K;84133080;PL;PT;10;EXW;11;3;;0,3;1;227;;PL8141683531;
INTRA-EX;202501;513881387;10.127.113K;84133080;PL;PT;10;EXW;11;3;;0,3;1;253;;PL8141683531;
INTRA-EX;202501;513881387;SBMX098;87089235;PL;PT;10;EXW;11;3;;8;1;715;;PL6972395288;
INTRA-EX;202501;513881387;SBMP091;87089997;PL;PT;10;EXW;11;3;;19;1;471;;PL6972395288;
INTRA-EX;202501;513881387;MMOC-E60-06;87089997;PL;PT;10;EXW;11;3;;6,6;1;374;;PL6972395288;
INTRA-EX;202501;513881387;ATINTMB02;87089135;PL;PT;10;EXW;11;3;;4,2;1;471;;PL6772342637;
INTRA-EX;202501;513881387;VWR1200R600E;84213100;BE;PT;10;EXW;11;3;;4,9;1;309;;BE0897334033;
INTRA-EX;202501;513881387;VWR12G7R600ITINLET;87089997;BE;PT;10;EXW;11;3;;0,4;1;100;;BE0897334033;
INTRA-EX;202501;513881387;VWR12G7R600ITBLA;84213100;BE;PT;10;EXW;11;3;;0,8;1;76;;BE0897334033;
INTRA-EX;202501;513881387;VWR190006;87089997;BE;PT;10;EXW;11;3;;0,2;1;97;;QV999999999999;
INTRA-EX;202501;513881387;COASFST16T3;40091100;GR;PT;10;EXW;11;3;;1,7;1;210;;GREL156587530;
INTRA-EX;202501;513881387;EVE-2TFSI-CF-INT;84213100;IT;PT;10;EXW;11;3;;3,1;1;663;;IT04146110160;
INTRA-EX;202501;513881387;SFDC089;87089235;IT;PT;10;EXW;11;3;;3;1;204;;IT03656931205;
INTRA-EX;202501;513881387;SFDP089;87089997;IT;PT;10;EXW;11;3;;8,2;1;160;;IT03656931205;
INTRA-EX;202501;513881387;WB-750;84213100;IT;PT;10;EXW;11;3;;0,4;1;37;;IT04149040232;
INTRA-EX;202501;513881387;VWR160001;87089997;IT;PT;10;EXW;11;3;;0,4;1;86;;IT04149040232;
INTRA-EX;202501;513881387;VWR12G7R600ITINLET;87089997;IT;PT;10;EXW;11;3;;0,4;1;100;;IT04149040232;
INTRA-EX;202501;513881387;AC-200-TP;40091100;IT;PT;10;EXW;11;3;;1,2;1;73;;IT04149040232;
INTRA-EX;202501;513881387;AC-IS-TB;87089997;IT;PT;10;EXW;11;3;;0,3;1;29;;IT03656931205;
INTRA-EX;202501;513881387;VWR12G7R601FO;84213100;IT;PT;10;EXW;11;3;;0,9;1;112;;IT14481871003;
INTRA-EX;202501;513881387;CTS-IT-810;40091100;NL;PT;10;EXW;11;3;;1,4;1;164;;NL866860666B01;
INTRA-EX;202501;513881387;70019-AZ104;84213100;IT;PT;10;EXW;11;3;;1,8;1;139;;QV999999999999;
INTRA-EX;202501;513881387;VWR420001;87089997;ES;PT;10;EXW;11;3;;2;1;159;;ESB19296938;
INTRA-EX;202501;513881387;KLC140-295;87088055;ES;PT;10;EXW;11;3;;1;1;85;;ESB72996382;
INTRA-EX;202501;513881387;VWR1200R600E;84213100;ES;PT;10;EXW;11;3;;4,9;1;309;;ESB72996382;
INTRA-EX;202501;513881387;MMICP-N55-11;87089997;ES;PT;10;EXW;11;3;;2,2;1;180;;ES44534463T;
INTRA-EX;202501;513881387;VWR900002;85111000;ES;PT;10;EXW;11;3;;0,3;4;122;;ESB42954230;
INTRA-EX;202501;513881387;VWR520000;87089997;ES;PT;10;EXW;11;3;;0,7;2;267;;ESB42954230;
INTRA-EX;202501;513881387;VWR11G701;84213100;ES;PT;10;EXW;11;3;;0,3;1;57;;ESB42954230;
INTRA-EX;202501;513881387;VWR1200R601E;84213100;ES;PT;10;EXW;11;3;;4,9;2;676;;ESB42954230;
INTRA-EX;202501;513881387;VWR900001;85111000;ES;PT;10;EXW;11;3;;0,3;8;244;;ESB42954230;
INTRA-EX;202501;513881387;AC-MK7-FU-RD;87088055;ES;PT;10;EXW;11;3;;3;1;59;;ESB88553946;
INTRA-EX;202501;513881387;FMMD7;87089235;ES;PT;10;EXW;11;3;;0,6;1;89;;QV999999999999;
INTRA-EX;202501;513881387;CTS-HW-216-AWD;87089997;ES;PT;10;EXW;11;3;;0,3;1;79;;ESB45759685;
INTRA-EX;202501;513881387;BKR8EIX-4;85111000;ES;PT;10;EXW;11;3;;0,3;1;41;;ESB45759685;
INTRA-EX;202501;513881387;BKR7EIX-4;84099100;ES;PT;10;EXW;11;3;;0,3;1;40;;ESB45759685;
INTRA-EX;202501;513881387;FMACFRS2;84099100;ES;PT;10;EXW;11;3;;0,6;1;144;;ESA60479078;
INTRA-EX;202501;513881387;FMDVR60A;84814090;ES;PT;10;EXW;11;3;;0,7;1;214;;QV999999999999;
INTRA-EX;202501;513881387;FMFK054-BLA;87089997;ES;PT;10;EXW;11;3;;1;1;142;;QV999999999999;
INTRA-EX;202501;513881387;SVW0630-4P-BK;87083091;ES;PT;10;EXW;11;3;;0,5;1;77;;QV999999999999;
INTRA-EX;202501;513881387;PP1895;84213100;ES;PT;10;EXW;11;3;;0,5;1;37;;QV999999999999;
INTRA-EX;202501;513881387;SVW0630-4P-BK;87083091;ES;PT;10;EXW;11;3;;0,5;1;77;;QV999999999999;
INTRA-EX;202501;513881387;DBA42830S-2;87089997;ES;PT;10;EXW;11;3;;23,3;1;263;;QV999999999999;
INTRA-EX;202501;513881387;RPF-3129;84213100;ES;PT;10;EXW;11;3;;0,4;1;36;;QV999999999999;
INTRA-EX;202501;513881387;RBF600;27101999;ES;PT;10;EXW;11;3;;0,6;3;28;;QV999999999999;
INTRA-EX;202501;513881387;FMDVSU110-GRE;84814090;ES;PT;10;EXW;11;3;;0,1;1;14;;QV999999999999;
INTRA-EX;202501;513881387;FMDVSU110-YEL;84814090;ES;PT;10;EXW;11;3;;0,1;1;14;;QV999999999999;
INTRA-EX;202501;513881387;SBW1176-4P-BK;87083091;ES;PT;10;EXW;11;3;;0,5;1;77;;QV999999999999;
INTRA-EX;202501;513881387;ES-335112;87089997;ES;PT;10;EXW;11;3;;1;1;45;;QV999999999999;
INTRA-EX;202501;513881387;ACSP1;84099100;ES;PT;10;EXW;11;3;;0,5;1;22;;QV999999999999;
INTRA-EX;202501;513881387;238EVOOT-PK-R;90269000;ES;PT;10;EXW;11;3;;0,6;1;66;;QV999999999999;
INTRA-EX;202501;513881387;SHY0900-4P-BK;87083091;ES;PT;10;EXW;11;3;;0,8;1;97;;ESB96140132;
INTRA-EX;202501;513881387;FMDV37;84818040;ES;PT;10;EXW;11;3;;0,6;1;177;;ESB96140132;
INTRA-EX;202501;513881387;FMINT28-RAW;84198998;ES;PT;10;EXW;11;3;;15,6;1;595;;ESB96140132;
INTRA-EX;202501;513881387;SSE0426-4P-BK;87083091;ES;PT;10;EXW;11;3;;0,5;1;78;;QV999999999999;
INTRA-EX;202501;513881387;71008-AM015;84213100;ES;PT;10;EXW;11;3;;1,6;1;286;;QV999999999999;
INTRA-EX;202501;513881387;VWR1200R601E;84213100;ES;PT;10;EXW;11;3;;4,9;1;483;;ESB16569188;
INTRA-EX;202501;513881387;KDT914;87088020;FR;PT;10;EXW;11;3;;0,4;1;23;;FR56894681972;
INTRA-EX;202501;513881387;MMEXH-MUS8-15XP;87089235;FR;PT;10;EXW;11;3;;8,7;1;189;;QV999999999999;
INTRA-EX;202501;513881387;R7437-8-4;84099100;FR;PT;10;EXW;11;3;;0,3;1;160;;QV999999999999;
INTRA-EX;202501;513881387;FMDV38;87089997;FR;PT;10;EXW;11;3;;0,8;1;176;;QV999999999999;
INTRA-EX;202501;513881387;4B1609H-STD;40091100;FR;PT;10;EXW;11;3;;0,5;1;44;;QV999999999999;
INTRA-EX;202501;513881387;SILZKGR8B8S-4;84099100;FR;PT;10;EXW;11;3;;0,3;1;39;;QV999999999999;
INTRA-EX;202501;513881387;SES3078TIP;87089997;FR;PT;10;EXW;11;3;;0,9;1;118;;QV999999999999;
INTRA-EX;202501;513881387;FMMD2;87089997;FR;PT;10;EXW;11;3;;0,4;1;103;;QV999999999999;
INTRA-EX;202501;513881387;AC-MK7-RL;87088055;FR;PT;10;EXW;11;3;;0,5;1;59;;QV999999999999;
INTRA-EX;202501;513881387;AC-MK7-CL;87088055;FR;PT;10;EXW;11;3;;1,3;1;74;;QV999999999999;
INTRA-EX;202501;513881387;AC-MK7-FU-RD;87088055;FR;PT;10;EXW;11;3;;3;1;82;;QV999999999999;
INTRA-EX;202501;513881387;VWR900001-4;84099100;FR;PT;10;EXW;11;3;;1,8;1;174;;QV999999999999;
INTRA-EX;202501;513881387;ARMABM92M3-A;84213100;FR;PT;10;EXW;11;3;;5,2;1;1108;;FR35504243288;
INTRA-EX;202501;513881387;11127565286;84836080;FR;PT;10;EXW;11;3;;0,4;4;41;;FR35504243288;
INTRA-EX;202501;513881387;SNN0801-6P-BK;87083091;FR;PT;10;EXW;11;3;;0,9;1;141;;FR35504243288;
INTRA-EX;202501;513881387;CTS-IGN-008;84099100;FR;PT;10;EXW;11;3;;0,3;6;210;;FR35504243288;
INTRA-EX;202501;513881387;RBF700;27101999;FR;PT;10;EXW;11;3;;0,6;2;29;;QV999999999999;
INTRA-EX;202501;513881387;SVW0630-4P-BK;87083091;FR;PT;10;EXW;11;3;;0,5;1;77;;QV999999999999;
INTRA-EX;202501;513881387;CTS-IT-255R;87089135;FR;PT;10;EXW;11;3;;8;1;322;;QV999999999999;
INTRA-EX;202501;513881387;CTS-IT-500;40091100;FR;PT;10;EXW;11;3;;1,6;1;149;;QV999999999999;
INTRA-EX;202501;513881387;CTS-IT-110;40091100;FR;PT;10;EXW;11;3;;1,3;1;190;;QV999999999999;
INTRA-EX;202501;513881387;06E898001-4;85111000;IE;PT;10;EXW;11;3;;1,5;1;102;;QV999999999999;
INTRA-EX;202501;513881387;VWR13G700RFK;87089997;HR;PT;10;EXW;11;3;;0,5;1;52;;QV999999999999;
INTRA-EX;202501;513881387;SILZKGR8B8S-6;85111000;LU;PT;10;EXW;11;3;;0,4;1;60;;QV999999999999;
INTRA-EX;202501;513881387;D650-0010-6;84099100;LU;PT;10;EXW;11;3;;2,4;1;187;;LU35092082;
INTRA-EX;202501;513881387;CI100038-A;84213100;HU;PT;10;EXW;11;3;;2,6;1;399;;HU25464285;
INTRA-EX;202501;513881387;TS-0204-1133;;HU;PT;10;EXW;11;3;;0,1;2;371;;HU25464285;
INTRA-EX;202501;513881387;SP-201;32081090;HU;PT;10;EXW;11;3;;0,5;10;163;;HU25464285;
INTRA-EX;202501;513881387;R18-10-2;87089235;DE;PT;10;EXW;11;3;;0,3;1;67;;QV999999999999;
INTRA-EX;202501;513881387;MS100181;87089997;DE;PT;10;EXW;11;3;;1,5;1;291;;DE181881308;
INTRA-EX;202501;513881387;VWR1200R600E;84213100;DE;PT;10;EXW;11;3;;4,9;3;928;;DE181881308;
INTRA-EX;202501;513881387;CTS-CC-B8-TFSI;87089997;DE;PT;10;EXW;11;3;;2,7;1;337;;DE181881308;
INTRA-EX;202501;513881387;CTS-HW-306;87089997;DE;PT;10;EXW;11;3;;0,9;1;67;;DE181881308;
INTRA-EX;202501;513881387;"CTS-HW-036 ARP";87089997;DE;PT;10;EXW;11;3;;0,7;1;104;;DE181881308;
INTRA-EX;202501;513881387;CTS-HW-031;87089235;DE;PT;10;EXW;11;3;;0,1;1;82;;DE181881308;
INTRA-EX;202501;513881387;EVE-ST38V8S-CF-ENG;87089997;PL;PT;10;EXW;11;3;;1,3;1;428;;PL8141683531;
INTRA-EX;202501;513881387;EVE-TRB8V8S-LHD-NIL;85111000;PL;PT;10;EXW;11;3;;0,2;1;428;;PL8141683531;
INTRA-EX;202501;513881387;EVE-RSQ3-CF-INT;84213100;PL;PT;10;EXW;11;3;;6,1;1;1285;;PL8141683531;
INTRA-EX;202501;513881387;SBMP086;87089235;BE;PT;10;EXW;11;3;;11,8;1;262;;BE0740963105;
INTRA-EX;202501;513881387;MMHOSE-MUS8-15IHBK;40093100;GR;PT;10;EXW;11;3;;1,5;1;89;;GREL156587530;
INTRA-EX;202501;513881387;MMRT-RS-16EWBL;87089499;GR;PT;10;EXW;11;3;;3;1;136;;GREL156587530;
INTRA-EX;202501;513881387;ACSP1;84099100;GR;PT;10;EXW;11;3;;0,5;1;18;;GREL156587530;
INTRA-EX;202501;513881387;17U-01-0750-4;87089997;NL;PT;10;EXW;11;3;;0,3;1;259;;NL866860666B01;
INTRA-EX;202501;513881387;VWR12P2GTM;84213100;IT;PT;10;EXW;11;3;;2,1;1;444;;IT04146110160;
INTRA-EX;202501;513881387;MS100192;85111000;NL;PT;10;EXW;11;3;;0,3;2;74;;NL866860666B01;
INTRA-EX;202501;513881387;10.127.100K;84132000;IT;PT;10;EXW;11;3;;0,3;1;227;;IT04146110160;
INTRA-EX;202501;513881387;SBMB050;87089235;NL;PT;10;EXW;11;3;;23;1;411;;NL866860666B01;
INTRA-EX;202501;513881387;AC-MK7-FU-RD;87088055;IT;PT;10;EXW;11;3;;3;1;59;;IT02710790060;
INTRA-EX;202501;513881387;VWR160000;87089997;NL;PT;10;EXW;11;3;;0,7;1;114;;NL866860666B01;
INTRA-EX;202501;513881387;VWR1200R601E;84213100;NL;PT;10;EXW;11;3;;4,9;1;338;;NL866860666B01;
INTRA-EX;202501;513881387;SVWS043;87089235;IT;PT;10;EXW;11;3;;21,1;1;571;;IT02710790060;
INTRA-EX;202501;513881387;CTS-IGN-009;84099100;NL;PT;10;EXW;11;3;;0,3;6;155;;NL866860666B01;
INTRA-EX;202501;513881387;VWR12P2GTM;84213100;IT;PT;10;EXW;11;3;;2,1;1;444;;IT08063310968;
INTRA-EX;202501;513881387;CTS-IT-805;40091100;NL;PT;10;EXW;11;3;;1,4;1;164;;NL866860666B01;
INTRA-EX;202501;513881387;MS100192;85111000;NL;PT;10;EXW;11;3;;0,3;4;149;;NL866860666B01;
INTRA-EX;202501;513881387;R7437-9;85111000;NL;PT;10;EXW;11;3;;0,1;4;141;;NL866860666B01;
INTRA-EX;202501;513881387;KTA253;87089235;ES;PT;10;EXW;11;3;;7,5;1;426;;ESB01796796;
INTRA-EX;202501;513881387;KDT914;87088020;ES;PT;10;EXW;11;3;;0,4;1;23;;ESB01796796;
INTRA-EX;202501;513881387;"CTS-HW-036 ARP";87089997;ES;PT;10;EXW;11;3;;0,7;1;141;;ESB01796796;
INTRA-EX;202501;513881387;R7437-8-4;84099100;ES;PT;10;EXW;11;3;;0,3;1;159;;QV999999999999;
INTRA-EX;202501;513881387;KTA109;87089997;ES;PT;10;EXW;11;3;;7,5;1;361;;QV999999999999;
INTRA-EX;202501;513881387;SILZKBR8D8S-6;84099100;ES;PT;10;EXW;11;3;;0,4;1;65;;QV999999999999;
INTRA-EX;202501;513881387;MMIG-BMW-0206;85111000;ES;PT;10;EXW;11;3;;2;1;109;;QV999999999999;
INTRA-EX;202501;513881387;AC-211-IT;84198998;ES;PT;10;EXW;11;3;;5,5;1;185;;QV999999999999;
INTRA-EX;202501;513881387;8E0971824S-RD;84099100;ES;PT;10;EXW;11;3;;0,2;1;14;;QV999999999999;
INTRA-EX;202501;513881387;MMRAD-GLF-99;87089135;ES;PT;10;EXW;11;3;;8;1;277;;QV999999999999;
INTRA-EX;202501;513881387;MMICP-FIST-14CP;87089199;ES;PT;10;EXW;11;3;;2,8;1;143;;QV999999999999;
INTRA-EX;202501;513881387;MMICP-FIST-14HP;40091100;ES;PT;10;EXW;11;3;;3,4;1;123;;QV999999999999;
INTRA-EX;202501;513881387;AC-200-CFA-KIT;87089997;ES;PT;10;EXW;11;3;;0,1;1;32;;QV999999999999;
INTRA-EX;202501;513881387;RPF-1806;84213100;ES;PT;10;EXW;11;3;;0,4;1;33;;QV999999999999;
INTRA-EX;202501;513881387;SFDC082;87089235;ES;PT;10;EXW;11;3;;5,6;1;213;;ESA60479078;
INTRA-EX;202501;513881387;RC-ZE81;85111000;ES;PT;10;EXW;11;3;;3;1;61;;ESB39742358;
INTRA-EX;202501;513881387;MMRAD-RX8-04;87089135;ES;PT;10;EXW;11;3;;7;1;244;;ESB39742358;
INTRA-EX;202501;513881387;AC-RX8-RU;87088055;ES;PT;10;EXW;11;3;;2,5;1;82;;ESB39742358;
INTRA-EX;202501;513881387;AC-RX8-FU;87088055;ES;PT;10;EXW;11;3;;2,8;1;82;;ESB39742358;
INTRA-EX;202501;513881387;JSK-309-BK;84213100;ES;PT;10;EXW;11;3;;2,5;1;221;;QV999999999999;
INTRA-EX;202501;513881387;SMA0101-4P-BK;87083091;ES;PT;10;EXW;11;3;;0,5;1;101;;QV999999999999;
INTRA-EX;202501;513881387;JSK-101-DD;84213100;ES;PT;10;EXW;11;3;;4,4;1;247;;QV999999999999;
INTRA-EX;202501;513881387;PKR7A-6;85111000;ES;PT;10;EXW;11;3;;0,4;1;71;;QV999999999999;
INTRA-EX;202501;513881387;SAU0630-4P-BK;87083091;ES;PT;10;EXW;11;3;;0,5;1;77;;QV999999999999;
INTRA-EX;202501;513881387;KCA335;87088055;ES;PT;10;EXW;11;3;;2,4;1;119;;ESB66283003;
INTRA-EX;202501;513881387;ACSP1;84099100;ES;PT;10;EXW;11;3;;0,5;1;18;;ESB66283003;
INTRA-EX;202501;513881387;VWR31G7GT;87088035;ES;PT;10;EXW;11;3;;8,5;1;161;;ESB44942472;
INTRA-EX;202501;513881387;SVW0630-4P-BK;87083091;ES;PT;10;EXW;11;3;;0,5;1;63;;ES33558767L;
INTRA-EX;202501;513881387;PFR7B;85111000;ES;PT;10;EXW;11;3;;0,2;14;140;;ES72815006L;
INTRA-EX;202501;513881387;SAU0755-4P-RD;87083091;FR;PT;10;EXW;11;3;;0,5;1;97;;FR77530489756;
INTRA-EX;202501;513881387;TS-0622-9122;87089997;FR;PT;10;EXW;11;3;;0,5;1;98;;QV999999999999;
INTRA-EX;202501;513881387;PP1667;84213100;FR;PT;10;EXW;11;3;;0,7;1;74;;QV999999999999;
INTRA-EX;202501;513881387;03K906051;90269000;FR;PT;10;EXW;11;3;;0,1;1;19;;QV999999999999;
INTRA-EX;202501;513881387;T50-10-1;87089997;FR;PT;10;EXW;11;3;;0,5;2;101;;QV999999999999;
INTRA-EX;202501;513881387;FMSS114-RED;87089997;FR;PT;10;EXW;11;3;;0,1;1;7;;QV999999999999;
INTRA-EX;202501;513881387;DBA2806S-2;87089997;FR;PT;10;EXW;11;3;;17,8;1;159;;QV999999999999;
INTRA-EX;202501;513881387;AC-200-CFA-KIT;87089997;FR;PT;10;EXW;11;3;;0,1;1;32;;QV999999999999;
INTRA-EX;202501;513881387;AC-MK45-RU-RD;87088055;FR;PT;10;EXW;11;3;;2,8;1;74;;QV999999999999;
INTRA-EX;202501;513881387;AC-MK5-FU-RD;87088055;FR;PT;10;EXW;11;3;;4,4;1;97;;QV999999999999;
INTRA-EX;202501;513881387;UR-ML4-1193;87088055;FR;PT;10;EXW;11;3;;3,8;1;116;;QV999999999999;
INTRA-EX;202501;513881387;MMTS-GLF-15;90321020;FR;PT;10;EXW;11;3;;0,2;1;40;;QV999999999999;
INTRA-EX;202501;513881387;VWR17G8R600;84213100;FR;PT;10;EXW;11;3;;0,2;1;54;;QV999999999999;
INTRA-EX;202501;513881387;SVW0630-4P-BK;87083091;FR;PT;10;EXW;11;3;;0,5;1;77;;QV999999999999;
INTRA-EX;202501;513881387;R7438-9-5;85111000;FR;PT;10;EXW;11;3;;0,3;1;197;;QV999999999999;
INTRA-EX;202501;513881387;AC-200-CP-4;84099100;FR;PT;10;EXW;11;3;;1;1;82;;QV999999999999;
INTRA-EX;202501;513881387;FMVWQS;87089997;FR;PT;10;EXW;11;3;;0,7;1;98;;QV999999999999;
INTRA-EX;202501;513881387;EM100040;87089997;FR;PT;10;EXW;11;3;;1;1;119;;QV999999999999;
INTRA-EX;202501;513881387;E10-35-023-14-22;73202081;FR;PT;10;EXW;11;3;;11,2;1;207;;QV999999999999;
INTRA-EX;202501;513881387;ILFR6B-5;84099100;FR;PT;10;EXW;11;3;;0,3;1;46;;QV999999999999;
INTRA-EX;202501;513881387;MS100208-6;84099100;FR;PT;10;EXW;11;3;;2,4;1;179;;QV999999999999;
INTRA-EX;202501;513881387;CTS-IT-105R;84213100;FR;PT;10;EXW;11;3;;4,6;1;256;;QV999999999999;
INTRA-EX;202501;513881387;SSE0250-4P-RD;87083091;FR;PT;10;EXW;11;3;;0,5;1;97;;QV999999999999;
INTRA-EX;202501;513881387;SBW0261-4P-YE;87083091;FR;PT;10;EXW;11;3;;0,5;1;84;;QV999999999999;
INTRA-EX;202501;513881387;RBF700;27101999;FR;PT;10;EXW;11;3;;0,6;5;72;;QV999999999999;
INTRA-EX;202501;513881387;10.127.101TK;87089997;FR;PT;10;EXW;11;3;;0,3;1;23;;FR08984224402;
INTRA-EX;202501;513881387;VWR13G700RFK;87089997;FR;PT;10;EXW;11;3;;0,5;1;54;;QV999999999999;
INTRA-EX;202501;513881387;TS-0203-1264;87089997;FR;PT;10;EXW;11;3;;0,4;1;118;;QV999999999999;
INTRA-EX;202501;513881387;06F103483D;87089997;FR;PT;10;EXW;11;3;;0,1;1;8;;QV999999999999;
INTRA-EX;202501;513881387;VWR12G60RFOC;84213100;FR;PT;10;EXW;11;3;;0,5;1;121;;QV999999999999;
INTRA-EX;202501;513881387;BKR7EIX-4;84099100;FR;PT;10;EXW;11;3;;0,3;1;40;;QV999999999999;
INTRA-EX;202501;513881387;06E898001-4;85111000;FR;PT;10;EXW;11;3;;1,5;1;104;;QV999999999999;
INTRA-EX;202501;513881387;AC-VAG-ODP;70102000;FR;PT;10;EXW;11;3;;0,2;1;8;;QV999999999999;
INTRA-EX;202501;513881387;KLC167A;87088055;FR;PT;10;EXW;11;3;;1,4;1;121;;QV999999999999;
INTRA-EX;202501;513881387;CTS-IT-312;87089997;FR;PT;10;EXW;11;3;;0,6;1;97;;FR43935269613;
