REFERENCE;QUANTITY;"WHOLESALE PRICE";TOTAL
SE10;1;200.7821496;200.7821496
FD43;1;134.0335428;134.0335428
ACSP1;57;4.1;233.7
AC-204-FU;7;39.36;275.52
AC-E46-FU;13;77.9;1012.7
AC-FU-E36;14;36.9;516.6
AC-S2K-FU;9;24.6;221.4
FMBGFK2;3;22.5745836;67.7237508
AC-HD1-FU;1;18.86;18.86
RD3025;5;180.4902;902.451
SP1128WB;9;186.1236;1675.1124
FMDV14T;8;36.60690576;292.85524608
FMDVK04D;5;78.83064096;394.1532048
FMDVSUB01;5;88.72835256;443.6417628
FMDVATSI-P;2;119.32837128;238.65674256
FMDV004-P;2;59.47403256;118.94806512
FMINTLFS;1;345.43501056;345.43501056
216BFWAEBOSM;20;23.575;471.5
AC-NC-FU;8;24.6;196.8
216BFWAOTSM;28;17.712;495.936
216BFWAOPSM;26;20.582;535.132
VIB-1458;82;0.287;23.534
RN10;2;36.93845472;73.87690944
RN09;2;149.08001472;298.16002944
ECA3015;3;116.4564;349.3692
ESR371WB;2;138.5226;277.0452
SP2070P;4;149.2236;596.8944
EVO1206;6;202.663;1215.978
FMWRX301-A;4;71.66333256;286.65333024
216EVOWGAFRWB4.9-WO;4;91.84;367.36
216EVOAFRWB4.9-WO;6;91.84;551.04
MMAI-CLA45-14BK;34;177.1692;6023.7528
RN12;1;217.83741816;217.83741816
JSK-101-DD;14;160.53795672;2247.53139408
MMRAD-350Z-07;1;141.8846;141.8846
MMRAD-370Z-09;2;231.732;463.464
MMTS-S2K-00L;3;24.641;73.923
MMFAN-SWITCH;1;14.6042;14.6042
200001032;1;369.9594;369.9594
CTS-IT-105R;33;123;4059
200001076;1;414.8216;414.8216
500001010;1;408.2698;408.2698
500001014;1;217.054;217.054
FMDVK04SA;15;78.83064096;1182.4596144
FMDV2A;2;106.89528528;213.79057056
FMDVA45A;2;63.38436;126.76872
FMDVST180A;2;119.32837128;238.65674256
FMDV14TSI;2;36.60690576;73.21381152
FMBGFK6;2;25.07095224;50.14190448
FMPCVD1;8;47.22622392;377.80979136
SES1989TT;5;778.098;3890.49
CTS-HW-031;16;61.5;984
CTS-IT-250;10;171.3718;1713.718
CTS-IT-220R;16;135.3;2164.8
CTS-HW-030;11;45.0918;496.0098
CTS-IT-110;2;103.7218;207.4436
CTS-HW-0090;5;81.1718;405.859
CTS-HW-0151;29;90.1918;2615.5622
CTS-IT-270R;17;142.2618;2418.4506
CTS-HW-0099;3;90.1918;270.5754
FMINTMRS;1;417.32262624;417.32262624
MMRAD-E46-01;6;274.5606;1647.3636
MMRAD-E36-92;5;117.8258;589.129
MMRAD-RSF-09;3;228.78;686.34
MMRAD-MUS4-15;1;236.5044;236.5044
CTS-IT-500;10;76.6618;766.618
MMRAD-GLF-94;7;144.7136;1012.9952
MMRAD-MK5-08;4;144.7136;578.8544
MMRAD-GLF-99;8;144.7218;1157.7744
MMRAD-B4-90;5;136.1856;680.928
MMRAD-BRZ-13;3;131.487;394.461
CTS-IT-280;12;69.7;836.4
MMRAD-R35-09;2;225.4098;450.8196
MMRAD-MIA-99;7;103.3118;723.1826
MMRAD-RX8-04;8;126.7966;1014.3728
MMRAD-240-89KA;5;111.4216;557.108
MMRAD-CIV-02SI;4;114.4064;457.6256
MMRAD-INT-94;2;118.6868;237.3736
MMRAD-EVO-01;3;145.4352;436.3056
MMRAD-EVO-10;1;148.1576;148.1576
MMAI-350Z-03H;10;95.366;953.66
MMTS-S4-00L;3;24.6492;73.9476
MMTS-E90-07;8;29.0772;232.6176
MMTS-CIV-92L;2;23.6898;47.3796
MMTS-350Z-03L;3;23.2634;69.7902
MMTS-350Z-07;3;24.6492;73.9476
MMTS-WRX-01;2;28.7574;57.5148
MMTS-GTR-09;1;41.8364;41.8364
MMTS-BRZ-13;2;22.55;45.1
MMTS-RX8-04L;8;25.1412;201.1296
MMTS-RSX-02;2;24.6;49.2
MMTS-VR6-93L;4;24.641;98.564
MMTS-EVO-01;3;23.6898;71.0694
MMTS-FIST-14;3;24.6492;73.9476
CTS-CC-MK5FSI;4;213.1918;852.7672
MMDP-MUS4-15CAT;2;238.0952;476.1904
216EVOEOP-RB;2;37.597;75.194
216EVOOT-RB;6;22.55;135.3
216EVOWT-C;4;22.55;90.2
CTS-20T-MK5-DF;3;328;984
CTS-HS-150;5;12.3;61.5
CTS-IT-285;8;39.3518;314.8144
CTS-SIL-NOISE;3;13.5218;40.5654
CTS-IT-600;8;69.7;557.6
CTS-IT-275;17;90.1918;1533.2606
CTS-IT-210;12;90.1918;1082.3016
"CTS-HW-036 ARP";4;77.0718;308.2872
CTS-HW-0199;12;36.0718;432.8616
MMOC-E46-01;6;364.777;2188.662
FMMK5FMIC;6;389.20922472;2335.25534832
FMINT32;3;415.9476732;1247.8430196
FMINDST180;6;91.79030472;550.74182832
FMIND05;3;134.12130576;402.36391728
216EVOEGT;14;42.927;600.978
MMOC-MIA-99T;1;192.9624;192.9624
MMOC-EVO-08;2;268.7796;537.5592
AC-MK4-FU;6;32.8;196.8
MMBCC-N54-06CBE2;4;97.5144;390.0576
EVO9200;7;167.2718;1170.9026
EVO300E;10;174.6272;1746.272
MMBCC-FIST-14PBE;4;87.8712;351.4848
MMBCC-FOST-13PBE2;2;91.6596;183.3192
MMBCC-MUS4-15PBE;4;74.9234;299.6936
MMBCC-BRZ-13PBE;5;89.6506;448.253
MMBCC-STI-08SBE;1;201.146;201.146
MMHOSE-MIA-90HHBK;2;28.5606;57.1212
MMHOSE-MIA-94HHBK;2;31.21822;62.43644
216BFWAWTSM;16;17.712;283.392
216BFWAVOSM;22;16.236;357.192
216BFWGEBOSM;4;24.887;99.548
216BFWGOPSM;8;21.894;175.152
216BFWGOTSM;7;19.065;133.455
MMHOSE-R35-09BK;1;43.0336;43.0336
FMBGFK3;4;24.7199004;98.8796016
FMDVRMR;1;70.48340832;70.48340832
MMRAD-K20-EK;1;145.2384;145.2384
MMRAD-K20-EG;2;130.4128;260.8256
FMDVCS14A;3;78.83064096;236.49192288
FMBM335DV1;5;214.044108;1070.22054
CTS-HW-028;5;45.0918;225.459
CTS-HW-049;2;14.7518;29.5036
JSK-118;1;211.23569328;211.23569328
S-RE/T/1;1;1424.4712;1424.4712
E-BM/T/3;1;1266.0554;1266.0554
TP-CT/26;1;903.4432;903.4432
M-BM/T/8H;1;2014.0758;2014.0758
FMINTRM;1;265.65847992;265.65847992
CTS-EXH-DP-0007;3;360.7918;1082.3754
FMINTRS3;1;688.7442072;688.7442072
FMINT2TTRS;1;688.7442072;688.7442072
FMINTTTS;1;335.36177304;335.36177304
FMINT135F20;1;382.43197392;382.43197392
FMINTBM;1;359.11628088;359.11628088
FMINTR56;1;324.36214872;324.36214872
FMINTMF56;1;309.47169984;309.47169984
MMFS-S2K-00;2;85.3128;170.6256
MMFS-INT-94;1;96.9076;96.9076
MMFS-MIA-90;4;104.9026;419.6104
MMFS-MIA-99;3;96.9076;290.7228
MMFS-RX8-04;3;96.9076;290.7228
PF04;32;109.06;3489.92
CTS-EXH-DP-0008;2;135.3;270.6
SES1987TT;7;779.4756;5456.3292
Evo1102;9;354.7976;3193.1784
SES9001TT;2;550.589;1101.178
10.127.100K;47;153.3154;7205.8238
MMEXH-WRX-15;2;499.872;999.744
MMRAD-FIST-14K;2;257.4226;514.8452
CTS-IT-190;2;123;246
CTS-HW-0133;6;72.1518;432.9108
MMBCC-RS-16PBE2;3;99.4414;298.3242
AC-200-OSA;1;13.817;13.817
MMTS-GTI-99;3;24.6492;73.9476
CTS-HW-118;2;22.1318;44.2636
TTE80;1;54.571;54.571
FMMD1;2;78.7916352;157.5832704
CTS-CPA-001;9;28.7;258.3
EVO1801;2;164.9758;329.9516
SES1230TT;3;614.016;1842.048
EVO2001;4;167.2718;669.0872
FMMD2;3;67.3824504;202.1473512
MMFS-CIV-92;1;71.2908;71.2908
MMFS-WRX-01P;3;130.2078;390.6234
MMFS-S14-95SR;3;94.9724;284.9172
MMFS-EVO-01;5;96.9076;484.538
MMFS-B4-90;6;96.9076;581.4456
MMFS-BRZ-13P;2;135.3328;270.6656
MMFS-240-89KA;1;96.9076;96.9076
MMEXH-MUS4-15;1;444.4154;444.4154
FMCCRADS53T;2;477.82056;955.64112
MMFS-350Z-03;8;95.6284;765.0272
MMFS-EVO-10;1;96.9076;96.9076
FMBGFK4;2;22.19427744;44.38855488
FMMD3;2;73.90616376;147.81232752
VWR12G6GT;5;159.08499216;795.4249608
VWR12G7R600ITINLET;101;67.0899072;6776.0806272
MMOP-TPS;18;29.1674;525.0132
VWR12G5GT;3;222.97642704;668.92928112
005001005;3;398.6266;1195.8798
VWR12L0CR;3;242.14775808;726.44327424
VWR12G60R;11;235.76056488;2593.36621368
FMSCPS53T;3;102.35111424;307.05334272
FMDVV4010;2;62.85778224;125.71556448
VWR160001;75;57.50424168;4312.818126
VWR31G5GT;4;116.4321936;465.7287744
VWR31G60R;1;116.4321936;116.4321936
VWR31G7GT;21;104.82798;2201.38758
VWR31G70R;14;104.82798;1467.59172
VWR19G701;16;31.94571744;511.13147904
VWR19G702;21;31.94571744;670.86006624
VWR12P0GT;2;171.22553496;342.45106992
VWR1230S3;10;248.53495128;2485.3495128
FD84;1;168.6023976;168.6023976
11002BK;418;1.9762;826.0516
MMGP-RS-16BK;3;39.7044;119.1132
VWR11G502;5;31.94571744;159.7285872
VWR11G503;2;31.94571744;63.89143488
VWR11P1GT;3;48.45490536;145.36471608
VWR11P0GT;3;55.16389608;165.49168824
VWR11G501;3;31.94571744;95.83715232
VWR11G701;7;38.33291064;268.33037448
VWR1140S4;2;58.88894616;117.77789232
VWR12PRWRC;2;407.30789736;814.61579472
VWR12G6K03;1;222.97642704;222.97642704
VWR121020;1;282.50896824;282.50896824
FMBGFK7;2;20.26349232;40.52698464
VWR69G7KIT;15;70.27862808;1054.1794212
VWR15G503;5;110.05475184;550.2737592
VWR15G502;1;170.91348888;170.91348888
VWR15G501;2;170.91348888;341.82697776
MMTS-240-89KA;2;24.6492;49.2984
MMSTB-FIST-14TB;1;72.8242;72.8242
MMSTB-MUS-15;2;89.6506;179.3012
MMSK-TUE-16;2;27.388;54.776
MMSK-RKST;1;34.2022;34.2022
MMSK-PGR-BK;3;39.3354;118.0062
MMSK-FSB;2;27.06;54.12
MMSK-CF;2;21.771;43.542
216EVOBO;12;29.602;355.224
216BFWABOSM;22;13.366;294.052
216BFWAFPSM;5;22.55;112.75
VWR13G700;37;313.0699812;11583.5893044
VWR13G700RFK;32;31.94571744;1022.26295808
MMGRT-215;5;14.8994;74.497
MMGRT-235;3;28.1916;84.5748
FMINTS3FS;1;335.37152448;335.37152448
FMINTMK7;2;351.295626;702.591252
TTE780;2;2555.981;5111.962
CTS-EXH-CB-0007.0;1;393.5918;393.5918
CTS-EXH-CB-0002;2;368.9918;737.9836
CTS-EXH-CB-0008;2;442.7918;885.5836
AC-200-HS;72;7.79;560.88
CTS-EXH-CB-0001;1;344.3918;344.3918
CTS-EXH-CB-0003;2;479.6918;959.3836
CTS-EXH-CB-0015;2;631.3918;1262.7836
FMDV7;1;195.14581728;195.14581728
AC-200-FD;37;11.89;439.93
FMCCRAD7;1;615.22810104;615.22810104
FMINT7;1;408.85837632;408.85837632
FMTUBL1;4;39.90289248;159.61156992
FMRMCLMP;1;17.39656896;17.39656896
FMSBCVXR;5;23.12066424;115.6033212
FMBGFK11;4;25.07095224;100.28380896
FMWBSCI-BK;2;58.22584824;116.45169648
FMVAG5QS;3;63.00405384;189.01216152
FMBP135F20;4;175.90622616;703.62490464
FMSS2;1;56.73387792;56.73387792
FMBGKS53T;1;27.57707232;27.57707232
FMBGMCS;1;14.62716;14.62716
FMBPVXA;1;20.6242956;20.6242956
FMBSMP18T;4;165.66721416;662.66885664
FMWS11BB;4;30.6195216;122.4780864
JSK-110;2;124.0383168;248.0766336
JSK-119-BK;2;124.0383168;248.0766336
FMOCRS4;4;571.3368696;2285.3474784
JSK-115-BOLT;1;131.39090256;131.39090256
JSK-115-TWIST;1;155.047896;155.047896
JSK-103;10;71.8193556;718.193556
JSK-103-80;15;71.8193556;1077.290334
CK-003;11;10.8240984;119.0650824
MMAF-REOIL-RD;14;8.7904;123.0656
CTS-IT-310;5;82;410
FMKT135F20;6;59.47403256;356.84419536
VWR31G70RW;2;104.82798;209.65596
VWR610360GUN;8;193.09801488;1544.78411904
VWR610360SVR;4;193.09801488;772.39205952
ACCLAMP3;37;0.9266;34.2842
ACCLAMP275;32;0.9266;29.6512
VWR12G7R600FO;24;47.91857616;1150.04582784
VWR15G701;1;255.56573952;255.56573952
FMAUTB2;5;176.77410432;883.8705216
FMRCAM;1;174.550776;174.550776
FMRCAMF56;1;177.79800552;177.79800552
FMDV6A;2;170.70870864;341.41741728
FMDVST180R;2;119.32837128;238.65674256
FMBM335DV2;1;293.00151768;293.00151768
FMDVCS14R;2;78.83064096;157.66128192
VWR19G706;3;34.60786056;103.82358168
VWR19G704;5;31.94571744;159.7285872
FMDVF20R;3;92.87271456;278.61814368
FMDVR56A;6;113.64328176;681.85969056
FMDVR60R;2;99.30866496;198.61732992
FMDVF20A;4;78.01152;312.04608
FMDVMCS;2;36.60690576;73.21381152
VWR12P0GT-FO;3;64.359504;193.078512
FMDVR60A;3;119.32837128;357.98511384
10.127.101K;17;153.3154;2606.3618
10.127.203K;23;153.3154;3526.2542
FMINDK40;1;399.78953712;399.78953712
VIB-1559;111;0.287;31.857
FMCTMK6;5;202.3911372;1011.955686
CTS-HW-0091;11;76.6618;843.2798
CTS-HW-0092;2;90.1918;180.3836
VWR30G500;2;199.33893648;398.67787296
MMICP-RS-16CBK;2;74.0378;148.0756
DI-BM/CA/1;1;626.1028;626.1028
L3P3AC7X;2;185.0084;370.0168
U3P3ZC25;4;232.5684;930.2736
EVE-E46-INT;5;456.576;2282.88
EVE-RS5-INT;3;1193.1;3579.3
EVE-N55V2-CF-INT;4;646.488;2585.952
EVE-E60V2-CF-INT;1;713.4;713.4
EVE-F8XMV2-CF-INT;4;1176.8558;4707.4232
EVE-FLC;6;13.776;82.656
EVE-151-G2-FTR;10;41.82;418.2
EVE-661-G2-FTR;5;41.82;209.1
AC-200-BT;2;8.2;16.4
RPF-1806;4;17.93289816;71.73159264
RPF-1813;2;17.93289816;35.86579632
RPF-1866;2;19.3078512;38.6157024
RPF-3115;5;17.07477144;85.3738572
RPF-1929;2;30.49275288;60.98550576
RPF-1721;3;19.3078512;57.9235536
RPF-1566;4;17.07477144;68.29908576
RPF-1512;4;17.93289816;71.73159264
RPF-1747;6;19.3078512;115.8471072
RPF-1744;3;17.07477144;51.22431432
RPF-1846;1;17.07477144;17.07477144
RPF-1557;4;17.07477144;68.29908576
RPF-1992;3;17.07477144;51.22431432
RPF-1251;1;17.06502;17.06502
VWR13G500;3;224.95596936;674.86790808
VWR19G703;6;37.27000368;223.62002208
DP-BM/SS/3;2;826.765;1653.53
FMVWQS;7;63.00405384;441.02837688
AC-200-SF;6;49.2;295.2
238SMBO270-PK;1;33.538;33.538
238SMOT270-C;3;23.288;69.864
238SMOP270-PK;6;40.631;243.786
216BFWGBOSM;10;14.719;147.19
CTS-DP-IK1;25;6.15;153.75
VWR180000;48;5.850864;280.841472
ATINTVAG28;2;443.89530024;887.79060048
ATINTVAG18;2;535.63684776;1071.27369552
ATINTVAG15;2;293.36232096;586.72464192
ATINTVAG12;7;370.25242536;2591.76697752
ATINTVAG11;6;266.09729472;1596.58376832
ATINTVAG6;3;308.02848672;924.08546016
ATINTVAG8;2;308.08699536;616.17399072
ATINTMINI01;4;196.979088;787.916352
ATINTMINI05;3;279.38850744;838.16552232
ATINTMAZ02;1;422.75417832;422.75417832
ATINTMAZ01;3;253.43017416;760.29052248
ATINTFO25;2;141.07408248;282.14816496
ATINTFO26;2;309.87150888;619.74301776
ATINTFO12;1;248.30091672;248.30091672
ATINTFO44;3;303.14301528;909.42904584
ATINTFO22;2;234.09306864;468.18613728
ATINTREN5-BK;3;307.33613448;922.00840344
ATINTREN3;2;310.51510392;621.03020784
ATINTREN1;2;237.02825208;474.05650416
ATINTVAG7;2;335.8395936;671.6791872
EVE-C7RS6-CF-INT;7;1101.096;7707.672
VWR12G7CUP;2;194.22918192;388.45836384
JSK-104;2;69.76180176;139.52360352
001422.999502;3;353.3544;1060.0632
613182.654150;14;37.1952;520.7328
002352.999505;2;376.6014;753.2028
FMBGFK12;2;23.53997616;47.07995232
001394.999502;4;353.3544;1413.4176
FMDVK04S;5;78.83064096;394.1532048
CTS-EXH-DP-0001-FSI;4;164;656
CTS-TM-MK56-60D;13;49.2;639.6
CTS-EXH-TP-0007;12;67.6418;811.7016
CTS-IT-180;1;135.2918;135.2918
CTS-EM-MK456-4-60D;4;49.2;196.8
GTHSB-5;354;1.107;391.878
EVE-E9X-CF-INT;6;407.3678;2444.2068
EVE-B58-CF-INT;3;609.096;1827.288
AC-180-CPA;76;12.3;934.8
420103485B;241;5.74;1383.34
ASAF;5421;0.2542;1378.0182
CTS-AF-275;4;19.6718;78.6872
CTS-EXH-DP-0019;3;293.1418;879.4254
MMICP-RS-16HWBK;2;85.8048;171.6096
883089.000038;1;900.4338;900.4338
FMINDK20;4;129.55763184;518.23052736
VWR12P1GT;9;191.0307096;1719.2763864
AC-200-TP;42;24.6;1033.2
001939.001707;2;323.3916;646.7832
MMBCC-N55-11CBE;9;102.1228;919.1052
MMTS-MIA-99;3;24.641;73.923
MMTS-MIA-90L;2;14.2106;28.4212
MMTS-MB62-08L;1;24.641;24.641
001394.999505;2;376.6014;753.2028
002352.999502;6;353.3544;2120.1264
001394.999998;2;345.6054;691.2108
001394.001735;3;365.2362;1095.7086
999760.999985;2;328.041;656.082
001394.999529;1;317.34;317.34
001243.999978;3;367.8192;1103.4576
001243.999533;1;374.535;374.535
000827.999980;2;381.7674;763.5348
001422.999505;3;368.8524;1106.5572
EVE-S1-CF-INT;6;299.628;1797.768
AC-FI7-RU;2;18.86;37.72
FMMK7DP;2;131.63468856;263.26937712
AC-200-PCVCC;55;9.84;541.2
FMINT11;2;712.08915456;1424.17830912
JS-090-BK;4;34.89065232;139.56260928
10.127.203T;13;6.5272;84.8536
AC-MK7-RU;8;19.68;157.44
210001074;1;177.0216;177.0216
FMSCPS53TIK;3;85.24708848;255.74126544
EVE-8VRS3-CF-LHD-INT;4;810.3158;3241.2632
200001003;1;362.9894;362.9894
CTS-EXH-TP-0009;1;270.5918;270.5918
AC-RX8-RU;10;23.78;237.8
AC-GR-FU;10;24.6;246
ATMSFO71;1;66.64134096;66.64134096
ATINTMB02;2;245.79479664;491.58959328
883089.000071;1;726.3396;726.3396
PF05;19;118.9;2259.1
043151.271937;1;30.996;30.996
CTS-EM-MK45-6-60D;6;49.2;295.2
CTS-TM-MK4-60D;6;49.2;295.2
CTS-HW-0150;3;27.0518;81.1554
AC-RX8-FU;11;23.78;261.58
ATINTVAG19;2;420.47234136;840.94468272
EVE-FK8-CF-INT;3;678.96;2036.88
FMDV13A-P;2;106.79777088;213.59554176
FMTUBL2;2;48.89372016;97.78744032
FMCT4;2;162.91730808;325.83461616
FMTIA1;4;87.1291164;348.5164656
FMDV13R-P;1;86.51477568;86.51477568
216BFWGFPSM;8;23.903;191.224
PSHUDOBDII-2;3;41;123
999789.999508;1;363.1698;363.1698
001267.001683;2;318.7422;637.4844
CTS-EXH-DP-0017;1;270.5918;270.5918
CTS-EXH-DP-0015;2;245.9918;491.9836
CTS-EXH-DP-0003;2;270.5918;541.1836
CTS-SIL-0070;7;32.8;229.6
FMDVF500A;1;113.64328176;113.64328176
EVE-E9X-CF-ARB;2;280.932;561.864
VWR1130RS;4;35.14418976;140.57675904
VWR1141S4;3;63.89143488;191.67430464
VWR30G700;5;252.3672672;1261.836336
EVE-F8xM-PF;6;56.088;336.528
MMTS-TC-05L;3;24.6492;73.9476
MMBCC-MS3-07PBE2;2;91.4136;182.8272
MMBCC-370Z-09PBE;2;186.4106;372.8212
MMBCC-350Z-03PBE;6;140.3266;841.9596
MMICP-FOST-13CBK;2;52.2504;104.5008
MMICP-FOST-13HP;2;67.4532;134.9064
MMAI-CTR-17;2;214.7334;429.4668
FMCT2;2;170.98174896;341.96349792
FMCC1;1;906.88392;906.88392
CTS-EM-MQB-60D;6;49.2;295.2
CTS-TM-MQB-60D;10;49.2;492
VWR814100;1;207.64716336;207.64716336
400001006;1;443.6938;443.6938
FMCTMK7;5;185.93070648;929.6535324
001423.000685;2;338.373;676.746
3182654196;2;101.7374;203.4748
06F103483E;3;0.656;1.968
CTS-IT-255R;15;155.7918;2336.877
CTS-EXH-TP-0008;2;67.6418;135.2836
CTS-HW-0243;4;39.3518;157.4072
CTS-HW-0242;17;31.5618;536.5506
CTS-HW-0248;7;39.3518;275.4626
CTS-EXH-DP-0010;2;248.0418;496.0836
AC-27-DP;4;118.9;475.6
AC-200R-DP;18;61.5;1107
P3ABS;3;38.048;114.144
AC-200-DP;8;59.04;472.32
VWR18G700;18;281.12426376;5060.23674768
FMCCRAD8;2;395.73293808;791.46587616
FMCCRAD9;1;528.21600192;528.21600192
FMHFIP1;1;149.0020032;149.0020032
1K0253144BD;75;4.018;301.35
VWR3141S4;2;125.78382456;251.56764912
06J103600AFKIT;49;11.234;550.466
SVAGX005;3;301.4402;904.3206
SHDX014;2;292.1742;584.3484
SAUX045;2;370.3612;740.7224
SAUX074;2;301.432;602.864
SVWX036;4;287.082;1148.328
SAUX075;1;282.4162;282.4162
KTA253;1;186.38902416;186.38902416
SFDX073;1;231.6828;231.6828
SFDX066;3;233.2162;699.6486
SFDX071;3;243.3924;730.1772
SFDX087;2;340.9478;681.8956
SMNX010;2;340.9478;681.8956
SVWX039;1;570.679;570.679
SRNX023;2;163.4014;326.8028
SRNPX027;2;301.4812;602.9624
EVE-B9S5-CF-INT;1;678.96;678.96
ILFR7H;94;8.4706;796.2364
IZKR7B;72;6.1746;444.5712
FMINT14;2;436.09414824;872.18829648
FMTUBL4;4;79.17194136;316.68776544
SVWX052;1;239.2432;239.2432
SVWX051;2;310.7718;621.5436
SFTC006;8;117.916;943.328
SAUC079;2;316.807;633.614
SAUC045;5;224.0404;1120.202
U5014;262;15.8178;4144.2636
SVAGC005;4;158.5224;634.0896
SAUC040;2;166.7716;333.5432
SAUC075;3;175.111;525.333
SAUC074;4;166.8208;667.2832
SAUC077;2;382.899;765.798
SBMC066;3;109.7488;329.2464
SBMC067;4;109.7488;438.9952
SBMC074;4;211.9782;847.9128
SBMC075;2;199.096;398.192
SFDC073;6;87.3136;523.8816
SFDP066;6;126.1816;757.0896
SFDC071;1;145.837;145.837
SFDC082;8;97.0634;776.5072
SHDC014;2;162.1222;324.2444
SMBP003;1;97.5554;97.5554
SMBC003;1;292.166;292.166
SMNC011;5;82.8774;414.387
883089.000047;1;770.2506;770.2506
SRNPC027;3;165.353;496.059
SRNC022;5;85.3538;426.769
SVWC042;5;158.5224;792.612
SVXC062;1;134.1356;134.1356
SVWX043;2;316.5528;633.1056
034-108-3008;2;51.66;103.32
BKR8EIX;206;6.5764;1354.7384
034-509-4000;2;45.838;91.676
034-1ZZ-0001;7;134.316;940.212
034-108-5000;1;358.34;358.34
SVWC039;2;287.7708;575.5416
FMTUBL5;4;56.6071092;226.4284368
FMINT12;2;419.799492;839.598984
FMOC10;1;320.41281552;320.41281552
CTS-HW-308;11;73.7918;811.7098
CTS-TM-AUDI2-50D;2;34.85;69.7
CTS-EM-B8-50D;2;82;164
CTS-EM-B567-50D;6;38.95;233.7
CTS-HW-0225;6;18.0318;108.1908
FMCT3;4;200.15805744;800.63222976
883089.000126;4;724.2732;2897.0928
SSTS009;2;365.3346;730.6692
SRNC026;4;77.5556;310.2224
034-108-1005;6;351.78;2110.68
034-108-1011;5;198.03;990.15
SVWC043;3;170.2238;510.6714
R7437-8;213;25.338;5396.994
R7437-9;285;26.3138;7499.433
KTA252;5;233.09842176;1165.4921088
KDT952;3;16.81148256;50.43444768
JSK-122-BK-TI;5;217.0670544;1085.335272
SBMB050;2;259.2758;518.5516
WSK-NIS002;3;93.613824;280.841472
BBF38Z;2;84.48647616;168.97295232
BBF15Z;2;84.48647616;168.97295232
BHF78Z;4;86.787816;347.151264
BHF97Z;4;88.74785544;354.99142176
BMF54Z;5;72.95052264;364.7526132
BMF67Z;3;85.4226144;256.2678432
BMF65Z;5;95.53485768;477.6742884
BMF63Z;4;66.2610348;265.0441392
BNF33Z;5;88.74785544;443.7392772
BNF40Z;1;156.66663504;156.66663504
BNF41Z;1;88.74785544;88.74785544
BSF45XZ;1;92.98973184;92.98973184
BWF22Z;1;92.98973184;92.98973184
BMF58X;2;104.02836192;208.05672384
BMF48;3;76.00272336;228.00817008
SVWC051;2;204.3768;408.7536
BBR38Z;1;80.24459976;80.24459976
SBMR050;1;255.0282;255.0282
883089.000127;2;754.7526;1509.5052
BHR97Z;3;74.10119256;222.30357768
BHR87Z;3;104.02836192;312.08508576
BMR65XXZ;3;104.02836192;312.08508576
BMR12Z;3;76.00272336;228.00817008
PLFR5A;30;5.4284;162.852
SBMC050;2;145.8452;291.6904
BMR81Z;4;67.50921912;270.03687648
BMR94Z;4;109.96698888;439.86795552
BMR92Z;3;84.48647616;253.45942848
BMR96Z;4;84.48647616;337.94590464
BNR30Z;4;80.24459976;320.97839904
SAUC030;1;85.362;85.362
BNR37Z;2;84.48647616;168.97295232
BNR36XZ;2;84.48647616;168.97295232
BSR53Z;3;76.00272336;228.00817008
BSR49XZ;1;84.48647616;84.48647616
SFD073;2;243.3924;486.7848
BKR7EIX;29;6.3468;184.0572
SAUS030C;2;436.4368;872.8736
ATINTMAZ05;2;222.94717272;445.89434544
ATINTFO20;8;186.65231304;1493.21850432
ATMSFO25;1;319.29139992;319.29139992
KBR39;1;54.77383848;54.77383848
034-101-3066;8;17.589;140.712
KTA255;1;159.22151232;159.22151232
KLC167A;5;53.07708792;265.3854396
KLC173;2;53.06733648;106.13467296
KLC142;8;53.07708792;424.61670336
KLC204;5;55.02737592;275.1368796
KLC217;3;52.79429616;158.38288848
KLC205;7;52.79429616;369.56007312
KLC102;5;53.07708792;265.3854396
KLC110;4;53.06733648;212.26934592
KLC140-335;2;53.07708792;106.15417584
KLC106;5;53.07708792;265.3854396
KLC172;2;53.07708792;106.15417584
KLC202;6;53.07708792;318.46252752
KLC182;1;53.07708792;53.07708792
KLC139;3;54.77383848;164.32151544
KLC144;28;48.24037368;1350.73046304
KLC141;14;50.78549952;710.99699328
KLC163;10;53.07708792;530.7708792
KLC150;7;48.7572;341.3004
SBMB062;2;371.1566;742.3132
KDT926;10;19.19083392;191.9083392
KTA107;2;101.48323608;202.96647216
KCA395;2;80.24459976;160.48919952
KCA313;3;80.24459976;240.73379928
SVW019;1;202.212;202.212
SBM011;2;231.2974;462.5948
BNR20XZ;6;80.24459976;481.46759856
SAU044;1;534.2054;534.2054
BWR20XZ;4;84.48647616;337.94590464
W13204;3;8.40574128;25.21722384
KDT925;4;21.95049144;87.80196576
KDT924;2;38.21589336;76.43178672
KBR38;1;29.03978832;29.03978832
FMCCRAD6;2;387.02490216;774.04980432
SFDC066;8;72.3404;578.7232
SAUC054;4;111.7004;446.8016
SAUP044;4;194.627;778.508
KLC198;8;53.07708792;424.61670336
KTA216A;3;126.95399736;380.86199208
SVXC060;2;97.5472;195.0944
BHR67Z;2;80.24459976;160.48919952
BHF50Z;4;80.24459976;320.97839904
BFF96Z;2;84.48647616;168.97295232
BFR78Z;1;84.48647616;84.48647616
CTS-HW-216-AWD;7;39.3518;275.4626
CTS-HW-216-FWD;4;39.3518;157.4072
MMRAD-MAC-06;5;144.7218;723.609
MMTS-EVO-10L;3;24.1654;72.4962
IKR9J8;72;7.093;510.696
WHT005184;47;0;0
AC-200-DVBO;56;2.05;114.8
SRNC023;3;36.5884;109.7652
WSK-VWN002;2;67.50921912;135.01843824
BHF96Z;2;82.79947704;165.59895408
BHR96;3;114.21861672;342.65585016
BNF42Z;5;84.48647616;422.4323808
BNF19Z;2;86.24173536;172.48347072
BNR11XXZ;2;84.48647616;168.97295232
BBF43;7;67.50921912;472.56453384
BBR44;6;80.24459976;481.46759856
BFR80;1;91.29298128;91.29298128
BHR75Z;4;92.98973184;371.95892736
BHR84Z;2;80.24459976;160.48919952
BSF33Z;2;76.00272336;152.00544672
BSR37Z;5;76.00272336;380.0136168
BSR20XZ;8;84.48647616;675.89180928
BSF20Z;1;76.00272336;76.00272336
BAF13;7;76.00272336;532.01906352
BWR22XZ;9;84.48647616;760.37828544
CTS-IT-260;4;121.7618;487.0472
KLC154;8;54.77383848;438.19070784
KLC26;5;44.856624;224.28312
KLC30;1;44.856624;44.856624
EVE-M2C-CF-INT;2;974.16;1948.32
SAUC036;2;104.5254;209.0508
SAUX036;1;231.7976;231.7976
MMEXH-MUS8-15XP;8;98.195;785.56
MMFS-E36-92P;6;108.0924;648.5544
L3P3AB9X;2;185.0084;370.0168
L3P3VPO5;3;185.0084;555.0252
U3P3ZC63;4;185.0084;740.0336
KCA472;7;84.48647616;591.40533312
FMDV20-BK;3;97.74843456;293.24530368
EVE-F9XM5M8-CF-INT;2;1030.74;2061.48
AC-MQB-IC;110;150.88;16596.8
BWF20XZ;4;74.9885736;299.9542944
BWR21XZ;1;84.48647616;84.48647616
VWR150000;19;53.23311096;1011.42910824
VWR120000;60;17.57209488;1054.3256928
SMBC004;2;188.9526;377.9052
WSK-VWN005;2;67.50921912;135.01843824
BFF95Z;2;109.88897736;219.77795472
BFR68Z;2;102.60465168;205.20930336
BMF55Z;2;86.24173536;172.48347072
KLC174;1;52.79429616;52.79429616
BMR84Z;1;81.39526968;81.39526968
KLC179;2;54.77383848;109.54767696
WSK-VWN006;3;67.50921912;202.52765736
WSK-FRD010;2;63.68665464;127.37330928
WSK-SUB006;2;55.96351416;111.92702832
EVE-N55-PF;6;39.852;239.112
EVE-E46-PF;4;26.568;106.272
216EVOEFP-RB;2;33.497;66.994
216EVOVO-RB;6;21.853;131.118
BHR36XZ;3;84.48647616;253.45942848
CTS-SIL-0019;2;29.5118;59.0236
CTS-EXH-TP-0004-B8;1;106.5918;106.5918
MMEXH-MUS8-15HP;11;98.1868;1080.0548
034-108-1015;5;477.035;2385.175
034-108-1014;2;501.02;1002.04
034-108-1020;2;369.369;738.738
AC-MK7-MD;1;13.94;13.94
FMINT15;2;308.47705296;616.95410592
EVE-E9X-CF-PLM;3;1101.096;3303.288
BWF18Z;3;76.00272336;228.00817008
FMOC7-13;1;325.0642524;325.0642524
BHF52;3;84.48647616;253.45942848
WSK-FRD004;2;67.63598784;135.27197568
BSR33Z;2;76.00272336;152.00544672
BSF48Z;2;86.3490012;172.6980024
BHR83XZ;1;84.48647616;84.48647616
BHR98Z;5;67.50921912;337.5460956
WSK-HYU001;2;93.44804952;186.89609904
KLC221;3;53.07708792;159.23126376
BMF73;1;84.48647616;84.48647616
KLC218;3;48.7572;146.2716
KCA471;2;53.07708792;106.15417584
WSK-FRD008;1;92.98973184;92.98973184
WSK-FRD006;5;98.6845728;493.422864
WSK-MB001;2;69.8203104;139.6406208
WSK-SUB007;3;96.11019264;288.33057792
WSK-OPL003;2;61.80462672;123.60925344
BWR19Z;4;76.00272336;304.01089344
BWR23Z;4;84.48647616;337.94590464
KCA470;3;53.72068296;161.16204888
KCA435;3;80.24459976;240.73379928
KDT911;2;34.55910336;69.11820672
KDT928;2;12.8231436;25.6462872
KTA228;2;128.48497344;256.96994688
KTA147B;3;126.99300312;380.97900936
KTA260;7;87.35339952;611.47379664
WSK-REN002;2;67.63598784;135.27197568
BMF23Z;1;84.48647616;84.48647616
BRF13Z;6;82.79947704;496.79686224
BRR13Z;5;71.40004368;357.0002184
034-145-A028-BLK;3;45.838;137.514
FMPK383;2;78.46008624;156.92017248
BHF48;2;84.48647616;168.97295232
KSB551;1;62.38971312;62.38971312
KSB520;2;53.08683936;106.17367872
BMF57Z;3;84.48647616;253.45942848
BMR88Z;3;84.48647616;253.45942848
MMBCC-MUS8-15PBE;8;91.66124;733.28992
EVE-F8XM-CF-ENG;1;351.288;351.288
BWF21XZ;4;94.07214168;376.28856672
BWR24Z;7;84.48647616;591.40533312
KCA362;3;92.98973184;278.96919552
VWR17G7R600;59;25.55852424;1507.95293016
FMSS3;2;66.51457224;133.02914448
SHDC015;2;117.916;235.832
SHDX015;1;225.049;225.049
ILZKAR8H8S;60;10.578;634.68
KLC185;1;53.06733648;53.06733648
KLC151;14;53.06733648;742.94271072
MMINT-MK7-15;6;373.551;2241.306
KDT957;4;20.3805096;81.5220384
KCA335;1;74.29622136;74.29622136
KLC32;2;50.53196208;101.06392416
SRNC031;6;113.652;681.912
W93189;3;17.27955168;51.83865504
VWR81G700;14;213.40051296;2987.60718144
VWR12A1S1;5;207.01331976;1035.0665988
VWR180001;19;25.55852424;485.61196056
MMICP-EVO-10LBK;1;93.4923;93.4923
MMICP-EVO-10UBK;1;97.58;97.58
ATINTFO42;4;174.83356776;699.33427104
KSR202;3;14.93920608;44.81761824
FMCTMK5;3;217.30108896;651.90326688
BMR72Z;3;80.24459976;240.73379928
BTF81Z;1;76.00272336;76.00272336
KLC180-335;4;53.07708792;212.30835168
WSK-MAZ002;1;61.56084072;61.56084072
KTA229;3;113.86756488;341.60269464
WA402;5;26.6214312;133.107156
W52988;2;23.3546988;46.7093976
W52991;4;25.68529296;102.74117184
SES9200;2;677.9022;1355.8044
W83389;3;35.97306216;107.91918648
SES9004;1;551.5074;551.5074
W52992;2;16.81148256;33.62296512
KCA434;4;27.55756944;110.23027776
KSR210;5;14.86119456;74.3059728
W0509;6;20.0879664;120.5277984
KCA416;2;14.01281928;28.02563856
S-BM/T/3H;1;2855.896;2855.896
CTS-IT-258;7;76.6618;536.6326
CTS-IT-259;11;83.6318;919.9498
BMR78XZ;3;81.39526968;244.18580904
BMF51X;5;66.2610348;331.305174
EVE-ST38V8S-CF-INT;3;843.288;2529.864
EVE-TRB8V8S-FLG-STK;8;23.124;184.992
EVE-TRB8V8S-LHD-NIL;12;280.932;3371.184
EVE-C63S-CF-INT;3;1335.288;4005.864
FMCCRAD11;2;470.46797424;940.93594848
SES3078ICPBLK;9;248.2796;2234.5164
FMINDK20-RF;2;30.99982776;61.99965552
FMTUBL6;2;106.81727376;213.63454752
BHF98Z;4;76.00272336;304.01089344
X-1056-BB;10;32.0128;320.128
EVO1105;2;177.3824;354.7648
EVO9204;10;172.3312;1723.312
FM9200I;1;276.2006;276.2006
SES1898ICP;4;186.1154;744.4616
SP1129WB;5;174.4468;872.234
SP3080BLK;1;176.6116;176.6116
CTS-SIL-B8-ITKIT;3;98.3918;295.1754
999698.999954;1;315.6426;315.6426
999792.999954;1;330.1074;330.1074
053151.231031;1;33.579;33.579
400001004;2;1112.7892;2225.5784
KLC180-295;1;52.79429616;52.79429616
500001031;1;1028.444;1028.444
400001003.FM;1;454.8868;454.8868
SRNC032;4;123.123;492.492
999778.999994;1;315.6426;315.6426
E-BM/T/5;3;1427.948;4283.844
ATINTVAG4;1;222.94717272;222.94717272
ATINTVAG13;2;293.36232096;586.72464192
SILZKBR8D8S;162;6.9536;1126.4832
SILZKFR8D7S;72;5.494;395.568
BKR6E-11;16;1.4514;23.2224
EVE-ST38V8S-CF-HDP;1;384.252;384.252
KSB731;3;52.97957352;158.93872056
SAU048SYS;2;853.087;1706.174
SVWP054;8;65.8214;526.5712
IFR7X8G;92;9.8236;903.7712
MMODP-1415B;14;6.4944;90.9216
MMODP-2015B;6;6.4944;38.9664
MMODP-1615B;4;6.3632;25.4528
VWR12PRWRCFO;2;46.37784864;92.75569728
PFR8S8EG;29;7.1832;208.3128
PFR7B;54;7.4866;404.2764
PFR7W-TG;40;7.585;303.4
LFR6AIX-11;30;6.3304;189.912
JSK-116-BK;5;143.64846264;718.2423132
AC-27-CB;2;127.1;254.2
AC-27-TI;17;56.58;961.86
AC-N54-IC;19;113.98;2165.62
EVE-B9RS5-CF-INT;6;772.9238;4637.5428
06F129717D;33;1.476;48.708
06F253039F;57;0.902;51.414
DILKAR7B11;18;10.0204;180.3672
VWR69000BF1;23;7.45010016;171.35230368
CTS-IT-288;1;135.3;135.3
EVE-A90-CF-ENG;1;280.44;280.44
EVE-A90-CF-INT;1;655.836;655.836
MMTS-MUS8-11;4;24.6492;98.5968
ATINTP&C6;4;293.30381232;1173.21524928
ATINTP&C7;3;307.96997808;923.90993424
ATINTVAG35;3;432.48611544;1297.45834632
ATIKMAZ01;7;123.82378512;866.76649584
CTS-IT-800;8;135.3;1082.4
CTS-IT-910;5;77.8918;389.459
CTS-EXH-DP-0024-S;1;148.8218;148.8218
CTS-HW-0271;2;31.5618;63.1236
CTS-EXH-DP-0025;7;225.4918;1578.4426
CTS-IT-340;9;135.2918;1217.6262
SVWC058;3;188.9526;566.8578
SVWX058;4;331.0176;1324.0704
SBMC073;5;136.0872;680.436
SFDC089;1;128.7236;128.7236
U3P3MX5D;2;189.7644;379.5288
AC-B82-DP;4;41;164
AC-18FW-DP;5;45.92;229.6
EVE-C63-FTR;3;56.088;168.264
KDT967;2;9.34187952;18.68375904
BKR001Z;1;60.08837328;60.08837328
BKF001Z;1;73.74038928;73.74038928
KLC180-115;3;43.61819112;130.85457336
SVWCS045;4;160.474;641.896
FMTUBL7;4;65.9684916;263.8739664
FMBP5;1;195.0288;195.0288
FMTUBL8;2;140.06968416;280.13936832
883089.000148;1;687.078;687.078
FMDV6R;1;137.92436736;137.92436736
PPF-2044;4;37.53329256;150.13317024
PPF-9787;3;25.02219504;75.06658512
RPF-2050;3;17.93289816;53.79869448
PPF-1816;1;25.02219504;25.02219504
PPF-1905;2;25.02219504;50.04439008
FMTUBL9;3;118.76278776;356.28836328
FMEC1;1;204.78024;204.78024
MMRAD-SPY-00;1;128.5022;128.5022
MMRAD-MUS8-15;2;258.8084;517.6168
MMRAD-CTR-17S;4;217.8986;871.5944
MMBCC-STNGR-18PBE;2;86.9364;173.8728
KCA361;3;74.29622136;222.88866408
KCA467;2;140.17695;280.3539
W53619;2;11.214156;22.428312
X-1015-BB;3;31.1518;93.4554
AC-FIST7-QS;4;6.15;24.6
AC-VAG-ODP;253;2.255;570.515
AC-MQB-FD;17;11.48;195.16
AC-500-QS;13;6.97;90.61
CTS-HW-360;10;122.9918;1229.918
CTS-20T-MQB-DF;3;328;984
CTS-TB-B-4;1;49.2;49.2
CTS-FPK-002;1;245.9918;245.9918
CTS-IT-932;6;180.3918;1082.3508
CTS-HW-310;2;40.5818;81.1636
SMNX011;1;194.6188;194.6188
SRNS028;1;287.5412;287.5412
EVE-N55-ENG;2;354.24;708.48
SVXP062;4;106.8214;427.2856
SCNC014;9;62.9268;566.3412
PPF-2054;2;25.02219504;50.04439008
PPF-3129;1;25.02219504;25.02219504
VWR12G7R601FO;24;76.13924352;1827.34184448
CTS-HW-408;2;58.6218;117.2436
CTS-HW-040;2;63.9518;127.9036
CTS-EXH-DP-0039;2;405.8918;811.7836
KCA430;4;36.89944896;147.59779584
KCA334;2;53.07708792;106.15417584
ATINTBMW2;1;293.36232096;293.36232096
ATINTBMW4;4;279.39825888;1117.59303552
VWR1241S4;1;498.35709264;498.35709264
VWR19G707;7;31.94571744;223.62002208
VWR12G7R602;1;226.17489936;226.17489936
VWR12UPITINLET;19;52.38473568;995.30997792
VWR11UPGT;2;42.91608744;85.83217488
VWR19G711;7;42.59428992;298.16002944
VWR14G700;4;415.29432672;1661.17730688
PKR7A;12;7.6096;91.3152
RE8C-L;22;15.9408;350.6976
RE9B-T;22;17.3512;381.7264
RC-ZE81;3;38.4908;115.4724
MMRA-LC;21;8.6592;181.8432
BH-198;4;29.25432;117.01728
CLK-2;10;15.2122464;152.122464
BH-273;5;43.88148;219.4074
BH-279;4;36.2753568;145.1014272
BH-304;2;38.030616;76.061232
BH-330;3;46.806912;140.420736
BH-326;2;46.806912;93.613824
JC60/S2000;2;34.01302272;68.02604544
COASRMR26;2;155.047896;310.095792
AB65HCTR;1;248.66172;248.66172
WB-407;2;21.5019252;43.0038504
HMP-914;3;68.02604544;204.07813632
HMP-936;3;68.02604544;204.07813632
HMP-457;3;68.02604544;204.07813632
WB-235;2;38.77172544;77.54345088
WB-446;2;21.5019252;43.0038504
WB-280;1;38.77172544;38.77172544
WB-427;1;24.26158272;24.26158272
WB-358;4;24.26158272;97.04633088
HMP-244;2;34.01302272;68.02604544
WB-301;4;21.5019252;86.0077008
WB-336;2;21.5019252;43.0038504
HMP-363;3;34.01302272;102.03906816
HMP-424;2;34.01302272;68.02604544
HMP-526;8;38.030616;304.244928
HMP-592;4;34.01302272;136.05209088
HMP-712;3;38.030616;114.091848
WB-243;3;53.8279488;161.4838464
WB-288;1;53.8279488;53.8279488
WB-567;5;24.26158272;121.3079136
WB-352;3;43.88148;131.64444
WB-750;3;26.68969128;80.06907384
WB-665;5;26.69944272;133.4972136
WB-586;3;26.69944272;80.09832816
WB-607;3;24.26158272;72.78474816
WB-576;2;26.69944272;53.39888544
WB-568;2;24.26158272;48.52316544
WB-547;3;24.26158272;72.78474816
WB-544;6;24.26158272;145.56949632
WB-257;2;24.26158272;48.52316544
WB-482;2;19.38586272;38.77172544
WB-447;4;21.5019252;86.0077008
WB-439;2;26.69944272;53.39888544
WB-412;3;21.5019252;64.5057756
WB-402;2;19.38586272;38.77172544
WB-394;4;33.9350112;135.7400448
WB-370;6;21.5019252;129.0115512
WB-350;4;19.38586272;77.54345088
WB-341;1;24.26158272;24.26158272
WB-293;2;21.5019252;43.0038504
WB-287;3;24.26158272;72.78474816
HMP-929;2;34.01302272;68.02604544
HMP-921;2;34.01302272;68.02604544
HMP-895;2;43.88148;87.76296
HMP-347-2;3;68.02604544;204.07813632
WB-384;5;21.5019252;107.509626
WB-232;2;19.38586272;38.77172544
WB-520;2;24.26158272;48.52316544
WB-308;4;21.5019252;86.0077008
WB-298;2;19.38586272;38.77172544
CTS-TR-1050;5;799.4918;3997.459
CTS-HW-361;4;39.3518;157.4072
CTS-B58-HX;3;225.4918;676.4754
CTS-F8X-HX;2;204.9918;409.9836
CTS-SIL-083;1;34.4318;34.4318
CTS-HW-250;3;171.3718;514.1154
W0508;4;17.7476208;70.9904832
EVE-A90-CF-HDP;1;378.348;378.348
KSB659;1;87.04135344;87.04135344
W63491;2;8.05468944;16.10937888
KCA477;3;53.90596032;161.71788096
VWR29G7250;7;335.43003312;2348.01023184
WB-206;3;24.25183128;72.75549384
HMP-369;3;34.01302272;102.03906816
WB-285;4;19.38586272;77.54345088
CTS-EXH-CB-0019;1;590.3918;590.3918
9-309-1009-2;2;170.478;340.956
U5093;20;34.6614;693.228
ILZTR6A8G;13;5.1906;67.4778
ILFR6B;60;5.8794;352.764
KDT973;7;133.75075104;936.25525728
KCA403;2;71.75109552;143.50219104
KTA281;2;112.51211472;225.02422944
MMBCC-F80-15CBE;10;127.7724;1277.724
MMICP-F80-15;4;170.0844;680.3376
AC-FIST7-BAD;57;13.94;794.58
AC-200-EVAP;82;3.69;302.58
SHYC103;8;127.387;1019.096
SMBP006;2;128.7236;257.4472
WB-513;4;38.030616;152.122464
HMP-943;3;68.02604544;204.07813632
CTS-IT-290R;1;135.2918;135.2918
PPF-1744;5;25.02219504;125.1109752
MMHE-F80-15;2;258.956;517.912
EVE-FK8-CF-CHG;3;327.18;981.54
06F129101P;24;7.544;181.056
MMOC-F80-15;1;236.5536;236.5536
MMINT-F80-15;2;643.126;1286.252
TTEIS38;1;1074.4132;1074.4132
BBF44Z;2;114.21861672;228.43723344
BBR44Z;2;97.23160824;194.46321648
EVE-FK8FK2-ENG;3;234.192;702.576
AC-AU-04BK;61;6.56;400.16
BTR99Z;2;77.61171096;155.22342192
BTF99Z;2;84.48647616;168.97295232
KCA476;7;217.88617536;1525.20322752
KCA478;2;217.88617536;435.77235072
ALP.19.08.0004-1;1;351.5586;351.5586
MMOC-MUS8-15T-SL;1;283.4658;283.4658
VWR120001;8;3.19847232;25.58777856
ATMSFO108;11;57.12393552;628.36329072
FMDV27A;2;170.70870864;341.41741728
R7438-9;213;24.9526;5314.9038
9-307-1059;9;85.239;767.151
10.127.101TK;37;6.15;227.55
F2360P+F2361P;2;479.8968;959.7936
KT4006;4;419.2988;1677.1952
ALP.19.02.0001-1;3;439.4954;1318.4862
ALP.07.04.0023-1;1;412.6076;412.6076
KT4042;2;490.4174;980.8348
KT4021;2;343.662;687.324
KT4013;1;427.4824;427.4824
KT4041;1;619.7396;619.7396
KT4002;1;427.4824;427.4824
KT4008;3;369.1148;1107.3444
KT4014;1;427.4824;427.4824
KT4026;2;505.2594;1010.5188
KT4025;3;397.659;1192.977
ATIKFO21;5;99.98151432;499.9075716
KT4019;2;499.3226;998.6452
KT4040;2;525.7922;1051.5844
KT4007;1;397.659;397.659
F2428P+F2429P;1;495.0996;495.0996
EVE-S55-CF-CHG;5;388.68;1943.4
CTS-TR-1000;4;426.3918;1705.5672
CTS-IT-341;2;117.2518;234.5036
CTS-IT-349;2;132.8318;265.6636
CTS-IT-348;2;135.2918;270.5836
SBMP081;6;163.1636;978.9816
AC-200K03-MD;12;17.22;206.64
P3BTAP1;1;28.536;28.536
P3BTAP2;2;28.536;57.072
FMINDK33;1;200.61637512;200.61637512
FMCT6;1;239.91467832;239.91467832
058198025A;31;2.009;62.279
06K103213A;46;0;0
058253039L;56;0.697;39.032
06L115441;125;0.779;97.375
06F103483D;21;2.05;43.05
EVE-RS5-CF-SLM;1;398.028;398.028
1J0121407E;11;4.1;45.1
AC-200-HPFP;13;206.6154;2686.0002
ATMSFO104;5;24.16406832;120.8203416
MMRAD-CTR-17;3;236.1682;708.5046
EVE-RS4-CF-SLM;2;398.028;796.056
EVE-RS5-CF-ENG;1;374.904;374.904
EVE-B58F-CF-ENG;2;304.548;609.096
03K906051;52;4.018;208.936
CTS-IT-312;9;58.6218;527.5962
CTS-HW-380;3;49.2;147.6
CTS-IT-292;3;90.1918;270.5754
CTS-IT-166;2;106.5918;213.1836
VWR12P1GTFO;4;47.91857616;191.67430464
FMCT5;5;253.64470584;1268.2235292
034-605-0022;2;72.16;144.32
034-401-1006;5;266.5;1332.5
034-145-A059;3;92.742;278.226
EVO1106;1;162.8274;162.8274
20VW36502X;2;1027.747;2055.494
EVE-F4XB48-CF-INT;3;609.096;1827.288
EVE-JCWGP3-INT;3;758.664;2275.992
VWR21G702CUP;3;223.62002208;670.86006624
KT9902;1;615;615
1K0121407A;17;3.28;55.76
2Q0121321A;19;1.968;37.392
AC-211-CFA;101;3.28;331.28
FMBP4;2;108.5335272;217.0670544
034-102-3010;1;20.787;20.787
U5020;82;17.1052;1402.6264
HMP-954;5;38.030616;190.15308
EVE-15144-G2-FTR;4;29.028;116.112
ILTR6A-8G;12;8.5444;102.5328
MS100204;3;52.8736;158.6208
MMTC-F80-15;5;181.31102;906.5551
CTS-TR-1050-OG;5;737.9918;3689.959
CTS-TR-1070;3;737.9918;2213.9754
CTS-EXH-TP-0012;2;295.1918;590.3836
FMDV26A;8;87.76296;702.10368
DILKAR7C9H;100;8.2902;829.02
PFR7Z-TG;24;5.7318;137.5632
KDT919;3;34.09103424;102.27310272
VWR13G700-SERV;16;14.69542008;235.12672128
AC-OPC-DP;15;34.44;516.6
"THE-B5 005 00";2;127.92;255.84
"THE-B5 037RE";1;137.596;137.596
MMAF-4007;2;20.869;41.738
MMICP-STNGR-18F;1;79.0152;79.0152
MMODP-12125B;5;6.4944;32.472
VWR670006;6;79.8642936;479.1857616
VWR670004;1;63.89143488;63.89143488
U5055;194;13.8826;2693.2244
VWR670007;13;39.9321468;519.1179084
AC-200-VRA;44;4.92;216.48
BM5G9448AE;23;4.92;113.16
078198025;25;0;0
022103483E;13;4.92;63.96
06L253039C;50;2.87;143.5
078253039G;29;1.476;42.804
1928404687;4;16.81;67.24
06D998907;117;0.861;100.737
JSK-108;4;116.29567344;465.18269376
PPF-9795;3;25.02219504;75.06658512
1K0253144AE;26;3.28;85.28
MMBCC-MUS8-18PBE;4;85.4522;341.8088
034-101-3051;5;11.193;55.965
SHD0395-1P-BK;3;9.84;29.52
SMA0001-1P-BK;3;9.84;29.52
SMA0002-1C-BK;1;18.2204;18.2204
26052-CLU-BK;3;9.348;28.044
SSU1000-1P-BK;2;9.84;19.68
L3P3A8SX;3;189.7644;569.2932
L-ME/SS/3;1;417.4046;417.4046
S-ME/T/1H;1;2665.8364;2665.8364
WHT005185;47;0;0
MMAF-3005S;3;18.04;54.12
ALP.19.05.0001-2;1;491.9672;491.9672
ALP.19.09.0001-2;4;797.8354;3191.3416
AMS.21.08.0001-1;1;439.4872;439.4872
KCA428;4;92.98973184;371.95892736
KDT974;4;98.18724936;392.74899744
KDT976;3;121.43468232;364.30404696
KLC140-395;3;53.07708792;159.23126376
KDT969;3;25.21722384;75.65167152
VWR12UPGTCOMP;3;235.76056488;707.28169464
"THE-B5 025 00";2;72.16;144.32
AC-WS-15-FK;13;11.6768;151.7984
"THE-B5 014 00";1;649.44;649.44
KTA282;3;117.1147944;351.3443832
WA302R+L;1;83.4723264;83.4723264
WSK-FRD011;2;131.19587376;262.39174752
D147-A001;1;262.79155656;262.79155656
D018-A001;2;37.543044;75.086088
D014-A001;2;28.15240728;56.30481456
D133-A001;1;68.82566352;68.82566352
R01-10-2;13;41;533
R02-10-2;5;41;205
R23-1-1100-01;3;41;123
R30-1-1000-01;4;36.9;147.6
R13-10-2;9;41;369
R25-1-1000-01;5;36.9;184.5
R16-1-1100-01;3;32.8;98.4
R04-10-2;8;32.8;262.4
R05-10-2;10;32.8;328
EVE-F8XM-CF-SBC;1;515.124;515.124
SILZKGR8B8S;266;6.1418;1633.7188
L3P3MIEX;2;185.0084;370.0168
L3P3BG2X;2;185.0084;370.0168
L3P3BG3X;2;185.0084;370.0168
033CV17144;1;399.0202;399.0202
039DD21131;1;266.0162;266.0162
043DQ14144;6;266.0162;1596.0972
343PE16144;3;332.5264;997.5792
043DQ17144N;3;239.4154;718.2462
R-VW-004-HR;2;264.696;529.392
R-FIA-003-I;3;256.332;768.996
R-AUD-010-I-5;5;362.604;1813.02
ILZKBR7B8G;128;5.8794;752.5632
VWR810000;9;11.18490168;100.66411512
AC-FA20-OSA;10;10.045;100.45
883089.000151;1;668.4804;668.4804
001243.999532;2;355.9374;711.8748
EVE-A35-CF-INT;5;609.096;3045.48
EVE-A35-CF-CHG;2;351.288;702.576
034-106-3039;9;266.5;2398.5
034-1ZZ-1004;1;173.225;173.225
034-1ZZ-0009;3;186.55;559.65
034-108-1040;2;370.435;740.87
CTS-HW-306;2;44.2718;88.5436
CTS-IT-277;5;103.7218;518.609
VWR180002;29;14.05182504;407.50292616
058129717D;17;1.066;18.122
06K129717A;15;1.476;22.14
079133074B;21;3.28;68.88
1J0253115A;10;1.066;10.66
8K0253115K;2;1.64;3.28
11127565286;72;0;0
AC-200-CP;162;7.38;1195.56
AC-MK7-CP;247;7.38;1822.86
06J998907A;72;0;0
T50-1-1000-01;10;26.7156;267.156
TI-225;2;72.2581704;144.5163408
PPF-1198;1;25.02219504;25.02219504
PPF-9933;2;25.02219504;50.04439008
PPF-9822;4;50.05414152;200.21656608
D135-A001;1;11.2629132;11.2629132
D134-A001;1;13.75928184;13.75928184
SBMP082;7;94.6444;662.5108
MMTC-SUP-20;2;293.0434;586.0868
MMSBH-F80-15;3;194.668;584.004
"THE-8J 003 02";2;16.4;32.8
KT4033;1;401.308;401.308
KT4048;2;546.0626;1092.1252
VWR12G7R600OS;15;14.69542008;220.4313012
VWR620005MM;5;55.90500552;279.5250276
VWR180003;15;14.05182504;210.7773756
VWR31G8GT;6;104.82798;628.96788
SFDX089;1;272.7648;272.7648
WB-512;3;24.26158272;72.78474816
KLC140-255;5;53.07708792;265.3854396
KDT975;1;130.72780464;130.72780464
MMAI-SUP-20;2;199.7028;399.4056
PPF-9771;2;50.05414152;100.10828304
MS100137;5;109.0272;545.136
MS100110;13;22.9354;298.1602
044DW21143;4;265.1962;1060.7848
MMRAD-SUP-20;2;349.6152;699.2304
MMRAD-SUP-20A;2;256.9798;513.9596
9-307-1060;24;85.239;2045.736
9-441-0901;2;130.339;260.678
AC-45-BT;10;12.054;120.54
AC-B48-BT;3;11.111;33.333
AC-MK7-TI;36;28.7;1033.2
7-502;2;78.228;156.456
7-400;2;65.19;130.38
7-404;1;83.148;83.148
7-402;1;78.228;78.228
7-500;2;88.068;176.136
6-01-G;6;14.268;85.608
AC-200-LMI;5;12.3;61.5
06K103484F;3;1.517;4.551
KLC242;4;54.88110432;219.52441728
BTF102Z;1;74.90081064;74.90081064
BTR102Z;3;71.24402064;213.73206192
FOFI8STCNC-SD1B;1;94.8986;94.8986
CTS-CRI-14422;3;319.7918;959.3754
CTS-BV-0009-3;2;112.7418;225.4836
VWR3131S3;1;104.82798;104.82798
011EM16134;3;212.1586;636.4758
ATINTHYU1;2;271.30456368;542.60912736
VWR190000;3;51.11704848;153.35114544
ARMABM87M2-A;3;586.3;1758.9
ARMAHDATYR-A;1;496.1;496.1
ARMATYPFK8-A;2;496.1;992.2
ARMAADS5B9-A;2;545.71;1091.42
EVE-GR4-CF-INT;1;639.6;639.6
VWR680004;1;399.321468;399.321468
VWR680014;2;299.49597672;598.99195344
034-402-4005;1;103.935;103.935
MS100112;6;23.5094;141.0564
CI100038-B;1;191.6832;191.6832
CI100039-B;3;88.3632;265.0896
ATEXHHYU1;2;125.5985472;251.1970944
PPF-9856;4;25.02219504;100.08878016
PPF-9998;4;25.02219504;100.08878016
PPF-9774;2;25.02219504;50.04439008
ARMAAD0RS6-A;2;694.54;1389.08
ARMAMZDMX5-A;1;287.738;287.738
ARMATYFT86-A;3;383.76;1151.28
ARMABZA450G-A;1;543.66;543.66
ARMABZA250S;5;486.178;2430.89
ARMAGOLF6R-A;2;419.84;839.68
250001001;2;407.5892;815.1784
ARMABM8235-A;1;444.235;444.235
ARMAMINR60-A;3;302.58;907.74
ARMABM82M4-A;3;989.74;2969.22
ARMAAD0RS3-A;3;619.92;1859.76
ARMAAD08VA-A;2;619.92;1239.84
CTS-IT-820;4;90.1918;360.7672
CS57-AR60016;1;35.916;35.916
CS57-AR60046;1;33.62;33.62
CS57-AR60022;1;31.16;31.16
CS57-AR60037;2;37.392;74.784
CS57-AR60038;3;78.72;236.16
CS57-AR60019;3;33.456;100.368
CS57-AR60009;3;34.44;103.32
CS57-AR60010;4;34.44;137.76
ARMAFDFIST-A;3;171.38;514.14
ARMAFDMK30;2;171.38;342.76
ARMAGOLF7G-A;5;491.139;2455.695
CG85-02-0023;3;159.08;477.24
ARMAAD0RS4-1;1;79.54;79.54
ES-311366;12;26.1433548;313.7202576
SD-3312759S;3;71.1680214;213.5040642
ES-315086;9;20.3337204;183.0034836
ES-361074;7;26.1433548;183.0034836
ES-325248;4;20.3337204;81.3348816
MMRAD-MK7-15;3;296.8318;890.4954
MMRAD-MK7-15A;3;250.12009;750.36027
MMINT-MK6-06;1;338.1106;338.1106
MMBCC-S4-18PBE;2;155.67167;311.34334
MMRAD-MIA-06;4;163.4752;653.9008
ES-361077;4;26.1433548;104.5734192
ES-325499;3;20.3337204;61.0011612
ES-351122;4;26.1433548;104.5734192
ES-355042;3;20.3337204;61.0011612
ES-355194;2;20.3337204;40.6674408
ES-355270;2;20.3337204;40.6674408
ES-351301;12;26.1433548;313.7202576
ES-331140;4;26.1433548;104.5734192
ES-335036;6;20.3337204;122.0023224
ES-335112;4;17.4289032;69.7156128
ES-341225;5;26.1433548;130.716774
ES-335233;3;26.1433548;78.4300644
ES-325198;5;20.3337204;101.668602
ES-321310;2;26.1433548;52.2867096
ES-321262;4;26.1433548;104.5734192
ES-331167;3;23.2385376;69.7156128
ES-325469;3;20.3337204;61.0011612
ES-321467;2;26.1433548;52.2867096
SD-3352538;3;64.3901146;193.1703438
SD-3311001;9;101.668602;915.017418
SD-3355038;4;67.779068;271.116272
SD-3315007;3;84.723835;254.171505
SD-3355008;4;67.779068;271.116272
SD-3313061;2;74.5569748;149.1139496
SD-3355060;2;71.1680214;142.3360428
SD-3218172;4;77.9459282;311.7837128
SD-3252008;5;69.13464936;345.6732468
SD-3218112;3;74.5569748;223.6709244
SD-3252010;4;69.13464936;276.53859744
SD-3252028;5;126.74685716;633.7342858
SD-3212031;6;142.3360428;854.0162568
SD-3212037;2;91.5017418;183.0034836
SD-3252034;4;94.8906952;379.5627808
SD-3416003;3;111.49656686;334.48970058
AMS.21.09.0002-1;3;61.4672;184.4016
AMS.21.09.0003-1;2;106.5754;213.1508
ALP.07.07.0010-1;1;1377.5918;1377.5918
CTS-IT-256;1;82;82
BSR20XXXZ;1;84.48647616;84.48647616
BBF46;7;90.99068664;636.93480648
BMF74;1;89.82051384;89.82051384
SD-3456004;3;91.5017418;274.5052254
SD-3416053;2;152.502903;305.005806
SD-3456054;2;138.9470894;277.8941788
SD-3118264;2;76.92924218;153.85848436
SD-3158900;2;74.5569748;149.1139496
SD-3617001;3;71.1680214;213.5040642
SD-3657010;3;71.1680214;213.5040642
SD-3617003;2;115.2244156;230.4488312
SD-3657012;2;98.2796486;196.5592972
WSK-TOY002;6;83.374812;500.248872
SD-3617023;3;105.0575554;315.1726662
SD-3657014;1;98.2796486;98.2796486
SD-3512802;4;76.92639432;307.70557728
SD-3552803;4;76.92639432;307.70557728
SD-3513005;3;71.1680214;213.5040642
SD-3552805;2;57.6122078;115.2244156
SD-3513099;1;76.92639432;76.92639432
SD-3551535;3;71.1680214;213.5040642
369928C;1;1093.7078;1093.7078
SD-3513145;4;71.1680214;284.6720856
SD-3553070;4;84.723835;338.89534
SD-3553084;3;88.44883588;265.34650764
MMTS-F80-15;7;48.1504;337.0528
MMTS-CTR-17;6;26.6746;160.0476
SD-3519301;3;98.2796486;294.8389458
SD-3513007;3;94.8906952;284.6720856
SD-3559302;6;77.9459282;467.6755692
Z-9910017;13;115.2244156;1497.9174028
Z-3250001;11;74.5569748;820.1267228
ILZKAR7A10;32;5.8138;186.0416
Z-321467;3;74.5569748;223.6709244
Z-325469;3;67.779068;203.337204
ATINTYGR1;4;281.54357568;1126.17430272
AC-IS-TB;117;20.91;2446.47
Z-341225;2;74.5569748;149.1139496
Z-335161;7;67.779068;474.453476
Z-335233;8;67.779068;542.232544
Z-325499;10;67.779068;677.79068
Z-345227;2;67.779068;135.558136
Z-361074;6;74.5569748;447.3418488
Z-325248;3;67.779068;203.337204
Z-361077;3;74.5569748;223.6709244
FS-38034B24R/25L;3;271.116272;813.348816
FMMD5;4;56.1682944;224.6731776
034-504-Z013;6;133.25;799.5
6-1002-FRB;15;63.468;952.02
R-BMW-018-I;6;429.065;2574.39
R-AUD-001-I;5;295.692;1478.46
005EA14139;2;239.4154;478.8308
028CF19151;1;239.4154;239.4154
FS-39033B44R/45L;2;325.3395264;650.6790528
FP3325137;6;186.392437;1118.354622
FP-3355132;4;105.0575554;420.2302216
EVE-ST38V8S-CF-ENG;3;280.932;842.796
P3PSEN;2;30.914;61.828
KT9954;1;805.896;805.896
STAB122XLI30N;1;163.824192;163.824192
TS-0203-1308;1;68.4536;68.4536
FMMD6;5;64.32049824;321.6024912
SES1230H;1;379.0204;379.0204
SES3078;2;454.0668;908.1336
SES3078TIP;12;63.1646;757.9752
X-1030;15;10.168;152.52
TS-0203-1062;6;93.0536;558.3216
TS-0203-1066;1;96.7436;96.7436
CI100033-A;5;19.3766;96.883
TS-0205-1016;1;129.1336;129.1336
MS100113;8;27.9128;223.3024
CI100037;1;258.2672;258.2672
VWR140004;2;105.9493956;211.8987912
TS-0203-1025;1;151.6836;151.6836
TS-0203-1050;1;196.7836;196.7836
TS-0215-1027;1;254.2;254.2
TS-0203-1009;3;81.9836;245.9508
TS-0203-1067;2;180.3754;360.7508
TS-0205-1010;2;127.1;254.2
TS-0203-1052;1;100.8436;100.8436
TS-0203-1057;2;82.9266;165.8532
TS-0101-2025;1;21.935;21.935
EVE-C8RS6-CF-INT;8;1303.8;10430.4
TS-0203-1257;4;75.85;303.4
TS-0701-1013;1;57.4;57.4
TS-0203-1209;2;61.4836;122.9672
TS-0203-1262;4;84.0336;336.1344
TS-0203-1252;1;84.0336;84.0336
TS-0203-1264;4;65.6;262.4
TS-0203-1081;3;88.15;264.45
TS-0203-1104;3;13.1036;39.3108
AU128;1;585.0864;585.0864
TS-0203-1263;3;86.0836;258.2508
TS-0203-1101;4;10.0696;40.2784
TS-0203-1266;3;79.95;239.85
TS-0203-2002;2;12.3;24.6
TS-0720-1004;4;15.0634;60.2536
A1000008;4;8.5854;34.3416
TS-0622-9122;2;54.0708;108.1416
MS100086;2;48.4538;96.9076
TS-0720-1003;3;18.8436;56.5308
MS100198;4;500.5034;2002.0136
MS100016;1;647.4474;647.4474
VWR17G8R600;1;25.55852424;25.55852424
VWR190001;5;52.17995544;260.8997772
VWR160000;2;76.66582128;153.33164256
SBMP083;2;107.1904;214.3808
SBMC083;3;150.2486;450.7458
SBMX083;1;298.89;298.89
TS-0720-1002;3;15.0634;45.1902
TS-0720-1007;2;16.4;32.8
TS-0402-1001;3;10.2336;30.7008
TS-0646-1072;1;80.3436;80.3436
TS-0623-1073;1;77.8836;77.8836
VWR31G80R;1;104.82798;104.82798
VWR31P2GT;4;104.82798;419.31192
033CS17136;2;266.0162;532.0324
R-OPE-005-I;2;286.754;573.508
TS-0402-1004;2;8.4952;16.9904
TS-0402-1005;2;8.4952;16.9904
TS-0402-1014;2;8.4952;16.9904
TS-0402-1006;5;11.6686;58.343
TS-0402-1013;2;12.2836;24.5672
VWR54G5COMP;3;260.14891632;780.44674896
TS-0645-4052;3;77.8836;233.6508
TS-0645-3052;3;77.8836;233.6508
TS-0302-1002;3;140.63;421.89
SAUC092;2;378.3726;756.7452
SAUP087;5;137.9732;689.866
STYP009;1;127.0016;127.0016
ATINTBMW7;2;266.08754328;532.17508656
ATRADBMW1;1;304.60573128;304.60573128
KLC157;11;53.07708792;583.84796712
KCA417;5;14.01281928;70.0640964
KLC175;3;53.07708792;159.23126376
KTA138A;2;101.23945008;202.47890016
TS-0223-1066;4;94.2836;377.1344
TS-0223-1078;2;90.1836;180.3672
TS-0223-1266;2;84.0336;168.0672
TS-0622-5072;3;77.9;233.7
EVE-A45S-CF-INT;2;655.836;1311.672
CTS-EXH-DP-0026;2;737.9918;1475.9836
CTS-IT-938;1;180.3918;180.3918
CTS-HW-450;8;73.7918;590.3344
CTS-IGN-006;111;15.9818;1773.9798
CTS-IGN-007;145;21.3118;3090.211
CTS-SUS-2002;2;67.6418;135.2836
MMTB-CTR-17;2;90.1918;180.3836
MMTB-SUP-20;7;99.9826;699.8782
MMTB-MUS4-15;2;92.6846;185.3692
MMTB-FOST-13;3;92.6846;278.0538
MMTB-N54-07;4;134.9884;539.9536
AC-MK7-FPT;42;2.624;110.208
AC-UNI-WD;194;2.87;556.78
MS100180;1;176.7592;176.7592
ARMABM90M5-A;1;798.68;798.68
ARMABM3034-A;3;546.12;1638.36
ARMABMWF30-A;1;546.12;546.12
ARMAMSTG50-A;3;287.738;863.214
ARMAFDMSTG-A;1;261.58;261.58
CG85-02-0002;6;158.752;952.512
300001009;1;518.7976;518.7976
ALP.07.13.0002-1;1;104.5172;104.5172
ALP.07.06.0001-1;1;45.8872;45.8872
ALP.07.03.0014-1;1;122.9754;122.9754
AMS.04.05.0001-1;2;304.1954;608.3908
VWR810002;21;37.69906704;791.68040784
VWR29DQ381;4;350.7592968;1403.0371872
VWR130006;29;27.1577604;787.5750516
"THE-8J 002 00";1;479.536;479.536
R-BMW-019-I;5;429.065;2145.325
06D115562;59;1.23;72.57
8D0121403M;2;6.56;13.12
AC-200-EM;13;13.284;172.692
03H971921;656;3.936;2582.016
R17-10-2;3;41;123
AC-180-EM;59;13.284;783.756
MMR03-0102-BL;3;45.831768;137.495304
ATIKYGR01;2;172.20067896;344.40135792
ATMSYGR02;3;148.06586496;444.19759488
ATMSYGR04;6;225.73608456;1354.41650736
S-TY/T/2;2;1687.7322;3375.4644
E-TY/SS/3;2;268.5008;537.0016
SMA0600-1P-BK;3;9.84;29.52
STY0014-1C-BK;2;18.2204;36.4408
ATINTFO55;2;265.24891944;530.49783888
U5099;46;35.3338;1625.3548
TS-0223-1091;3;90.1836;270.5508
TS-0801-1002;3;47.15;141.45
TS-0645-2052;5;66.625;333.125
TS-0645-1052;1;77.8836;77.8836
MMSBH-RX8-04K;2;211.7486;423.4972
FMINDK31;7;159.94311888;1119.60183216
ATMSFK802;2;227.27681208;454.55362416
ATINTHON03;1;336.0833796;336.0833796
ATMSYGR05;5;36.21684816;181.0842408
MS100210;2;35.2436;70.4872
"THE-8V 001 02";3;170.56;511.68
GPST;86;0.82;70.52
AMS-00.06.0108-1;979;0.3444;337.1676
PPF-1826;1;25.02219504;25.02219504
RPF-1195;2;29.04953976;58.09907952
WSK-TOY001;2;96.27596712;192.55193424
BHF53Z;2;78.00176856;156.00353712
VWR12G7R600;10;207.00356832;2070.0356832
VWR12G7R600ITBLA;31;102.23409696;3169.25700576
PRK-148-BK;6;254.83438152;1529.00628912
PRK-144-BK;1;323.7965652;323.7965652
CTS-IGN-008;85;14.6534;1245.539
VWR180004;36;17.8938924;644.1801264
VWR810003;5;127.78286976;638.9143488
AC-MK7-IM;1;188.6;188.6
WB-508;3;58.50864;175.52592
ITGYARISKITEVO;2;301.69005072;603.38010144
ATIKMINI04;5;211.63550232;1058.1775116
VWR810005;4;83.06276592;332.25106368
VWR810004;1;95.83715232;95.83715232
VWR810009;10;26.83596288;268.3596288
CTS-F1x-M5M6-DF;3;491.9918;1475.9754
EVE-Vbadge;7;6.888;48.216
ATMSYGR06;5;157.94407368;789.7203684
ATMSYGR01;2;103.63830432;207.27660864
VWR120010;21;119.47464288;2508.96750048
VWR120003;12;119.47464288;1433.69571456
ILKR8E6;20;9.2168;184.336
DILKAR8A8;48;15.2028;729.7344
AC-N54-TB;30;68.88;2066.4
BPR8EIX;16;6.1992;99.1872
R18-10-2;5;32.8;164
AC-MK7-GFH;16;13.12;209.92
MMOCF-BMW;8;27.9292;223.4336
CTS-HX-006;5;133.2418;666.209
MMR17-0201;2;277.91604;555.83208
MMR17-0202;1;292.5432;292.5432
P3ESVA;3;40.426;121.278
PPF-1512;4;25.02219504;100.08878016
KCA510;12;92.18036232;1106.16434784
KTA285;7;158.6559288;1110.5915016
KTA286;4;99.84499416;399.37997664
AC-MK7-BT;63;9.84;619.92
AC-27-YH;14;26.2072;366.9008
EUPD6003411R;2;713.1868;1426.3736
200001089;1;480.9054;480.9054
MMAI-MK7-TI;1;62.238;62.238
AC-500-TB;78;17.8432;1391.7696
AC-45-TB;64;33.4232;2139.0848
AC-200-TB;74;22.7632;1684.4768
EUPD3003713R;2;351.5504;703.1008
ATINTVAG41;2;588.61642128;1177.23284256
ATIKYGR02;2;329.08184568;658.16369136
ATIKNIS01;2;161.81539536;323.63079072
ILKAR7L11;8;10.4796;83.8368
MMHOSE-MK7-15RRBK;3;12.2918;36.8754
EUPD4003106R;3;555.7468;1667.2404
EUPD6003412R;1;772.6204;772.6204
CTS-HX-007;1;213.1918;213.1918
EUPD4004701R;4;393.3868;1573.5472
EUPD4002106R;2;339.2668;678.5336
EUPD4002112R;1;358.9468;358.9468
EUPD4005001R;3;388.8604;1166.5812
EUPD6002209R;1;516.3868;516.3868
EUPD6003401R;1;629.5468;629.5468
EUPD6002211R;1;516.3868;516.3868
EUPD6002210R;2;516.3868;1032.7736
EUPD4003601R;1;383.5468;383.5468
EUPD4003302R;2;559.4204;1118.8408
EUPD4003211R;3;344.1868;1032.5604
EUPD2003301R;3;367.5404;1102.6212
EUPD4002711R;2;432.7468;865.4936
VWR190002;5;31.94571744;159.7285872
ALP.07.04.0028-2;3;119.8594;359.5782
TS-0404-1005;2;65.5836;131.1672
CI100035-B;1;189.3954;189.3954
AC-MK8-MD;82;21.73;1781.86
AC-S55-CHP;66;7.38;487.08
AC-BM-ODP;119;2.05;243.95
AC-27-DEL;26;5.33;138.58
PPF-9786;3;25.02219504;75.06658512
PPF-9772;2;50.05414152;100.10828304
JSK-145-80C-BK;4;119.6014116;478.4056464
VWR810006;7;134.17006296;939.19044072
SP-27;30;8.774;263.22
CTS-A90-HX;2;270.5918;541.1836
ATMSYGR08;4;68.53312032;274.13248128
ATMSYGR07;4;74.18895552;296.75582208
ATMSREN8;7;70.19086512;491.33605584
ATMSREN7;8;70.18111368;561.44890944
DP-BM/SS/9;1;1168.1638;1168.1638
SFDC091;1;144.648;144.648
SFDX091;3;241.08;723.24
TS-0203-1022;2;77.8836;155.7672
ATIKHYU5;4;169.90909056;679.63636224
ATMSHYU4;1;133.97503416;133.97503416
WB-323;1;24.26158272;24.26158272
VWR520000;3;89.44020768;268.32062304
VWRA10000;8;4.78795704;38.30365632
EUPD4002701R;1;427.8268;427.8268
EUPD4002704R;1;516.3868;516.3868
ALP.37.03.0004-2;1;127.92;127.92
ITGYARISSCOOP;1;195.0288;195.0288
RC-HE64;4;20.2704;81.0816
EVE-G8XMV2-CF-INT;2;1303.8;2607.6
11427566327;14;1.435;20.09
ATIKBMW2;1;211.63550232;211.63550232
ATMSBMW5;3;153.55592568;460.66777704
ARMAGM82M4-A-3/4;1;712.58;712.58
ARMATYYAGR-A;2;319.8;639.6
CG85-02-0C20;2;356.7;713.4
1CCVW08F041-;5;94.3;471.5
1CCVW08F04;8;188.6;1508.8
ARMABG82M4-5;3;153.34;460.02
E-BM/T/12;1;1203.0302;1203.0302
TP-CT/69;3;1042.63;3127.89
S-BM/TI/33H;2;3270.857;6541.714
PFR7G-11S;32;7.4702;239.0464
EVE-E9X-CF-DCT;3;329.64;988.92
AC-200-PP;76;24.6;1869.6
SAUP090;2;62.689;125.378
WSK-SUB001;2;67.50921912;135.01843824
VWR680003;1;359.3893212;359.3893212
FMINLD1;5;221.83550856;1109.1775428
FMDV34A;3;112.14156;336.42468
FMDV34R;3;96.12969552;288.38908656
E10-82-092-01-22;1;102.664;102.664
CI100035;1;258.2672;258.2672
MMAI-G80-21;1;346.7534;346.7534
AMS.38.08.0002-1;1;2459.9918;2459.9918
AMS.38.08.0001-1;1;654.9422;654.9422
AMS.38.09.0001-1;1;215.2172;215.2172
AMS.38.02.0001-1;2;553.4672;1106.9344
AMS.38.14.0003-2;1;4243.4672;4243.4672
TS-0223-1279;1;84.0336;84.0336
E10-42-040-06-22;1;127.92;127.92
E10-20-046-02-22;2;123.656;247.312
E10-35-023-14-22;2;111.52;223.04
E10-35-047-07-22;2;81.344;162.688
E10-35-016-09-22;1;106.928;106.928
E10-35-016-05-22;2;84.296;168.592
E4043-140;1;114.8;114.8
E10-40-036-06-22;2;100.368;200.736
CI100043;1;705.9954;705.9954
E10-40-011-01-22;1;82.656;82.656
E10-55-007-01-22;1;109.552;109.552
E10-35-023-08-22;2;93.808;187.616
E20-55-019-01-22;3;87.248;261.744
E5530-140;1;102.336;102.336
E10-25-036-05-22;2;150.224;300.448
E10-30-013-01-22;1;88.56;88.56
E10-70-009-01-22;1;75.768;75.768
E10-35-046-01-22;3;97.416;292.248
E10-55-008-05-22;2;84.952;169.904
E10-82-043-01-22;2;94.136;188.272
E10-82-001-01-22;1;87.904;87.904
E10-15-004-03-22;2;86.92;173.84
E10-15-007-14-20;4;66.912;267.648
E10-15-022-02-22;2;124.312;248.624
E1570-140;1;107.256;107.256
IFR7G-11KS;16;9.3726;149.9616
E10-15-009-01-22;2;99.384;198.768
E10-15-009-05-22;2;99.384;198.768
E20-15-021-06-22;10;119.72;1197.2
E10-20-022-09-22;1;129.56;129.56
E10-20-031-09-22;4;117.096;468.384
E10-20-014-17-22;2;115.784;231.568
E10-20-001-02-22;2;108.896;217.792
E10-63-020-01-22;2;102.008;204.016
SBMP086;4;165.5498;662.1992
E10-75-017-05-22;1;89.544;89.544
UR-TW2-3932;5;67.4286;337.143
E10-75-003-15-22;1;98.4;98.4
E10-70-010-01-22;1;80.032;80.032
E20-65-013-02-22;3;80.36;241.08
E20-65-015-02-22;2;75.768;151.536
E20-81-003-02-22;1;79.376;79.376
E20-85-051-06-22;3;96.76;290.28
E20-85-051-05-22;3;113.16;339.48
E20-15-021-02-22;8;106.928;855.424
UR-TW2-323;10;47.0926;470.926
UR-TW3-020;5;52.521;262.605
UR-TW2-986;2;55.9076;111.8152
UR-TW4-786;3;67.4286;202.2858
UR-TW2-1345;4;55.9076;223.6304
E40-82-089-02-11;1;329.394;329.394
E40-85-014-06-11;3;309.14;927.42
E40-20-031-03-11;1;335.79;335.79
UR-TW2-1715;3;49.979;149.937
UR-TW2-1796;4;47.1008;188.4032
UR-TW2-3051;6;58.4496;350.6976
UR-TW2-3109;4;49.979;199.916
UR-TW2-110;2;61.8362;123.6724
UR-TW2-729;1;49.979;49.979
UR-TW2-3212;4;55.9076;223.6304
UR-TW2-1289;2;49.979;99.958
UR-TW4-2741;2;66.0756;132.1512
UR-TW2-515;2;63.5336;127.0672
UR-TW4-2141P;2;67.4286;134.8572
UR-RE2-3933A;4;61.8362;247.3448
UR-TW2-1362;3;61.8362;185.5086
UR-RE2-1107;3;39.811;119.433
UR-RE2-1157;1;43.706;43.706
UR-LA2-3677;2;33.5462;67.0924
UR-LA2-3052;4;33.5462;134.1848
UR-LA2-1347;2;39.811;79.622
UR-LA2-3208;6;33.5462;201.2772
UR-LA2-1256;3;36.9328;110.7984
UR-LA2-2090;3;40.6556;121.9668
UR-LA2-1503;2;36.9328;73.8656
UR-LA2-1291;2;33.5462;67.0924
UR-LA2-853;3;52.521;157.563
UR-RL2-3935;2;50.4874;100.9748
UR-RL2-732;2;36.9328;73.8656
UR-RL2-1080;2;30.1514;60.3028
UR-RL2-422;3;33.5462;100.6386
UR-RL2-988;3;39.811;119.433
UR-RT2-3216;6;46.5924;279.5544
UR-RL2-1295;3;33.5462;100.6386
UR-RL2-301;3;33.5462;100.6386
UR-RL2-2146;2;32.1932;64.3864
UR-RL2-2614;3;39.811;119.433
EVE-GR4-CF-ENG;4;280.44;1121.76
UR-RL2-1370;2;37.269;74.538
UR-RL2-652;3;33.5462;100.6386
UR-RL2-791;1;33.5462;33.5462
UR-RU4-2987;5;72.8488;364.244
UR-LA8-1257;9;84.3698;759.3282
UR-RL4-1259;12;72.8488;874.1856
UR-LA3-3524;4;50.4874;201.9496
UR-RE2-3934;3;39.811;119.433
UR-ROC4-1260A;4;86.4034;345.6136
UR-RU2-1109;3;40.6638;121.9914
UR-FD3-1456;1;67.4286;67.4286
UR-AR18-303;2;92.8076;185.6152
UR-AR19-378;1;89.0848;89.0848
UR-AF23-316;2;87.7564;175.5128
ATMSYGR09;3;102.36086568;307.08259704
ATMSFT1;1;204.75098568;204.75098568
5w30;31;18.8846;585.4226
0W20;10;17.7202;177.202
5W40;47;18.8846;887.5762
0W40;24;17.7202;425.2848
VWR030001-GAR;2;364.48932432;728.97864864
VWR030001-CONT;1;364.48932432;364.48932432
EVE-C8BMC-FTR;1;123.984;123.984
EUPD4003209R;2;344.1868;688.3736
EUPD4003001R;1;415.5104;415.5104
EUPD4002108R;1;358.9468;358.9468
E10-85-043-02-22;3;113.488;340.464
E10-25-043-06-22;2;99.384;198.768
E10-35-020-02-22;3;82;246
E4023-140;1;100.368;100.368
E10-85-041-01-22;3;106.928;320.784
E10-85-040-01-22;2;68.552;137.104
E10-57-002-01-22;1;82.656;82.656
E20-81-016-04-22;4;90.2;360.8
E10-85-008-02-22;2;62.32;124.64
E10-85-024-02-22;2;78.72;157.44
E20-81-009-02-22;4;86.264;345.056
E10-81-010-05-22;1;76.424;76.424
EVE-ST38Y-CF-INT;8;843.288;6746.304
E10-15-007-04-22;1;73.8;73.8
E10-15-007-09-22;2;88.888;177.776
E20-15-007-02-22;2;79.376;158.752
20W60;20;15.498;309.96
E40-15-021-01-11;3;310.739;932.217
ZKER6A-10EG;6;3.0012;18.0072
216CLSDWAOT-R;21;25.256;530.376
216CLSDWAOP-R;16;40.59;649.44
216CLSDWABO-R;17;32.267;548.539
216CLSDWAWT-R;9;25.256;227.304
216CLSDWAFP-R;6;40.59;243.54
216CLSDWAEGT-R;1;47.642;47.642
216CLSDWAVO-R;17;22.714;386.138
UR-TW2-1534;5;55.9076;279.538
UR-TW2-3300;6;58.4496;350.6976
UR-TW4-3717;2;72.8488;145.6976
UR-TW2-2989;5;63.5336;317.668
UR-FD3-947;1;72.8488;72.8488
UR-FD3-019;4;72.8488;291.3952
UR-FD3-1320;2;72.8488;145.6976
UR-RU2-679A;4;42.353;169.412
UR-RU2-946A;6;44.895;269.37
UR-RU2-858;3;39.811;119.433
EVE-RSQ3-CF-INT;7;843.288;5903.016
UR-RE2-065;4;47.1008;188.4032
ATMSHYU3;2;133.31193624;266.62387248
ATMSHYU5;2;108.23123256;216.46246512
ATMSFO123;1;204.75098568;204.75098568
UR-RE2-2171;1;43.7142;43.7142
UR-RT2-3122;3;39.811;119.433
UR-LA4-299;3;52.521;157.563
UR-LA4-3053;2;55.9076;111.8152
UR-ML2-2261;2;47.0926;94.1852
LKR8AP;25;7.9212;198.03
DCPR8EKP;24;7.1504;171.6096
ML2-2884;3;80.9832;242.9496
UR-LA6-3012;2;82.1722;164.3444
UR-RE2-116A;2;52.521;105.042
UR-RL2-686;3;26.2564;78.7692
UR-RL8-3013;3;83.0168;249.0504
CTS-IT-825;1;171.3718;171.3718
CTS-IT-940;2;135.2918;270.5836
UR-ML2-1258;2;32.185;64.37
034-1ZZ-1003;1;167.895;167.895
UR-RE2-2089;5;42.353;211.765
RE2-1891;3;47.1008;141.3024
UR-RE2-177;3;47.1008;141.3024
UR-RE2-2744;3;52.521;157.563
UR-RE2-1821;2;52.521;105.042
UR-RE2-1270;3;39.811;119.433
UR-TW2-2142;2;67.4286;134.8572
UR-RE4-1916;5;61.8362;309.181
UR-RE4-122;2;67.5024;135.0048
UR-RL2-945;2;26.2564;52.5128
UR-LA4-3718;3;55.9076;167.7228
URTW-RL4-3720;4;52.521;210.084
UR-RL2-3056;2;36.9328;73.8656
UR-ML2-3055;3;43.7142;131.1426
UR-ML2-1824;3;33.5462;100.6386
UR-RL2-3304;4;36.9328;147.7312
UR-RL3-3110;2;55.9076;111.8152
UR-ML4-3067;1;67.4286;67.4286
UR-LA5-1421;1;63.5336;63.5336
UR-RL4-1423;2;57.2606;114.5212
UR-ML4-3054;3;52.521;157.563
UR-RL4-1435;2;65.231;130.462
UR-LA4-2883;2;55.9076;111.8152
UR-LA4-1192;6;55.9076;335.4456
FMTIA8;2;155.28193056;310.56386112
UR-LA4-147;3;55.9076;167.7228
UR-LA4-651;10;55.9076;559.076
UR-RL2-1273;2;38.1136;76.2272
UR-ML4-1193;6;52.521;315.126
UR-RE2-2758A;2;61.8362;123.6724
UR-ML2-2760;4;52.521;210.084
UR-RL2-3014;3;33.5462;100.6386
UR-RL2-3707;6;36.9328;221.5968
UR-LA6-3705;5;78.7774;393.887
UR-RL8-3706;6;86.4034;518.4204
UR-RE2-2432A;6;57.2606;343.5636
UR-TW2-1255;3;52.5128;157.5384
10W40-YT;4;7.3308;29.3232
420121321;143;8.036;1149.148
EVE-EA8884-R-INT;7;655.836;4590.852
EVE-EA8884-GTI-INT;5;655.836;3279.18
R11-10-2;4;41;164
R33-1-1100-01;3;51.66;154.98
ATINTKIA1;1;266.08754328;266.08754328
EVE-FX34M-V2-INT;1;655.836;655.836
EVE-FX34M-PF;7;93.48;654.36
034-108-1044;1;210.535;210.535
034-407-1006;1;146.575;146.575
TS-0740-1002;2;8.7986;17.5972
VWR610007;4;193.09801488;772.39205952
ATMSFO124;6;90.67864056;544.07184336
JSK-145-70-BK;3;101.35646736;304.06940208
MST-VW-MK888;3;294.33746496;883.01239488
ATINTHYU4;2;297.4676772;594.9353544
MST-MB-A4501;2;223.68828216;447.37656432
MST-BW-M3402;1;381.66161016;381.66161016
MST-FO-MK4017;2;194.53147656;389.06295312
E10-20-043-07-22;2;182.368;364.736
E10-20-041-01-22;2;123;246
E10-20-011-06-22;2;129.888;259.776
E10-20-049-01-22;2;127.264;254.528
E10-20-049-06-22;3;120.376;361.128
E10-20-035-01-22;1;122.344;122.344
VWR140010;2;105.9493956;211.8987912
VWR150001;3;159.71883576;479.15650728
E10-15-014-04-22;3;99.384;298.152
E5517-140;1;87.904;87.904
E10-15-011-02-22;2;102.336;204.672
PPF-1194;2;25.02219504;50.04439008
E10-20-047-03-22;3;103.32;309.96
E10-20-016-01-22;4;84.296;337.184
E10-15-011-04-22;1;93.48;93.48
AC-200-QS;19;21.32;405.08
FMBP6;1;63.38436;63.38436
KDT985;5;13.59350736;67.9675368
UR-TW2-1189;3;63.5336;190.6008
UR-TW2-3047;6;58.4496;350.6976
UR-TW2-071;3;43.706;131.118
UR-TW2-1106;3;47.068;141.204
UR-TW4-2757;2;67.4286;134.8572
UR-AR12-529;2;84.7962;169.5924
UR-LA2-1647;2;38.1136;76.2272
UR-LA2-2804;2;33.5462;67.0924
UR-LA2-829;3;33.0378;99.1134
UR-LA2-1232;1;39.811;39.811
UR-LA2-1027;3;33.5462;100.6386
UR-RL2-1048;3;33.5462;100.6386
EVE-8YS3-CF-INT;7;655.836;4590.852
UR-TW2-1820;2;58.4496;116.8992
UR-RE2-2481;3;50.4874;151.4622
UR-LA4-3214;2;55.9076;111.8152
UR-RL4-3215;4;57.2606;229.0424
UR-AR18-282;3;84.3698;253.1094
UR-AF27-486;2;111.4462;222.8924
UR-AR23-485;2;95.0462;190.0924
UR-RE4-3213A;3;67.4286;202.2858
UR-RT2-2148;3;32.185;96.555
UR-TW2-3081;1;55.9076;55.9076
UR-RE2-1645;4;47.1008;188.4032
UR-LA4-1822;4;67.4286;269.7144
UR-RE2-3886;4;47.1008;188.4032
UR-LA4-3887;4;55.9076;223.6304
UR-RL2-2434;4;33.5462;134.1848
UR-LA4-2433;4;55.9076;223.6304
UR-RL2-514;3;38.1218;114.3654
UR-ML2-2992;6;36.9328;221.5968
UR-ML2-2991;10;38.1218;381.218
UR-RE2-1290;3;47.1008;141.3024
UR-AF27-377;1;111.4462;111.4462
1-101s;29;11.9474;346.4746
VWR18G700-SERV;9;14.69542008;132.25878072
VWR700000;7;63.88168344;447.17178408
VWR1241S4FO;2;120.75208152;241.50416304
ATIKFO33;1;161.23030896;161.23030896
Z-2515225;4;81.3348816;325.3395264
Z-2011784;2;101.668602;203.337204
Z-2051793;2;94.548952;189.097904
Z-2113589;3;81.3348816;244.0046448
Z-1355110;1;84.723835;84.723835
Z-1313913;3;96.24627656;288.73882968
Z-1353914;6;76.92639432;461.55836592
ES-2513708;3;34.8578064;104.5734192
ES-1013912;2;39.50551392;79.01102784
ES-355264;10;20.3337204;203.337204
ES-1350565;6;26.1433548;156.8601288
034-145-Z049;4;55.1942;220.7768
034-301-2009;3;636.32;1908.96
W0599;5;9.76119144;48.8059572
UR-TW2-990;3;52.521;157.563
UR-FD3-903;2;72.8488;145.6976
UR-ML4-265;2;67.4286;134.8572
UR-TW2-359;2;49.979;99.958
UR-LA4-991;2;55.9076;111.8152
UR-RE4-1321;2;58.4496;116.8992
UR-TW2-1514;2;63.55;127.1
UR-RL4-1294;3;55.9076;167.7228
UR-RE2-1346;3;47.1008;141.3024
UR-FD3-1018;2;72.8488;145.6976
UR-RE2-1750;1;57.2606;57.2606
UR-LA4-854;3;67.4286;202.2858
UR-RU2-856A;2;52.521;105.042
UR-ML6-973;3;77.5966;232.7898
UR-RL4-974P;5;47.1008;235.504
S-AU/TI/24H;1;3536.25;3536.25
S-AU/TI/23H;1;3425.55;3425.55
UR-RL8-1019P;2;78.7774;157.5548
UR-LA4-2573;1;55.9076;55.9076
UR-RE3-2576;1;47.1008;47.1008
D650-0003;3;33.2428;99.7284
EVE-C8RS6-CF-ENG;4;309.96;1239.84
D650-0009;3;41.2788;123.8364
SD-1613709;2;128.7802292;257.5604584
SD-1213445;4;91.5017418;366.0069672
SD-1214801;2;149.1139496;298.2278992
SD-1313035;8;94.548952;756.391616
SD-1318355;4;115.2244156;460.8976624
75W140;19;11.4062;216.7178
VWR140006;4;105.9493956;423.7975824
VWR190003;7;52.7065332;368.9457324
VWR190004;4;31.94571744;127.78286976
VWR501000;3;135.545016;406.635048
VWR501001;3;183.68787528;551.06362584
U3P3AS1X;3;189.7644;569.2932
9-250;5;62.689;313.445
9-350;10;98.769;987.69
ATMSHYU6;3;34.49084328;103.47252984
9-350-bracket;2;3.608;7.216
9-250-bracket;5;3.157;15.785
216VWBWWT270;7;20.787;145.509
216VWBWVO270;3;20.787;62.361
216VWBWOT270;7;20.787;145.509
216VWBWEGT270;2;47.847;95.694
216VWBWEBO270;4;28.7;114.8
216VWBWEOP270;1;35.342;35.342
216VWBWBO270-3;6;16.277;97.662
UR-FD3-1749;3;72.8488;218.5464
UR-LA4-1445;2;63.5336;127.0672
UR-LA2-1110;3;36.9328;110.7984
UR-LA4-343;3;55.9076;167.7228
UR-RU2-407;2;39.811;79.622
UR-ML4-300;3;55.9076;167.7228
UR-TW2-2431;2;47.1008;94.2016
UR-RE2-1833;2;39.811;79.622
UR-TW2-1269;6;47.1008;282.6048
UR-RL2-2807;14;36.9328;517.0592
UR-LA2-2803;6;36.9328;221.5968
UR-RT2-1861;3;74.5462;223.6386
E10-20-016-03-22;2;124.968;249.936
E40-85-008-01-10;2;148.707;297.414
E8530-320;1;252.642;252.642
EVE-G8XM-CF-ENG;2;442.8;885.6
ATMSBMW7;2;146.24234568;292.48469136
UR-LA2-972;3;37.269;111.807
UR-TW3-394;2;66.0756;132.1512
UR-LA4-2759;3;63.5336;190.6008
STYC009;1;291.2886;291.2886
STYX009;1;421.4554;421.4554
FMDV35;2;122.85839256;245.71678512
AC-180-CAN;17;4.1;69.7
FRI-0311;1;923.5040408;923.5040408
LA-3001;4;32.04696858;128.18787432
FRI-0194;7;475.5356628;3328.7496396
FRI-0218;4;292.902401;1171.609604
LA-3002-2;4;33.08074176;132.32296704
FRI-0205;5;475.5356628;2377.678314
FR-0084;2;213.6464572;427.2929144
FR-0142;2;578.9129808;1157.8259616
FR-0143;3;671.952567;2015.857701
FR-0525;2;544.4538748;1088.9077496
FR-0522;1;441.0765568;441.0765568
FR-S2000;2;682.2902988;1364.5805976
FRI-0405;2;854.5858288;1709.1716576
FRI-0190;2;289.4564904;578.9129808
FRI-0406;2;441.0765568;882.1531136
FRI-0184;1;1268.0951008;1268.0951008
FR-0139;2;578.9129808;1157.8259616
FRI-0116;2;578.9129808;1157.8259616
FRI-0322;3;923.5040408;2770.5121224
FRI-0341;3;854.5858288;2563.7574864
FRI-0346;1;1095.7995708;1095.7995708
FRI-0339;2;1199.1768888;2398.3537776
FRI-0227;1;682.2902988;682.2902988
FRI-0220;3;578.9129808;1736.7389424
FRI-0226;2;578.9129808;1157.8259616
FR-0457;1;482.427484;482.427484
FRI-0334;2;509.9947688;1019.9895376
FRI-0200;3;296.3483116;889.0449348
FRI-0171;4;299.7942222;1199.1768888
FRI-0201;2;275.672848;551.345696
FRI-0186;4;268.7810268;1075.1241072
FR-0406;1;317.0237752;317.0237752
FRI-0196;1;275.672848;275.672848
FRI-0315;3;792.559438;2377.678314
FRI-0323;2;751.2085108;1502.4170216
FRI-0228;4;551.345696;2205.382784
LA-3003;3;39.6279719;118.8839157
LA-3004-2;5;65.4723014;327.361507
SBMP091;1;297.5616;297.5616
SHYP105;4;86.1;344.4
SHYC105;4;94.71;378.84
SES2300CF;2;749.1438;1498.2876
ATMSYGR10;1;122.83888968;122.83888968
ATMSFO132;1;137.09549496;137.09549496
D155-A001;3;122.85839256;368.57517768
ITGHYUNDAIi20NSH;4;82.88724;331.54896
SILFER8C7ES;206;7.1258;1467.9148
WB-337;2;33.9350112;67.8700224
VWR610360BLK;28;193.09801488;5406.74441664
AC-S63.2-DP;3;143.5;430.5
FMTIA3;1;83.18953464;83.18953464
P101061010;1;240.6946;240.6946
P112011010;1;240.6946;240.6946
CTS-IGN-009;115;18.3844;2114.206
CTS-EXH-TP-0016;5;495.6818;2478.409
CTS-F9X-M5M8-DF;2;737.9918;1475.9836
P101112010;1;481.873;481.873
SVWC064;2;184.6886;369.3772
SVWX064;1;300.9236;300.9236
UR-TW2-3277;3;43.7142;131.1426
UR-RL2-2525;7;36.9328;258.5296
UR-TW2-3744;2;58.4496;116.8992
UR-RL8-3068;1;83.8614;83.8614
UR-TW2-1170;5;61.8362;309.181
UR-TW2-1444;4;52.521;210.084
UR-TW-4261;13;72.8488;947.0344
SHD1010-1C-BK;1;18.2204;18.2204
FMDV37;1;97.74843456;97.74843456
FMINT25;2;418.46354472;836.92708944
FMINT17;2;374.3577816;748.7155632
ATINTVAG43;2;560.58103128;1121.16206256
ATMSHYU7;3;54.9493644;164.8480932
ATMSHYU8;1;93.21401496;93.21401496
FMINDK43;2;249.57835536;499.15671072
MMAI-MK7-15X;20;208.7802;4175.604
SD-2214985;4;130.81360124;523.25440496
SD-1357992;2;115.2244156;230.4488312
SD-1251126;4;57.6122078;230.4488312
SD-1258562;3;88.1127884;264.3383652
SD-1218267;3;115.2244156;345.6732468
SD-1213215;1;159.2808098;159.2808098
SD-3657044;3;122.0023224;366.0069672
VWR131000;3;415.28457528;1245.85372584
FP-3355126;2;105.0575554;210.1151108
FP-2057868;2;122.0023224;244.0046448
FSBS-38030B27L/26R;2;406.674408;813.348816
FP-2218353;2;149.1139496;298.2278992
Z-355264;1;67.779068;67.779068
SD-1310113;1;128.7802292;128.7802292
SD-1250935;1;122.0023224;122.0023224
SD-1353381;1;94.548952;94.548952
SD-3617039;4;74.5569748;298.2278992
SD-3657024;3;81.3348816;244.0046448
SD-1651298;4;103.70197404;414.80789616
SD-3513161;2;98.2796486;196.5592972
ES-1311479;3;34.8578064;104.5734192
SD-2652458;5;71.1680214;355.840107
SD-1313528;5;108.4465088;542.232544
EVE-F9XM5M8-CHG;1;309.96;309.96
ATINTREN8;2;304.60573128;609.21146256
TBP-005;94;3.9852;374.6088
TBP-001;76;3.321;252.396
TBP-002;85;3.321;282.285
AC-211-OT;15;31.16;467.4
AC-S55-TP;8;61.5;492
DB42FK;2;122.45798;244.91596
FRDZ33K;2;733.039164;1466.078328
FS-1314709;4;210.1151108;840.4604432
Z-1314738;2;96.24627656;192.49255312
SD-1313301;10;125.3912758;1253.912758
FRDGXPA16K;2;733.039164;1466.078328
FRDZN6K;1;733.039164;733.039164
Z34FK;2;108.21868;216.43736
FK8FK;2;113.9144;227.8288
GXPA16FK;2;113.9144;227.8288
PST77;5;64.931208;324.65604
UBT44;3;126.444984;379.334952
UBT45;3;126.444984;379.334952
PT32;1;85.4358;85.4358
FMEC3;1;234.03456;234.03456
FMINDK38;1;97.93371192;97.93371192
CRZ34K;2;384.2902284;768.5804568
CRZ33K;1;384.2902284;384.2902284
CRSE3PK;1;310.2458684;310.2458684
PT34;2;116.192688;232.385376
PT34B;2;116.192688;232.385376
NSF8;2;54.678912;109.357824
PSH52;2;64.931208;129.862416
NSH21;1;54.678912;54.678912
PST78;1;64.931208;64.931208
UBT39;2;47.844048;95.688096
UBH23;2;61.513776;123.027552
UBT38B;2;153.78444;307.56888
CLPT-SET1;3;109.357824;328.073472
XF18950-4005GDG;12;169.162884;2029.954608
ES-1313587;1;34.8578064;34.8578064
SD-1254964;2;128.7802292;257.5604584
1118BLK;9;12.6034;113.4306
SD-1310016;8;88.1127884;704.9023072
SD-1350972;5;101.668602;508.34301
SD-1351354;7;74.5569748;521.8988236
HS-1254964;2;162.6697632;325.3395264
SES1583CF;1;730.7594;730.7594
SD-1353034;7;57.6122078;403.2854546
FS-1358331;5;115.2244156;576.122078
SD-2512407;5;98.2796486;491.398243
SD-1358331;7;88.1127884;616.7895188
FS-1313301;4;152.502903;610.011612
FP-2018477;2;128.7802292;257.5604584
R-FOR-009-I;2;295.692;591.384
UR-LA4-4265;2;74.5462;149.0924
UR-RE2-3015A;1;61.8444;61.8444
UR-ML6-3719;1;77.5966;77.5966
UR-RL4-1449;2;47.1008;94.2016
UR-FD3-107;2;72.8488;145.6976
UR-RE2-1190;2;47.0926;94.1852
UR-FD3-897;1;78.7856;78.7856
UR-RE2-396;2;58.4496;116.8992
UR-RE4-801;2;77.5966;155.1932
UR-FT4-2846;3;78.7774;236.3322
UR-LA4-310;2;55.9076;111.8152
ES-1353914;2;36.01973328;72.03946656
D158-A001;2;17.05526856;34.11053712
D157-A001;1;32.75508696;32.75508696
D153-A001;2;135.97407936;271.94815872
AC-200-IT;8;57.4;459.2
SNN0910-1C-BK;2;18.2204;36.4408
AC-Z33-HHL;4;49.7822;199.1288
AC-MK7-CP-BL;31;7.38;228.78
14036-AG010;20;3.116;62.32
U5001;44;12.3328;542.6432
AC-Z33-CP;234;7.216;1688.544
14035-8J101;45;2.296;103.32
14035-JP00A;50;2.624;131.2
13270-8j112;48;1.23;59.04
13270-8J102;46;1.23;56.58
06A115561B;21;1.968;41.328
1J0201511A;25;1.804;45.1
1J0819644A;39;2.46;95.94
1K1819653B;37;2.706;100.122
FMSS5;4;35.82679056;143.30716224
AMS.39.08.0001-1;1;1537.4672;1537.4672
R21-10-2;3;41;123
R22-10-2;6;42.64;255.84
U5096;8;16.6542;133.2336
U5333;16;26.6582;426.5312
AC-S55-RAD;8;188.6;1508.8
AC-451-RAD;19;164;3116
AC-452-RAD;8;73.8;590.4
AC-W205-RAD;3;319.8;959.4
ATEXHFO6;3;107.3145972;321.9437916
ATMSFO4;6;53.93521464;323.61128784
ASCDISC3;2;319.30115136;638.60230272
AC-R56-TB;35;22.14;774.9
MMBCC-350Z-07PBE;2;207.5912;415.1824
MMWP-M50-92;1;25.8054;25.8054
001002433;1;91.6432;91.6432
ARMAADR6C8-A;3;471.5;1414.5
ARMAAD0RS5-A;2;694.54;1389.08
DBA601S-2;2;76.342;152.684
DBA42698S-2;3;189.4692;568.4076
DBA42224S-2;1;182.1712;182.1712
DBA42225S-2;1;182.1712;182.1712
DBA42656S-10-2;2;175.2996;350.5992
DBA4654S-10-2;2;175.8572;351.7144
DBA42280S-2;2;167.28;334.56
DBA42676S-2;7;167.28;1170.96
DBA53002WSLVXD-2;4;565.513;2262.052
DBA600S-2;2;152.848;305.696
DBA2500S-2;2;101.1224;202.2448
DBA52844SLVS-2;2;504.3492;1008.6984
DBA4838S-2;5;153.504;767.52
DBA42677S-2;3;155.5376;466.6128
DBA42809S-2;6;126.485;758.91
ATMSYGR11;2;67.25568168;134.51136336
DBA418S-2;1;123.164;123.164
DBA419S-2;1;123.164;123.164
E90-75-012-05-22;2;481.217;962.434
KDT958;6;20.3805096;122.2830576
L3P3P991;3;189.7644;569.2932
UR-TW4-4078;3;63.5336;190.6008
UR-ML4-4080;2;57.2606;114.5212
UR-TW2-3653;3;66.0756;198.2268
UR-TW2-3909;6;55.9076;335.4456
URTW-RE2-2919A;3;66.0756;198.2268
UR-RE2-4262;12;42.353;508.236
UR-RS4-4266P;4;52.521;210.084
KCA402;1;104.02836192;104.02836192
W53624;2;14.01281928;28.02563856
W33364;2;19.61989728;39.23979456
W63584;2;12.60861192;25.21722384
238CLSDWAOT-R;3;26.24;78.72
238CLSDWABO-R;12;33.251;399.012
238CLSDWAWT-R;3;25.297;75.891
238CLSDWAOP-R;2;41.615;83.23
CTS-EXH-DP-0029-CAT;3;319.7918;959.3754
CTS-HW-455;7;88.5518;619.8626
EVE-EA8884-CF-ENG;3;280.44;841.32
HMP-892;2;79.14268704;158.28537408
EUPD4004903R;2;452.8204;905.6408
N91130801-5;41;0;0
E90-85-040-01-22;1;299.915;299.915
E90-75-017-05-22;1;539.232;539.232
PSS65-85-001-04-22;1;647.062;647.062
PSS65-20-001-03-22;1;744.068;744.068
HMP-456;2;34.01302272;68.02604544
HMP-843;1;38.030616;38.030616
HMP-826;1;87.76296;87.76296
URKR-TW2-4201;2;67.4286;134.8572
UR-LA2-4264;10;40.6556;406.556
UR-FD3-079;4;72.8488;291.3952
UR-LA4-148;4;52.521;210.084
UR-LA4-157x;2;55.9076;111.8152
UR-LA4-264;2;55.9076;111.8152
UR-LA4-511;2;63.5336;127.0672
UR-LA4-512;3;66.0756;198.2268
UR-LA4-731;2;55.9076;111.8152
UR-ML2-421;3;33.5462;100.6386
UR-RE2-072;2;47.0926;94.1852
UR-RE2-3217A;2;63.5336;127.0672
UR-RL2-124;3;31.3404;94.0212
UR-RE2-465A;4;67.4286;269.7144
UR-RE3-730;2;44.895;89.79
UR-RT2-408;2;32.185;64.37
UR-RL8-621P;3;78.7774;236.3322
UR-FD3-1161;2;72.8488;145.6976
UR-ML4-788;4;52.521;210.084
UR-ML4-1422;2;58.4496;116.8992
UR-ML4-1650;3;61.8362;185.5086
UR-LA4-1233;2;52.521;105.042
238EVOBO-PK-R;7;36.572;256.004
238EVOOT-PK-R;6;29.807;178.842
238EVOOP-PK-R;7;42.394;296.758
FMMD7;5;46.06580256;230.3290128
TS-0629-3051;3;77.9;233.7
AC-MK7-OC;181;12.3;2226.3
AC-VAG-CC;182;16.4;2984.8
AC-VAG-BC;179;9.02;1614.58
7-804;3;132.348;397.044
TS-0629-1072;1;56.5636;56.5636
SILZKFR8F7S;36;6.5272;234.9792
KV082895;1;176.7756;176.7756
KV061816R;3;155.7754;467.3262
KH423660P;2;301.76;603.52
AC-DAZA-IM;1;1000.4;1000.4
KL080300R;3;121.2288;363.6864
KL091672R;1;167.9114;167.9114
KL060650R;6;177.5136;1065.0816
KL060245R;2;175.1766;350.3532
AC-B58-INLET;28;45.1;1262.8
AC-250-IP;5;47.56;237.8
005EP17148;2;422.956;845.912
URTW-ML2-3974;4;71.1596;284.6384
URTW-ML2-3973;4;67.4286;269.7144
URTW-RL2-3975;2;49.979;99.958
UR-ML2-1293;3;30.1596;90.4788
UR-LA6-1292;4;74.5462;298.1848
UR-RE2-081;1;49.979;49.979
AC-211-IT;27;57.4;1549.8
AC-MK7-IT;60;86.1;5166
AC-S55-JP;2;26.24;52.48
DBA4649S-2;2;140.0068;280.0136
DBA4650S-2;2;151.6836;303.3672
DBA2367S-2;1;132.5284;132.5284
DBA42366S-2;2;189.4692;378.9384
DBA2951S-2;2;92.0204;184.0408
DBA2959S-2;1;138.744;138.744
DBA2965S-2;1;93.316;93.316
DBA2964S-2;1;153.504;153.504
DBA42550S-2;1;169.1004;169.1004
DBA42957S-2;2;126.4112;252.8224
DBA42962S-2;2;168.7232;337.4464
DBA43343S-2;2;180.8592;361.7184
DBA43342S-2;2;227.6484;455.2968
DBA4482S-2;2;151.6836;303.3672
DBA42500S-2;2;151.6836;303.3672
DBA42166S-2;1;212.0848;212.0848
DBA42165S-2;1;189.4692;189.4692
DBA2145S-2;1;91.8892;91.8892
DBA42968S-2;2;189.4692;378.9384
DBA2120S-2;4;111.889;447.556
DBA42163S-2;2;169.658;339.316
DBA2847S-2;2;91.266;182.532
DBA2832S-2;2;104.714;209.428
DBA52321BLKS;1;475.7968;475.7968
DBA42830S-2;11;141.4418;1555.8598
DBA2808S-2;6;112.996;677.976
DBA2806S-2;2;87.0676;174.1352
EVE-P991T-INT;2;1101.096;2202.192
EVE-GT3RS-INT;1;1101.096;1101.096
UR-RU2-1000;1;40.6638;40.6638
UR-TW2-339;2;47.0926;94.1852
UR-RE2-066;3;47.0926;141.2778
UR-RL2-2887;1;39.811;39.811
URCN-RL2-2114;2;38.1136;76.2272
UR-RL4-2960;7;52.521;367.647
UR-LA4-1271;2;58.4496;116.8992
UR-LA4-420;3;55.9076;167.7228
UR-RE4-958;3;67.4286;202.2858
W53286;2;12.60861192;25.21722384
KCA465;2;109.96698888;219.93397776
KTA137;2;109.96698888;219.93397776
70017-AT130;3;20.478024;61.434072
70028-AT002;1;491.472576;491.472576
71008-AF013;3;129.694152;389.082456
24999-AM001;4;88.738104;354.952416
22004-AM001;2;117.01728;234.03456
70017-AN104;5;40.22469;201.12345
70017-AZ104;7;40.22469;281.57283
70017-AF101;5;25.96808472;129.8404236
70017-AN105;4;37.543044;150.172176
70028-AT001;1;592.39998;592.39998
71008-AN027;4;648.47076;2593.88304
71008-AZ008;5;129.694152;648.47076
71008-AM011;2;146.759172;293.518344
71008-AM015;3;167.237196;501.711588
71008-AN015;2;129.694152;259.388304
70017-AN101;8;22.672098;181.376784
71008-AF006;2;129.694152;259.388304
71008-AF005;2;129.694152;259.388304
70017-AM107;4;18.4302216;73.7208864
70017-AT120;5;21.1606248;105.803124
70017-AT131;3;31.81894872;95.45684616
70017-AH111;4;21.1606248;84.6424992
70017-AM105;2;22.672098;45.344196
24999-AM002;3;24.5736288;73.7208864
24999-AF001;5;142.61481;713.07405
70020-AN107;2;577.77282;1155.54564
70020-AM103;2;242.323284;484.646568
24003-AK002;8;33.4474392;267.5795136
24003-AN001;3;33.4474392;100.3423176
52009-AK005;11;9.507654;104.584194
52009-AK011;8;13.895802;111.166416
13001-AT008;2;972.70614;1945.41228
31029-AT006;1;1279.8765;1279.8765
32018-AZ010;6;389.082456;2334.494736
ATMSFO134;1;87.73370568;87.73370568
ATINTVAG45;3;373.59716928;1120.79150784
ATINTVAG46;3;138.19740768;414.59222304
70999-AT002;4;75.086088;300.344352
32018-AT041;2;662.122776;1324.245552
33004-BT002;3;180.889212;542.667636
50003-M45-HL;50;10.5803124;529.01562
41001-AK011;2;75.086088;150.172176
41001-AK012;9;49.8298584;448.4687256
AC-S55-OC;3;168.1;504.3
W53188;3;18.21568992;54.64706976
W52091;3;13.07668104;39.23004312
W53518;2;39.69811224;79.39622448
MMR03-1501;3;48.67918848;146.03756544
50003-M50-HL;54;10.5803124;571.3368696
50003-M45-XL;36;10.5803124;380.8912464
12001-AT012;3;3003.44352;9010.33056
11003-AN015;1;6362.8146;6362.8146
15004-AH004;1;608.489856;608.489856
27001-AN001;1;577.285248;577.285248
VWR31UPGT;3;91.53676728;274.61030184
15999-AM001;4;38.761974;155.047896
24996-AK046;2;62.896788;125.793576
24996-AK031;1;71.673084;71.673084
24996-AK053;2;58.7036688;117.4073376
70017-AH004;4;16.0411188;64.1644752
MST-BW-F90M5;1;412.973484;412.973484
MST-BW-MK3351;1;243.64947984;243.64947984
MST-VW-MK5R32;1;179.60202192;179.60202192
ATMSFO135;1;70.17136224;70.17136224
ATMSBMW8;3;82.2533964;246.7601892
566541A;1;156.02304;156.02304
FMEC4;1;138.21691056;138.21691056
3C4911PS;2;137.3002752;274.6005504
222462A;1;120.90810456;120.90810456
1C2492R;1;256.91143824;256.91143824
1C2017F;1;73.01878272;73.01878272
566270C20;1;223.1129472;223.1129472
564270C20;1;223.1129472;223.1129472
AC-W205-MP;2;143.5;287
FMINT28;1;343.32869952;343.32869952
FMTUBL15;4;77.63121384;310.52485536
6-FPD-8AN;2;36.777;73.554
7-900;3;107.748;323.244
7-902;3;107.748;323.244
SAUC106;1;342.637;342.637
70020-DH101;3;324.23538;972.70614
70020-AN101;1;299.85678;299.85678
71008-AT020;3;290.10534;870.31602
70020-AH110;1;343.73826;343.73826
14011-AT001;2;179.18271;358.36542
70026-AT001;1;218.432256;218.432256
14007-AM003;2;186.49629;372.99258
70018-AM001;1;127.98765;127.98765
70018-AN007;1;519.26418;519.26418
AC-MK7-CL;66;20.91;1380.06
AC-MK7-RL;40;11.89;475.6
ARMASBGR86;3;261.58;784.74
AC-VAG-WB;19;98.4;1869.6
AC-S55-OTC;81;14.186;1149.066
FMSS7;4;41.80442328;167.21769312
10.127.113K;11;180.3754;1984.1294
10.127.113T;5;16.3918;81.959
MMOC-G80-21;1;312.092;312.092
MMSD-G80-21WBK;6;187.165;1122.99
DBA53700BLKS-2;2;501.3972;1002.7944
DBA43146S-2;2;106.6492;213.2984
OPSB1478HP;1;120.581;120.581
TI-123-BK;12;56.8508952;682.2107424
FMSS8;3;44.78836392;134.36509176
FMINT24;2;415.9476732;831.8953464
SAUP106;3;159.49;478.47
VWR140011;3;153.57542856;460.72628568
E90-57-002-01-22;2;437.47;874.94
EVE-W192-FTR;4;46.74;186.96
E90-30-013-01-22;1;355.839;355.839
E90-85-008-02-22;1;384.703;384.703
FR-0419;2;671.952567;1343.905134
FR-0212EVO;1;854.5858288;854.5858288
FRI-0407;2;1199.1768888;2398.3537776
Z-2755347;3;81.3348816;244.0046448
ES-2755347;3;34.8578064;104.5734192
Z-1382491;6;165.38092592;992.28555552
ES-1313913;4;46.4770752;185.9083008
Z-1313587;4;81.3348816;325.3395264
Z-1212425;3;128.7802292;386.3406876
Z-1258835;1;81.3348816;81.3348816
FS-1218451S;1;210.1151108;210.1151108
FS-1257872S;1;183.0034836;183.0034836
Z-315561;2;67.779068;135.558136
SD-1308223;2;447.3418488;894.6836976
SD-1388526;2;454.1197556;908.2395112
FS-36534B42R/43L;2;332.1174332;664.2348664
SD-3355036;3;61.0011612;183.0034836
FS-3311001;2;128.7802292;257.5604584
FS-1214913;2;210.1151108;420.2302216
FRI-0350;3;509.9947688;1529.9843064
FRI-0336;3;833.9103652;2501.7310956
FRI-0353;3;1199.1768888;3597.5306664
FRI-0345;3;1199.1768888;3597.5306664
FRI-0352;2;620.263908;1240.527816
12001-AH010;1;3364.2468;3364.2468
CTS-ACC-008;2;39.3518;78.7036
CTS-TR-1550-82;3;1492.3918;4477.1754
CTS-TR-0300RS;2;975.7918;1951.5836
MMICP-F10-12MWBK;1;91.553;91.553
MMINT-F10-12WBK;1;721.149;721.149
MMRAD-E46-323A;1;154.9718;154.9718
MMRAD-E46-323;1;148.1412;148.1412
AC-R53-IC;6;41.328;247.968
ARMABZS63S-A;1;984.984;984.984
BH-225;2;32.8623528;65.7247056
BSF19XZ;2;97.11459096;194.22918192
CS57-AR60041;5;35.1288;175.644
EVE-E9X-CFM-DCT;1;391.14;391.14
EVE-E9X-CFM-INT;1;407.376;407.376
EVE-E9X-CFM-PLM;1;1101.096;1101.096
EVE-FK8-CHG-SLC;3;34.932;104.796
EVE-G20B48-V2-INT;3;655.836;1967.508
EVE-G29Z4-B48-INT;2;655.836;1311.672
EVE-HCN-CF-INT;3;1087.32;3261.96
EVE-Z4M-INT;2;398.52;797.04
EVO1103;3;161.745;485.235
EVO1104;1;177.3824;177.3824
EVO7301;2;182.4418;364.8836
MMAI-CIV-16BL;1;131.2;131.2
MMBCC-CIV-16PBE;1;64.0338;64.0338
MMRAD-EVO-456;2;126.7966;253.5932
MMTB-CIV-16;3;75.153;225.459
R24-1-1100-01;2;41;82
SFDC078;1;155.595;155.595
SFDS078ST;2;273.6094;547.2188
SMN003;1;283.6626;283.6626
SMNC014;3;221.4328;664.2984
SMNX014;2;323.8672;647.7344
SP1355WB;1;124.64;124.64
SP1573BLK;2;141.1876;282.3752
SP1573WR;2;141.1876;282.3752
SRN0601-4P-BK;1;26.896;26.896
SSE0424-4P-BK;1;26.896;26.896
"TTE500 N54";1;1071.0184;1071.0184
"TTE500 N54-1";1;1071.0184;1071.0184
VWR11G714;4;41.53138296;166.12553184
VWR11G815;3;41.53138296;124.59414888
VWR1200BUNG;5;12.7743864;63.871932
VWR12G50D;1;159.08499216;159.08499216
VWR12G60D;1;159.08499216;159.08499216
VWR18G700-EUBRACKETS;7;24.22257696;169.55803872
VWR31G7ML;2;125.78382456;251.56764912
VWR670000;2;95.19355728;190.38711456
VWR670001;5;92.63868;463.1934
VWR670002;1;137.36853528;137.36853528
W63452G;8;24.74915472;197.99323776
TS-0204-1133;2;105.5176;211.0352
EUPD4003107R;1;590.1868;590.1868
12001-AN008;1;3364.2468;3364.2468
71008-AH009;3;191.128224;573.384672
71008-AN029;2;221.84526;443.69052
EVE-4V8TT-CF-INT;2;1337.748;2675.496
70017-AZ101;6;21.1606248;126.9637488
71008-AF003;2;129.694152;259.388304
70020-AT115;1;310.583364;310.583364
70020-AZ108;1;204.78024;204.78024
70020-AN106;1;566.558664;566.558664
ATMSBMW10;2;85.97844648;171.95689296
PH/INDYGR1;2;62.33120448;124.66240896
13001-AM005;1;887.38104;887.38104
TS-0404-1024;2;77.8836;155.7672
33002-AH001;1;921.51108;921.51108
13001-AM004;1;887.38104;887.38104
31029-AM002;1;682.6008;682.6008
31029-AF001;2;682.6008;1365.2016
31029-AF008;1;853.251;853.251
MMTS-E46-99V2;7;47.2074;330.4518
48004-AK001;1;71.673084;71.673084
42018-AH002;2;242.323284;484.646568
44004-AK003;5;81.912096;409.56048
31006-AN018;2;368.604432;737.208864
32003-DH001;2;443.69052;887.38104
32003-AH007;2;750.86088;1501.72176
31019-AN015;2;423.212496;846.424992
31019-AM008;3;627.992736;1883.978208
31019-AF022;3;614.34072;1843.02216
31019-AF015;3;587.036688;1761.110064
32016-AH004;1;1023.9012;1023.9012
21004-AT002;1;2184.32256;2184.32256
22002-AN038;1;1467.59172;1467.59172
15004-AM010;1;468.06912;468.06912
15004-AN024;1;526.57776;526.57776
1419-RF001;2;750.86088;1501.72176
14019-AF002;2;395.908464;791.816928
14019-AM002;1;587.036688;587.036688
14018-AN004;2;491.472576;982.945152
14030-AN001;2;300.344352;600.688704
1407-RA015;4;91.41975;365.679
U5237;12;15.6784;188.1408
CG85-02-0007;1;121.2288;121.2288
Z-1112203;4;111.493719;445.974876
Z-1152987;4;88.44883588;353.79534352
Z-1118302;1;115.2244156;115.2244156
FMTUBL16;2;55.28091336;110.56182672
FMOC12;1;282.8405172;282.8405172
MMFS-E46-99;1;109.2896;109.2896
MMRAD-TINY-01;7;144.7218;1013.0526
MMAI-CIV-16RD;1;131.2;131.2
ATIKVAG8;1;315.59560416;315.59560416
105777;7;9.2004;64.4028
110282;25;5.8876;147.19
MMINT-CIV-16KSLWRD;1;467.6706;467.6706
MMAI-F30-12WBK;2;183.147;366.294
MMAI-E46-01BK;2;115.6938;231.3876
MMAI-CIV-16BK;1;131.2;131.2
MMOC-25;2;102.0326;204.0652
EVE-S62-CF-PLM;1;585.48;585.48
EVO7202;2;192.5524;385.1048
EVO7203;3;192.5524;577.6572
EVO1108;5;176.9232;884.616
SES9002ICP;2;181.5234;363.0468
EVO1107;4;180.1458;720.5832
AC-45-IC;7;188.6;1320.2
KWM074;7;2.7791604;19.4541228
BTR105Z;2;143.9800116;287.9600232
KCA511;1;41.56063728;41.56063728
KCA524;3;67.16791872;201.50375616
KCA525;4;58.86944328;235.47777312
KCA529;4;111.166416;444.665664
KCA533;1;46.3680972;46.3680972
KTA293;3;92.18036232;276.54108696
KTA332;1;101.24920152;101.24920152
KTA333;2;103.84308456;207.68616912
WSK-AUD001;5;101.39547312;506.9773656
32003-AT011;1;470.994552;470.994552
70017-AT111;1;22.672098;22.672098
FMINDR35;10;219.4074;2194.074
VWR190006;2;39.249546;78.499092
URTW-ML4-4002;1;67.4286;67.4286
D760-0061;2;111.4872;222.9744
30-4110;2;106.1654;212.3308
ARMAFER488-A;1;2029.5;2029.5
ARMABZA250G-A;1;401.8;401.8
MMRAD-RHD-R33;1;144.7218;144.7218
CTS-HW-532;6;42.6318;255.7908
CTS-ACC-SUPRAKIT;2;85.2718;170.5436
Z-331167;4;74.5569748;298.2278992
FS-3657024;1;98.2796486;98.2796486
PD-1307905;2;339.28264896;678.56529792
PD-1308431;2;528.09576696;1056.19153392
PD-1387828;1;414.80789616;414.80789616
PD-1308435S;3;377.04527256;1131.13581768
PD-1307919;2;452.57051976;905.14103952
PD-1287850;1;312.84881244;312.84881244
PD-1287902;2;252.7190964;505.4381928
PD-1208305;1;490.33314336;490.33314336
PD-1287934;1;301.52002536;301.52002536
PD-1207903;2;377.04527256;754.09054512
PD-1287904;2;297.743763;595.487526
PD-1387976;2;414.80789616;829.61579232
PD-1307907;2;452.57051976;905.14103952
PD-1387906;2;452.57051976;905.14103952
SD-2218243;1;111.493719;111.493719
SD-2298524;2;184.69511244;369.39022488
TS-0552-1011;2;143.4836;286.9672
MMOC-F10-12SL;1;324.7036;324.7036
MMOC-E60-06;1;259.9482;259.9482
MMTS-MAZ-04;4;27.511;110.044
MMTS-FOC-05;3;27.511;82.533
MMTS-GLF-15;5;21.197;105.985
MMHE-SUP-20;2;361.62;723.24
CS57-AR60004;1;168.0754;168.0754
S-AU/TI/20H;1;4768.4066;4768.4066
9-201-7020;1;206.148;206.148
FPHWK-10-HD;6;31.119;186.714
FMINT33;1;734.00064024;734.00064024
URTW-LA4-4319;4;71.1514;284.6056
URTW-LA4-4318;4;63.5336;254.1344
UR-RL2-3896;1;39.811;39.811
EVE-TRB8V8S-FLG-TTE;3;23.124;69.372
6-1001-FRB;3;83.148;249.444
TS-0629-1102;3;59.0236;177.0708
TS-0401-1109;1;75.317;75.317
MMTB-WRX-01;2;44.526;89.052
TS-0203-1259;3;70.9136;212.7408
TS-0204-1134;1;117.2436;117.2436
TS-0203-1018;2;77.8836;155.7672
TS-0204-1132;1;117.2436;117.2436
TS-0552-1012;1;143.4836;143.4836
TS-0203-1059;4;80.3436;321.3744
TS-0551-1012;2;141.4336;282.8672
CTS-IT-272R;5;126.2718;631.359
30-2400;3;62.2052;186.6156
50-1200;5;73.595;367.975
MS100252;10;28.6754;286.754
MS100227;7;100.4254;702.9778
MS100222;6;114.7754;688.6524
MS100223;10;86.0754;860.754
MS100255;2;470.6554;941.3108
VWR31SK01;5;104.82798;524.1399
CTS-LS-017;8;112.7418;901.9344
CTS-LS-009;8;112.7418;901.9344
CTS-LS-008;7;112.7418;789.1926
CTS-LS-007;8;112.7418;901.9344
AC-MK8-IC;29;172.2;4993.8
VWR12G70D;1;175.05785088;175.05785088
ALP.07.09.0006-2;1;668.71;668.71
VWR682000;4;126.75896856;507.03587424
ALP.07.08.0007-1;1;54.94;54.94
MMICP-G80-21;3;270.6;811.8
11001-KT001;1;2593.88304;2593.88304
11003-AN018;1;1638.24192;1638.24192
70026-AT009;2;75.086088;150.172176
51003-AK125;11;9.507654;104.584194
70026-AT007;2;75.086088;150.172176
70026-AT008;2;160.411188;320.822376
70026-AT006;1;252.562296;252.562296
70020-AN105;1;204.77048856;204.77048856
80280-AT001;2;511.9506;1023.9012
52006-AK004;18;6.02638992;108.47501856
D760-0038;7;264.0154;1848.1078
D401-0033;9;16.6214;149.5926
D401-0035;7;17.7858;124.5006
D401-0039;2;17.1954;34.3908
D401-0041;5;18.2122;91.061
ATMSKIA4;2;101.99031096;203.98062192
ATRADYGR1;2;178.66588368;357.33176736
ATRADYGR2;2;187.60795416;375.21590832
RF100024;2;25.8054;51.6108
RF100025;6;25.8054;154.8324
RF100026;1;25.8054;25.8054
RF100027;5;25.8054;129.027
RF100028;2;25.8054;51.6108
Z1003100;3;17.6218;52.8654
FRI-0114;1;578.9129808;578.9129808
SHDC017;1;117.916;117.916
ARMASKSC15-A;3;248.46;745.38
ARMAPORS991-A;1;992.2;992.2
ARMABZC63S-A;1;899.745;899.745
CTS-TR-1070X;2;983.9918;1967.9836
DBA53912SLVS-2;3;590.2524;1770.7572
DBA52834SLVS-2;1;494.8372;494.8372
DBA53922BLKS-2;1;595.7628;595.7628
AC-14-BT;97;8.2;795.4
D760-0045;2;918.3754;1836.7508
D760-0063;3;918.3754;2755.1262
VWR90000;139;40.93654512;5690.17977168
6-03-0702;2;68.388;136.776
BH-342;1;140.420736;140.420736
IC100019;1;553.4672;553.4672
MMTC-G80-21;1;249.403;249.403
CTS-LS-010;3;112.7418;338.2254
CTS-LS-012;3;112.7418;338.2254
CTS-CRI-13920T;3;270.5918;811.7754
MS100253;1;489.5072;489.5072
ATIKKIA1;1;172.20067896;172.20067896
SBM096S;1;224.27;224.27
SBMP094;5;165.5498;827.749
JSK-278-BK;1;136.49090568;136.49090568
SAUC089;1;340.095;340.095
UR-AR19-644;1;92.8076;92.8076
UR-LA6-3066;2;74.5462;149.0924
UR-RL7-3654;2;78.7774;157.5548
UR-RL2-1414;2;33.0378;66.0756
UR-LA2-4079;1;33.5462;33.5462
UR-ML4-1413;1;66.0756;66.0756
EXHSL76;195;6.97;1359.15
AMS.31.08.0001-2;1;724.8554;724.8554
AMS.50.06.0011-1;1;40.1554;40.1554
AMS.04.08.0002-1;2;200.8754;401.7508
AMS.38.05.0001-1;2;335.7654;671.5308
UR-TW2-1412;2;52.521;105.042
FR-0529;5;682.2902988;3411.451494
016CA17146;3;266.0162;798.0486
R-BMW-014-I;1;555.919;555.919
SKK00-S3B00;1;97.5144;97.5144
SKM74-S3B00;1;95.564112;95.564112
SKM44-S3B00;1;63.38436;63.38436
VSGB6-B1DS3;1;245.736288;245.736288
ATMSP&C2;4;153.55592568;614.22370272
ATINTP308;2;241.35789144;482.71578288
ATMSP3081;2;30.68778168;61.37556336
SFD078ST;1;316.5528;316.5528
ILZKR8C8G;24;6.0434;145.0416
MMINT-G80-21BK;3;1666.445;4999.335
MMHP-HSS-136SL;1;7.5112;7.5112
VSP24-B1DS2;1;225.258264;225.258264
EVE-C8VT-CF-INT;1;1121.76;1121.76
EVE-C8VT-CF-ENG;1;270.6;270.6
EVE-X56M-CF-INT;1;1217.7;1217.7
SKG08-S3B00;1;73.1358;73.1358
SKG68-S3B00;1;78.01152;78.01152
SKGL0-AUB00;1;73.1358;73.1358
SKGD2-AVB00;2;73.1358;146.2716
SKGB2-S3B00;1;58.50864;58.50864
PD-1387908;1;414.80789616;414.80789616
SKGC0-AUB00;1;87.76296;87.76296
SKH26-S3B00;1;88.738104;88.738104
SKA92-S3B00;2;82.88724;165.77448
SKHK8-S3B00;1;78.01152;78.01152
SKHA2-S1B00;1;68.26008;68.26008
SKA58-S3B00;1;63.38436;63.38436
SKM80-AUB00;1;78.01152;78.01152
SKM58-S3B00;1;63.38436;63.38436
SKV70-S3B00;1;90.20082;90.20082
SKR84-S3B00;1;68.26008;68.26008
SKE18-S3B00;1;78.01152;78.01152
SKN20-AVB00;1;63.38436;63.38436
SKP06-S3B00;1;87.76296;87.76296
SKP26-S3B00;1;73.1358;73.1358
SKK04-S3B00;1;92.63868;92.63868
SKTN0-S1B00;2;78.01152;156.02304
SKL22-S3B00;1;58.50864;58.50864
SKTJ4-S1B00;1;87.76296;87.76296
S-BM/T/34H;2;2613.75;5227.5
TP-CT/68;1;965.9108;965.9108
D760-0035;1;1090.5754;1090.5754
E10-20-052-03-22;5;132.512;662.56
E10-70-018-01-22;2;93.808;187.616
82494;9;120.9746;1088.7714
82544;4;143.4754;573.9016
EVE-S85-CF-PLM;2;1335.78;2671.56
PFR7S8EG;20;5.166;103.32
VWR143000;3;488.72266992;1466.16800976
VWR141001;11;291.9581136;3211.5392496
SAU112B;2;25.83;51.66
ATMSMINI7;4;140.39148168;561.56592672
ATMSMINI6;3;227.5986096;682.7958288
HF-N-00;3;719.55;2158.65
SAUP088;1;278.8;278.8
HK-N-20;4;639.6;2558.4
HB-N-20;3;639.6;1918.8
HK-V-01;3;106.6;319.8
L3P3BF97;2;185.0084;370.0168
LTR7IX-11;37;5.6416;208.7392
U5400;56;26.0514;1458.8784
UR-TW2-4172;2;58.4496;116.8992
UR-RT2-3515;2;40.6556;81.3112
HK-N-CTR;1;772.85;772.85
URUS-TW2-2384;1;66.0756;66.0756
URUS-TW2-2409;1;47.1008;47.1008
URUS-RE2-2410;1;39.811;39.811
UR-RL2-4267;2;39.811;79.622
UR-RO2-4263A;2;58.4496;116.8992
VWR630003;5;76.66582128;383.3291064
PF9015WB;2;230.297;460.594
EVO9104;2;152.11;304.22
SES1500TT;1;585.521;585.521
SES9102;1;561.1588;561.1588
SP1122WB;3;212.544;637.632
RF100023;3;86.0754;258.2262
RF100021;3;34.4154;103.2462
RF100031;2;51.6354;103.2708
T4100003;4;1008.8952;4035.5808
D590-0005;2;390.2954;780.5908
DBA42699S-2;3;161.3514;484.0542
DBA2472S-2;4;120.7532;483.0128
FMSS6;2;56.88014952;113.76029904
FMDV38;1;97.24135968;97.24135968
FMTUBL14;4;77.63121384;310.52485536
PRK-286-BK;2;122.83888968;245.67777936
PRK-300-BK;2;156.43260048;312.86520096
JSK-311-BK;1;135.8375592;135.8375592
CTS-HW-540;4;147.5918;590.3672
JSK-309-BK;2;135.8375592;271.6751184
JSK-314-BK;1;129.0115512;129.0115512
JSK-332-BK;3;115.3595352;346.0786056
MS100144;5;606.3572;3031.786
MS100224;3;28.6754;86.0262
MS100225;3;28.6754;86.0262
MS100128;2;491.9672;983.9344
CI100052;1;172.1754;172.1754
CBK0001;2;746.1672;1492.3344
CBK0046;2;688.7754;1377.5508
D660-0009A;1;1147.9754;1147.9754
D660-0027;1;1147.9754;1147.9754
D660-0079-BLK;2;1492.3754;2984.7508
KLC203;3;53.07708792;159.23126376
TP-MINR56/57-CA;1;357.6348;357.6348
TP-CS/1;3;449.319;1347.957
CBK0051;1;2008.9754;2008.9754
CBK0058;1;1721.9754;1721.9754
CBK0047;2;631.3754;1262.7508
SUS00017;2;143.4754;286.9508
SUS00016;3;143.4754;430.4262
CI100059;1;1434.9754;1434.9754
615160;2;213.1754;426.3508
615187;2;238.7594;477.5188
817754;1;857.843;857.843
URUS-TW2-2379;1;63.5336;63.5336
URUS-RE2-2380;1;39.811;39.811
UR-TW2-3021;1;55.9076;55.9076
UE-TW2-1212;2;47.0926;94.1852
UR-ML2-2091;1;38.1218;38.1218
ASKC;2542;0.2952;750.3984
ATMSBMW13;2;120.64481568;241.28963136
14079-6;3;405.2112;1215.6336
HMP-749;1;49.732344;49.732344
HMP-951;2;87.76296;175.52592
L3P3CV6X;1;185.0084;185.0084
U3P3CCM5;2;185.0084;370.0168
U3P3CCM6;2;189.7644;379.5288
L3P3CV7X;2;185.0084;370.0168
L3P3DCG7;2;185.0084;370.0168
L3P3DCL3;2;185.0084;370.0168
VWR610360BNZ;4;193.09801488;772.39205952
VWR436001;4;53.03808216;212.15232864
VWR436000;5;53.03808216;265.1904108
VWR190007;1;11.701728;11.701728
70999-AT003;2;122.868144;245.736288
50003-MR45HLZ;36;12.6281148;454.6121328
70020-AF105;1;163.824192;163.824192
52004-AK003;15;19.015308;285.22962
ATMSMINI5;3;77.3776764;232.1330292
ATMSVAG10;2;92.12185368;184.24370736
E10-85-043-06-22;2;108.896;217.792
52004-AK009;10;19.015308;190.15308
51007-AK473;2;70.210368;140.420736
70027-AT001;2;20.478024;40.956048
70027-AH001;7;20.478024;143.346168
E-BM/T/9;1;1515.8192;1515.8192
70020-AF103;2;139.933164;279.866328
13001-AN012;1;484.646568;484.646568
14011-AF001;2;91.41975;182.8395
33004-KN002;1;423.212496;423.212496
VWR31ID00;1;122.45858352;122.45858352
VWR31T120;1;104.82798;104.82798
VWR31TR01;1;104.82798;104.82798
VWR670011;6;110.03524896;660.21149376
XF18950-4005CDG;4;169.162884;676.651536
PSH55;5;64.931208;324.65604
EX-STBNA6CE-F;15;59.1215736;886.823604
EX-STBZ33-F;15;59.2924452;889.386678
EX-STBBL3FW-F;15;59.2924452;889.386678
CLPT3;3;150.367008;451.101024
20VW36507X;1;1027.747;1027.747
60MA07;1;244.4584;244.4584
60MN01;2;219.7354;439.4708
ATINTVAG48;2;560.58103128;1121.16206256
15004-AT010;2;431.50122;863.00244
PARTS013-C;8;5.10906084;40.87248672
PST79;3;68.34864;205.04592
NST80;1;68.34864;68.34864
PST81;3;68.34864;205.04592
ARMAHDAFL5-A;3;360.8;1082.4
SKG76-S3B00;1;73.1358;73.1358
SKMD0-S3B00;1;68.26008;68.26008
SKSB0-S3B00;1;78.01152;78.01152
SKQ54-S3B00;1;73.1358;73.1358
SKAEA-S3B00;1;107.26584;107.26584
ATMSREN11;4;157.93432224;631.73728896
ATMSMINI10;3;157.94407368;473.83222104
ATMSREN10;5;87.73370568;438.6685284
ATMSFO147;3;87.73370568;263.20111704
GSTJ4-91AS3;1;566.558664;566.558664
GSG68-91AS2;1;382.256448;382.256448
GSHA2-91AS2;1;382.256448;382.256448
GSS12-91SS2;1;438.8148;438.8148
GSM98-91AS3;2;436.864512;873.729024
GSM80-91AS3;1;436.864512;436.864512
GSTD8-91SS2;2;382.256448;764.512896
VSGP4-B1DS2;1;257.438016;257.438016
ATIKFO14;3;311.49024792;934.47074376
GSS68-91SS2;1;409.56048;409.56048
GSJ14-91AS2;1;382.256448;382.256448
GSGB0-91AA2;4;382.256448;1529.025792
82668;2;325.9172;651.8344
D660-0101;3;430.4754;1291.4262
GSJ78-91AS2;4;382.256448;1529.025792
12001-KZ001;1;3666.54144;3666.54144
GSN66-D1SS1;1;662.122776;662.122776
VSK00-K1LS3;1;1296.94152;1296.94152
VSHA2-C1AA1;2;559.732656;1119.465312
VSA22-CUSA1;2;621.166728;1242.333456
VSGB0-C1AA3;2;511.9506;1023.9012
MMRAD-MUS-64;1;154.119;154.119
SFDM068;1;158.5224;158.5224
SFDP068;1;72.6766;72.6766
SBMP097;2;199.752;399.504
SFDX068;1;179.498;179.498
SFDC068;2;41.4592;82.9184
SFD068;1;205;205
R28-10-2;7;41;287
S-PO/TI/23;1;2450.775;2450.775
P-CP034;1;907.125;907.125
MMAI-G80-21H;2;291.346;582.692
CTS-TR-0055;3;1705.5918;5116.7754
21004-AN001;1;1979.54232;1979.54232
24996-AK001;3;13.9933164;41.9799492
24996-AK051;2;40.956048;81.912096
24003-LB004;3;48.4646568;145.3939704
70020-AF108;1;184.302216;184.302216
31008-BN001;1;290.10534;290.10534
50003-M45REL;6;16.7237196;100.3423176
50003-M55RET;6;16.7237196;100.3423176
71008-AT021;2;511.9506;1023.9012
MS100185;3;307.4672;922.4016
MMTC-F150-15SL;1;142.065;142.065
VWR190008;5;26.36789376;131.8394688
SMNSP022;1;89.298;89.298
AC-MK7-HPFP;12;202.5154;2430.1848
06J103600AF;10;6.56;65.6
UR-PB4-2847P;3;55.9076;167.7228
UR-RE2-3326;2;47.1008;94.2016
URTH-TW2-3520;1;55.9076;55.9076
URTW-RL2-3445;2;33.5462;67.0924
URKR-TW2-2685;1;58.4496;58.4496
UR-TW2-857;3;55.9076;167.7228
UR-TW2-682;1;47.1008;47.1008
UR-RL2-849;1;36.9328;36.9328
URKR-TW2-2649;1;63.5336;63.5336
UR-LA4-847;1;55.9076;55.9076
UR-TW2-898;3;52.521;157.563
UR-TW2-2590;1;52.521;52.521
UR-ML4-848;1;52.521;52.521
URTW-RL5-4003;2;74.5462;149.0924
DILKAR8R9HS;92;9.7498;896.9816
UR-TW2-305;1;58.4496;58.4496
UR-AF27-264;1;156.0706;156.0706
VWR630100;5;10.5315552;52.657776
UR-ML4-1371;2;58.4496;116.8992
13001-AN015;1;1979.54232;1979.54232
13008-AN002;1;1331.07156;1331.07156
50003-MR45XLZ;46;12.6281148;580.8932808
URKR-TW2-2675;1;58.4496;58.4496
22002-AT006;1;972.70614;972.70614
33005-AF018;1;786.20985;786.20985
11999-AT001;1;197.46666;197.46666
33004-BT003;2;197.954232;395.908464
14007-AN003;1;292.5432;292.5432
32016-AF101;1;767.9259;767.9259
80310-AT005;2;1160.42136;2320.84272
27002-AN003;1;1225.02465;1225.02465
HMP-947;2;38.030616;76.061232
HMP-572;2;38.030616;76.061232
FSBS36030M92R/93L;2;555.7883576;1111.5767152
SD-3311901S;5;107.76871812;538.8435906
SD-2111119;4;107.76871812;431.07487248
SD-2118455S;3;115.2244156;345.6732468
SD-2357962S;3;92.17953248;276.53859744
SD-2194988;5;153.85848436;769.2924218
SD-2114823S;3;115.2244156;345.6732468
Z-335112;3;67.779068;203.337204
Z-331238;3;74.5569748;223.6709244
Z-365085;2;67.779068;135.558136
Z-361055;1;74.5569748;74.5569748
ES-9910849;4;49.3818924;197.5275696
VWR680000;2;319.4571744;638.9143488
VWR670003;2;166.1157804;332.2315608
ARMAFER458-A;1;2232.45;2232.45
ARMABZGT53-A;1;942.59;942.59
ARMABZ0643-A;1;401.39;401.39
ARMACAYEE3-A;1;605.242;605.242
Z-2155839;3;84.38493966;253.15481898
FRI-ORS-0128;4;923.5040408;3694.0161632
SVWX060;2;299.259;598.518
FMTUBL17;3;83.1797832;249.5393496
FMINDK44-FOAM;2;158.45114856;316.90229712
FMDV1-BK;1;138.33392784;138.33392784
FMINLD2-D;2;79.23045;158.4609
FMINLD2-P;2;79.23045;158.4609
EVE-FL5-CF-INT;5;713.4;3567
EVE-FL5-CF-CHG;4;327.18;1308.72
EVE-N20-CF-INT;1;664.2;664.2
EVE-Z06VT-CF-INT;1;1161.12;1161.12
238SMFPSWL270;5;40.631;203.155
URTW-TW4-4008;2;67.4286;134.8572
URTW-ML4-4011;2;55.9076;111.8152
URTW-LA4-4010;2;58.4496;116.8992
URTW-LA2-4009;2;39.811;79.622
UR-AR18-642;2;84.3698;168.7396
UR-LA4-3512;3;55.9076;167.7228
20BM36503;1;1027.747;1027.747
20BM36507;1;1027.747;1027.747
60AV06;1;205.0902;205.0902
60FO19;1;228.165;228.165
60FO06;1;228.165;228.165
60MA03;1;228.165;228.165
60RE08;1;260.8256;260.8256
60PE10;1;228.165;228.165
35PE134;2;57.605;115.21
35SU35;1;54.2594;54.2594
ATMSREN3;2;228.15444168;456.30888336
FR-0137;1;1130.2586768;1130.2586768
FR-0028;2;241.213742;482.427484
FRI-0217;2;923.5040408;1847.0080816
FRI-0192;1;1199.1768888;1199.1768888
69-9001JP;2;158.5118876;317.0237752
DBA3724S-2;1;165.8204;165.8204
DBA3715S-2;1;100.6796;100.6796
AC-500-DP;5;49.2;246
AC-N54-CC;49;24.6;1205.4
AC-N55-INLET;20;45.1;902
CRND5RCK;1;310.2458684;310.2458684
ZC33SFK;1;96.82724;96.82724
CLPS-SET1;3;170.8716;512.6148
EUPD4004104R;1;420.8404;420.8404
ATMSHYU11;2;216.45271368;432.90542736
ATMSHYU14;3;194.02440168;582.07320504
005EP171484;2;216.0864;432.1728
032CK21144;2;216.0864;432.1728
MS100199-A;10;51.6436;516.436
CBK0041;1;1147.9754;1147.9754
50-1000;10;54.858;548.58
30-0306;1;109.7324;109.7324
BHR100Z;3;122.04902304;366.14706912
BHF100Z;2;103.52128704;207.04257408
028CC14133;2;216.0864;432.1728
015BS16138;1;216.0864;216.0864
KTA109;2;160.7037312;321.4074624
KDT970M;3;10.74608688;32.23826064
KLC231;2;80.24459976;160.48919952
SBMC090;1;229.19;229.19
FMSS9;2;88.3968036;176.7936072
AC-F56-IC;10;136.12;1361.2
ATMSREN12;2;222.30357768;444.60715536
ATMSP&C4;2;163.79493768;327.58987536
SBMP075;2;92.25;184.5
E10-80-015-02-22;1;89.216;89.216
VWR141000;5;409.55072856;2047.7536428
AC-Z33-QS;10;22.14;221.4
AC-S58-RAD;4;163.18;652.72
AC-M2F-MP;4;278.8;1115.2
AC-N55-IC;7;202.54;1417.78
AC-S63-IC;8;262.4;2099.2
SILZKGR8C8S;113;10.4878;1185.1214
UR-SD6-258;1;72.8488;72.8488
UR-RT2-261;1;38.1136;38.1136
UR-LA2-312A;1;42.3612;42.3612
UR-TW2-274A;1;61.8444;61.8444
UR-FD3-041;1;72.8488;72.8488
UR-LA4-259;1;58.4496;58.4496
UR-AF25-085;1;107.7152;107.7152
UR-AR19-010;1;95.0462;95.0462
GSH48-91SS2;1;354.952416;354.952416
VSHK8-K1NS4;2;1365.2016;2730.4032
VSAPQ-C1AS2;1;600.688704;600.688704
GSGB6-9VAS3;1;436.864512;436.864512
GSV70-91SS2;1;382.256448;382.256448
GSGH2-91AS3;1;409.56048;409.56048
70017-AS107;4;16.0411188;64.1644752
24996-AK052;2;48.4646568;96.9293136
71008-AS013;1;139.933164;139.933164
70020-AS105;2;235.497276;470.994552
31029-AT004;2;1092.16128;2184.32256
70026-AT011;2;252.562296;505.124592
31021-AS003;1;546.08064;546.08064
13002-AN003;1;491.472576;491.472576
80310-AH003;1;1245.74646;1245.74646
33002-BT001;2;457.342536;914.685072
31019-AS109;1;600.688704;600.688704
31008-KN001;1;1399.33164;1399.33164
31008-BM001;1;409.56048;409.56048
15004-AS002;1;438.8148;438.8148
13002-AH001;1;146.759172;146.759172
26010-AT001;1;804.4938;804.4938
26011-AM002;1;1151.88885;1151.88885
AC-MK7-525LPFP;50;0;0
R-MER-001-I;1;286.754;286.754
WSK-HYU002;2;138.95802;277.91604
27PBDR33001;1;224.5488;224.5488
23PVM001;2;49.1672;98.3344
VWR1160RS;2;95.55436056;191.10872112
06248954505MM;4;314.68853;1258.75412
ATMSVAG15;2;204.1951536;408.3903072
ATMSMINI15;4;98.8796016;395.5184064
MMSTART-SR20;1;89.6506;89.6506
MMICP-N54-07;3;93.357;280.071
CTS-IT-167;3;162.3518;487.0554
CTS-TR-0058;1;1918.7918;1918.7918
CTS-EXH-DP-0045-CAT;2;491.9918;983.9836
CTS-EXH-TP-0019;4;186.9518;747.8072
CTS-BV-0021;3;112.7418;338.2254
CTS-DV-027;4;34.4318;137.7272
DBA3659S-2;2;114.3244;228.6488
57849854595SB;4;172.2385728;688.9542912
ATMSVAG18;1;231.66496008;231.66496008
EVE-EMV6-CF-INT;1;632.22;632.22
UR-RE4-2986;1;67.4286;67.4286
UR-RL4-2742;1;67.4286;67.4286
UR-LA4-787;1;55.9076;55.9076
UR-LA4-1171;2;55.9076;111.8152
UR-RLS6-1272P;1;71.1514;71.1514
UR-FD3-2480;2;72.8488;145.6976
UR-RL4-3925;1;58.4496;58.4496
UR-LA4-2144;1;55.9076;55.9076
UR-ML4-2145;1;55.9076;55.9076
UR-ML4-1172;2;58.4496;116.8992
UR-RL2-2977;1;32.1932;32.1932
UR-AR22-511;1;96.5386;96.5386
UR-AF21-466;1;96.5386;96.5386
AU-RS3-8VF-S-SD1G;1;94.8986;94.8986
AC-211-TP;10;24.6;246
ATINTFO50;1;468.19588872;468.19588872
AC-FIST8-IC;5;136.12;680.6
52006-AK003;18;7.92792072;142.70257296
15004-AT013;1;628.96788;628.96788
70026-AT012;2;648.47076;1296.94152
11004-AS001;1;1005.61725;1005.61725
53004-AT025;1;838.62384;838.62384
9-307-1069;2;85.239;170.478
6-45-M51;2;19.188;38.376
6-45-M52;2;19.188;38.376
6-45-M54;2;19.188;38.376
RPF-1188;2;19.3078512;38.6157024
RPF-1391;2;19.3078512;38.6157024
SBM098B;2;34.85;69.7
SBMP098;1;314.265;314.265
SBMXP098;2;122.59;245.18
EVE-A90B48-INT;1;655.836;655.836
P-HF876;1;457.8962;457.8962
SAUC044;1;246;246
ATMSHYU18;2;116.98802568;233.97605136
06L115466C;195;1.148;223.86
BL02010405;2;286.426;572.852
BL02011105;1;2008.9918;2008.9918
BL02011101;1;1352.385;1352.385
BL02011104;1;344.3918;344.3918
BL02010402;1;516.5918;516.5918
BL02011106;1;344.3672;344.3672
BL020108910;1;2582.9918;2582.9918
BL04030801;1;430.4918;430.4918
BL04021111RED;1;861;861
BL02010008;2;573.9918;1147.9836
BL02010401;1;803.5918;803.5918
MMIG-30Z-09;3;104.632;313.896
MMIG-FOST-1204;1;74.866;74.866
MMIG-STI-1104;3;74.866;224.598
M-FI/SS/1H/1;3;589.5226;1768.5678
CTS-TR-1015-38;3;811.7918;2435.3754
ATINTHON04;2;355.80079128;711.60158256
ATMSHON04;2;291.9581136;583.9162272
FM9003i;2;405.8672;811.7344
BRG61GSF;1;1199.42712;1199.42712
SILFR6A;16;7.38;118.08
7-308;4;61.09;244.36
71008-AK001;1;102.39012;102.39012
80310-AM001;1;1160.42136;1160.42136
24999-AH001;1;85.3251;85.3251
24999-AH002;1;88.738104;88.738104
13001-AM006;1;1092.16128;1092.16128
70018-AT006;2;133.107156;266.214312
70019-AZ101;4;81.912096;327.648384
70019-AZ104;8;81.912096;655.296768
PP2045;1;13.5464;13.5464
PP1951;4;13.5464;54.1856
PP87;2;13.5464;27.0928
PP1950;3;13.5464;40.6392
PP1949;2;13.5464;27.0928
PP1931;4;13.5464;54.1856
PP72;2;13.5464;27.0928
PP2088;4;13.5464;54.1856
PP2069;4;13.5464;54.1856
PP2062;5;36.4408;182.204
PP2051;4;50.9548;203.8192
PP2048;1;33.538;33.538
PP2041;3;42.5744;127.7232
PP2028;3;13.5464;40.6392
PP2026;2;13.5464;27.0928
PP2020;4;13.5464;54.1856
PP2018;3;33.538;100.614
PP2016;3;36.408;109.224
PP2008;3;13.5464;40.6392
PP2006;3;36.4408;109.3224
PP2005;3;13.5464;40.6392
PP1927;4;13.5464;54.1856
PP2000;3;13.5464;40.6392
PP1998;4;13.5464;54.1856
PP1923;2;36.4408;72.8816
PP1995;4;13.5464;54.1856
PP1994;2;42.5744;85.1488
PP1924;5;13.5464;67.732
VWR180006;1;5.850864;5.850864
57587854092H8;4;166.0871952;664.3487808
PP1981;4;13.5464;54.1856
PP1979;6;13.5464;81.2784
PP1962;4;36.4408;145.7632
PP1956;3;36.4408;109.3224
57849954536SB;4;178.3899504;713.5598016
58347903896AG;4;135.3303072;541.3212288
PP1952;1;13.5464;13.5464
PP1922;5;13.5464;67.732
58349953595AG;4;178.3899504;713.5598016
PP1895;5;13.5464;67.732
PP1884;4;13.5464;54.1856
PP1881;3;13.5464;40.6392
PP1836;5;13.5464;67.732
PP1825;2;26.445;52.89
PP1773;3;13.5464;40.6392
PP1760;5;13.5464;67.732
PP1735;3;18.0564;54.1692
PP1728;3;26.445;79.335
PP1743;3;13.5464;40.6392
PP1723;3;13.5464;40.6392
PP1683;8;13.5464;108.3712
PP1667;3;26.445;79.335
PP1652;3;26.445;79.335
PP1630;4;13.5464;54.1856
ATMSHON5;3;93.58456968;280.75370904
PP1624;9;13.5464;121.9176
ATINTVAG50;1;279.01795272;279.01795272
PP1619;3;13.5464;40.6392
PP1605;4;13.5464;54.1856
PP1599;3;13.5464;40.6392
PP1577;2;13.5464;27.0928
PP1495;2;13.5464;27.0928
PP1443;1;13.5464;13.5464
SMNP018;3;88.15;264.45
PP1389;6;13.5464;81.2784
PP1268;3;13.5464;40.6392
PP1319;3;13.5464;40.6392
PP1290;3;13.5464;40.6392
PP1221;3;13.5464;40.6392
PP1219;2;13.5464;27.0928
PP1195;2;13.5464;27.0928
PP1128;5;13.5464;67.732
PP1895PLUS;1;26.8714;26.8714
PP2062PLUS;3;59.1302;177.3906
PX1746;2;18.7042;37.4084
PK438;3;144.6562;433.9686
PX1806;1;26.445;26.445
PX1819;4;21.9268;87.7072
PX1875;3;13.5382;40.6146
PX1828;2;21.9268;43.8536
PK108;3;42.8204;128.4612
PX1921;2;13.5464;27.0928
PK107;3;42.8204;128.4612
PK159;3;38.5318;115.5954
PX1974;7;76.1124;532.7868
PX1999;3;18.04;54.12
PX2011;4;29.1182;116.4728
ATMSFO149;2;216.66724536;433.33449072
51003-AK126;3;20.11722072;60.35166216
33006-KH001;3;382.256448;1146.769344
15004-AT014;1;1078.75305;1078.75305
13002-AM003;1;354.952416;354.952416
22001-AN002;1;98.977116;98.977116
22001-AM001;1;88.738104;88.738104
VWR502000;3;70.20061656;210.60184968
VWR140012;4;160.88900856;643.55603424
SFDC088;1;142.5488;142.5488
FMDP1;3;136.19836248;408.59508744
R25-10-2;3;41;123
ATMSREN9;4;87.73370568;350.93482272
ATMSYGR24;2;70.18111368;140.36222736
ATMSBMW15;2;216.45271368;432.90542736
1CCFD08F01;2;148.83;297.66
EVE-GXXB58-CF-INT;1;655.836;655.836
EVE-GR86-CF-INT;3;639.6;1918.8
26010-AM001;1;804.4938;804.4938
R14-10-2;2;51.66;103.32
R06-10-2;1;42.23;42.23
ATIKBMW7;1;411.3644964;411.3644964
ATMSBMW20;2;216.66724536;433.33449072
ATMSBMW24;1;81.88284168;81.88284168
EVE-X56M-CHG;3;309.96;929.88
EVE-X56M-LCI-CHG;2;309.96;619.92
SFD091B;1;32.39;32.39
SAU044B;1;34.85;34.85
SVAG006B;2;34.85;69.7
EVE-GR86-CF-ENG;2;162.36;324.72
ATMSBMW22;2;131.61518568;263.23037136
ATMSBMW23;2;204.75098568;409.50197136
ATMSBMW27;2;70.18111368;140.36222736
EVE-X5M50-CF-INT;1;1217.7;1217.7
26010-AT002;1;804.4938;804.4938
80310-AT001;1;1126.29132;1126.29132
80300-AT025;1;1058.03124;1058.03124
PK398;2;150.9374;301.8748
HA1GSF;1;658.2222;658.2222
E54GSN;1;694.7901;694.7901
ATMSSUZ4;3;99.43543368;298.30630104
ATINTSUZ1;2;250.82653968;501.65307936
ATMSSUZ1;2;222.30357768;444.60715536
ATMSSUZ3;3;157.94407368;473.83222104
ATIKSUZ1;1;202.9274664;202.9274664
PH/INDSUZ1;3;39.7858752;119.3576256
ATMSSUZ2;3;114.091848;342.275544
R-AUD-010-I;3;295.692;887.076
9-421-7270;4;202.499;809.996
201-4701;3;227.0006;681.0018
204-4708;2;186.55;373.1
201-4303;1;153.0612;153.0612
151-4301;1;122.59;122.59
201-4304;3;140.8514;422.5542
201-5401;3;155.6606;466.9818
151-5407;1;106.9936;106.9936
201-5002;1;105.8784;105.8784
202-5402;1;84.05;84.05
202-5802;1;193.0772;193.0772
204-5408;1;92.5534;92.5534
201-5402;3;144.5578;433.6734
M215800+1204GS0;2;228.967944;457.935888
204-5403;1;106.8214;106.8214
204-5801;1;160.2116;160.2116
208-5402;1;70.2166;70.2166
218-5402;1;86.182;86.182
202-5801;1;144.9022;144.9022
218-5401;1;78.5314;78.5314
216-5401;1;95.5218;95.5218
216-4301;1;141.45;141.45
204-4705;1;184.582;184.582
204-4105;1;296.1922;296.1922
260-4701;3;159.0554;477.1662
204-3901;3;102.6804;308.0412
202-4302;3;84.6896;254.0688
208-4701;3;114.7344;344.2032
218-4702;1;122.8524;122.8524
218-4701;1;104.837;104.837
208-4601;1;114.062;114.062
201-4307;1;232.6258;232.6258
M215750+0604GS0;2;225.1518116;450.3036232
ECA1578WR;2;127.9528;255.9056
SP6062BLK;3;138.2848;414.8544
SP6080P;2;189.3298;378.6596
SP6080WB;2;189.3298;378.6596
SP1899P;4;266.8526;1067.4104
SP1899BLK;4;266.8526;1067.4104
SP1995BLK;3;299.5214;898.5642
SP1995P;1;299.5214;299.5214
SP1987BLK;3;282.8344;848.5032
ESR374WB;3;116.604;349.812
ESR374WR;5;116.604;583.02
SP3078P;2;123.4838;246.9676
SP3078BLK;13;123.4838;1605.2894
SP1202BLK;3;149.1908;447.5724
SP1202WR;1;149.1908;149.1908
SP1204BLK;2;131.5198;263.0396
SP1204WR;2;131.5198;263.0396
SP1230WB;6;159.2358;955.4148
SP1230WR;2;159.2358;318.4716
ESR920BK;4;78.7364;314.9456
SP1986BLK;6;162.0484;972.2904
SP1986P;3;162.0484;486.1452
SP1206BLK;5;147.641;738.205
SP1206WR;4;147.641;590.564
FMMK5CTC;9;278.27684328;2504.49158952
FMMK5CT;5;215.68234992;1078.4117496
MMAI-WRX-01BP;2;117.998;235.996
MMAI-WRX-01P;2;81.426;162.852
FMKT010-RD;1;131.73220296;131.73220296
FMKT010-BL;1;131.73220296;131.73220296
FMKT010-BK;5;131.73220296;658.6610148
MMHOSE-S2K-00BK;2;47.81051;95.62102
MMHOSE-S2K-00BL;2;47.81051;95.62102
MMHOSE-S2K-00RD;2;47.81051;95.62102
MMHOSE-SUB-IHBK;2;123.37556;246.75112
MMHOSE-SUB-IHRD;2;123.37556;246.75112
MMHOSE-SUB-IHBL;1;123.37556;123.37556
FMFK054-BK;1;90.8834208;90.8834208
FMFK054-BL;3;90.8834208;272.6502624
RN07;2;287.7649944;575.5299888
MMOCC-LAWBK;3;54.6448;163.9344
MMOCC-LAWRD;3;54.6448;163.9344
MMOCC-LA;3;54.6448;163.9344
MMAI-STI-08WBK;2;150.6668;301.3336
MMAI-STI-08WRD;4;150.6668;602.6672
MMAI-STI-15WBK;2;123.82;247.64
MMAI-STI-15WRD;1;123.82;123.82
MMRT-WRX-01E;3;70.8152;212.4456
MMRT-WRX-01EBK;4;70.8152;283.2608
MMAI-MUS4-15P;3;139.4328;418.2984
MMOCC-SA;2;54.6448;109.2896
MMOCC-SAWRD;2;54.6448;109.2896
MMOCC-SAWBK;3;54.6448;163.9344
MMRT-PSA;1;34.9402;34.9402
MMRT-PSAWRD;2;34.9402;69.8804
MMRT-PSAWBK;2;34.9402;69.8804
MMRT-CA;2;35.7028;71.4056
MMRT-CAWRD;2;35.7028;71.4056
MMRT-CAWBK;2;35.7028;71.4056
MMOC-STI-08T;4;211.314;845.256
FMIND5R32-RD;2;192.62994576;385.25989152
FMIND5R32-BL;4;192.62994576;770.51978304
FMINDBOC-BK;1;128.50447632;128.50447632
FMINDBOC-BL;1;128.50447632;128.50447632
FMIND15-BK;2;213.25424136;426.50848272
FMIND15-BL;2;213.25424136;426.50848272
FMINDK4-RD;1;160.98652296;160.98652296
FMIND5R32-BK;3;192.62994576;577.88983728
FMIND15-RD;2;213.25424136;426.50848272
MMOC-MUS4-15T;1;262.5722;262.5722
MMOC-370Z-09T;5;242.9742;1214.871
MMRS-STI-08-BL;1;11.275;11.275
MMHOSE-WRX-AM8BK;1;31.6274;31.6274
MMHOSE-WRX-AM8RD;2;31.6274;63.2548
MMHOSE-WRX-AM8BL;1;31.6274;31.6274
MMHOSE-SUB-ANCBK;2;106.3048;212.6096
MMHOSE-SUB-ANCRD;4;106.3048;425.2192
MMHOSE-SUB-ANCBL;2;106.3048;212.6096
MMBCC-MIA-16PBE-BK;3;91.66124;274.98372
MMBCC-MIA-16PBE-BL;1;91.66124;91.66124
MMINT-MUS4-15KWSL;1;399.545;399.545
MMINT-MUS4-15KWBK;1;399.545;399.545
MMHOSE-TT-99BL;1;29.0444;29.0444
MMHOSE-TT-99RD;2;29.0444;58.0888
MMHOSE-TT-99BK;1;29.0444;29.0444
MMHOSE-AUD-TBBL;2;18.8928;37.7856
MMHOSE-AUD-TBRD;2;18.8928;37.7856
MMHOSE-S4-97TBL;3;167.0094;501.0282
MMHOSE-S4-97TBK;1;167.0094;167.0094
MMHOSE-E36-92BL;1;42.6892;42.6892
MMHOSE-E36-92RD;2;42.6892;85.3784
MMHOSE-E36-92BK;3;42.6892;128.0676
MMHOSE-E46-99BL;2;30.6024;61.2048
MMHOSE-E46-99RD;2;30.6024;61.2048
MMHOSE-E46-01IRD;1;38.089;38.089
MMHOSE-FIST-14IHBL;2;38.8434;77.6868
MMHOSE-FIST-14IHRD;1;38.8434;38.8434
MMHOSE-FIST-14IHBK;2;38.8434;77.6868
MMHOSE-MUS4-15BL;2;55.596;111.192
MMHOSE-MUS4-15RD;1;55.596;55.596
MMHOSE-MUS4-15BK;2;55.596;111.192
MMHOSE-CIV-92B16RD;2;44.3948;88.7896
MMHOSE-CIV-92B16BK;2;44.3948;88.7896
MMHOSE-CIV-02SIRD;2;28.1916;56.3832
MMHOSE-CIV-02SIBK;2;28.1916;56.3832
MMHOSE-CIV-06RD;1;36.7114;36.7114
MMHOSE-CIV-06BK;1;36.7114;36.7114
MMHOSE-HON-K20RD;2;34.57817;69.15634
MMHOSE-HON-K20BK;2;34.57817;69.15634
MMHOSE-INT-97RD;1;13.776;13.776
MMHOSE-MS3-07BL;2;96.9158;193.8316
MMHOSE-MS3-07BK;2;96.9158;193.8316
MMHOSE-MS3-10BL;2;71.463;142.926
MMHOSE-MS3-10RD;1;71.463;71.463
MMHOSE-MS3-10BK;3;71.463;214.389
MMHOSE-MIA-90BL;2;41.4264;82.8528
MMHOSE-MIA-90RD;2;41.4264;82.8528
MMHOSE-MIA-90BK;2;41.4264;82.8528
MMHOSE-MIA-94BL;2;38.6958;77.3916
MMHOSE-MIA-94RD;3;38.6958;116.0874
MMHOSE-MIA-94BK;3;38.6958;116.0874
MMHOSE-MIA-99BL;2;34.3088;68.6176
MMHOSE-MIA-99RD;1;34.3088;34.3088
MMHOSE-MIA-99BK;1;34.3088;34.3088
MMHOSE-RX8-03BL;3;48.5604;145.6812
MMHOSE-RX8-03RD;1;48.5604;48.5604
MMHOSE-RX8-03BK;3;48.5604;145.6812
MMHOSE-TINY-07BL;1;107.994;107.994
MMHOSE-TINY-07RD;1;107.994;107.994
MMHOSE-TINY-07BK;1;107.994;107.994
MMHOSE-EVO-8BL;1;35.0058;35.0058
MMHOSE-EVO-8RD;1;35.0058;35.0058
MMHOSE-EVO-8BK;1;35.0058;35.0058
MMHOSE-EVO-XBOVBL;2;54.12;108.24
MMHOSE-EVO-XBOVRD;2;54.12;108.24
MMHOSE-EVO-XBOVBK;2;54.12;108.24
MMHOSE-EVO-9BL;1;34.2022;34.2022
MMHOSE-EVO-9RD;2;34.2022;68.4044
MMHOSE-EVO-9BK;2;34.2022;68.4044
MMHOSE-EVO-10BL;1;51.66;51.66
MMHOSE-EVO-10RD;1;51.66;51.66
TFSI4xx-BK;75;0.82;61.5
TFSI4xx-RD;95;0.82;77.9
TFSI4xx-W;89;0.82;72.98
MMHOSE-240SX-SRBL;1;29.028;29.028
MMHOSE-240SX-SRRD;2;29.028;58.056
MMHOSE-240SX-SRBK;3;29.028;87.084
FMACVAG01;2;89.62548504;179.25097008
MMHOSE-350Z-03IHBL;3;41.0164;123.0492
MMHOSE-350Z-03IHRD;2;41.0164;82.0328
MMHOSE-350Z-03BL;2;54.2184;108.4368
MMHOSE-350Z-03RD;2;54.2184;108.4368
MMHOSE-350Z-03BK;3;54.2184;162.6552
MMHOSE-Z33-HRBL;1;47.3796;47.3796
MMHOSE-Z33-HRRD;1;47.3796;47.3796
MMHOSE-Z33-HRBK;2;47.3796;94.7592
MMHOSE-370Z-09BL;1;29.2166;29.2166
MMHOSE-370Z-09RD;2;29.2166;58.4332
MMHOSE-370Z-09BK;2;29.2166;58.4332
MMHOSE-370Z-09AIBL;1;74.28421;74.28421
MMHOSE-370Z-09AIRD;1;74.28421;74.28421
MMHOSE-370Z-09AIBK;3;74.28421;222.85263
MMHOSE-SUB-INT6BL;3;53.5706;160.7118
MMHOSE-SUB-INT6RD;2;53.5706;107.1412
MMHOSE-SUB-INT6BK;2;53.5706;107.1412
MMHOSE-WRX-01BL;2;46.5268;93.0536
MMHOSE-WRX-01BK;2;46.5268;93.0536
MMHOSE-STI-08BL;2;32.4474;64.8948
MMHOSE-STI-08RD;1;32.4474;32.4474
MMHOSE-STI-08BK;1;32.4474;32.4474
MMHOSE-SUB-INTBL;1;46.1906;46.1906
MMHOSE-SUB-INTRD;3;46.1906;138.5718
MMHOSE-BRZ-13RD;2;67.9288;135.8576
MMHOSE-BRZ-13BL;2;67.9288;135.8576
MMHOSE-BRZ-13BK;2;67.9288;135.8576
MMHOSE-BRZ-13IRD;2;51.2254;102.4508
MMHOSE-BRZ-13IBL;2;51.2254;102.4508
MMHOSE-BRZ-13IBK;3;51.2254;153.6762
MMHOSE-GLF-99BL;1;104.59592;104.59592
MMHOSE-GLF-99RD;2;104.59592;209.19184
MMHOSE-GLF-99BK;2;104.59592;209.19184
MMHOSE-GLF-95BL;1;117.6864;117.6864
MMHOSE-GLF-95RD;4;117.6864;470.7456
FMFOCSTDV-BK;2;98.91860736;197.83721472
FMFOCSTDV-BL;1;98.91860736;98.91860736
FMFOCSTDV-RD;2;98.91860736;197.83721472
MMRT-MUS-15E;2;85.8048;171.6096
MMRT-MUS-15EBK;8;85.8048;686.4384
MMRT-FIST-14EBK;1;89.667;89.667
MMRT-FIST-14E;1;89.667;89.667
MMRT-STI-08;1;82.3116;82.3116
MMRT-STI-08BK;2;82.3116;164.6232
MMHOSE-E36-92IBBL;3;27.7898;83.3694
MMHOSE-E36-92IBRD;3;27.7898;83.3694
MMHOSE-E36-92IBBK;4;27.7898;111.1592
FMKTRC-BL;1;129.4991232;129.4991232
FMKTRC-BK;1;129.4991232;129.4991232
FMKTRC-RD;2;129.4991232;258.9982464
ME-MIN/SS/2H+TP-MINR56/57-CA;1;1054.3478;1054.3478
HN17;1;351.4906548;351.4906548
ESR310BLK;1;93.5128;93.5128
ESR916P;1;129.5928;129.5928
ESR916WB;1;129.5928;129.5928
ESR916WR;6;129.5928;777.5568
SP1989-P;1;294.9048;294.9048
SP1989BLK;4;294.9048;1179.6192
SP1126-P;1;209.2148;209.2148
SP1126WB;3;209.2148;627.6444
SP1898P;2;229.7066;459.4132
SP1898BLK;3;229.7066;689.1198
ECA981BLK;2;143.992;287.984
MMSK-BK;5;17.6546;88.273
MMSK-SL;2;17.6546;35.3092
MMAI-MIA-16WBK;2;219.8625;439.725
MMAI-MIA-16WRD;2;219.8625;439.725
MMAI-MIA-16P;1;219.8625;219.8625
MMAI-FOST-13P;2;171.134;342.268
MMAI-FOST-13WBK;1;171.134;171.134
MMAI-MK7-15WBK;2;141.3106;282.6212
MMAI-MK7-15P;2;141.3106;282.6212
MMAI-MK7-15WRD;5;141.3106;706.553
FMINDP14-RD;3;190.6894092;572.0682276
FMINDP14-BK;2;190.6894092;381.3788184
FMINDP14-BL;2;190.6894092;381.3788184
FMINTRCT-BK;1;418.336776;418.336776
FMINTRCT-BL;1;418.336776;418.336776
MMHOSE-SUB-ANC4BK;2;56.3504;112.7008
MMHOSE-SUB-ANC4BL;2;56.3504;112.7008
MMHOSE-SUB-ANC4RD;2;56.3504;112.7008
"TTE420 TFSI";2;1205.4;2410.8
TTE260;1;501.02;501.02
TTE500+;1;1748.24;1748.24
TTE475;4;1398.3378;5593.3512
ECA913P;2;114.8328;229.6656
SP6010BLK;5;131.6674;658.337
SP6010P;1;131.6674;131.6674
FMWS-3;4;22.5745836;90.2983344
FMWS-5;4;28.36693896;113.46775584
FMWS-8;7;27.44055216;192.08386512
FMWS-11;10;35.2026984;352.026984
FMWS-16;5;20.94609312;104.7304656
FMWS-20;4;26.31913656;105.27654624
MMRAD-WRX-01;6;133.1926;799.1556
MMRAD-WRX-01X;2;154.5454;309.0908
FMDV008-BK;7;85.4713716;598.2996012
FMDV008-S;7;85.4713716;598.2996012
FMSS114-GR;6;5.06099736;30.36598416
FMSS114-YL;3;5.06099736;15.18299208
FMSS114-BL;5;5.06099736;25.3049868
FMSS114-RD;6;5.06099736;30.36598416
FMTVTUN;3;17.64035496;52.92106488
FMIND32A3-RD;2;160.38193368;320.76386736
FMIND32A3-BK;2;160.38193368;320.76386736
FMIND32A3-BL;3;160.38193368;481.14580104
VWR12G7R600ITBLA;31;53.88645744;1670.48018064
VWR12G7R600ITBLU;10;53.88645744;538.8645744
VWR12G7R600ITRED;4;53.88645744;215.54582976
FMDVMK7A-A;6;128.962794;773.776764
FMDVMK7A-BK;12;128.962794;1547.553528
MMRAD-CIV-92;3;94.177;282.531
MMRAD-CIV-92X;3;123.2296;369.6888
FMFSITAT-P;4;137.75859288;551.03437152
FMFSITAT-BK;11;137.75859288;1515.34452168
FMFSITVR-P;7;137.23201512;960.62410584
FMFSITVR-BK;4;137.23201512;548.92806048
MMTD-SUB-BK;1;27.552;27.552
MMTD-SUB-BL;3;27.552;82.656
MMTD-SUB-RD;2;27.552;55.104
MMTD-SUB-PK;1;27.552;27.552
MMLG-15-20LBK;1;37.4822;37.4822
MMLG-15-LOCK-BL;2;37.4822;74.9644
MMLG-15-LOCK-RD;3;37.4822;112.4466
MMLG-15-LOCK-SL;4;37.4822;149.9288
MMLG-125-20LBK;1;31.16;31.16
MMLG-125-20LBL;3;31.16;93.48
MMAI-MIN-14P;1;128.494;128.494
MMAI-MIN-14WBK;3;128.494;385.482
MMAI-MIN-14WRD;2;128.494;256.988
MMOFC-HN-HOONRD;2;22.7878;45.5756
MMOFC-HN-HOONSL;1;22.7878;22.7878
MMAI-BRZ-13BBK;6;141.8846;851.3076
MMAI-BRZ-13BBL;2;141.8846;283.7692
MMOFC-MAZ-HOONRD;1;22.714;22.714
MMOFC-SUB-HOONRD;1;21.7956;21.7956
MMOFC-MITS-HOONSL;1;23.165;23.165
MMOFC-HN-RD;2;20.1064;40.2128
MMOFC-HN-BK;3;20.1064;60.3192
MMOFC-SUB-BK;2;19.721;39.442
MMOFC-SUB-RD;1;19.721;19.721
MMOFC-SUB-PK;2;19.721;39.442
MMOFC-MAZ-RD;1;18.04;18.04
MMOFC-MAZ-BK;1;18.04;18.04
TTE480;5;1290.0568;6450.284
MMICP-FIST-14HWBK;1;64.4602;64.4602
MMICP-FIST-14HP;2;64.4602;128.9204
FMACMUST23;1;55.6807224;55.6807224
FMACVAG03G;4;89.64498792;358.57995168
FMACST250;1;111.43945632;111.43945632
FMAC2SUB;2;95.53485768;191.06971536
FMAC7SUB;2;90.33734016;180.67468032
FMAC4SUB;4;106.13467296;424.53869184
FMACAVXR;3;111.43945632;334.31836896
FMACCVXR;3;106.13467296;318.40401888
FMACFRS2;4;89.63523648;358.54094592
FMACFRS3;1;69.0401952;69.0401952
TTE740+;1;2149.3676;2149.3676
FMACMEG;3;111.43945632;334.31836896
FMACST;5;111.43945632;557.1972816
FMACTTRS;3;85.36410576;256.09231728
FMACVAG07;4;76.8413472;307.3653888
FMACVAG05;6;89.62548504;537.75291024
MMOC-EVO-01BK;4;211.314;845.256
MMOC-EVO-01;3;211.314;633.942
FMACVAG06;7;89.63523648;627.44665536
FMACVAG08;6;89.62548504;537.75291024
FMEVACT;1;123.82378512;123.82378512
FMIND3RCTY-BK;1;116.37368496;116.37368496
FMIND3RCTY-BL;1;116.37368496;116.37368496
FMIND3RCTY-RD;1;116.37368496;116.37368496
FMINT4ACC;4;807.74102952;3230.96411808
FMINT4;3;790.58824656;2371.76473968
FMDVC200A-BK;2;114.02358792;228.04717584
FMDVC200A-BL;4;114.02358792;456.09435168
FMDVC200A-RD;2;114.02358792;228.04717584
TTE280T;1;783.5838;783.5838
TTE600RS4;1;1672.8;1672.8
TTE650;1;1463.7;1463.7
FMDVRMA-BK;3;103.77482448;311.32447344
FMDVRMA-BL;1;103.77482448;103.77482448
FMDVRMA-RD;3;103.77482448;311.32447344
FMDVMK7R-A;5;128.962794;644.81397
FMDVMK7R-BK;10;128.962794;1289.62794
FMINLST180-BL;3;52.73578752;158.20736256
FMINLST180-RD;3;52.73578752;158.20736256
FMINLST180-BK;2;52.73578752;105.47157504
FMKTR56-RD;2;70.62967992;141.25935984
FMKTR56-BK;2;70.62967992;141.25935984
FMKTR56-BL;3;70.62967992;211.88903976
FMR56RDH-RD;2;92.96047752;185.92095504
FMR56RDH-BK;2;92.96047752;185.92095504
FMR56RDH-BL;4;92.96047752;371.84191008
FMAC5SUB;1;90.33734016;90.33734016
FMTT225-BK;2;268.25236296;536.50472592
SES1116ICPWB;3;241.2686;723.8058
SES1116ICPWR;1;241.2686;241.2686
FMHPRM-BK;1;115.88611296;115.88611296
FMHPRM-RD;2;115.88611296;231.77222592
FMHPRM-BL;1;115.88611296;115.88611296
FMFK054-RD;2;90.8834208;181.7668416
FMAM-B2;4;33.26216184;133.04864736
FMAM-B3;3;33.26216184;99.78648552
FMINDS5-RD;3;66.47556648;199.42669944
FMINDS5-BL;2;66.47556648;132.95113296
FMINDS5-BK;3;66.47556648;199.42669944
FMKTICTB-RD;3;55.03712736;165.11138208
FMKTICTB-BL;3;55.03712736;165.11138208
FMKTICTB-BK;3;55.03712736;165.11138208
FMDVHR35-RD;3;18.10842408;54.32527224
FMMKV1-BL;2;25.47076128;50.94152256
FMMKV1-RD;2;25.47076128;50.94152256
FMMKV1-BK;2;25.47076128;50.94152256
SP9003WB;2;170.232;340.464
SP9003P;1;170.232;170.232
FMDV8PS3-BK;3;145.4427276;436.3281828
FMDV8PS3-RD;3;145.4427276;436.3281828
FMDV8PS3-BL;2;145.4427276;290.8854552
FMDVC200R-BK;1;108.60178728;108.60178728
FMDVC200R-BL;2;108.60178728;217.20357456
FMDVC200R-RD;2;108.60178728;217.20357456
FMDV008PA-A;6;98.89910448;593.39462688
FMDV008PA-BK;6;98.89910448;593.39462688
FMDVHFTFSI-BL;1;201.03568704;201.03568704
FMDVHFTFSI-BK;1;201.03568704;201.03568704
FMRS250IND-BK;3;60.5076852;181.5230556
FMRS250IND-BL;1;60.5076852;60.5076852
FMRS250IND-RD;2;33.62296512;67.24593024
FMCCHMK5-BK;4;27.04074312;108.16297248
FMCCHMK5-BL;3;27.04074312;81.12222936
FMCCHMK5-RD;3;27.04074312;81.12222936
FMKT008-BK;1;115.05724056;115.05724056
FMKT008-BL;2;115.05724056;230.11448112
FMKT008-RD;1;115.05724056;115.05724056
FM225AH-BK;5;28.92277104;144.6138552
FM225AH-BL;3;28.92277104;86.76831312
FM225AH-RD;2;28.92277104;57.84554208
FMKTMK7-BK;2;141.5421516;283.0843032
FMKTMK7-BL;2;141.5421516;283.0843032
FMKTMK7-RD;3;141.5421516;424.6264548
FMKT024-BK;4;133.07790168;532.31160672
FMKT024-BL;2;133.07790168;266.15580336
FMKT024-RD;3;133.07790168;399.23370504
FMKCR56-BK;3;179.69953632;539.09860896
FMKCR56-BL;2;179.69953632;359.39907264
FMKCR56-RD;2;179.69953632;359.39907264
FMKC018-BK;1;71.30252928;71.30252928
FMKC018-RD;2;71.30252928;142.60505856
SP9003SE;3;170.232;510.696
FMKCMK7-BK;2;65.334648;130.669296
FMKCMK7-BL;4;65.334648;261.338592
FMKCMK7-RD;2;65.334648;130.669296
FMKC005-BL;1;131.70294864;131.70294864
FMKT022-BK;1;19.50288;19.50288
FMKT022-BL;1;19.50288;19.50288
FMKCTT225-BK;5;194.74600824;973.7300412
FMKCTT225-RD;1;194.74600824;194.74600824
FMRMIND-BK;2;31.62391992;63.24783984
FMRMIND-BL;3;31.62391992;94.87175976
FMRMIND-RD;1;31.62391992;31.62391992
FMANC1-BK;2;29.46885168;58.93770336
FMANC1-BL;4;29.46885168;117.87540672
FMANC1-RD;5;29.46885168;147.3442584
FM225CC-BK;4;20.3805096;81.5220384
FM225CC-BL;1;20.3805096;20.3805096
FM225CC-RD;3;20.3805096;61.1415288
FMBH18T-BK;1;45.20767584;45.20767584
FMBH18T-BL;4;45.20767584;180.83070336
FMBH18T-RD;4;45.20767584;180.83070336
FMTTBH;4;27.87936696;111.51746784
FMBAVXR-BL;2;17.5038348;35.0076696
FMBAVXR-RD;5;17.5038348;87.519174
FMKT007-RD;1;64.359504;64.359504
FMKTS1-BL;1;121.38592512;121.38592512
FMINLCVXR-BK;2;76.3537752;152.7075504
FMINLCVXR-BL;2;76.3537752;152.7075504
FMINLCVXR-RD;1;76.3537752;76.3537752
FM225IND-BK;4;126.66145416;506.64581664
FM225IND-BL;4;126.66145416;506.64581664
FM225IND-RD;1;126.66145416;126.66145416
FMMK7INDH-BK;3;51.19506;153.58518
FMMK7INDH-BL;3;51.19506;153.58518
FMMK7INDH-RD;4;51.19506;204.78024
FMBH2-RD;1;14.36387112;14.36387112
FMR56IND-BK;2;83.2772976;166.5545952
FMR56IND-BL;2;83.2772976;166.5545952
FMR56IND-RD;2;83.2772976;166.5545952
FMINLFRS3-RD;1;11.701728;11.701728
FMINDIBFR4-BK;1;100.12778592;100.12778592
FMINDIBFR4-BL;3;100.12778592;300.38335776
FMINDIBFR4-RD;2;100.12778592;200.25557184
FMGOLFIND-BK;1;126.65170272;126.65170272
FMGOLFIND-BL;2;126.65170272;253.30340544
FMGOLFIND-RD;1;126.65170272;126.65170272
FMRMBHT-BK;4;26.9627316;107.8509264
FMRMBHT-BL;2;26.9627316;53.9254632
FMRMBHT-RD;3;26.9627316;80.8881948
FMRMBHS-BK;2;25.28548392;50.57096784
FMRMBHS-BL;3;25.28548392;75.85645176
FMRMBHS-RD;1;25.28548392;25.28548392
FM225CCH-BK;7;30.92181624;216.45271368
FM225CCH-BL;2;30.92181624;61.84363248
FM225CCH-RD;3;30.92181624;92.76544872
FMPOLOTB-BK;2;39.86388672;79.72777344
FMPOLOTB-BL;3;39.86388672;119.59166016
FMPOLOTB-RD;1;39.86388672;39.86388672
FM225TBH-BK;2;14.45163408;28.90326816
FM225TBH-BL;3;14.45163408;43.35490224
FM225TBH-RD;2;14.45163408;28.90326816
FM225SH-BK;4;17.06502;68.26008
FM225SH-BL;1;17.06502;17.06502
FM225SH-RD;1;17.06502;17.06502
FMTTUHOSE;3;17.7476208;53.2428624
FMINLS1-BK;3;46.65088896;139.95266688
FMINLS1-BL;2;46.65088896;93.30177792
FMINLS1-RD;1;46.65088896;46.65088896
FMDVTUN-GR;17;4.59292824;78.07978008
FMDVTUN-YL;12;4.59292824;55.11513888
FMDVTUN-BL;6;4.59292824;27.55756944
FMDVTUN-RD;5;4.59292824;22.9646412
MMOC-RS-16TSL;1;373.1164;373.1164
MMHOSE-RS-16RD;1;82.861;82.861
MMHOSE-RS-16NB;2;82.861;165.722
MMHOSE-RS-16BK;2;82.861;165.722
MMHOSE-FOST-13RD;2;48.6752;97.3504
UAP3A8VX;3;127.9856;383.9568
U3P3A8VX;3;170.7896;512.3688
LAP3VGT4;3;110.864;332.592
LAP3VGT5;4;110.864;443.456
L3P3VGT5;4;166.5092;666.0368
L3P3VGT7;2;166.5092;333.0184
LAP3VGT6;1;110.864;110.864
LAP3VSE3;2;108.9124;217.8248
U3P3A8JX;1;166.5092;166.5092
UAP3A8JX;7;110.864;776.048
vP3AB5X;4;126.4358;505.7432
bP3AB5X;2;127.9364;255.8728
L3P3AB7X;2;166.5092;333.0184
LAP3AB7X;2;110.864;221.728
LAP3AB8X;3;110.864;332.592
UAP3A1TX;3;110.864;332.592
3P3BE8X;2;166.5092;333.0184
AP3BE8X;3;110.864;332.592
L3P3BE9X;1;166.5092;166.5092
LAP3BE9X;2;123.7052;247.4104
L3P3BE6X;3;166.5092;499.5276
LAP3BE6X;2;110.864;221.728
U3P3FFI7;3;166.5092;499.5276
UAP3FFI7;4;110.864;443.456
U3P3FMS6;2;123.1804;246.3608
UAP3FMS6;2;123.1804;246.3608
UvP3SLE1;2;170.7896;341.5792
UAP3SLE1;2;115.1444;230.2888
U3P3SLE2;3;127.92;383.76
UAP3SLE2;3;123.1804;369.5412
L3P3SFRX;2;166.5092;333.0184
LAP3SFRX;3;110.864;332.592
EVE-2TFSI-CF-INT;8;435.42;3483.36
EVE-2TFSI-KV-INT-BL;1;435.42;435.42
EVE-2TFSI-KV-INT-RD;1;435.42;435.42
JSK-126-BK;2;213.96609648;427.93219296
JSK-126-BL;2;213.96609648;427.93219296
JSK-126-RD;2;213.96609648;427.93219296
JSK-121-BL;1;178.3050804;178.3050804
JSK-121-RD;3;178.3050804;534.9152412
MMHOSE-MIA-16BL;2;67.65;135.3
MMHOSE-MIA-16RD;1;67.65;67.65
MMHOSE-MIA-16BK;2;67.65;135.3
SP9001BLK;4;179.0798;716.3192
SP9001P;6;179.0798;1074.4788
VWRM026-XL;40;4.87572;195.0288
VWRM025-XL;40;9.3613824;374.455296
VWRM012-XL;20;19.50288;390.0576
RIP-180-RD;2;39.09352296;78.18704592
RIP-180-BK;1;39.09352296;39.09352296
RIP-180-BL;2;39.09352296;78.18704592
VWR49G700;2;112.54136904;225.08273808
VWR49G701;3;112.54136904;337.62410712
TTE350+;1;850.5614;850.5614
SU72ZYTP20LR;1;384.12872448;384.12872448
AU33;1;368.91647808;368.91647808
SH-4-BL;6;1.5416;9.2496
SH-6-BL;5;1.5416;7.708
SH-6-RD;49;1.5416;75.5384
SH-8-BL;27;1.5416;41.6232
SH-10-RD;16;1.5416;24.6656
MZ11YTP03;1;450.93583992;450.93583992
MZ11YTP16;2;450.93583992;901.87167984
FMKC010-RD;3;149.90888712;449.72666136
FMKC010-BK;2;149.90888712;299.81777424
MMOC-WRX-06T;3;173.2742;519.8226
MMOC-WRX-06BK;1;156.0214;156.0214
JSK-123-BK;1;136.032588;136.032588
JSK-123-BL;3;136.032588;408.097764
JSK-123-RD;1;136.032588;136.032588
MMINT-STI-08SL;3;523.9144;1571.7432
MMOC-S2K-00T;2;225.4098;450.8196
MMINT-WRX-01SL;2;483.3244;966.6488
MMRAD-STI-08;4;147.2802;589.1208
MMRAD-STI-08X;4;183.1388;732.5552
MMINT-E90-07B;3;295.8478;887.5434
MMAI-BRZ-13BRD;2;141.8846;283.7692
MMRAD-MIA-90;4;123.3772;493.5088
MMRAD-MIA-90X;3;141.3024;423.9072
MMRAD-S14-95SR;3;112.1268;336.3804
MMRAD-S14-95SRX;3;136.0216;408.0648
MMAI-BRZ-13WBK;2;148.13997;296.27994
MMAI-BRZ-13P;3;148.13997;444.41991
LAP3M58X;3;115.1444;345.4332
L3P3M58X;2;170.7896;341.5792
MMRT-RS-16EBK;2;94.7756;189.5512
MMRT-RS-16EWBL;1;94.7756;94.7756
MMRT-RS-16EWRD;2;94.7756;189.5512
MMHOSE-S2K-00IHRD;2;51.2254;102.4508
MMHOSE-S2K-00IHBL;3;51.2254;153.6762
MMHOSE-S2K-00IHBK;1;51.2254;51.2254
MMAI-RS-16WBK;3;186.2466;558.7398
MMAI-RS-16P;1;186.2466;186.2466
MMAI-RS-16WBL;10;186.2466;1862.466
MMOC-WRX-01TBK;2;190.7074;381.4148
MMOC-WRX-01T;6;190.7074;1144.2444
FMACST180;2;75.12509376;150.25018752
MMHOSE-MS3-07TIHBL;2;75.3334;150.6668
MMHOSE-MS3-07TIHBK;2;75.3334;150.6668
MMHOSE-MS3-07TIHRD;2;75.3334;150.6668
SP1583P;4;194.3892;777.5568
SP1583BLK;5;194.3892;971.946
SP1583WR;6;194.3892;1166.3352
MMBCC-CTR-17PBERD2;7;78.925;552.475
MMBCC-CTR-17PBEBK2;3;78.925;236.775
FMBKS38V-BK;1;1661.40159;1661.40159
FMBKS38V-RD;1;1661.40159;1661.40159
AC-45-FU-BK;11;35.424;389.664
CTS-HW-266-180;2;154.2338;308.4676
MMOC-BRZ-13T;4;292.002;1168.008
MMOC-BRZ-13;1;259.5956;259.5956
FMRLH-BL;2;41.11207104;82.22414208
FMRLH-RD;6;41.11207104;246.67242624
FMRLH-BK;5;41.11207104;205.5603552
ATINTVAUX10-BK;2;337.37056968;674.74113936
ATINTVAUX10-BL;2;337.37056968;674.74113936
MMRAD-S2K-00;2;119.8922;239.7844
MMRAD-S2K-00X;1;36.408;36.408
SP9002BLK;5;151.536;757.68
ATINTVAG10-BK;7;321.309948;2249.169636
ATINTVAG10-BL;1;321.309948;321.309948
ATINTVAG10-RD;2;321.309948;642.619896
ATINTVAUX5-BK;1;442.96891344;442.96891344
ATINTVAUX5-BL;1;442.96891344;442.96891344
MMSK-TDP-BK;2;36.1456;72.2912
MMSK-TDP-WH;2;36.1456;72.2912
ATINTVAG14-BK;2;321.30019656;642.60039312
ATINTVAG14-BL;2;321.30019656;642.60039312
ATINTVAG14-RD;2;321.30019656;642.60039312
ATINTHON02-BK;1;500.20986624;500.20986624
20FO33001-RD;1;646.7586;646.7586
20VW33006X-BL;3;705.4296;2116.2888
20VW33006X-RD;1;643.2162;643.2162
20AU33006X-RD;1;643.2162;643.2162
20SB33005X-RD;1;646.7586;646.7586
20SE33020X-RD;2;689.1608;1378.3216
20RE33001X-RD;1;689.1608;689.1608
20OP33003X-BL;1;755.8104;755.8104
20MA33002-RD;1;602.126;602.126
20MN33002X-RD;2;643.21866;1286.43732
MMINT-RS-16BK;1;327.86798;327.86798
MMINT-RS-16SL;1;327.86798;327.86798
FMKT005-BK;3;115.05724056;345.17172168
FMKT005-RD;3;115.05724056;345.17172168
AC-KC-MB-01-BK;2;4.1;8.2
AC-KC-FO-01-RD;10;4.1;41
AC-KC-FO-01-BL;8;4.1;32.8
AC-KC-FO-02-RD;9;4.1;36.9
AC-KC-FO-02-BK;18;4.1;73.8
AC-KC-FO-03-RD;17;4.1;69.7
AC-KC-FO-03-BL;7;4.1;28.7
AC-KC-FO-03-BK;23;4.1;94.3
FMINTF500-BK;2;404.74326864;809.48653728
FMINTF500-RD;2;404.74326864;809.48653728
"TTE480+ TSI";1;1527.127;1527.127
FMCCSCI-BK;7;2.925432;20.478024
FMCCSCI-BL;1;2.925432;2.925432
FMCCSCI-RD;4;2.925432;11.701728
FM225CCHA-BK;4;30.92181624;123.68726496
"TTE550+ AMG";1;1463.7;1463.7
MMHOSE-MUS4-15ANCBK;2;82.3116;164.6232
MMHOSE-MUS4-15ANCRD;2;82.3116;164.6232
MMHOSE-MUS4-15ANCBL;1;82.3116;82.3116
MMHOSE-SPY-00BL;1;59.8026;59.8026
MMHOSE-SPY-00RD;2;59.8026;119.6052
MMHOSE-SPY-00BK;2;59.8026;119.6052
VWRM026-S;16;4.87572;78.01152
VWRM026-XXL;10;4.87572;48.7572
VWRM011-XL;93;16.3824192;1523.5649856
VWRM007-XS;9;9.3613824;84.2524416
VWRM025-L;13;9.3613824;121.6979712
VWRM025-XS;16;9.3613824;149.7821184
FMINDF56;1;211.20643896;211.20643896
AC-200-CFA;35;2.952;103.32
AC-200-CFA-KIT;87;3.9852;346.7124
MMOC-350Z-03TBK;5;213.0196;1065.098
MMOC-350Z-03T;5;213.0196;1065.098
RIP-007-BK;2;38.43042504;76.86085008
RIP-007-BL;12;38.43042504;461.16510048
RIP-007-RD;8;38.43042504;307.44340032
FMKT025;4;56.42183184;225.68732736
FMINLH8-BK;4;128.98229688;515.92918752
FMINLH8-RD;3;128.98229688;386.94689064
VWR800001-BLK;4;24.49561728;97.98246912
VWR800001-SVR;4;24.49561728;97.98246912
MMFS-E46-01;4;93.1684;372.6736
VWR652000-BLK;2;1126.62286896;2253.24573792
VWR652000-RED;2;1126.62286896;2253.24573792
SP1116WR;1;314.7816;314.7816
FD107;2;376.81514448;753.63028896
SST011C;2;487.2768;974.5536
SSTS011;3;409.2374;1227.7122
SSTS011C;2;458.011;916.022
034-112-6007-BL;2;39.2944;78.5888
SFDS074;1;251.1988;251.1988
SVWS041;2;347.27;694.54
SVWS041C;1;384.1208;384.1208
SSTS012C;1;436.199;436.199
SST012;2;438.5032;877.0064
SST012C;1;354.3138;354.3138
SSTS012;2;354.3138;708.6276
SFDS087;2;453.1238;906.2476
EVE-F56-LCI-CF-INT;5;758.664;3793.32
EVE-F56-CF-INT;6;758.664;4551.984
TTE535;1;1687.7568;1687.7568
MMRT-MIA-16TBK;2;79.8516;159.7032
MMRT-MIA-16TP;1;79.8516;79.8516
AC-KC-FO-01-BK;19;4.1;77.9
SVWS039;2;253.6342;507.2684
034-108-9003SP;15;46.5268;697.902
034-108-9003LP;11;46.5268;511.7948
034-108-9003TP;19;55.6452;1057.2588
SAUS045D;1;645.0858;645.0858
SFDS089;3;327.3358;982.0074
SFDS090;2;231.65;463.3
CTS-CC-MK7GRS3;4;239.8418;959.3672
SVWS051;2;267.7792;535.5584
SVWS051C;1;278.2588;278.2588
SVW052;1;243.3924;243.3924
SVWS052C;1;208.5752;208.5752
SVWS052;2;219.0056;438.0112
SRN020;1;259.5546;259.5546
SRNS020;2;205.8036;411.6072
FMINLH9;2;144.14578608;288.29157216
FMINLH9-700;2;144.14578608;288.29157216
ATOILFO4T;1;251.9284524;251.9284524
SFD085D;1;360.9394;360.9394
SRN022;1;308.5086;308.5086
SRNS022;2;254.9872;509.9744
ATINTVAUX7-BK;1;321.30019656;321.30019656
ATINTVAUX7-BL;2;321.30019656;642.60039312
SMNS010;2;311.682;623.364
SMN010;1;98.4;98.4
SAU040;2;255.4874;510.9748
SFD066;1;302.4857;302.4857
SHDS016D;1;509.0724;509.0724
FMINLH12-BK;1;37.79658144;37.79658144
FMINLH12-RD;3;37.79658144;113.38974432
FMKC021-BK;4;97.63141728;390.52566912
FMKC021-RD;2;97.63141728;195.26283456
FMKC020-BK;2;71.99488152;143.98976304
FMKC020-RD;1;71.99488152;71.99488152
FMIHF500-RD;3;76.36352664;229.09057992
FMIHF500-BK;1;76.36352664;76.36352664
FMIHF500-BL;2;76.36352664;152.72705328
SBM075;1;788.5284;788.5284
SVW040;1;292.1742;292.1742
SVWS040;4;243.3924;973.5696
SVWS056;1;360.4474;360.4474
SVW056;3;389.7214;1169.1642
SVW036;4;389.7132;1558.8528
SVWS036;2;345.8186;691.6372
AC-KC-MB3B-RD;6;4.1;24.6
AC-KC-MB3B-BK;2;4.1;8.2
SFT005;1;313.568;313.568
FMKTR56N18-RD;2;86.70980448;173.41960896
FMKTR56N18-BK;3;86.70980448;260.12941344
FMKTR56N18-BL;3;86.70980448;260.12941344
MMICP-MK7-15KWBK;7;185.5004;1298.5028
MMICP-MK7-15KP;4;185.5004;742.0016
SVWS042;3;243.3924;730.1772
SVW042;3;287.2952;861.8856
SVW043;3;389.7214;1169.1642
SVWS043C;1;379.9552;379.9552
SVWS043;5;360.4556;1802.278
SRN023;2;217.8576;435.7152
SVWS033;1;252.8798;252.8798
SAU081;1;721.149;721.149
VWR630000;10;88.16276904;881.6276904
VWR630001;11;88.16276904;969.79045944
MMINT-CTR-17KSLWBK;2;525.9562;1051.9124
MMINT-CTR-17KBKWBK;1;525.9562;525.9562
MMEXH-MUS8-15APBK;2;244.6224;489.2448
MMEXH-MUS8-15APP;4;244.6224;978.4896
MMHOSE-MUS8-15IHRD;1;58.548;58.548
MMHOSE-MUS8-15IHBK;1;58.548;58.548
SAU083C;1;811.349;811.349
SAU083;1;766.249;766.249
SMN011;1;279.6118;279.6118
SMNS011;2;293.5928;587.1856
SBM066;1;414.1164;414.1164
SBM066C;1;417.626;417.626
SBMV067D;1;487.2686;487.2686
FMINDK28-BK;1;219.44640576;219.44640576
FMINDK28-BL;2;219.44640576;438.89281152
FMINDK28-RD;2;219.44640576;438.89281152
MMRT-CTR-17EMWBK;3;113.5618;340.6854
MMRT-CTR-17EMWRD;3;113.5618;340.6854
MMAI-MUS8-15BK;3;154.119;462.357
MMAI-MUS8-15RD;3;154.119;462.357
MMAI-MUS8-15BL;3;154.119;462.357
FM225BHP-BK;4;83.2772976;333.1091904
LAP3MF56;4;141.1056;564.4224
L3P3MF56;1;157.44;157.44
SHD014;1;548.5718;548.5718
FMINLRCS-BL;2;75.00807648;150.01615296
FMINLRCS-RD;3;75.00807648;225.02422944
034-106-7042-RS4;2;277.16;554.32
034-106-7042-S4;4;249.444;997.776
SHYS101;1;520.8968;520.8968
KDT968;4;11.81874528;47.27498112
KDT914;9;11.81874528;106.36870752
SSKS003;2;343.2848;686.5696
FM225TH;7;56.95816104;398.70712728
MMEXH-MUS8-15ASBK;2;326.8766;653.7532
MMEXH-MUS8-15ASP;1;326.8766;326.8766
ESR307WB;1;128.8712;128.8712
ESR307P;3;128.8712;386.6136
ESR307WR;3;128.8712;386.6136
LAP3AC5X;2;110.864;221.728
vP3AC5X;2;166.5092;333.0184
LAP3AC6X;2;110.864;221.728
L3P3AC6X;3;166.5092;499.5276
FMINLH14-BK;2;53.08683936;106.17367872
FMINLH14-BL;2;53.08683936;106.17367872
FMINLH14-RD;2;53.08683936;106.17367872
FMINLH14-Y;3;53.08683936;159.26051808
FMCAP5-A;2;23.61798768;47.23597536
FMCAP5-BK;2;23.61798768;47.23597536
CTS-CC-B8.5-TFSI;1;239.8418;239.8418
CTS-B8S4-AWIC-DCC;4;294.4456;1177.7824
CTS-B8S4-AWIC;6;247.9598;1487.7588
MMINT-F30-12SL;2;349.2134;698.4268
MMINT-F30-12BK;1;349.2134;349.2134
FMINDK30-BK;2;179.3289816;358.6579632
FMINDK30-BL;2;179.3289816;358.6579632
FMINDK30-RD;2;179.3289816;358.6579632
FMDV18-BK;2;129.77216352;259.54432704
FMDV18-RD;3;129.77216352;389.31649056
FMDV18-BL;2;129.77216352;259.54432704
"TTE550 N55 E";1;2195.55;2195.55
VWR650001-BLK;1;2052.63911424;2052.63911424
VWR650001-RED;2;2052.63911424;4105.27822848
MMICP-MUS4-15WBK;2;159.9;319.8
SRNS031;2;286.59;573.18
VWR493000;2;112.54136904;225.08273808
VWR493001;2;112.54136904;225.08273808
VWR21G70RNV;1;771.9239904;771.9239904
AC-KC-AU-RSK-BL;8;4.1;32.8
AC-KC-AU-RSK-BK;6;4.1;24.6
SP1350WB;1;276.2006;276.2006
SP1350WR;2;276.2006;552.4012
CTS-EA113-BOSS500;2;1343.1518;2686.3036
CTS-EA113-BOSS600;3;1498.1318;4494.3954
MMEXH-MUS8-15ARBK;4;184.3934;737.5736
MMEXH-MUS8-15ARP;2;184.3934;368.7868
ESR140WB;7;123.0082;861.0574
FMDV23A-BK;3;124.61365176;373.84095528
FMDV23A-A;1;124.61365176;124.61365176
FMWS72616;3;28.88376528;86.65129584
FMWS72620;1;20.94609312;20.94609312
FMWS72613;1;23.9397852;23.9397852
FMTIA2-BK;4;91.9560792;367.8243168
FMTIA2-BL;3;91.9560792;275.8682376
FMTIA2-RD;4;91.9560792;367.8243168
MMINT-EVO-10XB;1;254.1426;254.1426
EVE-F56-PL-INT;4;468.384;1873.536
EVE-F56-LCI-PL-INT;4;468.384;1873.536
SES1582ICPBK;3;142.4586;427.3758
SES1582ICPWR;5;142.4586;712.293
1033BLK;2;11.4964;22.9928
SES1899UICPWB;2;101.0486;202.0972
SES1899UICP;3;101.0486;303.1458
SP3082WR;3;154.2666;462.7998
SP3082WB;4;154.2666;617.0664
SP3087BLK;2;139.4656;278.9312
SP3087WR;2;139.4656;278.9312
SES1581ICP-BK;1;157.1612;157.1612
SES1581ICP-RD;1;157.1612;157.1612
SRN032;1;375.6338;375.6338
SRNS032;1;331.0135;331.0135
MMINT-FOST-13SL;1;275.78199;275.78199
FMKT027-BK;2;166.93490136;333.86980272
FMKT027-BL;2;166.93490136;333.86980272
FMKT027-RD;2;166.93490136;333.86980272
FMKT027-Y;2;166.93490136;333.86980272
FMINDK27-RD;3;145.15993584;435.47980752
SAUS109;1;563.5778;563.5778
SAUS085;1;217.3;217.3
SAUS086;2;350.9682;701.9364
TTE555;1;1377.6;1377.6
"TTE450 L";1;1463.6918;1463.6918
ATMSFO5-BK;10;264.52731288;2645.2731288
ATMSFO5-RD;4;264.52731288;1058.10925152
ATMSFO5-W;2;264.52731288;529.05462576
ATMSFO6-BL;4;302.782212;1211.128848
ATMSFO6-G;3;302.782212;908.346636
VW43;1;287.44319688;287.44319688
VWR652001-RED;2;1126.62286896;2253.24573792
VWR652001-BLK;2;1126.62286896;2253.24573792
RIP-002-BK;3;52.08244104;156.24732312
RIP-002-BL;2;52.08244104;104.16488208
RIP-002-RD;4;52.08244104;208.32976416
VWR19G708;1;40.81952784;40.81952784
VWR19G709;3;45.91953096;137.75859288
FMCB-BL;3;9.3613824;28.0841472
FMCB-RD;4;9.3613824;37.4455296
FMCB-BK;4;9.3613824;37.4455296
FMIND2RCT-BK;2;102.30235704;204.60471408
FMIND2RCT-BL;3;102.30235704;306.90707112
FMIND2RCT-RD;2;102.30235704;204.60471408
CTS-IT-810;1;105.5258;105.5258
CTS-IT-805;13;105.5258;1371.8354
SFDP090;3;123.984;371.952
SFDP089;3;101.1716;303.5148
SCNS014;1;267.7792;267.7792
FMINDRS4V8-BL;2;51.90691512;103.81383024
FMKCBA4B8-BK;2;111.40045056;222.80090112
FMBIVXR-BK;3;3.67629288;11.02887864
FMBIVXR-BL;2;3.67629288;7.35258576
SVWS045;3;231.8468;695.5404
SVWS045C;1;231.8468;231.8468
SES3082ICPWB;2;177.0134;354.0268
SES3082ICPWR;2;177.0134;354.0268
SES9200ICPWB;4;182.8518;731.4072
CTS-HW-0223;4;30.9878;123.9512
CTS-HW-0377;5;28.4048;142.024
FMSTC1-BK;2;39.33730896;78.67461792
FMSTC1-RD;2;39.33730896;78.67461792
FMSTC1-P;2;39.33730896;78.67461792
FMBH1-RD;2;14.35411968;28.70823936
AC-250-CH-RD;11;41.328;454.608
AC-250-CH-BK;11;41.328;454.608
TTE685-B58;1;2877.5358;2877.5358
SBW0260-6P-RD;2;50.28568;100.57136
SBW0260-6P-EB;1;50.28568;50.28568
SBW0260-6P-YE;2;50.28568;100.57136
SBW0260-6P-BK;4;50.28568;201.14272
SFD0253-4P-EB;2;33.62;67.24
SFD0253-4P-RD;2;33.62;67.24
SFD0253-4P-YE;1;33.62;33.62
SFD0253-4P-BK;4;33.62;134.48
SMA0101-4P-EB;2;50.28568;100.57136
SMA0101-4P-RD;4;50.28568;201.14272
SMA0101-4P-YE;2;50.28568;100.57136
SMA0101-4P-BK;7;50.28568;351.99976
SMA0600-4P-RD;1;33.1198;33.1198
SMA0600-4P-EB;1;33.1198;33.1198
SMA0600-4P-YE;1;33.1198;33.1198
SMA0600-4P-BK;3;33.1198;99.3594
SME0455-4P-EB;1;33.62;33.62
SME0455-4P-YE;2;33.62;67.24
SME0455-4P-RD;3;33.62;100.86
SME0455-4P-BK;4;33.62;134.48
SMT0707-4P-RD;2;33.1198;66.2396
SMT0707-4P-BK;3;33.1198;99.3594
SNN0200-4P-RD;2;28.1998;56.3996
SNN0200-4P-BK;2;28.1998;56.3996
SNN0910-6P-RD;2;86.7478;173.4956
SNN0910-6P-BK;3;86.7478;260.2434
SVW0630-4P-EB;3;41.4838;124.4514
SVW0630-4P-RD;6;41.4838;248.9028
SVW0630-4P-YE;2;41.4838;82.9676
SVW0630-4P-BK;20;41.4838;829.676
SP1125WB;4;260.35;1041.4
SBMS073;2;828.7002;1657.4004
SFDS091D;2;312.8054;625.6108
SAUS074;2;292.166;584.332
SAUS074C;1;301.022;301.022
SAUS055;1;599.2396;599.2396
SFDS071;1;320.0624;320.0624
SFDS086C;1;472.6234;472.6234
SFDS086;1;452.8778;452.8778
SMA0110-4P-RD;1;61.4836;61.4836
SMA0110-4P-YE;1;61.4836;61.4836
SMA0110-4P-EB;2;61.4836;122.9672
SMA0110-4P-BK;3;61.4836;184.4508
SMA0380-4P-RD;3;33.1198;99.3594
SMA0380-4P-BK;5;33.1198;165.599
SFD1216-4P-BK;4;41.48544;165.94176
SFD1216-4P-RD;2;41.48544;82.97088
SFD1216-4P-YE;1;41.48544;41.48544
SFD1216-4P-EB;3;41.48544;124.45632
SME0863-4P-RD;2;33.62;67.24
SME0863-4P-YE;1;33.62;33.62
SME0863-4P-BK;2;33.62;67.24
SSK1100-4P-YE;1;28.1998;28.1998
SSK1100-4P-RD;1;28.1998;28.1998
SSK1100-4P-BK;2;28.1998;56.3996
SMA0112-4P-YE;1;50.2824;50.2824
SMA0112-4P-RD;2;50.2824;100.5648
SMA0112-4P-BK;6;50.2824;301.6944
SMA0112-4P-EB;1;50.2824;50.2824
SFD0121-4P-EB;1;41.4838;41.4838
SFD0121-4P-YE;1;41.4838;41.4838
SFD0121-4P-BK;5;41.4838;207.419
SFD0121-4P-RD;3;41.4838;124.4514
SVA0714-4P-EB;2;33.62;67.24
SVA0714-4P-RD;1;33.62;33.62
SVA0714-4P-BK;3;33.62;100.86
SVA0715-6P-RD;2;42.3038;84.6076
SVA0715-6P-EB;2;42.3038;84.6076
SVA0715-6P-BK;2;40.344;80.688
SCN0350-4P-RD;2;33.1198;66.2396
SCN0350-4P-BK;2;33.1198;66.2396
SVW0615-4P-YE;1;33.62;33.62
SVW0615-4P-EB;2;33.62;67.24
SVW0615-4P-RD;3;33.62;100.86
SVW0615-4P-BK;4;33.62;134.48
SVW0610-4P-YE;1;41.4838;41.4838
SVW0610-4P-EB;4;41.4838;165.9352
SVW0610-4P-RD;2;41.4838;82.9676
SVW0610-4P-BK;8;41.4838;331.8704
SVW0607-4P-EB;2;33.62;67.24
SVW0607-4P-BK;2;33.62;67.24
STY0015-4P-RD;1;33.6282;33.6282
STY0015-4P-EB;1;33.6282;33.6282
STY0015-4P-YE;1;33.6282;33.6282
STY0015-4P-BK;3;33.6282;100.8846
SSU0500-4P-RD;2;41.48544;82.97088
SSU0500-4P-EB;1;41.48544;41.48544
SSU0500-4P-YE;1;41.48544;41.48544
SSU0500-4P-BK;2;41.48544;82.97088
SFD1012-4P-EB;2;41.4838;82.9676
SFD1012-4P-RD;1;41.4838;41.4838
SFD1012-4P-BK;2;41.4838;82.9676
SVA1300-6P-RD;1;74.7676;74.7676
SVA1300-6P-EB;2;74.7676;149.5352
SVA1300-6P-BK;2;74.7676;149.5352
SVA1350-4P-RD;1;35.0878;35.0878
SVA1350-4P-EB;2;35.0878;70.1756
SVA1350-4P-BK;4;35.0878;140.3512
SFD1300-4P-RD;2;33.1198;66.2396
SFD1300-4P-EB;2;33.1198;66.2396
SFD1300-4P-BK;3;33.1198;99.3594
SFT0658-6P-RD;4;49.8396;199.3584
SFT0658-6P-YE;3;49.8396;149.5188
SFT0658-6P-BK;1;49.8396;49.8396
SRN0616-4P-YE;1;33.62;33.62
SRN0616-4P-RD;2;33.62;67.24
SRN0616-4P-EB;1;33.62;33.62
SRN0616-4P-BK;8;33.62;268.96
SRN0405-4P-RD;1;33.1198;33.1198
SRN0405-4P-EB;1;33.1198;33.1198
SRN0405-4P-BK;2;33.1198;66.2396
SBW0261-4P-YE;2;41.48544;82.97088
SBW0261-4P-EB;5;41.48544;207.4272
SBW0261-4P-RD;2;41.48544;82.97088
SBW0261-4P-BK;9;41.48544;373.36896
SNN0801-6P-RD;2;75.4318;150.8636
SNN0801-6P-BK;2;75.4318;150.8636
SNN0920-6P-RD;2;83.3612;166.7224
SNN0920-6P-EB;3;83.3612;250.0836
SNN0920-6P-BK;2;83.3612;166.7224
SHD0380-4P-RD;2;41.4838;82.9676
SHD0380-4P-BK;2;41.4838;82.9676
AC-MK5-FU-BL;34;21.402;727.668
AC-MK5-FU-RD;56;21.402;1198.512
SHD0397-4P-BK;2;76.219;152.438
SHD0397-4P-RD;2;76.219;152.438
SHD0390-6C-BK;1;104.9846;104.9846
SHD0390-6C-YE;2;104.9846;209.9692
SHD0390-6C-RD;2;104.9846;209.9692
SHD0394-6P-RD;2;104.96;209.92
SHD0394-6C-EB;2;104.96;209.92
SHD0394-6C-BK;2;104.96;209.92
SBW1171-4P-YE;3;34.768;104.304
SBW1171-4P-EB;1;34.768;34.768
SBW1171-4P-RD;4;34.768;139.072
SBW1171-4P-BK;9;34.768;312.912
SPGS022;2;297.045;594.09
SNN0203-4P-RD;2;28.1998;56.3996
SNN0203-4P-BK;3;28.1998;84.5994
SHD1010-4P-RD;1;33.1198;33.1198
SHD0012-4P-RD;1;33.12144;33.12144
SHD0012-4P-YE;1;33.12144;33.12144
SHD0012-4P-BK;3;33.12144;99.36432
SMT0710-4P-RD;1;26.896;26.896
SSK1140-4P-YE;1;28.1998;28.1998
SSK1140-4P-BK;4;28.1998;112.7992
SSK1140-4P-EB;2;28.1998;56.3996
SSK1140-4P-RD;3;28.1998;84.5994
SFD067;2;302.4816;604.9632
SSK0502-4P-RD;1;26.896;26.896
SAU0431-4P-EB;1;33.62;33.62
SAU0431-4P-YE;2;33.62;67.24
SAU0431-4P-BK;7;33.62;235.34
SRN025S;1;253.6342;253.6342
SRN025;2;241.5474;483.0948
SRNS025S;2;231.6828;463.3656
SRNS025;2;220.6538;441.3076
SVW0620-4P-RD;3;33.62;100.86
SVW0620-4P-EB;2;33.62;67.24
SVW0620-4P-YE;3;33.62;100.86
SVW0620-4P-BK;6;33.62;201.72
SVW1090-4P-YE;2;33.62;67.24
SVW1090-4P-EB;1;33.62;33.62
SVW1090-4P-RD;2;33.62;67.24
SVW1090-4P-BK;2;33.62;67.24
SVW0608-4P-YE;2;41.4838;82.9676
SVW0608-4P-EB;2;41.4838;82.9676
SVW0608-4P-RD;2;41.4838;82.9676
SVW0608-4P-BK;4;41.4838;165.9352
SSE0428-4P-YE;1;33.62656;33.62656
SSE0428-4P-RD;1;33.62656;33.62656
SSE0428-4P-EB;2;33.62656;67.25312
SSE0428-4P-BK;6;33.62656;201.75936
SNN0940-6P-RD;2;75.4318;150.8636
SNN0940-6P-BK;2;75.4318;150.8636
SVWS038;2;340.9396;681.8792
PRK-138-OVAL;2;132.39530088;264.79060176
PRK-138-RECT;1;132.39530088;132.39530088
VWR12G7R601;10;230.44603008;2304.4603008
VWR12G7R600;10;174.7458048;1747.458048
SVW0705-4P-RD;2;41.4838;82.9676
SVW0705-4P-EB;1;41.4838;41.4838
SVW0705-4P-BK;2;41.4838;82.9676
SSE0250-4P-BK;2;33.62;67.24
SAU0630-4P-YE;1;41.4838;41.4838
SAU0630-4P-RD;2;41.4838;82.9676
SAU0630-4P-BK;6;41.4838;248.9028
FMINDDS3-RD;6;86.63179296;519.79075776
FMINDDS3-BK;4;86.63179296;346.52717184
FMINDDS3-BL;3;86.63179296;259.89537888
SBW1175-4P-BK;2;33.62656;67.25312
SBW1175-4P-RD;2;33.62656;67.25312
SBW1110-4P-RD;1;41.4838;41.4838
SBW1110-4P-BK;8;41.4838;331.8704
SBW0901-4P-RD;1;33.62656;33.62656
SBW0901-4P-BK;2;33.62656;67.25312
SBW0901-4P-EB;1;33.62656;33.62656
SBW1162-4P-RD;1;41.48544;41.48544
SBW1162-4P-EB;3;41.48544;124.45632
SBW1162-4P-BK;8;41.48544;331.88352
STY1005-4P-EB;1;41.48544;41.48544
STY1005-4P-BK;3;41.48544;124.45632
SAU0496-4P-RD;2;41.48544;82.97088
SAU0496-4P-EB;1;41.48544;41.48544
SAU0496-4P-BK;5;41.48544;207.4272
SAU0631-4C-RD;2;51.8568;103.7136
SAU0631-4C-YE;1;51.8568;51.8568
SAU0631-4C-EB;3;51.8568;155.5704
SAU0631-4C-BK;5;51.8568;259.284
SAU0651-4P-RD;2;33.62656;67.25312
SAU0651-4P-YE;1;33.62656;33.62656
SAU0651-4P-BK;3;33.62656;100.87968
SAU0703-4P-RD;2;28.1998;56.3996
SAU0703-4P-BK;1;28.1998;28.1998
SAU0755-4P-EB;2;41.4838;82.9676
SAU0755-4P-RD;1;41.4838;41.4838
SAU0755-4P-BK;3;41.4838;124.4514
SAU0785-4P-RD;1;28.1998;28.1998
SAU0785-4P-YE;1;28.1998;28.1998
SAU0785-4P-BK;3;28.1998;84.5994
SAU0780-4P-YE;1;41.4838;41.4838
SAU0780-4P-RD;2;41.4838;82.9676
SAU0780-4P-EB;2;41.4838;82.9676
SAU0780-4P-BK;2;41.4838;82.9676
STAB99FST3;1;294.37647072;294.37647072
STAB99FST3.5;2;294.37647072;588.75294144
SAU0900-4C-YE;1;51.8568;51.8568
SAU0900-4C-EB;1;51.8568;51.8568
SAU0900-4C-RD;3;51.8568;155.5704
SAU0900-4C-BK;2;51.8568;103.7136
SBW0900-6P-EB;1;49.8478;49.8478
SBW0900-6P-YE;1;49.8478;49.8478
SBW0900-6P-RD;1;49.8478;49.8478
SBW0900-6P-BK;1;49.8478;49.8478
SBW0500-4P-RD;1;26.896;26.896
SBW0500-4P-BK;1;26.896;26.896
SBW1010-6P-EB;2;50.28568;100.57136
SBW1010-6P-YE;3;50.28568;150.85704
SBW1010-6P-RD;1;50.28568;50.28568
SBW1010-6P-BK;2;50.28568;100.57136
SVW0706-4P-BK;2;41.4838;82.9676
SVW0706-4P-RD;2;41.4838;82.9676
SSU8003-4P-EB;1;41.48544;41.48544
SSU8003-4P-RD;2;41.48544;82.97088
SSU8003-4P-BK;4;41.48544;165.94176
12366-BK;1;132.0118;132.0118
SRN0610-4P-EB;1;33.1198;33.1198
SRN0610-4P-RD;2;33.1198;66.2396
SRN0610-4P-BK;2;33.1198;66.2396
SAU0495-4P-BK;2;33.62;67.24
SAU0495-4P-YE;1;33.62;33.62
SAU0490-4P-RD;1;33.62;33.62
SAU0490-4P-BK;1;33.62;33.62
SAU0601-4P-YE;1;41.4838;41.4838
SAU0601-4P-RD;2;41.4838;82.9676
SAU0601-4P-BK;6;41.4838;248.9028
SAU0432-4P-YE;1;41.4838;41.4838
SAU0432-4P-BK;2;41.4838;82.9676
SAU0432-4P-RD;2;41.4838;82.9676
SAU0432-4P-EB;1;41.4838;41.4838
SAU0433-4P-EB;2;41.4838;82.9676
SAU0433-4P-BK;5;41.4838;207.419
SAU0433-4P-RD;3;41.4838;124.4514
SAU0433-4P-YE;2;41.4838;82.9676
FMINDMK7F;3;58.73292312;176.19876936
FMINDMK7RF;4;58.73292312;234.93169248
SAU0485-4P-BK;2;33.1198;66.2396
SAU0485-4P-RD;1;33.1198;33.1198
SAU1558-4P-BK;5;26.896;134.48
SAU1558-4P-RD;2;26.896;53.792
VWR420001;7;117.2123088;820.4861616
VWR420000;5;117.2123088;586.061544
SVW1070-4P-BK;2;33.1198;66.2396
SVW1070-4P-RD;1;33.1198;33.1198
SBW1176-4P-YE;2;41.4838;82.9676
SBW1176-4P-RD;3;41.4838;124.4514
SBW1176-4P-BK;7;41.4838;290.3866
SBW0502-4C-YE;1;51.8568;51.8568
SBW0502-4C-RD;1;51.8568;51.8568
SBW0502-4C-EB;1;51.8568;51.8568
SBW0502-4C-BK;2;51.8568;103.7136
SHD1001-4P-RD;1;28.1998;28.1998
SHD1001-4P-BK;3;28.1998;84.5994
SVW0770-4P-YE;3;28.1998;84.5994
SVW0770-4P-BK;2;28.1998;56.3996
SVW0770-4P-EB;2;28.1998;56.3996
SVW0770-4P-RD;2;28.1998;56.3996
SVW0603-6P-BK;1;40.344;40.344
SVW0603-6P-RD;1;40.344;40.344
SRN0481-4C-BK;3;44.3128;132.9384
SRN0481-4C-RD;1;44.3128;44.3128
SRN0615-4P-EB;1;33.1198;33.1198
SRN0615-4P-RD;2;33.1198;66.2396
SRN0615-4P-BK;2;33.1198;66.2396
CTS-FPK-005-980;2;439.1018;878.2036
CTS-FPK-005-1300;2;551.6468;1103.2936
17U-00-0550-5;4;215.3894;861.5576
17U-00-0650-5;8;217.4804;1739.8432
17U-00-0750-5;8;38.54;308.32
17U-00-1000-5;4;234.5774;938.3096
42M-02-1000-4;2;172.2082;344.4164
22S-00-0350-4;1;167.4112;167.4112
22S-00-0450-4;1;167.4112;167.4112
42M-01-1000-4;2;172.2082;344.4164
01J-00-0550-4;3;210.5924;631.7772
01J-00-0740-4;2;222.1134;444.2268
17U-06-1000-6;1;296.9384;296.9384
16MX-06-1200-6;1;383.2844;383.2844
18U-08-1000-4;2;210.5924;421.1848
42M-02-1200-4;1;16.4;16.4
16MX-09-1200-4;1;172.2;172.2
16S-03-2200-4;1;402.4724;402.4724
17U-01-1000-4;8;223.327;1786.616
17U-01-0440-4;4;153.0284;612.1136
17U-01-0550-4;8;153.0284;1224.2272
17U-01-0650-4;7;207.337;1451.359
17U-01-0750-4;3;212.667;638.001
17U-07-0650-4;1;186.5992;186.5992
17U-07-0750-4;3;41;123
17U-07-1000-4;4;215.3894;861.5576
16MX-07-1200-4;1;147.6;147.6
16M-07-1500-4;1;401.8;401.8
6-102-1000;3;279.169;837.507
6-102-1200;1;139.4;139.4
6-102-0750;2;319.267;638.534
SVW1070-4P-EB;1;33.1198;33.1198
SVW1070-4P-YE;2;33.1198;66.2396
FMKC023-BK;3;98.52854976;295.58564928
FMKC023-BL;1;98.52854976;98.52854976
FMKC023-RD;2;98.52854976;197.05709952
FMKCMEG-BL;3;179.49475608;538.48426824
FMINLH7-BK;1;5.850864;5.850864
SAU0485-4P-EB;1;33.1198;33.1198
SHYS102;2;540.749;1081.498
SHYP102;3;141.5894;424.7682
SHYSP102;4;75.2924;301.1696
SVWS061;2;272.8222;545.6444
SMBS006;2;286.2866;572.5732
SMBS007;1;173.6678;173.6678
FMACF500;4;89.63523648;358.54094592
FMACF14;2;76.8413472;153.6826944
MMHOSE-CTR-17RD;1;16.4;16.4
MMHOSE-CTR-17BL;2;51.865;103.73
MMHOSE-CTR-17BK;1;51.865;51.865
MMINT-EVO-01KBK;1;416.4452;416.4452
SRN0630-6P-BK;1;50.28568;50.28568
SRN0630-6P-RD;2;50.28568;100.57136
SRN0630-6P-YE;1;50.28568;50.28568
SRN0635-6P-BK;4;50.28568;201.14272
SRN0635-6P-RD;2;50.28568;100.57136
SRN0635-6P-YE;1;50.28568;50.28568
FMINLH9-777;2;144.14578608;288.29157216
F2177P+F2179P;8;296.5612;2372.4896
F2178P+F2180P;1;296.5612;296.5612
F1555P+F1557P-30;2;533.8364;1067.6728
F1554P+F1556P-30;1;533.8364;533.8364
F1555P+F1557P-20;2;355.8964;711.7928
F1554P+F1556P-20;2;355.8964;711.7928
F6292+F6294;1;164.3116;164.3116
F2366P+F2368P-24;1;445.588;445.588
F1514P+F1520P;2;285.811;571.622
F1519P+F1524P;1;285.811;285.811
F2358P+2359P;1;287.9348;287.9348
SH-4-BK;13;1.5416;20.0408
ALP.07.05.0003-2;1;614.9672;614.9672
ATINTFT1-BK;2;337.33156392;674.66312784
ATINTFT1-RD;2;337.33156392;674.66312784
F1932P+F1931P;2;165.8696;331.7392
F5509-F5511;3;115.7758;347.3274
F5508-F5510;2;115.7758;231.5516
F2234P+F2236P;2;431.9104;863.8208
SBMS081;1;806.7898;806.7898
SBMS081CF;1;975.144;975.144
"TTE485 IS20";1;1458.8784;1458.8784
MMOC-CTR-17TBK;2;286.88561;573.77122
MMOC-CTR-17TSL;3;286.88561;860.65683
AC-WS-NI-15;65;10.5124;683.306
AC-WS-NI-20;72;4.1;295.2
AC-WS-HN-20;89;4.1;364.9
AC-WS-HN-15;71;10.5124;746.3804
AC-WS-SB-15;94;4.92;462.48
AC-WS-SU-15;93;9.594;892.242
F2420P+F2418P;2;359.9226;719.8452
F5502+F5500;1;97.0634;97.0634
MMRAD-E90-07;2;231.55693;463.11386
MMRAD-E90-07A;1;275.1018;275.1018
FMINLH11-RD;4;76.3537752;305.4151008
FMINLH11-BL;3;76.3537752;229.0613256
FMINLH11-BK;4;76.3537752;305.4151008
AC-WS-5;152;5.6088;852.5376
AC-WS-10;1;9.2414;9.2414
AC-WS-12;48;10.0204;480.9792
AC-WS-15;6;11.0536;66.3216
AC-WS-12-BT;23;12.6034;289.8782
AC-WS-AU-10-BT;12;9.6678;116.0136
AC-WS-AU-15;11;9.6678;106.3458
AC-WS-AU-12;21;9.6678;203.0238
AC-WS-AU-10;8;9.6678;77.3424
AC-WS-AU-12-BT;6;9.6678;58.0068
AC-WS-AU-15-BT;7;9.6678;67.6746
SVW055D;1;646.0206;646.0206
SVWS055D;1;574.984;574.984
ESR521-RD;1;127.1164;127.1164
SES2300ICPWB;2;164.1968;328.3936
SES2300ICPWR;2;164.1968;328.3936
SP2300WB;2;117.3174;234.6348
SP2300WR;3;117.3174;351.9522
MMRC-13-SM;1;7.79;7.79
MMRC-13-SMCF;1;12.5706;12.5706
20CI33002X-RD;2;602.126;1204.252
MS100204;3;23.7964;71.3892
MS100192;2;23.7964;47.5928
"THE-B5 022 05";2;16.4;32.8
"THE-B5 007 01";4;20.992;83.968
"THE-B5 007 05";1;30.996;30.996
"THE-B5 006 02";2;46.576;93.152
SSE0426-4P-BK;5;33.62;168.1
SSE0426-4P-RD;2;33.62;67.24
SSE0426-4P-EB;4;33.62;134.48
SSE0426-4P-YE;1;33.62;33.62
SSE0427-4P-BK;1;33.1198;33.1198
SSE0427-4P-RD;4;33.1198;132.4792
SSE0427-4P-EB;2;33.1198;66.2396
SSE0427-4P-YE;4;33.1198;132.4792
SSE0420-4P-YE;1;28.1998;28.1998
SSE0420-4P-EB;2;28.1998;56.3996
SSE0420-4P-BK;2;28.1998;56.3996
"THE-B5 002 RS4";1;194.176;194.176
SR-225-BK-ECU;5;142.64406432;713.2203216
SR-225-BL-ECU;2;142.64406432;285.28812864
SR-225-RD-ECU;1;142.64406432;142.64406432
RAB65CRS200;2;273.8204352;547.6408704
FMKT029-BK;2;82.09737336;164.19474672
FMKT029-RD;3;82.09737336;246.29212008
L3P3S7SX;2;166.5092;333.0184
LAP3S7SX;2;110.864;221.728
L3P3S8SX;2;166.5092;333.0184
LAP3S8SX;2;110.864;221.728
LAP3BF3W;3;123.7052;371.1156
LAP3BF3X;4;123.7052;494.8208
L3P3BF3W;2;166.5092;333.0184
L3P3BF3X;1;166.5092;166.5092
LAP3BF2W;3;123.7052;371.1156
LAP3BF2X;3;123.7052;371.1156
L3P3BF2W;2;166.5092;333.0184
L3P3BF2X;1;166.5092;166.5092
SFD0122-4P-RD;3;41.48544;124.45632
SFD0122-4P-EB;2;41.48544;82.97088
SFD0122-4P-BK;5;41.48544;207.4272
SFD0122-4P-YE;1;41.48544;41.48544
SR-232-RD;2;71.31228072;142.62456144
SR-232-BL;2;71.31228072;142.62456144
SR-232-BK;3;71.31228072;213.93684216
SSE0404-4P-BK;1;33.62;33.62
SSE0404-4P-YE;1;33.62;33.62
SSE0404-4P-EB;1;33.62;33.62
SSE0404-4P-RD;1;33.62;33.62
R26-1-1000-01;4;36.9;147.6
R10-10-2;3;41;123
MMSK-XT-3;5;15.6046;78.023
MMSK-XT-6;1;24.9854;24.9854
353849;3;376.0192;1128.0576
353850;3;376.0192;1128.0576
353851;1;376.0192;376.0192
"THE-B5 004 K04";1;459.2;459.2
JE-315366;3;380.849;1142.547
JE-315367;2;376.0192;752.0384
JE-353840;2;372.7228;745.4456
JE-353841;1;372.7228;372.7228
JE-353839;3;372.7228;1118.1684
JE-337966;4;470.0322;1880.1288
JE-337967;3;470.0322;1410.0966
JE-314326;1;630.7686;630.7686
JE-314323;1;630.7686;630.7686
JE-314324;1;630.7686;630.7686
JE-314325;1;630.7686;630.7686
SVWS064D;1;355.0108;355.0108
SVW064D;1;382.8826;382.8826
JE-302299;1;355.1338;355.1338
JE-302300;2;355.1338;710.2676
JE-302301;1;355.1338;355.1338
315114;1;384.2192;384.2192
363325;3;380.8408;1142.5224
363326;2;380.8408;761.6816
363327;1;380.8408;380.8408
LAP3BF1X;2;137.4484;274.8968
AP3BF1XW;1;137.4484;137.4484
L3P3BF1X;3;185.0494;555.1482
3P3BF1XW;1;185.0494;185.0494
ATINTP&C4-BK;6;94.8815112;569.2890672
ATINTP&C4-RD;4;94.8815112;379.5260448
SBMS082;1;336.0278;336.0278
"TTE350+ IS12";1;1036.5784;1036.5784
F2370P+F2374P;2;296.5612;593.1224
F2371P+F2375P;1;296.5612;296.5612
284779;6;376.0192;2256.1152
284780;3;376.0192;1128.0576
284781;2;376.0192;752.0384
STY0014-4P-BK;6;41.4838;248.9028
STY0014-4P-YE;1;41.4838;41.4838
STY0014-4P-RD;3;41.4838;124.4514
MMRT-E36-92EBK;4;58.4906;233.9624
MMRT-E36-92E;6;58.4906;350.9436
FMGK1-BK;2;56.20730016;112.41460032
FMGK1-RD;1;56.20730016;56.20730016
FMINDF500-BK;2;190.69916064;381.39832128
FMINDF500-BL;1;190.69916064;190.69916064
FMINDF500-RD;3;190.69916064;572.09748192
337924;2;372.7228;745.4456
337925;1;372.7228;372.7228
279946;1;559.0842;559.0842
279947;1;559.0842;559.0842
279948;1;559.0842;559.0842
ATIKVAG19-BK;2;126.5736912;253.1473824
ATIKVAG19-BL;4;126.5736912;506.2947648
ATIKVAG19-RD;1;126.5736912;126.5736912
VW121;1;393.1780608;393.1780608
TY17;1;575.44222584;575.44222584
TY18;2;562.81411104;1125.62822208
L3P3FFO3;2;166.5092;333.0184
LAP3FFO3;3;115.1444;345.4332
F2290P+F2291P+F2294P+F2295P;1;411.0086;411.0086
MMOC-MIA-16TBK;1;316.8234;316.8234
MMOC-MIA-16T;1;316.8234;316.8234
242880;5;376.0192;1880.096
242881;3;376.0192;1128.0576
242882;3;376.0192;1128.0576
321249;1;472.1724;472.1724
314437;1;372.7228;372.7228
314438;1;372.7228;372.7228
FMDV32A-BK;5;128.962794;644.81397
FMDV32A-P;2;128.962794;257.925588
FMDV32R-BK;1;122.82913824;122.82913824
FMDV32R-P;3;122.82913824;368.48741472
EVE-FK2V2-CF-LHD-INT;3;594.828;1784.484
EVE-FK2V2-KV-LHD-INT;2;594.828;1189.656
F1550P+F1552P;1;387.5402;387.5402
F1551P+F1553P;1;387.5402;387.5402
JE-300490;2;384.2192;768.4384
SVW1400-4P-BK;2;26.896;53.792
SVW1400-4P-RD;2;26.896;53.792
SBMS076;3;445.6208;1336.8624
VWR12G60RFO;3;57.26045568;171.78136704
VWR12G60RFOC;1;68.52336888;68.52336888
369549C;1;571.2612;571.2612
186235;1;571.2612;571.2612
186236;1;571.2612;571.2612
ARMAMINF56-A;2;402.21;804.42
ARMAMINF56-A-R;2;402.21;804.42
JE-338094;6;564.037;3384.222
JE-338095;2;564.037;1128.074
FMDV33A-A;3;137.21251224;411.63753672
SMZ009;2;292.699;585.398
SMZS009;1;270.1572;270.1572
MBL.321R35G;2;1.1953037992;2.3906075984
MBL.321B35G11;1;1.2867201052;1.2867201052
L3P3VGR6;1;166.5092;166.5092
LAP3VGR6;3;110.864;332.592
F2395P+F2397P;1;287.9348;287.9348
F1452P+F1454P;1;245.549;245.549
SP3089WB;1;137.3664;137.3664
WKE259M77;4;317.6434;1270.5736
WKE259M775;2;317.6434;635.2868
AC-MK45-RU-RD;38;16.974;645.012
AC-MK45-RU-BK;7;16.974;118.818
SBM083CF;1;440.9878;440.9878
SBM083;1;429.1798;429.1798
SAUS088;1;826.15;826.15
TS-0601-3102;2;81.7786;163.5572
TS-0601-3142;2;81.7786;163.5572
VWR8130S3-SEDAN;3;235.58503896;706.75511688
VWR8130S3;3;235.58503896;706.75511688
TS-0622-7142;1;59.0236;59.0236
JE-338096;2;775.966;1551.932
JE-338097;2;775.966;1551.932
TS-0101-1002;1;28.7;28.7
TS-0106-1002;1;41;41
STYS009CF;1;460.2004;460.2004
STYS009;1;408.5404;408.5404
STY009;1;451.5986;451.5986
ATINTFT3-BK-AUTO;2;321.30019656;642.60039312
ATINTFT3-BK;3;354.23080944;1062.69242832
ATINTFT3-BL;1;354.23080944;354.23080944
ATINTFT3-RD;2;354.23080944;708.46161888
SBW1170-4P-YE;1;33.1198;33.1198
SBW1170-4P-EB;2;33.1198;66.2396
SBW1170-4P-RD;2;33.1198;66.2396
SBW1170-4P-BK;3;33.1198;99.3594
SVWS065CF;1;885.1572;885.1572
SVWS066;1;615.9594;615.9594
TS-0615-2242;1;174.2336;174.2336
TS-0615-2192;2;174.2336;348.4672
MMICP-SUP-20BK;2;162.0812;324.1624
MMICP-SUP-20RD;2;162.0812;324.1624
SMNC010;4;145.8452;583.3808
WKE146M875;2;398.0772;796.1544
FMCTDS3-BK;1;247.28676696;247.28676696
FMCTDS3-BL;2;247.28676696;494.57353392
TFSI3xx-bk;90;0.82;73.8
TFSI3xx-rd;90;0.82;73.8
TFSI3xx-wh;87;0.82;71.34
SVW0707-4P-RD;2;41.4838;82.9676
SVW0707-4P-BK;3;41.4838;124.4514
SME0460-4P-RD;2;42.2956;84.5912
SME0460-4P-BK;1;42.2956;42.2956
SFD0256-4P-BK;1;42.2956;42.2956
SFD0256-4P-RD;1;42.2956;42.2956
SFD0255-4P-BK;2;42.2956;84.5912
SFD0255-4P-RD;1;42.2956;42.2956
VWR650000-BLK;1;2136.60876408;2136.60876408
VWR650000-YEL;1;2136.60876408;2136.60876408
VWR494101;2;108.21172968;216.42345936
VWR494100;3;108.21172968;324.63518904
MMFW-SM-6BK;2;6.478;12.956
MMFW-SM-6BL;5;6.478;32.39
MMFW-SM-6GM;3;6.478;19.434
MMFW-SM-6RD;17;6.478;110.126
MMFW-LG-6BK;6;6.478;38.868
MMFW-LG-6GM;8;6.478;51.824
MMFW-LG-6RD;8;6.478;51.824
MMHXF-04-4-BK;6;7.8228;46.9368
MMHXF-04-4-BL;5;7.8228;39.114
MMHXF-04-4-RD;6;7.8228;46.9368
MMHXF-06-4-BK;7;7.8228;54.7596
MMHXF-06-4-BL;9;7.8228;70.4052
MMHXF-06-4-RD;9;7.8228;70.4052
MMHXF-08-4-BK;6;7.8228;46.9368
MMHXF-08-4-BL;3;7.8228;23.4684
MMHXF-08-4-RD;6;7.8228;46.9368
MMHXF-10-4-BK;8;7.8228;62.5824
MMHXF-10-4-BL;6;7.8228;46.9368
MMHXF-10-4-RD;5;7.8228;39.114
MMHXF-12-4-BK;4;10.578;42.312
MMHXF-12-4-BL;4;10.578;42.312
MMHXF-12-4-RD;3;10.578;31.734
FMTIA4-BL;3;98.52854976;295.58564928
FMTIA4-RD;3;98.52854976;295.58564928
FMTIA4-Y;1;98.52854976;98.52854976
FMTIA4-BK;2;98.52854976;197.05709952
SPE1050-4P-RD;2;33.6282;67.2564
SPE1050-4P-BK;2;33.6282;67.2564
SME0865-4P-YE;2;41.4838;82.9676
SME0865-4P-RD;2;41.4838;82.9676
SME0865-4P-BK;1;41.4838;41.4838
SBW0510-4P-EB;2;33.6036;67.2072
SBW0510-4P-RD;2;33.6036;67.2072
SBW0510-4P-BK;1;33.6036;33.6036
SAU0531-4P-EB;1;50.2824;50.2824
SAU0531-4P-BK;1;50.2824;50.2824
SAU0528-4P-RD;2;28.1998;56.3996
SAU0528-4P-BK;2;28.1998;56.3996
TS-0601-2142;1;77.8836;77.8836
TS-0601-2182;2;77.8836;155.7672
TS-0601-2222;1;77.8836;77.8836
WKE150M79AP;1;401.2834;401.2834
WKE150M795AP;1;401.2834;401.2834
AC-500-VRH-BK;20;3.69;73.8
AC-500-VRH-BL;22;3.69;81.18
AC-500-VRH-RD;46;3.69;169.74
AC-200-TBH-BL;13;3.1734;41.2542
AC-200-TBH-RD;81;3.1734;257.0454
AC-200-TBH-BK;10;3.1734;31.734
L3P3VGR7;3;166.5092;499.5276
LAP3VGR7;2;110.864;221.728
AC-MK7-IND-BK;24;14.022;336.528
AC-MK7-IND-BL;9;14.022;126.198
AC-MK7-IND-RD;15;14.022;210.33
MS100208;1;15.8588;15.8588
MS100210;2;15.8588;31.7176
SSE0432-4P-BK;4;41.4838;165.9352
SSE0432-4P-RD;3;41.4838;124.4514
SSE0432-4P-YE;1;41.4838;41.4838
SSE0433-4P-BK;9;41.4838;373.3542
SSE0433-4P-EB;2;41.4838;82.9676
SSE0433-4P-RD;4;41.4838;165.9352
SSE0433-4P-YE;1;41.4838;41.4838
SBW1178-4P-EB;3;28.1998;84.5994
SBW1178-4P-BK;2;28.1998;56.3996
VWR800001;22;5.24627472;115.41804384
VWR800000;11;5.24627472;57.70902192
AC-200-VRH-RD;8;6.642;53.136
AC-200-CAN-BK;2;9.594;19.188
SP-201;132;11.152;1472.064
SP-206;1;11.152;11.152
SP-205;2;11.152;22.304
SP-204;22;11.152;245.344
1050.48.14.R35.6;1;385.728;385.728
1300.48.14.R35.6;1;774.9;774.9
L3P3HC10;3;166.5092;499.5276
LAP3HC10;3;115.1444;345.4332
VW127;2;560.7078;1121.4156
MagnyStick-BK;99;0.82;81.18
MagnyStick-RD;100;0.82;82
MagnyStick-W;98;0.82;80.36
MonaStick-BK;98;0.82;80.36
MonaStick-RD;100;0.82;82
MonaStick-W;99;0.82;81.18
SpaStick-BK;96;0.82;78.72
SpaStick-RD;98;0.82;80.36
SpaStick-W;97;0.82;79.54
MonzStick-BK;100;0.82;82
MonzStick-RD;99;0.82;81.18
MonzStick-W;100;0.82;82
CatalStick-BK;97;0.82;79.54
CatalStick-RD;98;0.82;80.36
CatalStick-W;100;0.82;82
LeMansStick-BK;99;0.82;81.18
LeMansStick-RD;98;0.82;80.36
LeMansStick-W;96;0.82;78.72
SilvStick-BK;100;0.82;82
SilvStick-RD;100;0.82;82
SilvStick-W;100;0.82;82
EstoStick-BK;98;0.82;80.36
EstoStick-RD;98;0.82;80.36
EstoStick-W;97;0.82;79.54
NurbStick-W-BK;77;0.82;63.14
NurbStick-RD;86;0.82;70.52
NurbStick-W;83;0.82;68.06
VWR652002-BLK;3;1126.62286896;3379.86860688
VWR652002-RED;1;1126.62286896;1126.62286896
VWR1200R601E;89;260.10015912;23148.91416168
VWR1200R600E;85;186.60355584;15861.3022464
TTE855;1;2616.5216;2616.5216
TTE710;1;1928.927;1928.927
ACCLAMPHX32-50;460;0.6232;286.672
ACCLAMPHX12-22;359;0.3772;135.4148
ACCLAMPHX10-16;302;0.246;74.292
ACCLAMPHX16-25;170;0.4756;80.852
ACCLAMPHX23-35;158;0.5658;89.3964
ACCLAMPHX30-45;114;0.5658;64.5012
ACCLAMPHX40-60;123;0.6642;81.6966
ACCLAMPHX45-65;115;0.7052;81.098
ACCLAMPHX50-70;145;0.7052;102.254
ACCLAMPHX60-80;102;0.738;75.276
ACCLAMPHX80-100;79;0.8446;66.7234
ACCLAMPHX90-110;50;0.9922;49.61
FMINDK28RF;2;57.93330504;115.86661008
AC-S1-CH-BK;13;50.184;652.392
AC-S1-CH-RD;14;50.184;702.576
AC-VR6-CH-BK;8;52.07;416.56
AC-VR6-CH-RD;9;52.07;468.63
AC-N14-IND-BK;22;18.1876;400.1272
AC-N14-IND-RD;23;18.1876;418.3148
AC-N14-IND-BL;25;18.1876;454.69
AC-MK7-THK-BK;62;18.45;1143.9
AC-MK7-THK-BL;46;18.45;848.7
AC-MK7-THK-RD;39;18.45;719.55
SVW0621-4P-BK;4;33.62;134.48
SVW0621-4P-EB;1;33.62;33.62
SVW0621-4P-RD;1;33.62;33.62
SVW0621-4P-YE;1;33.62;33.62
SVW0622-4P-BK;3;33.62;100.86
SVW0622-4P-RD;2;33.62;67.24
SVW0622-4P-YE;2;33.62;67.24
PH/INDFO22-BK;7;41.18033112;288.26231784
PH/INDFO22-BL;4;41.18033112;164.72132448
PH/INDFO22-RD;3;41.18033112;123.54099336
SSE0630-4P-RD;1;33.62;33.62
SSE0630-4P-BK;1;33.62;33.62
AC-MK7-CH-BK;5;11.07;55.35
AC-MK7-CH-RD;10;11.07;110.7
AC-500-CH-BL;11;14.391;158.301
AC-500-CH-BK;20;14.391;287.82
AC-500-CH-RD;41;14.391;590.031
AC-500-AH-BL;12;16.441;197.292
AC-500-AH-BK;22;16.441;361.702
AC-500-AH-RD;44;16.441;723.404
AC-500-THK-BL;13;10.2008;132.6104
AC-500-THK-BK;24;10.2008;244.8192
AC-500-THK-RD;45;10.2008;459.036
JE-371720;1;509.9498;509.9498
RIP-010-BL;7;36.78243168;257.47702176
RIP-010-RD;5;36.78243168;183.9121584
RIP-010-BK;2;36.78243168;73.56486336
ECA1305WB;3;126.5014;379.5042
ECA1305WR;2;126.5014;253.0028
SP-888;16;9.7252;155.6032
SP-999;13;9.7252;126.4276
SP-820;24;6.8224;163.7376
SP-821;67;6.8224;457.1008
SP-823;17;6.8224;115.9808
SP-822;40;6.8224;272.896
SP-824;16;6.8224;109.1584
SP-733;9;8.774;78.966
SP-734;18;8.774;157.932
SP-732;10;8.774;87.74
SP-736;9;8.774;78.966
SP-738;14;8.774;122.836
SP-124;48;8.979;430.992
SP-134;5;8.979;44.895
SP-760;3;8.979;26.937
SP-756;4;8.979;35.916
SP-121;100;8.979;897.9
SP-128;5;8.979;44.895
SP-130;15;8.979;134.685
SP-998;20;10.6682;213.364
SP-670;23;8.774;201.802
SP-671;14;8.774;122.836
SBM084;1;765.9456;765.9456
SBM084CF;2;907.5596;1815.1192
VWR121000;5;181.94236752;909.7118376
VWR121001;1;181.94236752;181.94236752
SAU0436-4P-BK;4;33.62656;134.50624
SAU0436-4P-EB;1;33.62656;33.62656
SAU0436-4P-RD;6;33.62656;201.75936
SAU0436-4P-YE;1;33.62656;33.62656
MMRAD-350Z-03;5;141.8846;709.423
MMRAD-350Z-03X;2;183.3602;366.7204
MMAI-CTR-17UBK;1;192.782;192.782
MMAI-CTR-17URD;3;192.782;578.346
ARMGOLF8G-B;4;306.0486;1224.1944
ARMGOLF8G-A;2;199.26;398.52
SAUS091;1;501.4054;501.4054
SAUS090;1;756.901;756.901
AC-MK7-DI.A;33;6.642;219.186
AC-MK7-DI.B;44;6.642;292.248
8E0971824S-BL;367;4.1;1504.7
8E0971824S-RD;1002;4.1;4108.2
EUPD4004901R;2;415.5104;831.0208
EUPD4004902R;2;415.5104;831.0208
AC-WS-BM-10-BT;17;10.2664;174.5288
AC-WS-BM-12-BT;69;11.1356;768.3564
AC-WS-BM-15-BT;69;12.2836;847.5684
AC-WS-BM-10;12;5.1332;61.5984
AC-WS-BM-12;16;5.5678;89.0848
AC-WS-BM-15;19;6.1418;116.6942
RBF600;181;5.6744;1027.0664
RBF660;58;7.3062;423.7596
RBF700;20;8.4378;168.756
15w50-2;9;17.466;157.194
15w50-5;7;42.6728;298.7096
CTS-HW-0420R-BK;3;359.7668;1079.3004
CTS-HW-0420R-SL;13;359.7668;4676.9684
F2433P+F2434P;1;403.6532;403.6532
F2430P+F2431P;1;403.6532;403.6532
SVWS059;2;190.2728;380.5456
SVW059;1;219.186;219.186
107920;19;9.6596;183.5324
111049;14;2.2058;30.8812
D650-0009;3;18.573;55.719
034-108-6007;3;68.1174;204.3522
TFSI3xx-bl;100;0.82;82
VWR12G6GTFOC;1;68.52336888;68.52336888
10w60-2;1;15.498;15.498
10w60-5;21;42.6728;896.1288
ATIKFO31-BL;2;312.25086024;624.50172048
BF30500;10;6.56;65.6
BF20500;87;2.911;253.257
E10-20-030-02-22;4;97.744;390.976
E10-20-030-03-22;3;97.744;293.232
VWR12P2GTG;5;326.55622272;1632.7811136
VWR12P2GTM;5;326.55622272;1632.7811136
FMTIA6-BL;2;105.23754048;210.47508096
FMTIA6-RD;2;105.23754048;210.47508096
FMTIA6-BK;3;105.23754048;315.71262144
VWR121003;2;181.94236752;363.88473504
VWR121002;2;181.94236752;363.88473504
BF410LV;47;0.0308708024;1.4509277128
RF328;29;0.0610011612;1.7690336748
SSTS016;1;519.5192;519.5192
LAP3TA90;3;142.2044;426.6132
L3P3SFR2;2;170.7896;341.5792
AC-MK3ST-SC-BK;2;51.66;103.32
AC-MK3ST-SC-BL;6;51.66;309.96
AC-MK3ST-SC-RD;5;51.66;258.3
FMINLH21-BL;4;38.84973696;155.39894784
FMINLH21-RD;2;38.84973696;77.69947392
FMINLH21-BK;2;38.84973696;77.69947392
S90-4-15-009;6;56.744;340.464
S90-4-20-013;4;63.304;253.216
S90-4-25-029;2;60.68;121.36
S90-4-30-016;2;63.632;127.264
S90-4-20-010;3;60.68;182.04
S90-4-25-008;1;63.632;63.632
S90-4-30-003;2;69.208;138.416
S90-4-15-007;4;56.744;226.976
SVWS071CF;1;312.051;312.051
SVWS071;3;273.2076;819.6228
SVWS072;2;292.0184;584.0368
S90-2-10-004-B-BT;11;54.612;600.732
S90-2-12-002-B-BT;4;57.728;230.912
S90-2-15-001-B-BT;11;60.68;667.48
S90-2-10-004-B;4;42.312;169.248
S90-2-12-002-B;2;43.624;87.248
S90-2-15-001-B;1;46.576;46.576
S90-2-12-019-BT;3;47.1008;141.3024
S90-2-15-004-BT;1;49.7248;49.7248
S90-2-12-019;2;45.264;90.528
S90-2-10-021-BT;4;43.952;175.808
S90-2-15-020;1;48.544;48.544
S90-2-10-038-B-BT;6;40.672;244.032
S90-2-12-023-B-BT;6;55.432;332.592
S90-2-15-055-B-BT;4;60.844;243.376
S90-2-10-038-B;2;48.544;97.088
S90-2-12-023-B;5;45.264;226.32
S90-2-15-055-B;7;48.544;339.808
CTS-TR-1010-71;1;1295.1818;1295.1818
CTS-TR-1010-76;3;1391.1218;4173.3654
SBM090CF;1;898.884;898.884
SHYP106;2;118.3916;236.7832
SHYP107;1;68.88;68.88
SHY105;2;435.6332;871.2664
SHY106;3;320.5872;961.7616
SFDS106;1;207.6978;207.6978
SBM088;1;491.7622;491.7622
SME0950-4P-BK;2;28.1998;56.3996
EVE-AMGGT-CF-INT;2;1170.96;2341.92
FMINLH20-BK;4;47.25547824;189.02191296
FMINLH20-RD;3;47.25547824;141.76643472
FMINLH20-BL;3;47.25547824;141.76643472
SAU0437-4P-RD;1;33.6036;33.6036
"TTE490 G4KH-NW";1;1446.5702;1446.5702
S90-7-25-052-B;4;67.24;268.96
FMTIA9-BK;2;129.90868368;259.81736736
FMTIA9-RD;2;129.90868368;259.81736736
FMTIA9-BL;3;129.90868368;389.72605104
SDN125B-C;5;0.4188062916;2.094031458
SDN125R-C;4;0.4188062916;1.6752251664
SDN125Y-C;3;0.4188062916;1.2564188748
SDN150B-C;5;0.4188062916;2.094031458
SDN150R-C;4;0.4188062916;1.6752251664
SDN150Y-C;3;0.4188062916;1.2564188748
SES1128ICPWB;4;148.0674;592.2696
SES1128ICPWR;4;148.0674;592.2696
SP3078WR;5;123.4838;617.419
4B1630H-25;1;19.9916;19.9916
4B1630H-STD;2;19.9916;39.9832
5M8174H-STD;5;40.2784;201.392
5M5563H-STD;10;48.6506;486.506
4B1609H-25;2;23.0092;46.0184
4B1609H-STD;34;23.0092;782.3128
6B1584H-25;2;69.741;139.482
6B1584H-STD;29;69.741;2022.489
5M7788H-25;1;53.669;53.669
5M7788H-STD;2;53.669;107.338
4B7267H-STD;2;29.9464;59.8928
4B2960H-STD;1;28.7164;28.7164
5B5562H-STD;3;38.0562;114.1686
4B5562H-25;2;33.2756;66.5512
4B5562H-STD;9;33.2756;299.4804
5B7880H-25;1;28.0604;28.0604
5B7880H-STD;4;28.0604;112.2416
CTS-HW-0484-BK;2;313.6418;627.2836
CTS-HW-0484-SL;12;313.6418;3763.7016
FMGK2-RD;1;44.25203472;44.25203472
FMGK2-SL;1;44.25203472;44.25203472
FMGK2-BK;2;44.25203472;88.50406944
PH/AUXYGR1-BK;2;73.87690944;147.75381888
PH/AUXYGR1-RD;2;73.87690944;147.75381888
PH/COLGR1-RD;2;54.71532984;109.43065968
PH/COLGR1-BK;3;54.71532984;164.14598952
5M1959H-STD;3;28.1588;84.4764
SSU0700-4P-EB;1;33.1198;33.1198
SSU0700-4P-RD;2;33.1198;66.2396
SSU0700-4P-BK;1;33.1198;33.1198
7M1397H-25;1;83.3612;83.3612
7M1397H-STD;7;83.3612;583.5284
6B1510H-STD;1;70.0444;70.0444
5M5585H-STD;10;47.2074;472.074
4M2633H-STD;2;28.6098;57.2196
L3P3VGT8;4;170.7896;683.1584
LAP3VGT8;3;127.9856;383.9568
L3P3VGR8;1;170.7896;170.7896
LAP3VGR8;4;127.9856;511.9424
L3P3BG42;3;166.5092;499.5276
LAP3BG42;3;123.7052;371.1156
CTS-EA888.1-BOSS600;2;1498.1318;2996.2636
SPR1000-4P-RD;1;33.62;33.62
SPR1000-4P-BK;2;33.62;67.24
SAU0705-4P-RD;1;28.1998;28.1998
SAU0705-4P-BK;1;28.1998;28.1998
SAU0650-6P-RD;1;42.3038;42.3038
SAU0650-6P-BK;1;42.3038;42.3038
WKE365M79;4;368.139;1472.556
WKE365M795;2;368.139;736.278
SK-D13;6;11.89;71.34
4B1972H-STD;2;16.2442;32.4884
AC-MK7-FU-RD;21;21.402;449.442
AC-MK7-FU-P;2;21.402;42.804
4B8171H-STD;2;27.634;55.268
8B1578H-25;1;89.9458;89.9458
8B1578H-STD;4;89.9458;359.7832
8B1580H-STD;3;85.403;256.209
7M1532H-STD;2;70.069;140.138
5M1633H-25;1;51.3156;51.3156
5M1633H-STD;3;51.3156;153.9468
6B2640H-25;1;34.317;34.317
6B2640H-STD;1;31.201;31.201
4B1355H-STD;6;25.2314;151.3884
VWR1210R600EG;2;338.28720504;676.57441008
VWR1210R601EM;1;388.55587824;388.55587824
VWR800003;16;5.24627472;83.94039552
VWR800002;5;5.24627472;26.2313736
SP3000WR;4;171.4046;685.6184
SP3000WB;7;171.4046;1199.8322
15009-AK004;16;14.7246744;235.5947904
15009-AK005;9;14.7246744;132.5220696
SME0465-4P-BK;2;41.48544;82.97088
SME0465-4P-RD;1;41.48544;41.48544
FMDVHFS1-BK;3;130.87407624;392.62222872
5M1985H-STD;1;38.4498;38.4498
16U-02-0450-4;1;158.9652;158.9652
16U-02-0700-4;1;158.9652;158.9652
2203-RN010;1;147.18823536;147.18823536
2203-RN009;1;147.18823536;147.18823536
41003-RM006;4;7.1673084;28.6692336
41003-RF002;2;9.41989104;18.83978208
4103-RN001;7;7.1673084;50.1711588
41003-AF006;1;9.41989104;9.41989104
41003-RN002;5;7.1673084;35.836542
41003-AF007;2;24.3298428;48.6596856
17mx-12-0850-3;2;167.4112;334.8224
17mx-12-1100-3;1;177.0134;177.0134
AC-CEL-FIX-S;66;11.439;754.974
AC-B9S-DP;3;99.63;298.89
SAUS107CF;1;550.3758;550.3758
4B8172H-STD;4;29.8234;119.2936
4B1146H-STD;2;20.2294;40.4588
4B8310H-STD;2;21.156;42.312
10B1580H-STD;2;102.0408;204.0816
6B1515H-STD;2;59.8764;119.7528
4B1236HX-STD;1;22.2958;22.2958
5M1913H-STD;1;28.1588;28.1588
5M8353H-STD;1;26.6418;26.6418
5M1237H-STD;2;40.5654;81.1308
5M1144H-STD;1;48.052;48.052
5M2964H-STD;2;33.9972;67.9944
VWR150004;7;53.8279488;376.7956416
VWR150003;2;53.8279488;107.6558976
27002-AN004;2;1724.17160928;3448.34321856
52008-AK002;7;43.0038504;301.0269528
52008-AK003;9;32.3260236;290.9342124
MST-BW-MIF5602;2;197.87622048;395.75244096
MST-BW-MIF5601;2;197.87622048;395.75244096
FMTIA11-BK;5;159.44579544;797.2289772
FMTIA11-BL;3;159.44579544;478.33738632
FMKT033-BK;2;130.09396104;260.18792208
FMKT033-RD;2;130.09396104;260.18792208
W93452;5;58.01131656;290.0565828
W93453;3;58.01131656;174.03394968
MMHOSE-500T-12BK;2;143.6968;287.3936
4M8533H-25;1;48.544;48.544
4M8533H-STD;4;48.544;194.176
3B8532H-25;1;32.4146;32.4146
3B8532H-STD;2;32.4146;64.8292
TTE600-N54-1x;1;1892.9946;1892.9946
TTE600-N54-3x;1;1892.9946;1892.9946
SBW0271-4P-RD;2;33.1198;66.2396
SBW0271-4P-EB;1;33.1198;33.1198
SBW0271-4P-Y;1;33.1198;33.1198
SBW0351-4P-RD;2;33.1198;66.2396
SBW0351-4P-BK;2;33.1198;66.2396
SBW0270-4P-RD;1;28.1998;28.1998
SBW0270-4P-BK;1;28.1998;28.1998
VWR640015;9;50.45395056;454.08555504
VWR640020;8;57.18244416;457.45955328
VWR640012;5;47.08970376;235.4485188
VWR640017;12;54.22775784;650.73309408
VWR640115;9;50.6587308;455.9285772
VWR640120;8;57.59200464;460.73603712
VWR640112;10;47.69429304;476.9429304
VWR640117;14;54.22775784;759.18860976
52003-AK002;6;22.9646412;137.7878472
52003-AK003;13;18.22544136;236.93073768
52001-AK124;12;18.59599608;223.15195296
52001-AK125;6;63.41361432;380.48168592
52001-AK133;6;63.41361432;380.48168592
52001-AK132;12;18.59599608;223.15195296
52001-AK126;12;18.59599608;223.15195296
52001-AK127;6;63.41361432;380.48168592
SP-187;11;8.979;98.769
SP-183;18;8.979;161.622
SP-181;11;8.979;98.769
SP-193;5;8.979;44.895
SP-189;20;8.979;179.58
S90-4-20-024;4;62.648;250.592
VWR90000;139;23.53997616;3272.05668624
VWR900001;246;23.53997616;5790.83413536
VWR900002;118;23.53997616;2777.71718688
FMBH7-BK;3;35.06617824;105.19853472
FMBH7-BL;1;35.06617824;35.06617824
FMBH7-RD;2;35.06617824;70.13235648
WHL00001;4;167.8704;671.4816
WHL00002;4;167.8704;671.4816
WHL00015;4;142.0404;568.1616
WHL00017;4;142.0404;568.1616
WHL00008;4;193.7004;774.8016
WHL00009;4;193.7004;774.8016
WHL00029;13;169.1988;2199.5844
WHL00024;8;169.1988;1353.5904
SBMS094;1;495.7884;495.7884
AC-200-CH-RD;4;18.45;73.8
AC-200-CH-BK;5;18.45;92.25
4B1293H-STD;2;32.5376;65.0752
5M1295H-STD;2;50.512;101.024
VWR030000-F3RSQ3OPF;1;419.1656484;419.1656484
SMB003;1;584.8322;584.8322
MS100197;7;4.1246;28.8722
MS100178;8;4.1246;32.9968
D757-0009;5;3.69;18.45
D757-0008;5;3.69;18.45
D757-0007;4;3.69;14.76
FMINLH25-RD;2;53.55490848;107.10981696
1050.60.11.D.4;1;281.916;281.916
1050.34.14.14.4;2;284.2366;568.4732
1050.48.14.14B.4;1;281.916;281.916
D660-0098-BLK;1;1033.1754;1033.1754
D660-0100-BLK;2;1180.7918;2361.5836
CI100052-B;4;185.4348;741.7392
HX-N-00-R;4;863.46;3453.84
HX-N-00;1;743.535;743.535
HK-FR-00;5;92.25;461.25
HF-FR-00;1;92.25;92.25
HB-FR-00;3;92.25;276.75
WK651M86;2;293.9536;587.9072
WK651M865;1;293.9536;293.9536
L3P3F15B;2;166.5092;333.0184
LAP3F15B;1;123.7052;123.7052
SAUS112;1;642.593;642.593
SAUS097;1;584.2418;584.2418
SVWS053;1;378.3644;378.3644
SBW1180-4C-RD;1;42.6974;42.6974
SBW1180-4C-BK;2;42.6974;85.3948
SBW1180-4C-EB;1;42.6974;42.6974
CTS-FPK-004-525;3;229.518;688.554
9-201-1019;6;44.2472;265.4832
9-201s-1005;4;44.2472;176.9888
9-301s-1005;2;68.6012;137.2024
9-421s-1005;2;76.7192;153.4384
9-201-0848;3;44.2472;132.7416
9-201-0846;4;44.2472;176.9888
9-201-0791;5;44.2472;221.236
9-301-0791;4;68.6012;274.4048
9-421-0791;3;76.7192;230.1576
9-201-0847;4;44.2472;176.9888
9-301-0847;5;68.6012;343.006
9-421-0847;6;76.7192;460.3152
9-201-0836;6;44.2472;265.4832
52001-AK061;10;10.20000624;102.0000624
9-301-0766;2;68.6012;137.2024
9-421-0766;2;76.7192;153.4384
9-201-0766;6;44.2472;265.4832
9-201-1031;13;44.2472;575.2136
9-301-1031;2;68.6012;137.2024
9-421-1031;2;76.7192;153.4384
9-201-1020;3;44.2472;132.7416
9-301-1020;2;68.6012;137.2024
9-421-1020;1;76.7192;76.7192
9-201-1000;23;44.2472;1017.6856
9-301-1000;15;68.6012;1029.018
9-421-1000;9;76.7192;690.4728
9-201-1024;5;44.2472;221.236
9-301-1024;2;68.6012;137.2024
9-421-1024;2;76.7192;153.4384
9-652-1008;12;64.534;774.408
9-309-1008;15;76.7192;1150.788
9-651-1026;5;64.534;322.67
9-307-1026;8;76.7192;613.7536
9-651-1017;14;64.534;903.476
9-307-1017;9;76.7192;690.4728
9-652-1000;9;64.534;580.806
9-309-1000;7;76.7192;537.0344
9-652-1006;9;64.534;580.806
S90-2-10-013-BT;4;54.5792;218.3168
S90-2-15-008-BT;4;60.4832;241.9328
S90-2-20-021-BT;4;64.0912;256.3648
S90-2-10-013;2;40.672;81.344
S90-2-15-008;2;46.576;93.152
S90-2-20-021;2;50.184;100.368
9-651-1009;5;64.534;322.67
9-355-1025;19;101.065;1920.235
9-655-1025;41;80.7782;3311.9062
9-354-1025;11;101.065;1111.715
9-654-1025;40;80.7782;3231.128
9-651-1010;5;64.534;322.67
9-307-1010;8;76.7192;613.7536
20FO33019X-RD;1;689.1608;689.1608
"60 VS 13";2;205.0902;410.1804
"70 ME 01";2;293.4534;586.9068
"70 AV 13";3;273.8882;821.6646
"60 AV 13";4;182.45;729.8
"70 VS 12";2;250.8052;501.6104
"60 VS 12";1;195.4798;195.4798
"60 VS 18";1;244.4584;244.4584
XA18850+4405GMB;4;1.0849207456;4.3396829824
XA19850+3805HDK;4;1.33564634;5.34258536
PARTS240BL-E;12;0.1474052336;1.7688628032
PARTS240SI-E;12;0.1474052336;1.7688628032
D650-0003;3;14.9486;44.8458
D650-0002;4;14.9486;59.7944
MMHE-G80-21AT;2;270.6;541.2
MMHE-G80-21MT;2;289.706;579.412
GSMD0-8USS2;1;361.0958232;361.0958232
GSMD0-9USS2;2;408.1952784;816.3905568
VSH64-A1DS2;1;222.0402888;222.0402888
VSS28-A1DS2;1;308.38929;308.38929
VSM56-A1DS2;1;222.0402888;222.0402888
VSK04-A1DS2;1;222.0402888;222.0402888
GSM74-91SS2;1;408.1952784;408.1952784
GSM74-81SS2;1;361.0958232;361.0958232
SHYP103;7;90.0606;630.4242
SHYP104;1;90.0606;90.0606
GSM64-9USS2;4;392.49546;1569.98184
GSM64-8USS2;2;345.3960048;690.7920096
GSA22-9USS2;3;431.745006;1295.235018
GSA22-8USS2;2;376.7956416;753.5912832
GSH98-9USS2;1;408.1952784;408.1952784
GSH98-8USS2;1;361.0958232;361.0958232
GSS54-91SS2;1;504.63702;504.63702
GSS54-81SS2;1;454.173318;454.173318
GSR52-91SS2;1;439.5949152;439.5949152
GSR52-8USS2;1;384.6455508;384.6455508
GSP26-8UAS2;1;392.49546;392.49546
VSP24-C1AA3;2;573.0433716;1146.0867432
VSS78-C1SA4;1;557.3435532;557.3435532
GSS84-8USS2;1;384.6455508;384.6455508
VSP92-C1AA3;2;573.0433716;1146.0867432
GSP92-8UAS2;3;392.49546;1177.48638
VSGC0-C1AS1;1;643.6925544;643.6925544
GSGC0-8UAS2;1;502.3941888;502.3941888
VSN20-C1SA4;2;557.3435532;1114.6871064
GSP04-8USS2;3;384.6455508;1153.9366524
VSK82-C1SA4;1;557.3435532;557.3435532
GSP06-8USS2;2;384.6455508;769.2911016
GSM56-81SS2;2;345.3960048;690.7920096
VSM58-C1SA3;1;533.7938256;533.7938256
VSAEA-C1SA4;2;604.4430084;1208.8860168
VSAEA-K1LS4;2;1255.985472;2511.970944
VSTN0-C1AA3;2;690.7920096;1381.5840192
VSTN0-K1NS4;2;1569.98184;3139.96368
VSR84-C1SA4;1;557.3435532;557.3435532
VSR52-K1LS4;1;1255.985472;1255.985472
VSMC6-K1LS3;1;1020.488196;1020.488196
VSMD0-CUSA3;1;525.9439164;525.9439164
VSTD8-C1SA4;1;565.1934624;565.1934624
VSTD8-K1LS1;1;1255.985472;1255.985472
SSUS010;1;306.803;306.803
SBM097D;1;542.184;542.184
5M8312H-STD;1;46.1906;46.1906
4B7787H-STD;1;42.9106;42.9106
MMAI-CTR-17RRD;2;297.2541;594.5082
MMAI-CTR-17RBK;2;297.2541;594.5082
L3P3A8YX;4;170.7896;683.1584
LAP3A8YX;2;127.9856;255.9712
FMKCREN197-BL;1;167.49073344;167.49073344
FMKCREN197-BK;1;167.49073344;167.49073344
FMKCREN197-RD;1;167.49073344;167.49073344
22002-AN-023;1;137.37828672;137.37828672
22002-AN-024;1;137.37828672;137.37828672
23001-AT002;1;125.5985472;125.5985472
23002-AT003;2;137.37828672;274.75657344
23002-AT001;1;200.16780888;200.16780888
2301-RN039;1;113.81880768;113.81880768
23001-AN001;1;125.5985472;125.5985472
23001-AM007;2;125.5985472;251.1970944
51007-AK501;2;37.43577816;74.87155632
51007-AK512;2;37.43577816;74.87155632
23001-AM005;2;137.37828672;274.75657344
TTE300THP-NW;1;975.8;975.8
SSZ0205-6P-RD;2;49.5198;99.0396
SSZ0205-6P-BK;1;49.5198;49.5198
FMKT035-RD;1;127.55858664;127.55858664
FMINDK32-BL;2;241.40664864;482.81329728
FMINDK32-BK;2;241.40664864;482.81329728
FMINDK32-RD;2;241.40664864;482.81329728
FMBH4-RD;1;11.83824816;11.83824816
FMBH4-BL;1;11.83824816;11.83824816
FMKC022-BL;2;49.31303208;98.62606416
FMKC022-BK;1;49.31303208;49.31303208
FMKT026-RD;2;110.00599464;220.01198928
FMKT026-BK;1;110.00599464;110.00599464
FMKT026-BL;2;110.00599464;220.01198928
FMKT035-BL;2;127.55858664;255.11717328
FMKC022-RD;2;49.31303208;98.62606416
SHD0398-4C-RD;1;60.9752;60.9752
SHD0398-4C-BK;1;60.9752;60.9752
20SU33002-RD;1;602.126;602.126
WHL00014;8;167.8704;1342.9632
SHY0800-4P-EB;1;41.48544;41.48544
SHY0800-4P-RD;2;41.48544;82.97088
SHY0800-4P-BK;6;41.48544;248.91264
SHY0900-4P-EB;3;41.4838;124.4514
SHY0900-4P-RD;3;41.4838;124.4514
SHY0900-4P-BK;1;41.4838;41.4838
SME0461-4C-RD;2;60.9752;121.9504
SME0461-4C-BK;2;60.9752;121.9504
AU66YTP09LR;1;427.4056152;427.4056152
VW26;4;352.1244984;1408.4979936
S-90-2-15-017-B-BT;4;64.288;257.152
S-90-2-12-004-B-BT;6;61.008;366.048
S-90-2-10-002-B-BT;6;58.056;348.336
VSH64-K1LS3;1;1020.488196;1020.488196
VSH64-C1SA3;1;525.9439164;525.9439164
VSUB8-C1AA2;1;588.74319;588.74319
VSY24-C1SA4;1;612.2929176;612.2929176
VSSB0-K1LS1;1;1255.985472;1255.985472
VSSB2-C1SA4;2;557.3435532;1114.6871064
51007-AK553;30;1.67724768;50.3174304
51007-AK551;5;1.67724768;8.3862384
51007-AK552;5;1.67724768;8.3862384
KCF-4;32;1.67724768;53.67192576
L3P3HC11;3;170.7896;512.3688
LAP3HC11;2;127.9856;255.9712
VSE18-K1LS4;1;1255.985472;1255.985472
VSE18-C1SA4;1;557.3435532;557.3435532
U3P3DIY1;1;170.7896;170.7896
UAP3DIY1;1;127.9856;127.9856
SAUS115;1;876.9818;876.9818
SAUS087CF;1;1104.6384;1104.6384
SAUS087;3;717.623;2152.869
SBM098CF;1;907.5596;907.5596
52001-AK154;10;59.0449692;590.449692
6-02-0362-B;4;2.4354;9.7416
6-02-0361-B;4;3.157;12.628
6-02-0864-3;10;14.063;140.63
6-02-0865-3;10;16.5394;165.394
6-02-0866-3;10;19.2782;192.782
FMAS049-YL;7;10.0439832;70.3078824
FMAS049-BL;12;10.0439832;120.5277984
FMAS049-RD;15;10.0439832;150.659748
FMAS049-GR;3;10.0439832;30.1319496
SMB005;1;584.8322;584.8322
74040210001BL;4;0.0477870908;0.1911483632
74040210001RD;4;0.0477870908;0.1911483632
74040210001WH;4;0.0477870908;0.1911483632
74040210001YL;4;0.0477870908;0.1911483632
FMINDK45-FOAM;4;143.97026016;575.88104064
FMINDK45-PLEATED;2;143.97026016;287.94052032
ASMSHIRTS-Z;4;4.1;16.4
ASMSHIRTM-Z;4;4.1;16.4
ASMSHIRTL-Z;4;4.1;16.4
ASMSHIRTXL-Z;10;4.1;41
ASMSHIRTXXL-Z;4;4.1;16.4
MMWS-001-150BK;3;50.963;152.889
MMWS-001-200BK;2;50.963;101.926
MMHOSE-PL-06-240;1;30.668;30.668
MMHOSE-PL-08-240;1;33.374;33.374
MMHOSE-PL-10-240;1;38.786;38.786
MMHOSE-PL-04-240;1;26.609;26.609
MMHOSE-PL-12-240;1;54.571;54.571
5M1573H-25;1;82.697;82.697
5M1573H-STD;2;82.697;165.394
7M1512H-25;1;85.0504;85.0504
SLM0300-4P-RD;1;33.62;33.62
;;;2712479.4111242
