REFERENCE;QUANTITY;"WHOLESALE PRICE";TOTAL
SE10;1;200.6977306;200.6977306
ACSP1;31;4.1;127.1
AC-E46-FU;11;77.9;856.9
AC-FU-E36;11;36.9;405.9
AC-S2K-FU;8;24.6;196.8
FMBGFK2;1;22.5650921;22.5650921
RD3025;5;180.4902;902.451
SP1105BLK;4;164.041;656.164
SP1128WB;8;186.1236;1488.9888
FMDV14T-POL;4;35.08067666;140.32270664
SP6063BLK;3;141.5484;424.6452
FMDVK04D;4;78.79749656;315.18998624
FMDVSUB01;2;88.69104666;177.38209332
FMDVATSI-POL;1;119.27819958;119.27819958
FMDV004-POL;2;52.62588866;105.25177732
FMINTLFS-LS-BLA;1;345.28977216;345.28977216
216BFWAEBOSM;11;23.575;259.325
AC-NC-FU;5;24.6;123
216BFWAOTSM;29;17.712;513.648
216BFWAOPSM;34;20.582;699.788
VIB-1458;54;0.287;15.498
RN09;2;149.01733392;298.03466784
ECA3015;1;116.4564;116.4564
SP2070P;1;149.2236;149.2236
EVO1206;6;202.663;1215.978
FMWRX301-ALL;3;71.63320166;214.89960498
216EVOWGAFRWB4.9-WO;6;91.84;551.04
216EVOAFRWB4.9-WO;3;91.84;275.52
MMAI-CLA45-14BK;12;177.1692;2126.0304
RN12;1;217.74582826;217.74582826
MMRAD-370Z-09;2;280.071;560.142
MMFAN-SWITCH;6;20.746;124.476
CTS-IT-105R;25;123;3075
200001076;1;414.8216;414.8216
FMDVK04SA-SIL;8;78.79749656;630.37997248
FMDV2A;2;106.85034108;213.70068216
FMDVA45A;3;91.06939762;273.20819286
FMDVST180A;2;121.66629788;243.33259576
FMDV14TSI-POL;2;36.59151436;73.18302872
FMBGFK6;2;25.06041114;50.12082228
FMPCVD1;6;48.14211226;288.85267356
SES1989TT;4;778.098;3112.392
CTS-HW-031;18;61.5;1107
CTS-IT-250;13;171.3718;2227.8334
CTS-IT-220R;22;135.3;2976.6
CTS-HW-030;9;45.0918;405.8262
CTS-IT-110;26;103.7218;2696.7668
CTS-HW-0090;5;81.1718;405.859
CTS-HW-0151;15;90.1918;1352.877
CTS-IT-270R;27;142.2618;3841.0686
CTS-HW-0099;4;90.1918;360.7672
FMINTMRS;1;417.14716264;417.14716264
MMRAD-E46-01;5;274.5606;1372.803
MMRAD-E36-92;19;138.908;2639.252
MMRAD-RSF-09;2;228.78;457.56
CTS-IT-500;19;76.6618;1456.5742
MMRAD-GLF-94;10;128.084;1280.84
MMRAD-MK5-08;9;136.653;1229.877
MMRAD-GLF-99;16;136.653;2186.448
MMRAD-B4-90;4;136.653;546.612
MMRAD-BRZ-13;3;131.487;394.461
CTS-IT-280;14;69.7;975.8
MMRAD-MIA-99;10;124.476;1244.76
MMRAD-RX8-04;6;145.673;874.038
MMRAD-240-89KA;2;111.4216;222.8432
MMRAD-CIV-02SI;1;114.4064;114.4064
MMRAD-INT-94;2;118.6868;237.3736
MMRAD-EVO-10;2;148.1576;296.3152
MMAI-350Z-03H;4;95.366;381.464
CTS-CC-MK6TSI;4;266.4918;1065.9672
MMTS-E90-07;10;32.021;320.21
MMTS-350Z-03L;3;24.64674;73.94022
MMTS-WRX-01;4;24.805;99.22
MMTS-GTR-09;2;51.414;102.828
MMTS-BRZ-13;2;22.55;45.1
MMTS-RX8-04L;7;25.1412;175.9884
MMTS-RSX-02;1;24.6;24.6
MMTS-VR6-93L;6;26.158;156.948
MMTS-EVO-01;3;23.6898;71.0694
MMTS-FIST-14;3;24.6492;73.9476
CTS-CC-GOLFR;3;196.7918;590.3754
CTS-CC-MK5FSI;3;213.1918;639.5754
MMDP-MUS4-15CAT;1;238.0952;238.0952
216EVOEOP-RB;12;37.597;451.164
216EVOOT-RB;2;22.55;45.1
216EVOWT-C;3;22.55;67.65
CTS-20T-MK5-DF;6;328;1968
CTS-HS-150;2;12.3;24.6
CTS-IT-285;26;39.3518;1023.1468
CTS-HW-003;3;29.5118;88.5354
CTS-SIL-NOISE;4;13.5218;54.0872
CTS-IT-600;4;69.7;278.8
CTS-IT-275;11;90.1918;992.1098
CTS-IT-210;11;90.1918;992.1098
"CTS-HW-036 ARP";2;77.0718;154.1436
CTS-HW-0199;10;36.0718;360.718
MMOC-E46-01;5;364.777;1823.885
FMMK5FMIC-BLA;2;366.3050372;732.6100744
FMINT32;1;391.47266908;391.47266908
FMINDST180;4;91.75171142;367.00684568
FMIND05;3;134.06491436;402.19474308
216EVOEGT;14;42.927;600.978
MMOC-MIA-99T;1;192.9624;192.9624
MMOC-EVO-08;2;268.7796;537.5592
MMBCC-N54-06CBE2;6;96.514;579.084
EVO9200;4;167.2718;669.0872
EVO300E;7;174.6272;1222.3904
MMBCC-FIST-14PBE;3;87.8712;263.6136
MMBCC-FOST-13PBE2;2;91.6596;183.3192
MMBCC-MUS4-15PBE;1;74.9234;74.9234
MMBCC-BRZ-13PBE;1;89.6506;89.6506
CTS-IT-020;6;69.7;418.2
MMHOSE-MIA-90HHBK;2;28.5606;57.1212
MMHOSE-MIA-94HHBK;2;31.21822;62.43644
216BFWAWTSM;24;17.712;425.088
216BFWAVOSM;18;16.236;292.248
216BFWGEBOSM;4;24.887;99.548
216BFWGOPSM;5;21.894;109.47
216BFWGOTSM;6;19.065;114.39
MMHOSE-R35-09BK;1;63.591;63.591
FMBGFK3;4;24.7095069;98.8380276
FMDVRMR;1;82.20906556;82.20906556
MMRAD-K20-EK;1;145.2384;145.2384
MMRAD-K20-EG;2;130.4128;260.8256
FMDVCS14A;1;64.32269666;64.32269666
CTS-HW-028;4;45.0918;180.3672
CTS-HW-049;1;14.7518;14.7518
JSK-118;1;211.14687908;211.14687908
S-RE/T/1;1;1424.4712;1424.4712
E-BM/T/3;1;1266.0554;1266.0554
FMINTRM-BLA;1;265.54678362;265.54678362
CTS-EXH-DP-0007;3;360.7918;1082.3754
FMINT2TTRS;1;688.4546242;688.4546242
FMINTTTS;1;335.22076994;335.22076994
FMINT135F20;1;382.27118012;382.27118012
FMINTR56-ALL;1;324.22577042;324.22577042
FMINTMF56;1;269.50420366;269.50420366
MMFS-S2K-00;2;85.3128;170.6256
MMFS-INT-94;2;97.416;194.832
MMFS-MIA-90;4;104.9026;419.6104
MMFS-MIA-99;5;97.416;487.08
MMFS-RX8-04;7;97.416;681.912
PF04;38;109.06;4144.28
SES1987TT;7;779.4756;5456.3292
Evo1102;9;354.7976;3193.1784
SES9001TT;2;550.589;1101.178
10.127.100K;32;153.3154;4906.0928
MMEXH-WRX-15;1;499.872;499.872
MMRAD-FOST-13;1;263.384;263.384
CTS-IT-190;4;123;492
CTS-HW-0133;4;72.1518;288.6072
MMBCC-RS-16PBE2;1;99.4414;99.4414
AC-200-OSA;18;13.817;248.706
MMTS-GTI-99;8;26.158;209.264
CTS-HW-262;15;103.7218;1555.827
CTS-HW-118;2;22.1318;44.2636
TTE80;1;54.571;54.571
CTS-HW-046;1;59.0318;59.0318
CTS-CPA-001;2;28.7;57.4
EVO1801;2;164.9758;329.9516
SES1230TT;3;614.016;1842.048
EVO2001;2;167.2718;334.5436
FMMD2;3;57.2656225;171.7968675
MMFS-CIV-92;5;72.611;363.055
MMFS-S14-95SR;1;94.9724;94.9724
MMFS-EVO-01;2;96.9076;193.8152
MMFS-B4-90;3;96.9076;290.7228
MMFS-BRZ-13P;3;145.222;435.666
MMFS-240-89KA;8;97.416;779.328
FMCCRADS53T;1;477.61966;477.61966
MMFS-350Z-03;5;112.75;563.75
MMFS-EVO-10;1;96.9076;96.9076
FMBGFK4;2;22.18494584;44.36989168
FMMD3;1;73.87508986;73.87508986
VWR12G6GT;6;159.01810476;954.10862856
VWR12G7R600ITINLET;81;67.0616992;5431.9976352
MMOP-TPS;18;28.413;511.434
VWR12G5GT;6;222.88267644;1337.29605864
005001005;1;398.6266;398.6266
VWR12L0CR;1;242.04594688;242.04594688
VWR12G60R;11;235.66143918;2592.27583098
FMSCPS53T;2;104.35502204;208.71004408
FMDVV4010-POL;2;62.83135364;125.66270728
VWR160001;57;57.48006398;3276.36364686
VWR31G5GT;2;116.3832396;232.7664792
VWR31G60R;2;116.3832396;232.7664792
VWR31G7GT;19;125.73093866;2388.88783454
VWR31G70R;8;125.73093866;1005.84750928
VWR31S000;4;116.3832396;465.5329584
VWR19G701;9;31.93228584;287.39057256
VWR19G702;14;38.31679354;536.43510956
VWR12P0GT;3;171.15354306;513.46062918
VWR1230S3;6;248.43045458;1490.58272748
11002BK;404;1.9762;798.3848
MMGP-RS-16BK;3;39.7044;119.1132
VWR11G502;4;31.93228584;127.72914336
VWR11G503;2;31.93228584;63.86457168
VWR11P1GT;3;48.43453246;145.30359738
VWR11P0GT;3;55.14070238;165.42210714
VWR11G501;3;31.93228584;95.79685752
VWR11G701;11;38.31679354;421.48472894
VWR1140S4;2;58.86418626;117.72837252
VWR12PRWRC;2;407.13664446;814.27328892
VWR12G6K03;1;222.88267644;222.88267644
VWR121020;2;282.39018714;564.78037428
FMBGFK7;2;20.25497252;40.50994504
VWR69G7KIT;6;70.24907938;421.49447628
VWR15G503;4;126.92986148;507.71944592
MMTS-240-89KA;4;24.6492;98.5968
MMSTB-FIST-14TB;1;72.8242;72.8242
748354027150;2;89.6506;179.3012
MMSK-TUE-16;2;27.388;54.776
MMSK-RKST;1;34.2022;34.2022
MMSK-PGR-BK;3;39.3354;118.0062
MMSK-FSB;2;27.06;54.12
MMSK-CF;1;21.771;21.771
216EVOBO;5;29.602;148.01
216BFWABOSM;27;13.366;360.882
216BFWAFPSM;5;22.55;112.75
VWR13G700;41;312.9383507;12830.4723787
VWR13G700RFK;46;31.93228584;1468.88514864
MMGRT-215;7;14.8994;104.2958
MMGRT-235;1;28.1916;28.1916
FMINTMK7-BLA;1;351.1479235;351.1479235
TTE780;1;2555.981;2555.981
CTS-EXH-CB-0002;4;368.9918;1475.9672
CTS-EXH-CB-0020-2;4;491.9918;1967.9672
CTS-EXH-CB-0008;1;442.7918;442.7918
AC-200-HS;38;7.79;296.02
CTS-EXH-CB-0001;2;344.3918;688.7836
CTS-EXH-CB-0003;1;479.6918;479.6918
CTS-EXH-CB-0015;2;688.7918;1377.5836
CTS-EXH-CB-0017;2;270.5918;541.1836
CTS-EXH-CB-0016;1;338.2418;338.2418
AC-200-FD;21;11.89;249.69
FMCCRAD7;2;645.72228564;1291.44457128
FMINT7;1;312.26578424;312.26578424
FMTUBL1;4;37.55650102;150.22600408
FMRMCLMP;2;14.90368286;29.80736572
FMSBCVXR;1;23.11094314;23.11094314
FMBGFK11;4;25.06041114;100.24164456
FMWBSCI-BLA;1;58.20136714;58.20136714
FMVAG5QS;2;62.97756374;125.95512748
FMBP135F20;3;175.83226626;527.49679878
CTS-IT-300R;15;135.2918;2029.377
FMSS2;1;60.7259282;60.7259282
FMBGMCS;1;18.06182102;18.06182102
FMBPVXA;3;18.02283166;54.06849498
FMBPVRM;1;20.62537144;20.62537144
FMBSMP18T;4;131.57934266;526.31737064
FMWS11BB;2;31.21098268;62.42196536
JSK-111-70;4;76.00975732;304.03902928
JSK-110;1;123.9861648;123.9861648
FMOCRS4;2;536.87373986;1073.74747972
JSK-115-TWIST;1;154.982706;154.982706
JSK-103;3;71.7891591;215.3674773
JSK-103-80;7;71.7891591;502.5241137
CK-003;7;10.8195474;75.7368318
MMAF-REOIL-RD;8;8.7904;70.3232
CTS-IT-310;4;82;328
FMKT135F20;8;48.7367;389.8936
VWR31G70RW;4;125.73093866;502.92375464
VWR610360GUN;8;193.01682668;1544.13461344
VWR610360SVR;4;193.01682668;772.06730672
ACCLAMP3;25;0.9266;23.165
ACCLAMP275;32;0.9266;29.6512
VWR12G7R600FO;23;58.27934586;1340.42495478
FMAUTB2;4;176.69977952;706.79911808
FMRCAM;1;174.477386;174.477386
FMRCAMF56;1;183.1525186;183.1525186
FMDV6A;4;174.04850304;696.19401216
FMDVST180R;2;119.27819958;238.55639916
FMDVCS14R;2;80.3668183;160.7336366
VWR19G706;19;41.51392106;788.76450014
VWR19G704;4;38.31679354;153.26717416
FMDVF20R;3;92.83366616;278.50099848
FMDVR56A;4;113.59550036;454.38200144
FMDVR60R;2;99.26691056;198.53382112
FMDVF20A;1;77.97872;77.97872
FMDVMCS;2;37.32256486;74.64512972
VWR12P0GT-FO;3;64.332444;192.997332
FMDVR60A;4;121.66629788;486.66519152
FMKTS1-RED;2;110.7785191;221.5570382
10.127.101K;13;153.3154;1993.1002
10.127.203K;25;153.3154;3832.885
CTS-MM-TAI-3;3;18.0318;54.0954
VIB-1559;102;0.287;29.274
FMCTMK6;4;202.3060417;809.2241668
CTS-HW-0091;9;76.6618;689.9562
VWR30G500;1;199.25512428;199.25512428
MMICP-RS-16CBK;2;94.259;188.518
DI-BM/CA/1;1;626.1028;626.1028
L3P3AC7X;2;185.0084;370.0168
U3P3ZC25;4;232.5684;930.2736
EVE-E46-INT;2;456.576;913.152
EVE-RS5-CF-INT;4;1193.1;4772.4
EVE-N55V2-CF-INT;1;646.488;646.488
EVE-E60V2-CF-INT;3;713.4;2140.2
EVE-2TFSI-CF-INT;11;435.42;4789.62
EVE-F10M5-CF-INT;1;1038.12;1038.12
EVE-FLC;30;13.776;413.28
EVE-151-G2-FTR;9;41.82;376.38
EVE-661-G2-FTR;13;41.82;543.66
RPF-1813;1;17.92535826;17.92535826
RPF-1929;1;37.55650102;37.55650102
RPF-1721;1;19.2997332;19.2997332
RPF-1566;4;17.06759234;68.27036936
RPF-1512;3;21.03475972;63.10427916
RPF-1747;1;19.2997332;19.2997332
RPF-1869;4;37.55650102;150.22600408
RPF-1846;1;17.06759234;17.06759234
RPF-1557;1;17.06759234;17.06759234
RPF-1992;2;17.06759234;34.13518468
RPF-1251;1;17.057845;17.057845
VWR13G500;6;224.86138646;1349.16831876
VWR19G703;11;44.71104858;491.82153438
DP-BM/SS/3;1;826.765;826.765
FMVWQS;2;49.711434;99.422868
238SMBO270-PK;4;33.538;134.152
238SMOT270-C;3;23.288;69.864
238SMOP270-PK;3;40.631;121.893
216BFWGBOSM;8;14.719;117.752
CTS-DP-IK1;12;6.15;73.8
VWR180000;51;7.02783214;358.41943914
ATINTVAG28;1;443.70866414;443.70866414
ATINTVAG18;2;590.19168966;1180.38337932
ATINTVAG15;3;307.89897592;923.69692776
ATINTVAG12;6;352.47356174;2114.84137044
ATINTVAG11;3;293.2487239;879.7461717
ATINTVAG6;2;307.89897592;615.79795184
ATINTVAG8;1;307.95745996;307.95745996
ATINTMINI01;2;227.93179856;455.86359712
ATINTMINI05;2;279.27103834;558.54207668
ATINTMAZ02;1;422.57643102;422.57643102
ATINTMAZ01;3;253.32361926;759.97085778
ATINTFO25;6;148.07184194;888.43105164
ATINTFO26;2;309.74122318;619.48244636
ATINTFO12;2;236.372995;472.74599
ATINTFO44;3;303.01555858;909.04667574
ATINTREN5;3;307.20691478;921.62074434
ATINTREN3;1;310.38454762;310.38454762
ATINTREN1;1;248.78135882;248.78135882
ATINTVAG7;3;388.60695112;1165.82085336
EVE-C7RS6-CF-INT;6;1101.096;6606.576
VWR12G7CUP;2;194.14751812;388.29503624
JSK-104;2;69.73247036;139.46494072
001422.999502;9;359.037;3231.333
613182.654150;27;37.1952;1004.2704
002352.999505;3;376.6014;1129.8042
FMBGFK12;1;25.1968739;25.1968739
001394.999502;7;359.037;2513.259
FMDVK04S-MAC;2;78.79749656;157.59499312
CTS-EXH-DP-0001-FSI;3;164;492
CTS-TM-MK56-60D;1;49.2;49.2
CTS-EXH-TP-0007;3;67.6418;202.9254
CTS-IT-180;2;135.2918;270.5836
CTS-DB-MK4-60D;3;18.0318;54.0954
CTS-EM-MK456-4-60D;4;49.2;196.8
GTHSB-5;331;1.107;366.417
EVE-E9X-CF-INT;4;407.3678;1629.4712
EVE-B58-CF-INT;10;609.096;6090.96
AC-180-CPA;51;12.3;627.3
420103485B;224;5.74;1285.76
ASAF;5401;0.2542;1372.9342
CTS-AF-275;6;19.6718;118.0308
CTS-EXH-DP-0019;2;293.1418;586.2836
ESR912;3;107.5512;322.6536
MMICP-RS-16HWBK;3;143.418;430.254
883089.000038;1;882.8694;882.8694
VWR12P1GT;8;190.9503906;1527.6031248
AC-200-TP;13;24.6;319.8
001939.001707;1;323.3916;323.3916
MMBCC-N55-11CBE;7;102.1228;714.8596
MMTS-MIA-99;2;24.641;49.282
MMTS-MB62-08L;2;24.641;49.282
001394.999505;2;382.8006;765.6012
002352.999502;1;353.3544;353.3544
001394.999998;2;345.6054;691.2108
001394.001735;3;365.2362;1095.7086
999760.999985;1;328.041;328.041
001394.999529;1;317.34;317.34
001243.999978;2;367.8192;735.6384
001243.999533;1;374.535;374.535
000827.999980;1;381.7674;381.7674
EVE-S1-CF-INT;7;299.628;2097.396
FMMK7DP-BLA;2;131.57934266;263.15868532
AC-200-PCVCC;45;9.84;442.8
FMINT11;2;670.1783617;1340.3567234
JS-090-BK;3;37.55650102;112.66950306
10.127.203T;5;6.5272;32.636
210001074;1;177.0216;177.0216
CTS-EXH-DP-0014;7;221.3918;1549.7426
FMSCPS53TIK;3;86.91703078;260.75109234
EVE-8VRS3-CF-LHD-INT;3;810.3158;2430.9474
AC-RX8-RU;6;23.78;142.68
FM1582i;2;286.3112;572.6224
AC-GR-FU;9;24.6;221.4
ATMSFO71;2;66.61332156;133.22664312
883089.000034;2;739.2546;1478.5092
ATINTMB02;1;245.69145204;245.69145204
883089.000071;1;726.3396;726.3396
PF05;17;118.9;2021.3
883089.000035;3;755.7858;2267.3574
CTS-EM-MK45-6-60D;2;49.2;98.4
CTS-TM-MK4-60D;6;49.2;295.2
CTS-HW-0150;1;27.0518;27.0518
AC-RX8-FU;4;23.78;95.12
ATINTVAG19;1;420.29555346;420.29555346
EVE-FK8-CF-INT;5;678.96;3394.8
FMDV13A-POL;2;106.75286768;213.50573536
FMTUBL2;3;43.51212576;130.53637728
FMCT4;2;162.84880938;325.69761876
FMTIA1;3;83.50546178;250.51638534
FMDV13R-POL;1;86.47840048;86.47840048
216BFWGFPSM;7;23.903;167.321
PSHUDOBDII-2;3;41;123
999789.999508;1;363.1698;363.1698
001267.001683;1;318.7422;318.7422
CTS-EXH-DP-0017;1;270.5918;270.5918
CTS-EXH-DP-0015;1;245.9918;245.9918
CTS-EXH-DP-0003;1;270.5918;270.5918
CTS-SIL-0070;3;32.8;98.4
FMDVF500A-SILVER;2;111.10992866;222.21985732
EVE-E9X-CF-ARB;2;280.932;561.864
VWR1130RS;6;35.12941336;210.77648016
VWR1141S4;3;63.86457168;191.59371504
VWR30G700;2;252.2611592;504.5223184
EVE-F8xM-PF;5;56.088;280.44
MMTS-TC-05L;4;24.6492;98.5968
MMBCC-MS3-07PBE2;1;91.4136;91.4136
MMBCC-370Z-09PBE;2;186.4106;372.8212
MMBCC-350Z-03PBE;4;140.3266;561.3064
MMICP-FOST-13CBK;2;52.2504;104.5008
MMICP-FOST-13HP;2;67.4532;134.9064
FMCC1;1;906.50262;906.50262
CTS-EM-MQB-60D;5;49.2;246
CTS-TM-MQB-60D;3;49.2;147.6
VWR814100;1;207.55985796;207.55985796
FMCTMK7;5;195.1417468;975.708734
001423.000685;1;338.373;338.373
3182654196;2;101.7374;203.4748
06F103483E;31;0.656;20.336
AC-200K04-OT;98;41;4018
CTS-IT-255R;21;155.7918;3271.6278
CTS-EXH-TP-0008;17;67.6418;1149.9106
CTS-HW-0243;2;39.3518;78.7036
CTS-HW-0242;10;31.5618;315.618
CTS-HW-0248;2;39.3518;78.7036
CTS-EXH-DP-0010;2;248.0418;496.0836
AC-18-DP;23;61.5;1414.5
AC-N54-DP;25;90.2;2255
AC-200R-DP;44;65.6;2886.4
P3ABS;2;38.048;76.096
AC-200-DP;57;61.5;3505.5
VWR18G700;20;281.00606486;5620.1212972
FMCCRAD8;1;395.56655188;395.56655188
FMCCRAD9;1;527.99391312;527.99391312
FMHFIP1;4;131.22843842;524.91375368
1K0253144BD;42;4.018;168.756
CTS-HW-257;10;49.1918;491.918
VWR3130RS;5;125.73093866;628.6546933
VWR3141S4;2;125.73093866;251.46187732
06J103600AFKIT;32;11.234;359.488
SVAGX005;2;335.6301;671.2602
SHDX014;1;292.1742;292.1742
SAUX045;1;370.3612;370.3612
SAUX074;2;301.432;602.864
SVWX036;3;287.082;861.246
SAUX075;1;282.4162;282.4162
KTA253;12;209.60679936;2515.28159232
SFDX073;2;243.2694;486.5388
SFDX066;2;233.2162;466.4324
SFDX071;3;243.3924;730.1772
SFDX082;3;251.1988;753.5964
SFDX087;2;340.9478;681.8956
SVWX020;1;282.408;282.408
SVWX039;1;570.679;570.679
SRNX023;2;163.4014;326.8028
SRNPX027;1;301.4812;301.4812
EVE-B9S5-CF-INT;3;678.96;2036.88
ILFR7H;44;8.4706;372.7064
IZKR7B;58;6.1746;358.1268
FMTUBL4;5;73.09530266;365.4765133
SVWX051;1;342.6288;342.6288
SFTC006;7;117.916;825.412
SAUC045;1;235.2416;235.2416
SVWC052;2;136.0954;272.1908
U5014;236;16.0884;3796.8624
SVAGC005;2;166.4518;332.9036
SAUC040;2;183.8604;367.7208
SAUC075;2;175.111;350.222
SAUC074;2;175.1602;350.3204
SBMC066;2;115.2346;230.4692
SBMC067;5;109.7488;548.744
SBMC074;1;211.9782;211.9782
SBMC068;3;145.837;437.511
SBMC075;2;199.096;398.192
SFDC073;8;87.3136;698.5088
SFDP066;6;126.1816;757.0896
SFDC071;2;145.837;291.674
SFDC082;4;101.9178;407.6712
SFDC087;1;182.9174;182.9174
SHDC014;2;162.1222;324.2444
SMBP003;1;97.5554;97.5554
SMBC003;1;292.166;292.166
SMNC011;3;87.0184;261.0552
883089.000047;1;770.2506;770.2506
883089.000046;2;750.6198;1501.2396
SRNPC027;2;173.6186;347.2372
SRNC022;4;89.6219;358.4876
SVWC042;5;158.5224;792.612
SVXC062;3;134.1356;402.4068
SVWX043;2;332.3624;664.7248
034-108-3008;2;51.66;103.32
BKR8EIX;45;6.6584;299.628
034-1ZZ-0001;4;134.316;537.264
SVWC039;2;287.7708;575.5416
FMTUBL5;5;54.67283006;273.3641503
FMINT12;2;419.622987;839.245974
FMOC10;1;320.27809772;320.27809772
CTS-HW-308;7;73.7918;516.5426
CTS-TM-AUDI2-50D;6;34.85;209.1
CTS-EM-B8-50D;8;82;656
CTS-EM-B567-50D;7;38.95;272.65
CTS-HW-0225;20;18.0318;360.636
FMCT3;2;200.07390084;400.14780168
883089.000135A;1;739.2546;739.2546
883089.000126;3;724.2732;2172.8196
SSTS009;1;365.3346;365.3346
SRNC026;4;77.5556;310.2224
034-108-1005;4;351.78;1407.12
034-108-1011;4;198.03;792.12
SVWC043;1;178.7354;178.7354
R7437-8;226;25.338;5726.388
R7437-9;82;26.3138;2157.7316
KTA252;6;233.00041536;1398.00249216
CTS-AF-270;9;20.4918;184.4262
KDT952;7;16.80441416;117.63089912
JSK-122-BK-TI;4;216.9757884;867.9031536
SBMB050;2;360.3162;720.6324
WSK-NIS002;3;93.574464;280.723392
BBF38Z;2;84.45095376;168.90190752
BBF15Z;2;95.01707032;190.03414064
BHF78Z;3;86.751326;260.253978
BHF97Z;3;88.71054134;266.13162402
BMF49Z;6;84.45095376;506.70572256
BMF54Z;4;72.91985054;291.67940216
BMF67Z;1;85.3866984;85.3866984
BMF65Z;3;95.49468998;286.48406994
BMF63Z;2;66.2331753;132.4663506
BNF33Z;3;88.71054134;266.13162402
BSF39Z;4;75.96102062;303.84408248
BNF40Z;1;176.19291784;176.19291784
BNF41Z;1;88.71054134;88.71054134
BSF45XZ;3;92.95063424;278.85190272
BWF22Z;10;92.95063424;929.5063424
BMF58X;2;116.98757468;233.97514936
BMF48;3;85.47442446;256.42327338
SVWC051;1;204.3768;204.3768
BBR38Z;5;90.24087372;451.2043686
SBMR050;1;255.0282;255.0282
883089.000127;2;782.1324;1564.2648
BHR97Z;3;74.07003666;222.21010998
BHR87Z;3;116.98757468;350.96272404
BMR65XXZ;2;103.98462312;207.96924624
BMR12Z;6;75.97076796;455.82460776
PLFR5A;6;5.4284;32.5704
BMR81Z;3;67.48083482;202.44250446
BMR77Z;5;71.72092772;358.6046386
BMR94Z;2;109.92075318;219.84150636
BMR92Z;2;84.45095376;168.90190752
BMR96Z;2;84.45095376;168.90190752
BNR30Z;1;80.21086086;80.21086086
SAUC030;5;85.362;426.81
BNR37Z;2;84.45095376;168.90190752
BSR53Z;3;75.97076796;227.91230388
BSR49XZ;4;84.45095376;337.80381504
BWR25XZ;10;92.95063424;929.5063424
BKR7EIX;138;6.3468;875.8584
ATINTMAZ05;1;222.85343442;222.85343442
ATINTFO20;5;186.57383494;932.8691747
ATMSFO25;1;319.15715362;319.15715362
034-101-3066;7;17.589;123.123
KTA255;6;179.04888846;1074.29333076
KLC167A;19;53.05477162;1008.04066078
KLC173;2;53.04502428;106.09004856
KLC142;4;53.05477162;212.21908648
KLC204;5;55.00423962;275.0211981
KLC217;6;53.05477162;318.32862972
KLC205;5;52.77209876;263.8604938
KLC102;4;53.05477162;212.21908648
KLC140-335;6;59.69271016;358.15626096
KLC172;2;53.05477162;106.10954324
KLC202;9;53.05477162;477.49294458
KLC182;5;53.05477162;265.2738581
KLC139;10;54.75080878;547.5080878
KLC144;27;48.22009098;1301.94245646
KLC141;15;50.76414672;761.4622008
KLC163;7;59.69271016;417.84897112
KLC150;7;48.7367;341.1569
SBMB062;2;371.1566;742.3132
KDT926;4;21.58061076;86.32244304
KTA107;1;101.44056738;101.44056738
KCA395;4;90.24087372;360.96349488
KCA313;3;80.21086086;240.63258258
SVW019;1;222.9334;222.9334
SRNS026;2;243.3842;486.7684
SBM011;2;231.2974;462.5948
BNR20XZ;6;80.21086086;481.26516516
BWF19XZ;2;84.45095376;168.90190752
SAU044;1;588.965;588.965
BWR20XZ;4;84.45095376;337.80381504
W13204;7;8.40220708;58.81544956
W13203;4;7.00833746;28.03334984
KDT925;5;24.69001222;123.4500611
KDT924;3;42.02078274;126.06234822
KBR38;3;29.02757852;87.08273556
FMCCRAD6;2;386.86217726;773.72435452
SFDC066;8;72.3404;578.7232
SAUC054;1;117.2846;117.2846
SAUP044;6;194.627;1167.762
KLC198;6;53.05477162;318.32862972
KLC140-295;4;59.69271016;238.77084064
SVXC060;4;97.5472;390.1888
SVXC059;2;107.5512;215.1024
BHR67Z;4;80.21086086;320.84344344
BHF50Z;2;80.21086086;160.42172172
BFF96Z;3;95.01707032;285.05121096
BFR78Z;1;95.01707032;95.01707032
CTS-HW-216-AWD;4;39.3518;157.4072
CTS-HW-216-FWD;3;39.3518;118.0554
MMRAD-MAC-06;10;136.653;1366.53
MMTS-EVO-10L;3;24.1654;72.4962
TP-CS/1;2;449.319;898.638
M-FI/SS/1H/1;3;589.5226;1768.5678
IKR9J8;44;7.1668;315.3392
WHT005184;22;1.148;25.256
AC-200-DVBO;50;2.05;102.5
WSK-VWN002;1;67.48083482;67.48083482
BHF96Z;1;82.76466394;82.76466394
BHR96;3;114.17059342;342.51178026
BNF42Z;5;84.45095376;422.2547688
BNF19Z;2;86.20547496;172.41094992
BNR11XXZ;2;84.45095376;168.90190752
BBF43;4;67.48083482;269.92333928
BBR44;4;90.24087372;360.96349488
BFR80;4;102.65898488;410.63593952
BHR75Z;4;104.56946352;418.27785408
BHR84Z;3;90.24087372;270.72262116
BSF33Z;3;75.97076796;227.91230388
BSR37Z;3;75.97076796;227.91230388
BSR20XZ;7;84.45095376;591.15667632
BSF20Z;2;75.97076796;151.94153592
BAF13;7;75.97076796;531.79537572
BWR22XZ;8;84.45095376;675.60763008
CTS-IT-260;13;121.7618;1582.9034
KLC154;6;54.75080878;328.50485268
KLC26;5;44.837764;224.18882
KLC30;2;48.80493138;97.60986276
EVE-M2C-CF-INT;5;974.16;4870.8
SAUC036;1;104.5254;104.5254
SAUX036;1;231.7976;231.7976
MMEXH-MUS8-15XP;3;134.398;403.194
MMFS-E36-92P;2;108.0924;216.1848
L3P3AB9X;1;185.0084;185.0084
L3P3VPO5;3;185.0084;555.0252
U3P3ZC63;4;185.0084;740.0336
KCA472;13;95.01707032;1235.22191416
HP-180;4;90.54304126;362.17216504
EVE-F9XM5M8-CF-INT;6;1030.74;6184.44
AC-MQB-IC;54;150.88;8147.52
BWF20XZ;7;95.01707032;665.11949224
BWR21XZ;9;95.01707032;855.15363288
VWR150000;16;53.21072906;851.37166496
VWR120000;18;21.31743258;383.71378644
SMBC004;2;188.9526;377.9052
WSK-VWN005;1;75.92203126;75.92203126
BFF95Z;1;109.84277446;109.84277446
BFR68Z;1;102.56151148;102.56151148
BMF55Z;2;86.20547496;172.41094992
KLC174;2;53.05477162;106.10954324
BMR84Z;1;81.36104698;81.36104698
KLC179;3;61.59344146;184.78032438
WSK-VWN006;3;67.48083482;202.44250446
WSK-FRD010;2;63.65987754;127.31975508
WSK-SUB006;2;69.23535602;138.47071204
EVE-N55-PF;6;39.852;239.112
EVE-E46-PF;4;26.568;106.272
216EVOEFP-RB;5;38.458;192.29
216EVOVO-RB;6;21.853;131.118
CTS-EXH-TP-0004-B8;1;106.5918;106.5918
MMEXH-MUS8-15HP;10;130.79;1307.9
VWR12P1GTIS38;2;135.0981324;270.1962648
034-108-1015;5;477.035;2385.175
034-108-1014;2;501.02;1002.04
034-108-1020;1;369.369;369.369
AC-MK7-MD;192;13.94;2676.48
FMINT15;2;347.980038;695.960076
EVE-E9X-CF-PLM;2;1101.096;2202.192
BWF18Z;3;75.97076796;227.91230388
FMOC7-13;1;324.9275789;324.9275789
BHF52;3;84.45095376;253.35286128
WSK-FRD004;2;75.92203126;151.84406252
BSR33Z;2;75.97076796;151.94153592
BSF48Z;2;86.3126957;172.6253914
BHR83XZ;4;95.01707032;380.06828128
BHR98Z;2;67.48083482;134.96166964
WSK-HYU001;1;93.40875922;93.40875922
WSK-HON017;2;126.53022054;253.06044108
KLC221;2;53.05477162;106.10954324
BMF73;3;84.45095376;253.35286128
KLC218;1;59.69271016;59.69271016
KCA471;2;53.05477162;106.10954324
WSK-FRD008;2;104.56946352;209.13892704
WSK-FRD006;5;98.6430808;493.215404
WSK-MB001;1;85.47442446;85.47442446
WSK-SUB007;3;96.06978304;288.20934912
WSK-OPL003;2;61.77864092;123.55728184
BWR19Z;3;85.47442446;256.42327338
BWR23Z;3;84.45095376;253.35286128
KCA470;3;53.69809606;161.09428818
KCA435;5;90.24087372;451.2043686
KDT911;7;38.86264458;272.03851206
KSB652;3;65.78479766;197.35439298
KTA228;1;128.43095184;128.43095184
KTA147B;2;157.08813144;314.17626288
KTA260;7;87.31667172;611.21670204
EVO1502;8;172.3312;1378.6496
WSK-REN002;1;67.60755024;67.60755024
BMF23Z;5;84.45095376;422.2547688
BRF13Z;7;82.76466394;579.35264758
BRR13Z;3;71.37002348;214.11007044
034-145-A028-BLK;1;45.838;45.838
FMPK383;2;70.01514322;140.03028644
BHF48;2;84.45095376;168.90190752
KSB551;1;62.36348132;62.36348132
KSB520;2;53.06451896;106.12903792
BMF57Z;1;84.45095376;84.45095376
BMR88Z;3;84.45095376;253.35286128
MMBCC-MUS8-15PBE;3;91.6596;274.9788
EVE-F8XM-CF-ENG;1;351.288;351.288
BWF21XZ;4;92.95063424;371.80253696
BWR24Z;6;95.01707032;570.10242192
KCA362;3;92.95063424;278.85190272
VWR17G7R600;46;25.54777814;1175.19779444
SHDC015;7;117.916;825.412
SHDX015;1;225.049;225.049
ILZKAR8H8S;44;11.2258;493.9352
KLC185;3;53.04502428;159.13507284
KLC151;13;53.04502428;689.58531564
MMINT-MK7-15;9;384.2438;3458.1942
KDT957;8;22.91599634;183.32797072
KLC32;1;50.51071588;50.51071588
SRNC031;4;113.652;454.608
W93189;3;17.27228648;51.81685944
VWR81G700;14;213.31078856;2986.35103984
AC-MK7-INLET;171;22.14;3785.94
VWR12A1S1;3;206.92628086;620.77884258
VWR180001;27;25.54777814;689.79000978
MMICP-EVO-10LBK;2;117.711;235.422
MMICP-EVO-10UBK;2;99.4742;198.9484
ATINTFO42;3;183.4936755;550.4810265
KSR202;1;14.93292488;14.93292488
FMCTMK5;1;217.20972456;217.20972456
BMR72Z;4;80.21086086;320.84344344
BTF81Z;4;75.97076796;303.88307184
BTR84Z;3;75.96102062;227.88306186
KLC180-335;2;59.69271016;119.38542032
WSK-MAZ002;1;61.53495742;61.53495742
KTA229;2;113.81968918;227.63937836
WA402;5;26.6102382;133.051191
W52988;2;23.3448793;46.6897586
W52991;6;25.67449356;154.04696136
SES9200;1;677.9022;677.9022
W83389;3;35.95793726;107.87381178
W52992;3;16.80441416;50.41324248
KCA434;3;27.54598284;82.63794852
KSR210;4;14.85494616;59.41978464
W0509;4;20.0795204;80.3180816
KCA416;5;15.76144878;78.8072439
S-BM/T/3H;1;2855.896;2855.896
CTS-IT-258;6;76.6618;459.9708
CTS-IT-259;10;83.6318;836.318
BMR78XZ;4;90.24087372;360.96349488
BMF51X;3;66.2331753;198.6995259
EVO9202;10;177.3824;1773.824
EVE-ST38V8S-CF-INT;15;843.288;12649.32
EVE-TRB8V8S-FLG-STK;11;23.124;254.364
EVE-TRB8V8S-LHD-NIL;9;280.932;2528.388
EVE-C63S-CF-INT;2;1335.288;2670.576
FMCCRAD11;1;470.27016564;470.27016564
SES3078ICPBLK;8;248.2796;1986.2368
FMINDK20-RF;4;27.08785786;108.35143144
FMTUBL6;2;106.77236236;213.54472472
X-1056-BB;10;32.0128;320.128
EVO1105;4;177.3824;709.5296
EVO9204;2;172.3312;344.6624
SES1898ICP;4;186.1154;744.4616
SP1129WB;5;174.4468;872.234
SP3080BLK;1;176.6116;176.6116
CTS-SIL-B8-ITKIT;2;98.3918;196.7836
999698.999954;1;315.6426;315.6426
999792.999954;1;330.1074;330.1074
053151.231031;2;33.579;67.158
400001004;2;1112.7892;2225.5784
KLC180-295;2;53.05477162;106.10954324
SRNC032;6;129.2812;775.6872
999778.999994;1;338.373;338.373
E-BM/T/5;3;1427.948;4283.844
ATINTVAG13;2;323.29977312;646.59954624
FMBP3;4;204.90858148;819.63432592
043151.000388;2;32.5458;65.0916
SILZKFR8D7S;84;5.494;461.496
BKR6E-11;16;1.4514;23.2224
EVE-ST38V8S-CF-HDP;1;384.252;384.252
KSB731;3;52.95729822;158.87189466
SAU048SYS;2;853.087;1706.174
SVWP054;13;69.1096;898.4248
IFR7X8G;61;9.8236;599.2396
MMODP-1415B;14;6.4944;90.9216
MMODP-2015B;5;6.4944;32.472
MMODP-1615B;2;8.118;16.236
VWR12PRWRCFO;1;46.35834904;46.35834904
PFR8S8EG;75;7.1832;538.74
PFR7B;52;7.4866;389.3032
PFR7W-TG;40;7.585;303.4
LFR6AIX-11;48;6.3304;303.8592
JSK-116-BK;4;143.58806554;574.35226216
AC-27-CB;9;127.1;1143.9
AC-27-TI;5;56.58;282.9
AC-200-IC;93;143.5;13345.5
AC-N54-TP;50;43.46;2173
AC-R56-IC;48;88.97;4270.56
AC-N54-IC;8;113.98;911.84
EVE-B9RS5-CF-INT;3;772.9238;2318.7714
06F129717D;7;1.476;10.332
06F253039F;48;0.902;43.296
DILKAR7B11;60;11.4554;687.324
VWR69000BF1;26;7.44696776;193.62116176
CTS-IT-288;2;135.3;270.6
EVE-A90-CF-ENG;3;280.44;841.32
EVE-A90-CF-INT;4;655.836;2623.344
MMTS-MUS8-11;3;24.6492;73.9476
ATINTP&C6;2;293.18049252;586.36098504
ATINTP&C7;3;323.26078376;969.78235128
ATINTVAG35;1;432.30427634;432.30427634
ATMSVAG5;2;262.5933396;525.1866792
ATIKMAZ01;2;129.96128422;259.92256844
CTS-IT-800;10;135.3;1353
CTS-IT-910;13;77.8918;1012.5934
CTS-EXH-DP-0024-S;2;148.8218;297.6436
CTS-HW-0271;4;34.4318;137.7272
CTS-EXH-DP-0025;3;225.4918;676.4754
CTS-IT-340R;10;135.2918;1352.918
SVWX058;3;331.0176;993.0528
SBMC073;6;136.0872;816.5232
SFDC089;3;128.7236;386.1708
U3P3MX5D;1;189.7644;189.7644
216EVOFL-RB;5;22.386;111.93
AC-Z33-DP;13;41;533
AC-Z33-YP;15;49.2;738
EVE-C63-FTR;1;56.088;56.088
KDT967;2;9.33795172;18.67590344
BKR001Z;2;60.06310908;120.12621816
BKF001Z;2;73.70938508;147.41877016
KLC180-115;6;43.59985182;261.59911092
SVWCS045;6;160.474;962.844
FMTUBL7;3;44.73054326;134.19162978
CTS-F8X-DF;5;319.7918;1598.959
FMBP5;1;194.9468;194.9468
FMTUBL8;2;140.01079176;280.02158352
883089.000148;1;687.078;687.078
FMDV6R;1;137.86637696;137.86637696
PPF-2044;4;37.51751166;150.07004664
RPF-2050;3;17.92535826;53.77607478
PPF-2102;4;25.01167444;100.04669776
PPF-2047;4;25.01167444;100.04669776
PPF-1905;2;25.01167444;50.02334888
FMTUBL9;3;111.77274778;335.31824334
FMEC1;1;208.7880228;208.7880228
MMRAD-MUS8-15;1;258.8084;258.8084
MMRAD-CTR-17S;3;217.8986;653.6958
KCA361;3;74.26498346;222.79495038
KCA467;2;140.1180125;280.236025
W53619;2;11.209441;22.418882
X-1014-BB;2;31.1518;62.3036
X-1015-BB;3;31.1518;93.4554
AC-VAG-ODP;183;2.255;412.665
CTS-HW-360;20;122.9918;2459.836
CTS-20T-MQB-DF;2;328;656
CTS-TB-B-4;1;49.2;49.2
CTS-FPK-002;2;245.9918;491.9836
CTS-IT-932;5;180.3918;901.959
CTS-HW-310;1;40.5818;40.5818
SMZ008;1;309.2384;309.2384
SMNX011;2;204.3522;408.7044
ATINTFO52;2;248.14778172;496.29556344
SRNS028;1;301.9158;301.9158
EVE-N55-ENG;2;354.24;708.48
SVXP062;1;112.1596;112.1596
SCNC014;9;66.0674;594.6066
VWR12G7R601FO;31;76.10723072;2359.32415232
CTS-HW-408;21;58.6218;1231.0578
AC-S63-DP;16;123;1968
CTS-HW-040;2;63.9518;127.9036
CTS-EXH-DP-0039;2;405.8918;811.7836
KCA430;3;36.88393456;110.65180368
KCA334;1;53.05477162;53.05477162
ATINTBMW2;1;293.23897656;293.23897656
ATINTBMW4;4;279.28078568;1117.12314272
VWR1241S4;2;498.14755804;996.29511608
VWR19G707;6;38.31679354;229.90076124
VWR12G7R602;10;226.07980396;2260.7980396
VWR12UPITINLET;24;52.36271048;1256.70505152
VWR11UPGT;2;42.89804334;85.79608668
VWR19G711;4;51.09555628;204.38222512
VWR14G700;3;415.11971592;1245.35914776
PKR7A;60;7.6096;456.576
RE8C-L;14;15.9408;223.1712
RE9B-T;14;17.3512;242.9168
RC-ZE81;2;39.7208;79.4416
MMRA-LC;14;8.6592;121.2288
BH-198;3;29.24202;87.72606
CLK-2;13;16.3755312;212.8819056
BH-273;5;43.86303;219.31515
BH-279;4;36.2601048;145.0404192
BH-304;5;40.938828;204.69414
BH-330;1;46.787232;46.787232
BH-262ST;4;33.9207432;135.6829728
JC60/S2000;2;33.99872192;67.99744384
COASRM250;2;119.892282;239.784564
COASFST16T3;8;162.0495275;1296.39622
STAB76A50014T;2;238.80983;477.61966
AB80SFRS2;1;292.4202;292.4202
WB-407;2;23.1011958;46.2023916
HMP-914;3;67.99744384;203.99233152
HMP-936;3;67.99744384;203.99233152
HMP-457;3;67.99744384;203.99233152
WB-446;1;21.4928847;21.4928847
WB-432;11;26.0253978;286.2793758
WB-280;1;38.75542384;38.75542384
HMP-385;4;55.559838;222.239352
BH-305;2;81.877656;163.755312
WB-427;10;24.25138192;242.5138192
WB-358;3;24.25138192;72.75414576
HMP-244;2;33.99872192;67.99744384
WB-301;4;21.4928847;85.9715388
WB-336;7;23.1011958;161.7083706
HMP-363;3;33.99872192;101.99616576
HMP-424;2;33.99872192;67.99744384
HMP-526;6;38.014626;228.087756
HMP-592;4;33.99872192;135.99488768
HMP-712;7;38.014626;266.102382
WB-243;3;53.8053168;161.4159504
WB-288;1;53.8053168;53.8053168
WB-567;5;24.25138192;121.2569096
WB-352;2;43.86303;87.72606
WB-429;11;52.0507956;572.5587516
WB-750;4;26.67846958;106.71387832
WB-665;3;26.68821692;80.06465076
WB-586;2;26.68821692;53.37643384
WB-607;3;24.25138192;72.75414576
WB-576;9;28.6571796;257.9146164
WB-568;8;26.0253978;208.2031824
WB-547;3;24.25138192;72.75414576
WB-544;4;24.25138192;97.00552768
WB-257;2;24.25138192;48.50276384
WB-482;1;19.37771192;19.37771192
WB-447;3;21.4928847;64.4786541
WB-439;9;28.6571796;257.9146164
WB-412;3;21.4928847;64.4786541
WB-402;2;19.37771192;38.75542384
WB-394;4;33.9207432;135.6829728
WB-370;4;21.4928847;85.9715388
WB-350;4;19.37771192;77.51084768
WB-341;2;24.25138192;48.50276384
WB-293;2;21.4928847;42.9857694
WB-287;3;24.25138192;72.75414576
HMP-929;2;40.938828;81.877656
HMP-921;1;33.99872192;33.99872192
HMP-895;2;43.86303;87.72606
HMP-347-2;3;67.99744384;203.99233152
WB-384;5;21.4928847;107.4644235
WB-232;2;19.37771192;38.75542384
WB-520;2;24.25138192;48.50276384
WB-308;3;21.4928847;64.4786541
WB-298;2;23.1011958;46.2023916
WB-271;2;19.37771192;38.75542384
CTS-TR-1050;9;799.4918;7195.4262
CTS-HW-361;3;39.3518;118.0554
CTS-B58-HX;5;225.4918;1127.459
CTS-F8X-HX;1;204.9918;204.9918
CTS-IT-291;2;98.3918;196.7836
CTS-HW-250;2;171.3718;342.7436
W0508;4;17.7401588;70.9606352
EVE-A90-CF-HDP;1;378.348;378.348
KSB659;1;87.00475684;87.00475684
W63491;2;8.05130284;16.10260568
KCA477;2;53.88329552;107.76659104
VWR29G7250;5;335.28900132;1676.4450066
WB-206;2;24.24163458;48.48326916
HMP-369;3;33.99872192;101.99616576
WB-285;2;19.37771192;38.75542384
SFDP091;3;58.3184;174.9552
CTS-EXH-CB-0019;1;590.3918;590.3918
9-309-1009-2;1;170.478;170.478
U5093;12;34.6614;415.9368
ILZTR6A8G;50;5.1906;259.53
ILFR6B;95;5.8794;558.543
KDT973;7;133.69451544;935.86160808
KCA403;2;71.72092772;143.44185544
KTA281;2;112.46480892;224.92961784
MMICP-F80-15;2;184.91;369.82
EVE-FK2V3-CF-CHG;2;327.18;654.36
AC-FIST7-BAD;52;13.94;724.88
AC-200-EVAP;58;3.69;214.02
SHYC103;5;133.7584;668.792
SMBP006;3;128.7236;386.1708
WB-513;3;38.014626;114.043878
HMP-943;3;67.99744384;203.99233152
PPF-1744;5;25.01167444;125.0583722
MMHE-F80-15;2;258.956;517.912
EVE-FK8-CF-CHG;1;327.18;327.18
MMOC-F80-15;3;234.9628;704.8884
TTEIS38;1;1074.4132;1074.4132
BBF44Z;4;114.17059342;456.68237368
BBR44Z;4;97.19072714;388.76290856
AC-AU-04BK;59;6.56;387.04
KSB633;1;63.24074192;63.24074192
BTR99Z;2;77.57907906;155.15815812
BTF99Z;2;95.01707032;190.03414064
KCA476;5;245.01888558;1225.0944279
KCA478;2;217.79456496;435.58912992
ALP.19.08.0004-1;8;351.5586;2812.4688
MMOC-MUS8-15T-SL;2;283.4658;566.9316
VWR120001;15;3.19712752;47.9569128
ATMSFO108;8;57.09991772;456.79934176
R7438-9;63;24.9526;1572.0138
9-307-1059;15;85.239;1278.585
10.127.101TK;27;6.15;166.05
F2360P+F2361P;2;479.8968;959.7936
KT4006;3;419.2988;1257.8964
ALP.19.02.0001-1;1;439.4954;439.4954
ALP.07.04.0023-1;1;412.6076;412.6076
KT4042;2;490.4174;980.8348
KT4021;2;343.662;687.324
KT4016;3;634.352;1903.056
KT4013;1;427.4824;427.4824
KT4041;1;619.7396;619.7396
KT4002;1;427.4824;427.4824
KT4008;3;369.1148;1107.3444
KT4014;1;427.4824;427.4824
KT4026;2;560.4946;1120.9892
KT4025;3;397.659;1192.977
ATIKFO21;6;99.93947702;599.63686212
KT4019;2;499.3226;998.6452
KT4040;2;525.7922;1051.5844
KT4007;2;397.659;795.318
F2428P+F2429P;2;495.0996;990.1992
EVE-S55-CF-CHG;4;388.68;1554.72
CTS-TR-1000;7;426.3918;2984.7426
CTS-IT-341;10;117.2518;1172.518
CTS-IT-349;1;132.8318;132.8318
CTS-IT-348;1;135.2918;135.2918
SBMP081;5;171.3226;856.613
P3BTAP1;2;28.536;57.072
AC-200K03-OT;98;41;4018
FMINDK33;1;200.53202582;200.53202582
FMCT6;1;239.81380602;239.81380602
058198025A;24;2.009;48.216
06K103213A;22;3.69;81.18
058253039L;52;0.697;36.244
06L115441;121;0.779;94.259
06F103483D;28;2.05;57.4
EVE-RS5-CF-SLM;1;398.028;398.028
1J0121407E;17;4.1;69.7
ATMSFO104;3;24.15390852;72.46172556
MMRAD-CTR-17;3;256.168;768.504
EVE-RS4-CF-SLM;2;398.028;796.056
EVE-RS5-CF-ENG;1;374.904;374.904
EVE-B58F-CF-ENG;1;304.548;304.548
EVE-N55-M2-ENG;2;398.52;797.04
03K906051;59;4.018;237.062
CTS-HW-380;2;49.2;98.4
CTS-IT-292;2;90.1918;180.3836
CTS-IT-166;7;106.5918;746.1426
VWR12P1GTFO;3;51.88509082;155.65527246
FMCT5-BLA;1;253.53806074;253.53806074
034-605-0022;2;72.16;144.32
034-401-1006;4;266.5;1066
EVO1106;5;162.8274;814.137
EVO2300;4;170.0352;680.1408
20VW36502X;2;1027.747;2055.494
EVE-F4XB48-CF-INT;4;609.096;2436.384
EVE-JCWGP3-INT;1;758.664;758.664
KT9902;1;615;615
2Q0121321A;4;1.968;7.872
AC-211-CFA;78;3.28;255.84
FMBP4;2;102.13262852;204.26525704
U5020;76;17.1052;1299.9952
HMP-954;4;38.014626;152.058504
EVE-W210-FTR;19;46.74;888.06
EVE-15144-G2-FTR;3;29.028;87.084
ILTR6A-8G;21;8.5444;179.4324
MMTC-F80-15;3;181.31102;543.93306
CTS-TR-1050-OG;3;737.9918;2213.9754
CTS-TR-1070;3;737.9918;2213.9754
FMDV26A;4;87.72606;350.90424
DILKAR7C9H;72;8.2902;596.8944
PFR7Z-TG;72;5.7318;412.6896
KDT919;5;38.34603556;191.7301778
VWR12G7R602ITBLA;13;51.09555628;664.24223164
VWR13G700-SERV;13;14.68924138;190.96013794
AC-F56-DP;19;53.3;1012.7
AC-OPC-DP;7;34.44;241.08
AC-S55-MP;24;180.4;4329.6
"THE-B5 005 00";1;127.92;127.92
"THE-B5 037RE";1;137.596;137.596
MMICP-STNGR-18F;1;79.0152;79.0152
VWR670006;17;79.8307146;1357.1221482
VWR670004;6;63.86457168;383.18743008
U5055;116;13.8826;1610.3816
VWR670007;11;39.9153573;439.0689303
AC-200-VRA;32;4.92;157.44
BM5G9448AE;22;4.92;108.24
078198025;14;2.706;37.884
022103483E;12;4.92;59.04
06L253039C;41;2.87;117.67
078253039G;29;1.476;42.804
1928404687;1;16.81;16.81
JSK-108;4;116.24677684;464.98710736
JSK-141;3;168.93114954;506.79344862
PPF-9795;3;25.01167444;75.03502332
06K103495AC;66;9.84;649.44
1K0253144AE;11;3.28;36.08
MMBCC-MUS8-18PBE;5;96.514;482.57
034-101-3051;5;11.193;55.965
WB-514;2;26.68821692;53.37643384
SHD0395-1P-BK;2;9.84;19.68
SMA0001-1C-BK;1;18.2204;18.2204
SMA0002-1C-BK;2;18.2204;36.4408
SMT6052-1C;1;9.348;9.348
SSU1000-1P-BK;2;9.84;19.68
L3P3A8SX;3;189.7644;569.2932
L-ME/SS/3;1;417.4046;417.4046
S-ME/T/1H;1;2399.2503;2399.2503
WHT005185;85;2.87;243.95
MMAF-3005S;3;18.04;54.12
ALP.19.05.0001-2;1;491.9672;491.9672
ALP.19.09.0001-2;3;797.8354;2393.5062
AMS.21.08.0001-1;1;439.4872;439.4872
MS100204;133;52.1028;6929.6724
BMR74Z;5;87.00475684;435.0237842
KCA428;4;104.56946352;418.27785408
KDT974;5;110.41786752;552.0893376
KDT976;3;121.38362502;364.15087506
KLC233;3;59.69271016;179.07813048
KLC140-395;3;53.05477162;159.16431486
KCA485;4;71.21406604;284.85626416
KDT969;1;25.20662124;25.20662124
VWR12UPGTCOMP;3;235.66143918;706.98431754
AC-WS-15-FK;8;11.6768;93.4144
KTA282;2;117.0655534;234.1311068
KTA291;2;269.76738184;539.53476368
WA302R+L;1;83.4372304;83.4372304
WSK-FRD011;2;131.14071236;262.28142472
R01-10-2;13;41;533
R02-10-2;10;41;410
R07-10-2;1;41;41
R12-10-1;4;36.9;147.6
R13-10-2;8;41;328
R09-10-2;5;36.9;184.5
R03-10-2;3;32.8;98.4
R04-10-2;8;32.8;262.4
R05-10-2;10;32.8;328
EVE-F8XM-CF-SBC;1;515.124;515.124
SILZKGR8B8S;327;6.1418;2008.3686
L3P3MIEX;1;185.0084;185.0084
L3P3BG2X;3;185.0084;555.0252
L3P3BG3X;2;185.0084;370.0168
033CV17144;1;399.0202;399.0202
039DD21131;1;266.0162;266.0162
043DQ14144;1;266.0162;266.0162
343PE16144;2;332.5264;665.0528
R-VW-004-HR;2;264.696;529.392
R-FIA-003-I;3;256.332;768.996
R-AUD-010-I-5;3;362.604;1087.812
ILZKBR7B8G;24;6.027;144.648
VWR810000;41;13.41233984;549.90593344
AC-FA20-OSA;6;10.045;60.27
001243.999532;2;355.9374;711.8748
EVE-A35-CF-INT;5;609.096;3045.48
EVE-A35-CF-CHG;7;351.288;2459.016
034-106-3039;9;266.5;2398.5
034-1ZZ-1004;1;173.225;173.225
CTS-HW-306;9;44.2718;398.4462
CTS-IT-277;8;103.7218;829.7744
VWR180002;19;14.04591694;266.87242186
058129717D;12;1.066;12.792
06K129717A;2;1.476;2.952
079133074B;11;3.28;36.08
1J0253115A;5;1.066;5.33
11127565286;52;3.321;172.692
AC-200-CP;158;7.38;1166.04
AC-MK7-CP;45;7.38;332.1
T50-10-1;11;26.7156;293.8716
PPF-1198;1;25.01167444;25.01167444
PPF-9933;2;25.01167444;50.02334888
PPF-9822;4;50.03309622;200.13238488
SBMP082;3;99.3758;298.1274
MMTC-SUP-20;2;293.0434;586.0868
MMSBH-F80-15;3;194.668;584.004
"THE-8J 003 02";2;16.4;32.8
KT4033;1;401.308;401.308
KT4048;2;546.9482;1093.8964
VWR12G7R600OS;20;14.68924138;293.7848276
VWR620005MM;3;55.88150022;167.64450066
VWR180003;14;14.04591694;196.64283716
VWR31G8GT;6;125.73093866;754.38563196
WB-512;2;26.0253978;52.0507956
KLC140-255;3;53.05477162;159.16431486
KDT975;2;130.67284004;261.34568008
MMAI-SUP-20;2;199.7028;399.4056
CI100033-B;3;117.6454;352.9362
MS100137;4;114.7754;459.1016
MS100110;11;22.9354;252.2894
044DW21143;1;265.1962;265.1962
MMRAD-SUP-20;2;349.6152;699.2304
MMRAD-SUP-20A;1;256.9798;256.9798
9-307-1060;8;85.239;681.912
9-441-0901;1;130.339;130.339
AC-45-BT;8;12.054;96.432
AC-B48-BT;2;11.111;22.222
AC-MK7-TI;20;28.7;574
AC-MK7-TO;42;31.16;1308.72
7-502;2;78.228;156.456
7-400;2;65.19;130.38
7-404;2;83.148;166.296
7-402;1;78.228;78.228
7-500;1;88.068;88.068
06K103484F;19;1.517;28.823
KLC242;3;54.85802952;164.57408856
BTF102Z;1;78.33937158;78.33937158
BTR102Z;2;71.21406604;142.42813208
FOFI8STCNC-SD1B;1;94.8986;94.8986
CTS-CRI-14422;3;319.7918;959.3754
CTS-BV-0009-3;2;112.7418;225.4836
011EM16134;2;212.1586;424.3172
ATINTHYU1;4;313.94232672;1255.76930688
ARMABM92M3-A;7;555.96;3891.72
VWR190000;5;51.09555628;255.4777814
ARMABM87M2-A;3;586.3;1758.9
ARMAHDATYR-A;2;545.71;1091.42
ARMATYPFK8-A;2;496.1;992.2
ARMAADS5B9-A;2;545.71;1091.42
ARMAAUDIS4-A;1;535.788;535.788
EVE-GR4-CF-INT;19;639.6;12152.4
VWR680004;3;437.8992495;1313.6977485
MS100112;12;22.9354;275.2248
CI100038;1;573.9754;573.9754
CI100038-B;6;195.1354;1170.8124
CI100039-B;1;88.9454;88.9454
ATEXHHYU1;5;152.62384972;763.1192486
PPF-9856;4;25.01167444;100.04669776
PPF-9998;4;25.01167444;100.04669776
PPF-9774;2;25.01167444;50.02334888
ARMAAD0RS6-A;2;694.54;1389.08
ARMAMZDMX5-A;2;287.738;575.476
ARMATYFT86-A;2;383.76;767.52
ARMABZA450G-A;5;543.66;2718.3
ARMABZA450S-A;6;322.26;1933.56
ARMABZA250S;5;486.178;2430.89
ARMAGOLF6R-A;3;419.84;1259.52
ARMABM8235-A;3;444.235;1332.705
ARMABMW335-A;3;443.784;1331.352
ARMAFDMK40-A;2;253.011;506.022
ARMAMINR60-A;3;302.58;907.74
ARMABM82M4-A;2;989.74;1979.48
ARMAAD0RS3-A;2;619.92;1239.84
ARMAAD08VA-A;2;619.92;1239.84
CS57-AR60016;1;35.916;35.916
CS57-AR60046;1;33.62;33.62
CS57-AR60022;1;31.16;31.16
CS57-AR60037;2;37.392;74.784
CS57-AR60038;2;78.72;157.44
CS57-AR60019;3;33.456;100.368
CS57-AR60009;2;34.44;68.88
CS57-AR60010;3;34.44;103.32
ARMAFDFIST-A;2;171.38;342.76
ARMAFDMK30;2;171.38;342.76
ARMAGOLF7G-A;5;491.139;2455.695
CG85-02-0023;17;159.08;2704.36
1CCVW08F02;3;99.22;297.66
ARMAAD0RS4-1;11;72.16;793.76
ES-311366;9;26.5084434;238.5759906
SD-3312759S;3;72.1618737;216.4856211
ES-315086;5;20.6176782;103.088391
ES-361074;7;26.5084434;185.5591038
ES-325248;4;20.6176782;82.4707128
MMRAD-MK7-15;2;296.8318;593.6636
MMINT-MK6-06;7;372.9688;2610.7816
MMBCC-S4-18PBE;1;155.67167;155.67167
MMRAD-MIA-06;4;163.4752;653.9008
ES-361077;2;26.5084434;53.0168868
ES-325499;5;20.6176782;103.088391
ES-351122;4;26.5084434;106.0337736
ES-355042;3;20.6176782;61.8530346
ES-351186;8;26.5084434;212.0675472
ES-355194;7;20.6176782;144.3237474
ES-351268;1;26.5084434;26.5084434
ES-351301;9;26.5084434;238.5759906
ES-351255;1;26.5084434;26.5084434
ES-331140;4;26.5084434;106.0337736
ES-335036;3;20.6176782;61.8530346
ES-335112;1;17.6722956;17.6722956
ES-335161;4;26.5084434;106.0337736
ES-331120;3;26.5084434;79.5253302
ES-325198;5;20.6176782;103.088391
ES-321310;4;26.5084434;106.0337736
ES-321262;3;26.5084434;79.5253302
ES-331167;1;26.5084434;26.5084434
ES-325469;2;20.6176782;41.2353564
ES-321467;2;26.5084434;53.0168868
SD-3352538;3;65.2893143;195.8679429
SD-3311001;9;103.088391;927.795519
SD-3355038;4;68.725594;274.902376
SD-3315007;2;85.9069925;171.813985
SD-3355008;4;68.725594;274.902376
SD-3313061;2;75.5981534;151.1963068
SD-3355060;2;72.1618737;144.3237474
SD-3218172;4;79.0344331;316.1377324
SD-3252008;5;70.10010588;350.5005294
SD-3218112;2;75.5981534;151.1963068
SD-3252010;4;70.10010588;280.40042352
SD-3252028;5;128.51686078;642.5843039
SD-3212031;4;144.3237474;577.2949896
SD-3212037;2;101.37025115;202.7405023
SD-3252034;3;96.2158316;288.6474948
SD-3416003;2;113.05360213;226.10720426
AMS.21.09.0002-1;3;61.4672;184.4016
ALP.07.07.0010-1;1;1377.5918;1377.5918
CTS-IT-256;11;82;902
BSR20XXXZ;1;84.45095376;84.45095376
BBF46;5;90.95242954;454.7621477
SD-3456004;2;92.7795519;185.5591038
SD-3416053;2;154.6325865;309.265173
SD-3456054;2;140.8874677;281.7749354
SD-3118264;2;78.00354919;156.00709838
SD-3158900;2;75.5981534;151.1963068
SD-3617001;3;72.1618737;216.4856211
SD-3657010;3;72.1618737;216.4856211
SD-3617003;4;116.8335098;467.3340392
SD-3657012;2;99.6521113;199.3042226
WSK-TOY002;6;83.339757;500.038542
SD-3617023;1;106.5246707;106.5246707
SD-3657014;1;113.05360213;113.05360213
SD-3512802;4;78.00066156;312.00264624
SD-3552803;4;78.00066156;312.00264624
SD-3513005;3;72.1618737;216.4856211
SD-3552805;2;58.4167549;116.8335098
SD-3513099;3;78.00066156;234.00198468
SD-3551535;3;72.1618737;216.4856211
369928C;1;1093.7078;1093.7078
SD-3513145;4;72.1618737;288.6474948
SD-3553070;4;85.9069925;343.62797
SD-3513149;5;101.37025115;506.85125575
SD-3553084;3;89.68401254;269.05203762
MMTS-CTR-17;6;23.4438;140.6628
SD-3519301;3;99.6521113;298.9563339
SD-3513007;3;96.2158316;288.6474948
SD-3559302;5;79.0344331;395.1721655
Z-9910017;8;116.8335098;934.6680784
Z-3250001;8;75.5981534;604.7852272
ILZKAR7A10;88;5.8138;511.6144
Z-321467;2;75.5981534;151.1963068
Z-325469;3;68.725594;206.176782
AC-IS-TB;89;20.91;1860.99
Z-335161;5;68.725594;343.62797
Z-335233;7;68.725594;481.079158
Z-325499;9;68.725594;618.530346
Z-345227;2;68.725594;137.451188
Z-361074;6;75.5981534;453.5889204
Z-325248;3;68.725594;206.176782
Z-361077;2;75.5981534;151.1963068
FS-38034B24R/25L;3;274.902376;824.707128
FMMD5;3;56.1446784;168.4340352
034-504-Z013;5;133.25;666.25
6-1002-FRB;18;63.468;1142.424
R-BMW-018-I;3;429.065;1287.195
R-AUD-001-I;4;295.692;1182.768
005EA14139;3;212.1586;636.4758
FS-39033B44R/45L;1;329.8828512;329.8828512
FSBS40034B26R/27L;1;680.3833806;680.3833806
FP3325137;6;188.9953835;1133.972301
FP-3355132;4;106.5246707;426.0986828
EVE-ST38V8S-CF-ENG;4;280.932;1123.728
P3PSEN;1;30.914;30.914
KT9954;1;805.896;805.896
STAB122XLI30N;1;163.755312;163.755312
FMMD6;4;64.29345464;257.17381856
SES1230H;1;379.0204;379.0204
SES3078;2;454.0668;908.1336
SES3078TIP;10;63.1646;631.646
X-1030;14;10.168;142.352
CI100033-A;2;19.3766;38.7532
MS100113;7;27.9128;195.3896
CI100033;2;257.6932;515.3864
CI100037;2;286.9754;573.9508
VWR140004;4;105.9048491;423.6193964
TS-0215-1027;1;254.2;254.2
TS-0203-1009;3;81.9836;245.9508
TS-0205-1010;1;127.1;127.1
TS-0203-1057;2;82.9266;165.8532
EVE-C8RS6-CF-INT;2;1303.8;2607.6
TS-0203-1257;4;75.85;303.4
TS-0203-1262;3;84.0336;252.1008
TS-0203-1264;2;65.6;131.2
TS-0203-1081;3;88.15;264.45
TS-0203-1104;1;13.1036;13.1036
AU128;1;584.8404;584.8404
TS-0203-1101;3;10.0696;30.2088
TS-0203-1266;1;79.95;79.95
TS-0203-2002;2;12.3;24.6
TS-0720-1004;4;15.0634;60.2536
A1000008;7;11.4554;80.1878
MS100086;2;48.4538;96.9076
CI100039;13;141.1712;1835.2256
TS-0720-1003;3;18.8436;56.5308
MS100198;3;517.4036;1552.2108
MS100016;1;647.4474;647.4474
VWR17G8R600;26;25.54777814;664.24223164
VWR190001;4;52.15801634;208.63206536
VWR160000;10;76.63358708;766.3358708
SBMP083;3;112.5532;337.6596
SBMC083;3;150.2486;450.7458
SBMX083;1;329.5252;329.5252
TS-0720-1007;1;16.4;16.4
TS-0402-1001;1;10.2336;10.2336
TS-0623-1073;1;77.8836;77.8836
VWR31G80R;5;125.73093866;628.6546933
VWR31P2GT;2;104.783905;209.56781
033CS17136;2;266.0162;532.0324
R-OPE-005-I;1;286.754;286.754
TS-0402-1004;2;8.4952;16.9904
TS-0402-1005;2;8.4952;16.9904
TS-0402-1014;1;8.4952;8.4952
TS-0402-1006;4;11.6686;46.6744
TS-0402-1013;1;12.2836;12.2836
VWR54G5COMP;2;260.03953652;520.07907304
TS-0645-4052;2;77.8836;155.7672
TS-0645-3052;2;77.8836;155.7672
TS-0302-1002;2;140.63;281.26
SAUC092;2;378.3726;756.7452
SAUP087;10;137.9691;1379.691
STYP009;8;127.0016;1016.0128
ATINTBMW7;2;265.97566658;531.95133316
ATRADBMW1;1;304.47765958;304.47765958
KLC157;10;53.05477162;530.5477162
KLC175;2;53.05477162;106.10954324
KTA138A;2;101.19688388;202.39376776
TS-0622-5072;3;77.9;233.7
EVE-A45S-CF-INT;14;655.836;9181.704
CTS-EXH-DP-0026;2;737.9918;1475.9836
CTS-IT-938;1;180.3918;180.3918
CTS-HW-450;4;73.7918;295.1672
CTS-IGN-006;266;15.9818;4251.1588
CTS-IGN-007;158;21.3118;3367.2644
CTS-SUS-2002;1;67.6418;67.6418
MMTB-CTR-17;2;90.1918;180.3836
MMTB-SUP-20;7;99.9826;699.8782
MMTB-MUS4-15;2;92.6846;185.3692
MMTB-FOST-13;3;92.6846;278.0538
MMTB-N54-07;4;134.9884;539.9536
AC-MK7-FPT;27;2.624;70.848
AC-UNI-WD;150;2.87;430.5
A1000004;13;3.4194;44.4522
CI100040;2;286.9918;573.9836
MS100195;17;54.2184;921.7128
CI100037-A;3;177.9154;533.7462
MS100180;2;176.7592;353.5184
ARMABM90M5-A;1;798.68;798.68
ARMAMIM135-A;1;570.515;570.515
ARMABM3034-A;3;546.12;1638.36
ARMABMWF30-A;1;546.12;546.12
ARMAFDMSTG-A;2;287.738;575.476
CG85-02-0002;6;158.752;952.512
300001009;1;518.7976;518.7976
ALP.07.13.0002-1;1;104.5172;104.5172
ALP.07.06.0001-1;1;45.8872;45.8872
ALP.07.03.0014-1;1;122.9754;122.9754
AMS.04.05.0001-1;1;304.1954;304.1954
VWR810002;4;37.68321644;150.73286576
VWR29DQ381;4;350.6118198;1402.4472792
VWR130006;9;27.1463419;244.3170771
"THE-8J 002 00";1;479.536;479.536
R-BMW-019-I;4;429.065;1716.26
06D115562;72;1.23;88.56
AC-200-EM;2;13.284;26.568
03H971921;644;3.936;2534.784
R17-10-2;9;41;369
AC-180-EM;51;13.284;677.484
ATIKYGR01;3;189.7807098;569.3421294
ATMSYGR04;4;225.64117366;902.56469464
S-TY/T/2;3;1687.7322;5063.1966
E-TY/SS/3;2;268.5008;537.0016
SMA0600-1P-BK;2;9.84;19.68
STY0014-1C-BK;3;18.2204;54.6612
ATINTFO55;2;292.3227266;584.6454532
U5099;42;35.3338;1484.0196
TS-0223-1091;2;90.1836;180.3672
TS-0801-1002;3;47.15;141.45
TS-0645-2052;5;66.625;333.125
MMSBH-RX8-04K;3;211.7486;635.2458
FMINDK31;6;146.20035266;877.20211596
ATMSFK802;2;262.99298054;525.98596108
ATMSYGR05;6;36.20162076;217.20972456
MS100210;155;35.2436;5462.758
GPST;80;0.82;65.6
AMS-00.06.0108-1;945;0.3444;325.458
PPF-1826;3;25.01167444;75.03502332
WSK-TOY001;2;96.23548782;192.47097564
BHF53Z;1;87.70656532;87.70656532
VWR12G7R600;2;206.91653352;413.83306704
VWR12G7R600ITBLA;54;102.19111256;5518.32007824
ITGFST8;3;128.9573082;386.8719246
PRK-148-BK;3;254.72723622;764.18170866
CTS-IGN-008;96;14.6534;1406.7264
VWR180004;32;17.8863689;572.3638048
VWR810003;3;127.72914336;383.18743008
AC-MK7-IM;17;188.6;3206.2
WB-508;2;58.48404;116.96808
ITGYARISKITEVO;2;301.56320492;603.12640984
ATIKMINI04;6;211.54652002;1269.27912012
VWR810005;11;83.02784212;913.30626332
VWR810004;2;95.79685752;191.59371504
VWR810009;7;26.82467968;187.77275776
CTS-F1x-M5M6-DF;2;491.9918;983.9836
EVE-Vbadge;10;6.888;68.88
ATMSYGR06;4;157.87766598;631.51066392
ATMSYGR01;5;103.59472952;517.9736476
VWR120010;24;119.42440968;2866.18583232
VWR120003;22;119.42440968;2627.33701296
ILKR8E6;3;10.0696;30.2088
DILKAR8A8;18;15.621;281.178
AC-N54-TB;30;68.88;2066.4
BPR8EIX;12;6.1992;74.3904
R18-10-2;6;32.8;196.8
AC-MK7-GFH;14;13.12;183.68
MMOCF-BMW;6;27.9292;167.5752
MMR17-0201;1;277.79919;277.79919
MMR17-0202;1;292.4202;292.4202
P3ESVA;3;40.426;121.278
PPF-1512;4;25.01167444;100.04669776
KCA510;10;92.14160502;921.4160502
KTA285;6;158.5892218;951.5353308
KTA286;3;99.80301426;299.40904278
AC-MK7-BT;59;9.84;580.56
AC-27-YH;13;26.2072;340.6936
KTA259;1;133.2948745;133.2948745
EUPD6003411R;2;713.1868;1426.3736
MMAI-MK7-TI;1;64.7472;64.7472
AC-500-TB;75;17.8432;1338.24
AC-45-TB;60;33.4232;2005.392
AC-200-TB;68;22.7632;1547.8976
EUPD3003713R;4;351.5504;1406.2016
ILKAR7L11;4;10.4796;41.9184
MMHOSE-MK7-15RRBK;3;13.981;41.943
EUPD4003106R;1;555.7468;555.7468
EUPD6003412R;1;772.6204;772.6204
CTS-HX-007;1;213.1918;213.1918
EUPD4004701R;3;393.3868;1180.1604
EUPD4002102R;1;334.3468;334.3468
EUPD4002106R;1;339.2668;339.2668
EUPD4002112R;4;358.9468;1435.7872
EUPD4005001R;2;388.8604;777.7208
EUPD6002209R;2;516.3868;1032.7736
EUPD6003401R;1;629.5468;629.5468
EUPD6002210R;2;516.3868;1032.7736
EUPD5002115R;3;467.1868;1401.5604
EUPD4003601R;1;383.5468;383.5468
EUPD4003302R;1;559.4204;559.4204
EUPD4003211R;3;344.1868;1032.5604
EUPD2003301R;3;367.5404;1102.6212
EUPD4002711R;1;432.7468;432.7468
VWR190002;4;31.93228584;127.72914336
ALP.07.04.0028-2;3;119.8594;359.5782
CI100035-B;4;195.1354;780.5416
AC-MK8-MD;80;21.73;1738.4
AC-S55-CHP;30;7.38;221.4
AC-BM-ODP;91;2.05;186.55
AC-27-DEL;20;5.33;106.6
PPF-9786;1;25.01167444;25.01167444
RPF-2045;5;21.03475972;105.1737986
JSK-145-80C-BK;1;119.5511251;119.5511251
VWR810006;8;134.11365106;1072.90920848
SP-27;26;8.774;228.124
CTS-A90-HX;2;270.5918;541.1836
ATMSYGR08;3;68.50430552;205.51291656
ATMSYGR07;5;81.75094058;408.7547029
ATMSREN8;6;70.16135332;420.96811992
ATMSREN7;6;70.15160598;420.90963588
DP-BM/SS/9;1;1168.1638;1168.1638
SFDC091;1;151.8804;151.8804
SFDX091;2;241.08;482.16
ATIKHYU5;5;169.83765216;849.1882608
ATMSHYU4;1;133.91870426;133.91870426
WB-323;5;24.25138192;121.2569096
VWR520000;9;89.40260248;804.62342232
VWRA10000;9;4.78594394;43.07349546
EUPD4002701R;1;427.8268;427.8268
VWR150002;1;170.84162818;170.84162818
ALP.37.03.0004-2;1;127.92;127.92
RC-HE64;4;20.91;83.64
EVE-G8XMV2-CF-INT;11;1303.8;14341.8
11427953129;58;1.435;83.23
AC-300-CP;337;5.33;1796.21
ATIKBMW2;1;211.54652002;211.54652002
ATMSBMW5;4;177.68426086;710.73704344
ARMABG82M4-A-3/4;1;712.58;712.58
ARMATYYAGR-A;2;319.8;639.6
CG85-02-0C20;3;356.7;1070.1
1CCVW08F041-;4;94.3;377.2
1CCVW08F04;7;188.6;1320.2
ARMABG82M4-5;2;153.34;306.68
E-BM/T/12;1;1203.0302;1203.0302
S-BM/TI/33H;1;3270.857;3270.857
PFR7G-11S;12;7.4702;89.6424
EVE-E9X-CF-DCT;2;329.64;659.28
AC-200-PP;53;24.6;1303.8
WSK-SUB001;1;67.48083482;67.48083482
VWR680003;2;359.2382157;718.4764314
FMINLD1;3;208.77827546;626.33482638
FMDV34A;3;112.09441;336.28323
FMDV34R;3;96.08927772;288.26783316
E10-82-092-01-22;2;110.536;221.072
CI100035;3;286.9754;860.9262
MMAI-G80-21;2;367.565;735.13
AMS.38.08.0002-1;1;2459.9918;2459.9918
AMS.38.08.0001-1;1;654.9422;654.9422
AMS.38.09.0001-1;1;215.2172;215.2172
AMS.38.02.0001-1;2;553.4672;1106.9344
AMS.38.14.0003-2;1;4243.4672;4243.4672
E10-42-040-06-22;1;127.92;127.92
E10-20-046-02-22;2;127.92;255.84
E10-35-023-14-22;2;120.048;240.096
E10-35-047-07-22;2;81.344;162.688
E10-35-016-09-22;2;106.928;213.856
E10-35-016-05-22;2;84.296;168.592
E4043-140;1;114.8;114.8
E10-40-036-06-22;2;103.976;207.952
CI100043;2;717.4754;1434.9508
E10-40-011-01-22;1;82.656;82.656
E10-55-007-01-22;1;109.552;109.552
E10-35-023-08-22;2;93.808;187.616
E20-55-019-01-22;3;87.248;261.744
E5530-140;1;102.336;102.336
E10-25-036-05-22;2;150.224;300.448
E10-30-013-01-22;1;91.512;91.512
E10-70-009-01-22;1;75.768;75.768
E10-35-046-01-22;4;97.416;389.664
E10-55-013-03-22;2;88.888;177.776
E10-55-008-05-22;2;84.952;169.904
E10-82-043-01-22;2;94.136;188.272
E10-82-001-01-22;1;87.904;87.904
E10-15-004-03-22;2;93.808;187.616
E10-15-007-14-20;3;66.912;200.736
E10-15-022-02-22;1;124.312;124.312
E10-15-027-01-22;2;192.536;385.072
E1570-140;4;107.256;429.024
IFR7G-11KS;4;9.3726;37.4904
E10-15-009-01-22;2;99.384;198.768
E10-15-009-05-22;1;99.384;99.384
E20-15-021-06-22;8;119.72;957.76
E10-20-022-09-22;2;156.128;312.256
E10-20-031-09-22;5;121.032;605.16
E10-20-014-17-22;2;115.784;231.568
E10-20-001-02-22;1;108.896;108.896
E10-63-020-01-22;1;102.008;102.008
SBMP086;3;171.3226;513.9678
E10-75-017-05-22;2;104.304;208.608
E10-75-020-05-22;3;114.472;343.416
E10-75-012-05-22;1;103.648;103.648
UR-TW2-3932;3;67.4286;202.2858
E10-75-003-15-22;2;102.336;204.672
E10-70-010-01-22;1;86.264;86.264
E20-65-013-02-22;3;80.36;241.08
E20-65-015-02-22;2;75.768;151.536
E20-81-003-02-22;1;79.376;79.376
E20-85-051-06-22;3;96.76;290.28
E20-85-051-05-22;1;113.16;113.16
E20-85-003-01-22;2;72.816;145.632
E20-15-021-02-22;10;106.928;1069.28
E20-15-021-05-22;1;110.536;110.536
UR-TW2-323;10;47.0926;470.926
UR-TW2-340;3;47.1008;141.3024
UR-TW3-020;1;52.521;52.521
UR-TW2-986;2;55.9076;111.8152
UR-TW4-786;4;74.5462;298.1848
UR-TW2-1345;3;55.9076;167.7228
E40-82-089-02-11;1;384.293;384.293
E40-85-014-06-11;1;309.14;309.14
E40-15-021-04-11;2;378.43;756.86
E40-20-031-03-11;2;215.168;430.336
UR-TW2-1715;3;49.979;149.937
UR-TW2-1796;3;47.1008;141.3024
UR-TW2-3051;3;58.4496;175.3488
UR-TW2-3109;3;49.979;149.937
UR-TW2-110;1;61.8362;61.8362
UR-TW2-729;1;49.979;49.979
UR-TW2-3212;3;55.9076;167.7228
UR-TW2-1289;2;49.979;99.958
UR-TW4-2741;2;66.0756;132.1512
UR-TW2-515;2;63.5336;127.0672
UR-TW4-2141P;2;67.4286;134.8572
UR-RE2-3933A;4;61.8362;247.3448
UR-TW2-1362;7;61.8362;432.8534
UR-RE2-1107;4;39.811;159.244
UR-RE2-1157;1;43.706;43.706
UR-LA2-3677;2;38.1177;76.2354
UR-LA2-3052;2;33.5462;67.0924
UR-LA2-1347;1;39.811;39.811
UR-LA2-3208;5;33.5462;167.731
UR-LA2-1256;3;36.9328;110.7984
UR-LA2-2090;3;40.6556;121.9668
UR-LA2-1503;2;36.9328;73.8656
UR-LA2-1291;2;33.5462;67.0924
UR-LA2-853;3;52.521;157.563
UR-RL2-3935;2;50.4874;100.9748
UR-RL2-732;2;36.9328;73.8656
UR-RL2-1080;2;30.1514;60.3028
UR-RL2-422;1;33.5462;33.5462
UR-RL2-988;4;39.811;159.244
UR-RT2-3216;3;46.5924;139.7772
UR-RL2-1295;3;33.5462;100.6386
UR-RL2-301;3;33.5462;100.6386
UR-RL2-2146;2;32.1932;64.3864
UR-RL2-2614;3;39.811;119.433
EVE-GR4-CF-ENG;3;280.44;841.32
UR-RL2-791;1;33.5462;33.5462
UR-RL2-790;2;36.9328;73.8656
UR-RU4-2987;3;72.8488;218.5464
UR-LA8-1257;6;84.3698;506.2188
UR-RL4-1259;4;72.8488;291.3952
UR-LA3-3524;4;50.4874;201.9496
UR-RE2-3934;3;39.811;119.433
UR-RT2-329;3;33.5462;100.6386
UR-ROC4-1260A;2;86.4034;172.8068
UR-RU2-1109;5;40.6597;203.2985
UR-FD3-1456;1;67.4286;67.4286
UR-AR18-303;3;84.3698;253.1094
UR-AR19-378;1;89.0848;89.0848
UR-AF23-316;2;87.7564;175.5128
UR-AR23-361;2;101.5734;203.1468
ATMSYGR09;2;96.68386546;193.36773092
ATMSFT1;1;248.78135882;248.78135882
5w30;12;18.983;227.796
0W40;18;17.7202;318.9636
VWR030001-GAR;2;364.33607452;728.67214904
VWR030001-CONT;1;364.33607452;364.33607452
EVE-C8BMC-FTR;3;123.984;371.952
EUPD4003209R;1;344.1868;344.1868
EUPD4003001R;1;415.5104;415.5104
E10-85-043-02-22;1;117.424;117.424
E10-25-043-06-22;2;106.928;213.856
E10-35-020-02-22;4;84.952;339.808
E4023-140;1;100.368;100.368
E10-85-041-01-22;4;106.928;427.712
E10-85-040-01-22;2;68.552;137.104
E10-57-002-01-22;2;85.608;171.216
E20-81-016-04-22;4;90.2;360.8
E10-85-008-02-22;2;62.32;124.64
E10-85-024-02-22;3;81.344;244.032
E20-81-009-02-22;3;86.264;258.792
E10-81-010-05-22;1;79.704;79.704
EVE-ST38Y-CF-INT;13;843.288;10962.744
E10-15-007-09-22;1;88.888;88.888
E10-15-007-08-22;1;88.888;88.888
E20-15-007-02-22;2;79.376;158.752
MS100219;164;29.3888;4819.7632
20W60;20;15.498;309.96
E40-15-021-01-11;4;310.739;1242.956
ZKER6A-10EG;6;3.0012;18.0072
216CLSDWAOT-R;9;25.256;227.304
216CLSDWAOP-R;13;40.59;527.67
216CLSDWABO-R;4;32.267;129.068
216CLSDWAFP-R;4;40.59;162.36
216CLSDWAEGT-R;5;47.642;238.21
216CLSDWAVO-R;17;22.714;386.138
UR-TW2-1534;4;55.9076;223.6304
UR-TW2-3300;2;58.4496;116.8992
UR-TW4-3717;3;72.8488;218.5464
UR-TW2-2989;4;63.5336;254.1344
UR-FD3-019;4;72.8488;291.3952
UR-FD3-1320;2;72.8488;145.6976
UR-RU2-679A;2;42.353;84.706
UR-RU2-946A;6;44.895;269.37
UR-RU2-858;2;39.811;79.622
UR-RE2-065;2;47.1008;94.2016
ATMSHYU3;2;133.25588514;266.51177028
ATMSHYU5;2;128.59665662;257.19331324
UR-RE2-2171;3;47.1008;141.3024
UR-RT2-3122;3;39.811;119.433
UR-LA4-299;3;52.521;157.563
UR-LA4-3053;1;55.9076;55.9076
UR-ML2-2261;2;47.0926;94.1852
LKR8AP;62;7.9212;491.1144
DCPR8EKP;28;7.1504;200.2112
ML2-2884;2;80.9832;161.9664
UR-LA6-3012;2;82.1722;164.3444
UR-RE2-116A;2;52.521;105.042
UR-RL2-686;4;26.2564;105.0256
UR-RL8-3013;2;83.0168;166.0336
CTS-IT-825;4;171.3718;685.4872
UR-ML2-1258;2;32.185;64.37
UR-RE2-2089;5;42.353;211.765
RE2-1891;3;47.1008;141.3024
UR-RE2-177;2;47.1008;94.2016
UR-RE2-2744;3;52.521;157.563
UR-RE2-1821;2;52.521;105.042
UR-RE2-1270;3;39.811;119.433
UR-TW2-2142;2;67.4286;134.8572
UR-RE4-1916;5;61.8362;309.181
UR-RE4-122;2;67.5024;135.0048
UR-RE2-3111;5;47.0926;235.463
UR-RL2-945;3;26.2605;78.7815
UR-LA4-3718;3;55.9076;167.7228
URTW-RL4-3720;4;52.521;210.084
UR-RL2-3056;1;36.9328;36.9328
UR-ML2-3055;1;43.7142;43.7142
UR-ML2-1824;2;33.5462;67.0924
UR-RL2-3304;4;36.9328;147.7312
UR-RL3-3110;2;55.9076;111.8152
UR-LA5-1421;1;63.5336;63.5336
UR-RL4-1423;2;57.2606;114.5212
UR-ML4-3054;1;52.521;52.521
UR-RL4-1435;1;65.231;65.231
UR-RL4-1653;2;52.521;105.042
UR-LA4-2883;1;55.9076;55.9076
UR-LA4-1192;6;55.9076;335.4456
FMTIA8-STOCK;1;155.21664216;155.21664216
UR-LA4-147;2;55.9076;111.8152
UR-LA4-651;10;55.9076;559.076
UR-RL2-1273;2;38.1136;76.2272
UR-ML4-1193;7;52.521;367.647
UR-RE2-2758A;3;61.8362;185.5086
UR-ML2-2760;3;52.521;157.563
UR-RL2-3014;1;33.5462;33.5462
UR-RL2-3707;4;36.9328;147.7312
UR-LA6-3705;4;78.7774;315.1096
UR-RL8-3706;5;86.4034;432.017
URUS-RE2-2432A;5;61.8362;309.181
UR-TW2-1255;3;52.5128;157.5384
420121321;127;8.036;1020.572
EVE-EA8884-R-INT;8;655.836;5246.688
EVE-EA8884-GTI-INT;6;655.836;3935.016
R11-10-2;4;41;164
R15-10-2;3;51.66;154.98
ATINTKIA1;1;265.97566658;265.97566658
EVE-FX34M-V2-INT;4;655.836;2623.344
EVE-FX34M-PF;8;93.48;747.84
TS-0740-1002;2;8.7986;17.5972
VWR610007;4;193.01682668;772.06730672
ATMSFO124;2;99.93947702;199.87895404
MST-VW-MK888;2;294.21371056;588.42742112
ATINTHYU4;2;297.3426067;594.6852134
MST-FO-MK4017;1;194.44968566;194.44968566
E10-20-040-03-22;1;157.112;157.112
E10-20-043-07-22;2;182.368;364.736
E10-20-041-01-22;2;123;246
E10-20-011-06-22;2;129.888;259.776
E10-20-049-01-22;2;127.264;254.528
E10-20-049-06-22;1;120.376;120.376
E10-20-035-01-22;3;126.608;379.824
VWR140010;3;105.9048491;317.7145473
VWR150001;3;159.65168186;478.95504558
E10-46-035-03-22;1;123;123
E10-15-014-04-22;2;99.384;198.768
E5517-140;1;87.904;87.904
E10-15-011-02-22;1;105.944;105.944
PPF-1194;1;25.01167444;25.01167444
E10-20-047-03-22;3;103.32;309.96
E10-20-016-01-22;4;84.296;337.184
E10-15-011-04-22;1;93.48;93.48
FMBP6;2;58.47429266;116.94858532
KDT985;2;13.58779196;27.17558392
UR-TW2-1189;3;63.5336;190.6008
UR-TW2-3047;5;58.4496;292.248
UR-TW2-071;3;43.706;131.118
UR-TW2-1106;7;47.1008;329.7056
UR-TW4-2757;2;67.4286;134.8572
UR-AR12-529;1;77.5966;77.5966
UR-LA2-1647;1;38.1136;38.1136
UR-LA2-2804;2;33.5462;67.0924
UR-LA2-829;2;33.0378;66.0756
UR-LA2-1232;2;39.811;79.622
UR-LA2-1027;3;33.5462;100.6386
UR-RL2-1048;2;33.5462;67.0924
EVE-8YS3-CF-INT;7;655.836;4590.852
UR-TW2-1820;3;58.4496;175.3488
UR-RE2-2481;3;50.4874;151.4622
UR-RL4-3215;1;57.2606;57.2606
UR-AR18-282;2;84.3698;168.7396
UR-AF27-486;2;111.4462;222.8924
UR-AR23-485;1;95.0462;95.0462
UR-RE4-3213A;1;67.4286;67.4286
UR-RT2-2148;3;32.185;96.555
UR-TW2-3081;1;55.9076;55.9076
UR-RE2-1645;1;47.1008;47.1008
UR-LA4-1822;3;67.4286;202.2858
UR-RE2-3886;4;47.1008;188.4032
UR-LA4-3887;3;55.9076;167.7228
UR-RL2-2434;1;33.5462;33.5462
UR-LA4-2433;2;55.9076;111.8152
UR-RL2-514;3;38.1218;114.3654
UR-ML2-2992;6;36.9328;221.5968
UR-ML2-2991;10;38.1218;381.218
UR-RE2-1290;3;47.1008;141.3024
UR-AF27-377;1;111.4462;111.4462
1-101s;29;11.9474;346.4746
VWR18G700-SERV;10;14.68924138;146.8924138
VWR700000;6;63.85482434;383.12894604
VWR1241S4FO;2;120.70131122;241.40262244
ATIKFO33;2;177.6940082;355.3880164
Z-2515225;4;82.4707128;329.8828512
Z-2011784;2;103.088391;206.176782
Z-2051793;2;95.869316;191.738632
Z-2113589;3;82.4707128;247.4121384
Z-1355110;3;85.9069925;257.7209775
Z-1313913;2;97.59034348;195.18068696
Z-1353914;5;78.00066156;390.0033078
ES-2513708;2;35.3445912;70.6891824
ES-1013912;2;40.05720336;80.11440672
ES-355264;8;20.6176782;164.9414256
ES-1311525;3;43.29712422;129.89137266
ES-1350565;4;26.5084434;106.0337736
034-145-Z049;4;55.1942;220.7768
034-301-2009;2;636.32;1272.64
W0599;5;9.75708734;48.7854367
UR-TW2-990;3;52.521;157.563
UR-TW2-1832;2;52.521;105.042
UR-FD3-903;2;72.8488;145.6976
UR-ML4-265;1;67.4286;67.4286
UR-TW2-359;2;49.979;99.958
UR-LA4-991;2;55.9076;111.8152
UR-RE4-1321;3;58.4496;175.3488
UR-TW2-1514;1;63.55;63.55
UR-RL4-1294;3;55.9076;167.7228
UR-RE2-1346;3;47.1008;141.3024
UR-FD3-1018;2;72.8488;145.6976
UR-RE2-1750;1;57.2606;57.2606
UR-LA4-854;3;67.4286;202.2858
UR-RU2-856A;2;52.521;105.042
UR-ML6-973;3;77.5966;232.7898
UR-RL4-974P;4;47.1008;188.4032
S-AU/TI/24H;1;3536.25;3536.25
S-AU/TI/23H;1;3425.55;3425.55
EVE-G20B58-V2-INT;5;655.836;3279.18
UR-RL8-1019P;2;78.7774;157.5548
UR-LA4-2573;2;55.9076;111.8152
UR-RE3-2576;1;47.1008;47.1008
D650-0003;169;33.2428;5618.0332
EVE-C8RS6-CF-ENG;6;309.96;1859.76
D650-0010;219;36.1128;7908.7032
SD-1613709;2;130.5786286;261.1572572
SD-1213445;4;92.7795519;371.1182076
SD-1214801;2;151.1963068;302.3926136
SD-1313035;8;95.869316;766.954528
SD-1318355;4;116.8335098;467.3340392
75W140;11;11.4062;125.4682
VWR140006;2;105.9048491;211.8096982
VWR190003;1;52.6843727;52.6843727
VWR190004;3;38.31679354;114.95038062
VWR501000;2;135.488026;270.976052
VWR501001;3;183.61064358;550.83193074
U3P3AS1X;3;189.7644;569.2932
9-250;6;62.689;376.134
9-350;5;98.769;493.845
ATMSHYU6;4;38.00487866;152.01951464
9-350-bracket;3;3.608;10.824
9-250-bracket;4;3.157;12.628
216VWBWWT270;5;20.787;103.935
216VWBWVO270;3;20.787;62.361
216VWBWOT270;6;20.787;124.722
216VWBWEGT270;1;47.847;47.847
216VWBWEBO270;4;28.7;114.8
216VWBWEOP270;8;35.342;282.736
UR-FD3-1749;3;72.8488;218.5464
UR-LA4-1445;3;63.5336;190.6008
UR-LA2-1110;1;36.9328;36.9328
UR-LA4-343;3;55.9076;167.7228
UR-RU2-407;2;39.811;79.622
UR-ML4-300;6;55.9076;335.4456
UR-TW2-2431;4;47.1008;188.4032
UR-RE2-1833;3;39.811;119.433
UR-TW2-1269;5;47.1008;235.504
UR-RL2-2807;14;36.9328;517.0592
UR-LA2-2803;6;36.9328;221.5968
UR-RT2-1861;3;74.5462;223.6386
E10-20-016-03-22;2;124.968;249.936
E40-85-008-01-10;1;148.707;148.707
ATMSBMW7;3;177.68426086;533.05278258
UR-LA2-972;2;37.269;74.538
UR-TW3-394;2;66.0756;132.1512
UR-LA4-2759;3;63.5336;190.6008
STYX009;1;421.4554;421.4554
AC-N55-TP;17;65.6;1115.2
FMDV35;2;125.26306634;250.52613268
AC-B58-TP;23;69.7;1603.1
AC-180-CAN;14;4.1;57.4
FRI-0311;1;936.4006564;936.4006564
LA-3001;2;32.49450039;64.98900078
FRI-0194;6;482.1764574;2893.0587444
FRI-0218;3;296.9927455;890.9782365
LA-3002-2;2;33.54271008;67.08542016
FRI-0205;4;482.1764574;1928.7058296
FR-0084;2;216.6300026;433.2600052
FR-0142;2;586.9974264;1173.9948528
FR-0143;3;681.3362985;2044.0088955
FR-0525;2;573.0212972;1146.0425944
FR-0522;4;454.224199;1816.896796
FR-S2000;2;691.8183954;1383.6367908
FRI-0405;2;866.5200104;1733.0400208
FRI-0190;2;293.4987132;586.9974264
FRI-0406;2;447.2361344;894.4722688
FR-0513;5;366.8733915;1834.3669575
FR-0139;2;586.9974264;1173.9948528
FRI-0116;2;586.9974264;1173.9948528
FRI-0104;3;307.4748424;922.4245272
FRI-0322;3;936.4006564;2809.2019692
FRI-0341;3;866.5200104;2599.5600312
FRI-0346;2;1111.1022714;2222.2045428
FRI-0339;1;1215.9232404;1215.9232404
FRI-0227;3;691.8183954;2075.4551862
FRI-0220;3;586.9974264;1760.9922792
FRI-0226;2;586.9974264;1173.9948528
FR-0457;2;489.164522;978.329044
FR-0059;4;345.9091977;1383.6367908
FRI-0334;2;517.1167804;1034.2335608
FRI-0200;2;300.4867778;600.9735556
FRI-0171;4;303.9808101;1215.9232404
FRI-0201;2;279.522584;559.045168
FRI-0186;3;272.5345194;817.6035582
FR-0039;4;234.1001641;936.4006564
FRI-0315;3;803.627429;2410.882287
FRI-0323;2;761.6990414;1523.3980828
FRI-0228;3;559.045168;1677.135504
LA-3003;3;40.18137145;120.54411435
LA-3004-2;5;66.3866137;331.9330685
LA-2001;5;33.0344872;165.172436
SAUC090;3;188.9526;566.8578
SHYP105;2;86.1;172.2
SHYC105;4;94.71;378.84
SES2300CF;2;749.1438;1498.2876
ATMSYGR10;3;142.13571188;426.40713564
ATMSFO132;1;137.03785306;137.03785306
D155-A001;3;122.80673666;368.42020998
ITGHYUNDAIi20NF;8;219.31515;1754.5212
ITGHYUNDAIi20NSH;2;62.1392925;124.278585
SILFER8C7ES;76;7.1258;541.5608
VWR610360BLK;12;193.01682668;2316.20192016
FMTIA3;3;78.29063488;234.87190464
SBMP087;2;329.9844;659.9688
P101061010;1;240.6946;240.6946
CTS-IGN-009;88;18.3844;1617.8272
CTS-EXH-DP-0029;1;266.4918;266.4918
CTS-EXH-TP-0016;1;495.6818;495.6818
P101112010;1;481.873;481.873
SVWC064;4;193.9218;775.6872
UR-TW2-3277;2;47.1008;94.2016
UR-RL2-2525;1;36.9328;36.9328
UR-TW2-3744;1;58.4496;58.4496
UR-RL8-3068;1;83.8614;83.8614
UR-TW2-1170;5;61.8362;309.181
UR-TW2-1444;4;52.521;210.084
UR-TW-4261;12;72.8488;874.1856
SHD1010-1C-BK;1;18.2204;18.2204
FMDV37-BLACK;2;99.6665515;199.333103
FMINT25;2;438.62055266;877.24110532
FMINT17;2;374.2003826;748.4007652
ATINTVAG43;1;560.34533458;560.34533458
ATMSHYU7;3;57.67501078;173.02503234
ATMSHYU8;2;93.17482306;186.34964612
FMINDK43;1;249.47341996;249.47341996
MMAI-MK7-15X;17;208.7802;3549.2634
MMHP-ASHB-2424;6;15.375;92.25
SD-2214985;4;132.64039642;530.56158568
SD-1357992;2;116.8335098;233.6670196
SD-1251126;4;58.4167549;233.6670196
SD-1258562;3;89.3432722;268.0298166
SD-1218267;3;116.8335098;350.5005294
SD-1213215;1;161.5051459;161.5051459
SD-3657044;2;123.7060692;247.4121384
VWR131000;1;415.10996858;415.10996858
FP-3355126;2;106.5246707;213.0493414
FP-2057868;2;123.7060692;247.4121384
FSBS-38030B27L/26R;3;412.353564;1237.060692
FP-2218353;2;151.1963068;302.3926136
SD-1310113;1;130.5786286;130.5786286
SD-1250935;1;123.7060692;123.7060692
SD-1353381;1;95.869316;95.869316
SD-3617039;3;75.5981534;226.7944602
SD-3657024;2;82.4707128;164.9414256
SD-1651298;4;105.15015882;420.60063528
SD-3513161;2;99.6521113;199.3042226
ES-1311479;3;35.3445912;106.0337736
SD-2652458;5;72.1618737;360.8093685
SD-1313528;5;109.9609504;549.804752
HS-1214801;1;202.7405023;202.7405023
EVE-F9XM5M8-CHG;8;309.96;2479.68
ATINTREN8;3;335.6983896;1007.0951688
AC-S55-IC;48;159.9;7675.2
TBP-005;93;3.9852;370.6236
TBP-001;75;3.321;249.075
TBP-002;84;3.321;278.964
AC-211-OT;14;31.16;436.24
DB42FK;2;124.16809;248.33618
FRDZ33K;2;743.275962;1486.551924
FS-1314709;3;213.0493414;639.1480242
SD-1313301;10;127.1423489;1271.423489
FRDGXPA16K;2;743.275962;1486.551924
FRDZN6K;1;743.275962;743.275962
Z34FK;2;109.72994;219.45988
FK8FK;1;115.5052;115.5052
GXPA16FK;2;115.5052;231.0104
ZN8FK;1;115.5052;115.5052
PST77;3;69.30312;207.90936
UBT44;3;128.210772;384.632316
UBT45;3;128.210772;384.632316
PT32;1;86.6289;86.6289
FMEC3;1;233.93616;233.93616
FMINDK38;1;121.84175;121.84175
CRZ34K;2;389.6567922;779.3135844
CRZ33K;2;389.6567922;779.3135844
CRSE3PK;1;314.5784122;314.5784122
NSF8;1;55.442496;55.442496
PSH52;2;65.837964;131.675928
NSH21;1;55.442496;55.442496
NST36B;2;55.442496;110.884992
NST37;3;55.442496;166.327488
PST78;6;69.30312;415.81872
UBH23;2;62.372808;124.745616
UBT38B;2;155.93202;311.86404
CLPT-SET1;4;110.884992;443.539968
XF18950-4005GDG;12;171.525222;2058.302664
PT0009B;5;105.6898;528.449
ES-1313587;1;46.83158334;46.83158334
SD-1254964;2;130.5786286;261.1572572
1118BLK;6;12.6034;75.6204
SD-1310016;8;89.3432722;714.7461776
SD-1350972;5;103.088391;515.441955
SD-1351354;7;75.5981534;529.1870738
HS-1254964;2;164.9414256;329.8828512
SES1583CF;1;730.7594;730.7594
SD-1353034;7;58.4167549;408.9172843
FS-1358331;5;116.8335098;584.167549
Z-1355009;4;85.5604769;342.2419076
SD-2512407;4;99.6521113;398.6084452
SD-1358331;7;89.3432722;625.4029054
FS-1313301;4;154.6325865;618.530346
FP-2018477;2;130.5786286;261.1572572
R-FOR-009-I;2;295.692;591.384
UR-LA4-4265;2;74.5462;149.0924
UR-RE2-3015A;2;61.8444;123.6888
UR-ML6-3719;1;77.5966;77.5966
UR-RL4-1449;3;47.1008;141.3024
UR-FD3-107;2;72.8488;145.6976
UR-RE2-1190;2;47.0926;94.1852
UR-FD3-897;2;78.7856;157.5712
UR-RE2-396;2;58.4496;116.8992
UR-RE4-801;2;77.5966;155.1932
UR-FT4-2846;4;78.7774;315.1096
UR-LA4-310;2;55.9076;111.8152
ES-1353914;3;36.52274424;109.56823272
D158-A001;2;17.04809766;34.09619532
D153-A001;1;135.91690896;135.91690896
AC-200-IT;23;57.4;1320.2
SNN0910-1C-BK;4;18.2204;72.8816
AC-Z33-HHL;4;49.7822;199.1288
AC-MK7-CP-BL;1;7.38;7.38
14036-AG010;20;3.116;62.32
U5001;8;12.3328;98.6624
AC-Z33-CP;162;7.216;1168.992
14035-8J101;46;2.296;105.616
14035-JP00A;50;2.624;131.2
13270-8j112;44;1.23;54.12
13270-8J102;46;1.23;56.58
1J0201511A;18;1.804;32.472
1J0819644A;34;2.46;83.64
1K1819653B;25;2.706;67.65
FMSS5;4;29.23227266;116.92909064
AC-35-DP;17;98.4;1672.8
AMS.39.08.0001-1;1;1537.4672;1537.4672
R21-10-2;3;41;123
R22-10-2;6;42.64;255.84
U5096;16;17.1954;275.1264
U5333;8;13.8252;110.6016
AC-S55-RAD;8;188.6;1508.8
AC-451-RAD;11;164;1804
ATEXHFO6;1;124.17136426;124.17136426
ATMSFO4;2;53.91253754;107.82507508
ASCDISC3;2;319.16690096;638.33380192
AC-R56-TB;17;22.14;376.38
MMBCC-350Z-07PBE;2;207.5912;415.1824
MMWP-M50-92;8;27.511;220.088
001002433;1;91.6432;91.6432
ARMAADR6C8-A;2;471.5;943
ARMAAD0RS5-A;2;694.54;1389.08
DBA601S-2;2;76.342;152.684
DBA42698S-2;2;197.0378;394.0756
DBA42224S-2;1;182.1712;182.1712
DBA42225S-2;1;182.1712;182.1712
DBA42656S-10-2;2;182.3106;364.6212
DBA4654S-10-2;2;182.89608;365.79216
DBA42280S-2;2;167.28;334.56
DBA42676S-2;10;167.28;1672.8
DBA53002WSLVXD-2;4;565.513;2262.052
DBA600S-2;2;165.312;330.624
DBA2500S-2;1;105.1732;105.1732
DBA52844SLVS-2;5;524.5212;2622.606
DBA4838S-2;4;153.504;614.016
DBA42677S-2;2;155.5376;311.0752
DBA42809S-2;10;131.54112;1315.4112
ATMSYGR11;2;77.82276256;155.64552512
DBA418S-2;1;123.164;123.164
DBA419S-2;1;123.164;123.164
E90-75-012-05-22;2;481.217;962.434
L3P3P991;3;189.7644;569.2932
UR-TW4-4078;2;63.5336;127.0672
UR-ML4-4080;2;57.2606;114.5212
UR-TW2-3653;3;66.0756;198.2268
UR-TW2-3909;5;55.9076;279.538
URTW-RE2-2919A;3;66.0756;198.2268
UR-RE2-4262;11;42.353;465.883
UR-RS4-4266P;4;52.521;210.084
KCA402;1;103.98462312;103.98462312
W53624;2;14.00692758;28.01385516
W33364;2;19.61164808;39.22329616
W63584;2;12.60331062;25.20662124
238CLSDWAOT-R;9;26.24;236.16
238CLSDWABO-R;8;33.251;266.008
238CLSDWAWT-R;2;25.297;50.594
238CLSDWAOP-R;3;41.615;124.845
CTS-EXH-DP-0029-CAT;3;319.7918;959.3754
CTS-HW-455;3;88.5518;265.6554
EVE-EA8884-CF-ENG;4;280.44;1121.76
HMP-892;2;79.10941144;158.21882288
EUPD4004903R;2;452.8204;905.6408
N91130801-5;33;0.5248;17.3184
E90-35-020-02-22;1;492.492;492.492
E90-75-017-05-22;1;539.232;539.232
PSS65-85-001-04-22;1;647.062;647.062
PSS65-20-001-03-22;1;744.068;744.068
HMP-456;2;33.99872192;67.99744384
HMP-843;1;40.938828;40.938828
HMP-826;1;87.72606;87.72606
URKR-TW2-4201;2;67.4286;134.8572
UR-LA2-4264;9;40.6556;365.9004
UR-FD3-079;2;72.8488;145.6976
UR-LA4-148;4;52.521;210.084
UR-LA4-264;2;55.9076;111.8152
UR-LA4-511;2;63.5336;127.0672
UR-LA4-512;3;66.0756;198.2268
UR-LA4-731;2;55.9076;111.8152
UR-ML2-421;3;33.5462;100.6386
UR-RE2-072;1;47.0926;47.0926
UR-RE2-3217A;2;63.5336;127.0672
UR-RL2-124;2;31.3404;62.6808
UR-RE2-465A;4;67.4286;269.7144
UR-RE3-730;2;44.895;89.79
UR-RT2-408;2;32.185;64.37
UR-RL8-621P;3;78.7774;236.3322
UR-FD3-1161;2;72.8488;145.6976
UR-ML4-788;4;52.521;210.084
UR-ML4-1422;2;58.4496;116.8992
UR-ML4-1650;2;61.8362;123.6724
UR-LA4-1233;3;52.521;157.563
238EVOBO-PK-R;6;36.572;219.432
238EVOOT-PK-R;5;29.807;149.035
238EVOOP-PK-R;7;42.394;296.758
FMMD7;8;50.69591534;405.56732272
AC-Z33-EM;14;102.5;1435
AC-MK7-OC;178;12.3;2189.4
AC-VAG-CC;176;16.4;2886.4
AC-VAG-BC;170;9.02;1533.4
7-804;3;132.348;397.044
AC-190-DPHS;10;184.5;1845
AC-45S-DPHS;18;98.4;1771.2
SILZKFR8F7S;24;6.5272;156.6528
KV082895;1;176.7756;176.7756
KV061816R;2;155.7754;311.5508
KH423660P;2;301.76;603.52
AC-8V5RS-IM;3;910.2;2730.6
AC-S58-FP;34;69.7;2369.8
KL080300R;1;121.2288;121.2288
KL060650R;4;177.5136;710.0544
AC-B58-INLET;5;45.1;225.5
AC-250-IP;13;47.56;618.28
005EP17148;1;422.956;422.956
URTW-ML2-3974;4;71.1596;284.6384
URTW-ML2-3973;4;67.4286;269.7144
URTW-RL2-3975;2;49.979;99.958
UR-ML2-1293;3;30.1596;90.4788
UR-LA6-1292;4;74.5462;298.1848
AC-180-EXM;14;110.7;1549.8
UR-RE2-081;2;49.979;99.958
AC-211-IT;6;57.4;344.4
AC-MK7-IT;40;86.1;3444
AC-S55-JP;24;26.24;629.76
AC-S55-INLET;10;110.7;1107
DBA4649S-2;2;140.0068;280.0136
DBA4650S-2;2;151.6836;303.3672
DBA2367S-2;2;137.83872;275.67744
DBA2951S-2;2;92.0204;184.0408
DBA2959S-2;1;138.744;138.744
DBA2965S-2;1;100.9338;100.9338
DBA2964S-2;1;153.504;153.504
DBA42550S-2;2;182.89608;365.79216
DBA42957S-2;2;126.4112;252.8224
DBA42962S-2;2;168.7232;337.4464
DBA43343S-2;2;180.8592;361.7184
DBA43342S-2;2;227.6484;455.2968
DBA4482S-2;2;151.6836;303.3672
DBA42500S-2;2;151.6836;303.3672
DBA42166S-2;1;212.0848;212.0848
DBA42165S-2;1;189.4692;189.4692
DBA2145S-2;1;91.8892;91.8892
DBA42968S-2;2;189.4692;378.9384
DBA2120S-2;4;111.889;447.556
DBA42163S-2;1;176.44104;176.44104
DBA2847S-2;2;91.266;182.532
DBA2832S-2;1;104.714;104.714
DBA42830S-2;8;147.09816;1176.78528
DBA2808S-2;3;112.996;338.988
DBA2806S-2;6;81.4916;488.9496
URTW-LA2-4001;1;36.9328;36.9328
EVE-P991T-INT;2;1101.096;2202.192
UR-RU2-1000;1;40.6638;40.6638
UR-TW2-339;3;47.0926;141.2778
UR-RE2-066;2;47.0926;94.1852
UR-RL2-2887;1;39.811;39.811
URCN-RL2-2114;2;38.1136;76.2272
UR-RL4-2960;6;52.521;315.126
UR-LA4-1271;2;58.4496;116.8992
UR-LA4-420;2;55.9076;111.8152
UR-RE4-958;2;67.4286;134.8572
W53286;2;14.1823797;28.3647594
KCA465;1;109.92075318;109.92075318
KTA137;1;109.92075318;109.92075318
70017-AT130;6;19.007313;114.043878
70028-AT002;1;491.265936;491.265936
71008-AF013;6;120.379649;722.277894
24999-AM001;3;88.700794;266.102382
22004-AM001;2;116.96808;233.93616
70017-AN104;5;40.2077775;201.0388875
70017-AZ104;7;40.2077775;281.4544425
70017-AF101;4;25.95716642;103.82866568
70017-AN105;4;37.527259;150.109036
70028-AT001;1;592.150905;592.150905
71008-AN027;4;648.19811;2592.79244
71008-AZ008;4;129.639622;518.558488
71008-AM011;2;136.2190765;272.438153
71008-AM015;2;155.2263895;310.452779
71008-AN015;2;129.639622;259.279244
70017-AN101;6;22.6625655;135.975393
71008-AF006;2;129.639622;259.279244
71008-AF005;2;129.639622;259.279244
70017-AM107;4;18.4224726;73.6898904
70017-AT120;5;21.1517278;105.758639
70017-AT131;3;31.80557042;95.41671126
70017-AH111;3;21.1517278;63.4551834
70017-AM105;2;22.6625655;45.325131
24999-AM002;3;24.5632968;73.6898904
24999-AF001;5;142.5548475;712.7742375
70020-AN107;2;577.529895;1155.05979
70020-AM103;2;242.221399;484.442798
24003-AK002;8;33.4333762;267.4670096
24003-AN001;4;32.47813688;129.91254752
52009-AK005;27;8.772606;236.860362
52009-AK011;8;13.8899595;111.119676
13001-AT008;2;972.297165;1944.59433
31029-AT006;1;1279.338375;1279.338375
32018-AZ010;2;361.138947;722.277894
ATINTVAG46;3;152.3021875;456.9065625
70999-AT002;3;75.054518;225.163554
32018-AT041;3;614.569787;1843.709361
33004-BT002;1;180.813157;180.813157
50003-M45-HL;48;10.5758639;507.6414672
41001-AK011;1;75.054518;75.054518
41001-AK012;8;49.8089074;398.4712592
AC-S55-OC;1;168.1;168.1
W53188;2;20.48890868;40.97781736
W52091;2;13.07118294;26.14236588
W53518;2;39.68142114;79.36284228
MMR03-1501;1;48.65872128;48.65872128
50003-M50-HL;32;10.5758639;338.4276448
50003-M45-XL;36;10.5758639;380.7311004
12001-AT012;3;3002.18072;9006.54216
11003-AN015;1;6360.13935;6360.13935
15004-AH004;1;608.234016;608.234016
27001-AN001;1;577.042528;577.042528
VWR31UPGT;2;91.49828058;182.99656116
15999-AM001;4;38.7456765;154.982706
24996-AK046;1;62.870343;62.870343
24996-AK031;6;55.09196568;330.55179408
24996-AK053;2;58.6789868;117.3579736
70017-AH004;4;16.0343743;64.1374972
MST-BW-F90M5;1;412.799849;412.799849
MST-VW-MK5R32;1;179.52650812;179.52650812
ATMSFO135;1;70.14185864;70.14185864
ATMSBMW8;1;82.2188129;82.2188129
566541A;1;155.95744;155.95744
FMEC4;2;140.92704172;281.85408344
3C4911PS;2;137.2425472;274.4850944
222462A;1;120.85726866;120.85726866
1C2492R;1;256.80341964;256.80341964
1C2017F;1;72.98808192;72.98808192
566270C20;1;223.0191392;223.0191392
564270C20;1;223.0191392;223.0191392
AC-W204-DP;8;147.6;1180.8
FMTUBL15;1;58.47429266;58.47429266
6-FPD-8AN;2;36.777;73.554
7-900;3;107.748;323.244
7-902;3;107.748;323.244
70020-DH101;3;324.099055;972.297165
70020-AN101;1;299.730705;299.730705
71008-AT020;3;289.983365;869.950095
70020-AH110;1;343.593735;343.593735
14011-AT001;2;167.166881;334.333762
70026-AT001;1;218.340416;218.340416
14007-AM003;2;186.4178775;372.835755
70018-AM001;1;127.9338375;127.9338375
70018-AN007;1;519.045855;519.045855
AC-MK7-CL;54;20.91;1129.14
AC-MK7-RL;20;11.89;237.8
ARMASBGR86;3;261.58;784.74
AC-VAG-WB;17;98.4;1672.8
AC-S55-OTC;69;14.186;978.834
AC-B8S-EXM;10;188.6;1886
FMSS7;7;34.11569;238.80983
10.127.113K;7;153.3154;1073.2078
10.127.113T;9;16.3918;147.5262
MMOC-G80-21;4;299.464;1197.856
DBA53700BLKS-2;2;501.3972;1002.7944
DBA43146S-2;1;204.04224;204.04224
OPSB1478HP;2;120.581;241.162
TI-123-BK;8;56.8269922;454.6159376
FMSS8;2;44.76953262;89.53906524
FMINT24;1;391.47266908;391.47266908
SAUP106;4;175.8367;703.3468
VWR140011;1;153.51085766;153.51085766
E90-57-002-01-22;2;514.14;1028.28
EVE-192-FTR;3;46.74;140.22
E90-30-013-01-22;2;355.839;711.678
E90-85-008-02-22;1;384.703;384.703
FR-0419;2;681.3362985;1362.672597
FRI-0407;2;1215.9232404;2431.8464808
Z-2755347;3;82.4707128;247.4121384
ES-2755347;3;35.3445912;106.0337736
Z-1382491;8;167.69044936;1341.52359488
ES-1313913;4;47.1261216;188.5044864
Z-1313587;3;82.4707128;247.4121384
Z-1212425;2;136.42030409;272.84060818
FS-1257872S;1;188.9953835;188.9953835
Z-315561;3;68.725594;206.176782
SD-1308223;2;453.5889204;907.1778408
SD-1388526;2;460.4614798;920.9229596
FS-36534B42R/43L;2;336.7554106;673.5108212
SD-3355036;2;61.8530346;123.7060692
FS-3311001;2;130.5786286;261.1572572
FS-1214913;2;213.0493414;426.0986828
FRI-0350;1;517.1167804;517.1167804
FR-0083-98;2;244.582261;489.164522
FRI-0336;3;845.5558166;2536.6674498
FRI-0353;3;1215.9232404;3647.7697212
FRI-0345;3;1215.9232404;3647.7697212
FRI-0352;2;628.925814;1257.851628
12001-AH010;1;3362.8323;3362.8323
CTS-ACC-008;1;39.3518;39.3518
CTS-TR-1550-82;3;1492.3918;4477.1754
CTS-TR-0300RS;2;975.7918;1951.5836
MMINT-F10-12WBK;1;721.149;721.149
MMRAD-E46-323A;2;194.3728;388.7456
MMRAD-E46-323;8;194.381;1555.048
AC-R53-IC;5;41.328;206.64
ARMABZS63S-A;1;984.984;984.984
ARMAW2E63S-A;2;1289.86;2579.72
BH-225;1;32.8485358;32.8485358
BSF19XZ;2;97.07375906;194.14751812
CS57-AR60041;5;35.1288;175.644
CTS-TR-1050X;1;983.9918;983.9918
EVE-E39-INT;2;609.096;1218.192
EVE-E9X-CFM-DCT;1;391.14;391.14
EVE-E9X-CFM-INT;2;407.376;814.752
EVE-E9X-CFM-PLM;1;1101.096;1101.096
EVE-G20B48-V2-INT;3;655.836;1967.508
EVE-G29Z4-B48-INT;2;655.836;1311.672
EVE-HCN-CF-INT;2;1087.32;2174.64
EVE-Z4M-INT;1;398.52;398.52
EVO1103;3;161.745;485.235
EVO1104;3;177.3824;532.1472
EVO7301;2;182.4418;364.8836
MMBCC-CIV-16PBE;1;64.0338;64.0338
MMHP-GRB-2424;1;17.138;17.138
MMTB-CIV-16;2;75.153;150.306
R08-40-2;2;41;82
SFDC078;1;155.595;155.595
SFDS078ST;2;273.6094;547.2188
SMN003;1;283.6626;283.6626
SMNC014;6;232.5028;1395.0168
SMNX014;6;323.8672;1943.2032
SP1123WB;2;210.5514;421.1028
SP1355WB;1;124.64;124.64
SP1573BLK;2;141.1876;282.3752
SP1573WR;2;141.1876;282.3752
SRN0601-4P-BK;1;26.896;26.896
SSE0424-4P-BK;1;26.896;26.896
"TTE500 N54";1;1071.0184;1071.0184
"TTE500 N54-1";1;1071.0184;1071.0184
VWR11G714;2;41.51392106;83.02784212
VWR11G815;3;41.51392106;124.54176318
VWR1200BUNG;3;12.7690154;38.3070462
VWR12G50D;1;159.01810476;159.01810476
VWR12G60D;3;159.01810476;477.05431428
VWR12G614;5;159.01810476;795.0905238
VWR18G700-EUBRACKETS;7;24.21239256;169.48674792
VWR670000;2;95.15353308;190.30706616
VWR670001;4;92.59973;370.39892
VWR670008;4;39.9153573;159.6614292
W63452G;8;24.73874892;197.90999136
EUPD4003107R;1;590.1868;590.1868
12001-AN008;1;3362.8323;3362.8323
71008-AH009;3;191.047864;573.143592
71008-AN029;4;205.9125575;823.65023
EVE-4V8TT-CF-INT;4;1337.748;5350.992
70017-AZ101;6;21.1517278;126.9103668
71008-AF003;1;129.639622;129.639622
70020-AT115;1;310.452779;310.452779
70020-AZ108;2;190.07313;380.14626
70020-AN106;1;566.320454;566.320454
PH/INDYGR1;1;62.30499728;62.30499728
13001-AM005;1;887.00794;887.00794
TS-0404-1024;2;77.8836;155.7672
33002-AH001;1;921.12363;921.12363
13001-AM004;1;887.00794;887.00794
31029-AM002;1;682.3138;682.3138
31029-AF001;2;682.3138;1364.6276
31029-AF008;1;852.89225;852.89225
MMTS-E46-99V2;1;47.2074;47.2074
48004-AK001;1;71.642949;71.642949
42018-AH002;2;242.221399;484.442798
44004-AK003;5;81.877656;409.38828
31006-AN018;2;368.449452;736.898904
32003-DH001;2;443.50397;887.00794
32003-AH007;2;750.54518;1501.09036
31019-AN015;2;423.034556;846.069112
31019-AM008;3;627.728696;1883.186088
31019-AF022;3;614.08242;1842.24726
31019-AF015;3;586.789868;1760.369604
32016-AH004;1;1023.4707;1023.4707
21004-AT002;1;2183.40416;2183.40416
22002-AN038;1;1466.97467;1466.97467
15004-AM010;1;467.87232;467.87232
15004-AN024;1;526.35636;526.35636
1419-RF001;2;750.54518;1501.09036
14019-AF002;1;395.742004;395.742004
14019-AM002;1;586.789868;586.789868
14018-AN004;2;491.265936;982.531872
14030-AN001;1;300.218072;300.218072
1407-RA015;4;91.3813125;365.52525
U5237;12;15.6784;188.1408
Z-1112203;1;113.0507145;113.0507145
Z-1152987;3;89.68401254;269.05203762
FMTUBL16;3;43.85328266;131.55984798
FMOC12-BLACK;2;266.1998554;532.3997108
MMRAD-TINY-01;1;176.3328;176.3328
MMAI-CIV-16RD;2;145.673;291.346
ATIKVAG8;1;315.46291176;315.46291176
105777;7;9.266;64.862
MMINT-CIV-16KSLWRD;1;486.629;486.629
MMAI-F30-12WBK;1;183.147;183.147
MMOC-25;1;102.0326;102.0326
EVO7202;2;192.5524;385.1048
EVO7203;3;192.5524;577.6572
EVO1108;4;176.9232;707.6928
SES9002ICP;2;181.5234;363.0468
KWM074;4;2.7779919;11.1119676
BTR105Z;2;143.9194751;287.8389502
KCA511;2;46.7384953;93.4769906
KCA524;3;67.13967792;201.41903376
KCA525;2;58.84469158;117.68938316
KCA529;4;111.119676;444.478704
KCA533;1;46.3486017;46.3486017
KTA293;4;92.14160502;368.56642008
KTA332;1;101.20663122;101.20663122
KTA333;2;103.79942366;207.59884732
WSK-AUD001;4;101.35284132;405.41136528
110859;22;18.983;417.626
32003-AT011;1;470.796522;470.796522
70017-AT111;1;22.6625655;22.6625655
FMINDR35;10;219.31515;2193.1515
VWR190006;5;46.03668682;230.1834341
URTW-ML4-4002;1;67.4286;67.4286
MS100123;15;176.7592;2651.388
D760-0061;4;103.2954;413.1816
ARMAFER488-A;1;2029.5;2029.5
ARMABZA250G-A;4;401.8;1607.2
CTS-HW-532;4;42.6318;170.5272
CTS-ACC-SUPRAKIT;1;85.2718;85.2718
Z-331167;4;75.5981534;302.3926136
FS-3617039;2;106.5246707;213.0493414
FS-3657024;2;99.6521113;199.3042226
PD-1307905;2;344.02068768;688.04137536
PD-1308431;2;535.47055668;1070.94111336
PD-1387828;1;420.60063528;420.60063528
PD-1308435S;3;382.31066148;1146.93198444
PD-1307919;2;458.89060908;917.78121816
PD-1287850;1;317.21770602;317.21770602
PD-1208459;2;378.4816641;756.9633282
PD-1287902;2;256.2482862;512.4965724
PD-1208305;1;497.18058288;497.18058288
PD-1287934;1;305.73071388;305.73071388
PD-1207903;2;382.31066148;764.62132296
PD-1287904;2;301.9017165;603.803433
PD-1387976;2;420.60063528;841.20127056
PD-1307907;2;458.89060908;917.78121816
PD-1387906;2;458.89060908;917.78121816
SD-2218243;1;113.0507145;113.0507145
SD-2298524;2;187.27435602;374.54871204
SD-2297960;1;136.41741646;136.41741646
MMOC-F10-12SL;4;342.309;1369.236
MMTS-MAZ-04;2;27.511;55.022
MMHE-SUP-20;2;361.62;723.24
CS57-AR60004;1;168.0754;168.0754
S-AU/TI/20H;1;4768.4066;4768.4066
9-201-7020;1;206.148;206.148
FPHWK-10-HD;5;31.119;155.595
FMINT33;2;733.69202914;1467.38405828
URTW-LA4-4319;4;71.1514;284.6056
URTW-LA4-4318;4;63.5336;254.1344
UR-FD3-3740P;2;72.8488;145.6976
UR-RL2-3896;1;39.811;39.811
EVE-TRB8V8S-FLG-TTE;4;23.124;92.496
6-1001-FRB;3;83.148;249.444
TS-0629-1102;3;59.0236;177.0708
TS-0401-1109;1;75.317;75.317
MMTB-WRX-01;1;44.526;44.526
TS-0203-1259;3;70.9136;212.7408
TS-0203-1018;1;77.8836;77.8836
TS-0203-1059;4;80.3436;321.3744
TS-0551-1012;1;141.4336;141.4336
VWR31F020;2;104.783905;209.56781
30-3300;19;274.3884;5213.3796
30-2400;6;71.7254;430.3524
MS100252;10;28.6754;286.754
MS100097;4;57.3754;229.5016
MS100227;3;100.4254;301.2762
MS100222;9;117.6454;1058.8086
MS100223;7;86.0754;602.5278
MS100255;1;470.6554;470.6554
VWR31SK01;5;104.783905;523.919525
CTS-LS-017;8;112.7418;901.9344
CTS-LS-009;8;112.7418;901.9344
CTS-LS-008;7;112.7418;789.1926
CTS-LS-007;8;112.7418;901.9344
AC-720-DPHS;1;250.1;250.1
AC-MK8-IC;16;172.2;2755.2
VWR12G70D;3;174.99399502;524.98198506
ALP.07.09.0006-2;1;668.71;668.71
VWR682000;8;126.70567266;1013.64538128
ALP.07.08.0007-1;1;54.94;54.94
MMICP-G80-21;1;270.6;270.6
11001-KT001;1;2592.79244;2592.79244
11003-AN018;1;1637.55312;1637.55312
70026-AT009;3;75.054518;225.163554
51003-AK125;10;9.5036565;95.036565
70026-AT007;2;75.054518;150.109036
70026-AT008;3;160.343743;481.031229
70026-AT006;1;252.456106;252.456106
70020-AN105;1;204.68439266;204.68439266
80280-AT001;2;511.73535;1023.4707
52006-AK004;17;6.02385612;102.40555404
D760-0038;5;264.0154;1320.077
D401-0033;6;16.6214;99.7284
D401-0035;7;17.7858;124.5006
D401-0039;7;20.6394;144.4758
D401-0041;3;18.2122;54.6366
ATMSKIA4;2;107.04528788;214.09057576
ATRADYGR1;2;178.59076348;357.18152696
ATRADYGR2;2;187.52907426;375.05814852
D401-0042;6;38.7204;232.3224
RF100026;6;25.8054;154.8324
RF100027;2;25.8054;51.6108
RF100028;1;25.8054;25.8054
RF100029;17;26.445;449.565
Z1003101;183;11.7342;2147.3586
FRI-0114;1;586.9974264;586.9974264
SHDC017;1;117.916;117.916
ARMASKSC15-A;3;248.46;745.38
ARMAPORS991-A;1;992.2;992.2
ARMABZC63S-A;1;899.745;899.745
CTS-TR-1070X;2;983.9918;1967.9836
DBA53912SLVS-2;3;613.8684;1841.6052
DBA53298SLVS-2;3;572.1304;1716.3912
DBA53922BLKS-2;2;619.592;1239.184
AC-14-BT;95;8.2;779
D760-0045;2;918.3754;1836.7508
D760-0063;3;918.3754;2755.1262
CI100056D;1;530.9418;530.9418
VWR90000;127;40.91933332;5196.75533164
6-03-0702;2;68.388;136.776
KCA520;6;50.9298515;305.579109
BH-342;1;140.361696;140.361696
MMRAD-G80-21A;4;224.598;898.392
MMTC-G80-21;3;249.403;748.209
WHL00017;4;157.8254;631.3016
"WHL00008 ";4;215.2254;860.9016
WHL00029;16;176.6034;2825.6544
AC-B9S-INLET;25;23.78;594.5
CTS-LS-010;3;112.7418;338.2254
CTS-LS-012;2;112.7418;225.4836
CTS-CRI-13920T;2;270.5918;541.1836
ATIKKIA1;1;172.12827706;172.12827706
SBMP094;6;165.5498;993.2988
JSK-271-BK;3;65.3559147;196.0677441
SAUC089;2;357.1018;714.2036
UR-AR19-644;1;92.8076;92.8076
UR-LA6-3066;2;74.5462;149.0924
UR-RL7-3654;2;78.7774;157.5548
UR-RL2-1414;4;33.0378;132.1512
UR-LA2-4079;2;33.5462;67.0924
UR-ML4-1413;2;66.0756;132.1512
EXHSL76;192;6.97;1338.24
AMS.31.08.0001-2;1;724.8554;724.8554
AMS.50.06.0011-1;1;40.1554;40.1554
AMS.38.05.0001-1;2;335.7654;671.5308
FR-0529;3;691.8183954;2075.4551862
016CA17146;1;266.0162;266.0162
R-BMW-014-I;1;555.919;555.919
SKM74-S3B00;1;92.414;92.414
AC-40T-DPHS;10;196.8;1968
ATMSP&C2;4;153.49136298;613.96545192
ATMSP3081;3;33.81352246;101.44056738
SFD078ST;1;316.5528;316.5528
ILZKR8C8G;16;6.4124;102.5984
UR-TW2-2762;2;58.4496;116.8992
MMINT-G80-21BK;2;1666.445;3332.89
VSM64-B1DS2;1;275.52;275.52
MMHP-HSS-136SL;1;7.5112;7.5112
VSP24-B1DS2;1;217.833;217.833
VSGB0-B1DS2;2;295.2;590.4
EVE-C8VT-CF-ENG;1;270.6;270.6
SKG08-S3B00;1;70.725;70.725
SKG68-S3B00;1;75.44;75.44
SKGL0-S3B00;1;106.6;106.6
SKGD2-S3B00;2;106.6;213.2
PD-1387908;1;420.60063528;420.60063528
SKGC0-AUB00;1;84.87;84.87
SKH26-S3B00;1;85.813;85.813
SKA92-S3B00;1;80.155;80.155
SKHK8-S3B00;3;110.7;332.1
SKHA2-S1B00;1;66.01;66.01
SKA58-S3B00;1;61.295;61.295
SKM80-AUB00;1;75.44;75.44
SKM58-S3B00;1;61.295;61.295
SKV70-S3B00;1;87.2316;87.2316
SKR84-S3B00;1;66.01;66.01
SKE18-S3B00;1;75.44;75.44
SKN20-AVB00;1;61.295;61.295
SKP06-S3B00;1;84.87;84.87
SKP26-S3B00;1;106.6;106.6
SKK04-S3B00;1;89.585;89.585
SKTN0-S1B00;1;75.44;75.44
SKL22-S3B00;1;90.2;90.2
SKTJ4-S1B00;1;84.87;84.87
D760-0035;1;1090.5754;1090.5754
E10-20-052-03-22;3;137.104;411.312
E10-70-018-01-22;1;93.808;93.808
82494;20;124.5334;2490.668
82544;4;143.4754;573.9016
EVE-S85-CF-PLM;2;1335.78;2671.56
PFR7S8EG;2;5.3956;10.7912
VWR143000;8;488.51718612;3908.13748896
VWR141001;11;291.8353596;3210.1889556
SAU112B;2;25.83;51.66
ATMSMINI7;2;140.33245398;280.66490796
ATMSMINI6;2;227.5029156;455.0058312
HF-N-00;1;719.55;719.55
SAUP088;2;278.8;557.6
HK-N-20;4;639.6;2558.4
HB-N-20;1;639.6;639.6
HK-V-01;3;106.6;319.8
L3P3BF97;2;185.0084;370.0168
LTR7IX-11;15;5.6416;84.624
U5400;20;26.9042;538.084
AC-45-DPCAT;15;147.6;2214
UR-TW2-4172;1;58.4496;58.4496
UR-RT2-3515;2;40.6556;81.3112
URUS-TW2-2384;1;66.0756;66.0756
URUS-TW2-2409;1;47.1008;47.1008
URUS-RE2-2410;1;39.811;39.811
UR-RL2-4267;2;39.811;79.622
UR-RO2-4263A;2;58.4496;116.8992
VWR630003;4;76.63358708;306.53434832
PF9015WB;2;230.297;460.594
EVO9104;2;152.11;304.22
SES1500TT;1;585.521;585.521
SES9102;1;561.1588;561.1588
FM1573I;1;276.2006;276.2006
SP1122WB;3;212.544;637.632
RF100023;2;86.0754;172.1508
RF100021;2;30.9714;61.9428
RF100031;2;51.6354;103.2708
MS100256;2;860.9754;1721.9508
T4100003;2;1008.8952;2017.7904
D590-0005;2;390.2954;780.5908
DBA42699S-2;2;161.3514;322.7028
DBA2472S-2;4;125.58792;502.35168
FMSS6;2;52.1970057;104.3940114
FMDV38;1;104.1015912;104.1015912
FMTUBL14;4;77.59857374;310.39429496
PRK-286-BK;2;122.78724198;245.57448396
PRK-300-BK;2;156.36682828;312.73365656
CTS-HW-540;8;147.5918;1180.7344
JSK-332-BK;2;115.3110322;230.6220644
MS100144;5;606.3572;3031.786
DV100001;2;143.4672;286.9344
MS100224;3;28.6754;86.0262
CI100038-A;1;286.9754;286.9754
CBK0001;2;746.1672;1492.3344
CBK0046;2;688.7754;1377.5508
D660-0009A;1;1147.9754;1147.9754
D660-0027;1;1147.9754;1147.9754
D660-0079-BLK;2;1492.3754;2984.7508
KLC203;5;53.05477162;265.2738581
TP-MINR56/57-CA;1;357.6348;357.6348
CBK0051;1;2008.9754;2008.9754
CBK0058;1;1721.9754;1721.9754
CBK0053;1;1176.6672;1176.6672
SUS00017;1;143.4754;143.4754
SUS00016;2;143.4754;286.9508
615160;2;213.1754;426.3508
615187;2;238.7594;477.5188
817754;1;857.843;857.843
SCEXVDM;8;10.7666;86.1328
URUS-TW2-2379;1;63.5336;63.5336
URUS-RE2-2380;1;39.811;39.811
UR-TW2-3021;1;55.9076;55.9076
UR-TW2-1212;3;47.0926;141.2778
UR-ML2-2091;1;38.1218;38.1218
ASKC;2537;0.2952;748.9224
ATMSBMW13;2;120.59409048;241.18818096
14079-6;2;405.2112;810.4224
HMP-749;1;49.711434;49.711434
HMP-951;2;87.72606;175.45212
L3P3CV6X;1;185.0084;185.0084
U3P3CCM5;2;185.0084;370.0168
U3P3CCM6;2;189.7644;379.5288
L3P3CV7X;2;185.0084;370.0168
L3P3DCG7;2;185.0084;370.0168
L3P3DCL3;2;185.0084;370.0168
VWR436001;6;53.01578226;318.09469356
VWR436000;5;53.01578226;265.0789113
VWR190007;3;11.696808;35.090424
70999-AT003;2;122.816484;245.632968
50003-MR45HLZ;30;12.26215372;367.8646116
70017-AT132;8;15.52751262;124.22010096
70020-AF105;1;163.755312;163.755312
52004-AK003;15;19.007313;285.109695
ATMSMINI5;3;73.04656596;219.13969788
ATMSVAG10;1;101.52829344;101.52829344
E10-85-043-06-22;1;113.488;113.488
52004-AK009;10;19.007313;190.07313
51007-AK473;2;67.37361408;134.74722816
70027-AT001;4;19.6408901;78.5635604
70027-AH001;6;20.469414;122.816484
E-BM/T/9;1;1515.8192;1515.8192
70020-AF103;3;133.051191;399.153573
14011-AF001;1;85.289225;85.289225
33004-KN002;1;423.034556;423.034556
VWR31ID00;1;122.40709572;122.40709572
VWR31T120;2;125.73093866;251.46187732
VWR31TR01;2;125.73093866;251.46187732
VWR670011;4;109.47237554;437.88950216
PSH55;4;65.837964;263.351856
XA19850+3805HDK;4;196.936366;787.745464
EX-STBNA6CE-F;15;59.9471988;899.207982
EX-STBZ33-F;12;60.1204566;721.4454792
EX-STBBL3FW-F;13;60.1204566;781.5659358
CLPT3;3;152.466864;457.400592
20VW36507X;1;1027.747;1027.747
60MA07;1;244.4584;244.4584
60MN01;2;219.7354;439.4708
ATINTVAG48;1;588.36893708;588.36893708
15004-AT010;2;431.319795;862.63959
XA18850+4405GMB;4;165.172436;660.689744
XA18950+4005GDK;4;171.525222;686.100888
XF18950-4005CDG;4;171.525222;686.100888
PST79;3;69.30312;207.90936
NST80;2;69.30312;138.60624
PST81;2;69.30312;138.60624
ARMAHDAFL5-A;3;360.8;1082.4
SKG76-S3B00;1;106.6;106.6
SKMD0-S3B00;1;102.5;102.5
SKSB0-S3B00;1;110.7;110.7
SKQ54-S3B00;1;70.725;70.725
SKAEA-S3B00;1;103.73;103.73
ATMSREN11;2;182.762625;365.52525
ATMSMINI10;2;157.87766598;315.75533196
ATMSREN10;4;87.69681798;350.78727192
GSTJ4-91AS3;1;547.883;547.883
GSG68-91AS2;1;369.656;369.656
GSHA2-91AS2;2;419.02;838.04
GSS12-91SS2;1;424.35;424.35
GSM98-91AS3;2;422.464;844.928
GSM80-91AS3;1;422.464;422.464
GSTD8-91SS2;2;369.656;739.312
VSGP4-B1DS2;1;248.952;248.952
ATIKFO14;1;311.35928162;311.35928162
GSS68-91SS2;1;396.06;396.06
GSJ14-91AS2;2;419.02;838.04
GSGB0-91AA2;4;369.656;1478.624
82668;2;325.9172;651.8344
D660-0101;3;430.4754;1291.4262
GSJ78-91AS2;4;369.656;1478.624
12001-KZ001;1;3664.99984;3664.99984
GSN66-D1SS1;1;640.297;640.297
VSK00-K1LS3;1;1254.19;1254.19
VSM74-C1SA3;4;528.08;2112.32
VSA22-CUSA1;1;694.54;694.54
VSGB0-C1AA3;3;585.48;1756.44
MMRAD-MUS-64;1;154.119;154.119
SSTP011;3;59.409;178.227
SFDM068;1;158.5224;158.5224
SFDP068;1;72.6766;72.6766
SBMP097;1;199.752;199.752
SFDX068;2;179.498;358.996
SFDC068;2;41.4592;82.9184
SFD068;1;205;205
R28-10-2;5;41;205
S-PO/TI/23;1;2450.775;2450.775
CTS-TR-0055;3;1705.5918;5116.7754
21004-AN001;1;1978.71002;1978.71002
24996-AK001;3;13.9874329;41.9622987
24996-AK051;2;40.938828;81.877656
24003-LB004;3;48.4442798;145.3328394
70020-AF108;1;184.224726;184.224726
31008-BN001;2;269.2702675;538.540535
50003-M45REL;6;16.23906844;97.43441064
50003-M55RET;8;16.23906844;129.91254752
71008-AT021;1;511.73535;511.73535
MMTC-F150-15SL;1;142.065;142.065
VWR190008;4;26.35680736;105.42722944
SMNSP022;1;89.298;89.298
AC-MK7-HPFP;6;194.3154;1165.8924
06J103600AF;17;6.56;111.52
UR-PB4-2847P;3;55.9076;167.7228
UR-RE2-3326;1;47.1008;47.1008
URTH-TW2-3520;1;55.9076;55.9076
URTW-RL2-3445;2;33.5462;67.0924
URKR-TW2-2685;1;58.4496;58.4496
UR-TW2-857;3;55.9076;167.7228
UR-TW2-682;1;47.1008;47.1008
UR-RL2-849;1;36.9328;36.9328
URKR-TW2-2649;1;63.5336;63.5336
UR-LA4-847;1;55.9076;55.9076
UR-TW2-898;1;52.521;52.521
UR-TW2-2590;2;52.521;105.042
UR-ML4-848;1;52.521;52.521
URTW-RL5-4003;2;74.5462;149.0924
DILKAR8R9HS;56;9.7498;545.9888
UR-TW2-305;5;58.4496;292.248
UR-AF27-264;1;156.0706;156.0706
VWR630100;4;10.5271272;42.1085088
UR-ML4-1371;2;58.4496;116.8992
13001-AN015;1;1978.71002;1978.71002
13008-AN002;1;1330.51191;1330.51191
11004-AM008;1;1313.454065;1313.454065
50003-MR45XLZ;12;12.26215372;147.14584464
URKR-TW2-2675;1;58.4496;58.4496
22002-AT006;1;972.297165;972.297165
11999-AT001;1;189.4882896;189.4882896
33004-BT003;5;183.737359;918.686795
14007-AN003;1;292.4202;292.4202
32016-AF101;1;767.603025;767.603025
80310-AT005;2;1159.93346;2319.86692
27002-AN003;1;1224.5095875;1224.5095875
HMP-947;1;38.014626;38.014626
HMP-572;1;38.014626;38.014626
OFS-S1;10;32.341456;323.41456
TCC-S1;3;424.48161;1273.44483
FSBS36030M92R/93L;2;563.5498708;1127.0997416
SD-3311901S;3;109.27369446;327.82108338
SD-2111119;4;109.27369446;437.09477784
SD-2118455S;3;116.8335098;350.5005294
SD-2357962S;2;93.46680784;186.93361568
SD-2194988;5;156.00709838;780.0354919
SD-2318257S;2;140.54383973;281.08767946
SD-2114823S;3;116.8335098;350.5005294
Z-365085;5;68.725594;343.62797
ES-9910849;4;50.0715042;200.2860168
VWR680000;2;319.3228584;638.6457168
VWR670003;2;166.0459369;332.0918738
ARMAFER458-A;1;2232.45;2232.45
ARMABZGT53-A;1;942.59;942.59
ARMABZ0643-A;1;401.39;401.39
ARMACAYEE3-A;1;605.242;605.242
Z-2155839;3;85.56336453;256.69009359
SAUC093;6;211.97;1271.82
SAUX093;2;329.3858;658.7716
SVWC060;1;174.537;174.537
FMTUBL17;3;83.1448102;249.4344306
FMDV21;4;77.97872;311.91488
FMINDK44-FOAM;2;158.38452766;316.76905532
FMINLD2-D;1;79.5382944;79.5382944
FMINLD2-P;1;79.5382944;79.5382944
EVE-FL5-CF-INT;3;713.4;2140.2
EVE-FL5-CF-CHG;3;327.18;981.54
EVE-N20-CF-INT;1;664.2;664.2
EVE-Z06VT-CF-INT;1;1161.12;1161.12
238SMFPSWL270;5;40.631;203.155
URTW-TW4-4008;1;67.4286;67.4286
URTW-ML4-4011;2;55.9076;111.8152
URTW-LA4-4010;2;58.4496;116.8992
URTW-LA2-4009;2;39.811;79.622
UR-AR18-642;2;84.3698;168.7396
UR-LA4-3512;3;55.9076;167.7228
20BM36503;1;1027.747;1027.747
20BM36507;1;1041.3016;1041.3016
60AV06;1;205.0902;205.0902
60FO19;1;228.165;228.165
60FO06;1;228.165;228.165
60MA03;1;228.165;228.165
60RE08;1;260.8256;260.8256
60PE10;1;228.165;228.165
35PE134;2;57.605;115.21
35SU35;1;55.9978;55.9978
ATMSREN3;2;239.46290178;478.92580356
FR-0137;1;1146.0425944;1146.0425944
FRI-0217;2;936.4006564;1872.8013128
FRI-0192;1;1215.9232404;1215.9232404
69-9001JP;2;160.7254858;321.4509716
DBA3724S-2;2;172.4542;344.9084
DBA3715S-2;1;104.70744;104.70744
AC-S63-TP;19;49.2;934.8
AC-500-DP;8;45.1;360.8
AC-N54-CC;47;24.6;1156.2
AC-N55-INLET;1;45.1;45.1
CRND5RCK;1;314.5784122;314.5784122
ZC33SFK;1;98.17942;98.17942
CLPS-SET1;3;173.2578;519.7734
EUPD4004104R;1;420.8404;420.8404
ATMSHYU11;2;216.36170598;432.72341196
ATMSHYU14;3;193.94282398;581.82847194
005EP171484;2;212.1586;424.3172
032CK21144;2;216.0864;432.1728
EM100050;6;147.4934;884.9604
MS100199-A;10;51.6436;516.436
CBK0041;1;1147.9754;1147.9754
CBK0017;1;1291.4754;1291.4754
30-0306;2;112.6024;225.2048
D760-0069;2;229.5754;459.1508
BHR100Z;1;137.25229454;137.25229454
028CC14133;1;216.0864;216.0864
015BS16138;1;216.0864;216.0864
KTA109;1;160.6361632;160.6361632
KLC231;2;80.21086086;160.42172172
AC-F56-IC;6;136.12;816.72
ATMSP&C4;2;180.50124212;361.00248424
FRI-0354;2;1215.9232404;2431.8464808
SBMP075;1;92.25;92.25
VWR141000;4;409.37853266;1637.51413064
VWR682001;1;545.84129266;545.84129266
AC-S63-IT;1;98.4;98.4
AC-Z33-QS;8;22.14;177.12
X11127570292ALBK;26;72.16;1876.16
X11127565284ALBK;29;77.9;2259.1
AC-S58-RAD;4;163.18;652.72
AC-N55-IC;1;202.54;202.54
AC-S63-IC;5;262.4;1312
SILZKGR8C8S;119;11.4308;1360.2652
DBA53004SLVS-2;2;560.7078;1121.4156
UR-SD6-258;1;72.8488;72.8488
UR-RT2-261;1;38.1136;38.1136
UR-LA2-312A;1;42.3612;42.3612
UR-TW2-274A;1;61.8444;61.8444
UR-FD3-041;1;72.8488;72.8488
UR-LA4-259;1;58.4496;58.4496
UR-AF25-085;1;107.7152;107.7152
UR-AR19-010;1;95.0462;95.0462
UR-TW2-1245;3;67.4286;202.2858
GSH48-91SS2;1;390.32;390.32
VSHK8-K1NS4;2;1320.2;2640.4
VSAPQ-C1AS2;1;580.888;580.888
GSGB6-9VAS3;1;422.464;422.464
GSV70-91SS2;2;419.02;838.04
GSGH2-91AS3;2;447.72;895.44
70017-AS107;2;16.0343743;32.0687486
24996-AK052;2;48.4442798;96.8885596
71008-AS013;4;152.058504;608.234016
70020-AS105;2;235.398261;470.796522
31029-AT004;2;1091.70208;2183.40416
70026-AT011;2;252.456106;504.912212
13001-AS003;1;357.9223248;357.9223248
13002-AN003;1;491.265936;491.265936
80310-AH003;1;1245.222685;1245.222685
33002-BT001;1;457.150246;457.150246
31019-AS109;1;600.436144;600.436144
31008-BM001;2;380.14626;760.29252
15004-AS002;1;438.6303;438.6303
13002-AH001;1;146.697467;146.697467
26010-AT001;1;804.15555;804.15555
26011-AM002;1;1151.4045375;1151.4045375
AC-MK7-525LPFP;43;16.81;722.83
FMINDK47;4;347.980038;1391.920152
R-MER-001-I;1;286.754;286.754
WSK-HYU002;2;138.899595;277.79919
503-T109;5;16.2862332;81.431166
507-N003;3;79.698588;239.095764
503-M102;3;14.9001708;44.7005124
503-H101;4;13.860624;55.442496
503-N101;7;14.9001708;104.3011956
503-F101;12;14.9001708;178.8020496
507-N005;1;58.907652;58.907652
507-f004;2;69.30312;138.60624
507-M005;2;97.024368;194.048736
507-M009;2;79.698588;159.397176
508-H013;2;124.745616;249.491232
508-N020;1;58.907652;58.907652
508-T024;1;100.489524;100.489524
508-Z001;4;72.768276;291.073104
508-Z002;3;83.163744;249.491232
508-Z003;3;76.233432;228.700296
508-T003;1;90.094056;90.094056
538-N020;3;145.536552;436.609656
538-N021;1;135.141084;135.141084
539-T001;8;69.30312;554.42496
539-T003;4;65.837964;263.351856
313-A001;2;346.5156;693.0312
254-T001;1;381.16716;381.16716
254-T002;1;346.5156;346.5156
518-T001;4;51.97734;207.90936
519-T003;2;374.236848;748.473696
319-A008;8;27.721248;221.769984
319-A007;5;27.721248;138.60624
500-AA08;3;51.2843088;153.8529264
161AF001;2;485.12184;970.24368
161RF018J;1;672.240264;672.240264
161AN006;2;408.888408;817.776816
161AN003;2;398.49294;796.98588
161AM012;2;429.679344;859.358688
VWR1160RS;2;95.51418466;191.02836932
TTE575;1;1880.6946;1880.6946
DBA2969S-2;2;127.2476;254.4952
162AN052;2;627.193236;1254.386472
162AT037;1;440.074812;440.074812
162AZ001;2;440.074812;880.149624
164-Z001J;2;329.18982;658.37964
167-T006J;1;620.262924;620.262924
164-T008J;1;616.797768;616.797768
164-T001J;1;616.797768;616.797768
116AZ009;1;582.146208;582.146208
145-N005;3;145.536552;436.609656
145-M006;3;131.675928;395.027784
145-H002;2;200.979048;401.958096
199-N006;2;114.350148;228.700296
238-T095;2;155.93202;311.86404
238-T093;2;166.327488;332.654976
264CT090;1;1327.154748;1327.154748
264CN056;1;1271.712252;1271.712252
264CM023;1;1330.619904;1330.619904
264CM020;1;1351.41084;1351.41084
264CF021;1;1344.480528;1344.480528
414BM007;1;519.7734;519.7734
414BN030;1;519.7734;519.7734
06248954505MM;4;319.083115;1276.33246
ATMSVAG15;1;225.02709124;225.02709124
ATMSMINI15;6;108.96551386;653.79308316
MMSTART-SR20;2;106.436;212.872
MMICP-N54-07;1;93.357;93.357
MMICP-N55-11;14;134.849;1887.886
CTS-IT-167;2;162.3518;324.7036
CTS-TR-0058;2;1918.7918;3837.5836
CTS-EXH-DP-0045-CAT;2;491.9918;983.9836
CTS-EXH-TP-0019;4;186.9518;747.8072
CTS-EXH-TP-0011;1;73.7918;73.7918
CTS-BV-0021;3;112.7418;338.2254
CTS-DV-027;4;34.4318;137.7272
DBA3659S-2;2;114.3244;228.6488
57849854595SB;4;174.6438624;698.5754496
ATMSVAG18;1;231.56755638;231.56755638
EVE-F56-MAF;1;34.932;34.932
EVE-EMV6-CF-INT;1;632.22;632.22
UR-RE4-2986;1;67.4286;67.4286
UR-RL4-2742;1;67.4286;67.4286
UR-LA4-787;1;55.9076;55.9076
UR-LA4-1171;1;55.9076;55.9076
UR-RLS6-1272P;1;71.1514;71.1514
UR-FD3-2480;2;72.8488;145.6976
UR-RL4-3925;1;58.4496;58.4496
UR-LA4-2144;1;55.9076;55.9076
UR-ML4-2145;1;55.9076;55.9076
UR-ML4-1172;2;58.4496;116.8992
UR-RL2-2977;1;32.1932;32.1932
UR-AR22-511;1;96.5386;96.5386
UR-AF21-466;1;96.5386;96.5386
AU-RS3-8VF-S-SD1G;1;94.8986;94.8986
AC-211-TP;7;24.6;172.2
ATINTFO50;1;515.95594822;515.95594822
AC-FIST8-IC;5;136.12;680.6
52006-AK003;35;7.310505;255.867675
15004-AT013;1;628.70343;628.70343
70026-AT012;2;648.19811;1296.39622
11004-AS001;1;1005.1944375;1005.1944375
53004-AT025;1;838.27124;838.27124
9-307-1069;2;85.239;170.478
6-45-M51;1;19.188;19.188
6-45-M52;4;19.188;76.752
6-45-M54;4;19.188;76.752
ARMAAD08YA;1;620.125;620.125
RPF-1188;2;19.2997332;38.5994664
RPF-1391;2;19.2997332;38.5994664
SBM098B;2;34.85;69.7
SBMX098;1;473.55;473.55
SBMXP098;2;128.7236;257.4472
EVE-A90B48-INT;1;655.836;655.836
AC-45-IT;5;45.1;225.5
P-HF876;1;457.8962;457.8962
SAUC044;1;246;246
ATMSHYU18;2;116.93883798;233.87767596
ATMSHYU17;4;77.33539556;309.34158224
167-H002J;1;1074.19836;1074.19836
414BF003;1;519.7734;519.7734
06L115466C;156;1.148;179.088
BL02011105;1;2008.9918;2008.9918
BL02011101;1;1352.385;1352.385
BL02011104;1;344.3918;344.3918
BL02010402;1;516.5918;516.5918
BL020108910;1;2582.9918;2582.9918
BL04030801;1;430.4918;430.4918
BL04021111RED;1;861;861
BL02010008;2;573.9918;1147.9836
BL02010401;1;803.5918;803.5918
MMIG-BMW-0206;33;78.474;2589.642
MMIG-350Z-0306;1;82.082;82.082
MMIG-30Z-09;3;104.632;313.896
MMIG-FOST-1204;2;89.093;178.186
MMIG-STI-1104;7;89.093;623.651
ATINTHON04;2;355.65119458;711.30238916
ATMSHON04;2;291.8353596;583.6707192
FM9003i;2;405.8672;811.7344
JSK-258-BK;1;108.0005272;108.0005272
BRG61GSF;1;1198.92282;1198.92282
SILFR6A;16;7.38;118.08
7-308;4;61.09;244.36
71008-AK001;15;95.036565;1425.548475
80310-AM001;1;1159.93346;1159.93346
24999-AH001;1;85.289225;85.289225
24999-AH002;1;88.700794;88.700794
13001-AM006;1;1091.70208;1091.70208
70018-AT006;2;133.051191;266.102382
70019-AZ101;4;81.877656;327.510624
70019-AZ104;6;76.029252;456.175512
PP2045;12;13.5464;162.5568
C9000;25;4.1082;102.705
PP1951;3;13.5464;40.6392
PP1950;2;13.5464;27.0928
PP1949;12;13.5464;162.5568
PP1931;6;13.5464;81.2784
PP72;3;13.5464;40.6392
PP2088;4;13.5464;54.1856
PP2069;4;13.5464;54.1856
PP2062;1;36.4408;36.4408
PP2051;3;50.9548;152.8644
PP2048;2;33.538;67.076
PP2041;2;42.5744;85.1488
PP2028;3;13.5464;40.6392
PP2026;4;13.5464;54.1856
PP2020;4;13.5464;54.1856
PP2018;4;13.5382;54.1528
PP2016;2;36.408;72.816
PP2008;3;13.5464;40.6392
PP2006;3;36.4408;109.3224
PP2005;1;13.5464;13.5464
PP1927;4;13.5464;54.1856
PP2000;3;13.5464;40.6392
PP1998;4;13.5464;54.1856
PP1923;4;36.4408;145.7632
PP1995;7;13.5464;94.8248
CG85-02-0C28;1;356.29;356.29
PP1994;2;42.5744;85.1488
PP1924;5;13.5464;67.732
VWR180006;2;7.97332412;15.94664824
PP1981;3;13.5464;40.6392
PP1979;4;13.5464;54.1856
PP1962;3;36.4408;109.3224
PP1956;3;36.4408;109.3224
57849954536SB;4;180.8811432;723.5245728
58347903896AG;4;137.2201776;548.8807104
PP1952;3;13.5464;40.6392
58349952535AG;2;185.5591038;371.1182076
58349053535AG;2;191.453334156;382.906668312
PP1922;5;13.5464;67.732
58349953595AG;4;180.8811432;723.5245728
PP1895;20;13.5464;270.928
PP1884;5;13.5464;67.732
PP1836;5;13.5464;67.732
PP1825;1;26.445;26.445
PP1773;3;13.5464;40.6392
PP1762;4;14.8338;59.3352
PP1760;5;13.5464;67.732
PP1735;3;18.0564;54.1692
PP1728;3;26.445;79.335
PP1727;3;29.6676;89.0028
PP1743;3;13.5464;40.6392
PP1723;3;13.5464;40.6392
PP1683;8;13.5464;108.3712
PP1667;2;26.445;52.89
Z-2214710;4;85.56336453;342.25345812
Z-1350571;3;78.00354919;234.01064757
PP1652;3;26.445;79.335
SD-3754024;4;78.00354919;312.01419676
PP1630;4;13.5464;54.1856
SD-2218651;3;230.2307399;690.6922197
SD-2218353;3;157.3180824;471.9542472
ES-1350571;1;26.5084434;26.5084434
ATMSHON5;3;93.54522198;280.63566594
PP1624;12;13.5464;162.5568
ATINTVAG50;2;278.90063942;557.80127884
PP1619;1;13.5464;13.5464
PP1605;4;13.5464;54.1856
PP1599;6;13.5464;81.2784
PP1577;3;13.5464;40.6392
PP1495;3;13.5464;40.6392
PP1443;1;13.5464;13.5464
MS100244;54;20.0654;1083.5316
SMNP018;1;88.15;88.15
PP1389;11;13.5464;149.0104
PP1268;3;13.5464;40.6392
E10-82-097-02-22;1;129.56;129.56
PP1319;3;13.5464;40.6392
PP1290;2;13.5464;27.0928
PP1219;2;13.5464;27.0928
PP1195;2;13.5464;27.0928
PP1128;5;13.5464;67.732
SFDS104;1;271.379;271.379
PP1895PLUS;7;26.8714;188.0998
PP2062PLUS;2;59.1302;118.2604
PP1980;1;67.732;67.732
PX1738;4;13.5464;54.1856
PX1746;1;18.7042;18.7042
PX1806;1;26.445;26.445
PX1819;4;21.9268;87.7072
PX1875;3;13.5382;40.6146
PK424;8;146.7308;1173.8464
PX1828;2;21.9268;43.8536
PK108;3;42.8204;128.4612
PX1921;2;13.5464;27.0928
PK107;3;42.8204;128.4612
PK159;3;38.5318;115.5954
CI100065;9;157.8172;1420.3548
PX1974;5;76.1124;380.562
CI100064;11;157.8172;1735.9892
PX1999;12;18.04;216.48
PX2011;4;29.1182;116.4728
PK439;2;193.52;387.04
ATMSFO149;3;238.77084064;716.31252192
VWR12G7R600ITGREY;14;51.09555628;715.33778792
51003-AK126;3;20.10876242;60.32628726
33006-KH001;3;382.095728;1146.287184
15004-AT014;1;1078.2994875;1078.2994875
13002-AM003;1;354.803176;354.803176
22001-AN002;1;98.935501;98.935501
22001-AM001;1;88.700794;88.700794
VWR502000;2;70.17110066;140.34220132
VWR140012;3;160.82136266;482.46408798
SFDC088;1;142.5488;142.5488
FMDP1;2;136.14109778;272.28219556
R25-10-2;3;41;123
ATMSREN9;2;87.69681798;175.39363596
ATMSYGR24;2;70.15160598;140.30321196
1CCFD08F01;2;148.83;297.66
EVE-GXXB58-CF-INT;1;655.836;655.836
EVE-GR86-CF-INT;2;639.6;1279.2
STYP011;2;194.75;389.5
21004-AT007;1;1808.13157;1808.13157
26010-AM001;1;804.15555;804.15555
70020-AZ102;1;286.571796;286.571796
PK445;2;965.181;1930.362
R14-10-2;2;51.66;103.32
R06-10-2;1;42.23;42.23
ATMSBMW20;2;238.77084064;477.54168128
ATMSBMW24;2;90.23112638;180.46225276
EM100040;4;63.919;255.676
CBK0010;2;1706.4774;3412.9548
CBK0016;1;765.1174;765.1174
IC100012;1;765.1174;765.1174
MS100078;2;444.2514;888.5028
MS100121;1;301.3254;301.3254
MS100187;2;176.7592;353.5184
MS100194;9;98.728;888.552
MS100226;9;114.7754;1032.9786
MS100229;2;717.4754;1434.9508
MS100234;1;279.5134;279.5134
MS100251;1;129.0926;129.0926
RF100019;5;28.6754;143.377
SUS00008;2;209.0754;418.1508
WHL00032;4;176.7592;707.0368
WHL00041;4;235.3154;941.2616
D660-0092;1;648.5954;648.5954
FS3Z-6640526-SA;10;37.4986;374.986
FS3Z-2760-BL;5;21.5004;107.502
FR3Z-6766-BL;11;7.5932;83.5252
FR3Z-6750-BL;5;25.7152;128.576
FR3Z-6640526-GA;3;34.0874;102.2622
FR3Z-6640526-5A;3;34.0874;102.2622
FR3Z-2162-BL;5;23.657;118.285
FR3Z-17632-BL;6;23.657;141.942
FR3Z-16A052-BLK;10;53.8084;538.084
CS3-295430-B;4;240.711;962.844
CS11-295530-B;2;240.711;481.422
CS11-211555-B;2;251.5514;503.1028
ACC-5033270;5;12.587;62.935
5S3Z-2457-9735M;5;59.6714;298.357
3916036;4;125.9848;503.9392
2700;1;882.7874;882.7874
EVE-X56M-CHG;1;309.96;309.96
EVE-X56M-LCI-CHG;1;309.96;309.96
SAU114B;4;36.9;147.6
SFD091B;2;34.0136;68.0272
EVE-GR86-CF-ENG;2;162.36;324.72
ATMSBMW22;4;145.0404192;580.1616768
ATMSBMW23;2;204.66489798;409.32979596
ATMSBMW27;2;70.15160598;140.30321196
EVE-X5M50-CF-INT;1;1217.7;1217.7
26010-AT002;1;804.15555;804.15555
80310-AT001;1;1125.81777;1125.81777
80300-AT025;1;1057.58639;1057.58639
"C5 720 01";1;846.24;846.24
PK398;3;150.9374;452.8122
HA1GSF;1;657.94545;657.94545
E54GSN;1;694.497975;694.497975
ATINTSUZ1;1;276.42481506;276.42481506
ATMSSUZ1;1;244.97989622;244.97989622
ATMSSUZ3;1;157.87766598;157.87766598
ATIKSUZ1;1;202.8421454;202.8421454
PH/INDSUZ1;1;39.7691472;39.7691472
ATMSSUZ2;2;114.043878;228.087756
D401-0047;9;38.7204;348.4836
D401-0046;5;20.6394;103.197
MS100262;2;172.1918;344.3836
AC-211-HPFP;15;194.3154;2914.731
AC-BMB-CP;90;6.478;583.02
AC-30N-CP;1;7.134;7.134
D650-0011;60;18.0564;1083.384
3796704935SP;4;144.0349844;576.1399376
R-AUD-010-I;2;295.692;591.384
ATMSHYU9;5;134.48404998;672.4202499
9-421-7270;1;202.499;202.499
201-4701;1;227.0006;227.0006
204-4302;9;112.545;1012.905
204-4708;4;186.55;746.2
201-4303;1;153.0612;153.0612
151-4301;1;122.59;122.59
201-4304;1;140.8514;140.8514
201-5401;2;155.6606;311.3212
151-5407;1;106.9936;106.9936
201-5002;1;105.8784;105.8784
202-5402;1;84.05;84.05
202-5802;1;193.0772;193.0772
204-5408;8;92.5534;740.4272
201-5402;1;144.5578;144.5578
ATIKHON03;2;204.34323576;408.68647152
ATMSHON6;2;263.13919064;526.27838128
M215800+1204GS0;2;232.165452;464.330904
CTS-HW-524;3;836.3918;2509.1754
3797704935SP;4;155.7587622;623.0350488
3798956538SP;12;195.9545718;2351.4548616
3798956545SP;8;195.9545718;1567.6365744
KT4058;2;350.2958;700.5916
F2458P-F2459P;2;247.5498;495.0996
204-5403;1;106.8214;106.8214
204-5801;3;154.8734;464.6202
208-5402;1;70.2166;70.2166
218-5402;2;83.312;166.624
202-5801;3;140.0724;420.2172
218-5401;1;78.5314;78.5314
216-5401;1;95.5218;95.5218
216-4301;3;136.735;410.205
204-4705;1;184.582;184.582
204-4105;1;296.1922;296.1922
260-4701;3;159.0554;477.1662
204-3901;4;102.6804;410.7216
202-4302;3;84.6896;254.0688
208-4701;3;114.7344;344.2032
218-4702;3;118.7606;356.2818
218-4701;1;104.837;104.837
208-4601;1;114.062;114.062
201-4307;1;232.6258;232.6258
VWR900003;128;20.45966666;2618.83733248
E20-85-014-01-22;1;81.672;81.672
VWR900004;26;20.45966666;531.95133316
VWG7T-DD;3;282.9;848.7
ATMSBMW31;2;87.68707064;175.37414128
ATMSBMW29;2;27.45825678;54.91651356
M215750+0604GS0;2;228.2960278;456.5920556
3797806535SP;2;167.48254;334.96508
3797808045SP;4;162.4580638;649.8322552
379-0000SP;70;14.554232726;1018.79629082
3798808045SP;4;185.9056194;743.6224776
3798804435SP;12;185.9056194;2230.8674328
37981056515SP;6;202.6538734;1215.9232404
3798956515SP;4;202.6538734;810.6154936
3798754448SP;4;182.5559686;730.2238744
3797806545SP;4;162.4580638;649.8322552
3797906545SP;7;169.1573654;1184.1015578
3798956515B;4;195.9545718;783.8182872
3797756548SP;2;159.108413;318.216826
DBA43148S-2;2;205.1476;410.2952
PK447;2;110.0194;220.0388
PK451;4;42.845;171.38
PP2101;5;13.5464;67.732
PP1621;7;13.5464;94.8248
PK409;5;146.4192;732.096
PK370;5;150.9374;754.687
PK433;1;140.7038;140.7038
PP1926;3;13.5382;40.6146
PP2076;2;46.1168;92.2336
PP2040PLUS;2;59.1302;118.2604
PP1693;7;13.5464;94.8248
PX1782;2;13.5382;27.0764
PP1885;2;13.5382;27.0764
PP1711;2;13.5382;27.0764
06310101535BB;2;490.6372133;981.2744266
06310111535BB;2;504.9021055;1009.804211
06708102995PB;4;365.2563187;1461.0252748
06588854596PG;4;326.590953;1306.363812
EVE-G8XM-CF-SC;2;305.04;610.08
06858953995KR;4;360.376224;1441.504896
57769053535GX;2;185.5591038;371.1182076
57769952535GX;2;180.8811432;361.7622864
204-5404;3;92.578;277.734
228-4301;3;123.1312;369.3936
PK430;3;89.749;269.247
3798851240SP;8;189.2552702;1514.0421616
3798904435SP;12;192.604921;2311.259052
3797808035SP;4;162.4580638;649.8322552
STW-S1;5;18.192069;90.960345
ITC-FN2;4;117.237778;468.951112
ITC-P3;4;84.896322;339.585288
CBK0052;3;860.9918;2582.9754
D401-0050;4;38.7204;154.8816
3795704935BK;4;128.9615558;515.8462232
3798808035SP;4;185.9056194;743.6224776
RPF1RS158FGM;4;135.6608574;542.6434296
57768854596GX;4;149.6947392;598.7789568
57768953895GX;12;161.997775578;1943.973306936
57768953836GX;4;161.997775578;647.991102312
57769953536GBP;4;185.5591038;742.2364152
WHL00027;4;176.7592;707.0368
WHL00037;4;235.3154;941.2616
WHL00022;4;235.3154;941.2616
WHL00026;4;235.3154;941.2616
WHL00031;4;235.3154;941.2616
WHL00036;4;235.3154;941.2616
WHL00021;4;215.2254;860.9016
WHL00009;4;215.2254;860.9016
WHL00024;8;157.8254;1262.6032
WHL00016;4;157.8254;631.3016
"WHL00015 ";4;157.8254;631.3016
WHL00001;4;186.5254;746.1016
WHL00014;8;186.5254;1492.2032
3797754448SP;8;159.108413;1272.867304
CTS-HW-550;1;393.5918;393.5918
T4100010;2;1239.8154;2479.6308
STT-K8;1;48.512184;48.512184
SRH-K8;2;105.109732;210.219464
MB-K8-F;2;76.810958;153.621916
57768853795GX;4;165.2879412;661.1517648
06676803692KR;4;259.020411;1036.081644
SRH-L5;2;113.195096;226.390192
SRH-S1;2;129.365824;258.731648
SRH-P3;3;92.981686;278.945058
SRH-H4;2;113.195096;226.390192
SRH-FN2;3;105.109732;315.329196
STT-S1;3;28.298774;84.896322
STT-P3;3;31.5329196;94.5987588
TB-K8-F;2;97.024368;194.048736
TB-K8-R;1;97.024368;97.024368
TB-P3-R;3;84.896322;254.688966
TB-H4-R;2;84.896322;169.792644
TB-S1-R;3;84.896322;254.688966
TB-L5-F;3;101.06705;303.20115
TB-H4-F;2;84.896322;169.792644
TB-P3-F;3;84.896322;254.688966
TB-S1-F;2;84.896322;169.792644
TB-FN2-F;3;84.896322;254.688966
MB774-C;1;1262.8;1262.8
06676803692WR;4;259.020411;1036.081644
PK444;1;131.0278;131.0278
06708854220PB;4;371.637981;1486.551924
06708952020PB;2;379.145819;758.291638
06708053420PB;2;386.653657;773.307314
MBA45-C;1;1098.8;1098.8
ATMSVAG17;3;105.23228264;315.69684792
ATMSVAG21;3;111.09043398;333.27130194
ATMSVAG19;4;215.8061076;863.2244304
ATINTVAG47;3;662.69240458;1988.07721374
XC16650+5304CS0;4;83.3947544;333.5790176
XC17700+4805CS0;4;98.756946;395.027784
XC18105+1205GS0;4;129.5968344;518.3873376
XC18950+1205GS0;4;124.752835075;499.0113403
XC18105+2205GGM;4;133.986032;535.944128
MAF-S1-200;5;36.384138;181.92069
MAF-P3-3000;4;28.298774;113.195096
OCT-S1;3;207.90936;623.72808
KF-K8-F;3;113.195096;339.585288
RTC-01;2;4.8512184;9.7024368
RCP-01N;3;12.128046;36.384138
LBH64S-C;1;2451.8;2451.8
XC18750+3805CS0;4;115.5052;462.0208
FMJ-S1L-501-RD;2;72.768276;145.536552
FMJ-K8L-RD;2;80.85364;161.70728
FMJ-H5L-505-RD;2;80.85364;161.70728
FMJ-H3L-504-RD;2;80.85364;161.70728
CZ6C7-X/CZ6C7-QS28C;1;1586.7;1586.7
AUC7R-C;1;2041.8;2041.8
AUF3R-C;1;1344.8;1344.8
IMS-8V8S-HFI;11;553.4918;6088.4098
HPCW-4L;9;28.298774;254.688966
TFO-540-04;10;32.341456;323.41456
AUC8R-DC18;1;2451.8;2451.8
AUR8Y-C;2;1344.8;2689.6
DC19;1;442.8;442.8
AMT;3;122.59;367.77
RRB-S1;3;64.682912;194.048736
ETD-S1-TL;1;181.92069;181.92069
KF-K8-R;2;60.64023;121.28046
VWR680002;1;299.37005342;299.37005342
CAJ-S1-S2;2;113.195096;226.390192
TSN-BL;1;101.06705;101.06705
DSS-S1;5;80.0451036;400.225518
CAM-K8;1;161.70728;161.70728
CAJ-K8;1;153.621916;153.621916
R304-P3-60RS;1;355.756016;355.756016
XA-S1;2;606.4023;1212.8046
FXA-FN2;1;779.6601;779.6601
ZH-P3;3;274.902376;824.707128
228-5401;3;71.0202;213.0606
CI100021;1;352.9854;352.9854
EM100051;2;346.6714;693.3428
SBM105B;2;32.39;64.78
SBMP105;7;30.75;215.25
R304-FN2-60RS;2;363.84138;727.68276
R304-H4-60RS;1;355.756016;355.756016
AG-K8-C;2;424.48161;848.96322
AG-K8-EMC;2;114.80061828;229.60123656
AG-K8-TREM;1;40.42682;40.42682
AID-S1-N;3;161.70728;485.12184
CMG-S1;2;258.731648;517.463296
CCP-S1-C;4;113.195096;452.780384
AFT-01;1;32.341456;32.341456
SSG-K8-CAL;1;463.464615;463.464615
SSG-L5-CSG;1;649.71675;649.71675
SBR-K8-RD;4;14.149387;56.597548
TRBP-K8;1;323.41456;323.41456
ALB-S1;1;24.256092;24.256092
MDB-MT;8;6.064023;48.512184
DCL-FN2;4;36.384138;145.536552
KCT-P3;2;60.64023;121.28046
MP-WAZA;3;4.4469502;13.3408506
PRA-K8;1;210.219464;210.219464
EMS-K8-RS;2;141.49387;282.98774
EMS-K8-MT;2;202.1341;404.2682
EMS-K8-RR;1;109.152414;109.152414
DRF-S1-FS;2;153.621916;307.243832
KLD-S1-15;1;598.316936;598.316936
FGD-FN2-53;1;411.487275;411.487275
ETA-S1;3;48.512184;145.536552
SSG-02-C;1;210.219464;210.219464
DBS-S1-RS;1;598.316936;598.316936
DBS-FN2-RS;1;598.316936;598.316936
SD-1314709;4;196.8208608;787.2834432
6-627;1;495.649;495.649
FRI-0181;1;1390.6248554;1390.6248554
SMN029B;1;30.75;30.75
SBM073B;1;32.2916;32.2916
SVAG007B;3;30.75;92.25
IMS-8V-DCCB;8;250.2968;2002.3744
IMS-8Y-DCCB;5;250.2968;1251.484
IMS-8S-DCCB;4;250.2968;1001.1872
IMS-8V8S-HFIS;6;110.6918;664.1508
IMS-8V8S-GRK;1;40.5818;40.5818
IMS-8VSY-BFR-AB;1;180.3918;180.3918
IMS-8VSY-PCV1-B;4;124.6318;498.5272
IMS-8V8S-UFW-N;1;1190.6318;1190.6318
IMS-8V-ICO;1;1167.6718;1167.6718
IMS-8Y-IC1150;2;1082.3918;2164.7836
IMS-8V8S-ECCB-2;5;467.3918;2336.959
ATMSFO159;1;169.0188756;169.0188756
ATRADHON01;2;202.14033692;404.28067384
ATMSHON3;2;167.73222672;335.46445344
TP-T/S/33;1;735.0316;735.0316
S-PO/TI/19;1;2276.0002;2276.0002
ATMSYGR23;2;347.980038;695.960076
P-X277;1;184.5328;184.5328
E90-15-004-05-22;1;478.511;478.511
E90-81-010-02-22;1;422.136;422.136
E90-55-019-03-22;1;558.42;558.42
E90-55-007-01-22;1;442.8738;442.8738
E90-70-018-02-22;1;465.883;465.883
E95-81-009-04-22;1;456.863;456.863
E90-81-003-03-22;1;470.393;470.393
SVWP061;3;28.7;86.1
VWR140007;2;18.4224726;36.8449452
FMINLD3;3;17.057845;51.173535
S-TY/T/3;2;1643.28;3286.56
E-TY/SS/4;1;313.035;313.035
EVE-GR4CR-CFM-INT;2;708.48;1416.96
EVE-GR4CR-CF-INT;1;708.48;708.48
80310-AH001;1;1045.402215;1045.402215
SAU123B;2;26.65;53.3
PK455;4;241.9;967.6
AC-S55-CC;10;24.6;246
AC-8V5RS-OP;1;233.7;233.7
ATMSFO151;4;350.86525064;1403.46100256
ATIKVAG13;3;159.62243984;478.86731952
ATIKYGR05;2;29.0470732;58.0941464
ATMSFO112;3;141.0440098;423.1320294
PP1844;2;13.5382;27.0764
MMRAD-DBP-26;2;179.949;359.898
MMFS-SUP-93T;2;97.416;194.832
MMFS-SUP-86;2;97.416;194.832
MMRAD-CIV-16;2;183.557;367.114
MMRAD-SRT-15;1;318.406;318.406
MMRAD-SUP-86;2;158.2928;316.5856
MMRAD-RHD-R32;1;139.4984;139.4984
MMRAD-E30-82;1;121.9258;121.9258
MMRAD-AE86-83;1;132.1594;132.1594
MMFAN-8;1;30.2088;30.2088
MMINT-CIV-16SL;2;298.5538;597.1076
IMS-8V8S-RACE3;7;54.1118;378.7826
MMIG-MAZ-1204;14;51.1434;716.0076
MMIG-VLSTR-19T04;14;51.1434;716.0076
MMIG-CIV-92;40;9.0118;360.472
MMIG-VW-0604;19;43.4682;825.8958
MMIG-VW-1504;5;51.1434;255.717
MMIG-A3-0904;10;61.336;613.36
MMTH-E36-92RD;10;66.9284;669.284
MMTH-WRX-01RD;1;66.9284;66.9284
MMAF-350Z-07;3;55.3828;166.1484
MMAF-MIA-90;6;27.6832;166.0992
MMTL-FT-RLR;10;28.5442;285.442
MMRA-LC-EG-OR;10;11.726;117.26
MMRA-LC-EG-PK;46;11.726;539.396
MMRA-LC-EG-BL;25;11.726;293.15
MMRA-LC-EG-YW;20;11.726;234.52
MMWS-003-150BK;5;56.6866;283.433
22004-AZ001;4;90.53329392;362.13317568
13002-AT001;1;424.2042368;424.2042368
23009-AN010;1;145.8202064;145.8202064
AC-570-DPHS;1;252.56;252.56
AC-6C-DP;5;77.9;389.5
AC-SVJ-DPHS;1;373.92;373.92
AC-LP7-DP;1;303.4;303.4
AC-250-MP;9;81.18;730.62
CI100067;2;459.1754;918.3508
EVE-F60-306-INT;1;642.06;642.06
EVE-1046-FTR;2;40.795;81.59
PKER7A8EGS;4;7.2734;29.0936
CTS-HW-547;1;239.8418;239.8418
EVE-G63AMG-CF-INT;1;1569.48;1569.48
KT4059;2;682.2646;1364.5292
VWR610011;4;193.01682668;772.06730672
VWR610010;4;193.01682668;772.06730672
VWR610008;4;193.01682668;772.06730672
VWR610009;4;193.01682668;772.06730672
IMS-8Y-ECCB-3;2;584.2418;1168.4836
MS100185;2;307.4672;614.9344
ATMSVAG20;1;262.5933396;262.5933396
VWR120005;2;119.42440968;238.84881936
330117R;1;92.0614;92.0614
VWR140013;6;187.13918066;1122.83508396
201-5404;1;97.744;97.744
201-4704;1;168.5428;168.5428
R-BMW-024-I;1;396.06;396.06
PK457;4;430.5;1722
FMTIA13-BLA;1;89.47083386;89.47083386
80310-AN001;1;1330.51191;1330.51191
24999-AZ001;6;83.51520912;501.09125472
24999-AT004;1;69.12813528;69.12813528
1301-RT066;1;864.9789516;864.9789516
53001-AT027;1;245.632968;245.632968
E25-20-057-01-22;2;333.125;666.25
IMS-8V8S-BFMS-B;1;172.1918;172.1918
IMS-8Y-ECCB-2;2;467.3918;934.7836
XA19850+3805HMB;8;187.407187;1499.257496
XA17700+5005CDK;4;98.756946;395.027784
VWR190009;3;46.03668682;138.11006046
AC-XM-DPHS;6;200.9;1205.4
"F5 458 03";1;713.4;713.4
22004-AH001;4;112.99116528;451.96466112
60FO11;1;228.165;228.165
AC-F97-UDT;5;90.2;451
MMTS-SPT-71;2;5.7728;11.5456
MMTS-CIV-06;2;27.06;54.12
MMWHS-38-BK;1;12.177;12.177
MMRC-13L;2;10.373;20.746
MMFAN-12HD;1;70.807;70.807
AC-B58-IT;20;53.3;1066
ECA1578P;2;127.9528;255.9056
ECA1578WR;2;127.9528;255.9056
ECA1576-RD;3;116.2104;348.6312
SP6062BLK;3;138.2848;414.8544
SP6080P;2;189.3298;378.6596
SP6080WB;2;189.3298;378.6596
SP1899P;4;266.8526;1067.4104
SP1899BLK;4;266.8526;1067.4104
SP1995BLK;3;299.5214;898.5642
SP1995P;1;299.5214;299.5214
SP1987BLK;1;282.8344;282.8344
ESR374WB;2;116.604;233.208
ESR374WR;5;116.604;583.02
SP3078P;2;123.4838;246.9676
SP3078BLK;13;123.4838;1605.2894
SP1202BLK;1;149.1908;149.1908
SP1202WR;1;149.1908;149.1908
SP1204BLK;1;131.5198;131.5198
SP1204WR;1;131.5198;131.5198
SP1230WB;4;159.2358;636.9432
SP1230WR;2;159.2358;318.4716
ESR920BK;4;78.7364;314.9456
SP1986BLK;6;162.0484;972.2904
SP1986P;3;162.0484;486.1452
SP1206BLK;5;147.641;738.205
SP1206WR;4;147.641;590.564
FMMK5CTC;7;261.90127846;1833.30894922
FMMK5CT;4;215.59166612;862.36666448
MMAI-WRX-01P;2;81.426;162.852
FMKT010-BLU;2;131.64757404;263.29514808
FMKT010-BLA;3;131.64757404;394.94272212
MMHOSE-S2K-00BK;1;47.81051;47.81051
MMHOSE-S2K-00BL;2;47.81051;95.62102
MMHOSE-S2K-00RD;2;47.81051;95.62102
MMHOSE-SUB-IHBK;1;105.534;105.534
MMHOSE-SUB-IHRD;2;105.534;211.068
MMHOSE-SUB-IHBL;2;105.534;211.068
FMFK054-BLA;2;67.24689866;134.49379732
FMFK054-BLU;1;67.24689866;67.24689866
MMOCC-LAWBK;2;48.708;97.416
MMOCC-LAWRD;3;48.708;146.124
MMOCC-LA;1;48.708;48.708
MMAI-STI-08WBK;1;150.6668;150.6668
MMAI-STI-08WRD;2;150.6668;301.3336
MMAI-STI-15WBK;2;123.82;247.64
MMAI-STI-15WRD;1;123.82;123.82
MMRT-WRX-01E;2;70.8152;141.6304
MMRT-WRX-01EBK;1;70.8152;70.8152
MMOCC-SA;1;48.708;48.708
MMOCC-SAWRD;2;48.708;97.416
MMOCC-SAWBK;3;48.708;146.124
MMRT-PSA;1;34.9402;34.9402
MMRT-PSAWRD;2;34.9402;69.8804
MMRT-PSAWBK;2;34.9402;69.8804
MMRT-CA;1;38.335;38.335
MMRT-CAWRD;2;38.335;76.67
MMOC-STI-08T;3;211.314;633.942
FMIND5R32-RED;2;192.54895436;385.09790872
FMIND15-BLU;2;213.16457846;426.32915692
FMINDK4-RED;1;251.5301087;251.5301087
FMIND5R32-BLA;2;192.54895436;385.09790872
FMIND15-RED;2;213.16457846;426.32915692
MMOC-MUS4-15T;1;262.5722;262.5722
MMRS-STI-08-BL;1;11.275;11.275
MMHOSE-SUB-ANCBK;2;82.984;165.968
MMHOSE-SUB-ANCRD;4;82.984;331.936
MMHOSE-SUB-ANCBL;1;82.984;82.984
MMBCC-MIA-16PBE-BK;1;91.66124;91.66124
MMBCC-MIA-16PBE-BL;1;91.66124;91.66124
MMINT-MUS4-15KWBK;1;399.545;399.545
MMHOSE-TT-99BL;1;29.0444;29.0444
MMHOSE-TT-99RD;2;29.0444;58.0888
MMHOSE-TT-99BK;1;29.0444;29.0444
MMHOSE-AUD-TBBL;2;26.158;52.316
MMHOSE-AUD-TBRD;3;26.158;78.474
MMHOSE-AUD-TBBK;4;26.158;104.632
MMHOSE-S4-97TBL;3;167.0094;501.0282
MMHOSE-S4-97TBK;1;167.0094;167.0094
MMHOSE-E36-92RD;2;42.6892;85.3784
MMHOSE-E46-99BL;2;31.21822;62.43644
MMHOSE-E46-99RD;1;31.21822;31.21822
MMHOSE-E46-01IRD;1;38.84914;38.84914
MMHOSE-E46-01IBK;2;38.84914;77.69828
MMHOSE-FIST-14IHBL;2;38.8434;77.6868
MMHOSE-MUS4-15BL;1;55.596;55.596
MMHOSE-MUS4-15RD;1;55.596;55.596
MMHOSE-MUS4-15BK;2;55.596;111.192
MMHOSE-CIV-92B16BL;1;44.3948;44.3948
MMHOSE-CIV-92B16RD;2;44.3948;88.7896
MMHOSE-CIV-92B16BK;2;44.3948;88.7896
MMHOSE-CIV-02SIBK;2;41.041;82.082
MMHOSE-HON-K20RD;1;41.041;41.041
MMHOSE-INT-97RD;1;13.776;13.776
MMHOSE-MS3-07BL;1;96.9158;96.9158
MMHOSE-MS3-07BK;2;96.9158;193.8316
MMHOSE-MS3-10BL;1;71.463;71.463
MMHOSE-MS3-10RD;1;71.463;71.463
MMHOSE-MS3-10BK;3;71.463;214.389
MMHOSE-MIA-90BL;2;41.4264;82.8528
MMHOSE-MIA-90RD;2;41.4264;82.8528
MMHOSE-MIA-90BK;2;41.4264;82.8528
MMHOSE-MIA-94BL;2;38.6958;77.3916
MMHOSE-MIA-94RD;3;38.6958;116.0874
MMHOSE-MIA-94BK;3;38.6958;116.0874
MMHOSE-MIA-99BL;2;35.00662;70.01324
MMHOSE-MIA-99RD;1;35.00662;35.00662
MMHOSE-MIA-99BK;1;35.00662;35.00662
MMHOSE-RX8-03BL;3;48.5604;145.6812
MMHOSE-RX8-03RD;1;48.5604;48.5604
MMHOSE-RX8-03BK;2;48.5604;97.1208
MMHOSE-TINY-07BL;1;101.024;101.024
MMHOSE-TINY-07RD;1;101.024;101.024
MMHOSE-EVO-8BL;1;35.0058;35.0058
MMHOSE-EVO-8RD;1;35.0058;35.0058
MMHOSE-EVO-8BK;3;35.0058;105.0174
MMHOSE-EVO-XBOVBL;1;54.12;54.12
MMHOSE-EVO-XBOVRD;2;54.12;108.24
MMHOSE-EVO-XBOVBK;1;54.12;54.12
MMHOSE-EVO-9BL;1;42.3858;42.3858
MMHOSE-EVO-9RD;2;42.3858;84.7716
MMHOSE-EVO-9BK;2;42.3858;84.7716
TFSI4xx-BK;73;0.82;59.86
TFSI4xx-RD;95;0.82;77.9
TFSI4xx-W;86;0.82;70.52
MMHOSE-240SX-SRBL;1;29.028;29.028
MMHOSE-240SX-SRRD;2;29.028;58.056
MMHOSE-240SX-SRBK;2;29.028;58.056
FMACVAG01;5;85.74734998;428.7367499
MMHOSE-350Z-03IHBL;2;48.257;96.514
MMHOSE-350Z-03IHBK;1;48.257;48.257
MMHOSE-350Z-03BL;1;54.2184;54.2184
MMHOSE-350Z-03RD;1;54.2184;54.2184
MMHOSE-350Z-03BK;2;54.2184;108.4368
MMHOSE-Z33-HRBL;1;47.3796;47.3796
MMHOSE-Z33-HRRD;1;47.3796;47.3796
MMHOSE-Z33-HRBK;1;47.3796;47.3796
MMHOSE-370Z-09BL;1;29.2166;29.2166
MMHOSE-370Z-09RD;2;29.2166;58.4332
MMHOSE-370Z-09BK;2;29.2166;58.4332
MMHOSE-370Z-09AIBL;1;74.28421;74.28421
MMHOSE-370Z-09AIBK;1;74.28421;74.28421
MMHOSE-SUB-INT6BL;2;53.5706;107.1412
MMHOSE-SUB-INT6RD;2;53.5706;107.1412
MMHOSE-SUB-INT6BK;2;53.5706;107.1412
MMHOSE-WRX-01BL;1;59.532;59.532
MMHOSE-WRX-01RD;2;59.532;119.064
MMHOSE-WRX-01BK;2;59.532;119.064
MMHOSE-STI-08BL;2;54.571;109.142
MMHOSE-STI-08RD;2;54.571;109.142
MMHOSE-STI-08BK;3;54.571;163.713
MMHOSE-SUB-INTBL;1;46.1906;46.1906
MMHOSE-SUB-INTRD;2;46.1906;92.3812
MMHOSE-SUB-INTBK;4;46.1906;184.7624
MMHOSE-BRZ-13IRD;3;69.905;209.715
MMHOSE-GLF-95BL;1;117.6864;117.6864
MMHOSE-GLF-95RD;4;117.6864;470.7456
MMHOSE-GLF-95BK;3;117.6864;353.0592
FMFOCSTDV-BLA;2;98.87701696;197.75403392
FMFOCSTDV-BLU;3;98.87701696;296.63105088
FMFOCSTDV-RED;2;98.87701696;197.75403392
MMRT-MUS-15EBK;6;92.455;554.73
MMRT-FIST-14E;1;96.514;96.514
MMRT-STI-08;1;82.3116;82.3116
MMHOSE-E36-92IBBL;3;27.7898;83.3694
MMHOSE-E36-92IBRD;3;27.7898;83.3694
MMHOSE-E36-92IBBK;4;27.7898;111.1592
FMKTRC-BLU;1;129.4446752;129.4446752
FMKTRC-BLA;1;129.4446752;129.4446752
FMKTRC-RED;1;129.4446752;129.4446752
ME-MIN/SS/2H+TP-MINR56/57-CA;1;1054.3478;1054.3478
ESR1581WB;5;136.3496;681.748
ESR310BLK;1;93.5128;93.5128
ESR916P;1;129.5928;129.5928
ESR916WB;1;129.5928;129.5928
ESR916WR;4;129.5928;518.3712
SP1989-P;1;294.9048;294.9048
SP1989BLK;2;294.9048;589.8096
SP1126WB;1;209.2148;209.2148
SP1898P;2;229.7066;459.4132
SP1898BLK;3;229.7066;689.1198
MMSK-BK;4;17.6546;70.6184
MMSK-SL;2;17.6546;35.3092
MMAI-MIA-16WBK;1;219.8625;219.8625
MMAI-MIA-16WRD;1;219.8625;219.8625
MMAI-MIA-16P;1;219.8625;219.8625
MMAI-FOST-13P;1;167.772;167.772
MMAI-MK7-15P;1;141.3106;141.3106
MMAI-MK7-15WRD;5;141.3106;706.553
FMINDP14-RED;3;179.45827674;538.37483022
FMINDP14-BLU;2;179.45827674;358.91655348
FMINTRCT-BLA;1;418.160886;418.160886
FMINTRCT-BLU;1;418.160886;418.160886
MMHOSE-SUB-ANC4BK;2;56.3504;112.7008
MMHOSE-SUB-ANC4BL;2;56.3504;112.7008
MMHOSE-SUB-ANC4RD;2;56.3504;112.7008
TTE500+;2;1748.24;3496.48
TTE475;2;1229.2702;2458.5404
"TTE340 1.8T";2;880.0568;1760.1136
"TTE360 1.8T";2;1012.4622;2024.9244
ECA913BK;6;114.8328;688.9968
ECA913P;2;114.8328;229.6656
SP6010BLK;5;131.6674;658.337
SP6010P;1;131.6674;131.6674
FMWS3;4;22.5650921;90.2603684
FMWS5;4;28.35501206;113.42004824
FMWS8;7;27.42901476;192.00310332
FMWS11;4;35.1878974;140.7515896
FMWS16;5;20.93728632;104.6864316
FMWS20;4;26.30807066;105.23228264
MMRAD-WRX-01;1;133.1926;133.1926
FMDV008-BLA;3;96.04054102;288.12162306
FMDV008-MAT;7;96.04054102;672.28378714
FMSS114-RED;2;5.05886946;10.11773892
FMIND32A3-BLU;2;160.31450098;320.62900196
VWR12G7R600ITBLA;54;53.86380084;2908.64524536
VWR12G7R600ITBLU;15;53.86380084;807.9570126
VWR12G7R600ITRED;25;53.86380084;1346.595021
FMDVMK7A-ALL;1;121.05221546;121.05221546
MMRAD-CIV-92;1;101.024;101.024
MMRAD-CIV-92X;1;144.32;144.32
FMFSITAT-POL;2;137.70067218;275.40134436
FMFSITAT-BLK;3;137.70067218;413.10201654
FMFSITVR-POL;5;137.17431582;685.8715791
FMFSITVR-BLK;4;137.17431582;548.69726328
MMTD-SUB-BK;1;27.552;27.552
MMTD-SUB-BL;2;27.552;55.104
MMTD-SUB-RD;2;27.552;55.104
MMTD-SUB-PK;1;27.552;27.552
MMLG-15-20LBK;1;37.4822;37.4822
MMLG-15-20LBL;2;37.4822;74.9644
MMLG-15-20LRD;3;37.4822;112.4466
MMLG-15-20LSL;4;37.4822;149.9288
MMLG-125-20LBK;1;37.474;37.474
MMLG-125-20LBL;3;37.474;112.422
MMAI-MIN-14P;1;128.494;128.494
MMAI-MIN-14WBK;1;128.494;128.494
MMAI-MIN-14WRD;2;128.494;256.988
MMOFC-HN-HOONRD;2;22.7878;45.5756
MMOFC-HN-HOONSL;1;22.7878;22.7878
MMAI-BRZ-13BBK;3;141.8846;425.6538
MMOFC-MAZ-HOONRD;1;22.714;22.714
MMOFC-SUB-HOONRD;1;21.7956;21.7956
MMOFC-MITS-HOONSL;1;23.165;23.165
MMOFC-HN-RD;1;20.1064;20.1064
MMOFC-HN-BK;2;20.1064;40.2128
MMOFC-SUB-BK;2;19.721;39.442
MMOFC-SUB-RD;1;19.721;19.721
MMOFC-SUB-PK;2;19.721;39.442
MMOFC-MAZ-RD;1;18.04;18.04
MMOFC-MAZ-BK;1;18.04;18.04
TTE480;2;1290.0568;2580.1136
"TTE420 TSI";1;1422.4622;1422.4622
MMICP-FIST-14CWBK;2;110.946;221.892
MMICP-FIST-14HWBK;3;80.729;242.187
MMICP-FIST-14HP;5;80.729;403.645
FMACMUST23;1;70.0346379;70.0346379
FMACVAG03G;4;91.39105984;365.56423936
FMACST250;1;111.39260152;111.39260152
FMAC2SUB;2;95.49468998;190.98937996
FMAC7SUB;2;90.29935776;180.59871552
FMAC4SUB;4;106.09004856;424.36019424
FMACAVXR;3;113.62474238;340.87422714
FMACCVXR;3;106.09004856;318.27014568
FMACFRS2;4;91.3813125;365.52525
FMACFRS3;1;69.0111672;69.0111672
TTE740+;1;2149.3676;2149.3676
FMACMEG;1;111.39260152;111.39260152
FMACST;2;111.39260152;222.78520304
FMACTTRS;2;85.32821436;170.65642872
FMACVAG07;3;76.8090392;230.4271176
FMACVAG05;5;91.3813125;456.9065625
MMOC-EVO-01BK;3;211.314;633.942
FMACVAG08;6;91.3813125;548.287875
FMACVXRJ;1;111.39260152;111.39260152
FMEVACT;1;123.77172332;123.77172332
FMIND3RCTY-BLA;1;116.32475556;116.32475556
FMIND3RCTY-BLU;1;116.32475556;116.32475556
FMIND3RCTY-RED;1;116.32475556;116.32475556
FMINT4;1;790.25584316;790.25584316
FMDVC200A-BLA;2;113.97564662;227.95129324
FMDVC200A-BLU;4;113.97564662;455.90258648
FMDVC200A-RED;2;113.97564662;227.95129324
"TTE300 MINI";3;964.2216;2892.6648
TTE650;1;1463.7;1463.7
FMDVRMA-BLA;3;105.79762836;317.39288508
FMDVRMA-BLU;2;105.79762836;211.59525672
FMDVRMA-RED;3;105.79762836;317.39288508
FMDVMK7R-ALL;5;128.9085715;644.5428575
FMDVMK7R-BLA;7;128.9085715;902.3600005
FMINLST180-BLU;3;52.71361472;158.14084416
FMINLST180-RED;3;52.71361472;158.14084416
FMINLST180-BLA;2;52.71361472;105.42722944
FMKTR56-RED;2;66.45736412;132.91472824
FMKTR56-BLU;2;66.45736412;132.91472824
FMR56RDH-RED;2;92.92139222;185.84278444
FMR56RDH-BLU;4;92.92139222;371.68556888
FMAC5SUB;1;90.29935776;90.29935776
FMACEV10;1;129.96128422;129.96128422
FMTT225-BLA;1;268.13957606;268.13957606
SES1116ICPWB;2;241.2686;482.5372
FMHPRM-BLA;1;109.0727346;109.0727346
FMHPRM-RED;1;109.0727346;109.0727346
FMHPRM-BLU;1;109.0727346;109.0727346
FMFK054-RED;2;67.24689866;134.49379732
FMAM-B2;3;29.07631522;87.22894566
FMAM-B3;5;29.07631522;145.3815761
FMINDS5-RED;3;62.55842812;187.67528436
FMINDS5-BLU;2;62.55842812;125.11685624
FMKTICTB-RD;3;55.01398696;165.04196088
FMKTICTB-BL;3;55.01398696;165.04196088
FMKTICTB-BK;3;55.01398696;165.04196088
FMDVHR35-RD;2;18.10081038;36.20162076
FMMKV1-BLU;2;25.46005208;50.92010416
SP9003WB;2;170.232;340.464
SP9003P;1;170.232;170.232
FMDV8PS3-BLA;1;148.27653608;148.27653608
FMDV8PS3-RED;2;148.27653608;296.55307216
FMDV8PS3-BLU;2;148.27653608;296.55307216
FMDVC200R-BLA;1;108.55612558;108.55612558
FMDVC200R-BLU;2;108.55612558;217.11225116
FMDVC200R-RED;2;108.55612558;217.11225116
FMDV008PA-ALL;6;96.04054102;576.24324612
FMDV008PA-BLA;5;96.04054102;480.2027051
FMDVHFTFSI-BL;1;200.95116144;200.95116144
FMDVHFTFSI-BK;1;200.95116144;200.95116144
FMRS250IND-BLU;1;60.4822447;60.4822447
FMRS250IND-RED;1;33.60882832;33.60882832
FMCCHMK5-BLU;1;25.45030474;25.45030474
FMKT008-BLA;3;108.2929474;324.8788422
FMKT008-BLU;2;108.2929474;216.5858948
FM225AH-BLA;3;27.21457328;81.64371984
FM225AH-BLU;4;27.21457328;108.85829312
FM225AH-RED;3;27.21457328;81.64371984
FMKTMK7-BLA;2;141.4826401;282.9652802
FMKTMK7-BLU;2;141.4826401;282.9652802
FMKTMK7-RED;3;141.4826401;424.4479203
FMKT024-BLA;1;133.02194898;133.02194898
FMKT024-BLU;2;133.02194898;266.04389796
FMKT024-RED;3;133.02194898;399.06584694
FMKCR56-BLA;1;179.62398152;179.62398152
FMKCR56-BLU;1;179.62398152;179.62398152
FMKCR56-RED;2;179.62398152;359.24796304
SP9003SE;3;170.232;510.696
FMKCMK7-BLU;2;65.307178;130.614356
FMKCMK7-RED;1;65.307178;65.307178
FMKC005-BLA;2;123.94717544;247.89435088
FMKC005-BLU;2;123.94717544;247.89435088
FMKT022-BK;1;19.49468;19.49468
FMKCTT225-BLA;2;194.66412714;389.32825428
FMRMIND-BLU;3;31.61062362;94.83187086
FMRMIND-RED;1;31.61062362;31.61062362
FMANC1-BLA;2;29.45646148;58.91292296
FMANC1-BLU;4;29.45646148;117.82584592
FMANC1-RED;4;29.45646148;117.82584592
FM225CC-BLA;4;20.3719406;81.4877624
FM225CC-BLU;1;20.3719406;20.3719406
FM225CC-RED;3;20.3719406;61.1158218
FMBH18T-BLA;2;56.86598156;113.73196312
FMBH18T-BLU;4;56.86598156;227.46392624
FMBH18T-RED;3;56.86598156;170.59794468
FMTTBH-;2;27.86764506;55.73529012
FMBAVXR-RED;5;17.4964753;87.4823765
FMKT007-RD;1;64.332444;64.332444
FMINLCVXR-BLA;2;76.3216722;152.6433444
FMINLCVXR-RED;1;76.3216722;76.3216722
FM225IND-BLA;3;119.2099682;357.6299046
FM225IND-BLU;2;119.2099682;238.4199364
FM225IND-RED;1;119.2099682;119.2099682
FMMK7INDH-BLA;2;42.03053008;84.06106016
FMMK7INDH-BLU;3;42.03053008;126.09159024
FMBH2-RED;1;14.35783182;14.35783182
FMR56IND-BLA;1;78.3686136;78.3686136
FMR56IND-BLU;2;78.3686136;156.7372272
FMR56IND-RED;1;78.3686136;78.3686136
FMINLFRS3-RED;1;11.696808;11.696808
FMINDIBFR4-BLA;1;100.08568712;100.08568712
FMINDIBFR4-BLU;3;100.08568712;300.25706136
FMINDIBFR4-RED;2;100.08568712;200.17137424
FMGOLFIND-BLA;1;119.2099682;119.2099682
FMGOLFIND-BLU;1;119.2099682;119.2099682
FMGOLFIND-RED;1;119.2099682;119.2099682
FMRMBHT-BLA;2;27.49724614;54.99449228
FMRMBHT-BLU;1;27.49724614;27.49724614
FMRMBHT-RED;2;27.49724614;54.99449228
FMRMBHS-BLA;1;25.27485262;25.27485262
FMRMBHS-BLU;3;25.27485262;75.82455786
FMRMBHS-RED;1;25.27485262;25.27485262
FM225CCH-BLA;7;30.90881514;216.36170598
FM225CCH-BLU;1;30.90881514;30.90881514
FM225CCH-RED;2;30.90881514;61.81763028
FMPOLOTB-BLU;3;39.84712592;119.54137776
FM225TBH-BLA;1;17.18456042;17.18456042
FM225TBH-BLU;3;17.18456042;51.55368126
FM225TBH-RED;3;17.18456042;51.55368126
FM225SH-BLA;4;17.057845;68.23138
FM225SH-BLU;2;17.057845;34.11569
FMTTUHOSE-;3;17.7401588;53.2204764
FMINLS1-BLA;3;46.63127456;139.89382368
FMINLS1-BLU;2;46.63127456;93.26254912
FMDVSU110-GRE;15;4.59099714;68.8649571
FMDVSU110-YEL;9;4.59099714;41.31897426
FMDVSU110-RED;2;4.59099714;9.18199428
MMOC-RS-16TBK;2;373.1164;746.2328
MMHOSE-RS-16RD;1;82.861;82.861
MMHOSE-RS-16NB;2;82.861;165.722
MMHOSE-RS-16BK;2;82.861;165.722
MMHOSE-FOST-13RD;2;48.6752;97.3504
UAP3A8VX;2;127.9856;255.9712
U3P3A8VX;7;170.7896;1195.5272
LAP3VGT4;3;110.864;332.592
LAP3VGT5;4;110.864;443.456
L3P3VGT5;3;166.5092;499.5276
L3P3VGT7;5;166.5092;832.546
LAP3VGT6;1;110.864;110.864
L3P3VSE3;2;166.5092;333.0184
LAP3VSE3;2;108.9124;217.8248
U3P3A8JX;2;166.5092;333.0184
UAP3A8JX;7;110.864;776.048
vP3AB5X;4;126.4358;505.7432
bP3AB5X;2;127.9364;255.8728
L3P3AB7X;2;166.5092;333.0184
LAP3AB7X;2;110.864;221.728
L3P3AB8X;2;166.5092;333.0184
LAP3AB8X;3;110.864;332.592
UAP3A1TX;3;110.864;332.592
L3P3BE8X;3;166.5092;499.5276
AP3BE8X;2;110.864;221.728
LAP3BE9X;2;123.7052;247.4104
L3P3BE6X;3;166.5092;499.5276
LAP3BE6X;2;110.864;221.728
U3P3FFI7;2;166.5092;333.0184
UAP3FFI7;4;110.864;443.456
U3P3FMS6;2;123.1804;246.3608
UAP3FMS6;2;123.1804;246.3608
UvP3SLE1;2;170.7896;341.5792
UAP3SLE1;2;115.1444;230.2888
U3P3SLE2;3;127.92;383.76
UAP3SLE2;3;123.1804;369.5412
LAP3SFRX;2;110.864;221.728
JSK-126-BK;1;213.87613428;213.87613428
JSK-126-BL;2;213.87613428;427.75226856
JSK-126-RD;2;213.87613428;427.75226856
JSK-121-BL;1;194.2644862;194.2644862
JSK-121-RD;2;194.2644862;388.5289724
MMHOSE-MIA-16BL;2;67.65;135.3
MMHOSE-MIA-16RD;1;67.65;67.65
MMHOSE-MIA-16BK;2;67.65;135.3
SP9001BLK;4;179.0798;716.3192
SP9001P;5;179.0798;895.399
VWRM026-XL;33;4.87367;160.83111
VWRM025-XL;38;9.3574464;355.5829632
VWRM012-XL;21;19.49468;409.38828
RIP-180-RD;2;43.24894758;86.49789516
RIP-180-BK;2;43.24894758;86.49789516
RIP-180-BL;2;43.24894758;86.49789516
VWR49G700;2;112.49405094;224.98810188
VWR49G701;1;112.49405094;112.49405094
SH-6-BL;3;1.5416;4.6248
SH-6-RD;48;1.5416;73.9968
SH-8-BL;26;1.5416;40.0816
SH-10-BL;2;1.5416;3.0832
SH-10-RD;14;1.5416;21.5824
MZ11YTP03;1;450.74624362;450.74624362
MZ11YTP16;2;450.74624362;901.49248724
FMKC010-RED;1;141.07325182;141.07325182
FMKC010-BLA;1;141.07325182;141.07325182
MMOC-WRX-06TBK;2;241.285;482.57
MMOC-WRX-06T;2;241.285;482.57
MMOC-WRX-06BK;2;216.9228;433.8456
JSK-123-BK;1;135.975393;135.975393
JSK-123-BL;3;135.975393;407.926179
JSK-123-RD;4;135.975393;543.901572
MMINT-STI-08SL;2;523.9144;1047.8288
MMOC-S2K-00T;3;264.737;794.211
MMINT-WRX-01SL;2;483.3244;966.6488
MMRAD-STI-08;3;164.164;492.492
MMINT-E90-07;1;321.563;321.563
MMINT-E90-07B;1;321.563;321.563
MMAI-BRZ-13BRD;1;141.8846;141.8846
MMRAD-MIA-90;1;123.3772;123.3772
MMRAD-MIA-90X;3;141.3024;423.9072
MMRAD-S14-95SR;2;112.1268;224.2536
MMRAD-S14-95SRX;3;136.0216;408.0648
MMAI-BRZ-13WBK;2;148.13997;296.27994
MMAI-BRZ-13P;3;148.13997;444.41991
LAP3M58X;3;115.1444;345.4332
L3P3M58X;1;170.7896;170.7896
MMRT-RS-16EBK;1;94.7756;94.7756
MMRT-RS-16EWRD;2;94.7756;189.5512
MMHOSE-S2K-00IHRD;1;51.2254;51.2254
MMHOSE-S2K-00IHBL;3;51.2254;153.6762
MMHOSE-S2K-00IHBK;1;51.2254;51.2254
MMAI-RS-16WBK;6;207.9028;1247.4168
MMAI-RS-16WBL;5;207.9028;1039.514
MMOC-WRX-01TBK;2;190.7074;381.4148
MMOC-WRX-01T;4;190.7074;762.8296
FMACST180;2;76.59459772;153.18919544
MMHOSE-MS3-07TIHBL;1;75.3334;75.3334
MMHOSE-MS3-07TIHBK;1;75.3334;75.3334
MMHOSE-MS3-07TIHRD;2;75.3334;150.6668
"TTE350 1.8T";2;928.2892;1856.5784
SP1583P;4;194.3892;777.5568
SP1583BLK;5;194.3892;971.946
SP1583WR;6;194.3892;1166.3352
MMBCC-CTR-17PBERD2;1;103.73;103.73
MMBCC-CTR-17PBEBK2;3;103.73;311.19
FMBKS38V-BLA;1;1660.7030525;1660.7030525
CTS-HW-266-187;11;154.2338;1696.5718
MMOC-BRZ-13T;2;328.328;656.656
MMOC-BRZ-13;1;305.3188;305.3188
FMRLH-RED;2;38.6969398;77.3938796
ATINTVAUX10;1;337.22872198;337.22872198
ATINTVAUX10-BL;2;337.22872198;674.45744396
MMRAD-S2K-00;1;158.301;158.301
MMRAD-S2K-00X;1;158.301;158.301
ESR980WB;2;139.441;278.882
SP9002BLK;5;151.536;757.68
ATINTVAG10;6;321.174853;1927.049118
ATINTVAG10-BL;2;321.174853;642.349706
ATINTVAG10-RD;2;321.174853;642.349706
ATINTVAUX5-BL;1;442.78266684;442.78266684
MMSK-TDP-BK;2;36.1456;72.2912
MMSK-TDP-WH;2;36.1456;72.2912
ATINTVAG14;2;371.79278962;743.58557924
ATINTVAG14-BL;2;371.79278962;743.58557924
ATINTVAG14-RD;2;371.79278962;743.58557924
20FO33001-RD;2;646.7586;1293.5172
20VW33006X-BL;3;705.4296;2116.2888
20VW33006X-RD;2;643.2162;1286.4324
20AU33006X-RD;1;643.2162;643.2162
20SB33005X-RD;1;646.7586;646.7586
20SE33020X-RD;2;689.1608;1378.3216
20RE33001X-RD;1;689.1608;689.1608
20OP33003X-BL;1;755.8104;755.8104
20MA33002-RD;1;602.126;602.126
20AU33002X-RD;2;643.2162;1286.4324
20SE33002X-RD;1;643.2162;643.2162
20MN33002X-RD;2;643.21866;1286.43732
MMINT-RS-16BK;2;383.35;766.7
FMKT005-BLA;3;115.00886466;345.02659398
FMKT005-RED;3;115.00886466;345.02659398
AC-KC-FO-01-RD;10;4.1;41
AC-KC-FO-01-BL;8;4.1;32.8
AC-KC-FO-02-RD;9;4.1;36.9
AC-KC-FO-02-BK;18;4.1;73.8
AC-KC-FO-03-RD;17;4.1;69.7
AC-KC-FO-03-BL;7;4.1;28.7
AC-KC-FO-03-BK;23;4.1;94.3
FMINTF500-BLA-MAN;2;404.57309404;809.14618808
FMINTF500-RED-MAN;1;404.57309404;404.57309404
FMCCSCI-BK;7;2.924202;20.469414
FMCCSCI-BL;1;2.924202;2.924202
FMCCSCI-RD;3;2.924202;8.772606
FM225CCHA-BLA;4;30.90881514;123.63526056
"TTE550+ AMG";1;1463.7;1463.7
MMHOSE-MUS4-15ANCBK;2;82.3116;164.6232
MMHOSE-MUS4-15ANCRD;2;82.3116;164.6232
MMHOSE-SPY-00BL;1;59.8026;59.8026
MMHOSE-SPY-00RD;2;59.8026;119.6052
MMHOSE-SPY-00BK;2;59.8026;119.6052
VWRM026-S;15;4.87367;73.10505
VWRM026-XXL;10;4.87367;48.7367
VWRM011-XL;92;16.3755312;1506.5488704
VWRM007-XS;8;9.3574464;74.8595712
VWRM025-L;11;9.3574464;102.9319104
VWRM025-XS;16;9.3574464;149.7191424
FMINDK26;2;198.77750462;397.55500924
FMINDF56;2;198.77750462;397.55500924
AC-200-CFA;37;2.952;109.224
AC-200-CFA-KIT;53;3.9852;211.2156
MMOC-350Z-03TBK;4;213.0196;852.0784
MMOC-350Z-03T;4;213.0196;852.0784
RIP-007-BK;1;38.41426694;38.41426694
RIP-007-BL;11;38.41426694;422.55693634
RIP-007-RD;6;38.41426694;230.48560164
FMKT025-;2;53.09376098;106.18752196
FMINLH8-BLA;1;128.92806618;128.92806618
FMINLH8-RED;3;128.92806618;386.78419854
VWR800001-BLK;3;24.48531808;73.45595424
VWR800001-SVR;4;24.48531808;97.94127232
MMFS-E46-01;2;93.1684;186.3368
VWR652000-BLK;1;1126.14917956;1126.14917956
VWR652000-RED;2;1126.14917956;2252.29835912
SP1116WB;1;314.7816;314.7816
SP1116WR;1;314.7816;314.7816
FD107;2;376.65671228;753.31342456
SST011;1;438.5032;438.5032
SST011C;1;487.2768;487.2768
SSTS011;3;409.2292;1227.6876
SSTS011C;1;458.011;458.011
034-112-6007-BL;2;39.2944;78.5888
SFD074;1;267.7792;267.7792
SFDS074;5;251.1988;1255.994
SVWS041;1;347.27;347.27
SVWS041C;1;384.1208;384.1208
SSTS012C;1;436.199;436.199
SST012;1;438.5032;438.5032
SST012C;1;354.3138;354.3138
SSTS012;2;354.3138;708.6276
SFDS087;2;453.1238;906.2476
EVE-F56-LCI-CF-INT;6;758.664;4551.984
EVE-F56-CF-INT;5;758.664;3793.32
MMRT-MIA-16TBK;2;79.8516;159.7032
MMRT-MIA-16TP;1;79.8516;79.8516
AC-KC-FO-01-BK;16;4.1;65.6
SVW039;1;302.416;302.416
SVWS039;2;266.3114;532.6228
034-108-9003SP;9;46.5268;418.7412
034-108-9003LP;10;46.5268;465.268
034-108-9003TP;19;55.6452;1057.2588
SAUS045D;1;645.0858;645.0858
SFDS089;2;343.703;687.406
SFDS090;1;267.5578;267.5578
CTS-CC-MK7GRS3;6;239.8418;1439.0508
SVWS051;2;267.7792;535.5584
SVWS051C;1;278.2588;278.2588
SVW052;1;243.3924;243.3924
SVWS052C;1;208.5752;208.5752
SVWS052;2;219.0056;438.0112
SRN020;1;264.327;264.327
SRNS020;1;226.894;226.894
FMINLH9-TTE625-LHD;1;135.67322546;135.67322546
FMINLH9-TTE700-LHD;2;135.67322546;271.34645092
SFD084D;1;460.9302;460.9302
SRN022;1;308.5086;308.5086
SRNS022;1;254.9872;254.9872
ATINTVAUX7-BL;1;321.16510566;321.16510566
SMNS010;2;311.682;623.364
SMN010;1;98.4;98.4
SAU040;2;339.3488;678.6976
SFD066;1;302.4857;302.4857
SHDS016D;1;509.0724;509.0724
FMINLH12-RD;3;37.78068984;113.34206952
FMKC021-BK;4;97.59036808;390.36147232
FMKC021-RD;2;97.59036808;195.18073616
FMKC020-BLA;2;71.96461122;143.92922244
FMKC020-RED;1;71.96461122;71.96461122
FMIHF500-RED;1;75.45415894;75.45415894
FMIHF500-BLU;2;75.45415894;150.90831788
SBM075;1;788.5284;788.5284
SVW040;1;292.1742;292.1742
SVWS040;4;243.3924;973.5696
SVWS056;5;360.4474;1802.237
SVW056;4;389.7214;1558.8856
SVW036;3;389.7132;1169.1396
SVWS036;3;345.8186;1037.4558
AC-KC-MB3B-RD;5;4.1;20.5
AC-KC-MB3B-BK;2;4.1;8.2
SFT005C;1;348.746;348.746
SFT005;2;329.2382;658.4764
FMKTR56N18-RED;2;85.68886594;171.37773188
FMKTR56N18-BLA;1;85.68886594;85.68886594
FMKTR56N18-BLU;3;85.68886594;257.06659782
MMICP-MK7-15KWBK;4;160.5478;642.1912
MMICP-MK7-15KP;3;160.5478;481.6434
SVWS042;4;243.3924;973.5696
SVW042;3;287.2952;861.8856
SVW043;3;389.7214;1169.1642
SVWS043C;1;379.9552;379.9552
SVWS043;3;378.4792;1135.4376
SRNS023;2;251.945;503.89
SVWS033;1;252.8798;252.8798
SAU081;1;721.149;721.149
VWR630000;5;88.12570094;440.6285047
VWR630001;10;88.12570094;881.2570094
MMINT-CTR-17KSLWBK;1;525.9562;525.9562
MMEXH-MUS8-15APBK;1;244.6224;244.6224
MMEXH-MUS8-15APP;3;244.6224;733.8672
MMHOSE-MUS8-15IHRD;1;58.548;58.548
SAU083C;1;811.349;811.349
SAU083;1;766.249;766.249
SMN011;1;279.6118;279.6118
SMNS011;2;293.5928;587.1856
SBM066;1;414.1164;414.1164
SBM066C;1;417.626;417.626
"FMINDK28-BLU-FOA ";2;205.80533676;411.61067352
"FMINDK28-RED-FOA ";1;205.80533676;205.80533676
MMRT-CTR-17EMWBK;1;113.5618;113.5618
MMAI-MUS8-15BK;3;154.119;462.357
MMAI-MUS8-15RD;5;154.119;770.595
MMAI-MUS8-15BL;1;154.119;154.119
FM225BHP-BLA;2;78.3686136;156.7372272
FM225BHP-POL;4;78.3686136;313.4744544
LAP3MF56;4;123.7052;494.8208
L3P3MF56;2;166.5092;333.0184
SHD014;1;548.5718;548.5718
FMINLRCS-RED;1;74.97653928;74.97653928
034-106-7042-RS4;1;277.16;277.16
034-106-7042-S4;4;249.444;997.776
SHYS101;1;520.8968;520.8968
KDT968;6;13.29537176;79.77223056
KDT914;9;13.29537176;119.65834584
SSKS003;2;343.2848;686.5696
FM225TH;3;56.93421294;170.80263882
MMEXH-MUS8-15ASBK;1;326.8766;326.8766
ESR307WB;1;128.8712;128.8712
ESR307P;3;128.8712;386.6136
ESR307WR;3;128.8712;386.6136
RD1560BLK;2;154.9554;309.9108
LAP3AC5X;2;110.864;221.728
vP3AC5X;2;166.5092;333.0184
LAP3AC6X;2;110.864;221.728
L3P3AC6X;3;166.5092;499.5276
FMINLH14-BLK;3;49.96486484;149.89459452
FMINLH14-BLU;2;49.96486484;99.92972968
FMINLH14-RED;2;49.96486484;99.92972968
FMINLH14-YEL;3;49.96486484;149.89459452
FMCAP5-ALL-BLA;1;25.21636858;25.21636858
FMCAP5-BLA-BLA;1;25.21636858;25.21636858
CTS-CC-B8.5-TFSI;1;239.8418;239.8418
CTS-B8S4-AWIC-DCC;4;294.4456;1177.7824
CTS-B8S4-AWIC;2;247.9598;495.9196
MMINT-F30-12SL;2;349.2134;698.4268
FMINDK30-BLA;2;147.95487386;295.90974772
FMINDK30-BLU;2;147.95487386;295.90974772
FMINDK30-RED;2;147.95487386;295.90974772
"TTE550 N55 E";1;2195.55;2195.55
MMICP-MUS4-15WBK;2;159.9;319.8
SRNS031;1;286.59;286.59
VWR493000;3;112.49405094;337.48215282
VWR493001;2;112.49405094;224.98810188
AC-KC-AU-RSK-BL;7;4.1;28.7
AC-KC-AU-RSK-BK;5;4.1;20.5
SP1350WB;1;276.2006;276.2006
SP1350WR;1;276.2006;276.2006
CTS-EA113-BOSS500;2;1343.1518;2686.3036
CTS-EA113-BOSS600;5;1498.1318;7490.659
MMEXH-MUS8-15ARBK;4;184.3934;737.5736
ESR140WB;7;123.0082;861.0574
ESR140WR;2;123.0082;246.0164
FMDV23A-BLA;3;127.0565769;381.1697307
FMDV23A-ALL;3;127.0565769;381.1697307
FMWS72616;1;28.87162108;28.87162108
FMTIA2-BLU;2;86.54663186;173.09326372
FMTIA2-RED;3;86.54663186;259.63989558
MMINT-EVO-10XB;1;254.1426;254.1426
EVE-F56-PL-INT;8;468.384;3747.072
EVE-F56-LCI-PL-INT;5;468.384;2341.92
SES1582ICPBK;3;142.4586;427.3758
SES1582ICPWR;5;142.4586;712.293
1033BLK;9;11.4964;103.4676
1033RED;15;11.4964;172.446
SES1899UICPWB;2;101.0486;202.0972
SES1899UICP;3;101.0486;303.1458
SP3082WR;3;154.2666;462.7998
SP3082WB;4;154.2666;617.0664
SP3087BLK;2;139.4656;278.9312
SP3087WR;2;139.4656;278.9312
SES1581ICP-BK;1;157.1612;157.1612
SES1581ICP-RD;1;157.1612;157.1612
SRN032;1;375.6338;375.6338
SRNS032;1;331.0135;331.0135
MMINT-FOST-13SL;1;275.78199;275.78199
MMINT-FOST-13BK;1;275.78199;275.78199
FMKT027-BLA;1;157.10762612;157.10762612
FMKT027-BLU;2;157.10762612;314.21525224
FMKT027-RED;2;157.10762612;314.21525224
FMKT027-YEL;2;157.10762612;314.21525224
FMINDK27-RD;3;145.09890324;435.29670972
SAUS109;1;563.5778;563.5778
SAUS085;1;217.3;217.3
SAUS086;1;350.9682;350.9682
TTE555;2;1880.6864;3761.3728
"TTE450 L";1;1463.6918;1463.6918
ATMSFO5;2;293.67760686;587.35521372
ATMSFO5-RD;4;293.67760686;1174.71042744
ATMSFO5-W;4;293.67760686;1174.71042744
ATMSFO6-BL;2;333.75866894;667.51733788
ATMSFO6-G;3;333.75866894;1001.27600682
VWR652001-RED;1;1126.14917956;1126.14917956
VWR652001-BLK;1;1126.14917956;1126.14917956
RIP-002-BL;2;52.06054294;104.12108588
RIP-002-RD;4;52.06054294;208.24217176
VWR19G708;6;40.80236524;244.81419144
VWR19G709;6;45.90022406;275.40134436
FMCB-BLU;3;9.3574464;28.0723392
FMCB-RED;4;9.3574464;37.4297856
FMCB-BLA;4;9.3574464;37.4297856
FMIND2RCT-BLA;2;102.25934394;204.51868788
FMIND2RCT-BLU;3;102.25934394;306.77803182
FMIND2RCT-RED;1;102.25934394;102.25934394
CTS-IT-810;15;105.5258;1582.887
CTS-IT-805;16;105.5258;1688.4128
SFDP090;6;130.1832;781.0992
SFDP089;1;106.231;106.231
SCNS014;1;267.7792;267.7792
FMINDRS4V8-BL;2;51.88509082;103.77018164
FMBIVXR-BLA;2;3.67474718;7.34949436
FMBIVXR-BLU;2;3.67474718;7.34949436
SVWS045;2;231.8468;463.6936
SVWS045C;1;231.8468;231.8468
SES3082ICPWB;2;177.0134;354.0268
SES3082ICPWR;2;177.0134;354.0268
SES9200ICPWB;4;182.8518;731.4072
SES9200ICPWR;3;182.8518;548.5554
CTS-HW-0223;3;30.9878;92.9634
CTS-HW-0377;5;28.4048;142.024
FMSTC1-BLA;2;39.32076956;78.64153912
FMSTC1-RED;2;39.32076956;78.64153912
FMSTC1-POL;2;39.32076956;78.64153912
FMBH1-RED;3;13.5000659;40.5001977
AC-250-CH-RD;8;41.328;330.624
AC-250-CH-BK;9;41.328;371.952
TTE685-B58;1;2877.5358;2877.5358
SBW0260-6P-RD;2;50.28568;100.57136
SBW0260-6P-EB;1;50.28568;50.28568
SBW0260-6P-YE;2;50.28568;100.57136
SBW0260-6P-BK;3;50.28568;150.85704
SFD0253-4P-EB;1;33.62;33.62
SFD0253-4P-RD;2;33.62;67.24
SFD0253-4P-YE;1;33.62;33.62
SFD0253-4P-BK;3;33.62;100.86
SMA0101-4P-EB;2;50.28568;100.57136
SMA0101-4P-RD;3;50.28568;150.85704
SMA0101-4P-YE;1;50.28568;50.28568
SMA0101-4P-BK;5;50.28568;251.4284
SMA0600-4P-RD;2;41.4838;82.9676
SMA0600-4P-EB;1;41.4838;41.4838
SMA0600-4P-YE;1;41.4838;41.4838
SMA0600-4P-BK;3;41.4838;124.4514
SME0455-4P-EB;1;33.62;33.62
SME0455-4P-YE;2;33.62;67.24
SME0455-4P-RD;3;33.62;100.86
SMT0707-4P-RD;2;33.1198;66.2396
SNN0200-4P-RD;2;28.1998;56.3996
SNN0200-4P-BK;1;28.1998;28.1998
SNN0910-6P-RD;2;86.7478;173.4956
SNN0910-6P-BK;2;86.7478;173.4956
SVW0630-4P-EB;1;41.4838;41.4838
SVW0630-4P-RD;5;41.4838;207.419
SVW0630-4P-YE;2;41.4838;82.9676
SVW0630-4P-BK;14;41.4838;580.7732
SP1125WB;2;260.35;520.7
SP1125P;2;260.35;520.7
SBMS073;2;828.7002;1657.4004
SAUS074;1;306.7702;306.7702
SAUS074C;1;301.022;301.022
SAUS055;1;726.7373;726.7373
SFDS071;1;352.8624;352.8624
SFDS086C;1;472.6234;472.6234
SFDS086;1;452.8778;452.8778
SMA0110-4P-RD;1;61.4836;61.4836
SMA0110-4P-YE;1;61.4836;61.4836
SMA0110-4P-EB;2;61.4836;122.9672
SMA0110-4P-BK;1;61.4836;61.4836
SMA0380-4P-RD;2;41.4838;82.9676
SMA0380-4P-BK;3;41.4838;124.4514
SFD1216-4P-BK;4;41.48544;165.94176
SFD1216-4P-RD;1;41.48544;41.48544
SFD1216-4P-YE;1;41.48544;41.48544
SFD1216-4P-EB;1;41.48544;41.48544
SME0863-4P-RD;2;33.62;67.24
SME0863-4P-YE;1;33.62;33.62
SME0863-4P-BK;3;33.62;100.86
SSK1100-4P-YE;1;28.1998;28.1998
SSK1100-4P-RD;1;28.1998;28.1998
SMA0112-4P-YE;1;50.2824;50.2824
SMA0112-4P-RD;2;50.2824;100.5648
SMA0112-4P-BK;3;50.2824;150.8472
SMA0112-4P-EB;1;50.2824;50.2824
SFD0121-4P-EB;1;41.4838;41.4838
SFD0121-4P-YE;1;41.4838;41.4838
SFD0121-4P-BK;5;41.4838;207.419
SFD0121-4P-RD;3;41.4838;124.4514
SVA0714-4P-EB;2;33.62;67.24
SVA0714-4P-BK;3;33.62;100.86
SVA0715-6P-RD;2;42.3038;84.6076
SVA0715-6P-EB;2;42.3038;84.6076
SVA0715-6P-BK;2;40.344;80.688
SCN0350-4P-RD;2;33.62;67.24
SCN0350-4P-BK;1;33.62;33.62
SVW0615-4P-YE;1;33.62;33.62
SVW0615-4P-EB;2;33.62;67.24
SVW0615-4P-RD;3;33.62;100.86
SVW0615-4P-BK;3;33.62;100.86
SVW0610-4P-YE;1;41.4838;41.4838
SVW0610-4P-EB;4;41.4838;165.9352
SVW0610-4P-RD;2;41.4838;82.9676
SVW0610-4P-BK;7;41.4838;290.3866
SVW0607-4P-EB;1;33.62;33.62
SVW0607-4P-BK;6;33.62;201.72
STY0015-4P-EB;1;33.6282;33.6282
STY0015-4P-YE;1;33.6282;33.6282
STY0015-4P-BK;3;33.6282;100.8846
SSU0500-4P-RD;1;41.48544;41.48544
SSU0500-4P-YE;1;41.48544;41.48544
SSU0500-4P-BK;2;41.48544;82.97088
SFD1012-4P-EB;2;41.4838;82.9676
SFD1012-4P-RD;1;41.4838;41.4838
SFD1012-4P-BK;1;41.4838;41.4838
SVA1300-6P-RD;1;65.68856;65.68856
SVA1300-6P-EB;2;65.68856;131.37712
SVA1300-6P-BK;1;65.68856;65.68856
SVA1350-4P-YE;1;50.2824;50.2824
SVA1350-4P-EB;1;50.2824;50.2824
SVA1350-4P-BK;2;50.2824;100.5648
SFD1300-4P-RD;2;33.62656;67.25312
SFD1300-4P-EB;2;33.62656;67.25312
SFD1300-4P-BK;3;33.62656;100.87968
SFT0658-6P-RD;2;50.28568;100.57136
SFT0658-6P-YE;2;50.28568;100.57136
SFT0658-6P-BK;4;50.28568;201.14272
SRN0616-4P-YE;1;33.62;33.62
SRN0616-4P-RD;1;33.62;33.62
SRN0616-4P-EB;1;33.62;33.62
SRN0616-4P-BK;2;33.62;67.24
SRN0405-4P-EB;1;33.62656;33.62656
SRN0405-4P-BK;2;33.62656;67.25312
SBW0261-4P-YE;2;41.48544;82.97088
SBW0261-4P-EB;1;41.48544;41.48544
SBW0261-4P-RD;2;41.48544;82.97088
SBW0261-4P-BK;3;41.48544;124.45632
SNN0801-6P-RD;2;75.4318;150.8636
SNN0801-6P-BK;2;75.4318;150.8636
SNN0920-6P-RD;2;83.3612;166.7224
SNN0920-6P-EB;3;83.3612;250.0836
SNN0920-6P-BK;2;83.3612;166.7224
SHD0380-4P-RD;2;41.4838;82.9676
SHD0380-4P-BK;2;41.4838;82.9676
AC-MK5-FU-BL;22;21.402;470.844
AC-MK5-FU-RD;28;21.402;599.256
SHD0397-4C-BK;1;60.9752;60.9752
SHD0397-4C-RD;1;60.9752;60.9752
SHD0390-6C-YE;2;104.9846;209.9692
SHD0390-6C-RD;1;104.9846;104.9846
SHD0394-6C-RD;2;104.96;209.92
SHD0394-6C-EB;1;104.96;104.96
SHD0394-6C-BK;1;104.96;104.96
SBW1171-4P-YE;3;41.4838;124.4514
SBW1171-4P-EB;2;41.4838;82.9676
SBW1171-4P-RD;4;41.4838;165.9352
SBW1171-4P-BK;8;41.4838;331.8704
SPGS022;1;311.8952;311.8952
SNN0203-4P-RD;2;28.1998;56.3996
SNN0203-4P-BK;3;28.1998;84.5994
SHD1010-4P-RD;1;41.4838;41.4838
SHD1010-4P-BK;2;41.4838;82.9676
SHD0012-4P-RD;1;41.4838;41.4838
SHD0012-4P-BK;6;41.4838;248.9028
SMT0710-4P-RD;1;41.4838;41.4838
SMT0710-4P-BK;2;41.4838;82.9676
SSK1140-4P-YE;1;28.1998;28.1998
SSK1140-4P-BK;3;28.1998;84.5994
SSK1140-4P-EB;2;28.1998;56.3996
SSK1140-4P-RD;2;28.1998;56.3996
SFD067;2;317.6188;635.2376
SSK0502-4P-RD;1;41.4838;41.4838
SSK0502-4P-BK;2;41.4838;82.9676
SAU0431-4P-RD;2;33.62;67.24
SAU0431-4P-EB;1;33.62;33.62
SAU0431-4P-YE;1;33.62;33.62
SAU0431-4P-BK;2;33.62;67.24
SRN025S;1;253.6342;253.6342
SRN025;2;241.5474;483.0948
SRNS025S;1;231.6828;231.6828
SRNS025;2;220.6538;441.3076
SVW0620-4P-RD;1;33.62;33.62
SVW0620-4P-EB;1;33.62;33.62
SVW0620-4P-YE;3;33.62;100.86
SVW0620-4P-BK;3;33.62;100.86
SVW1090-4P-YE;2;33.62;67.24
SVW1090-4P-EB;1;33.62;33.62
SVW1090-4P-RD;2;33.62;67.24
SVW1090-4P-BK;2;33.62;67.24
SVW0608-4P-YE;2;41.4838;82.9676
SVW0608-4P-EB;1;41.4838;41.4838
SVW0608-4P-RD;1;41.4838;41.4838
SVW0608-4P-BK;4;41.4838;165.9352
SSE0428-4P-YE;1;33.62656;33.62656
SSE0428-4P-RD;2;33.62656;67.25312
SSE0428-4P-EB;2;33.62656;67.25312
SSE0428-4P-BK;6;33.62656;201.75936
SNN0940-6P-RD;3;75.4318;226.2954
SNN0940-6P-BK;2;75.4318;150.8636
SVWS038;1;357.9874;357.9874
PRK-138-OVAL;2;144.25088466;288.50176932
PRK-138-RECT;2;144.25088466;288.50176932
VWR12G7R601;9;230.34913888;2073.14224992
VWR12G7R600;2;174.6723328;349.3446656
JSK-140-RD;3;145.69349098;437.08047294
JSK-140-BK;1;145.69349098;145.69349098
JSK-140-BL;2;145.69349098;291.38698196
SVW0705-4P-RD;2;41.4838;82.9676
SVW0705-4P-EB;1;41.4838;41.4838
SVW0705-4P-BK;1;41.4838;41.4838
SSE0250-4P-BK;2;41.47888;82.95776
SSE0250-4P-RD;3;41.47888;124.43664
SAU0630-4P-RD;2;41.4838;82.9676
SAU0630-4P-BK;9;41.4838;373.3542
FMINDDS3-RED;2;84.06106016;168.12212032
FMINDDS3-BLU;3;84.06106016;252.18318048
SBW1175-4P-BK;3;33.62656;100.87968
SBW1175-4P-RD;1;33.62656;33.62656
SBW1110-4P-RD;2;41.4838;82.9676
SBW1110-4P-BK;5;41.4838;207.419
SBW0901-4P-RD;1;33.62656;33.62656
SBW0901-4P-BK;2;33.62656;67.25312
SBW0901-4P-EB;1;33.62656;33.62656
SBW1162-4P-RD;1;41.48544;41.48544
SBW1162-4P-EB;2;41.48544;82.97088
SBW1162-4P-BK;9;41.48544;373.36896
STY1005-4P-EB;1;41.48544;41.48544
STY1005-4P-BK;4;41.48544;165.94176
SAU0496-4P-RD;2;41.48544;82.97088
SAU0496-4P-BK;3;41.48544;124.45632
SAU0631-4C-RD;2;51.8568;103.7136
SAU0631-4C-YE;1;51.8568;51.8568
SAU0631-4C-EB;3;51.8568;155.5704
SAU0631-4C-BK;2;51.8568;103.7136
SAU0651-4P-RD;1;33.62656;33.62656
SAU0651-4P-YE;1;33.62656;33.62656
SAU0703-4P-EB;1;41.4838;41.4838
SAU0703-4P-RD;1;41.4838;41.4838
SAU0703-4P-BK;2;41.4838;82.9676
SAU0755-4P-EB;2;41.4838;82.9676
SAU0755-4P-BK;2;41.4838;82.9676
SAU0785-4P-RD;1;28.1998;28.1998
SAU0785-4P-YE;1;28.1998;28.1998
SAU0785-4P-BK;1;28.1998;28.1998
SAU0780-4P-YE;1;41.4838;41.4838
SAU0780-4P-RD;2;41.4838;82.9676
SAU0780-4P-EB;1;41.4838;41.4838
SAU0780-4P-BK;3;41.4838;124.4514
STAB99FST3;1;294.25269992;294.25269992
STAB99FST3.5;2;294.25269992;588.50539984
SAU0900-4C-YE;1;51.8568;51.8568
SAU0900-4C-EB;1;51.8568;51.8568
SAU0900-4C-RD;2;51.8568;103.7136
SAU0900-4C-BK;2;51.8568;103.7136
SBW0900-6P-EB;1;49.8478;49.8478
SBW0900-6P-YE;1;49.8478;49.8478
SBW0900-6P-RD;1;49.8478;49.8478
SBW0900-6P-BK;1;49.8478;49.8478
SBW0500-4P-RD;1;33.62656;33.62656
SBW0500-4P-BK;1;33.62656;33.62656
SBW1010-6P-EB;1;50.28568;50.28568
SBW1010-6P-YE;3;50.28568;150.85704
SBW1010-6P-RD;2;50.28568;100.57136
SBW1010-6P-BK;2;50.28568;100.57136
SVW0706-4P-BK;2;41.4838;82.9676
SVW0706-4P-RD;2;41.4838;82.9676
SSU8003-4P-EB;1;41.48544;41.48544
SSU8003-4P-RD;1;41.48544;41.48544
SSU8003-4P-BK;5;41.48544;207.4272
SRN0610-4P-EB;1;33.1198;33.1198
SRN0610-4P-RD;2;33.1198;66.2396
SRN0610-4P-BK;1;33.1198;33.1198
SAU0495-4P-YE;1;33.62;33.62
SAU0490-4P-RD;1;33.62;33.62
SAU0490-4P-BK;3;33.62;100.86
SAU0601-4P-YE;1;41.4838;41.4838
SAU0601-4P-RD;1;41.4838;41.4838
SAU0601-4P-BK;5;41.4838;207.419
SAU0432-4P-YE;1;41.4838;41.4838
SAU0432-4P-BK;2;41.4838;82.9676
SAU0432-4P-RD;1;41.4838;41.4838
SAU0433-4P-EB;2;33.6282;67.2564
SAU0433-4P-BK;4;33.6282;134.5128
SAU0433-4P-RD;2;33.6282;67.2564
SAU0433-4P-YE;1;33.6282;33.6282
FMINDMK7F-PLE;7;60.1898245;421.3287715
FMINDMK7F-FOA;1;58.70822882;58.70822882
SAU0485-4P-BK;1;33.1198;33.1198
SAU0485-4P-RD;1;33.1198;33.1198
SAU1558-4P-BK;5;26.896;134.48
SAU1558-4P-RD;2;26.896;53.792
VWR420001;4;117.1630268;468.6521072
VWR420000;5;117.1630268;585.815134
SVW1070-4P-BK;3;33.62656;100.87968
SVW1070-4P-RD;1;33.62656;33.62656
SBW1176-4P-YE;1;41.4838;41.4838
SBW1176-4P-RD;1;41.4838;41.4838
SBW1176-4P-BK;9;41.4838;373.3542
SBW0502-4C-YE;1;51.8568;51.8568
SBW0502-4C-RD;1;51.8568;51.8568
SBW0502-4C-EB;1;51.8568;51.8568
SBW0502-4C-BK;1;51.8568;51.8568
SHD1001-4P-RD;1;28.1998;28.1998
SHD1001-4P-BK;3;28.1998;84.5994
SVW0770-4P-YE;3;28.1998;84.5994
SVW0770-4P-BK;2;28.1998;56.3996
SVW0770-4P-EB;2;28.1998;56.3996
SVW0603-6P-BK;2;50.38408;100.76816
SVW0603-6P-RD;1;50.38408;50.38408
SRN0481-4C-BK;2;44.3128;88.6256
SRN0481-4C-RD;1;44.3128;44.3128
SRN0615-4P-EB;1;33.1198;33.1198
SRN0615-4P-RD;2;33.1198;66.2396
SRN0615-4P-BK;2;33.1198;66.2396
CTS-FPK-005-980;1;439.1018;439.1018
CTS-FPK-005-1300;2;439.1018;878.2036
17U-00-0550-5;3;215.3894;646.1682
17U-00-0650-5;5;217.4804;1087.402
17U-00-0750-5;7;38.54;269.78
17U-00-1000-5;6;234.5774;1407.4644
42M-02-1000-4;2;172.2082;344.4164
22S-00-0350-4;2;167.4112;334.8224
22S-00-0450-4;1;167.4112;167.4112
42M-01-0550-4;1;153.0284;153.0284
42M-01-1000-4;2;172.2082;344.4164
01J-00-0550-4;2;210.5924;421.1848
01J-00-0740-4;2;222.1134;444.2268
17U-06-1000-6;2;296.9384;593.8768
16MX-06-1200-6;1;383.2844;383.2844
18U-08-1000-4;2;210.5924;421.1848
16S-03-2200-4;1;402.4724;402.4724
17U-01-1000-4;6;223.327;1339.962
17U-01-0440-4;6;153.0284;918.1704
17U-01-0550-4;5;153.0284;765.142
17U-01-0650-4;4;207.337;829.348
17U-01-0750-4;4;212.667;850.668
17U-07-0650-4;1;186.5992;186.5992
17U-07-0750-4;3;41;123
17U-07-1000-4;3;215.3894;646.1682
16MX-07-1200-4;1;147.6;147.6
16M-07-1500-4;1;401.8;401.8
6-102-1000;3;279.169;837.507
6-102-1200;1;139.4;139.4
6-102-0750;2;319.267;638.534
SVW1070-4P-EB;1;33.62656;33.62656
SVW1070-4P-YE;2;33.62656;67.25312
FMKC023-BLA;3;92.73619276;278.20857828
FMKC023-PER;2;92.73619276;185.47238552
FMKC023-RED;2;92.73619276;185.47238552
FMKCMEG-BLU;1;179.41928738;179.41928738
SAU0485-4P-EB;1;33.1198;33.1198
SHYS102;2;540.749;1081.498
SHYP102;5;141.5894;707.947
SHYSP102;15;79.0562;1185.843
SVWS061;2;300.7842;601.5684
SMBS006;2;286.2866;572.5732
FMACF500;6;91.3813125;548.287875
FMACF14;2;91.3813125;182.762625
MMHOSE-CTR-17RD;1;16.4;16.4
MMHOSE-CTR-17BL;2;51.865;103.73
MMHOSE-CTR-17BK;1;51.865;51.865
SRN0630-6P-RD;1;50.28568;50.28568
SRN0630-6P-YE;1;50.28568;50.28568
SRN0635-6P-BK;4;50.28568;201.14272
SRN0635-6P-RD;2;50.28568;100.57136
SRN0635-6P-YE;1;50.28568;50.28568
TTE777;1;2582.5162;2582.5162
FMINLH9-TTE777/TTE855-LHD;2;135.67322546;271.34645092
F2177P+F2179P;5;297.0614;1485.307
F2178P+F2180P;3;297.0614;891.1842
F1555P+F1557P-30;1;533.8364;533.8364
F1554P+F1556P-30;1;533.8364;533.8364
F1555P+F1557P-20;2;355.8964;711.7928
F1554P+F1556P-20;2;355.8964;711.7928
F6292+F6294;1;164.3116;164.3116
F2366P+F2368P-24;1;445.588;445.588
F6017+F6019-24;2;254.3476;508.6952
F6018+F6020;2;254.3476;508.6952
F1514P+F1520P;1;285.811;285.811
F1519P+F1524P;1;285.811;285.811
F2358P+2359P;1;287.9348;287.9348
SH-4-BK;2;1.5416;3.0832
ALP.07.05.0003-2;1;614.9672;614.9672
ATINTFT1;2;371.79278962;743.58557924
ATINTFT1-RD;2;371.79278962;743.58557924
F1932P+F1931P;1;165.8696;165.8696
F5509-F5511;3;115.7758;347.3274
F5508-F5510;2;115.7758;231.5516
F2234P+F2236P;2;431.9104;863.8208
F2235P+F2237P;1;431.9104;431.9104
SBMS081;1;806.7898;806.7898
SBMS081CF;1;975.144;975.144
MMOC-CTR-17TBK;1;286.88561;286.88561
MMOC-CTR-17TSL;3;286.88561;860.65683
AC-WS-NI-15;59;10.5124;620.2316
AC-WS-NI-20;71;4.1;291.1
AC-WS-HN-20;85;4.1;348.5
AC-WS-HN-15;65;10.5124;683.306
AC-WS-SB-15;94;4.92;462.48
AC-WS-SU-15;93;9.594;892.242
F2419P+F2417P;3;371.3206;1113.9618
F2420P+F2418P;2;371.3206;742.6412
F5502+F5500;1;97.0634;97.0634
MMRAD-E90-07;7;213.774;1496.418
FMINLH11-RED;1;67.24689866;67.24689866
FMINLH11-BLU;2;67.24689866;134.49379732
FMINLH11-BLA;2;67.24689866;134.49379732
AC-WS-5;143;5.6088;802.0584
AC-WS-12;45;10.0204;450.918
AC-WS-15;1;11.0536;11.0536
AC-WS-12-BT;6;12.6034;75.6204
AC-WS-AU-10-BT;6;9.6678;58.0068
AC-WS-AU-15;11;9.6678;106.3458
AC-WS-AU-12;21;9.6678;203.0238
AC-WS-AU-10;10;9.6678;96.678
SVW055D;1;646.0206;646.0206
SVWS055D;2;603.7332;1207.4664
ESR521-BK;2;127.1164;254.2328
SES2300ICPWB;2;164.1968;328.3936
SES2300ICPWR;2;164.1968;328.3936
SP2300WB;2;117.3174;234.6348
SP2300WR;3;117.3174;351.9522
MMRC-13-SMCF;1;12.5706;12.5706
20FI33001X-Y;2;705.4214;1410.8428
20CI33002X-RD;1;602.126;602.126
MS100204;133;23.7964;3164.9212
"THE-B5 022 05";2;16.4;32.8
"THE-B5 007 01";2;20.992;41.984
SSE0426-4P-BK;5;33.62;168.1
SSE0426-4P-RD;2;33.62;67.24
SSE0426-4P-EB;4;33.62;134.48
SSE0426-4P-YE;1;33.62;33.62
SSE0427-4P-BK;4;41.4838;165.9352
SSE0427-4P-RD;1;41.4838;41.4838
SSE0427-4P-EB;2;41.4838;82.9676
SSE0427-4P-YE;4;41.4838;165.9352
SSE0420-4P-YE;1;41.4838;41.4838
SSE0420-4P-EB;2;41.4838;82.9676
SSE0420-4P-BK;1;41.4838;41.4838
SR-225-BK-ECU;5;155.40184162;777.0092081
SR-225-RD-ECU;1;155.40184162;155.40184162
ARAB65CRS200;8;138.37323864;1106.98590912
RAB65CRS200;2;273.7053072;547.4106144
FMKT029-BLA;3;83.71015592;251.13046776
FMKT029-RED;3;83.71015592;251.13046776
L3P3S7SX;3;166.5092;499.5276
LAP3S7SX;2;110.864;221.728
L3P3S8SX;2;166.5092;333.0184
LAP3S8SX;2;110.864;221.728
LAP3BF3W;3;123.7052;371.1156
LAP3BF3X;4;123.7052;494.8208
L3P3BF3W;4;166.5092;666.0368
L3P3BF3X;2;166.5092;333.0184
LAP3BF2W;3;123.7052;371.1156
LAP3BF2X;3;123.7052;371.1156
L3P3BF2W;3;166.5092;499.5276
L3P3BF2X;7;166.5092;1165.5644
SFD0122-4P-RD;2;50.28568;100.57136
SFD0122-4P-EB;2;50.28568;100.57136
SFD0122-4P-BK;3;50.28568;150.85704
SFD0122-4P-YE;1;50.28568;50.28568
SR-232-RD;2;71.28229742;142.56459484
SR-232-BL;2;71.28229742;142.56459484
SR-232-BK;3;71.28229742;213.84689226
SSE0404-4P-BK;2;33.62;67.24
SSE0404-4P-YE;1;33.62;33.62
SSE0404-4P-EB;1;33.62;33.62
SSE0404-4P-RD;1;33.62;33.62
R10-10-1;3;36.9;110.7
R10-10-2;6;41;246
MMSK-XT-3;1;17.589;17.589
MMSK-XT-6;2;28.413;56.826
353849;4;352.518;1410.072
353850;7;352.518;2467.626
353851;1;352.518;352.518
"THE-B5 004 K04";1;459.2;459.2
315366;2;368.1882;736.3764
315367;2;368.1882;736.3764
353840;3;376.0192;1128.0576
353841;1;376.0192;376.0192
353839;2;376.0192;752.0384
337966;2;470.0322;940.0644
337967;4;470.0322;1880.1288
314326;1;630.7686;630.7686
314323;1;630.7686;630.7686
314324;1;630.7686;630.7686
314325;1;630.7686;630.7686
SVWS064D;2;391.3983;782.7966
SVW064D;1;422.136;422.136
302299;1;355.1338;355.1338
302300;1;355.1338;355.1338
302301;1;355.1338;355.1338
315114;1;384.2192;384.2192
363325;3;380.8408;1142.5224
363326;1;380.8408;380.8408
363327;1;380.8408;380.8408
LAP3BF1X;2;137.4484;274.8968
AP3BF1XW;1;137.4484;137.4484
L3P3BF1X;2;185.0494;370.0988
3P3BF1XW;1;185.0494;185.0494
ATINTP&C4;4;105.34925072;421.39700288
ATINTP&C4-RD;2;105.34925072;210.69850144
"TTE350+ IS12";1;1036.5784;1036.5784
F2370P+F2374P;2;296.5612;593.1224
F2371P+F2375P;1;296.5612;296.5612
284779;7;352.518;2467.626
284780;6;352.518;2115.108
284781;2;352.518;705.036
STY0014-4P-BK;11;41.4838;456.3218
STY0014-4P-YE;1;41.4838;41.4838
STY0014-4P-RD;3;41.4838;124.4514
MMRT-E36-92EBK;3;58.4906;175.4718
MMRT-E36-92E;2;58.4906;116.9812
FMGK1-BLA;2;56.18366776;112.36733552
FMGK1-RED;1;56.18366776;56.18366776
FMGK1-ALI;2;56.18366776;112.36733552
FMINDF500-BLA-PLE;2;171.49469996;342.98939992
FMINDF500-BLU-PLE;1;171.49469996;171.49469996
FMINDF500-RED-PLE;2;171.49469996;342.98939992
337924;2;372.7228;745.4456
337925;1;372.7228;372.7228
279946;1;553.5902;553.5902
279947;1;553.5902;553.5902
279948;3;553.5902;1660.7706
ATIKVAG19;2;149.45596422;298.91192844
ATIKVAG19-BL;3;149.45596422;448.36789266
ATIKVAG19-RD;7;149.45596422;1046.19174954
TY17;1;575.20028074;575.20028074
TY18;2;562.57747544;1125.15495088
L3P3FFO3;1;166.5092;166.5092
LAP3FFO3;3;115.1444;345.4332
F2290P+F2291P+F2294P+F2295P;1;411.0086;411.0086
MMOC-MIA-16TBK;1;316.8234;316.8234
MMOC-MIA-16T;1;316.8234;316.8234
242880;4;368.1882;1472.7528
242881;1;368.1882;368.1882
242882;4;368.1882;1472.7528
314437;1;372.7228;372.7228
314438;1;372.7228;372.7228
FMDV32A-POL;1;131.48186926;131.48186926
FMDV32R-POL;1;122.77749464;122.77749464
EVE-FK2V2-KV-LHD-INT;2;594.828;1189.656
F1550P+F1552P;1;387.5402;387.5402
F1551P+F1553P;1;387.5402;387.5402
300490;2;384.2192;768.4384
SVW1400-4P-BK;2;33.62656;67.25312
SVW1400-4P-RD;2;33.62656;67.25312
SBMS076;3;445.6208;1336.8624
VWR12G60RFO;9;57.23638048;515.12742432
VWR12G60RFOC;3;68.49455818;205.48367454
369549C;1;571.2612;571.2612
186235;1;571.2612;571.2612
186236;1;571.2612;571.2612
ARMAMINF56-A;1;402.21;402.21
ARMAMINF56-A-R;1;402.21;402.21
338094;3;564.037;1692.111
338095;2;564.037;1128.074
FMDV33A-ALL;2;139.91331836;279.82663672
SMZ009;2;292.699;585.398
SMZS009;1;283.6544;283.6544
MBL.321R35G;2;1.2119960636;2.4239921272
MBL.321B35G11;1;1.3046889866;1.3046889866
L3P3VGR6;3;166.5092;499.5276
LAP3VGR6;3;110.864;332.592
F2395P+F2397P;1;297.0614;297.0614
F2394P+F2396P;1;297.0614;297.0614
F1452P+F1454P;1;245.549;245.549
F1825P+F1826P;1;245.549;245.549
SP3089WB;1;137.3664;137.3664
WKE259M77;2;311.026;622.052
WKE259M775;4;311.026;1244.104
AC-MK45-RU-RD;34;16.974;577.116
AC-MK45-RU-BK;3;16.974;50.922
SBM083CF;1;440.9878;440.9878
SBM083;1;429.1798;429.1798
SAUS088;1;826.15;826.15
TS-0601-3102;2;81.7786;163.5572
TS-0601-3142;2;81.7786;163.5572
VWR8130S3-SEDAN;5;235.48598706;1177.4299353
VWR8130S3;3;235.48598706;706.45796118
338097;2;775.966;1551.932
STYS009CF;2;460.2004;920.4008
STYS009;1;428.9748;428.9748
STY009;1;451.5986;451.5986
ATINTFT3/AUTO;2;371.79278962;743.58557924
ATINTFT3-BL;1;371.79278962;371.79278962
ATINTFT3-RD;2;371.79278962;743.58557924
SBW1170-4P-YE;1;41.4838;41.4838
SBW1170-4P-EB;2;41.4838;82.9676
SBW1170-4P-RD;2;41.4838;82.9676
SBW1170-4P-BK;1;41.4838;41.4838
SVWS065CF;1;885.1572;885.1572
SVWS066;1;615.9594;615.9594
TS-0615-2242;1;174.2336;174.2336
TS-0615-2192;2;174.2336;348.4672
SAUS093;1;812.046;812.046
MMICP-SUP-20BK;2;162.0812;324.1624
MMICP-SUP-20RD;1;162.0812;162.0812
SMNC010;9;145.8452;1312.6068
SMNC018;2;156.1772;312.3544
WKE146M875;2;398.0772;796.1544
FMCTDS3-BK;1;247.18279506;247.18279506
FMCTDS3-BL;1;247.18279506;247.18279506
TFSI3xx-bk;88;0.82;72.16
TFSI3xx-rd;90;0.82;73.8
TFSI3xx-wh;87;0.82;71.34
SVW0707-4P-RD;2;41.4838;82.9676
SVW0707-4P-BK;6;41.4838;248.9028
SME0460-4P-RD;2;41.4838;82.9676
SME0460-4P-BK;4;41.4838;165.9352
SFD0256-4P-BK;1;42.2956;42.2956
SFD0256-4P-RD;1;42.2956;42.2956
SFD0255-4P-BK;2;42.2956;84.5912
SFD0255-4P-RD;1;42.2956;42.2956
VWR650000-BLK;1;2135.71042538;2135.71042538
VWR650000-RED;2;2135.71042538;4271.42085076
VWR650000-YEL;1;2135.71042538;2135.71042538
VWR494101;2;108.16623198;216.33246396
VWR494100;3;108.16623198;324.49869594
MMFW-SM-6BK;5;6.478;32.39
MMFW-SM-6BL;5;6.478;32.39
MMFW-SM-6GM;3;6.478;19.434
MMFW-SM-6RD;15;6.478;97.17
MMFW-LG-6BK;3;6.478;19.434
MMFW-LG-6GM;8;6.478;51.824
MMFW-LG-6RD;4;6.478;25.912
MMHXF-04-4-BK;5;7.8228;39.114
MMHXF-04-4-BL;5;7.8228;39.114
MMHXF-04-4-RD;6;7.8228;46.9368
MMHXF-06-4-BK;7;7.8228;54.7596
MMHXF-06-4-BL;9;7.8228;70.4052
MMHXF-06-4-RD;9;7.8228;70.4052
MMHXF-08-4-BK;6;7.8228;46.9368
MMHXF-08-4-BL;3;7.8228;23.4684
MMHXF-08-4-RD;6;7.8228;46.9368
MMHXF-10-4-BK;8;7.8228;62.5824
MMHXF-10-4-BL;6;7.8228;46.9368
MMHXF-10-4-RD;5;7.8228;39.114
MMHXF-12-4-BK;4;10.578;42.312
MMHXF-12-4-BL;4;10.578;42.312
MMHXF-12-4-RD;2;10.578;21.156
FMTIA4-BLU;3;92.73619276;278.20857828
FMTIA4-RED;3;92.73619276;278.20857828
FMTIA4-BLA;3;92.73619276;278.20857828
SPE1050-4P-RD;2;33.6282;67.2564
SPE1050-4P-BK;2;33.6282;67.2564
SME0865-4P-YE;2;41.4838;82.9676
SME0865-4P-BK;3;41.4838;124.4514
SBW0510-4P-EB;2;41.4838;82.9676
SBW0510-4P-RD;2;41.4838;82.9676
SBW0510-4P-BK;2;41.4838;82.9676
SAU0531-4P-EB;1;50.2824;50.2824
SAU0531-4P-RD;2;50.2824;100.5648
SAU0528-4P-RD;2;28.1998;56.3996
SAU0528-4P-BK;1;28.1998;28.1998
TS-0601-2142;1;77.8836;77.8836
TS-0601-2182;2;77.8836;155.7672
TS-0601-2222;1;77.8836;77.8836
WKE150M79AP;3;320.2674;960.8022
WKE150M795AP;1;320.2674;320.2674
AC-500-VRH-BK;17;3.69;62.73
AC-500-VRH-BL;21;3.69;77.49
AC-500-VRH-RD;45;3.69;166.05
AC-200-TBH-BL;11;3.1734;34.9074
AC-200-TBH-RD;75;3.1734;238.005
AC-200-TBH-BK;5;3.1734;15.867
L3P3VGR7;2;166.5092;333.0184
LAP3VGR7;2;110.864;221.728
MS100208;36;15.8588;570.9168
MS100210;155;15.8588;2458.114
SSE0432-4P-BK;3;50.2824;150.8472
SSE0432-4P-RD;1;50.2824;50.2824
SSE0432-4P-YE;1;50.2824;50.2824
SSE0433-4P-BK;9;41.4838;373.3542
SSE0433-4P-EB;2;41.4838;82.9676
SSE0433-4P-RD;4;41.4838;165.9352
SSE0433-4P-YE;1;41.4838;41.4838
SBW1178-4P-EB;1;41.48544;41.48544
VWR800001;23;5.24406892;120.61358516
VWR800000;8;5.24406892;41.95255136
SP-201;43;11.152;479.536
SP-204;37;11.152;412.624
1050.48.14.R35.6;2;385.728;771.456
1300.48.14.R35.6;1;774.9;774.9
L3P3HC10;3;166.5092;499.5276
LAP3HC10;3;115.1444;345.4332
VW127;2;560.47205;1120.9441
MagnyStick-BK;99;0.82;81.18
MagnyStick-RD;100;0.82;82
MagnyStick-W;98;0.82;80.36
MonaStick-BK;98;0.82;80.36
MonaStick-RD;100;0.82;82
MonaStick-W;99;0.82;81.18
SpaStick-BK;96;0.82;78.72
SpaStick-RD;98;0.82;80.36
SpaStick-W;97;0.82;79.54
MonzStick-BK;100;0.82;82
MonzStick-RD;99;0.82;81.18
MonzStick-W;100;0.82;82
CatalStick-BK;97;0.82;79.54
CatalStick-RD;98;0.82;80.36
CatalStick-W;100;0.82;82
LeMansStick-BK;99;0.82;81.18
LeMansStick-RD;98;0.82;80.36
LeMansStick-W;96;0.82;78.72
SilvStick-BK;100;0.82;82
SilvStick-RD;100;0.82;82
SilvStick-W;100;0.82;82
EstoStick-BK;98;0.82;80.36
EstoStick-RD;98;0.82;80.36
EstoStick-W;96;0.82;78.72
NurbStick-W-BK;75;0.82;61.5
NurbStick-RD;84;0.82;68.88
NurbStick-W;83;0.82;68.06
VWR652002-BLK;3;1126.14917956;3378.44753868
VWR652002-RED;3;1126.14917956;3378.44753868
VWR1200R601E;80;259.99079982;20799.2639856
VWR1200R600E;107;186.52509824;19958.18551168
TTE855;3;2616.5216;7849.5648
TTE710;1;1928.927;1928.927
ACCLAMPHX32-50;458;0.6232;285.4256
ACCLAMPHX12-22;358;0.3772;135.0376
ACCLAMPHX10-16;301;0.246;74.046
ACCLAMPHX16-25;169;0.4756;80.3764
ACCLAMPHX23-35;157;0.5658;88.8306
ACCLAMPHX30-45;113;0.5658;63.9354
ACCLAMPHX40-60;122;0.6642;81.0324
ACCLAMPHX45-65;114;0.7052;80.3928
ACCLAMPHX50-70;140;0.7052;98.728
ACCLAMPHX60-80;98;0.738;72.324
ACCLAMPHX80-100;75;0.8446;63.345
ACCLAMPHX90-110;48;0.9922;47.6256
FMINDK28RC;3;51.10530362;153.31591086
FMINDK28RF;2;50.6374313;101.2748626
AC-S1-CH-BK;13;50.184;652.392
AC-S1-CH-RD;11;50.184;552.024
AC-VR6-CH-BK;7;52.07;364.49
AC-VR6-CH-RD;8;52.07;416.56
AC-N14-IND-BK;20;18.1876;363.752
AC-N14-IND-RD;23;18.1876;418.3148
AC-N14-IND-BL;25;18.1876;454.69
AC-MK7-THK-BK;55;18.45;1014.75
AC-MK7-THK-BL;45;18.45;830.25
AC-MK7-THK-RD;37;18.45;682.65
SVW0621-4P-BK;1;33.62;33.62
SVW0621-4P-EB;1;33.62;33.62
SVW0621-4P-YE;1;33.62;33.62
SVW0622-4P-BK;5;33.62;168.1
SVW0622-4P-RD;2;33.62;67.24
SVW0622-4P-YE;2;33.62;67.24
PH/INDFO22;3;41.16301682;123.48905046
PH/INDFO22-BL;4;41.16301682;164.65206728
PH/INDFO22-RD;3;41.16301682;123.48905046
SSE0630-4P-RD;1;33.62;33.62
AC-500-CH-BL;11;14.391;158.301
AC-500-CH-BK;19;14.391;273.429
AC-500-CH-RD;40;14.391;575.64
AC-500-AH-BL;12;16.441;197.292
AC-500-AH-BK;22;16.441;361.702
AC-500-AH-RD;43;16.441;706.963
AC-500-THK-BL;13;10.2008;132.6104
AC-500-THK-BK;24;10.2008;244.8192
AC-500-THK-RD;44;10.2008;448.8352
371720;1;553.5902;553.5902
RIP-010-BL;7;36.76696648;257.36876536
RIP-010-RD;5;36.76696648;183.8348324
RIP-010-BK;1;36.76696648;36.76696648
ECA1305WB;3;126.5014;379.5042
ECA1305WR;2;126.5014;253.0028
SP-888;13;9.7252;126.4276
SP-999;13;9.7252;126.4276
SP-820;23;6.8224;156.9152
SP-821;68;6.8224;463.9232
SP-823;17;6.8224;115.9808
SP-822;40;6.8224;272.896
SP-824;16;6.8224;109.1584
SP-733;8;8.774;70.192
SP-734;9;8.774;78.966
SP-732;3;8.774;26.322
SP-731;21;8.774;184.254
SP-736;5;8.774;43.87
SP-738;10;8.774;87.74
SP-124;38;8.979;341.202
SP-134;3;8.979;26.937
SP-760;2;8.979;17.958
SP-756;4;8.979;35.916
SP-121;95;8.979;853.005
SP-128;4;8.979;35.916
SP-130;8;8.979;71.832
SP-102;11;10.6682;117.3502
SP-998;13;10.6682;138.6866
SP-670;22;8.774;193.028
SP-671;14;8.774;122.836
SBM084;1;765.9456;765.9456
SAUX079;1;422.1524;422.1524
SAUX089;4;495.075;1980.3
VWR121000;3;181.86586972;545.59760916
VWR121001;1;181.86586972;181.86586972
SAU0436-4P-BK;3;33.62656;100.87968
SAU0436-4P-EB;1;33.6282;33.6282
SAU0436-4P-RD;4;33.62656;134.50624
SAU0436-4P-YE;1;33.62656;33.62656
MMAI-CTR-17URD;2;192.782;385.564
ARMGOLF8G-B;4;306.0486;1224.1944
ARMGOLF8G-A;2;199.26;398.52
SAUS091;1;501.4054;501.4054
SAUS090;1;756.901;756.901
AC-MK7-DI.A;11;6.642;73.062
AC-MK7-DI.B;35;6.642;232.47
8E0971824S-BL;333;4.1;1365.3
8E0971824S-RD;876;4.1;3591.6
EUPD4004901R;2;415.5104;831.0208
EUPD4004902R;1;415.5104;415.5104
AC-WS-BM-10-BT;11;10.2664;112.9304
AC-WS-BM-12-BT;69;11.1356;768.3564
AC-WS-BM-15-BT;68;12.2836;835.2848
AC-WS-BM-10;7;5.1332;35.9324
AC-WS-BM-12;16;5.5678;89.0848
AC-WS-BM-15;19;6.1418;116.6942
RBF600;67;6.0844;407.6548
RBF660;38;7.2816;276.7008
RBF700;10;8.692;86.92
15w50-2;26;17.5644;456.6744
15w50-5;4;42.6728;170.6912
CTS-HW-0420R-BK;1;359.7668;359.7668
CTS-HW-0420R-SL;4;359.7668;1439.0672
F2433P+F2434P;1;445.588;445.588
F2430P+F2431P;1;445.588;445.588
SVWS059;1;190.2728;190.2728
SVW059;1;219.186;219.186
107920;13;9.6596;125.5748
111049;12;2.2058;26.4696
D650-0010;219;17.1708;3760.4052
034-108-6007;3;68.1174;204.3522
TFSI3xx-bl;100;0.82;82
VWR12G6GTFO;2;57.23638048;114.47276096
VWR12G6GTFOC;2;71.60395964;143.20791928
10w60-2;12;15.498;185.976
10w60-5;21;42.6728;896.1288
ATIKFO31;1;312.11957414;312.11957414
BF30500;6;6.56;39.36
BF20500;76;2.911;221.236
E10-20-030-02-22;4;97.744;390.976
E10-20-030-03-22;3;97.744;293.232
VWR12P2GTG;7;326.41892192;2284.93245344
VWR12P2GTM;7;326.41892192;2284.93245344
FMTIA6-BLUE;2;105.19329328;210.38658656
FMTIA6-RED;1;105.19329328;105.19329328
FMTIA6-BLACK;2;105.19329328;210.38658656
VWR121003;2;181.86586972;363.73173944
BF410LV;42;0.0313019092;1.3146801864
RF328;27;0.0618530346;1.6700319342
SSTS016;1;519.5192;519.5192
L3P3TA90;3;170.7896;512.3688
LAP3TA90;3;142.2044;426.6132
L3P3SFR2;1;170.7896;170.7896
AC-MK3ST-SC-BK;1;51.66;51.66
AC-MK3ST-SC-BL;5;51.66;258.3
AC-MK3ST-SC-RD;5;51.66;258.3
FMINLH21-BLUE;4;39.60344242;158.41376968
FMINLH21-RED;1;39.60344242;39.60344242
FMINLH21-BLACK;2;39.60344242;79.20688484
S90-4-15-009;8;56.744;453.952
S90-4-20-013;9;63.304;569.736
S90-4-30-016;2;63.632;127.264
S90-4-20-010;4;65.6;262.4
S90-4-25-008;3;63.632;190.896
S90-4-30-003;2;69.208;138.416
S90-4-15-007;3;59.04;177.12
SVWS071CF;1;312.051;312.051
SVWS071;3;273.2076;819.6228
SVWS072;2;292.0184;584.0368
S90-2-10-004-B-BT;5;54.612;273.06
S90-2-12-002-B-BT;4;57.728;230.912
S90-2-15-001-B-BT;7;60.68;424.76
S90-2-10-004-B;2;42.312;84.624
S90-2-12-002-B;3;43.624;130.872
S90-2-15-001-B;4;46.576;186.304
S90-2-12-019-BT;3;47.1008;141.3024
S90-2-15-004-BT;1;49.7248;49.7248
S90-2-12-019;2;45.264;90.528
S90-2-15-020-BT;4;46.576;186.304
S90-7-20-012-BT;4;62.976;251.904
S90-2-10-021-BT;4;43.952;175.808
S90-2-15-020;1;48.544;48.544
S90-2-10-038-B-BT;5;40.672;203.36
S90-2-12-023-B-BT;3;55.432;166.296
S90-2-15-055-B-BT;3;60.844;182.532
S90-2-10-038-B;2;48.544;97.088
S90-2-12-023-B;7;45.264;316.848
S90-2-15-055-B;7;48.544;339.808
CTS-TR-1010-71;1;1295.1818;1295.1818
CTS-TR-1010-76;3;1391.1218;4173.3654
SBM090CF;1;898.884;898.884
SHYP106;1;124.312;124.312
SHYP107;4;72.324;289.296
SHY105;2;435.6332;871.2664
SHY106;3;320.5872;961.7616
SFDS106;1;207.6978;207.6978
SBM088;1;491.7622;491.7622
SME0950-4P-BK;1;28.1998;28.1998
EVE-AMGGT-CF-INT;3;1170.96;3512.88
EVE-AMGGT-CFM-INT;2;1170.96;2341.92
FMINLH20-BLACK;2;47.23560964;94.47121928
FMINLH20-RED;3;47.23560964;141.70682892
FMINLH20-BLUE;3;47.23560964;141.70682892
SAU0437-4P-RD;1;41.48544;41.48544
SAU0437-4P-BK;1;41.48544;41.48544
VWR650000-BLU;5;2135.71042538;10678.5521269
S90-7-20-044-B;6;72.488;434.928
S90-7-25-052-B;4;67.24;268.96
FMTIA9-RED;1;129.85406348;129.85406348
FMTIA9-BLUE;3;129.85406348;389.56219044
SDN125B-C;5;0.4246548678;2.123274339
SDN125R-C;4;0.4246548678;1.6986194712
SDN125Y-C;3;0.4246548678;1.2739646034
SDN150B-C;5;0.4246548678;2.123274339
SDN150R-C;3;0.4246548678;1.2739646034
SDN150Y-C;3;0.4246548678;1.2739646034
ECA1576WB;5;116.2104;581.052
ECA1578WB;4;127.9528;511.8112
SES1128ICPWB;4;148.0674;592.2696
SES1128ICPWR;4;148.0674;592.2696
SP3078WR;5;123.4838;617.419
4B1630H-25;1;19.9916;19.9916
4B1630H-STD;1;19.9916;19.9916
5M8174H-STD;8;40.2784;322.2272
5M5563H-STD;8;48.6506;389.2048
4B1609H-25;4;23.0092;92.0368
4B1609H-STD;25;23.0092;575.23
6B1584H-25;1;69.741;69.741
6B1584H-STD;29;69.741;2022.489
5M7788H-25;1;53.669;53.669
5M7788H-STD;3;53.669;161.007
4B7267H-STD;2;32.1932;64.3864
4B2960H-STD;1;28.7164;28.7164
5B5562H-STD;1;38.0562;38.0562
4B5562H-25;2;33.2756;66.5512
4B5562H-STD;10;33.2756;332.756
5B7880H-25;1;28.0604;28.0604
5B7880H-STD;7;28.0604;196.4228
"1750.34.14.14.5	";1;813.5712;813.5712
1300.34.14.14.5;1;637.3532;637.3532
"1050.34.14.14.5	";1;379.701;379.701
CTS-HW-0484-BK;2;313.6418;627.2836
CTS-HW-0484;3;313.6418;940.9254
FMGK2-RED-RED6;1;44.23342892;44.23342892
FMGK2-BLACK-BLACK6;2;44.23342892;88.46685784
PH/AUXYGR1;2;73.84584784;147.69169568
PH/AUXYGR1-RD;2;73.84584784;147.69169568
PH/COLGR1-RD;2;54.69232474;109.38464948
PH/COLGR1;3;54.69232474;164.07697422
5M1959H-STD;3;28.1588;84.4764
SSU0700-4P-EB;1;33.1198;33.1198
SSU0700-4P-RD;2;33.1198;66.2396
SSU0700-4P-BK;2;33.1198;66.2396
7M1397H-25;2;83.3612;166.7224
7M1397H-STD;11;83.3612;916.9732
5M5585H-STD;16;47.2074;755.3184
4M2633H-STD;2;28.6098;57.2196
L3P3VGT8;3;170.7896;512.3688
LAP3VGT8;3;127.9856;383.9568
L3P3VGR8;6;170.7896;1024.7376
LAP3VGR8;4;127.9856;511.9424
L3P3BG42;3;166.5092;499.5276
LAP3BG42;3;123.7052;371.1156
CTS-EA888.1-BOSS600;2;1498.1318;2996.2636
SPR1000-4P-RD;1;33.62;33.62
SPR1000-4P-BK;2;33.62;67.24
SAU0705-4P-RD;1;41.48544;41.48544
SAU0705-4P-BK;1;41.48544;41.48544
SAU0650-6P-RD;1;42.3038;42.3038
SAU0650-6P-BK;1;42.3038;42.3038
WKE365M79;3;368.139;1104.417
WKE365M795;1;368.139;368.139
SK-D13;3;11.89;35.67
4B1972H-STD;2;17.466;34.932
4B8171H-STD;4;27.634;110.536
8B1578H-25;1;89.9458;89.9458
8B1578H-STD;6;89.9458;539.6748
8B1580H-STD;3;85.403;256.209
7M1532H-STD;2;70.069;140.138
5M1633H-25;1;51.3156;51.3156
5M1633H-STD;2;51.3156;102.6312
6B2640H-25;1;33.5462;33.5462
4B1355H-STD;3;25.2314;75.6942
VWR1210R600EG;4;338.14497194;1352.57988776
VWR1210R600EM;3;352.39558302;1057.18674906
VWR1210R601EG;7;371.68556888;2601.79898216
VWR1210R601EM;3;388.39250964;1165.17752892
VWR800003;13;5.24406892;68.17289596
VWR800002;4;5.24406892;20.97627568
SP3000WR;4;171.4046;685.6184
SP3000WB;7;171.4046;1199.8322
15009-AK004;13;14.7184834;191.3402842
15009-AK005;8;14.7184834;117.7478672
SME0465-4P-BK;2;41.48544;82.97088
SME0465-4P-RD;1;41.48544;41.48544
16U-02-0450-4;1;158.9652;158.9652
2203-RN010;1;147.12634996;147.12634996
2203-RN009;1;147.12634996;147.12634996
41003-RM006;3;7.1642949;21.4928847
41003-RF002;2;9.41593044;18.83186088
4103-RN001;7;7.1642949;50.1500643
41003-AF006;1;9.41593044;9.41593044
41003-RN002;5;7.1642949;35.8214745
41003-AF007;1;24.3196133;24.3196133
17mx-12-0850-3;2;167.4112;334.8224
AC-CEL-FIX-S;52;11.439;594.828
AC-B9S-DPHS;17;136.53;2321.01
4B8351H-STD;1;19.9506;19.9506
4B8172H-STD;4;29.8234;119.2936
4B1146H-STD;1;20.2294;20.2294
4B8310H-STD;2;21.156;42.312
10B1580H-STD;2;102.0408;204.0816
6B1515H-STD;2;64.3618;128.7236
4B1236HX-STD;1;22.2958;22.2958
5M1913H-STD;1;28.1588;28.1588
5M8353H-STD;1;26.6418;26.6418
5M1237H-STD;2;40.5654;81.1308
5M1144H-STD;1;51.66205;51.66205
5M2964H-STD;2;33.9972;67.9944
VWR150004;6;53.8053168;322.8319008
VWR150003;9;53.8053168;484.2478512
52008-AK002;10;36.31858884;363.1858884
52008-AK003;48;32.28319008;1549.59312384
22002-AM012;1;144.82597772;144.82597772
22002-AM011;1;144.82597772;144.82597772
FMTIA11-RED;1;134.50354466;134.50354466
FMTIA11-PERFBLUE;3;134.50354466;403.51063398
FMKT033-BLACK;2;130.03926294;260.07852588
FMKT033-RED;2;130.03926294;260.07852588
W93452;4;65.23894662;260.95578648
W93453;3;65.23894662;195.71683986
MS100201;2;439.0854;878.1708
MS100205;1;450.467;450.467
MMHOSE-500T-12BK;2;143.6968;287.3936
AC-N55-DPHS;25;77.49;1937.25
AC-N55-DP;13;55.35;719.55
4M8533H-25;1;48.544;48.544
4M8533H-STD;4;48.544;194.176
3B8532H-25;1;32.4146;32.4146
3B8532H-STD;2;32.4146;64.8292
TTE600-N54-1x;1;1892.9946;1892.9946
TTE600-N54-3x;1;1892.9946;1892.9946
SBW0271-4P-RD;1;41.4838;41.4838
SBW0271-4P-Y;1;41.4838;41.4838
SBW0271-4P-BK;3;41.4838;124.4514
SBW0351-4P-RD;2;33.1198;66.2396
SBW0351-4P-BK;2;33.1198;66.2396
SBW0270-4P-RD;1;28.1998;28.1998
VWR640015;17;50.43273716;857.35653172
VWR640020;10;57.15840176;571.5840176
VWR640012;20;47.06990486;941.3980972
VWR640017;10;54.20495774;542.0495774
VWR640115;5;50.6374313;253.1871565
VWR640120;6;57.56779004;345.40674024
VWR640112;9;47.67423994;429.06815946
VWR640117;14;54.20495774;758.86940836
52003-AK002;6;22.9549857;137.7299142
52003-AK003;13;18.21777846;236.83111998
52001-AK124;12;18.58817738;223.05812856
52001-AK125;6;63.38695202;380.32171212
52001-AK133;5;63.38695202;316.9347601
52001-AK132;11;18.58817738;204.46995118
52001-AK126;12;18.58817738;223.05812856
52001-AK127;6;63.38695202;380.32171212
SP-187;11;8.979;98.769
SP-183;18;8.979;161.622
SP-181;11;8.979;98.769
SP-193;5;8.979;44.895
SP-189;20;8.979;179.58
S90-4-15-018;3;65.928;197.784
S90-4-20-024;4;62.648;250.592
AC-W205-DPHS;18;162.36;2922.48
AC-W205-DP;20;132.84;2656.8
AC-G8X-DPHS;18;158.67;2856.06
VWR90000;127;23.53007876;2988.32000252
VWR900001;247;23.53007876;5811.92945372
VWR900002;60;23.53007876;1411.8047256
FMBH7-BLACK;2;33.00449324;66.00898648
FMBH7-PERFORMANCEBLUE;2;33.00449324;66.00898648
FMBH7-RED;3;33.00449324;99.01347972
SBMS094;2;495.7884;991.5768
5M1295H-STD;1;50.512;50.512
AC-MK7R-DPHS;23;118.08;2715.84
AC-MK7R-DP;61;88.56;5402.16
825943;3;160.0968;480.2904
82594;7;160.0968;1120.6776
VWR030000-F3RSQ3OPF;1;418.9894099;418.9894099
SMB003;1;584.8322;584.8322
AC-B9RS-DPHS;10;173.43;1734.3
AC-C7RS-DPHS;25;136.53;3413.25
AC-C7RS-DP;13;107.01;1391.13
AC-A90-DPHS;10;88.56;885.6
AC-B58.2-DP;9;62.73;564.57
AC-B58.2-DPHS;10;88.56;885.6
AC-MK7-DPHS;21;88.56;1859.76
AC-MK7-DP;89;59.04;5254.56
AC-8V5RS-DPHS;24;184.5;4428
MS100197;2;5.1414;10.2828
MS100179;10;5.1414;51.414
MS100178;6;5.1414;30.8484
D757-0009;5;3.69;18.45
D757-0008;5;3.69;18.45
D757-0007;4;3.69;14.76
FMINLH25-RED;2;40.34424026;80.68848052
1050.60.11.D.4;1;281.916;281.916
1050.34.14.14.4;2;284.2366;568.4732
1050.48.14.14B.4;1;281.916;281.916
D660-0098-BLK;2;1033.1754;2066.3508
D660-0098;1;1033.1754;1033.1754
D660-0100-BLK;2;1180.7918;2361.5836
CI100052-A;12;51.6354;619.6248
CI100052-B;4;185.4348;741.7392
HX-N-00-R;2;863.46;1726.92
HK-FR-00;5;59.9666;299.833
HB-FR-00;1;59.9666;59.9666
WK651M86;1;293.9536;293.9536
WK651M865;1;293.9536;293.9536
L3P3F15B;2;166.5092;333.0184
LAP3F15B;1;123.7052;123.7052
SAUS112;1;642.593;642.593
SAUS097;1;584.2418;584.2418
SVWS053;1;378.3644;378.3644
SBW1180-4C-RD;1;51.8568;51.8568
SBW1180-4C-BK;2;51.8568;103.7136
SBW1180-4C-EB;1;51.8568;51.8568
CTS-FPK-004-450;13;191.1338;2484.7394
CTS-FPK-004-525;6;229.518;1377.108
9-201-1019;3;44.2472;132.7416
9-201s-1005;4;44.2472;176.9888
9-301s-1005;2;68.6012;137.2024
9-201-0848;3;44.2472;132.7416
9-201-0846;3;44.2472;132.7416
9-201-0791;4;44.2472;176.9888
9-301-0791;3;68.6012;205.8036
9-421-0791;2;76.7192;153.4384
9-201-0847;6;44.2472;265.4832
9-301-0847;3;68.6012;205.8036
9-421-0847;6;76.7192;460.3152
9-201-0836;5;44.2472;221.236
52001-AK061;10;10.19571764;101.9571764
9-301-0766;1;68.6012;68.6012
9-421-0766;1;76.7192;76.7192
9-201-0766;5;44.2472;221.236
9-201-1031;11;44.2472;486.7192
9-301-1031;3;68.6012;205.8036
9-421-1031;1;76.7192;76.7192
9-201-1020;3;44.2472;132.7416
9-301-1020;2;68.6012;137.2024
9-421-1020;1;76.7192;76.7192
9-201-1000;23;44.2472;1017.6856
9-301-1000;8;68.6012;548.8096
9-421-1000;8;76.7192;613.7536
9-201-1024;5;44.2472;221.236
9-301-1024;2;68.6012;137.2024
9-421-1024;2;76.7192;153.4384
9-652-1008;8;64.534;516.272
9-309-1008;15;76.7192;1150.788
9-651-1026;3;64.534;193.602
9-307-1026;5;76.7192;383.596
9-651-1017;10;64.534;645.34
9-307-1017;7;76.7192;537.0344
9-652-1000;9;64.534;580.806
9-309-1000;7;76.7192;537.0344
9-652-1006;8;64.534;516.272
S90-2-10-013-BT;4;54.5792;218.3168
S90-2-15-008-BT;4;60.4832;241.9328
S90-2-20-021-BT;4;64.0912;256.3648
S90-2-10-013;2;40.672;81.344
S90-2-15-008;2;46.576;93.152
S90-2-20-021;2;50.184;100.368
9-651-1009;5;64.534;322.67
9-355-1025;9;101.065;909.585
9-655-1025;39;80.7782;3150.3498
9-354-1025;5;101.065;505.325
9-654-1025;23;80.7782;1857.8986
9-651-1010;5;64.534;322.67
9-307-1010;7;76.7192;537.0344
20FO33019X-RD;1;643.2162;643.2162
"70 OP 11";1;273.8882;273.8882
"70 VS 13";1;273.8882;273.8882
"60 VS 13";1;205.0902;205.0902
"70 ME 01";2;293.4534;586.9068
"70 AV 13";3;273.8882;821.6646
"60 AV 13";4;182.45;729.8
"70 VS 12";2;250.8052;501.6104
"60 VS 12";1;195.4798;195.4798
"60 VS 18";1;244.4584;244.4584
PARTS240BL-E;12;0.1057450106;1.2689401272
PARTS240SI-E;8;0.1057450106;0.8459600848
D650-0004;110;14.9486;1644.346
D650-0003;169;14.9486;2526.3134
D650-0002;48;14.9486;717.5328
MMHE-G80-21AT;2;270.6;541.2
MMHE-G80-21MT;3;289.706;869.118
GSMD0-8USS2;1;303.646;303.646
GSMD0-9USS2;2;343.252;686.504
VSH64-A1DS2;1;186.714;186.714
VSS28-A1DS2;2;324.72;649.44
VSM56-A1DS2;1;186.714;186.714
VSK04-A1DS2;1;186.714;186.714
GSM74-91SS2;2;390.32;780.64
GSM74-81SS2;1;350.14;350.14
SHYP103;5;90.0606;450.303
SHYP104;7;90.0606;630.4242
GSM64-9USS2;5;378.84;1894.2
GSM64-8USS2;2;338.66;677.32
GSA22-9USS2;3;363.055;1089.165
GSA22-8USS2;2;316.848;633.696
GSH98-9USS2;2;390.32;780.64
GSH98-8USS2;1;350.14;350.14
GSS54-91SS2;1;424.35;424.35
GSS54-81SS2;1;381.915;381.915
GSR52-91SS2;1;369.656;369.656
GSR52-8USS2;1;323.449;323.449
PM100332;6;11.603;69.618
PM100333;6;11.603;69.618
GSP26-8UAS2;2;378.84;757.68
VSP24-C1AA3;2;481.873;963.746
VSS78-C1SA4;2;556.78;1113.56
GSS84-8USS2;1;373.1;373.1
VSP92-C1AA3;2;481.873;963.746
GSP92-8UAS2;3;330.05;990.15
GSGC0-8UAS2;1;422.464;422.464
VSN20-C1SA4;2;556.78;1113.56
GSP04-8USS2;3;373.1;1119.3
VSK82-C1SA4;1;468.671;468.671
GSP06-8USS2;2;323.449;646.898
VSAEA-C1SA4;2;596.96;1193.92
VSAEA-K1LS4;2;1205.4;2410.8
VSTN0-C1AA3;2;580.888;1161.776
VSTN0-K1NS4;2;1320.2;2640.4
VSR84-C1SA4;2;556.78;1113.56
VSR52-K1LS4;1;1056.16;1056.16
VSMC6-K1LS3;1;998.76;998.76
VSTD8-C1SA4;4;562.52;2250.08
VSTD8-K1LS1;2;1205.4;2410.8
SSUS010;1;306.803;306.803
SBM097D;1;542.184;542.184
5M8312H-STD;2;46.1906;92.3812
4B7787H-STD;1;42.9106;42.9106
MMAI-CTR-17RRD;1;297.2541;297.2541
L3P3A8YX;2;170.7896;341.5792
LAP3A8YX;2;127.9856;255.9712
FMKCREN197-BLU;1;167.42031184;167.42031184
FMKCREN197-BLA;2;167.42031184;334.84062368
FMKCREN197-RED;1;167.42031184;167.42031184
SAUS079CF;1;778.1308;778.1308
22002-AN-023;1;137.32052592;137.32052592
22002-AN-024;1;137.32052592;137.32052592
23001-AT002;1;125.5457392;125.5457392
23001-AT003;2;137.32052592;274.64105184
23002-AT001;1;200.08364818;200.08364818
2301-RN039;1;113.77095248;113.77095248
23001-AN001;1;125.5457392;125.5457392
23001-AM007;2;125.5457392;251.0914784
51007-AK501;2;37.42003826;74.84007652
51007-AK512;2;37.42003826;74.84007652
23001-AM005;1;137.32052592;137.32052592
TTE300THP-NW;1;975.8;975.8
SSZ0205-6P-RD;2;50.28568;100.57136
SSZ0205-6P-BK;1;50.28568;50.28568
FMKT035-RED;1;120.04823944;120.04823944
FMKT035-BLA;1;120.04823944;120.04823944
FMINDK32-BLU-BLA;2;201.76019066;403.52038132
FMINDK32-BLA-BLA;1;201.76019066;201.76019066
FMINDK32-RED-BLA;2;201.76019066;403.52038132
FMBH4-RED;1;11.83327076;11.83327076
FMBH4-BLU;1;11.83327076;11.83327076
FMKC022-BLU;2;49.29229838;98.58459676
FMKC022-BLA;1;49.29229838;49.29229838
FMKT026-RED;1;109.95974254;109.95974254
FMKT026-BLU;2;109.95974254;219.91948508
FMKT035-BLU;1;120.04823944;120.04823944
FMKC022-RED;2;49.29229838;98.58459676
SHD0398-4C-RD;1;60.9752;60.9752
SHD0398-4C-BK;2;60.9752;121.9504
20SU33002-RD;1;602.126;602.126
SHY0800-4P-EB;1;41.48544;41.48544
SHY0800-4P-RD;1;41.48544;41.48544
SHY0800-4P-BK;7;41.48544;290.39808
SHY0900-4P-EB;2;41.4838;82.9676
SHY0900-4P-RD;1;41.4838;41.4838
SHY0900-4P-BK;4;41.4838;165.9352
SME0461-4C-RD;2;60.9752;121.9504
S90-4-15-014-B;4;59.04;236.16
S90-2-15-017-B-BT;3;64.288;192.864
S90-2-12-004-B-BT;3;61.008;183.024
VSH64-K1LS3;1;858.13;858.13
GSUB8-61AS2;1;929.88;929.88
VSUB8-C1AA2;2;585.48;1170.96
VSY24-C1SA4;1;608.44;608.44
VSSB0-K1LS1;1;1056.16;1056.16
VSSB2-C1SA4;2;468.671;937.342
51007-AK553;30;1.67654248;50.2962744
51007-AK551;4;1.67654248;6.70616992
51007-AK552;4;1.67654248;6.70616992
KCF-4;31;1.67654248;51.97281688
500-A025;7;0.300024757;2.100173299
500-A027;6;0.300024757;1.800148542
500-A021;5;0.1961855822;0.980927911
500-A022;5;0.1961855822;0.980927911
500-A023;5;0.1961855822;0.980927911
L3P3HC11;3;170.7896;512.3688
LAP3HC11;2;127.9856;255.9712
VSE18-K1LS4;1;1205.4;1205.4
VSE18-C1SA4;1;556.78;556.78
U3P3DIY1;1;170.7896;170.7896
UAP3DIY1;1;127.9856;127.9856
SAUS115;1;876.9818;876.9818
SAUS087CF;1;1104.6384;1104.6384
SAUS087;1;753.5062;753.5062
SBM098CF;1;907.5596;907.5596
52001-AK154;10;59.0201437;590.201437
6-02-0362-B;3;2.4354;7.3062
6-02-0361-B;4;3.157;12.628
6-02-0864-3;9;14.063;126.567
6-02-0865-3;10;16.5394;165.394
6-02-0866-3;10;19.2782;192.782
FMAS049-BLU;20;8.78235334;175.6470668
FMAS049-RED;7;8.78235334;61.47647338
SMB005;1;584.8322;584.8322
74040210001OR;4;0.0484544314;0.1938177256
74040210001BL;8;0.0484544314;0.3876354512
74040210001RD;15;0.0484544314;0.726816471
74040210001WH;8;0.0484544314;0.3876354512
74040210001YL;15;0.0484544314;0.726816471
FMINDK45-FOAM;1;135.49777334;135.49777334
FMINDK45-PLEATED;1;135.49777334;135.49777334
AU8XS-QS11C;2;47.97;95.94
5M1581H-STD;1;79.499;79.499
ASMSHIRTS-Z;4;4.1;16.4
ASMSHIRTM-Z;3;4.1;12.3
ASMSHIRTL-Z;2;4.1;8.2
ASMSHIRTXL-Z;8;4.1;32.8
ASMSHIRTXXL-Z;2;4.1;8.2
MMWS-001-250BK;1;64.042;64.042
AU8XS-DD;1;324.72;324.72
MS100142;2;41.3034;82.6068
MS100141;4;41.3034;165.2136
5M1573H-25;1;82.697;82.697
5M1573H-STD;2;82.697;165.394
7M1512H-25;1;85.0504;85.0504
7M1512H-STD;1;85.0504;85.0504
SP1140WB;2;144.9186;289.8372
SP1140WR;1;144.9186;144.9186
SLM0300-4P-RD;1;33.62;33.62
F6044-F6045;1;176.2918;176.2918
F6048-F6049;1;176.2918;176.2918
HCRF8-DD1;4;254.61;1018.44
MBA45-DD;1;324.72;324.72
NI35S-DD;1;324.72;324.72
TOGRZ-6DD;1;217.71;217.71
BMF8M-DD;2;435.42;870.84
BN55B30-ADD;2;228.78;457.56
AUC8R-DD;1;435.42;435.42
MMICP-MK8-22P;2;160.5478;321.0956
MMICP-MK8-22WBK;5;160.5478;802.739
AWVSR-DD;3;291.51;874.53
AWVSR-CD;1;476.01;476.01
AWVSR-6DD;2;365.31;730.62
AU8VR-BDD;2;328.41;656.82
AUF3R-DD;1;656.82;656.82
AU94S-DD;1;391.14;391.14
NIZ37-DS13C;1;988.92;988.92
AU94R-DD;1;487.08;487.08
TOS3E6-DC33;1;1099.62;1099.62
OFW-BK;2;0.1292503188;0.2585006376
OFW-RD;3;0.1292503188;0.3877509564
OFW-MS;3;0.1292503188;0.3877509564
WKE359M775;1;360.5294;360.5294
WKE359M77;2;360.5294;721.0588
" TOGRZ-DS38C";1;952.02;952.02
NI35S-QS12C;1;1284.12;1284.12
HCRF8-3S22C;1;988.92;988.92
HCRL5-3C3833;1;1228.77;1228.77
HCRL5-3S3833C;1;1062.72;1062.72
VWG8R-QS38C;1;988.92;988.92
FDF3R-DS29C;1;583.02;583.02
7414000012005;2;0.7134756204;1.4269512408
7414000012006;3;0.7134756204;2.1404268612
7414000012008;3;0.7134756204;2.1404268612
7414000012001;3;0.7134756204;2.1404268612
7414000012003;2;0.7134756204;1.4269512408
74150000401BK;4;0.016170728;0.064682912
74150000401BL;5;0.016170728;0.08085364
74150000401GM;5;0.016170728;0.08085364
74150000401RD;5;0.016170728;0.08085364
74020001011BL;3;0.6192811298;1.8578433894
74020001012RD;3;0.6192811298;1.8578433894
74020001001BK;1;0.6192811298;0.6192811298
74020001002BL;3;0.6192811298;1.8578433894
74020001003RD;1;0.6192811298;0.6192811298
74020001016BL;2;0.6192811298;1.2385622596
74020001017RD;5;0.6192811298;3.096405649
74020001010BK;2;0.6192811298;1.2385622596
BMF87C-QC38;1;1579.32;1579.32
BMF87-QS38C;1;1247.22;1247.22
BMF8M-QS11C;1;1616.22;1616.22
BMF2B-DS11C;1;1062.72;1062.72
BMF43-DS38C;1;1099.62;1099.62
AU94R-DS45C;1;1690.02;1690.02
AU94S-QS14C;1;1468.62;1468.62
AU8VR-4S39M;1;1210.32;1210.32
AUVS4-QS11C;1;915.12;915.12
AUVS5-QS11C;1;915.12;915.12
AU8VR-DF+AU8VR-DS39C;1;1321.02;1321.02
TNW-01-5H;1;1.0662285012;1.0662285012
TNW-02-5H;2;1.2438754988;2.4877509976
RNW-02-5H;7;0.2961553328;2.0730873296
VWR650001-BLK;1;2051.77608064;2051.77608064
VWR650001-RED;2;2051.77608064;4103.55216128
6-02-0006-V3;4;12.1688;48.6752
6-02-0008-V3;5;14.2024;71.012
6-02-0010-V3;5;16.2278;81.139
9-422-7080;1;425.7932;425.7932
9-423-7080;1;486.6782;486.6782
SAUS124CF;1;865.4854;865.4854
VWR630300;4;22.40913466;89.63653864
VWR630301;9;22.40913466;201.68221194
AC-R53-IND-RD;1;11.07;11.07
AC-180S-DVH-BL;32;4.5756;146.4192
AC-180S-DVH-RD;35;4.5756;160.146
MMWS-009-200BK;5;59.245;296.225
MMWS-009-150BK;10;50.963;509.63
MMRT-BRZ-13P;2;90.2;180.4
MMRT-BRZ-13BK;3;90.2;270.6
MMTH-F80-15BL;5;66.9284;334.642
MMTH-F80-15RD;6;66.9284;401.5704
MMWS-013-200BK;5;42.6236;213.118
MMWS-013-100BK;4;42.6236;170.4944
23002-AT003;6;144.82597772;868.95586632
52002-AK003;4;205.1327703;820.5310812
52002-AK004;4;149.64116368;598.56465472
SBMS107;1;498.4042;498.4042
SAUS114C;1;483.3654;483.3654
asmjacles-M;10;13.12;131.2
asmjacles-L;9;13.12;118.08
asmjacles-XL;10;13.12;131.2
asmjacles-XXL;10;13.12;131.2
asmjacles-S;10;13.12;131.2
EVE-S58-CF-STR;2;959.4;1918.8
EVE-S58-CFM-STR;2;959.4;1918.8
6M5587H-STD;4;61.295;245.18
384914;1;386.466;386.466
27002-AN104;2;1322.714038;2645.428076
27002-AN105;1;1513.274535;1513.274535
SMNX010;2;357.9956;715.9912
GSM56-81SS2;2;471.992;943.984
VSM58-C1SA3;1;451;451
GSM56-91SA2;1;390.32;390.32
EVE-G8XM-CFM-ENG;1;442.8;442.8
EVE-G8XM-CF-ENG;4;442.8;1771.2
AC-45-DPHS;13;118.08;1535.04
AC-45-DP;48;88.56;4250.88
AC-C8RS-DPHS;3;177.12;531.36
AC-B58-DPHS;22;77.49;1704.78
AC-B58-DP;13;55.35;719.55
AC-S55-DPHS;25;125.46;3136.5
AC-S55-DP;16;88.56;1416.96
AC-F97-DP;15;129.15;1937.25
"60 MA 01";1;205.0902;205.0902
70MA02;1;275.52;275.52
"60 AV 04";1;182.4459;182.4459
MMHOSE-EVO-10-BL;1;72.611;72.611
MMHOSE-EVO-10-RD;1;72.611;72.611
AC-MK8R-DPHS;24;125.46;3011.04
AC-MK8R-DP;47;99.63;4682.61
AC-MK8-DPHS;25;95.94;2398.5
AC-MK8-DP;60;59.04;3542.4
VOUCHER50;99;41;4059
VOUCHER100;91;82;7462
;;;3191722.0561241
