REFERENCE;QUANTITY;"WHOLESALE PRICE";TOTAL
ACSP1;6;4.1;24.6
AC-E46-FU;7;77.9;545.3
AC-FU-E36;3;36.9;110.7
AC-S2K-FU;4;24.6;98.4
RD3025;5;180.4902;902.451
SP1105BLK;4;164.041;656.164
SP1128WB;7;186.1236;1302.8652
SP6063BLK;2;141.5484;283.0968
FMDVSUB01;2;84.73662126;169.47324252
FMDVATSI-POL;2;125.92687028;251.85374056
FMINTLFS-LS-BLA;1;329.89450176;329.89450176
AC-NC-FU;2;24.6;49.2
216BFWAOTSM;17;17.712;301.104
216BFWAOPSM;24;20.582;493.968
VIB-1458;39;0.287;11.193
RN09;2;142.37316912;284.74633824
ECA3015;1;116.4564;116.4564
SP2070P;1;149.2236;149.2236
EVO1206;6;202.663;1215.978
FMWRX301-ALL;1;93.63028796;93.63028796
216EVOWGAFRWB4.9-WO;6;91.84;551.04
216EVOAFRWB4.9-WO;2;91.84;183.68
MMAI-CLA45-14BK;15;217.382;3260.73
MMRAD-350Z-07;4;152.438;609.752
MMRAD-370Z-09;3;280.071;840.213
MMTS-S2K-00L;3;26.158;78.474
MMFAN-SWITCH;4;20.746;82.984
CTS-IT-105R;11;123;1353
FMDVK04SA-SIL;6;83.19070642;499.14423852
FMDV2A;2;102.08625588;204.17251176
FMDVA45A;3;94.25424154;282.76272462
FMDVST180A;2;116.24162068;232.48324136
FMDV14TSI-POL;3;38.62924552;115.88773656
FMBGFK6;2;23.94305454;47.88610908
FMPCVD1;6;50.43779984;302.62679904
SES1989TT;4;778.098;3112.392
CTS-HW-031;14;61.5;861
CTS-IT-250;10;171.3718;1713.718
CTS-IT-220R;17;135.3;2300.1
CTS-HW-030;9;45.0918;405.8262
CTS-IT-110;16;103.7218;1659.5488
CTS-HW-0090;8;81.1718;649.3744
CTS-HW-0151;11;90.1918;992.1098
CTS-IT-270R;9;142.2618;1280.3562
CTS-HW-0099;4;90.1918;360.7672
FMINTMRS;1;408.81066052;408.81066052
MMRAD-E46-01;3;274.5606;823.6818
MMRAD-E36-92;7;138.908;972.356
MMRAD-MUS4-15;2;259.776;519.552
CTS-IT-500;9;76.6618;689.9562
MMRAD-GLF-94;11;128.084;1408.924
MMRAD-MK5-08;8;136.653;1093.224
MMRAD-GLF-99;12;136.653;1639.836
MMRAD-B4-90;7;136.653;956.571
MMRAD-BRZ-13;3;167.772;503.316
CTS-IT-280;9;69.7;627.3
MMRAD-R35-09;3;280.071;840.213
MMRAD-MIA-99;21;124.476;2613.996
MMRAD-RX8-04;14;145.673;2039.422
MMRAD-240-89KA;5;128.084;640.42
MMRAD-CIV-02SI;3;136.653;409.959
MMRAD-EVO-01;8;144.32;1154.56
MMRAD-EVO-10;1;136.653;136.653
MMAI-350Z-03H;2;106.887;213.774
MMTS-S4-00L;7;26.158;183.106
MMTS-E90-07;15;32.021;480.315
MMTS-CIV-92L;2;24.805;49.61
MMTS-350Z-03L;2;25.1412;50.2824
MMTS-350Z-07;5;33.825;169.125
MMTS-WRX-01;6;24.805;148.83
MMTS-GTR-09;5;51.414;257.07
MMTS-BRZ-13;2;26.158;52.316
MMTS-RX8-04L;4;25.1412;100.5648
MMTS-VR6-93L;7;26.158;183.106
MMTS-EVO-01;5;26.158;130.79
MMTS-FIST-14;4;26.158;104.632
CTS-CC-GOLFR;4;196.7918;787.1672
CTS-CC-MK5FSI;3;213.1918;639.5754
216EVOEOP-RB;10;37.597;375.97
216EVOWT-C;1;22.55;22.55
CTS-20T-MK5-DF;4;328;1312
CTS-IT-285;24;39.3518;944.4432
CTS-HW-003;2;29.5118;59.0236
CTS-IT-600;3;69.7;209.1
CTS-IT-275;6;90.1918;541.1508
CTS-IT-210;8;90.1918;721.5344
"CTS-HW-036 ARP";7;77.0718;539.5026
CTS-HW-0199;9;36.0718;324.6462
MMOC-E46-01;3;364.777;1094.331
FMMK5FMIC-BLA;6;379.13095814;2274.78574884
FMINT32;3;405.17869192;1215.53607576
FMINDST180;3;87.66082162;262.98246486
FMIND05;3;128.08742596;384.26227788
216EVOEGT;14;42.927;600.978
MMOC-MIA-99T;1;192.9624;192.9624
MMOC-EVO-08;2;268.7796;537.5592
MMBCC-N54-06CBE2;6;96.514;579.084
EVO9200;2;167.2718;334.5436
EVO300E;6;174.6272;1047.7632
MMBCC-FOST-13PBE2;1;97.416;97.416
MMBCC-MUS4-15PBE;3;93.357;280.071
MMBCC-BRZ-13PBE;6;103.73;622.38
CTS-IT-020;4;69.7;278.8
MMHOSE-MIA-90HHBK;2;28.5606;57.1212
MMHOSE-MIA-94HHBK;2;31.21822;62.43644
216BFWAWTSM;16;17.712;283.392
216BFWAVOSM;15;16.236;243.54
216BFWGEBOSM;4;24.887;99.548
216BFWGOPSM;4;21.894;87.576
216BFWGOTSM;5;19.065;95.325
MMHOSE-R35-09BK;3;63.591;190.773
FMBGFK3;4;23.6077959;94.4311836
FMDVRMR;2;75.65669976;151.31339952
MMRAD-K20-EK;2;160.556;321.112
MMRAD-K20-EG;2;130.4128;260.8256
FMDVCS14A;3;66.57677826;199.73033478
FMBM335DV1-BLA-BLA;2;242.12192726;484.24385452
CTS-HW-028;3;45.0918;135.2754
CTS-HW-049;3;14.7518;44.2554
S-RE/T/1;1;1424.4712;1424.4712
E-BM/T/3;1;1266.0554;1266.0554
CTS-EXH-DP-0007;2;360.7918;721.5836
FMINTTTS;1;320.27444134;320.27444134
FMINT135F20;1;365.22703732;365.22703732
FMINTR56-ALL;1;309.76967062;309.76967062
FMINTMF56;2;278.94450122;557.88900244
MMFS-S2K-00;1;97.416;97.416
MMFS-INT-94;2;97.416;194.832
MMFS-MIA-90;3;104.9026;314.7078
MMFS-MIA-99;7;97.416;681.912
MMFS-RX8-04;8;97.416;779.328
PF04;45;107.42;4833.9
CTS-EXH-DP-0008;2;135.3;270.6
SES1987TT;7;779.4756;5456.3292
Evo1102;8;354.7976;2838.3808
SES9001TT;2;550.589;1101.178
10.127.100K;23;153.3154;3526.2542
MMEXH-WRX-15;1;499.872;499.872
MMRAD-FIST-14K;1;280.071;280.071
MMRAD-FOST-13;4;263.384;1053.536
CTS-IT-190;3;123;369
CTS-HW-0133;4;72.1518;288.6072
MMBCC-RS-16PBE2;1;114.103;114.103
AC-200-OSA;14;13.817;193.438
MMTS-GTI-99;19;26.158;497.002
CTS-HW-262;15;103.7218;1555.827
CTS-HW-118;2;22.1318;44.2636
TTE80;1;54.571;54.571
FMMD1;4;60.52349726;242.09398904
EVO1801;1;164.9758;164.9758
SES1230TT;3;614.016;1842.048
EVO2001;1;167.2718;167.2718
FMMD2;5;59.2755901;296.3779505
MMFS-CIV-92;7;72.611;508.277
MMFS-WRX-01P;4;118.162;472.648
MMFS-S14-95SR;6;97.416;584.496
MMFS-EVO-01;4;96.9076;387.6304
MMFS-B4-90;7;96.9076;678.3532
MMFS-BRZ-13P;3;145.222;435.666
MMFS-240-89KA;8;97.416;779.328
MMEXH-MUS4-15;4;444.4154;1777.6616
FMCCRADS53T;1;456.32426;456.32426
MMFS-STI-08P;3;127.182;381.546
MMFS-350Z-03;4;112.75;451
MMFS-EVO-10;3;96.9076;290.7228
FMBGFK4;2;21.19579624;42.39159248
FMMD3;1;70.58125646;70.58125646
VWR12G6GT;7;151.92804036;1063.49628252
VWR12G7R600ITINLET;30;64.0716512;1922.149536
MMOP-TPS;8;28.413;227.304
VWR12G5GT;8;212.94511284;1703.56090272
005001005;1;398.6266;398.6266
VWR12G60R;7;225.15411498;1576.07880486
FMSCPS53T;3;108.00915852;324.02747556
FMDVV4010-POL;2;60.02992204;120.05984408
VWR160001;56;54.91722778;3075.36475568
VWR31G5GT;1;111.1941156;111.1941156
VWR31G60R;1;111.1941156;111.1941156
VWR31G7GT;11;120.12503326;1321.37536586
VWR31G70R;4;120.12503326;480.50013304
VWR31S000;2;111.1941156;222.3882312
VWR19G701;18;30.50853624;549.15365232
VWR19G702;13;36.60838094;475.90895222
VWR12P0GT;3;163.52240166;490.56720498
VWR1230S3;4;237.35380438;949.41521752
11002BK;384;1.9762;758.8608
MMGP-RS-16BK;2;39.7044;79.4088
VWR11G502;2;30.50853624;61.01707248
VWR11G503;2;30.50853624;61.01707248
VWR11P1GT;2;46.27500506;92.55001012
VWR11P0GT;1;52.68217018;52.68217018
VWR11G501;2;30.50853624;61.01707248
VWR11G701;3;36.60838094;109.82514282
VWR1140S4;2;56.23963686;112.47927372
VWR12PRWRC;2;388.98383706;777.96767412
VWR12G6K03;1;212.94511284;212.94511284
FMBGFK7;2;19.35187372;38.70374744
VWR69G7KIT;7;67.11691718;469.81842026
VWR15G503;4;121.27050028;485.08200112
MMTS-240-89KA;5;26.158;130.79
MMSTB-FIST-14TB;2;93.808;187.616
748354027150;2;89.6506;179.3012
MMSK-TUE-16;2;27.388;54.776
MMSK-RKST;1;34.2022;34.2022
MMSK-PGR-BK;3;39.3354;118.0062
MMSK-FSB;2;27.06;54.12
216BFWABOSM;16;13.366;213.856
216BFWAFPSM;4;22.55;90.2
VWR13G700;21;298.9855177;6278.6958717
VWR13G700RFK;32;30.50853624;976.27315968
MMGRT-215;3;14.8994;44.6982
MMGRT-235;4;38.786;155.144
FMINTMK7-BLA;1;335.4914585;335.4914585
TTE600RS4;1;2102.3406;2102.3406
TTE780;1;2555.981;2555.981
CTS-EXH-CB-0007.0;5;393.5918;1967.959
CTS-EXH-CB-0002;3;368.9918;1106.9754
CTS-EXH-CB-0020-2;4;491.9918;1967.9672
CTS-EXH-CB-0008;2;442.7918;885.5836
AC-200-HS;3;7.79;23.37
CTS-EXH-CB-0001;2;344.3918;688.7836
CTS-EXH-CB-0003;1;479.6918;479.6918
CTS-EXH-CB-0015;2;688.7918;1377.5836
CTS-EXH-CB-0017;1;270.5918;270.5918
CTS-EXH-CB-0016;1;338.2418;338.2418
FMCCRAD7;2;616.93177404;1233.86354808
FMTUBL1;4;38.87137676;155.48550704
FMRMCLMP;2;14.23917946;28.47835892
FMSBCVXR;4;22.52751806;90.11007224
FMBGFK11;4;23.94305454;95.77221816
FMWBSCI-BLA;1;55.60637054;55.60637054
FMVAG5QS;1;56.9939688;56.9939688
FMBP135F20;2;166.08340516;332.16681032
CTS-IT-300R;1;135.2918;135.2918
FMSS2;1;62.860995;62.860995
FMBGMCS;1;19.07249152;19.07249152
FMBPVXA;2;18.66273096;37.32546192
FMBPVRM;3;17.21925626;51.65776878
FMBSMP18T;3;136.18950976;408.56852928
FMWS11BB;2;29.81939348;59.63878696
JSK-111-70;2;72.62074652;145.24149304
FMOCRS4;3;555.68188306;1667.04564918
JSK-103-80;1;68.5883301;68.5883301
CK-003;3;10.3371414;31.0114242
MMAF-REOIL-RD;2;10.824;21.648
CTS-IT-310;6;82;492
FMKT135F20;12;50.43779984;605.25359808
VWR31G70RW;4;120.12503326;480.50013304
VWR610360GUN;2;184.41087748;368.82175496
VWR610360SVR;4;184.41087748;737.64350992
ACCLAMP3;4;0.9266;3.7064
ACCLAMP275;110;0.9266;101.926
VWR12G7R600FO;26;55.68087246;1447.70268396
FMAUTB2;2;168.82135072;337.64270144
FMRCAM;1;189.57013544;189.57013544
FMRCAMF56;1;174.9863846;174.9863846
FMDV6A;3;166.28828544;498.86485632
FMDVST180R;2;113.95999938;227.91999876
FMDVCS14R;2;76.7835413;153.5670826
VWR19G706;11;39.66295966;436.29255626
VWR19G704;11;36.60838094;402.69219034
FMDVF20R;3;88.69453576;266.08360728
FMDVR60R;2;94.84094416;189.68188832
FMDVF20A;2;89.75618812;179.51237624
FMDVMCS;4;38.62924552;154.51698208
VWR12P0GT-FO;3;61.464084;184.392252
FMDVR60A;1;125.92687028;125.92687028
10.127.101K;24;153.3154;3679.5696
10.127.203K;32;153.3154;4906.0928
CTS-MM-TAI-3;1;18.0318;18.0318
FMINDK40-FOAM;1;370.45148446;370.45148446
VIB-1559;101;0.287;28.987
CTS-HW-0091;9;76.6618;689.9562
CTS-HW-0092;3;90.1918;270.5754
VWR30G500;3;190.37103108;571.11309324
MMICP-RS-16CBK;3;94.259;282.777
DI-BM/CA/1;1;626.1028;626.1028
L3P3AC7X;2;185.0084;370.0168
U3P3ZC25;3;232.5684;697.7052
EVE-E46-INT;3;456.576;1369.728
EVE-RS5-CF-INT;2;1193.1;2386.2
EVE-N55V2-CF-INT;6;646.488;3878.928
EVE-E60V2-CF-INT;4;713.4;2853.6
EVE-2TFSI-CF-INT;8;435.42;3483.36
EVE-F8XMV2-CF-INT;2;1176.864;2353.728
EVE-FLC;17;13.776;234.192
EVE-151-G2-FTR;13;41.82;543.66
EVE-661-G2-FTR;14;41.82;585.48
RPF-1721;1;18.4392252;18.4392252
RPF-1566;1;16.30660774;16.30660774
RPF-1512;2;20.09689292;40.19378584
RPF-1869;3;35.88198722;107.64596166
VWR13G500;4;214.83559906;859.34239624
VWR19G703;6;42.71753838;256.30523028
DP-BM/SS/3;1;826.765;826.765
FMVWQS;4;50.43779984;201.75119936
238SMBO270-PK;3;33.538;100.614
238SMOTSWL270-C;2;23.288;46.576
238SMOP270-PK;1;40.631;40.631
216BFWGBOSM;5;14.719;73.595
CTS-DP-IK1;5;6.15;30.75
VWR180000;48;6.71448554;322.29530592
ATINTVAG28;2;467.36916964;934.73833928
ATINTVAG18-C;1;563.87709426;563.87709426
ATINTVAG15;3;308.88496032;926.65488096
ATINTVAG12;2;336.75799114;673.51598228
ATINTVAG11;3;280.1737829;840.5213487
ATINTVAG6;2;343.20240722;686.40481444
ATINTVAG8;2;308.88496032;617.76992064
ATINTMINI01;4;217.76911216;871.07644864
ATINTMINI05;1;266.81931374;266.81931374
ATINTMAZ02;1;467.36916964;467.36916964
ATINTMAZ01;3;242.02879986;726.08639958
ATINTFO25;5;147.8863112;739.431556
ATINTFO26;2;295.93093898;591.86187796
ATINTFO12;2;225.833945;451.66789
ATINTFO44;1;289.50514838;289.50514838
ATINTFO22;1;246.48028958;246.48028958
ATINTREN5;3;293.50962658;880.52887974
ATINTREN3;1;311.38077464;311.38077464
ATINTREN1;2;237.68906302;475.37812604
ATINTVAG7;1;371.28031832;371.28031832
EVE-C7RS6-CF-INT;3;1101.096;3303.288
VWR12G7CUP;2;185.49115532;370.98231064
001422.999502;11;359.037;3949.407
613182.654150;29;37.1952;1078.6608
002352.999505;1;376.6014;376.6014
FMBGFK12;2;24.0734329;48.1468658
001394.999502;9;359.037;3231.333
CTS-EXH-DP-0001-FSI;3;164;492
CTS-TM-MK56-60D;6;49.2;295.2
CTS-IT-180;1;135.2918;135.2918
CTS-DB-MK4-60D;9;18.0318;162.2862
CTS-EM-MK456-4-60D;7;49.2;344.4
GTHSB-5;316;1.107;349.812
AC-200-PCVD;70;9.84;688.8
EVE-E9X-CF-INT;5;407.3678;2036.839
EVE-B58-CF-INT;8;609.096;4872.768
AC-180-CPA;28;12.3;344.4
420103485B;210;5.74;1205.4
ASAF;4;0.2542;1.0168
CTS-AF-275;10;19.6718;196.718
ESR912;3;107.5512;322.6536
MMICP-RS-16HWBK;6;143.418;860.508
883089.000038;1;882.8694;882.8694
FMINDK20;3;100.88491242;302.65473726
VWR12P1GT;12;182.4365766;2189.2389192
001939.001707;1;323.3916;323.3916
MMBCC-N55-11CBE;7;102.1228;714.8596
MMTS-MIA-99;2;26.158;52.316
MMTS-MIA-90L;4;26.158;104.632
001394.999505;3;382.8006;1148.4018
002352.999502;2;353.3544;706.7088
001394.999998;1;359.037;359.037
001394.001735;3;365.2362;1095.7086
999760.999985;1;328.041;328.041
001394.999529;1;351.8046;351.8046
001243.999978;1;351.288;351.288
001243.999533;1;388.4832;388.4832
000827.999980;1;381.7674;381.7674
001422.999505;2;382.8006;765.6012
EVE-S1-CF-INT;7;299.628;2097.396
FMMK7DP-BLA;2;125.71267726;251.42535452
AC-200-PCVCC;45;9.84;442.8
FMINT11;2;640.2974387;1280.5948774
10.127.203T;26;6.5272;169.7072
210001074;1;177.0216;177.0216
CTS-EXH-DP-0014;4;221.3918;885.5672
FMSCPS53TIK;1;89.97038114;89.97038114
EVE-8VRS3-CF-LHD-INT;3;810.3158;2430.9474
CTS-EXH-TP-0009;3;270.5918;811.7754
AC-RX8-RU;5;23.78;118.9
AC-GR-FU;8;24.6;196.8
ATMSFO71;2;70.69300934;141.38601868
883089.000034;1;739.2546;739.2546
ATINTMB02;1;246.48028958;246.48028958
883089.000071;1;726.3396;726.3396
PF05;22;117.26;2579.72
883089.000035;3;755.7858;2267.3574
043151.271937;4;30.996;123.984
CTS-EM-MK45-6-60D;2;49.2;98.4
CTS-TM-MK4-60D;6;49.2;295.2
AC-RX8-FU;4;23.78;95.12
ATINTVAG19;1;401.55603606;401.55603606
EVE-FK8-CF-INT;11;678.96;7468.56
FMDV13A-POL;1;101.99312848;101.99312848
FMTUBL2;5;41.57207136;207.8603568
FMCT4;1;155.58794718;155.58794718
FMTIA1;3;79.78224358;239.34673074
FMDV13R-POL;1;82.62262928;82.62262928
216BFWGFPSM;6;23.903;143.418
PSHUDOBDII-2;3;41;123
999789.999508;1;363.1698;363.1698
001267.001683;1;359.037;359.037
CTS-EXH-DP-0017;3;270.5918;811.7754
CTS-EXH-DP-0015;1;245.9918;245.9918
CTS-EXH-DP-0003;2;270.5918;541.1836
FMDVF500A-SILVER;2;106.15592326;212.31184652
EVE-E9X-CF-ARB;2;280.932;561.864
VWR1130RS;4;33.56311496;134.25245984
VWR1141S4;1;61.01707248;61.01707248
VWR30G700;3;241.0137112;723.0411336
EVE-F8xM-PF;14;56.088;785.232
MMTS-TC-05L;4;24.6492;98.5968
MMBCC-370Z-09PBE;2;186.4106;372.8212
MMBCC-350Z-03PBE;2;140.3266;280.6532
MMICP-FOST-13CBK;2;52.2504;104.5008
MMAI-CTR-17;3;214.7334;644.2002
CTS-EM-MQB-60D;1;49.2;49.2
VWR814100;1;198.30548556;198.30548556
001423.000685;2;351.288;702.576
3182654196;3;101.7374;305.2122
06F103483E;19;0.656;12.464
AC-200K04-OT;73;41;2993
CTS-IT-255R-2;12;155.7918;1869.5016
CTS-EXH-TP-0008;11;67.6418;744.0598
CTS-HW-0243;1;39.3518;39.3518
CTS-HW-0242;7;31.5618;220.9326
CTS-HW-0248;3;39.3518;118.0554
CTS-EXH-DP-0010;2;248.0418;496.0836
AC-180-DP;20;61.5;1230
AC-N54-DP;21;90.2;1894.2
P3ABS;2;38.048;76.096
AC-200-DP;24;61.5;1476
VWR18G700;17;268.47698146;4564.10868482
FMCCRAD8;1;377.92961468;377.92961468
FMCCRAD9;1;504.45250032;504.45250032
FMHFIP1;2;135.8263129;271.6526258
1K0253144BD;24;4.018;96.432
CTS-HW-257;10;49.1918;491.918
VWR3130RS;8;120.12503326;961.00026608
VWR3141S4;2;120.12503326;240.25006652
SVAGX005;2;335.6301;671.2602
SHDX014;1;306.7743;306.7743
SAUX045;1;370.3612;370.3612
SAUX074;2;301.432;602.864
SVWX036;2;316.5036;633.0072
SAUX075;1;282.4162;282.4162
KTA253;9;200.26116096;1802.35044864
SFDX073;2;243.2694;486.5388
SFDX066;2;233.2162;466.4324
SFDX071;3;243.3924;730.1772
SFDX082;3;263.7612;791.2836
SFDX087;2;357.9915;715.983
SVWX020;1;282.408;282.408
SVWX039;1;570.679;570.679
SRNX023;2;163.4014;326.8028
SRNPX027;1;301.4812;301.4812
EVE-B9S5-CF-INT;1;678.96;678.96
ILFR7H;69;8.692;599.748
IZKR7B;56;6.3304;354.5024
FMTUBL4;6;75.65669976;453.94019856
SVWX051;1;342.6288;342.6288
SFTC006;7;117.916;825.412
SAUC079;6;332.6494;1995.8964
SAUC045;4;235.2416;940.9664
883089.000060;2;750.6198;1501.2396
SVWC052;2;136.0954;272.1908
U5014;262;16.0884;4215.1608
SVAGC005;7;166.4518;1165.1626
SAUC040;2;183.8604;367.7208
SAUC075;2;175.111;350.222
SAUC074;3;175.1602;525.4806
SBMC066;2;115.2346;230.4692
SBMC067;6;115.2346;691.4076
SBMC068;3;145.837;437.511
SBMC075;2;199.096;398.192
SFDC073;6;91.6719;550.0314
SFDP066;4;126.1816;504.7264
SFDC071;1;145.837;145.837
SFDC082;3;101.9178;305.7534
SFDC087;2;192.0604;384.1208
SHDC014;1;162.1222;162.1222
SMBP003;1;97.5554;97.5554
SMBC003;1;292.166;292.166
SMNC011;14;87.0184;1218.2576
883089.000047;1;782.1324;782.1324
883089.000046;3;750.6198;2251.8594
SRNPC027;2;173.6186;347.2372
SRNC022;4;89.6219;358.4876
SVWC042;8;166.4518;1331.6144
SVXC062;3;140.8432;422.5296
SVWX043;2;332.3624;664.7248
034-108-3008;1;51.66;51.66
BKR8EIX;588;6.7568;3972.9984
034-1ZZ-0001;1;134.316;134.316
SVWC039;1;287.7708;287.7708
FMTUBL5;4;52.23515866;208.94063464
FMINT12;1;400.913457;400.913457
CTS-HW-308;4;73.7918;295.1672
CTS-TM-AUDI2-50D;6;34.85;209.1
CTS-EM-B8-50D;6;82;492
CTS-EM-B567-50D;5;38.95;194.75
CTS-HW-0225;16;18.0318;288.5088
FMCT3;4;181.58911726;726.35646904
883089.000135A;3;750.6198;2251.8594
883089.000126;1;750.6198;750.6198
SRNC026;2;81.4342;162.8684
034-108-1005;4;351.78;1407.12
034-108-1011;4;198.03;792.12
SVWC043;5;178.7354;893.677
R7437-8;134;26.0268;3487.5912
R7437-9;415;27.0272;11216.288
KTA252;5;250.44751682;1252.2375841
CTS-AF-270;5;20.4918;102.459
KDT952;6;16.05516376;96.33098256
JSK-122-BK-TI;2;207.3015924;414.6031848
SBMB050;3;360.3162;1080.9486
WSK-NIS002;3;89.402304;268.206912
BBF38Z;2;80.68557936;161.37115872
BBF15Z;2;90.78058952;181.56117904
BHF78Z;1;82.883386;82.883386
BHF97Z;3;84.75524674;254.26574022
BMF49Z;5;80.68557936;403.4278968
BMF54Z;5;86.21734692;431.0867346
BMF67Z;1;99.90707472;99.90707472
BMF65Z;1;91.23691378;91.23691378
BMF63Z;3;81.66341706;244.99025118
BNF33Z;3;95.34383212;286.03149636
BSF39Z;4;72.57418282;290.29673128
BNF40Z;1;168.33708824;168.33708824
BSF45XZ;3;88.80628864;266.41886592
BWF22Z;8;88.80628864;710.45030912
SAU077;1;496.7314;496.7314
BMF58X;2;111.77150548;223.54301096
BMF48;2;81.66341706;163.32683412
SVWC051;3;214.5858;643.7574
BBR38Z;2;86.21734692;172.43469384
SBMR050;1;255.0282;255.0282
883089.000127;2;782.1324;1564.2648
BHR97Z;2;70.76751126;141.53502252
BMR65XXZ;1;99.34831032;99.34831032
BMR12Z;5;72.58349556;362.9174778
PLFR5A;12;6.4534;77.4408
SBMC050;2;153.135;306.27
BMR81Z;3;72.53693186;217.61079558
BMR77Z;4;68.52314092;274.09256368
BMR94Z;2;118.15073238;236.30146476
BMR92Z;1;80.68557936;80.68557936
BMR96Z;1;90.78058952;90.78058952
BNR30Z;6;86.21734692;517.30408152
SAUC030;4;89.6342;358.5368
BNR37Z;1;80.68557936;80.68557936
BNR36XZ;1;90.78058952;90.78058952
BSR53Z;3;72.58349556;217.75048668
BSR49XZ;4;80.68557936;322.74231744
BWR25XZ;7;88.80628864;621.64402048
SFD073;2;255.5612;511.1224
BKR7EIX;618;6.3796;3942.5928
ATINTMAZ05;2;246.48960232;492.97920464
ATINTFO20;3;187.16744852;561.50234556
ATMSFO25;1;304.92704582;304.92704582
KBR39;2;58.84720406;117.69440812
034-101-3066;6;17.589;105.534
KTA255;7;171.06572106;1197.46004742
KLC167A;16;57.03121976;912.49951616
KLC173;1;50.67993108;50.67993108
KLC142;2;50.68924382;101.37848764
KLC204;5;52.55179182;262.7589591
KLC217;6;50.68924382;304.13546292
KLC205;5;50.41917436;252.0958718
KLC102;4;50.68924382;202.75697528
KLC110;4;57.02190702;228.08762808
KLC140-335;4;57.03121976;228.12487904
KLC106;4;57.03121976;228.12487904
KLC172;2;50.68924382;101.37848764
KLC202;7;57.03121976;399.21853832
KLC182;4;50.68924382;202.75697528
KLC139;8;52.30966058;418.47728464
KLC144;22;46.07012478;1013.54274516
KLC141;20;57.03121976;1140.6243952
KLC163;4;57.03121976;228.12487904
KLC150;2;46.5637;93.1274
SBMB062;2;371.1566;742.3132
KTA107;1;96.91768518;96.91768518
KCA395;5;86.21734692;431.0867346
KCA313;8;86.21734692;689.73877536
SRNS026;1;243.3842;243.3842
SBM011;1;231.2974;231.2974
BNR20XZ;5;76.63453746;383.1726873
BWF19XZ;10;90.78058952;907.8058952
BWR20XZ;9;90.78058952;817.02530568
W13204;7;8.02758188;56.19307316
W13203;3;6.69586006;20.08758018
KDT925;4;23.58917042;94.35668168
KDT924;3;40.14722214;120.44166642
KBR38;3;27.73333972;83.20001916
FMCCRAD6;2;369.61333786;739.22667572
SFDC066;6;75.9525;455.715
SAUC054;4;117.2846;469.1384
SAUP044;3;194.627;583.881
KLC198;6;50.68924382;304.13546292
KLC140-295;3;57.03121976;171.09365928
KTA216A;1;136.40370278;136.40370278
SVXC060;1;97.5472;97.5472
SVXC059;2;107.5512;215.1024
BHR67Z;3;86.21734692;258.65204076
BFF96Z;3;90.78058952;272.34176856
BFR78Z;3;90.78058952;272.34176856
CTS-HW-216-AWD;3;39.3518;118.0554
CTS-HW-216-FWD;2;39.3518;78.7036
MMTS-EVO-10L;3;24.1654;72.4962
TP-CS/1;1;449.319;449.319
M-FI/SS/1H/1;1;589.5226;589.5226
IKR9J8;48;7.1668;344.0064
AC-200-DVBO;45;2.05;92.25
SRNC023;3;38.417;115.251
BHF96Z;2;79.07447534;158.14895068
BHR96;3;109.08012362;327.24037086
BNF42Z;4;80.68557936;322.74231744
BNF19Z;2;82.36187256;164.72374512
BNR11XXZ;2;80.68557936;161.37115872
BBF43;3;64.47209902;193.41629706
BBR44;3;86.21734692;258.65204076
BFR80;4;98.08177768;392.32711072
BHR75Z;3;99.90707472;299.72122416
BHR84Z;2;86.21734692;172.43469384
BSF33Z;2;72.58349556;145.16699112
BSR37Z;2;72.58349556;145.16699112
BSR20XZ;4;80.68557936;322.74231744
BAF13;5;72.58349556;362.9174778
BWR22XZ;6;80.68557936;484.11347616
KLC154;6;52.30966058;313.85796348
KLC26;4;42.838604;171.354416
KLC30;1;46.62888918;46.62888918
EVE-M2C-CF-INT;5;974.16;4870.8
SAUC036;1;104.5254;104.5254
MMEXH-MUS8-15XP;17;134.398;2284.766
MMFS-E36-92P;8;127.182;1017.456
L3P3AB9X;2;185.0084;370.0168
L3P3VPO5;3;185.0084;555.0252
U3P3ZC63;4;185.0084;740.0336
KCA472;13;90.78058952;1180.14766376
HP-180;3;86.50604186;259.51812558
EVE-F9XM5M8-CF-INT;4;1030.74;4122.96
AC-MQB-IC;49;150.88;7393.12
BWF20XZ;3;90.78058952;272.34176856
BWR21XZ;4;90.78058952;363.12235808
VWR150000;16;50.83824766;813.41196256
VWR120000;40;20.36696238;814.6784952
SMBC004;2;198.399;396.798
WSK-VWN005;2;72.53693186;145.07386372
BFR68Z;1;97.98865028;97.98865028
BMF55Z;1;82.36187256;82.36187256
KLC174;2;57.03121976;114.06243952
KLC179;4;58.84720406;235.38881624
WSK-VWN006;3;64.47209902;193.41629706
WSK-FRD010;2;60.82150494;121.64300988
WSK-SUB006;2;66.14839222;132.29678444
EVE-FK2V2-CF-LHD-INT;6;594.828;3568.968
EVE-N55-PF;6;39.852;239.112
EVE-E46-PF;3;26.568;79.704
216EVOEFP-RB;5;38.458;192.29
216EVOVO-RB;6;21.853;131.118
BHR36XZ;1;90.78058952;90.78058952
MMEXH-MUS8-15HP;11;130.79;1438.69
VWR12P1GTIS38;2;129.0745764;258.1491528
034-108-1015;4;477.035;1908.14
034-108-1014;1;501.02;501.02
034-108-1020;1;369.369;369.369
AC-MK7-MD;68;13.94;947.92
FMINT15;1;332.464818;332.464818
EVE-E9X-CF-PLM;2;1101.096;2202.192
BWF18Z;3;72.58349556;217.75048668
FMOC7-13;1;310.4401879;310.4401879
BHF52;2;80.68557936;161.37115872
WSK-FRD004;2;72.53693186;145.07386372
BSR33Z;2;72.58349556;145.16699112
BSF48Z;2;82.4643127;164.9286254
WSK-HON017;2;120.88867794;241.77735588
BMF73;2;80.68557936;161.37115872
KLC218;5;57.03121976;285.1560988
KCA471;1;50.68924382;50.68924382
WSK-FRD008;2;99.90707472;199.81414944
WSK-FRD006;2;94.2449288;188.4898576
WSK-MB001;2;81.66341706;163.32683412
WSK-SUB007;3;91.78636544;275.35909632
WSK-OPL003;2;59.02414612;118.04829224
BWR19Z;5;81.66341706;408.3170853
BWR23Z;3;90.78058952;272.34176856
KCA470;3;51.30388466;153.91165398
KCA435;2;86.21734692;172.43469384
KDT911;5;37.12989438;185.6494719
KDT928;3;13.7828552;41.3485656
KSB652;2;62.85168226;125.70336452
KTA228;1;122.70466224;122.70466224
KTA147B;2;150.08411784;300.16823568
KTA260;7;83.42352492;583.96467444
EVO1502;8;172.3312;1378.6496
WSK-REN002;1;64.59316464;64.59316464
BMF23Z;3;80.68557936;242.05673808
BRF13Z;6;79.07447534;474.44685204
BRR13Z;2;84.40136262;168.80272524
BHF48;2;80.68557936;161.37115872
KSB551;1;59.58291052;59.58291052
KSB520;2;50.69855656;101.39711312
BMR88Z;2;80.68557936;161.37115872
MMBCC-MUS8-15PBE;4;96.514;386.056
EVE-F8XM-CF-ENG;1;351.288;351.288
BWF21XZ;4;99.90707472;399.62829888
BWR24Z;6;90.78058952;544.68353712
KCA362;1;88.80628864;88.80628864
VWR17G7R600;74;24.40869154;1806.24317396
FMSS3;2;60.1603004;120.3206008
SHDC015;6;117.916;707.496
SHDX015;1;225.049;225.049
ILZKAR8H8S;42;11.5292;484.2264
KLC185;3;50.67993108;152.03979324
KLC151;11;50.67993108;557.47924188
MMINT-MK7-15;8;384.2438;3073.9504
KDT957;7;21.89425174;153.25976218
KCA335;2;79.82880728;159.65761456
KLC32;1;48.25861868;48.25861868
SRNC031;3;119.3346;358.0038
W93189;3;16.50217528;49.50652584
VWR81G700;6;203.80000216;1222.80001296
AC-MK7-INLET;18;22.14;398.52
VWR180001;17;24.40869154;414.94775618
MMICP-EVO-10LBK;1;117.711;117.711
MMICP-EVO-10UBK;3;128.084;384.252
ATINTFO42;4;175.3123305;701.249322
KSR202;1;16.05516376;16.05516376
FMCTMK5;2;195.39991068;390.79982136
BTF81Z;1;72.58349556;72.58349556
KLC180-335;3;57.03121976;171.09365928
WSK-MAZ002;1;58.79132762;58.79132762
KTA229;1;108.74486498;108.74486498
WA402;1;25.4237802;25.4237802
W52988;1;22.3040123;22.3040123
W52991;4;24.52975716;98.11902864
SES9200;1;677.9022;677.9022
W83389;2;34.35469786;68.70939572
W52992;2;16.05516376;32.11032752
KCA434;3;26.31780324;78.95340972
KSR210;3;14.19261576;42.57784728
W0509;4;19.1842444;76.7369776
S-BM/T/3H;1;2855.896;2855.896
CTS-IT-258;5;76.6618;383.309
CTS-IT-259;12;83.6318;1003.5816
BMR78XZ;4;86.21734692;344.86938768
BMF51X;2;63.2800683;126.5601366
EVO9202;3;177.3824;532.1472
EVE-ST38V8S-CF-INT;4;843.288;3373.152
EVE-TRB8V8S-FLG-STK;11;23.124;254.364
EVE-TRB8V8S-LHD-NIL;9;280.932;2528.388
EVE-C63S-CF-INT;2;1335.288;2670.576
SES3078ICPBLK;8;248.2796;1986.2368
FMINDK20-RF;2;28.04066014;56.08132028
FMTUBL6;2;109.25706568;218.51413136
X-1056-BB;10;32.0128;320.128
SES1898ICP;4;186.1154;744.4616
SP1129WB;5;174.4468;872.234
SP3080BLK;1;176.6116;176.6116
999698.999954;1;320.8086;320.8086
999792.999954;1;351.288;351.288
053151.231031;2;33.579;67.158
400001004;2;1112.7892;2225.5784
KLC180-295;5;57.03121976;285.1560988
SRNC032;7;129.2812;904.9684
999778.999994;1;338.373;338.373
E-BM/T/5;3;1427.948;4283.844
ATINTVAG4;1;246.48960232;246.48960232
ATINTVAG13;1;308.88496032;308.88496032
FMBP3;4;195.77242028;783.08968112
043151.000388;1;32.5458;32.5458
SILZKBR8D8S;675;7.1422;4820.985
SILZKFR8D7S;68;5.6334;383.0712
BKR6E-11;12;1.4514;17.4168
EVE-ST38V8S-CF-HDP;1;384.252;384.252
KSB731;3;50.59611642;151.78834926
SAU048SYS;2;853.087;1706.174
SVWP054;10;69.1096;691.096
IFR7X8G;57;10.0942;575.3694
MMODP-1415B;11;8.118;89.298
MMODP-2015B;3;6.4944;19.4832
MMODP-1615B;23;8.118;186.714
VWR12PRWRCFO;2;44.29139144;88.58278288
PFR8S8EG;46;7.38;339.48
PFR7B;28;7.4866;209.6248
PFR7W-TG;32;7.585;242.72
LFR6AIX-11;26;6.3304;164.5904
JSK-116-BK;2;137.18597294;274.37194588
AC-27-CB;7;127.1;889.7
AC-27-TI;1;56.58;56.58
AC-200-IC;34;143.5;4879
AC-N54-TP;42;43.46;1825.32
AC-R56-IC;32;88.97;2847.04
AC-N54-IC;1;113.98;113.98
EVE-B9RS5-CF-INT;3;772.9238;2318.7714
06F253039F;46;0.902;41.492
DILKAR7B11;36;11.4554;412.3944
VWR69000BF1;29;7.11493336;206.33306744
CTS-IT-288;5;135.3;676.5
EVE-A90-CF-ENG;3;280.44;841.32
EVE-A90-CF-INT;3;655.836;1967.508
MMTS-MUS8-11;1;26.158;26.158
ATINTP&C6;2;308.84770936;617.69541872
ATINTP&C7;1;308.84770936;308.84770936
ATINTVAG35;2;433.67567632;867.35135264
ATMSVAG5;2;250.8852156;501.7704312
ATIKMAZ01;5;124.16676242;620.8338121
CTS-IT-289;8;171.3718;1370.9744
CTS-IT-800;3;135.3;405.9
CTS-IT-910;10;77.8918;778.918
CTS-EXH-DP-0024-S;1;148.8218;148.8218
CTS-HW-0271;8;34.4318;275.4544
CTS-EXH-DP-0025;8;225.4918;1803.9344
CTS-IT-340R;6;147.5918;885.5508
SVWC058;9;198.3908;1785.5172
SVWX058;2;331.0176;662.0352
SBMC073;6;142.8932;857.3592
SFDC089;10;135.1606;1351.606
U3P3MX5D;1;189.7644;189.7644
216EVOFL-RB;5;22.386;111.93
AC-Z33-DP;7;41;287
AC-Z33-YP;12;49.2;590.4
EVE-C63-FTR;3;56.088;168.264
KDT967;2;8.92160492;17.84320984
BKR001Z;3;75.27487742;225.82463226
BKF001Z;3;90.78058952;272.34176856
KLC180-115;8;41.65588602;333.24708816
SVWCS045;4;168.5018;674.0072
CTS-F8X-DF;4;319.7918;1279.1672
FMBP5;1;186.2548;186.2548
FMTUBL8;2;133.76819736;267.53639472
883089.000148;1;739.2546;739.2546
FMDV6R;1;131.71939456;131.71939456
PPF-2044;4;35.84473626;143.37894504
RPF-2050;3;17.12612886;51.37838658
PPF-2102;4;23.89649084;95.58596336
PPF-2047;4;23.89649084;95.58596336
FMTUBL9;3;106.78918958;320.36756874
FMEC1;1;199.4788908;199.4788908
MMRAD-SPY-00;4;136.653;546.612
MMRAD-MUS8-15;1;291.346;291.346
MMRAD-CTR-17S;2;217.8986;435.7972
MMBCC-STNGR-18PBE;3;97.416;292.248
KCA361;3;70.95376606;212.86129818
KCA467;2;133.8706375;267.741275
W53619;2;10.709651;21.419302
X-1015-BB;2;31.1518;62.3036
AC-VAG-ODP;136;2.255;306.68
CTS-FPK-002;2;245.9918;491.9836
CTS-IT-932;4;180.3918;721.5672
SCNX014;3;204.344;613.032
SMZ008;1;309.2384;309.2384
SMNX011;6;204.3522;1226.1132
ATINTFO52;4;237.08373492;948.33493968
SRNS028;1;317.0161;317.0161
EVE-N55-ENG;2;354.24;708.48
SVXP062;4;112.1596;448.6384
SCNC014;11;66.0674;726.7414
VWR12G7R601FO;23;72.71387392;1672.41910016
CTS-HW-408;16;58.6218;937.9488
AC-S63-DP;14;123;1722
CTS-HW-040;2;63.9518;127.9036
CTS-EXH-DP-0039;2;405.8918;811.7836
KCA430;3;35.23940816;105.71822448
KCA334;2;54.2932742;108.5865484
ATINTBMW2;1;280.16447016;280.16447016
ATINTBMW4;2;266.82862648;533.65725296
VWR1241S4;2;475.93689044;951.87378088
VWR19G707;8;36.60838094;292.86704752
VWR12G7R602;7;215.99969156;1511.99784092
VWR12UPITINLET;20;50.02803928;1000.5607856
VWR11UPGT;3;40.98536874;122.95610622
VWR19G711;9;48.81738308;439.35644772
VWR14G700;2;396.61097112;793.22194224
PKR7A;30;7.6096;228.288
RE8C-L;8;16.3754;131.0032
RE9B-T;8;17.8186;142.5488
RC-ZE81;2;41.3034;82.6068
MMRA-LC;9;8.6592;77.9328
BH-198;3;27.93822;83.81466
CLK-2;10;15.6454032;156.454032
BH-273;5;41.90733;209.53665
BH-279;3;34.6433928;103.9301784
BH-304;5;39.113508;195.56754
BH-330;2;48.0537384;96.1074768
BH-326;2;44.701152;89.402304
BH-262ST;4;32.4083352;129.6333408
JC60/S2000;2;32.48283712;64.96567424
COASRMR26;2;153.66021;307.32042
COASRM250;2;114.546702;229.093404
COASFST16T3;7;154.8243025;1083.7701175
STAB76A50014T;1;228.16213;228.16213
AB80SFRS2;1;279.3822;279.3822
WB-407;2;22.0711938;44.1423876
HMP-914;3;64.96567424;194.89702272
HMP-936;3;64.96567424;194.89702272
HMP-457;3;64.96567424;194.89702272
WB-235;2;44.1423876;88.2847752
WB-432;9;24.8650158;223.7851422
WB-280;1;37.02745424;37.02745424
HMP-385;1;53.082618;53.082618
BH-305;2;78.227016;156.454032
WB-427;5;24.8650158;124.325079
WB-358;3;23.17009712;69.51029136
HMP-244;2;32.48283712;64.96567424
WB-301;4;20.5345917;82.1383668
WB-336;4;22.0711938;88.2847752
HMP-363;3;32.48283712;97.44851136
HMP-424;1;32.48283712;32.48283712
HMP-526;6;36.319686;217.918116
HMP-592;4;32.48283712;129.93134848
HMP-712;8;36.319686;290.557488
WB-243;3;51.4063248;154.2189744
WB-567;3;23.17009712;69.51029136
WB-352;2;41.90733;83.81466
WB-429;11;49.7300316;547.0303476
WB-750;2;25.48896938;50.97793876
WB-665;1;27.3794556;27.3794556
WB-586;1;25.49828212;25.49828212
WB-607;3;23.17009712;69.51029136
WB-576;7;27.3794556;191.6561892
WB-568;7;24.8650158;174.0551106
WB-547;2;23.17009712;46.34019424
WB-544;3;23.17009712;69.51029136
WB-257;2;23.17009712;46.34019424
WB-482;1;18.51372712;18.51372712
WB-447;3;20.5345917;61.6037751
WB-439;7;27.3794556;191.6561892
WB-412;3;20.5345917;61.6037751
WB-402;2;18.51372712;37.02745424
WB-394;4;32.4083352;129.6333408
WB-370;2;20.5345917;41.0691834
WB-350;2;18.51372712;37.02745424
WB-341;2;24.8650158;49.7300316
WB-293;2;20.5345917;41.0691834
WB-287;1;24.8650158;24.8650158
HMP-929;2;39.113508;78.227016
HMP-921;1;32.48283712;32.48283712
HMP-895;2;41.90733;83.81466
HMP-347-2;3;64.96567424;194.89702272
WB-384;5;20.5345917;102.6729585
WB-232;2;19.9758273;39.9516546
WB-520;2;23.17009712;46.34019424
WB-308;2;20.5345917;41.0691834
WB-298;1;22.0711938;22.0711938
CTS-TR-1050;5;799.4918;3997.459
CTS-HW-361;1;39.3518;39.3518
CTS-IT-291;2;98.3918;196.7836
W0508;4;16.9491868;67.7967472
EVE-A90-CF-HDP;1;378.348;378.348
KSB659;1;83.12551724;83.12551724
W63491;2;7.69232324;15.38464648
KCA477;2;51.48082672;102.96165344
VWR29G7250;2;320.33963052;640.67926104
WB-206;2;23.16078438;46.32156876
HMP-369;2;32.48283712;64.96567424
WB-285;1;18.51372712;18.51372712
SFDP091;8;58.3184;466.5472
9-309-1009;6;85.239;511.434
U5093;8;34.6614;277.2912
ILZTR6A8G;14;6.929;97.006
ILFR6B;50;5.8794;293.97
KDT973;7;127.73354184;894.13479288
KCA403;2;68.52314092;137.04628184
KTA281;1;107.45039412;107.45039412
MMBCC-F80-15CBE;12;118.162;1417.944
MMICP-F80-15;5;184.91;924.55
EVE-FK2V3-CF-CHG;4;327.18;1308.72
AC-FIST7-BAD;50;13.94;697
AC-200-EVAP;48;3.69;177.12
SHYC103;10;133.7584;1337.584
SMBP006;3;135.1565;405.4695
WB-513;3;36.319686;108.959058
HMP-943;2;64.96567424;129.93134848
PPF-1744;5;23.89649084;119.4824542
MMHE-F80-15;1;277.365;277.365
EVE-FK8V3-CF-CHG;5;327.18;1635.9
MMOC-F80-15;9;234.9628;2114.6652
MMINT-F80-15;3;683.265;2049.795
TTEIS38;1;940.1054;940.1054
BBF44Z;4;109.08012362;436.32049448
BBR44Z;4;92.85733054;371.42932216
EVE-FK8FK2-ENG;3;234.192;702.576
BTR99Z;2;74.12009766;148.24019532
BTF99Z;2;90.78058952;181.56117904
KCA478;1;208.08386256;208.08386256
ALP.19.08.0004-1;5;351.5586;1757.793
MMOC-MUS8-15T-SL;3;342.309;1026.927
VWR120001;20;3.05457872;61.0915744
ATMSFO108;3;63.1403772;189.4211316
R7438-9;122;25.625;3126.25
9-307-1059;16;85.239;1363.824
10.127.101TK;18;6.15;110.7
F2360P;24;24.0424;577.0176
F2361P;24;17.22;413.28
KT4006;2;434.477;868.954
ALP.19.08.0002-1;1;60.4094;60.4094
ALP.19.02.0001-1;1;439.4954;439.4954
ALP.07.08.0008-1;1;535.2714;535.2714
KT4042;2;536.7474;1073.4948
KT4021;2;343.662;687.324
KT4016;3;634.352;1903.056
KT4013;1;427.4824;427.4824
KT4041;1;619.7396;619.7396
KT4008;3;369.1148;1107.3444
KT4014;1;427.4824;427.4824
KT4026;2;560.4946;1120.9892
KT4025;4;434.477;1737.908
ATIKFO21;5;95.48352322;477.4176161
KT4019;2;499.3226;998.6452
KT4040;2;525.7922;1051.5844
KT4007;2;397.659;795.318
F2428P;24;24.0424;577.0176
F2429P;24;17.22;413.28
EVE-S55-CF-CHG;8;388.68;3109.44
CTS-TR-1000;1;426.3918;426.3918
CTS-IT-341;7;117.2518;820.7626
CTS-IT-349;1;132.8318;132.8318
CTS-IT-348;2;135.2918;270.5836
SBMP081;7;171.3226;1199.2582
P3BTAP1;2;28.536;57.072
P3BTAP2;3;28.536;85.608
AC-200K03-OT;88;41;3608
FMINDK33;1;191.59100002;191.59100002
FMCT6;2;186.96256824;373.92513648
058198025A;17;2.009;34.153
06K103213A;4;3.28;13.12
058253039L;50;0.697;34.85
06L115441;120;0.779;93.48
06F103483D;14;2.05;28.7
EVE-RS5-CF-SLM;1;398.028;398.028
1J0121407E;12;4.1;49.2
ATMSFO104;3;26.70893832;80.12681496
MMRAD-CTR-17;4;256.168;1024.672
EVE-RS4-CF-SLM;2;398.028;796.056
EVE-RS5-CF-ENG;1;374.904;374.904
EVE-B58F-CF-ENG;1;304.548;304.548
EVE-N55-M2-ENG;2;398.52;797.04
03K906051;31;4.018;124.558
CTS-IT-312;19;58.6218;1113.8142
CTS-IT-292;4;90.1918;360.7672
CTS-IT-166;3;106.5918;319.7754
VWR12P1GTFO;2;49.57171502;99.14343004
034-605-0022;2;72.16;144.32
034-401-1006;2;266.5;533
EVO1106;4;162.8274;651.3096
EVO2300;4;170.0352;680.1408
20VW36502X;1;1027.747;1027.747
EVE-F4XB48-CF-INT;3;609.096;1827.288
EVE-JCWGP3-INT;2;758.664;1517.328
KT9902;1;615;615
AC-211-CFA;46;3.28;150.88
FMBP4;2;97.57888972;195.15777944
U5020;4;17.1052;68.4208
HMP-954;3;36.319686;108.959058
EVE-W210-FTR;17;46.74;794.58
EVE-15144-G2-FTR;3;29.028;87.084
ILTR6A-8G;16;8.7658;140.2528
MS100204;196;57.3508;11240.7568
CTS-TR-1050-OG;3;737.9918;2213.9754
CTS-TR-1070;1;737.9918;737.9918
FMDV26A;2;83.81466;167.62932
DILKAR7C9H;52;8.2902;431.0904
PFR7Z-TG;57;5.8958;336.0606
KDT919;4;36.63631916;146.54527664
VWR12G7R602ITBLA;13;48.81738308;634.62598004
VWR13G700-SERV;8;14.03429918;112.27439344
AC-OPC-DP;5;34.44;172.2
AC-S55-MP;20;180.4;3608
"THE-B5 037RE";1;137.596;137.596
MMAF-4007;1;24.805;24.805
MMBCC-SUP-20CBE;2;131.241;262.482
MMICP-STNGR-18F;1;79.0152;79.0152
MMTC-MUS-15SL;2;183.557;367.114
MMODP-12125B;10;8.118;81.18
VWR670006;12;76.2713406;915.2560872
VWR670004;6;61.01707248;366.10243488
U5055;166;14.3336;2379.3776
VWR670007;12;38.1356703;457.6280436
AC-200-VRA;25;4.92;123
BM5G9448AE;21;4.92;103.32
078198025;8;2.706;21.648
022103483E;11;4.92;54.12
06L253039C;36;2.87;103.32
078253039G;27;1.476;39.852
JSK-108;4;111.06373724;444.25494896
JSK-141;3;161.39909694;484.19729082
PPF-9795;3;23.89649084;71.68947252
06K103495AC;9;9.84;88.56
MMBCC-MUS8-18PBE;3;96.514;289.542
034-101-3051;5;11.193;55.965
WB-514;1;25.49828212;25.49828212
SHD0395-1P-BK;2;17.5972;35.1944
SMA0001-1C-BK;2;18.2204;36.4408
SMA0002-1C-BK;3;18.2204;54.6612
SMT6052-1C;2;18.2204;36.4408
SSU1000-1P-BK;2;9.84;19.68
L3P3A8SX;3;189.7644;569.2932
L-ME/SS/3;1;417.4046;417.4046
S-ME/T/1H;1;2399.2462;2399.2462
WHT005185;70;2.87;200.9
MMAF-3005S;3;18.04;54.12
ALP.19.09.0001-2;3;797.8354;2393.5062
BMR74Z;3;83.12551724;249.37655172
KCA428;4;99.90707472;399.62829888
KDT974;3;105.49471872;316.48415616
KDT976;3;115.97155122;347.91465366
KLC140-395;3;50.68924382;152.06773146
KCA485;6;68.03887844;408.23327064
KDT969;2;27.1000734;54.2001468
VWR12UPGTCOMP;2;225.15411498;450.30822996
AC-WS-15-FK;4;11.6768;46.7072
KTA282;2;111.8460074;223.6920148
KTA291;3;257.73939224;773.21817672
WA302R+L;2;89.69099894;179.38199788
WSK-FRD011;2;125.29360396;250.58720792
R01-10-2;18;41;738
R02-10-2;7;41;287
R07-10-2;5;41;205
R12-10-1;4;36.9;147.6
R13-10-2;7;41;287
R09-10-2;5;36.9;184.5
R03-10-2;6;32.8;196.8
R04-10-2;8;32.8;262.4
R05-10-2;9;32.8;295.2
EVE-F8XM-CF-SBC;1;515.124;515.124
SILZKGR8B8S;316;6.3058;1992.6328
L3P3MIEX;2;185.0084;370.0168
L3P3BG2X;3;185.0084;555.0252
L3P3BG3X;2;185.0084;370.0168
033CV17144;1;399.0202;399.0202
039DD21131;1;266.0162;266.0162
343PE16144;2;332.5264;665.0528
R-VW-004-HR;1;220.58;220.58
R-FIA-003-I;3;213.61;640.83
ILZKBR7B8G;92;6.027;554.484
VWR810000;33;12.81433024;422.87289792
001243.999532;2;355.9374;711.8748
EVE-A35-CF-INT;5;609.096;3045.48
EVE-A35-CF-CHG;6;351.288;2107.728
034-106-3039;7;266.5;1865.5
CTS-HW-306;8;44.2718;354.1744
CTS-IT-277;9;103.7218;933.4962
KLC233;2;57.03121976;114.06243952
VWR180002;10;13.41965834;134.1965834
058129717D;10;1.066;10.66
079133074B;9;3.28;29.52
1J0253115A;3;1.066;3.198
11127565286;34;3.321;112.914
T50-10-1;13;26.7156;347.3028
PPF-1198;1;23.89649084;23.89649084
PPF-9933;2;23.89649084;47.79298168
PPF-9822;3;47.80229442;143.40688326
SBMP082;10;99.3758;993.758
MMTC-SUP-20;1;224.598;224.598
MMSBH-F80-15;1;175.89;175.89
"THE-8J 003 02";2;16.4;32.8
KT4033;2;435.2396;870.4792
KT4048;2;546.9482;1093.8964
VWR12G7R600OS;14;14.03429918;196.48018852
VWR180003;20;13.41965834;268.3931668
VWR31G8GT;8;120.12503326;961.00026608
SFDX089;2;286.4014;572.8028
WB-512;3;24.8650158;74.5950474
KLC140-255;3;50.68924382;152.06773146
KDT975;2;124.84659244;249.69318488
MMAI-SUP-20;2;199.7028;399.4056
CI100033-B;14;131.9872;1847.8208
MS100137;9;114.7754;1032.9786
MS100110;8;22.9354;183.4832
MMRAD-SUP-20;2;349.6152;699.2304
MMRAD-SUP-20A;1;256.9798;256.9798
9-307-1060;25;85.239;2130.975
9-441-0901;1;130.339;130.339
AC-45-BT;8;12.054;96.432
AC-B48-BT;2;11.111;22.222
AC-MK7-TI;2;28.7;57.4
AC-MK7-TO;26;31.16;810.16
7-502;1;78.228;78.228
7-400;2;65.19;130.38
7-404;2;83.148;166.296
7-402;2;78.228;156.456
7-500;1;88.068;88.068
6-01-G;8;14.268;114.144
06K103484F;1;1.517;1.517
KLC242;3;52.41210072;157.23630216
BTR102Z;1;68.03887844;68.03887844
CTS-CRI-14422;3;319.7918;959.3754
CTS-BV-0009-3;3;112.7418;338.2254
VWR3131S3;3;120.12503326;360.37509978
011EM16134;2;212.1586;424.3172
ATINTHYU1;3;299.94472992;899.83418976
ARMABM92M3-A;2;555.96;1111.92
VWR190000;4;48.81738308;195.26953232
ARMABM87M2-A;2;586.3;1172.6
ARMAHDATYR-A;2;545.71;1091.42
ARMATYPFK8-A;2;496.1;992.2
ARMAADS5B9-A;2;545.71;1091.42
ARMAAUDIS4-A;1;535.788;535.788
EVE-GR4-CF-INT;6;639.6;3837.6
VWR680004;3;418.3748445;1255.1245335
VWR680014;5;286.02218362;1430.1109181
MS100112;6;22.9354;137.6124
CI100038;2;631.3754;1262.7508
CI100038-B;1;195.1354;195.1354
CI100039-B;21;97.5554;2048.6634
ATEXHHYU1;3;145.81888292;437.45664876
PPF-9856;2;23.89649084;47.79298168
PPF-9998;4;23.89649084;95.58596336
PPF-9774;2;23.89649084;47.79298168
ARMAAD0RS6-A;2;694.54;1389.08
ARMATYFT86-A;2;383.76;767.52
ARMABZA450G-A;5;543.66;2718.3
ARMABZA250S;4;486.178;1944.712
ARMAGOLF6R-A;1;419.84;419.84
ARMABM8235-A;2;444.235;888.47
ARMABMW335-A;3;443.784;1331.352
ARMAFDMK40-A;2;253.011;506.022
ARMAMINR60-A;3;302.58;907.74
ARMABM82M4-A;2;989.74;1979.48
ARMAAD08VA-A;2;619.92;1239.84
CTS-IT-820;7;98.3918;688.7426
CS57-AR60016;1;35.916;35.916
CS57-AR60046;1;33.62;33.62
CS57-AR60022;1;31.16;31.16
CS57-AR60037;2;37.392;74.784
CS57-AR60038;2;78.72;157.44
CS57-AR60019;3;33.456;100.368
CS57-AR60009;2;34.44;68.88
CS57-AR60010;2;34.44;68.88
ARMAFDFIST-A;2;171.38;342.76
ARMAFDMK30;2;171.38;342.76
ARMAGOLF7G-A;4;491.139;1964.556
CG85-02-0023;11;159.08;1749.88
1CCVW08F02;1;99.22;99.22
ARMAAD0RS4-1;6;72.16;432.96
ES-311366;4;24.483519;97.934076
ES-361074;5;24.483519;122.417595
ES-325248;4;19.042737;76.170948
MMRAD-MK7-15;10;256.619;2566.19
MMRAD-MK7-15A;9;128.084;1152.756
MMINT-MK6-06;10;372.9688;3729.688
MMBCC-S4-18PBE;1;170.478;170.478
MMRAD-MIA-06;4;163.4752;653.9008
ES-361077;2;24.483519;48.967038
ES-325499;4;19.042737;76.170948
ES-351122;4;24.483519;97.934076
ES-355042;3;19.042737;57.128211
ES-351186;8;24.483519;195.868152
ES-355194;7;19.042737;133.299159
ES-351301;5;24.483519;122.417595
ES-351255;2;24.483519;48.967038
ES-355257;3;19.042737;57.128211
ES-331140;3;24.483519;73.450557
ES-335036;3;19.042737;57.128211
ES-331238;1;24.483519;24.483519
ES-335300;5;19.042737;95.213685
ES-341225;7;24.483519;171.384633
ES-335233;1;24.483519;24.483519
ES-335161;4;24.483519;97.934076
ES-331120;3;24.483519;73.450557
ES-325198;5;19.042737;95.213685
ES-321310;4;24.483519;97.934076
ES-321262;3;24.483519;73.450557
ES-331167;6;24.483519;146.901114
ES-325469;1;19.042737;19.042737
ES-321467;1;24.483519;24.483519
SD-3352538;3;60.3020005;180.9060015
SD-3311001;9;95.213685;856.923165
SD-3355038;4;63.47579;253.90316
SD-3315007;1;79.3447375;79.3447375
SD-3355008;4;63.47579;253.90316
SD-3313061;2;69.823369;139.646738
SD-3355060;2;66.6495795;133.299159
SD-3218172;4;72.9971585;291.988634
SD-3252008;5;64.7453058;323.726529
SD-3218112;2;69.823369;139.646738
SD-3252010;4;64.7453058;258.9812232
SD-3252028;5;118.6997273;593.4986365
SD-3212031;4;133.299159;533.196636
SD-3212037;3;93.62679025;280.88037075
SD-3252034;2;88.866106;177.732212
SD-3416003;2;104.41767455;208.8353491
AMS.21.09.0002-1;3;61.4672;184.4016
ALP.07.07.0010-1;1;1377.5918;1377.5918
BSR20XXXZ;1;80.68557936;80.68557936
BBF46;4;86.89717694;347.58870776
SD-3456004;1;85.6923165;85.6923165
SD-3416053;2;142.8205275;285.641055
SD-3456054;2;130.1253695;260.250739
SD-3617001;3;66.6495795;199.9487385
SD-3657010;3;66.6495795;199.9487385
SD-3617003;4;107.908843;431.635372
SD-3657012;2;92.0398955;184.079791
WSK-TOY002;6;79.623927;477.743562
SD-3657014;3;104.41767455;313.25302365
SD-3512802;4;72.0423546;288.1694184
SD-3552803;4;72.0423546;288.1694184
SD-3513005;3;66.6495795;199.9487385
SD-3552805;2;53.9544215;107.908843
SD-3513099;3;72.0423546;216.1270638
SD-3551535;3;66.6495795;199.9487385
369928C;1;1093.7078;1093.7078
SD-3513145;4;66.6495795;266.598318
SD-3553070;3;79.3447375;238.0342125
SD-3513149;4;93.62679025;374.507161
SD-3553084;3;82.8332389;248.4997167
MMTS-F80-15;20;51.4058;1028.116
MMTS-CTR-17;3;23.4438;70.3314
SD-3519301;1;92.0398955;92.0398955
SD-3513007;3;88.866106;266.598318
SD-3559302;4;72.9971585;291.988634
Z-9910017;4;107.908843;431.635372
Z-3250001;7;69.823369;488.763583
ILZKAR7A10;24;5.8138;139.5312
Z-325469;2;63.47579;126.95158
ATINTYGR1;1;311.25970902;311.25970902
AC-IS-TB;74;20.91;1547.34
Z-341225;11;69.823369;768.057059
Z-335161;4;63.47579;253.90316
Z-335233;6;63.47579;380.85474
Z-325499;9;63.47579;571.28211
Z-345227;2;63.47579;126.95158
Z-361074;5;69.823369;349.116845
Z-325248;3;63.47579;190.42737
FS-38034B24R/25L;2;253.90316;507.80632
FMMD5;4;59.2755901;237.1023604
034-504-Z013;4;133.25;533
6-1002-FRB;16;63.468;1015.488
R-BMW-018-I;4;330.05;1320.2
R-AUD-001-I;3;246.41;739.23
C-AUD-004L;2;741.28;1482.56
FSBS40034B26R/27L;2;628.410321;1256.820642
FP3325137;6;174.5584225;1047.350535
FP-3355132;3;98.3874745;295.1624235
EVE-ST38V8S-CF-ENG;5;280.932;1404.66
P3PSEN;5;30.914;154.57
KT9954;1;805.896;805.896
STAB122XLI30N;2;156.454032;312.908064
FMMD6;3;61.42683304;184.28049912
SES3078;2;454.0668;908.1336
SES3078TIP;10;63.1646;631.646
X-1030;14;10.168;142.352
CI100033-A;4;25.8054;103.2216
MS100113;5;31.5454;157.727
CI100033;3;315.6754;947.0262
CI100037;6;286.9754;1721.8524
TS-0205-1010;1;127.1;127.1
TS-0203-1057;1;82.9266;82.9266
EVE-C8RS6-CF-INT;4;1303.8;5215.2
TS-0203-1257;4;75.85;303.4
TS-0203-1262;3;84.0336;252.1008
TS-0203-1264;2;65.6;131.2
TS-0203-1081;2;88.15;176.3
TS-0203-1104;1;13.1036;13.1036
AU128;1;558.7644;558.7644
TS-0203-1101;3;10.0696;30.2088
TS-0203-2002;2;12.3;24.6
TS-0720-1004;4;15.0634;60.2536
A1000008;12;11.4554;137.4648
MS100086;2;48.4538;96.9076
CI100039;19;157.8172;2998.5268
TS-0720-1003;2;18.8436;37.6872
MS100198;3;517.4036;1552.2108
MS100016;2;647.4474;1294.8948
VWR17G8R600;18;24.40869154;439.35644772
VWR190001;3;49.83247174;149.49741522
VWR160000;4;73.21676188;292.86704752
SBMP083;3;112.5532;337.6596
SBMX083;1;329.5252;329.5252
TS-0720-1007;1;16.4;16.4
TS-0402-1001;1;10.2336;10.2336
VWR31G80R;1;120.12503326;120.12503326
033CS17136;2;266.0162;532.0324
R-OPE-005-I;1;220.58;220.58
TS-0402-1004;2;8.4952;16.9904
TS-0402-1005;2;8.4952;16.9904
TS-0402-1006;4;11.6686;46.6744
TS-0402-1013;1;12.2836;12.2836
VWR54G5COMP;2;248.44527772;496.89055544
TS-0645-4052;1;77.8836;77.8836
TS-0645-3052;2;77.8836;155.7672
TS-0302-1002;1;140.63;140.63
SAUC092;2;397.2859;794.5718
SAUP087;6;144.8694;869.2164
STYP009;7;127.0016;889.0112
ATINTBMW7;2;308.87564758;617.75129516
ATRADBMW1;1;336.75799114;336.75799114
KLC157;8;50.68924382;405.51395056
KCA417;4;15.05870058;60.23480232
KLC175;1;50.68924382;50.68924382
KTA138A;2;96.68486668;193.36973336
TS-0622-5072;1;77.9;77.9
EVE-A45S-CF-INT;7;655.836;4590.852
CTS-EXH-DP-0026;2;737.9918;1475.9836
CTS-IT-938;11;180.3918;1984.3098
CTS-HW-450;3;73.7918;221.3754
CTS-IGN-006;237;15.9818;3787.6866
CTS-IGN-007;102;21.3118;2173.8036
MMTB-CTR-17;2;74.415;148.83
MMTB-SUP-20;7;99.9826;699.8782
MMTB-MUS4-15;2;92.6846;185.3692
MMTB-FOST-13;3;92.6846;278.0538
MMTB-N54-07;4;134.9884;539.9536
AC-MK7-FPT;19;2.624;49.856
AC-UNI-WD;131;2.87;375.97
A1000004;19;5.7072;108.4368
CI100040;4;286.9918;1147.9672
MS100195;11;68.8554;757.4094
CI100037-A;3;177.9154;533.7462
MS100180;1;176.7592;176.7592
ARMABM90M5-A;1;798.68;798.68
ARMAMIM135-A;1;570.515;570.515
ARMABM3034-A;3;546.12;1638.36
ARMABMWF30-A;1;546.12;546.12
CG85-02-0002;5;158.752;793.76
300001009;1;518.7976;518.7976
ALP.07.13.0002-1;1;104.5172;104.5172
ALP.07.03.0016-1;1;551.0154;551.0154
ALP.07.03.0014-1;1;122.9754;122.9754
AMS.04.05.0001-1;2;304.1954;608.3908
VWR810002;14;36.00305284;504.04273976
VWR29DQ381;7;334.9792578;2344.8548046
VWR130006;14;25.9359809;363.1037326
R-BMW-019-I;4;330.05;1320.2
03H971921;639;3.936;2515.104
R17-10-2;10;41;410
AC-180-EM;48;13.284;637.632
ATIKYGR01;4;181.3190478;725.2761912
ATMSYGR02;5;163.69934372;818.4967186
ATMSYGR04;2;237.68906302;475.37812604
S-TY/T/2;2;1687.7322;3375.4644
E-TY/SS/3;3;268.5008;805.5024
SMA0600-1P-BK;3;9.4218;28.2654
STY0014-1C-BK;3;18.2204;54.6612
ATINTFO55;1;279.2890726;279.2890726
U5099;38;35.3338;1342.6844
TS-0223-1091;1;90.1836;90.1836
TS-0801-1002;2;47.15;94.3
TS-0645-2052;4;66.625;266.5
MMSBH-RX8-04K;1;230.461;230.461
FMINDK31;6;151.32271226;907.93627356
ATMSFK802;2;251.26703794;502.53407588
ATINTHON03;1;337.01874786;337.01874786
ATMSYGR05;4;34.58751636;138.35006544
MS100210;97;40.1308;3892.6876
GPST;78;0.82;63.96
AMS-00.06.0108-1;941;0.3444;324.0804
PPF-1826;2;23.89649084;47.79298168
WSK-TOY001;2;91.94468202;183.88936404
BHF53Z;1;83.79603452;83.79603452
VWR12G7R600;1;197.69084472;197.69084472
VWR12G7R600ITBLA;14;97.63476616;1366.88672624
ITGFST8;3;123.2075502;369.6226506
PRK-148-BK;1;243.36983442;243.36983442
VWR180004;22;17.0888779;375.9553138
AC-MK7-IM;12;188.6;2263.2
WB-508;2;55.87644;111.75288
ITGYARISKITEVO;2;288.11755012;576.23510024
ATIKMINI04;6;202.11439622;1212.68637732
VWR810005;6;79.32591932;475.95551592
VWR810004;10;91.52560872;915.2560872
VWR810009;7;25.62866048;179.40062336
CTS-F1x-M5M6-DF;2;491.9918;983.9836
EVE-Vbadge;10;6.888;68.88
ATMSYGR01;2;98.97580072;197.95160144
VWR120010;49;114.09969048;5590.88483352
VWR120003;8;114.09969048;912.79752384
ILKR8E6;16;10.0696;161.1136
DILKAR8A8;42;15.621;656.082
AC-N54-TB;29;68.88;1997.52
BPR8EIX;8;6.8634;54.9072
R18-10-2;6;32.8;196.8
AC-MK7-GFH;14;13.12;183.68
MMOCF-BMW;6;27.9292;167.5752
CTS-HX-006;1;133.2418;133.2418
P3ESVA;2;40.426;80.852
PPF-1512;3;23.89649084;71.68947252
KCA510;10;88.03333122;880.3333122
KTA285;5;151.5182798;757.591399
KTA286;2;95.35314486;190.70628972
AC-MK7-BT;56;9.84;551.04
AC-27-YH;13;26.2072;340.6936
KTA259;1;127.3517195;127.3517195
EUPD6003411R;2;713.1868;1426.3736
MMAI-MK7-TI;5;69.003;345.015
AC-500-TB;71;17.8432;1266.8672
AC-45-TB;57;33.4232;1905.1224
AC-200-TB;64;22.7632;1456.8448
EUPD3003713R;3;351.5504;1054.6512
ATINTVAG41;1;619.75353426;619.75353426
ATIKYGR02;3;346.48980444;1039.46941332
ATIKNIS01;2;170.3765783;340.7531566
ILKAR7L11;12;10.7666;129.1992
MMHOSE-MK7-15RRBK;2;13.981;27.962
EUPD4003106R;3;555.7468;1667.2404
EUPD6003412R;1;772.6204;772.6204
CTS-HX-007;3;213.1918;639.5754
EUPD4004701R;5;393.3868;1966.934
EUPD4002102R;1;334.3468;334.3468
EUPD4002106R;1;339.2668;339.2668
EUPD4002112R;5;358.9468;1794.734
EUPD4005001R;2;388.8604;777.7208
EUPD6002209R;1;516.3868;516.3868
EUPD8002210R;1;688.5868;688.5868
EUPD6003401R;1;629.5468;629.5468
EUPD6002211R;2;516.3868;1032.7736
EUPD6002210R;2;516.3868;1032.7736
EUPD5002115R;4;467.1868;1868.7472
EUPD4003601R;1;383.5468;383.5468
EUPD4003302R;1;559.4204;559.4204
EUPD4003211R;3;344.1868;1032.5604
EUPD2003301R;3;367.5404;1102.6212
VWR190002;5;36.60838094;183.0419047
ALP.07.04.0028-2;3;119.8594;359.5782
CI100035-B;2;195.1354;390.2708
AC-MK8-MD;77;21.73;1673.21
AC-BM-ODP;71;2.05;145.55
AC-27-DEL;10;5.33;53.3
PPF-9786;2;23.89649084;47.79298168
RPF-2045;5;20.09689292;100.4844646
VWR810006;8;128.13398966;1025.07191728
SP-27;19;8.774;166.706
CTS-A90-HX;2;270.5918;541.1836
ATMSYGR08;2;65.44993672;130.89987344
ATMSYGR07;4;78.10595038;312.42380152
ATMSREN8;5;77.59374968;387.9687484
ATMSREN7;3;67.02378978;201.07136934
DP-BM/SS/9;1;1168.1638;1168.1638
SFDC091;3;151.8804;455.6412
SFDX091;2;241.08;482.16
ATIKHYU5;3;171.6337982;514.9013946
ATMSHYU4;1;127.94773486;127.94773486
WB-323;5;23.17009712;115.8504856
VWR520000;7;85.41645128;597.91515896
VWRA10000;6;4.57255534;27.43533204
EUPD4002701R;1;427.8268;427.8268
VWR150002;4;163.22439398;652.89757592
ALP.37.03.0004-2;1;127.92;127.92
RC-HE64;3;21.7464;65.2392
EVE-G8XMV2-CF-INT;15;1303.8;19557
ATIKBMW2;2;213.78325944;427.56651888
ATMSBMW5;2;169.76193746;339.52387492
ARMABG82M4-A-3/4;1;712.58;712.58
ARMATYYAGR-A;2;319.8;639.6
1CCVW08F04;7;188.6;1320.2
ARMABG82M4-5;2;153.34;306.68
E-BM/T/12;2;1203.0302;2406.0604
TP-CT/69;2;1042.63;2085.26
S-BM/TI/33H;1;3270.857;3270.857
PFR7G-11S;1;8.1016;8.1016
EVE-E9X-CF-DCT;2;329.64;659.28
AC-200-PP;43;24.6;1057.8
SAUP090;2;69.1096;138.2192
WSK-SUB001;1;64.47209902;64.47209902
VWR680003;2;343.2210327;686.4420654
SFD098;1;268.5008;268.5008
FMINLD1;4;199.46957806;797.87831224
FMDV34A;3;107.09651;321.28953
FMDV34R;3;91.80499092;275.41497276
E10-82-092-01-22;5;110.536;552.68
CI100035;2;315.6754;631.3508
AMS.38.08.0002-1;1;2459.9918;2459.9918
AMS.38.08.0001-1;1;654.9422;654.9422
AMS.38.09.0001-1;1;215.2172;215.2172
AMS.38.02.0001-1;2;553.4672;1106.9344
AMS.38.14.0003-2;1;4243.4672;4243.4672
E10-42-052-03-22;5;110.536;552.68
E10-42-040-06-22;1;127.92;127.92
E10-20-046-02-22;3;127.92;383.76
E10-35-023-14-22;2;120.048;240.096
E10-35-047-07-22;2;98.072;196.144
E10-35-016-09-22;3;110.536;331.608
E10-35-016-05-22;2;84.296;168.592
E4043-140;1;123.656;123.656
CI100042;16;860.9754;13775.6064
E10-40-036-06-22;1;103.976;103.976
CI100043;2;803.5754;1607.1508
E10-40-011-01-22;1;93.808;93.808
E10-55-007-01-22;1;109.552;109.552
E10-35-023-08-22;2;93.808;187.616
E20-55-019-01-22;2;87.248;174.496
E5530-140;1;102.336;102.336
E10-25-036-05-22;1;162.032;162.032
E10-30-013-01-22;2;91.512;183.024
E10-70-009-01-22;1;91.512;91.512
E10-35-046-01-22;3;97.416;292.248
E10-55-013-03-22;1;88.888;88.888
E10-55-008-05-22;2;84.952;169.904
E10-82-043-01-22;2;94.136;188.272
E10-82-001-01-22;1;87.904;87.904
E10-15-004-03-22;2;93.808;187.616
E10-15-007-14-20;3;71.832;215.496
E10-15-022-02-22;2;124.312;248.624
E10-15-027-01-22;1;192.536;192.536
E1570-140;4;107.256;429.024
IFR7G-11KS;11;10.2336;112.5696
E10-15-009-01-22;2;99.384;198.768
E10-15-009-05-22;2;112.832;225.664
E20-15-021-06-22;4;119.72;478.88
E10-20-022-09-22;1;156.128;156.128
E10-20-031-09-22;3;121.032;363.096
E10-20-014-17-22;2;115.784;231.568
E10-20-001-02-22;1;108.896;108.896
E10-63-020-01-22;1;109.88;109.88
SBMP086;18;173.8318;3128.9724
E10-75-017-05-22;2;104.304;208.608
E10-75-020-05-22;3;118.408;355.224
E10-75-012-05-22;2;107.256;214.512
UR-TW2-3932;2;67.4286;134.8572
E10-75-003-15-22;3;105.944;317.832
E10-70-010-01-22;3;86.264;258.792
E20-65-013-02-22;3;80.36;241.08
E20-65-015-02-22;2;75.768;151.536
E20-81-003-02-22;1;79.376;79.376
E20-85-051-06-22;3;96.76;290.28
E20-85-051-05-22;1;117.096;117.096
E20-85-003-01-22;3;75.44;226.32
E20-15-021-02-22;8;106.928;855.424
E20-15-021-05-22;3;110.536;331.608
UR-TW2-323;12;47.1008;565.2096
UR-TW2-340;8;47.1008;376.8064
UR-TW3-020;4;52.521;210.084
UR-TW2-986;2;55.9076;111.8152
UR-TW4-786;2;74.5462;149.0924
UR-TW2-1345;3;55.9076;167.7228
E40-82-089-02-11;1;384.293;384.293
E40-85-014-06-11;3;307.5;922.5
E40-15-021-04-11;2;361.62;723.24
E40-20-031-03-11;2;215.168;430.336
UR-TW2-1715;3;49.979;149.937
UR-TW2-1796;4;47.1008;188.4032
UR-TW2-3051;10;58.4496;584.496
UR-TW2-3109;2;49.979;99.958
UR-TW2-110;2;61.8362;123.6724
UR-TW2-729;2;49.979;99.958
UR-TW2-3212;5;55.9076;279.538
UR-TW2-1289;1;49.979;49.979
UR-TW4-2741;1;66.0756;66.0756
UR-TW2-515;2;63.5336;127.0672
UR-TW4-2141P;2;67.4286;134.8572
UR-RE2-3933A;2;61.8362;123.6724
UR-TW2-1362;2;61.8362;123.6724
UR-RE2-1107;4;39.811;159.244
UR-RE2-1157;1;47.1008;47.1008
UR-LA2-3677;1;38.1177;38.1177
UR-LA2-3052;1;33.5462;33.5462
UR-LA2-1347;1;39.811;39.811
UR-LA2-3208;5;33.5462;167.731
UR-LA2-1256;2;36.9328;73.8656
UR-LA2-2090;3;40.6556;121.9668
UR-LA2-1503;2;36.9328;73.8656
UR-LA2-1291;2;33.5462;67.0924
UR-LA2-853;3;52.521;157.563
UR-RL2-732;2;36.9328;73.8656
UR-RL2-1080;2;30.1514;60.3028
UR-RL2-422;2;33.5462;67.0924
UR-RL2-988;2;39.811;79.622
UR-RT2-3216;3;49.979;149.937
UR-RL2-1295;3;33.5462;100.6386
UR-RL2-301;3;33.5462;100.6386
UR-RL2-2146;2;32.1932;64.3864
UR-RL2-2614;3;39.811;119.433
EVE-GR4-CF-ENG;3;280.44;841.32
UR-RL2-652;2;33.5462;67.0924
UR-RL2-791;1;33.5462;33.5462
UR-RL2-790;2;36.9328;73.8656
UR-RU4-2987;3;72.8488;218.5464
UR-LA8-1257;5;84.3698;421.849
UR-RL4-1259;7;72.8488;509.9416
UR-LA3-3524;4;50.4874;201.9496
UR-RE2-3934;1;39.811;39.811
UR-RT2-329;6;38.1136;228.6816
UR-ROC4-1260A;2;86.4034;172.8068
UR-RU2-1109;4;40.6597;162.6388
UR-FD3-1456;1;67.4286;67.4286
UR-AR18-303;3;92.8076;278.4228
UR-AR19-378;1;89.0848;89.0848
UR-AF23-316;1;87.7564;87.7564
UR-AR23-361;3;101.5734;304.7202
ATMSYGR09;3;101.84412464;305.53237392
ATMSFT1;1;237.68906302;237.68906302
0W40;18;17.7202;318.9636
VWR030001-GAR;2;348.09159572;696.18319144
VWR030001-CONT;1;348.09159572;348.09159572
EVE-C8BMC-FTR;4;123.984;495.936
EUPD4003209R;2;344.1868;688.3736
EUPD4003001R;1;415.5104;415.5104
E10-85-043-02-22;2;117.424;234.848
E10-25-043-06-22;3;106.928;320.784
E10-35-020-02-22;4;84.952;339.808
E4023-140;1;100.368;100.368
E10-85-041-01-22;3;106.928;320.784
E10-85-040-01-22;2;68.552;137.104
E10-57-002-01-22;3;85.608;256.824
E20-81-016-04-22;1;90.2;90.2
E10-85-008-02-22;1;62.32;62.32
E10-85-024-02-22;3;81.344;244.032
E20-81-009-02-22;2;86.264;172.528
E10-81-010-05-22;2;82.656;165.312
EVE-ST38Y-CF-INT;3;843.288;2529.864
E10-15-007-04-22;3;88.888;266.664
E10-15-007-09-22;1;88.888;88.888
E10-15-007-08-22;1;88.888;88.888
E20-15-007-02-22;2;79.376;158.752
MS100219;43;29.3888;1263.7184
20W60;20;15.498;309.96
E40-15-021-01-11;3;310.739;932.217
ZKER6A-10EG;6;3.0012;18.0072
216CLSDWAOP-R;7;40.59;284.13
216CLSDWAFP-R;4;40.59;162.36
216CLSDWAEGT-R;4;47.642;190.568
216CLSDWAVO-R;17;22.714;386.138
UR-TW2-1534;3;55.9076;167.7228
UR-TW2-3300;2;58.4496;116.8992
UR-TW4-3717;2;72.8488;145.6976
UR-TW2-2989;2;63.5336;127.0672
UR-FD3-947;1;72.8488;72.8488
UR-FD3-019;2;72.8488;145.6976
UR-FD3-1320;2;72.8488;145.6976
UR-RU2-679A;1;42.353;42.353
UR-RU2-946A;6;44.895;269.37
UR-RU2-858;2;39.811;79.622
EVE-RSQ3-CF-INT;4;1303.8;5215.2
UR-RE2-065;2;47.1008;94.2016
ATMSHYU5;3;122.86297882;368.58893646
UR-RE2-2171;3;47.1008;141.3024
UR-RT2-3122;3;39.811;119.433
UR-LA4-299;3;52.521;157.563
UR-LA4-3053;3;55.9076;167.7228
UR-ML2-2261;2;47.0926;94.1852
LKR8AP;40;8.1344;325.376
DCPR8EKP;18;7.1504;128.7072
ML2-2884;2;80.9832;161.9664
UR-LA6-3012;1;82.1722;82.1722
UR-RE2-116A;2;52.521;105.042
UR-RL2-686;2;26.2564;52.5128
UR-RL8-3013;2;83.0168;166.0336
CTS-IT-825;6;171.3718;1028.2308
CTS-IT-940;3;135.2918;405.8754
UR-ML2-1258;2;32.185;64.37
UR-RE2-2089;5;42.353;211.765
RE2-1891;3;47.1008;141.3024
UR-RE2-177;2;47.1008;94.2016
UR-RE2-2744;2;52.521;105.042
UR-RE2-1821;2;52.521;105.042
UR-RE2-1270;3;39.811;119.433
UR-TW2-2142;2;67.4286;134.8572
UR-RE4-1916;5;61.8362;309.181
UR-RE4-122;2;67.5024;135.0048
UR-RE2-3111;4;47.0926;188.3704
UR-RL2-945;3;26.2605;78.7815
UR-LA4-3718;2;55.9076;111.8152
URTW-RL4-3720;3;52.521;157.563
UR-RL2-3056;2;36.9328;73.8656
UR-ML2-3055;3;43.7142;131.1426
UR-ML2-1824;2;33.5462;67.0924
UR-RL2-3304;4;36.9328;147.7312
UR-RL3-3110;2;55.9076;111.8152
UR-ML4-3067;1;67.4286;67.4286
UR-LA5-1421;1;63.5336;63.5336
UR-RL4-1423;2;57.2606;114.5212
UR-ML4-3054;3;52.521;157.563
UR-RL4-1435;1;65.231;65.231
UR-RL4-1653;2;52.521;105.042
UR-LA4-2883;2;55.9076;111.8152
UR-LA4-1192;5;55.9076;279.538
FMTIA8-STOCK;3;139.63522356;418.90567068
UR-LA4-147;2;55.9076;111.8152
UR-LA4-651;9;55.9076;503.1684
UR-RL2-1273;1;38.1136;38.1136
UR-ML4-1193;5;52.521;262.605
UR-RE2-2758A;3;61.8362;185.5086
UR-ML2-2760;3;52.521;157.563
UR-RL2-3014;2;33.5462;67.0924
UR-RL2-3707;4;36.9328;147.7312
UR-LA6-3705;4;78.7774;315.1096
UR-RL8-3706;4;86.4034;345.6136
URUS-RE2-2432A;5;61.8362;309.181
UR-TW2-1255;3;52.5128;157.5384
420121321;121;8.036;972.356
EVE-EA8884-R-INT;7;655.836;4590.852
EVE-EA8884-GTI-INT;3;655.836;1967.508
R11-10-2;3;41;123
R15-10-2;3;51.66;154.98
ATINTKIA1;1;339.56112588;339.56112588
EVE-FX34M-V2-INT;2;655.836;1311.672
EVE-FX34M-PF;6;93.48;560.88
TS-0740-1002;2;8.7986;17.5972
ATMSFO124;6;95.48352322;572.90113932
MST-VW-MK888;1;281.09574416;281.09574416
ATINTHYU4;2;311.25970902;622.51941804
MST-FO-MK4017;1;185.77985026;185.77985026
E10-20-040-03-22;2;162.688;325.376
E10-20-043-07-22;2;182.368;364.736
E10-20-011-06-22;1;129.888;129.888
E10-20-049-01-22;2;127.264;254.528
E10-20-049-06-22;3;129.56;388.68
E10-20-035-01-22;7;126.608;886.256
VWR140010;3;101.1829201;303.5487603
VWR150001;2;152.53336846;305.06673692
E10-46-035-03-22;2;123;246
E10-15-014-04-22;2;102.992;205.984
E5517-140;1;87.904;87.904
E10-15-011-02-22;1;105.944;105.944
E10-20-047-03-22;3;103.32;309.96
E10-20-016-01-22;4;84.296;337.184
E10-15-011-04-22;1;105.944;105.944
FMBP6;4;55.86712726;223.46850904
KDT985;1;12.98195956;12.98195956
UR-TW2-1189;2;63.5336;127.0672
UR-TW2-3047;7;58.4496;409.1472
UR-TW2-071;1;43.706;43.706
UR-TW2-1106;4;47.1008;188.4032
UR-TW4-2757;2;67.4286;134.8572
UR-AR12-529;2;85.3538;170.7076
UR-LA2-1647;1;38.1136;38.1136
UR-LA2-2804;2;33.5462;67.0924
UR-LA2-829;4;32.1891;128.7564
UR-LA2-1232;1;39.811;39.811
UR-LA2-1027;3;33.5462;100.6386
UR-RL2-1048;2;36.9328;73.8656
EVE-8YS3-CF-INT;8;655.836;5246.688
UR-TW2-1820;1;58.4496;58.4496
UR-RE2-2481;3;50.4874;151.4622
UR-LA4-3214;3;55.9076;167.7228
UR-RL4-3215;2;57.2606;114.5212
UR-AR18-282;2;84.3698;168.7396
UR-AF27-486;2;111.4462;222.8924
UR-AR23-485;1;95.0462;95.0462
UR-RE4-3213A;2;67.4286;134.8572
UR-RT2-2148;2;32.185;64.37
UR-TW2-3081;3;55.9076;167.7228
UR-RE2-1645;2;47.1008;94.2016
UR-LA4-1822;3;67.4286;202.2858
UR-RE2-3886;4;47.1008;188.4032
UR-LA4-3887;3;55.9076;167.7228
UR-RL2-2434;3;33.5462;100.6386
UR-LA4-2433;2;55.9076;111.8152
UR-RL2-514;3;38.1218;114.3654
UR-ML2-2992;6;36.9328;221.5968
UR-ML2-2991;10;38.1218;381.218
UR-RE2-1290;3;47.1008;141.3024
1-101s;27;11.9474;322.5798
VWR18G700-SERV;9;14.03429918;126.30869262
VWR700000;5;61.00775974;305.0387987
VWR1241S4FO;1;115.31965942;115.31965942
ATIKFO33;3;169.7712502;509.3137506
Z-2515225;4;76.170948;304.683792
Z-1012569;4;93.62679025;374.507161
Z-2011784;2;95.213685;190.42737
Z-2051793;2;88.54606;177.09212
Z-2113589;3;76.170948;228.512844
Z-1355110;2;79.3447375;158.689475
Z-1313913;3;90.1356218;270.4068654
Z-1353914;3;72.0423546;216.1270638
ES-2513708;1;32.644692;32.644692
ES-1013912;2;36.9973176;73.9946352
ES-355264;8;19.042737;152.341896
ES-1311525;3;39.9897477;119.9692431
ES-1350565;4;24.483519;97.934076
034-145-Z049;4;55.1942;220.7768
034-301-2009;1;636.32;636.32
W0599;5;9.32205274;46.6102637
UR-TW2-990;5;52.521;262.605
UR-FD3-903;2;72.8488;145.6976
UR-ML4-265;2;67.4286;134.8572
UR-TW2-359;2;49.979;99.958
UR-LA4-991;2;55.9076;111.8152
UR-RE4-1321;4;58.4496;233.7984
UR-RL4-1294;3;55.9076;167.7228
UR-RE2-1346;1;47.1008;47.1008
UR-FD3-1018;2;72.8488;145.6976
UR-RE2-1750;1;57.2606;57.2606
UR-LA4-854;3;67.4286;202.2858
UR-RU2-856A;2;52.521;105.042
UR-ML6-973;3;77.5966;232.7898
UR-RL4-974P;4;47.1008;188.4032
S-AU/TI/24H;1;3536.25;3536.25
S-AU/TI/23H;1;3425.55;3425.55
UR-RL8-1019P;2;78.7774;157.5548
UR-LA4-2573;2;55.9076;111.8152
UR-RE3-2576;1;47.1008;47.1008
EVE-C8RS6-CF-ENG;5;309.96;1549.8
D650-0010;88;36.1128;3177.9264
SD-1613709;2;120.604001;241.208002
SD-1213445;4;85.6923165;342.769266
SD-1214801;2;139.646738;279.293476
SD-1313035;8;88.54606;708.36848
SD-1318355;4;107.908843;431.635372
75W140;7;11.4062;79.8434
VWR140006;2;101.1829201;202.3658402
VWR190003;1;50.3353597;50.3353597
VWR190004;4;36.60838094;146.43352376
VWR501000;2;129.447086;258.894172
VWR501001;1;175.42408338;175.42408338
U3P3AS1X;3;189.7644;569.2932
9-250;3;62.689;188.067
9-350;7;98.769;691.383
ATMSHYU6;2;36.31037326;72.62074652
9-350-bracket;2;3.608;7.216
216VWBWWT270;5;20.787;103.935
216VWBWVO270;3;20.787;62.361
216VWBWOT270;6;20.787;124.722
216VWBWEGT270;1;47.847;47.847
216VWBWEBO270;3;28.7;86.1
216VWBWEOP270;6;35.342;212.052
UR-FD3-1749;3;72.8488;218.5464
UR-LA4-1445;2;63.5336;127.0672
UR-LA2-1110;3;36.9328;110.7984
UR-LA4-343;3;55.9076;167.7228
UR-RU2-407;1;39.811;39.811
UR-ML4-300;5;55.9076;279.538
UR-TW2-2431;4;47.1008;188.4032
UR-RE2-1833;2;39.811;79.622
UR-TW2-1269;3;47.1008;141.3024
UR-RL2-2807;14;36.9328;517.0592
UR-LA2-2803;6;36.9328;221.5968
UR-RT2-1861;3;74.5462;223.6386
E10-20-016-03-22;2;124.968;249.936
E40-85-008-01-10;1;147.6;147.6
E8530-320;1;241.572;241.572
ATMSBMW7;2;169.76193746;339.52387492
ATMSFO129;2;258.06533814;516.13067628
UR-LA2-972;2;37.269;74.538
UR-TW3-394;2;66.0756;132.1512
UR-LA4-2759;3;63.5336;190.6008
STYC009;4;305.8518;1223.4072
AC-N55-TP;12;65.6;787.2
FMDV35;5;119.67802174;598.3901087
AC-B58-TP;13;69.7;906.1
AC-180-CAN;12;4.1;49.2
FRI-0311;1;864.870974;864.870974
LA-3001;2;30.01231365;60.0246273
FRI-0194;6;445.344009;2672.064054
FRI-0218;3;274.3060925;822.9182775
LA-3002-2;1;30.9804528;30.9804528
FRI-0205;4;445.344009;1781.376036
FR-0084;2;200.082091;400.164182
FR-0142;2;542.157924;1084.315848
FR-0143;3;629.2904475;1887.8713425
FR-0525;3;529.249402;1587.748206
FR-0522;1;419.526965;419.526965
FR-S2000;2;638.971839;1277.943678
FRI-0405;1;800.328364;800.328364
FRI-0190;3;271.078962;813.236886
FRI-0406;4;413.072704;1652.290816
FRI-0184;1;1187.584024;1187.584024
FR-0513;3;338.8487025;1016.5461075
FR-0139;2;542.157924;1084.315848
FRI-0116;2;542.157924;1084.315848
FRI-0104;4;283.987484;1135.949936
FRI-0322;3;864.870974;2594.612922
FRI-0341;3;800.328364;2400.985092
FRI-0346;2;1026.227499;2052.454998
FRI-0339;1;1123.041414;1123.041414
FRI-0227;2;638.971839;1277.943678
FRI-0220;2;542.157924;1084.315848
FRI-0226;2;542.157924;1084.315848
FR-0457;1;451.79827;451.79827
FRI-0334;2;477.615314;955.230628
FRI-0200;2;277.533223;555.066446
FRI-0171;4;280.7603535;1123.041414
FRI-0201;2;258.17044;516.34088
FRI-0186;2;251.716179;503.432358
FR-0039;1;216.2177435;216.2177435
FRI-0196;1;271.078962;271.078962
FRI-0315;3;742.240015;2226.720045
FRI-0323;1;703.514449;703.514449
FRI-0228;1;516.34088;516.34088
LA-3003;3;37.11200075;111.33600225
LA-3004-2;5;61.3154795;306.5773975
LA-2001;5;30.511052;152.55526
SBMP091;5;312.4405;1562.2025
SHYP105;3;90.405;271.215
SHYC105;9;99.4496;895.0464
SES2300CF;2;749.1438;1498.2876
ATMSYGR10;6;135.79837468;814.79024808
ATMSFO132;3;151.57415624;454.72246872
D155-A001;3;117.33121126;351.99363378
ITGHYUNDAIi20NF;8;209.53665;1676.2932
SILFER8C7ES;352;7.7654;2733.4208
WB-337;2;34.6433928;69.2867856
VWR610360BLK;4;184.41087748;737.64350992
FMTIA3;3;81.03015074;243.09045222
SBMP087;11;329.9844;3629.8284
P101061010;1;240.6946;240.6946
CTS-EXH-DP-0029;6;266.4918;1598.9508
CTS-EXH-TP-0016;2;495.6818;991.3636
SVWC064;10;193.9218;1939.218
SVWX064;1;315.9706;315.9706
UR-TW2-3277;2;47.1008;94.2016
UR-RL2-2525;4;36.9328;147.7312
UR-TW2-3744;5;58.4496;292.248
UR-RL8-3068;1;83.8614;83.8614
UR-TW2-1170;5;61.8362;309.181
UR-TW2-1444;3;52.521;157.563
UR-TW-4261;10;72.8488;728.488
SHD1010-1C-BK;1;18.2204;18.2204
FMDV37-BLACK;1;103.15722098;103.15722098
FMINT25;3;454.45239926;1363.35719778
FMINT17;1;364.65896018;364.65896018
ATINTVAG43;1;535.36148438;535.36148438
ATMSHYU7;4;60.97050878;243.88203512
ATMSHYU8;2;103.05478084;206.10956168
FMINDK43;2;211.864835;423.72967
MMAI-MK7-15X;14;208.7802;2922.9228
SD-2214985;4;122.5082747;490.0330988
SD-1357992;1;107.908843;107.908843
SD-1251126;4;53.9544215;215.817686
SD-1258562;3;82.518527;247.555581
SD-1218267;3;107.908843;323.726529
SD-1213215;1;149.1681065;149.1681065
SD-3657044;2;114.256422;228.512844
VWR131000;4;396.60165838;1586.40663352
FP-3355126;1;98.3874745;98.3874745
FP-2057868;2;114.256422;228.512844
FSBS-38030B27L/26R;7;380.85474;2665.98318
FP-2218353;2;139.646738;279.293476
Z-355264;3;63.47579;190.42737
SD-1310113;1;120.604001;120.604001
SD-1250935;1;114.256422;114.256422
SD-1353381;1;88.54606;88.54606
SD-3617039;2;69.823369;139.646738
SD-3657024;1;76.170948;76.170948
SD-1651298;4;97.1179587;388.4718348
SD-3513161;2;92.0398955;184.079791
ES-1311479;3;32.644692;97.934076
SD-2652458;4;66.6495795;266.598318
SD-1313528;5;101.561264;507.80632
HS-1214801;1;187.2535805;187.2535805
EVE-F9XM5M8-CHG;5;309.96;1549.8
ATINTREN8;3;320.7307656;962.1922968
AC-S55-IC;31;159.9;4956.9
TBP-005;92;3.9852;366.6384
TBP-001;75;3.321;249.075
TBP-002;83;3.321;275.643
AC-211-OT;12;31.16;373.92
DB42FK;2;114.68315;229.3663
FRDZ33K;2;686.49867;1372.99734
FS-1314709;2;196.774949;393.549898
Z-1314738;1;90.1356218;90.1356218
SD-1313301;10;117.4302115;1174.302115
FRDGXPA16K;2;686.49867;1372.99734
FRDZN6K;1;686.49867;686.49867
Z34FK;2;101.3479;202.6958
GXPA16FK;1;106.682;106.682
ZN8FK;1;106.682;106.682
PST77;8;64.0092;512.0736
UBT44;3;118.41702;355.25106
UBT45;3;118.41702;355.25106
PT32;1;80.0115;80.0115
FMINDK38;3;116.40925;349.22775
CRZ34K;2;359.891727;719.783454
CRZ33K;2;359.891727;719.783454
CRSE3PK;1;290.548427;290.548427
PT34;2;115.21656;230.43312
PT34B;2;115.21656;230.43312
NSF8;1;51.20736;51.20736
PSH52;1;60.80874;60.80874
NST37;3;51.20736;153.62208
PST78;7;64.0092;448.0644
UBH23;2;57.60828;115.21656
UBT38B;2;144.0207;288.0414
XF18950-4005GDG;8;158.42277;1267.38216
PT0009B;5;105.6898;528.449
ES-1313587;2;43.2542169;86.5084338
SD-1254964;2;120.604001;241.208002
1118BLK;5;12.6034;63.017
SD-1310016;8;82.518527;660.148216
SD-1350972;5;95.213685;476.068425
SD-1351354;7;69.823369;488.763583
HS-1254964;2;152.341896;304.683792
SES1583CF;1;730.7594;730.7594
SD-1353034;7;53.9544215;377.6809505
FS-1358331;5;107.908843;539.544215
Z-1355009;3;79.0246915;237.0740745
SD-2512407;4;92.0398955;368.159582
SD-1358331;6;101.774628;610.647768
FS-1313301;4;142.8205275;571.28211
FP-2018477;2;120.604001;241.208002
R-FOR-009-I;3;246.41;739.23
UR-LA4-4265;2;74.5462;149.0924
UR-RE2-3015A;2;61.8444;123.6888
UR-ML6-3719;1;77.5966;77.5966
UR-RL4-1449;2;47.1008;94.2016
UR-FD3-107;1;72.8488;72.8488
UR-RE2-1190;2;47.0926;94.1852
UR-FD3-897;2;78.7856;157.5712
UR-RE2-396;2;58.4496;116.8992
UR-RE4-801;2;77.5966;155.1932
UR-FT4-2846;3;78.7774;236.3322
UR-LA4-310;2;55.9076;111.8152
ES-1353914;3;33.7328484;101.1985452
D158-A001;2;16.28798226;32.57596452
D153-A001;1;129.85684656;129.85684656
AC-200-IT;12;57.4;688.8
SNN0910-1C-BK;4;18.2204;72.8816
AC-Z33-HHL;3;49.7822;149.3466
AC-MK7-CP-BL;1;7.38;7.38
14036-AG010;19;3.116;59.204
U5001;19;12.3328;234.3232
AC-Z33-CP;126;7.216;909.216
14035-8J101;45;2.296;103.32
14035-JP00A;50;2.624;131.2
13270-8j112;44;1.23;54.12
13270-8J102;46;1.23;56.58
1J0201511A;10;1.804;18.04
1J0819644A;33;2.46;81.18
1K1819653B;18;2.706;48.708
FMSS5;4;30.25709226;121.02836904
AMS.39.08.0001-1;1;1537.4672;1537.4672
R21-10-2;5;41;205
R22-10-2;6;42.64;255.84
U5096;28;18.1548;508.3344
U5333;12;13.8252;165.9024
AC-S55-RAD;7;188.6;1320.2
AC-451-RAD;11;164;1804
ATEXHFO6;1;118.63499486;118.63499486
ATMSFO4;4;54.08839392;216.35357568
ASCDISC3;1;304.93635856;304.93635856
AC-R56-TB;3;22.14;66.42
MMBCC-350Z-07PBE;2;207.5912;415.1824
MMWP-M50-92;5;27.511;137.555
001002433;1;91.6432;91.6432
DBA601S-2;2;76.342;152.684
DBA42698S-2;3;197.0378;591.1134
DBA42224S-2;1;182.1712;182.1712
DBA42225S-2;1;182.1712;182.1712
DBA42656S-10-2;3;182.3106;546.9318
DBA4654S-10-2;3;182.89608;548.68824
DBA42280S-2;2;167.28;334.56
DBA42676S-2;8;167.28;1338.24
DBA53002WSLVXD-2;4;565.513;2262.052
DBA600S-2;2;165.312;330.624
DBA2500S-2;3;105.1732;315.5196
DBA52844SLVS-2;5;524.5212;2622.606
DBA4838S-2;4;153.504;614.016
DBA42677S-2;7;163.7376;1146.1632
DBA42809S-2;8;131.54112;1052.32896
ATMSYGR11;2;74.35291616;148.70583232
DBA52379BLKLS+RS;2;514.62544;1029.25088
DBA418S-2;1;123.164;123.164
E90-75-012-05-22;2;481.217;962.434
KDT958;10;21.89425174;218.9425174
L3P3P991;3;189.7644;569.2932
UR-TW4-4078;2;63.5336;127.0672
UR-ML4-4080;2;57.2606;114.5212
UR-TW2-3653;3;66.0756;198.2268
UR-TW2-3909;6;55.9076;335.4456
URTW-RE2-2919A;2;66.0756;132.1512
UR-RE2-4262;7;42.353;296.471
UR-RS4-4266P;4;52.521;210.084
KCA402;1;99.34831032;99.34831032
W53624;2;13.38240738;26.76481476
W33364;2;18.73723288;37.47446576
W63584;2;12.04137282;24.08274564
238CLSDWAOT-R;8;26.24;209.92
238CLSDWABO-R;7;33.251;232.757
238CLSDWAOP-R;1;41.615;41.615
CTS-EXH-DP-0029-CAT;3;319.7918;959.3754
EVE-EA8884-CF-ENG;5;280.44;1402.2
HMP-892;2;75.58219784;151.16439568
EUPD4004903R;2;452.8204;905.6408
N91130801-5;32;0.5248;16.7936
E90-85-040-01-22;2;371.46;742.92
PSS65-85-001-04-22;1;647.062;647.062
PSS65-20-001-03-22;1;744.068;744.068
HMP-456;2;32.48283712;64.96567424
HMP-843;1;39.113508;39.113508
HMP-826;1;83.81466;83.81466
URKR-TW2-4201;4;67.4286;269.7144
UR-LA2-4264;9;40.6556;365.9004
UR-FD3-079;2;72.8488;145.6976
UR-LA4-148;4;52.521;210.084
UR-LA4-157x;2;55.9076;111.8152
UR-LA4-264;2;55.9076;111.8152
UR-LA4-511;2;63.5336;127.0672
UR-LA4-512;3;66.0756;198.2268
UR-LA4-731;2;55.9076;111.8152
UR-ML2-421;1;33.5462;33.5462
UR-RE2-072;1;47.0926;47.0926
UR-RE2-3217A;2;63.5336;127.0672
UR-RL2-124;1;31.3404;31.3404
UR-RE2-465A;3;67.4286;202.2858
UR-RE3-730;2;44.895;89.79
UR-RT2-408;2;32.185;64.37
UR-RL8-621P;3;78.7774;236.3322
UR-FD3-1161;2;72.8488;145.6976
UR-ML4-788;4;52.521;210.084
UR-ML4-1422;2;58.4496;116.8992
UR-ML4-1650;2;61.8362;123.6724
UR-LA4-1233;3;52.521;157.563
238EVOBO-PK-R;4;36.572;146.288
238EVOOT-PK-R;3;29.807;89.421
238EVOOP-PK-R;6;42.394;254.364
FMMD7;8;48.43556074;387.48448592
AC-Z33-EM;9;102.5;922.5
AC-MK7-OC;172;12.3;2115.6
AC-VAG-CC;169;16.4;2771.6
AC-VAG-BC;166;9.02;1497.32
7-804;3;132.348;397.044
AC-190-DPHS;6;184.5;1107
AC-45S-DPHS;3;98.4;295.2
KH423660P;2;301.76;603.52
AC-8V5RS-IM;3;910.2;2730.6
AC-S58-FP;34;69.7;2369.8
KL060650R;4;177.5136;710.0544
AC-250-IP;4;47.56;190.24
005EP17148;1;422.956;422.956
URTW-ML2-3974;4;71.1596;284.6384
URTW-ML2-3973;4;67.4286;269.7144
URTW-RL2-3975;2;49.979;99.958
UR-ML2-1293;3;30.1596;90.4788
UR-LA6-1292;4;74.5462;298.1848
UR-RE2-081;2;49.979;99.958
AC-MK7-IT;30;86.1;2583
AC-S55-JP;3;26.24;78.72
AC-S55-INLET;5;110.7;553.5
DBA4649S-2;1;140.0068;140.0068
DBA4650S-2;2;157.7516;315.5032
DBA2367S-2;2;137.83872;275.67744
DBA42366S-2;2;197.046;394.092
DBA2951S-2;2;92.0204;184.0408
DBA2959S-2;1;138.744;138.744
DBA42550S-2;2;182.89608;365.79216
DBA42957S-2;2;126.4112;252.8224
DBA42962S-2;2;168.7232;337.4464
DBA43343S-2;2;180.8592;361.7184
DBA43342S-2;2;227.6484;455.2968
DBA4482S-2;2;151.6836;303.3672
DBA42500S-2;2;151.6836;303.3672
DBA42165S-2;1;189.4692;189.4692
DBA2145S-2;1;91.8892;91.8892
DBA42968S-2;2;189.4692;378.9384
DBA2120S-2;4;111.889;447.556
DBA42163S-2;3;176.44104;529.32312
DBA2847S-2;2;91.266;182.532
DBA52321BLKS;1;514.6238;514.6238
DBA42830S-2;8;147.09816;1176.78528
DBA2808S-2;3;112.996;338.988
DBA2806S-2;6;81.4916;488.9496
URTW-LA2-4001;1;36.9328;36.9328
EVE-P991T-INT;3;1101.096;3303.288
EVE-GT3RS-INT;2;1101.096;2202.192
UR-RU2-1000;1;40.6638;40.6638
UR-TW2-339;1;47.0926;47.0926
UR-RE2-066;1;47.0926;47.0926
UR-RL2-2887;3;39.811;119.433
URCN-RL2-2114;1;38.1136;38.1136
UR-RL4-2960;4;52.521;210.084
UR-LA4-1271;1;58.4496;58.4496
UR-LA4-420;1;55.9076;55.9076
UR-RE4-958;1;67.4286;67.4286
W53286;3;13.5500367;40.6501101
KCA465;2;118.15073238;236.30146476
KTA137;1;105.01976898;105.01976898
70017-AT130;6;18.159843;108.959058
70028-AT002;1;469.362096;469.362096
71008-AF013;6;115.012339;690.074034
24999-AM001;3;84.745934;254.237802
22004-AM001;2;111.75288;223.50576
70017-AN104;4;38.4150525;153.66021
70017-AZ104;7;38.4150525;268.9053675
70017-AF101;4;24.79982662;99.19930648
70017-AN105;1;35.854049;35.854049
70028-AT001;1;565.748955;565.748955
71008-AN027;4;619.29721;2477.18884
71008-AZ008;4;123.859442;495.437768
71008-AM011;2;130.1455415;260.291083
71008-AM015;1;148.3053845;148.3053845
71008-AN015;2;123.859442;247.718884
70017-AN101;4;21.6521205;86.608482
71008-AF005;1;123.859442;123.859442
70017-AM107;3;17.6010786;52.8032358
70017-AT120;4;20.2086458;80.8345832
70017-AT131;3;30.38747062;91.16241186
70017-AH111;3;20.2086458;60.6259374
70017-AM105;1;21.6521205;21.6521205
24999-AM002;3;23.4681048;70.4043144
24999-AF001;5;136.1988225;680.9941125
70020-AN107;2;551.779845;1103.55969
70020-AM103;2;231.421589;462.843178
24003-AK002;8;31.9426982;255.5415856
24003-AN001;3;31.03004968;93.09014904
52009-AK005;14;8.381466;117.340524
52009-AK011;7;13.2706545;92.8945815
13001-AT008;2;928.945815;1857.89163
13001-AH004;1;436.9537608;436.9537608
31029-AT006;1;956.418398;956.418398
32018-AZ010;3;381.356703;1144.070109
ATMSFO134;9;93.06221082;837.55989738
ATINTVAG46;14;145.5115625;2037.161875
70999-AT002;2;71.708098;143.416196
32018-AT041;3;587.168257;1761.504771
33004-BT002;2;160.4119465;320.823893
50003-M45-HL;21;10.1043229;212.1907809
41001-AK011;1;71.708098;71.708098
41001-AK012;8;47.5881014;380.7048112
W52091;1;12.48838434;12.48838434
W53518;2;37.91216454;75.82432908
50003-M50-HL;22;10.1043229;222.2951038
12001-AT012;3;2868.32392;8604.97176
15004-AH004;1;581.114976;581.114976
27001-AN001;1;551.314208;551.314208
VWR31UPGT;2;87.41869038;174.83738076
15999-AM001;2;37.0181415;74.036283
24996-AK031;5;52.63560648;263.1780324
24996-AK053;2;56.0626948;112.1253896
70017-AH004;4;15.3194573;61.2778292
MST-BW-F90M5;1;394.394539;394.394539
ATMSFO135;1;86.21734692;86.21734692
ATMSBMW8;2;82.48293818;164.96587636
566541A;1;149.00384;149.00384
FMEC4;2;145.85613388;291.71226776
3C4911PS;2;131.1233792;262.2467584
222462A;1;115.46866326;115.46866326
1C2492R;1;245.35344804;245.35344804
566270C20;1;213.0754912;213.0754912
564270C20;1;213.0754912;213.0754912
AC-W204-DP;3;147.6;442.8
FMINT28;3;313.45751566;940.37254698
FMTUBL15;3;60.52349726;181.57049178
6-FPD-8AN;2;36.777;73.554
7-900;3;107.748;323.244
7-902;2;107.748;215.496
SAUC106;2;359.7668;719.5336
70020-DH101;3;309.648605;928.945815
70020-AN101;1;286.366755;286.366755
71008-AT020;2;277.054015;554.10803
70020-AH110;1;328.274085;328.274085
14011-AT001;2;157.5715608;315.1431216
14007-AM003;2;178.1061525;356.212305
70018-AM001;1;122.2297125;122.2297125
70018-AN007;1;495.903405;495.903405
AC-MK7-CL;50;20.91;1045.5
AC-MK7-RL;6;11.89;71.34
ARMASBGR86;3;261.58;784.74
AC-VAG-WB;15;98.4;1476
AC-S55-OTC;66;14.186;936.276
AC-B8S-EXM;9;188.6;1697.4
FMSS7;3;35.30459734;105.91379202
10.127.113K;15;153.3154;2299.731
10.127.113T;6;16.3918;98.3508
MMOC-G80-21;3;299.464;898.392
MMSD-G80-21WBK;11;202.499;2227.489
DBA53700BLKS-2;2;501.3972;1002.7944
DBA43146S-2;5;204.04224;1020.2112
OPSB1478HP;2;120.581;241.162
FMSS8;2;40.510419;81.020838
FMINT24;1;405.17869192;405.17869192
SAUP106;3;175.8367;527.5101
VWR140011;1;146.66634226;146.66634226
E90-57-002-01-22;2;514.14;1028.28
EVE-W192-FTR;4;46.74;186.96
E90-30-013-01-22;2;401.964;803.928
E90-85-008-02-22;1;384.703;384.703
FR-0419;2;629.2904475;1258.580895
FR-0212EVO;1;800.328364;800.328364
FRI-0407;2;1123.041414;2246.082828
Z-2755347;3;76.170948;228.512844
ES-2755347;1;32.644692;32.644692
Z-1382491;5;154.8809276;774.404638
ES-1313913;4;43.526256;174.105024
Z-1313587;3;76.170948;228.512844
Z-1212425;5;125.99944315;629.99721575
Z-1258835;5;79.02735855;395.13679275
FS-1218451S;3;241.208002;723.624006
FS-1257872S;2;174.5584225;349.116845
Z-315561;3;63.47579;190.42737
SD-1308223;2;418.940214;837.880428
SD-1388526;2;425.287793;850.575586
FS-36534B42R/43L;2;311.031371;622.062742
SD-3355036;2;57.128211;114.256422
FS-3311001;2;120.604001;241.208002
FS-1214913;2;196.774949;393.549898
FRI-0350;2;477.615314;955.230628
FR-0083-98;2;225.899135;451.79827
FRI-0336;3;780.965581;2342.896743
FRI-0353;3;1123.041414;3369.124242
FRI-0345;3;1123.041414;3369.124242
FRI-0352;2;580.88349;1161.76698
12001-AH010;1;3212.8953;3212.8953
CTS-ACC-008;3;39.3518;118.0554
CTS-TR-1550-82;3;1492.3918;4477.1754
MMICP-F10-12MWBK;10;99.22;992.2
MMRAD-E46-323A;5;194.3728;971.864
MMRAD-E46-323;9;194.381;1749.429
AC-R53-IC;3;41.328;123.984
ARMABZS63S-A;1;984.984;984.984
ARMAW2E63S-A;1;1289.86;1289.86
BSF19XZ;2;92.74557766;185.49115532
CS57-AR60041;5;35.1288;175.644
CTS-TR-1050X;3;983.9918;2951.9754
EVE-E39-INT;2;609.096;1218.192
EVE-E9X-CFM-DCT;1;391.14;391.14
EVE-E9X-CFM-INT;3;407.376;1222.128
EVE-E9X-CFM-PLM;1;1101.096;1101.096
EVE-FK8-CHG-SLC;2;34.932;69.864
EVE-G20B48-V2-INT;2;655.836;1311.672
EVE-G29Z4-B48-INT;1;655.836;655.836
EVE-HCN-CF-INT;1;1087.32;1087.32
EVE-Z4M-INT;2;398.52;797.04
EVO1103;3;161.745;485.235
EVO1104;3;177.3824;532.1472
EVO7301;2;182.4418;364.8836
MMOC-F;3;76.219;228.657
MMRAD-EVO-456;1;152.438;152.438
MMTB-CIV-16;2;75.153;150.306
R08-40-2;2;41;82
SFDC078;1;155.595;155.595
SFDS078ST;2;273.6094;547.2188
SMN003;1;283.6626;283.6626
SMNC014;8;232.5028;1860.0224
SMNX014;5;340.0663;1700.3315
SP1123WB;2;210.5514;421.1028
SP1355WB;1;124.64;124.64
SP1573BLK;2;141.1876;282.3752
SP1573WR;2;141.1876;282.3752
SRN0601-4P-BK;1;26.896;26.896
SSE0424-4P-BK;1;26.896;26.896
"TTE500 N54";1;1071.0184;1071.0184
"TTE500 N54-1";1;1071.0184;1071.0184
VWR11G714;2;39.66295966;79.32591932
VWR11G815;1;39.66295966;39.66295966
VWR1200BUNG;4;12.1996894;48.7987576
VWR12G50D;1;151.92804036;151.92804036
VWR12G60D;2;151.92804036;303.85608072
VWR12G614;2;151.92804036;303.85608072
VWR18G700-EUBRACKETS;5;23.13284616;115.6642308
VWR670000;2;90.91096788;181.82193576
VWR670001;4;88.47103;353.88412
VWR670002;2;131.18856838;262.37713676
VWR670008;3;38.1356703;114.4070109
W63452G;8;23.63573412;189.08587296
EUPD4003107R;1;590.1868;590.1868
12001-AN008;1;3212.8953;3212.8953
71008-AH009;2;182.529704;365.059408
71008-AN029;2;230.024678;460.049356
EVE-4V8TT-CF-INT;3;1337.748;4013.244
70017-AZ101;5;20.2086458;101.043229
71008-AF003;1;123.859442;123.859442
70020-AT115;1;296.610769;296.610769
70020-AZ108;2;181.59843;363.19686
70020-AN106;1;541.070194;541.070194
ATMSBMW10;4;90.52914554;362.11658216
PH/INDYGR1;1;79.2048537;79.2048537
13001-AM005;1;828.83386;828.83386
TS-0404-1024;2;77.8836;155.7672
33002-AH001;1;880.05393;880.05393
13001-AM004;1;847.45934;847.45934
31029-AM002;1;651.8918;651.8918
31029-AF001;2;651.8918;1303.7836
31029-AF008;1;814.86475;814.86475
MMTS-E46-99V2;4;51.414;205.656
48004-AK001;1;68.448639;68.448639
42018-AH002;2;231.421589;462.843178
44004-AK003;5;78.227016;391.13508
31006-AN018;2;302.66405;605.3281
32003-DH001;2;423.72967;847.45934
32003-AH007;2;717.08098;1434.16196
31019-AN015;2;404.172916;808.345832
31019-AM008;3;599.740456;1799.221368
31019-AF022;3;586.70262;1760.10786
31019-AF015;3;560.626948;1681.880844
32016-AH004;1;977.8377;977.8377
21004-AT002;1;2086.05376;2086.05376
22002-AN038;1;1401.56737;1401.56737
15004-AM010;1;447.01152;447.01152
15004-AN024;1;502.88796;502.88796
1419-RF001;2;717.08098;1434.16196
14019-AF002;2;311.7905352;623.5810704
14019-AM002;1;560.626948;560.626948
14018-AN004;2;469.362096;938.724192
14030-AN001;1;286.832392;286.832392
1407-RA015;4;87.3069375;349.22775
U5237;12;13.2184;158.6208
Z-1152987;2;82.8332389;165.6664778
Z-1118302;1;107.908843;107.908843
FMTUBL16;4;41.89801726;167.59206904
FMOC12-BLACK;2;275.5174129;551.0348258
MMFS-E46-99;2;130.79;261.58
MMAI-CIV-16RD;2;145.673;291.346
ATIKVAG8;1;301.39751736;301.39751736
105777;2;9.266;18.532
110282;34;5.9942;203.8028
MMAI-F30-12WBK;2;194.381;388.762
MMAI-E46-01BK;3;124.025;372.075
MMAI-CIV-16BK;3;145.673;437.019
EVE-S62-CF-PLM;2;585.48;1170.96
EVO7202;2;192.5524;385.1048
EVO7203;3;192.5524;577.6572
EVO1108;2;176.9232;353.8464
SES9002ICP;2;181.5234;363.0468
KWM074;3;2.6541309;7.9623927
BTR105Z;2;137.5026061;275.0052122
KCA524;2;64.14615312;128.29230624
KCA525;2;56.22101138;112.44202276
KCA529;4;106.165236;424.660944
KCA533;2;49.823159;99.646318
KTA293;2;88.03333122;176.06666244
KTA332;1;96.69417942;96.69417942
KTA333;2;99.17136826;198.34273652
WSK-AUD001;2;96.83387052;193.66774104
110859;17;19.0158;323.2686
32003-AT011;1;449.805342;449.805342
70017-AT111;1;21.6521205;21.6521205
FMINDR35;9;209.53665;1885.82985
URTW-ML4-4002;1;67.4286;67.4286
MS100123;8;176.7592;1414.0736
30-4110;13;127.8872;1662.5336
ARMAFER488-A;1;2029.5;2029.5
ARMABZA250G-A;4;401.8;1607.2
MMRAD-RHD-R33;2;144.7218;289.4436
CTS-HW-532;3;42.6318;127.8954
CTS-ACC-SUPRAKIT;1;85.2718;85.2718
Z-331167;4;69.823369;279.293476
FS-3617039;2;98.3874745;196.774949
FS-3657024;2;92.0398955;184.079791
PD-1307905;2;317.7416688;635.4833376
PD-1308431;2;494.5670838;989.1341676
PD-1387828;2;388.4718348;776.9436696
PD-1308435S;3;353.1067518;1059.3202554
PD-1307919;2;423.8369178;847.6738356
PD-1287850;2;292.9861107;585.9722214
PD-1208459;2;349.5702435;699.140487
PD-1287902;2;236.674017;473.348034
PD-1208305;1;459.2020008;459.2020008
PD-1287934;1;282.3765858;282.3765858
PD-1207903;2;353.1067518;706.2135036
PD-1287904;2;278.8400775;557.680155
PD-1387976;2;388.4718348;776.9436696
PD-1307907;2;423.8369178;847.6738356
PD-1387906;2;423.8369178;847.6738356
SD-2218243;1;104.4150075;104.4150075
SD-2298524;2;172.9688607;345.9377214
SD-2297960;3;125.9967761;377.9903283
MMOC-F10-12SL;2;342.309;684.618
MMOC-E60-06;3;275.561;826.683
MMTS-MAZ-04;1;33.825;33.825
MMTS-FOC-05;3;33.825;101.475
MMTS-GLF-15;20;26.158;523.16
MMHE-SUP-20;2;361.62;723.24
CS57-AR60004;1;168.0754;168.0754
9-201-7020;1;206.148;206.148
FPHWK-10-HD;5;31.119;155.595
FMINT33;1;715.00423898;715.00423898
URTW-LA4-4319;3;71.1514;213.4542
URTW-LA4-4318;4;63.5336;254.1344
UR-FD3-3740P;2;72.8488;145.6976
UR-RL2-3896;1;39.811;39.811
EVE-TRB8V8S-FLG-TTE;6;23.124;138.744
6-1001-FRB;2;83.148;166.296
TS-0629-1102;2;59.0236;118.0472
TS-0401-1109;1;75.317;75.317
TS-0203-1259;3;70.9136;212.7408
TS-0203-1018;1;77.8836;77.8836
TS-0203-1059;4;80.3436;321.3744
TS-0551-1012;1;141.4336;141.4336
VWR31F020;2;120.12503326;240.25006652
CTS-IT-272R;3;126.2718;378.8154
30-3300;24;310.7718;7458.5232
30-2400;6;71.7254;430.3524
50-1200;17;80.1878;1363.1926
MS100252;12;21.5004;258.0048
MS100097;4;57.3754;229.5016
MS100227;4;120.5154;482.0616
MS100222;8;117.6454;941.1632
MS100223;6;86.0754;516.4524
MS100255;2;470.6554;941.3108
VWR31SK01;2;100.111955;200.22391
CTS-LS-017;7;112.7418;789.1926
CTS-LS-009;8;112.7418;901.9344
CTS-LS-008;6;112.7418;676.4508
CTS-LS-007;8;112.7418;901.9344
AC-MK8-IC;10;172.2;1722
VWR12G70D;2;167.19162122;334.38324244
ALP.07.09.0006-2;1;668.71;668.71
VWR682000;3;121.05630726;363.16892178
ALP.07.08.0007-1;1;54.94;54.94
MMICP-G80-21;4;292.248;1168.992
11001-KT001;1;2477.18884;2477.18884
11003-AN018;1;1564.54032;1564.54032
70026-AT009;3;71.708098;215.124294
51003-AK125;9;9.0799215;81.7192935
70026-AT007;2;63.5594505;127.118901
70026-AT008;3;153.194573;459.583719
70026-AT006;1;230.024678;230.024678
70020-AN105;2;181.58911726;363.17823452
80280-AT001;2;488.91885;977.8377
52006-AK004;13;5.75527332;74.81855316
CI100054;40;157.8172;6312.688
D760-0038;3;264.0154;792.0462
D401-0033;5;16.6214;83.107
D401-0035;7;17.7858;124.5006
D401-0039;4;20.6394;82.5576
D401-0041;2;18.2122;36.4244
ATMSKIA4;2;102.27251068;204.54502136
ATRADYGR1;2;170.62802228;341.25604456
ATRADYGR2;2;179.16780486;358.33560972
D401-0042;8;51.6354;413.0832
RF100018;3;64.8292;194.4876
RF100024;4;25.8054;103.2216
RF100025;10;25.8054;258.054
RF100026;5;25.8054;129.027
RF100027;10;25.8054;258.054
RF100028;3;25.8054;77.4162
RF100029;9;26.445;238.005
Z1003100;50;17.1872;859.36
Z1003101;96;11.4472;1098.9312
FRI-0114;1;542.157924;542.157924
ARMASKSC15-A;3;248.46;745.38
ARMAPORS991-A;1;992.2;992.2
ARMABZC63S-A;1;899.745;899.745
CTS-TR-1070X;2;983.9918;1967.9836
DBA53912SLVS-2;2;613.8684;1227.7368
DBA52834SLVS-2;2;514.62544;1029.25088
DBA53298SLVS-2;2;572.1304;1144.2608
DBA53922BLKS-2;2;619.592;1239.184
AC-14-BT;95;8.2;779
D760-0045;2;918.3754;1836.7508
D760-0063;1;918.3754;918.3754
CI100056D;4;573.9754;2295.9016
VWR90000;52;39.09488252;2032.93389104
6-03-0702;2;68.388;136.776
KCA520;3;48.6590665;145.9771995
BH-342;1;111.75288;111.75288
MMRAD-G80-21A;4;224.598;898.392
MMTC-G80-21;2;249.403;498.806
WHL00002;8;186.5254;1492.2032
WHL00017;4;150.9374;603.7496
"WHL00008 ";4;215.2254;860.9016
WHL00029;16;176.6034;2825.6544
AC-B9S-INLET;24;23.78;570.72
CTS-LS-010;3;112.7418;338.2254
CTS-LS-012;1;112.7418;112.7418
MS100253;1;516.5754;516.5754
ATIKKIA1;1;182.66008236;182.66008236
SBM096S;1;235.4876;235.4876
SBMP094;2;165.5498;331.0996
SAUC089;3;357.1018;1071.3054
UR-AR19-644;1;92.8076;92.8076
UR-LA6-3066;2;74.5462;149.0924
UR-RL7-3654;2;78.7774;157.5548
UR-RL2-1414;3;33.0378;99.1134
UR-LA2-4079;2;33.5462;67.0924
UR-ML4-1413;2;66.0756;132.1512
EXHSL76;188;6.97;1310.36
AMS.31.08.0001-2;1;724.8554;724.8554
AMS.50.06.0011-1;1;40.1554;40.1554
AMS.04.09.0001-1;1;416.1254;416.1254
AMS.04.08.0002-1;1;200.8754;200.8754
AMS.38.05.0001-1;2;335.7654;671.5308
UR-TW2-1412;4;52.521;210.084
FR-0529;2;638.971839;1277.943678
016CA17146;1;266.0162;266.0162
R-BMW-014-I;1;427.63;427.63
SKK00-S3B00;1;131.2;131.2
SKM74-S3B00;1;92.414;92.414
SKM44-S3B00;1;94.3;94.3
VSGB6-B1DS3;3;300.12;900.36
AC-40T-DPHS;5;196.8;984
ATMSP&C2;3;146.64771678;439.94315034
ATINTP308;3;242.02879986;726.08639958
ATMSP3081;2;32.30589506;64.61179012
SFD078ST;1;316.5528;316.5528
ILZKR8C8G;20;6.4124;128.248
UR-TW2-2762;1;58.4496;58.4496
MMINT-G80-21BK;2;1666.445;3332.89
VSM64-B1DS2;1;275.52;275.52
VSGH2-B1DS3;1;344.4;344.4
MMHP-HSS-136SL;1;7.5112;7.5112
VSP24-B1DS2;1;217.833;217.833
VSGB0-B1DS2;2;295.2;590.4
EVE-C8VT-CF-INT;1;1121.76;1121.76
EVE-C8HTC-CF-INT;1;1121.76;1121.76
EVE-C8VT-CF-ENG;1;270.6;270.6
EVE-X56M-CF-INT;3;1217.7;3653.1
SKG08-S3B00;1;70.725;70.725
SKG68-S3B00;1;75.44;75.44
SKGL0-S3B00;1;106.6;106.6
SKGD2-S3B00;1;86.1;86.1
PD-1387908;1;388.4718348;388.4718348
SKGC0-AUB00;1;84.87;84.87
SKH26-S3B00;1;85.813;85.813
SKA92-S3B00;1;80.155;80.155
SKHK8-S3B00;1;110.7;110.7
SKA58-S3B00;1;61.295;61.295
SKM80-AUB00;1;75.44;75.44
SKM58-S3B00;1;61.295;61.295
SKV70-S3B00;1;87.2316;87.2316
SKR84-S3B00;1;82;82
SKE18-S3B00;1;75.44;75.44
SKN20-AVB00;1;61.295;61.295
SKP06-S3B00;1;84.87;84.87
SKP26-S3B00;1;106.6;106.6
SKK04-S3B00;1;89.585;89.585
SKTN0-S3B00;2;82;164
SKL22-S3B00;1;90.2;90.2
SKTJ4-S1B00;1;84.87;84.87
S-BM/T/34H;1;2613.75;2613.75
D760-0035;1;1090.5754;1090.5754
E10-20-052-03-22;4;137.104;548.416
E10-70-018-01-22;2;101.024;202.048
82494;13;124.5334;1618.9342
82544;4;143.4754;573.9016
EVE-S85-CF-PLM;1;1335.78;1335.78
PFR7S8EG;16;5.3956;86.3296
VWR143000;5;466.73590332;2333.6795166
VWR141001;8;278.8234356;2230.5874848
SAU112B;2;25.83;51.66
ATMSMINI7;1;134.07551778;134.07551778
HF-N-00;2;719.55;1439.1
SAUP088;1;278.8;278.8
HK-N-20;6;639.6;3837.6
HB-N-20;1;639.6;639.6
HK-V-01;2;106.6;213.2
L3P3BF97;2;185.0084;370.0168
LTR7IX-11;58;5.7892;335.7736
U5400;14;26.9042;376.6588
AC-45-DPCAT;11;147.6;1623.6
UR-TW2-4172;3;58.4496;175.3488
UR-RT2-3515;1;40.6556;40.6556
HK-L-20;1;639.6;639.6
HK-N-CTR;1;772.85;772.85
URUS-TW2-2384;1;66.0756;66.0756
URUS-TW2-2409;1;47.1008;47.1008
URUS-RE2-2410;1;39.811;39.811
UR-RL2-4267;2;39.811;79.622
UR-RO2-4263A;1;58.4496;58.4496
VWR630003;3;73.21676188;219.65028564
PF9015WB;2;230.297;460.594
EVO9104;2;152.11;304.22
SES1500TT;1;585.521;585.521
SES9102;1;561.1588;561.1588
FM1573I;1;276.2006;276.2006
SP1122WB;3;212.544;637.632
RF100023;2;86.0754;172.1508
RF100021;6;30.9714;185.8284
MS100247;38;21.5004;817.0152
RF100031;2;47.6092;95.2184
MS100256;1;860.9754;860.9754
D590-0005;2;390.2954;780.5908
DBA42699S-2;2;161.3514;322.7028
DBA2472S-2;6;125.58792;753.52752
FMSS6;3;49.8697227;149.6091681
FMDV38;1;107.7484018;107.7484018
FMTUBL14;2;74.13872314;148.27744628
FMINT30-BLACK;1;259.3132453;259.3132453
PRK-300-BK;2;149.39497508;298.78995016
CTS-HW-540;1;147.5918;147.5918
JSK-332-BK;2;110.1697142;220.3394284
MS100144;1;606.3572;606.3572
DV100001;1;143.4672;143.4672
MS100224;6;28.6754;172.0524
MS100225;5;23.657;118.285
MS100128;1;516.5754;516.5754
CI100038-A;4;315.6754;1262.7016
CI100053;1;200.8672;200.8672
CBK0001;2;746.1672;1492.3344
CBK0046;2;688.7754;1377.5508
D660-0009A;1;1147.9754;1147.9754
D660-0027;1;1147.9754;1147.9754
D660-0079-BLK;2;1492.3754;2984.7508
25-302BK;2;79.6384;159.2768
KLC203;5;50.68924382;253.4462191
TP-MINR56/57-CA;1;357.6348;357.6348
CBK0051;1;2008.9754;2008.9754
CBK0058;1;1721.9754;1721.9754
CBK0047;1;631.3754;631.3754
CBK0053;2;1176.6672;2353.3344
SUS00017;2;143.4754;286.9508
SUS00016;1;143.4754;143.4754
CI100059;2;1607.1672;3214.3344
D760-0067;4;91.8154;367.2616
615160;2;213.1754;426.3508
615187;2;238.7594;477.5188
817754;1;857.843;857.843
SCEXVDM;8;10.7666;86.1328
URUS-TW2-2379;1;63.5336;63.5336
URUS-RE2-2380;1;39.811;39.811
UR-TW2-3021;1;55.9076;55.9076
UR-TW2-1212;1;47.0926;47.0926
UR-ML2-2091;1;38.1218;38.1218
ASKC;2531;0.2952;747.1512
ATMSBMW13;2;115.21721928;230.43443856
14079-6;2;405.2112;810.4224
HMP-749;1;47.494974;47.494974
L3P3CV6X;1;185.0084;185.0084
U3P3CCM5;2;185.0084;370.0168
U3P3CCM6;2;189.7644;379.5288
L3P3CV7X;2;185.0084;370.0168
L3P3DCG7;2;185.0084;370.0168
L3P3DCL3;2;185.0084;370.0168
VWR610360BNZ;4;184.41087748;737.64350992
VWR436001;3;50.65199286;151.95597858
VWR436000;3;50.65199286;151.95597858
VWR190007;1;11.175288;11.175288
70999-AT003;2;117.340524;234.681048
50003-MR45HLZ;56;17.73145696;992.96158976
70017-AT132;5;14.83519482;74.1759741
70020-AF105;1;156.454032;156.454032
52004-AK003;15;18.159843;272.397645
ATMSMINI5;2;69.78967356;139.57934712
ATMSVAG10;4;97.00149984;388.00599936
E10-85-043-06-22;1;117.424;117.424
52004-AK009;7;18.159843;127.118901
51007-AK473;2;64.36965888;128.73931776
70027-AT001;3;18.7651711;56.2955133
70027-AH001;4;19.556754;78.227016
E-BM/T/9;1;1515.8192;1515.8192
70020-AF103;3;127.118901;381.356703
14011-AF001;2;98.56604016;197.13208032
33004-KN002;1;404.172916;404.172916
IC100028;2;1262.8;2525.6
VWR31ID00;1;116.94938892;116.94938892
VWR31T120;2;120.12503326;240.25006652
VWR31TR01;2;120.12503326;240.25006652
VWR670011;5;104.59138294;522.9569147
PSH55;2;60.80874;121.61748
XA19850+3805HDK;8;181.89281;1455.14248
EX-STBNA6CE-F;15;55.367958;830.51937
EX-STBZ33-F;11;55.527981;610.807791
EX-STBBL3FW-F;11;55.527981;610.807791
CLPT3;3;140.82024;422.46072
20VW36507X;1;1027.747;1027.747
60MA07;1;244.4584;244.4584
60MN01;2;219.7354;439.4708
ATINTVAG48;2;562.13561188;1124.27122376
15004-AT010;2;412.088745;824.17749
XA18850+4405GMB;4;152.55526;610.22104
XA18950+4005GDK;8;158.42277;1267.38216
XF18950-4005CDG;4;158.42277;633.69108
PST79;3;64.0092;192.0276
NST80;2;64.0092;128.0184
PST81;1;64.0092;64.0092
ARMAHDAFL5-A;2;360.8;721.6
SKG76-S3B00;1;106.6;106.6
SKMD0-S3B00;1;102.5;102.5
SKSB0-S3B00;1;110.7;110.7
SKQ54-S3B00;1;70.725;70.725
SKAEA-S3B00;1;103.73;103.73
ATMSREN11;2;174.613875;349.22775
ATMSMINI10;2;166.29759818;332.59519636
ATMSREN10;3;83.78672178;251.36016534
ATMSFO147;3;105.07564542;315.22693626
GSTJ4-91AS3;1;547.883;547.883
GSG68-91AS2;1;369.656;369.656
GSHA2-91AS2;2;419.02;838.04
GSS12-91SS2;1;424.35;424.35
GSM98-91AS3;2;422.464;844.928
GSM80-91AS3;1;476.42;476.42
GSTD8-91SS2;1;369.656;369.656
VSGP4-B1DS2;1;248.952;248.952
ATIKFO14;2;374.81915952;749.63831904
GSS68-91SS2;1;396.06;396.06
GSJ14-91AS2;2;419.02;838.04
GSGB0-91AA2;4;369.656;1478.624
82668;2;325.9172;651.8344
D660-0101;2;430.4754;860.9508
GSJ78-91AS2;4;419.02;1676.08
12001-KZ001;1;3501.59024;3501.59024
GSN66-D1SS1;1;640.297;640.297
VSK00-K1LS3;1;1254.19;1254.19
VSM74-C1SA3;4;528.08;2112.32
VSHA2-C1AA1;2;631.4;1262.8
VSA22-CUSA1;1;694.54;694.54
VSGB0-C1AA3;2;585.48;1170.96
MMRAD-MUS-64;1;154.119;154.119
SSTP011;10;59.409;594.09
SFDM068;2;166.4436;332.8872
SFDP068;2;76.3174;152.6348
SBMP097;2;209.7396;419.4792
SFDX068;2;179.498;358.996
SFDC068;2;43.5338;87.0676
SFD068;1;205;205
R28-10-2;3;41;123
S-PO/TI/23;1;2450.775;2450.775
P-CP034;1;907.125;907.125
CTS-TR-0055;2;1705.5918;3411.1836
21004-AN001;1;1890.48622;1890.48622
24996-AK001;3;13.3637819;40.0913457
24996-AK051;2;39.113508;78.227016
24003-LB004;3;46.2843178;138.8529534
70020-AF108;1;176.010786;176.010786
31008-BN001;2;257.2644425;514.528885
50003-M45REL;2;15.51502484;31.03004968
50003-M55RET;4;15.51502484;62.06009936
71008-AT021;1;488.91885;488.91885
MMTC-F150-15SL;1;142.065;142.065
VWR190008;2;25.18164896;50.36329792
SMNSP022;1;89.298;89.298
UR-PB4-2847P;2;55.9076;111.8152
UR-RE2-3326;2;47.1008;94.2016
URTH-TW2-3520;1;55.9076;55.9076
URTW-RL2-3445;2;33.5462;67.0924
URKR-TW2-2685;2;58.4496;116.8992
UR-TW2-857;3;55.9076;167.7228
UR-TW2-682;1;47.1008;47.1008
UR-RL2-849;1;36.9328;36.9328
URKR-TW2-2649;1;63.5336;63.5336
UR-LA4-847;1;55.9076;55.9076
UR-TW2-898;1;52.521;52.521
UR-TW2-2590;2;52.521;105.042
UR-ML4-848;1;52.521;52.521
URTW-RL5-4003;2;74.5462;149.0924
DILKAR8R9HS;79;10.1434;801.3286
UR-TW2-305;7;58.4496;409.1472
UR-AF27-264;1;156.0706;156.0706
VWR630100;4;10.0577592;40.2310368
UR-ML4-1371;2;58.4496;116.8992
13001-AN015;1;1890.48622;1890.48622
13008-AN002;1;1271.18901;1271.18901
11004-AM008;1;1254.891715;1254.891715
50003-MR45XLZ;49;17.73145696;868.84139104
URKR-TW2-2675;1;58.4496;58.4496
22002-AT006;1;928.945815;928.945815
33005-AF018;2;750.9793536;1501.9587072
11999-AT001;1;181.59843;181.59843
33004-BT003;3;199.758273;599.274819
32016-AF101;1;733.378275;733.378275
80310-AT005;2;1108.21606;2216.43212
27002-AN003;1;1169.9129625;1169.9129625
HMP-947;1;36.319686;36.319686
OFS-S1;9;29.87096;268.83864
TCC-S1;3;392.05635;1176.16905
FSBS36030M92R/93L;2;520.501478;1041.002956
SD-3311901S;3;100.9265061;302.7795183
SD-2111119;4;100.9265061;403.7060244
SD-2118455S;3;107.908843;323.726529
SD-2357962S;2;86.3270744;172.6541488
SD-2194988;5;144.0900433;720.4502165
SD-2318257S;2;129.80799055;259.6159811
SD-2114823S;3;107.908843;323.726529
Z-331238;4;69.823369;279.293476
Z-365085;4;63.47579;253.90316
Z-361055;2;69.823369;139.646738
ES-9910849;4;46.246647;184.986588
VWR680000;2;305.0853624;610.1707248
VWR670003;2;158.6425259;317.2850518
ARMAFER458-A;1;2232.45;2232.45
ARMABZ0643-A;1;401.39;401.39
Z-2155839;3;79.02735855;237.08207565
FRI-ORS-0128;2;864.870974;1729.741948
SAUC093;4;211.97;847.88
SAUX093;5;345.8514;1729.257
SVWC060;5;174.537;872.685
SVWX060;3;314.2158;942.6474
FMTUBL17;2;81.03015074;162.06030148
FMDV21;2;80.70420484;161.40840968
FMINT16-BLA;2;242.12192726;484.24385452
FMINDK44-FOAM;2;154.34935276;308.69870552
FMDV1-BLA;1;128.63687762;128.63687762
FMINLD2-D;1;82.3246216;82.3246216
FMINLD2-P;1;82.3246216;82.3246216
EVE-FL5-CF-INT;4;713.4;2853.6
EVE-FL5-CF-CHG;2;327.18;654.36
EVE-N20-CF-INT;1;664.2;664.2
EVE-Z06VT-CF-INT;1;1161.12;1161.12
238SMFPSWL270;5;40.631;203.155
URTW-TW4-4008;1;67.4286;67.4286
URTW-ML4-4011;2;55.9076;111.8152
URTW-LA4-4010;2;58.4496;116.8992
URTW-LA2-4009;2;39.811;79.622
UR-AR18-642;1;92.8076;92.8076
UR-LA4-3512;2;55.9076;111.8152
20BM36503;1;1027.747;1027.747
20BM36507;1;1041.3016;1041.3016
60FO19;2;228.165;456.33
60FO06;2;228.165;456.33
60MA03;1;228.165;228.165
60RE08;1;260.8256;260.8256
60PE10;1;228.165;228.165
35PE134;1;57.605;57.605
35SU35;1;55.9978;55.9978
ATMSREN3;3;228.78608358;686.35825074
FR-0137;1;1058.498804;1058.498804
FR-0028;2;225.899135;451.79827
FRI-0217;1;864.870974;864.870974
69-9001JP;2;148.448003;296.896006
DBA3724S-2;3;172.4542;517.3626
DBA3715S-2;2;104.70744;209.41488
AC-S63-TP;17;49.2;836.4
AC-500-DP;5;45.1;225.5
AC-N54-CC;44;24.6;1082.4
CRND5RCK;1;290.548427;290.548427
ZC33SFK;1;90.6797;90.6797
CLPS-SET1;3;160.023;480.069
EUPD4004104R;1;420.8404;420.8404
ATMSHYU11;1;206.71488978;206.71488978
ATMSHYU14;2;185.29558778;370.59117556
005EP171484;3;197.62;592.86
032CK21144;2;216.0864;432.1728
EM100050;4;157.8172;631.2688
MS100199-A;10;51.6436;516.436
CBK0041;1;1147.9754;1147.9754
CBK0017;1;1291.4754;1291.4754
50-1000;18;56.5636;1018.1448
30-0306;3;119.7446;359.2338
D760-0069;8;229.5754;1836.6032
BHR100Z;5;131.13269194;655.6634597
BHF100Z;2;111.23136656;222.46273312
015BS16138;1;216.0864;216.0864
KTA109;1;153.4739552;153.4739552
KDT970M;2;11.53848486;23.07696972
KLC231;2;76.63453746;153.26907492
SBMC090;1;240.629;240.629
FMSS9;3;79.95918564;239.87755692
AC-F56-IC;1;136.12;136.12
ATMSREN12;3;234.06640716;702.19922148
ATMSP&C4;4;172.45331932;689.81327728
FRI-0354;2;1123.041414;2246.082828
SBMP075;2;96.8625;193.725
E10-80-015-02-22;1;92.496;92.496
VWR682001;2;521.50412726;1043.00825452
AC-Z33-QS;8;22.14;177.12
X11127570292ALBK;16;72.16;1154.56
X11127565284ALBK;15;77.9;1168.5
AC-S58-RAD;4;163.18;652.72
AC-S63-IC;4;262.4;1049.6
SILZKGR8C8S;255;11.4308;2914.854
DBA53004SLVS-2;2;560.7078;1121.4156
UR-SD6-258;1;72.8488;72.8488
UR-RT2-261;1;38.1136;38.1136
UR-LA2-312A;1;42.3612;42.3612
UR-TW2-274A;1;61.8444;61.8444
UR-FD3-041;1;72.8488;72.8488
UR-LA4-259;1;58.4496;58.4496
UR-AF25-085;1;107.7152;107.7152
UR-AR19-010;1;95.0462;95.0462
UR-TW2-1245;2;67.4286;134.8572
VSHK8-K1NS4;2;1320.2;2640.4
VSAPQ-C1AS2;1;580.888;580.888
GSGB6-9VAS3;1;422.464;422.464
GSV70-91SS2;2;419.02;838.04
GSGH2-91AS3;2;447.72;895.44
70017-AS107;1;14.83519482;14.83519482
24996-AK052;2;46.2843178;92.5686356
71008-AS013;5;145.278744;726.39372
70020-AS105;2;224.902671;449.805342
31029-AT004;2;1043.02688;2086.05376
70026-AT011;2;241.199966;482.399932
13001-AS003;2;341.9638128;683.9276256
31021-AS003;1;544.79529;544.79529
13002-AN003;1;469.362096;469.362096
80310-AH003;1;1189.702535;1189.702535
31019-AS109;1;659.807629;659.807629
31008-BM001;1;363.19686;363.19686
15004-AS002;1;419.0733;419.0733
13002-AH001;1;140.156737;140.156737
26010-AT001;1;768.30105;768.30105
26011-AM002;1;1100.0674125;1100.0674125
AC-MK7-525LPFP;42;16.81;706.02
FMINDK47;8;360.1702195;2881.361756
WSK-HYU002;2;132.706545;265.41309
503-T109;1;15.042162;15.042162
507-N003;1;73.61058;73.61058
503-M102;2;13.761978;27.523956
503-H101;4;12.80184;51.20736
503-N101;10;13.761978;137.61978
503-F101;10;13.761978;137.61978
507-N005;1;54.40782;54.40782
507-f004;2;64.0092;128.0184
507-M005;2;89.61288;179.22576
507-M009;2;73.61058;147.22116
508-H013;2;115.21656;230.43312
508-N020;1;54.40782;54.40782
508-Z001;4;67.20966;268.83864
508-Z002;3;76.81104;230.43312
508-Z003;3;70.41012;211.23036
508-T003;1;83.21196;83.21196
538-N020;3;134.41932;403.25796
27PBDR33001;1;224.5488;224.5488
538-N021;1;124.81794;124.81794
539-T001;7;64.0092;448.0644
539-T003;4;60.80874;243.23496
574-A002;15;22.243197;333.647955
313-A001;2;320.046;640.092
254-T001;1;352.0506;352.0506
254-T002;1;320.046;320.046
518-T001;3;48.0069;144.0207
519-T003;2;345.64968;691.29936
319-A008;8;25.60368;204.82944
319-A007;4;25.60368;102.41472
500-AA08;3;47.366808;142.100424
161AF001;2;448.0644;896.1288
161RF018J;1;620.88924;620.88924
161AN006;2;377.65428;755.30856
161AN003;2;368.0529;736.1058
161AM012;2;396.85704;793.71408
VWR1160RS;1;91.25553926;91.25553926
TTE575;1;1880.6946;1880.6946
DBA2969S-2;2;127.2476;254.4952
162AN052;2;579.28326;1158.56652
162AT037;1;406.45842;406.45842
162AZ001;2;406.45842;812.91684
164-Z001J;1;304.0437;304.0437
167-T006J;1;572.88234;572.88234
164-T008J;1;569.68188;569.68188
164-T001J;1;569.68188;569.68188
145-N005;3;134.41932;403.25796
145-M006;3;121.61748;364.85244
145-H002;2;185.62668;371.25336
199-N006;2;105.61518;211.23036
238-T095;2;144.0207;288.0414
238-T093;2;153.62208;307.24416
264CT090;1;1225.77618;1225.77618
264CN056;1;1174.56882;1174.56882
264CM023;1;1228.97664;1228.97664
264CM020;1;1248.1794;1248.1794
414BM007;1;480.069;480.069
414BN030;1;480.069;480.069
RA5w-45;48;57.3426;2752.4448
RA75w-140;60;20.80299;1248.1794
06248954505MM;4;294.709025;1178.8361
ATMSVAG15;3;214.99391564;644.98174692
ATMSMINI15;5;104.10712046;520.5356023
MMSTART-SR20;1;106.436;106.436
MMICP-N54-07;12;101.475;1217.7
MMICP-N55-11;5;134.849;674.245
CTS-TR-0058;2;1918.7918;3837.5836
CTS-EXH-DP-0045-CAT;2;491.9918;983.9836
CTS-EXH-TP-0019;3;186.9518;560.8554
CTS-BV-0021;3;112.7418;338.2254
CTS-DV-027;4;34.4318;137.7272
DBA3659S-2;1;118.9;118.9
57849854595SB;4;161.303184;645.212736
ATMSVAG18;1;221.24276418;221.24276418
EVE-F56-MAF;3;34.932;104.796
UR-RE4-2986;1;67.4286;67.4286
UR-RL4-2742;1;67.4286;67.4286
UR-LA4-787;1;55.9076;55.9076
UR-RLS6-1272P;1;71.1514;71.1514
UR-FD3-2480;2;72.8488;145.6976
UR-RL4-3925;1;58.4496;58.4496
UR-LA4-2144;1;55.9076;55.9076
UR-ML4-2145;1;55.9076;55.9076
UR-ML4-1172;2;58.4496;116.8992
UR-RL2-2977;1;32.1932;32.1932
UR-AR22-511;1;96.5386;96.5386
UR-AF21-466;1;96.5386;96.5386
AC-211-TP;1;24.6;24.6
ATINTFO50;1;492.95126642;492.95126642
AC-FIST8-IC;2;136.12;272.24
52006-AK003;28;6.984555;195.56754
15004-AT013;1;576.6448608;576.6448608
70026-AT012;2;614.4080215;1228.816043
53004-AT025;1;800.89564;800.89564
9-307-1069;2;85.239;170.478
6-45-M51;2;19.188;38.376
6-45-M52;4;19.188;76.752
6-45-M54;6;19.188;115.128
ARMAAD008YA;1;620.125;620.125
RPF-1188;2;18.4392252;36.8784504
SBM098B;1;34.85;34.85
SBMC098;1;258.3;258.3
SBMX098;2;473.55;947.1
SBMP098;1;329.9844;329.9844
SBMXP098;1;128.7236;128.7236
EVE-A90B48-INT;1;655.836;655.836
ATMSHYU17;1;73.88727916;73.88727916
414BF003;1;480.069;480.069
06L115466C;143;1.148;164.164
BL02011105;1;2008.9918;2008.9918
BL02011101;1;1352.385;1352.385
BL02011104;1;344.3918;344.3918
BL02010402;1;516.5918;516.5918
BL020108910;1;2582.9918;2582.9918
BL04030801;1;430.4918;430.4918
BL04021111RED;1;861;861
BL02010008;2;573.9918;1147.9836
BL02010401;1;803.5918;803.5918
MMIG-BMW-0206;21;70.807;1486.947
MMIG-350Z-0306;10;101.024;1010.24
MMIG-30Z-09;3;104.632;313.896
MMIG-FOST-1204;9;92.004;828.036
MMIG-STI-1104;5;89.093;445.465
CTS-TR-1015-38;1;811.7918;811.7918
ATINTHON04;2;339.79394438;679.58788876
ATMSHON04;1;307.40423466;307.40423466
FM9003i;2;405.8672;811.7344
JSK-258-BK;1;103.1851592;103.1851592
BRG61GSF;1;1145.46702;1145.46702
SILFR6A;12;7.38;88.56
7-308;1;73.308;73.308
71008-AK001;12;90.799215;1089.59058
80310-AM001;1;1108.21606;1108.21606
24999-AH001;1;81.486475;81.486475
24999-AH002;1;84.745934;84.745934
13001-AM006;1;1043.02688;1043.02688
70018-AT006;1;127.118901;127.118901
70019-AZ101;4;78.227016;312.908064
70019-AZ104;4;75.0606844;300.2427376
PP2045;8;13.5464;108.3712
PP1951;2;13.5464;27.0928
PP87;1;13.5464;13.5464
PP1950;1;13.5464;13.5464
PP1949;4;13.5464;54.1856
PP1931;5;13.5464;67.732
PP72;3;13.5464;40.6392
PP2088;4;13.5464;54.1856
PP2069;2;13.5464;27.0928
PP2062;6;36.4408;218.6448
PP2051;3;50.9548;152.8644
PP2048;2;33.538;67.076
PP2041;1;42.5744;42.5744
PP2028;3;13.5464;40.6392
PP2026;3;13.5464;40.6392
PP2020;4;13.5464;54.1856
PP2018;3;13.5382;40.6146
PP2016;3;36.408;109.224
PP2008;6;13.5464;81.2784
PP2006;2;36.4408;72.8816
PP2005;6;13.5464;81.2784
PP1927;4;13.5464;54.1856
PP2000;1;13.5464;13.5464
PP1998;2;13.5464;27.0928
PP1923;13;36.4408;473.7304
PP1995;7;13.5464;94.8248
CG85-02-0C28;1;356.29;356.29
PP1994;1;42.5744;42.5744
PP1924;5;13.5464;67.732
VWR180006;3;7.61782132;22.85346396
PP1981;3;13.5464;40.6392
PP1979;3;13.5464;40.6392
PP1962;2;36.4408;72.8816
PP1956;1;36.4408;36.4408
57849954536SB;4;167.064012;668.256048
58347903896AG;4;126.738216;506.952864
PP1952;3;13.5464;40.6392
58349952535AG;2;171.384633;342.769266
58349053535AG;2;176.82861546;353.65723092
PP1922;5;13.5464;67.732
58349953595AG;4;167.064012;668.256048
PP1895;11;13.5464;149.0104
PP1884;2;13.5464;27.0928
PP1881;5;13.5464;67.732
PP1836;4;13.5464;54.1856
PP1825;1;26.445;26.445
PP1773;3;13.5464;40.6392
PP1762;4;14.8338;59.3352
PP1760;4;13.5464;54.1856
PP1735;3;18.0564;54.1692
PP1728;3;26.445;79.335
PP1727;3;29.6676;89.0028
PP1743;3;13.5464;40.6392
PP1723;2;13.5464;27.0928
PP1683;8;13.5464;108.3712
PP1667;1;26.445;26.445
Z-2214710;4;79.02735855;316.1094342
Z-1350571;2;72.04502165;144.0900433
PP1652;3;26.445;79.335
SD-3754024;4;72.04502165;288.1800866
PP1630;4;13.5464;54.1856
SD-2218651;2;212.6438965;425.287793
SD-2218353;3;145.300884;435.902652
ATMSHON5;3;89.37436578;268.12309734
PP1624;6;13.5464;81.2784
ATINTVAG50;2;279.78264782;559.56529564
PP1619;1;13.5464;13.5464
PP1605;4;13.5464;54.1856
PP1599;6;13.5464;81.2784
PP1577;3;13.5464;40.6392
PP1495;2;13.5464;27.0928
PP1443;4;13.5464;54.1856
MS100244;108;20.0654;2167.0632
SMNP018;2;92.5575;185.115
PP1389;7;13.5464;94.8248
PP1268;3;13.5464;40.6392
PP1319;3;13.5464;40.6392
PP1290;2;13.5464;27.0928
PP1221;1;13.5464;13.5464
PP1219;2;13.5464;27.0928
PP1195;2;13.5464;27.0928
PP1128;3;13.5464;40.6392
SFDS104;1;271.379;271.379
PP1895PLUS;2;26.8714;53.7428
PP2062PLUS;2;59.1302;118.2604
PP1980;1;67.732;67.732
PX1738;1;13.5464;13.5464
PX1746;6;18.7042;112.2252
PX1806;2;26.445;52.89
PX1819;3;21.9268;65.7804
PX1875;3;13.5382;40.6146
PK424;11;146.7308;1614.0388
PX1828;2;21.9268;43.8536
PK108;3;42.8204;128.4612
PX1921;2;13.5464;27.0928
PK107;3;42.8204;128.4612
PK159;3;38.5318;115.5954
CI100065;4;157.8172;631.2688
PX1974;4;76.1124;304.4496
CI100064;11;157.8172;1735.9892
PX1999;9;18.04;162.36
PX2011;3;29.1182;87.3546
PK439;2;193.52;387.04
ATMSFO149;3;228.12487904;684.37463712
VWR12G7R600ITGREY;10;48.81738308;488.1738308
51003-AK126;3;19.21218262;57.63654786
33006-KH001;2;365.059408;730.118816
15004-AT014;1;1030.2218625;1030.2218625
13002-AM003;1;338.983736;338.983736
22001-AN002;1;94.524311;94.524311
22001-AM001;1;84.745934;84.745934
VWR502000;2;67.04241526;134.08483052
VWR140012;7;153.65089726;1075.55628082
SFDC088;1;142.5488;142.5488
FMDP1;2;130.07103958;260.14207916
R25-10-2;3;41;123
ATMSREN9;2;92.37306806;184.74613612
ATMSYGR24;2;73.88727916;147.77455832
ATMSBMW15;2;227.90137328;455.80274656
EVE-GR86-CF-INT;2;639.6;1279.2
STYP011;2;194.75;389.5
SBMX102;5;236.775;1183.875
21004-AT007;1;1727.51327;1727.51327
26010-AM001;1;768.30105;768.30105
70020-AZ102;1;273.794556;273.794556
PK445;2;965.181;1930.362
R14-10-2;2;51.66;103.32
R06-10-2;3;42.23;126.69
ATMSBMW20;2;228.12487904;456.24975808
ATMSBMW24;2;86.20803418;172.41606836
EM100040;18;63.919;1150.542
CBK0010;2;1706.4774;3412.9548
CBK0016;1;765.1174;765.1174
IC100012;1;765.1174;765.1174
MS100078;2;444.2514;888.5028
MS100121;1;301.3254;301.3254
MS100181;3;243.9254;731.7762
MS100187;4;200.8672;803.4688
MS100194;6;98.728;592.368
MS100207;1;803.5754;803.5754
MS100226;7;114.7754;803.4278
MS100229;2;717.4754;1434.9508
MS100234;1;279.5134;279.5134
MS100251;2;129.0926;258.1852
RF100022;5;131.9872;659.936
SA000439;10;18.0564;180.564
SUS00008;2;209.0754;418.1508
WHL00032;4;176.7592;707.0368
WHL00041;4;235.3154;941.2616
D660-0092;2;688.7754;1377.5508
FS3Z-6640526-SA;10;37.4986;374.986
FS3Z-2760-BL;5;21.5004;107.502
FR3Z-6766-BL;11;7.5932;83.5252
FR3Z-6750-BL;5;25.7152;128.576
FR3Z-6640526-GA;3;34.0874;102.2622
FR3Z-6640526-5A;3;34.0874;102.2622
FR3Z-2162-BL;5;23.657;118.285
FR3Z-17632-BL;6;23.657;141.942
FR3Z-16A052-BLK;10;53.8084;538.084
CS3-295430-B;4;240.711;962.844
CS11-295530-B;2;240.711;481.422
CS11-211555-B;2;251.5514;503.1028
ACC-5033270;5;12.587;62.935
5S3Z-2457-9735M;5;59.6714;298.357
3916036;4;125.9848;503.9392
2700;1;882.7874;882.7874
EVE-X56M-CHG;1;309.96;309.96
EVE-X56M-LCI-CHG;2;309.96;619.92
SAU114B;3;36.9;110.7
SFD091B;2;34.0136;68.0272
SAU044B;2;36.5966;73.1932
SVAG006B;4;36.5966;146.3864
DBA42472S-2;2;205.7544;411.5088
EVE-GR86-CF-ENG;2;162.36;324.72
Z-1310626;4;90.1356218;360.5424872
Z-1356206;2;82.83590595;165.6718119
ATMSBMW22;4;138.5735712;554.2942848
ATMSBMW23;2;195.53960178;391.07920356
ATMSBMW27;2;67.02378978;134.04757956
EVE-X5M50-CF-INT;1;1217.7;1217.7
26010-AT002;1;768.30105;768.30105
80310-AT001;1;1075.62147;1075.62147
80300-AT025;1;1010.43229;1010.43229
"C5 720 01";1;846.24;846.24
PK398;2;150.9374;301.8748
HA1GSF;1;628.60995;628.60995
E54GSN;1;663.532725;663.532725
ATMSSUZ4;3;104.69382308;314.08146924
ATINTSUZ1;2;264.09999366;528.19998732
ATMSSUZ1;3;234.05709442;702.17128326
ATMSSUZ3;1;166.29759818;166.29759818
ATIKSUZ1;2;213.66219382;427.32438764
PH/INDSUZ1;1;37.9959792;37.9959792
ATMSSUZ2;2;108.959058;217.918116
D401-0047;7;38.7204;271.0428
D401-0046;1;20.6394;20.6394
D190-0001;1;557.5672;557.5672
MS100262;2;172.1918;344.3836
AC-211-HPFP;4;194.3154;777.2616
AC-BMB-CP;2;6.478;12.956
AC-30N-CP;1;7.134;7.134
D650-0011;104;18.0564;1877.8656
3796704935SP;4;133.032454;532.129816
R-AUD-010-I;3;246.41;739.23
ATMSHYU9;3;128.48787378;385.46362134
9-421-7270;5;202.499;1012.495
P-HF1384;1;277.7094;277.7094
201-4701;1;227.0006;227.0006
204-4302;12;104.8288;1257.9456
204-4708;4;186.55;746.2
201-4303;1;153.0612;153.0612
151-4301;3;114.1686;342.5058
201-4304;3;131.2;393.6
201-5401;2;144.9268;289.8536
151-5407;1;106.9936;106.9936
201-5002;1;105.8784;105.8784
202-5402;1;84.05;84.05
202-5802;1;193.0772;193.0772
204-5408;11;86.2148;948.3628
201-5402;5;134.6522;673.261
ATIKHON03;2;195.23228136;390.46456272
ATMSHON6;2;251.40672904;502.81345808
M215800+1204GS0;2;214.43082;428.86164
CTS-HW-524;2;836.3918;1672.7836
3797704943SP;8;143.860677;1150.885416
3798956538SP;12;180.986013;2171.832156
3798956545SP;6;180.986013;1085.916078
KT4058;2;349.7218;699.4436
F2458P;6;24.0424;144.2544
F2459P;6;17.22;103.32
204-5403;3;96.186;288.558
204-5801;2;154.8734;309.7468
208-5402;1;70.2166;70.2166
218-5402;2;83.312;166.624
202-5801;2;140.0724;280.1448
218-5401;3;70.7086;212.1258
216-5401;1;95.5218;95.5218
216-4301;3;136.735;410.205
204-4705;1;184.582;184.582
204-4105;3;266.6968;800.0904
260-4701;2;159.0554;318.1108
204-3901;2;95.64316;191.28632
202-4302;3;84.6896;254.0688
208-4701;3;114.7344;344.2032
218-4702;3;118.7606;356.2818
218-4701;2;94.3984;188.7968
208-4601;1;114.062;114.062
201-4307;1;232.6258;232.6258
IKER7A8EGS;13;9.5366;123.9758
VWR900003;65;19.54744126;1270.5836819
E20-85-014-01-22;3;84.624;253.872
VWR900004;15;19.54744126;293.2116189
VWG7T-DD;2;282.9;565.8
ATMSBMW31;2;83.77740904;167.55481808
ATMSBMW29;2;26.23398858;52.46797716
M215750+0604GS0;2;210.856973;421.713946
3797806535SP;8;154.6889;1237.5112
3797808045SP;4;150.048233;600.192932
379-0000SP;62;13.44246541;833.43285542
3798808045SP;4;171.704679;686.818716
3798804435SP;8;171.704679;1373.637432
37981056515SP;5;187.173569;935.867845
3798956515SP;8;187.173569;1497.388552
3798754448SP;4;168.610901;674.443604
3797806545SP;4;149.3548;597.4192
3797906545SP;8;156.235789;1249.886312
37981056515B;8;193.361125;1546.889
3798956515B;8;180.986013;1447.888104
3797756548SP;8;146.954455;1175.63564
RPF1RS158;4;125.298009;501.192036
DBA43148S-2;3;205.1476;615.4428
PK447;2;110.0194;220.0388
PK451;2;42.845;85.69
PP2101;5;13.5464;67.732
PP1621;6;13.5464;81.2784
PK419;1;114.636;114.636
PK431;7;141.1056;987.7392
PK409;6;146.4192;878.5152
PK370;5;150.9374;754.687
PK433;3;140.7038;422.1114
PP1926;3;13.5382;40.6146
PP2076;2;46.1168;92.2336
PP2040PLUS;2;59.1302;118.2604
PP1693;6;13.5464;81.2784
PX1782;2;13.5382;27.0764
06310101535BB;2;453.1584655;906.316931
06310111535BB;2;466.3336925;932.667385
06708102995PB;4;337.3551545;1349.420618
06588854596PG;4;301.643355;1206.57342
06858953995KR;4;332.84784;1331.39136
57769053535GX;2;171.384633;342.769266
57769952535GX;2;167.064012;334.128024
204-5404;3;92.578;277.734
228-4301;3;123.1312;369.3936
PK430;5;94.2221;471.1105
3798851240SP;8;174.798457;1398.387656
3798904435SP;15;177.892235;2668.383525
STW-S1;5;16.802415;84.012075
ITC-FN2;4;108.28223;433.12892
ITC-P3;4;78.41127;313.64508
D401-0050;4;38.7204;154.8816
3798808035SP;4;171.704679;686.818716
57768854596GX;4;138.259872;553.039488
57768953895GX;12;149.62310523;1795.47726276
57768953836GX;4;149.62310523;598.49242092
57769953536GBP;4;171.384633;685.538532
WHL00027;4;176.7592;707.0368
WHL00037;4;235.3154;941.2616
WHL00022;4;235.3154;941.2616
WHL00026;4;235.3154;941.2616
WHL00031;4;235.3154;941.2616
WHL00036;4;235.3154;941.2616
WHL00021;4;158.9734;635.8936
WHL00009;4;215.2254;860.9016
WHL00034;4;176.6034;706.4136
WHL00039;4;176.6034;706.4136
WHL00024;8;157.8254;1262.6032
WHL00016;4;157.8254;631.3016
"WHL00015 ";4;157.8254;631.3016
WHL00001;4;186.5254;746.1016
WHL00014;4;186.5254;746.1016
3797754448SP;8;146.954455;1175.63564
CTS-HW-550;2;393.5918;787.1836
T4100010;1;1377.5672;1377.5672
SRH-K8;2;97.08062;194.16124
MB-K8-F;2;70.94353;141.88706
06708953995PB;4;350.183665;1400.73466
57768853795GX;4;152.661942;610.647768
06676803692KR;4;239.234385;956.93754
SRH-L5;2;104.54836;209.09672
SRH-S1;2;119.48384;238.96768
SRH-P3;3;85.87901;257.63703
SRH-H4;2;104.54836;209.09672
SRH-FN2;3;97.08062;291.24186
STT-S1;3;26.13709;78.41127
STT-P3;3;29.124186;87.372558
TB-K8-F;2;89.61288;179.22576
TB-K8-R;1;89.61288;89.61288
TB-P3-R;3;78.41127;235.23381
TB-H4-R;2;78.41127;156.82254
TB-S1-R;3;78.41127;235.23381
TB-L5-F;3;93.34675;280.04025
TB-H4-F;2;78.41127;156.82254
TB-P3-F;3;78.41127;235.23381
TB-S1-F;2;78.41127;156.82254
TB-FN2-F;2;78.41127;156.82254
MB774-C;1;1262.8;1262.8
06676803692WR;4;239.234385;956.93754
PK444;1;131.0278;131.0278
06708854220PB;4;343.249335;1372.99734
06708952020PB;2;350.183665;700.36733
06708053420PB;2;357.117995;714.23599
MBA45-C;1;1098.8;1098.8
ATMSVAG17;5;100.54034104;502.7017052
ATMSVAG21;3;117.92722662;353.78167986
ATMSVAG19;3;206.1840636;618.5521908
ATINTVAG47;2;633.14525438;1266.29050876
XC16650+5304CS0;4;77.024404;308.097616
XC17700+4805CS0;4;91.21311;364.85244
XC18105+1205GS0;4;119.697204;478.788816
XC18105+2205GGM;4;123.75112;495.00448
MAF-S1-200;5;33.60483;168.02415
MAF-P3-3000;4;26.13709;104.54836
OCT-S1;3;192.0276;576.0828
KF-K8-F;2;104.54836;209.09672
RTC-01;2;4.480644;8.961288
RCP-01N;3;11.20161;33.60483
LBH64S-C;1;2451.8;2451.8
XC18750+3805CS0;4;106.682;426.728
FMJ-S1L-501-RD;2;67.20966;134.41932
FMJ-K8L-RD;2;74.6774;149.3548
FMJ-H5L-505-RD;2;74.6774;149.3548
FMJ-H3L-504-RD;2;74.6774;149.3548
CZ6C7-X/CZ6C7-QS28C;1;1586.7;1586.7
AUC7R-C;1;2041.8;2041.8
AUF3R-C;1;1344.8;1344.8
IMS-8V8S-HFI;11;553.4918;6088.4098
HPCW-4L;9;26.13709;235.23381
TFO-540-04;10;29.87096;298.7096
AUC8R-DC18;1;2451.8;2451.8
AUR8Y-C;2;1344.8;2689.6
DC19;1;442.8;442.8
RRB-S1;3;59.74192;179.22576
ETD-S1-TL;1;168.02415;168.02415
KF-K8-R;2;56.00805;112.0161
CAJ-S1-S2;2;104.54836;209.09672
TSN-BL;1;93.34675;93.34675
DSS-S1;5;73.930626;369.65313
CAM-K8;1;149.3548;149.3548
CAJ-K8;1;141.88706;141.88706
R304-P3-60RS;1;328.58056;328.58056
XA-S1;2;560.0805;1120.161
FXA-FN2;1;720.1035;720.1035
ZH-P3;3;253.90316;761.70948
228-5401;3;71.0202;213.0606
CI100021;1;401.7754;401.7754
EM100051;2;346.6714;693.3428
SBM105B;2;34.0136;68.0272
SBMP105;5;30.75;153.75
R304-FN2-60RS;2;336.0483;672.0966
AG-K8-C;2;392.05635;784.1127
AG-K8-EMC;2;106.0312398;212.0624796
AG-K8-TREM;1;37.3387;37.3387
AID-S1-N;3;149.3548;448.0644
CMG-S1;1;238.96768;238.96768
CCP-S1-C;4;104.54836;418.19344
AFT-01;1;29.87096;29.87096
SSG-K8-CAL;1;428.061525;428.061525
SSG-L5-CSG;1;600.08625;600.08625
SBR-K8-RD;4;13.068545;52.27418
TRBP-K8;1;298.7096;298.7096
MDB-MT;4;5.600805;22.40322
DCL-FN2;4;33.60483;134.41932
KCT-P3;2;56.00805;112.0161
MP-WAZA;2;4.107257;8.214514
PRA-K8;1;194.16124;194.16124
EMS-K8-RS;2;130.68545;261.3709
EMS-K8-MT;2;186.6935;373.387
EMS-K8-RR;1;100.81449;100.81449
DRF-S1-FS;1;141.88706;141.88706
KLD-S1-15;1;552.61276;552.61276
FGD-FN2-53;1;380.054625;380.054625
ETA-S1;3;44.80644;134.41932
SSG-02-C;1;194.16124;194.16124
DBS-S1-RS;1;552.61276;552.61276
DBS-FN2-RS;1;552.61276;552.61276
SD-1314709;4;181.786128;727.144512
6-627;1;495.649;495.649
FRI-0181;1;1284.397939;1284.397939
SMN029B;3;32.2875;96.8625
SBM073B;2;32.2916;64.5832
SVAG007B;3;30.75;92.25
R7438-8;8;23.8784;191.0272
IMS-8V-DCCB;7;250.2968;1752.0776
IMS-8Y-DCCB;5;250.2968;1251.484
IMS-8S-DCCB;4;250.2968;1001.1872
IMS-8V8S-OPS;2;229.5918;459.1836
IMS-8V8S-GRK;7;40.5818;284.0726
IMS-8VSY-BFR-AB;1;180.3918;180.3918
IMS-8VSY-PCV1-B;2;124.6318;249.2636
IMS-8V8S-UFW-N;1;1190.6318;1190.6318
IMS-8V-ICO;1;1167.6718;1167.6718
IMS-8Y-IC1150;2;1082.3918;2164.7836
IMS-8V8S-ECCB-2;4;467.3918;1869.5672
ATMSHON11;2;146.01445046;292.02890092
ATMSFO159;1;161.4829116;161.4829116
ATRADHON01;1;193.12760212;193.12760212
ATMSHON3;2;159.67624004;319.35248008
TP-T/S/33;1;735.0316;735.0316
S-PO/TI/19;1;2276.0002;2276.0002
ATMSYGR23;1;332.464818;332.464818
E90-15-004-05-22;1;478.511;478.511
E90-81-010-02-22;1;422.136;422.136
E90-55-019-03-22;1;558.42;558.42
E90-55-010-01-22;2;517.584;1035.168
E90-55-007-01-22;1;442.8738;442.8738
E90-70-018-02-22;1;465.883;465.883
E95-81-009-04-22;1;515.616;515.616
E90-81-003-03-22;1;470.393;470.393
SVWP061;2;28.7;57.4
SVWC061;2;171.954;343.908
SVWX061;1;311.6328;311.6328
VWR140007;2;17.6010786;35.2021572
FMINLD3;2;16.297295;32.59459
S-TY/T/3;2;1643.28;3286.56
E-TY/SS/4;2;313.035;626.07
EVE-GR4CR-CFM-INT;1;708.48;708.48
EVE-GR4CR-CF-INT;1;708.48;708.48
80310-AH001;1;998.791365;998.791365
SAU123B;2;26.65;53.3
PK455;3;241.9;725.7
E90-57-004-02-22;1;510.204;510.204
AC-S55-CC;43;24.6;1057.8
ATMSFO151;3;335.22138904;1005.66416712
CI100072;6;315.6754;1894.0524
PK165;2;18.7042;37.4084
ATIKVAG13;3;152.50543024;457.51629072
ATIKYGR05;2;27.7519652;55.5039304
ATMSFO112;2;134.7553478;269.5106956
PP1844;2;13.5382;27.0764
MMRAD-DBP-26;1;179.949;179.949
MMFS-SUP-93T;2;97.416;194.832
MMFS-SUP-86;2;97.416;194.832
MMRAD-CIV-16;2;183.557;367.114
MMRAD-SRT-15;1;318.406;318.406
MMRAD-SUP-86;1;158.2928;158.2928
MMRAD-RHD-R32;1;139.4984;139.4984
MMRAD-E30-82;2;126.28;252.56
MMRAD-AE86-83;1;132.1594;132.1594
MMFAN-8;4;30.2088;120.8352
MMINT-CIV-16SL;5;298.5538;1492.769
MMTW-235;9;28.413;255.717
IMS-8V8S-RACE3;7;54.1118;378.7826
MMIG-MAZ-1204;13;51.1434;664.8642
MMIG-VLSTR-19T04;4;51.1434;204.5736
MMIG-CIV-92;40;9.0118;360.472
MMIG-VW-0604;11;43.4682;478.1502
MMIG-VW-1504;9;51.1434;460.2906
MMIG-A3-0904;10;61.336;613.36
MMTH-E36-92RD;10;66.9284;669.284
MMTH-WRX-01RD;1;66.9284;66.9284
MMAF-350Z-07;3;55.3828;166.1484
MMAF-MIA-90;6;27.6832;166.0992
MMTL-FT-RLR;9;28.5442;256.8978
MMRA-LC-EG-OR;10;11.726;117.26
MMRA-LC-EG-PK;43;11.726;504.218
MMRA-LC-EG-BL;18;11.726;211.068
MMRA-LC-EG-YW;20;11.726;234.52
22004-AZ001;4;86.49672912;345.98691648
3797856540SP;4;153.142011;612.568044
3797906522B;4;156.235789;624.943156
3798856540SP;4;174.798457;699.193828
3798856530SP;4;174.798457;699.193828
3798856530B;4;174.798457;699.193828
3797956538SP;4;159.329567;637.318268
3797856530SP;4;153.142011;612.568044
3798856540SBC;4;211.923793;847.695172
3796704935SBC;4;170.15779;680.63116
TM02-1895-514-22HS;4;182.532902;730.131608
TM02-1895-514-38DGM;4;176.345346;705.381384
GTV-1895-510-45W;2;157.782678;315.565356
GTV-1885-510-45W;2;151.595122;303.190244
13002-AT001;1;405.2904448;405.2904448
23009-AN010;1;139.3185904;139.3185904
AC-570-DPHS;1;252.56;252.56
AC-SVJ-DPHS;1;373.92;373.92
AC-LP7-DP;1;303.4;303.4
AC-250-MP;6;81.18;487.08
CI100067;8;459.1754;3673.4032
T4100004;2;2008.9754;4017.9508
ALP.07.07.0002-5;2;430.4754;860.9508
EVE-F60-306-INT;1;642.06;642.06
XA18950+4005GMB;8;158.42277;1267.38216
XA18850+4405GDK;4;152.55526;610.22104
EVE-1046-FTR;2;40.795;81.59
CTS-IT-962;5;90.6018;453.009
CTS-SUS-0010R;2;122.9918;245.9836
CTS-SUS-0011R;2;122.9918;245.9836
CTS-IT-963;10;245.9918;2459.918
CTS-HW-547;2;239.8418;479.6836
CTS-HS-360;4;79.9418;319.7672
CTS-IT-945;7;221.3918;1549.7426
CTS-TR-1057;1;1033.1918;1033.1918
EVE-G63AMG-CF-INT;1;1569.48;1569.48
KT4059;2;682.2646;1364.5292
VWR610011;4;184.41087748;737.64350992
VWR610010;4;184.41087748;737.64350992
VWR610008;4;184.41087748;737.64350992
VWR610009;4;184.41087748;737.64350992
ATMSFO161;1;105.6064716;105.6064716
06588854220PG;4;325.91351;1303.65404
06588953821PG;4;332.84784;1331.39136
57848953895SB;4;158.42277;633.69108
58368953836OXZ;4;182.42622;729.70488
58368854596OXZ;2;176.0253;352.0506
58368953896OXZ;2;182.42622;364.85244
06248953836MM;4;318.97918;1275.91672
05399952205PG;2;350.183665;700.36733
06439952321PR;2;367.51949;735.03898
06439053421PR;2;374.45382;748.90764
EVE-F12-CF-INT;1;1328.4;1328.4
IMS-8Y-ECCB-3;2;584.2418;1168.4836
MS100185;1;307.4672;307.4672
ATMSVAG20;1;250.8852156;250.8852156
VWR120005;2;114.09969048;228.19938096
SFD090B;4;30.75;123
114BT092J;1;736.1058;736.1058
199-N007;2;86.41242;172.82484
145-H003;2;185.62668;371.25336
330117R;4;92.0614;368.2456
280-T001;3;144.0207;432.0621
280-T002;2;144.0207;288.0414
330146R;6;78.9742;473.8452
SBMMP073;1;340.095;340.095
VWR140013;5;178.79529526;893.9764763
201-5404;1;97.744;97.744
201-4704;3;151.7656;455.2968
R-BMW-024-I;1;330.05;330.05
FR-0218;1;703.514449;703.514449
SVWP036;5;65.6;328
SUS00027;3;172.1918;516.5754
PK457;3;430.5;1291.5
FMINDK52;3;128.63687762;385.91063286
FMTIA13-BLA;1;85.48164046;85.48164046
80310-AN001;1;1271.18901;1271.18901
24999-AZ001;6;79.79155632;478.74933792
24999-AT004;1;66.04595208;66.04595208
1301-RT066;1;826.4125476;826.4125476
53001-AT027;1;234.681048;234.681048
EVE-FK2V3-CHG-UPG;1;201.72;201.72
E25-20-057-01-22;2;333.125;666.25
CTS-EXH-DP-0023;1;132.8318;132.8318
IMS-8V8S-UPB;11;44.2718;486.9898
IMS-8V8S-BFMS-B;1;172.1918;172.1918
TP-CT/79;1;977.85;977.85
S-BM/T/37H;1;2644.5;2644.5
CTS-HW-567;7;101.2618;708.8326
9-437-7290;8;270.149;2161.192
IMS-8V8S-ECCB-3;1;584.2418;584.2418
31019-AT005;1;357.0504516;357.0504516
ATINTHYU3;3;299.94472992;899.83418976
IMS-8Y-ECCB-2;2;467.3918;934.7836
ATRADBMW8;1;373.8133836;373.8133836
ATMSHON13;2;26.23398858;52.46797716
XA19850+3805HMB;8;173.091545;1384.73236
XA17700+5005CDK;4;91.21311;364.85244
9-437-7220;1;193.479;193.479
SVWX054;2;335.6342;671.2684
PP2114;2;13.5464;27.0928
330020R;2;109.798;219.596
330044R;1;109.798;109.798
330045R;3;92.0614;276.1842
330057R;2;78.9742;157.9484
EVE-GR4-CFM-INT;2;623.9954;1247.9908
330072R;5;92.0614;460.307
330074R;7;109.798;768.586
VWR190009;3;43.98407102;131.95221306
EVE-B48A20-CF-INT;2;654.36;1308.72
SBM012;1;328.7872;328.7872
AC-XM-DPHS;6;200.9;1205.4
330149R;3;78.9742;236.9226
25-103BK;2;88.806;177.612
25-300BK;1;87.1086;87.1086
MS100100;2;344.3918;688.7836
"F5 458 03";1;713.4;713.4
22004-AH001;4;107.95328208;431.81312832
60FO11;1;228.165;228.165
EVE-F56-LCI-MAF;1;34.932;34.932
SBMC102;2;211.9782;423.9564
AC-F97-UDT;5;90.2;451
MMTS-SPT-71;2;5.7728;11.5456
MMTS-CIV-06;2;27.06;54.12
MMWHS-38-BK;1;12.177;12.177
MMFAN-12HD;1;70.807;70.807
AC-B58-IT;18;53.3;959.4
330189R;2;65.8788;131.7576
330147R;10;78.9742;789.742
338500FR;1;73.9148;73.9148
AC-B58-IND;5;13.12;65.6
ATMSYGR32;1;273.5151738;273.5151738
ATINTYGR3;2;327.54769128;655.09538256
ATMSYGR30;3;61.1847018;183.5541054
SILKGR9A7ES;16;10.9552;175.2832
EVE-G8XMV2-CFM-INT;1;1303.8;1303.8
330148R;14;78.9742;1105.6388
SSTC009;1;175.1602;175.1602
330212R;3;106.6;319.8
FMINT25-WSRB;1;473.05925378;473.05925378
AC-S55-UDT;13;90.2;1172.6
AC-C6RS-IC;1;316.52;316.52
AC-G8x-UDT;10;90.2;902
AC-F9x-UDT;1;90.2;90.2
VWR140014;8;13.95979726;111.67837808
ATMSP2082;2;156.1746498;312.3492996
ATIKP2081;2;104.75901226;209.51802452
ATMSP2083;2;77.9476338;155.8952676
AC-19D-EDV;1;13.12;13.12
AC-20D-EDV;5;16.4;82
AC-N54-CHA;6;2.46;14.76
330213R;3;106.6;319.8
330240R;8;78.9742;631.7936
338124R;1;47.4288;47.4288
FMDV50;2;111.74356726;223.48713452
092.100.600.009G;1;814.506;814.506
092.121.320.009G;1;599.83;599.83
092300300009;3;166.46;499.38
092350007009;1;118.08;118.08
AC-S58-TP;1;143.5;143.5
512-885-8042;4;192.68049384;770.72197536
TM02-1895-500-38HS;4;182.532902;730.131608
3795704941B;4;119.110453;476.441812
E25-85-051-20-22;5;317.135;1585.675
E25-85-051-17-22;1;317.135;317.135
E25-85-051-19-22;2;317.135;634.27
AC-6LD-IC;7;200.9;1406.3
ATMSHON14;2;243.3418962;486.6837924
ATMSHON10;3;164.22085716;492.66257148
ATMSHON12;3;178.5252258;535.5756774
338486R;2;45.2394;90.4788
330145R;2;78.9742;157.9484
330151R;2;78.9742;157.9484
S1-1-14-25-43-17-B;1;1.23;1.23
E10-20-059-01-22;1;166.952;166.952
E10-82-092-02-22;1;110.536;110.536
E10-57-007-01-22;2;113.816;227.632
43005-AT001;1;680.761294;680.761294
ATMSFO152;1;357.3298338;357.3298338
R6601-9;8;17.097;136.776
Z1004081;132;14.3172;1889.8704
ATRADYGR3;2;331.9060536;663.8121072
330158R;3;78.9742;236.9226
330169R;2;78.9742;157.9484
330235R;1;92.0614;92.0614
330234R;1;92.0614;92.0614
CBK0012;1;1147.9918;1147.9918
D640-0001;142;11.4472;1625.5024
D640-0002;198;11.4472;2266.5456
PK454FULL;2;260.227;520.454
PK454BP;2;78.120867;156.241734
URTW-RU4-2870;3;74.0542;222.1626
330130R;6;52.7916;316.7496
338476R;3;51.9552;155.8656
338286R;3;51.9552;155.8656
338422R;1;40.5408;40.5408
330073R;2;78.9742;157.9484
338320R;2;91.3562;182.7124
D760-0064;17;91.8318;1561.1406
MMRAD-GRC-23;3;232.265;696.795
ATMSREN16;1;194.70145518;194.70145518
R-VW-008-I;1;220.58;220.58
R-AUD-012-I;1;451;451
R-AUD-013-I;1;346.45;346.45
R-BMW-012-I;1;330.05;330.05
R-FOR-010-I;2;273.47;546.94
C-HON-003UL;1;676.5;676.5
C-MIN-002;1;741.28;741.28
R-MIT-EN24-006;1;246.41;246.41
R-MIT-002-I;1;246.41;246.41
C-MIT-004L;1;697;697
C-MIT-003L;1;697;697
C-NIS-001L;1;741.28;741.28
R-NIS-002-I;1;246.41;246.41
R-NIS-006-I;1;418.2;418.2
C-SUB-002UL;1;697;697
C-TOY-005L;1;1250.5;1250.5
R-HON-006HL;1;213.61;213.61
C-AUD-EN40B-007;1;1229.59;1229.59
R-VW-002-I;1;366.95;366.95
R-BMW-023-I;1;427.63;427.63
R-BMW-021-I;1;330.05;330.05
R-FOR-007-I;1;220.58;220.58
R-FOR-005-I;1;273.47;273.47
R-HON-010HL;2;213.61;427.22
R-MIN-002-I;1;220.58;220.58
R-MIN-003-I;1;220.58;220.58
R-SUB-001-I;1;246.41;246.41
FMDV12VAG-BLA-BLA;1;118.62568212;118.62568212
FMINDIB12-BLA;1;106.37942902;106.37942902
R29-10-2;10;45.1;451
D760-0056;1;1320.1672;1320.1672
D760-0049;2;1377.5672;2755.1344
D760-0047;1;631.3754;631.3754
ATIKBMW8;2;261.47380098;522.94760196
814-N501;1;166.42392;166.42392
814-T401;2;108.81564;217.63128
410-A001;5;57.60828;288.0414
417-A014;2;19.20276;38.40552
417-A018;1;19.20276;19.20276
417-A022;1;19.20276;19.20276
417-A010;1;19.20276;19.20276
57769854595GX;4;175.705254;702.821016
57848853795SB;6;152.661942;915.971652
57848952295SB;4;158.42277;633.69108
57848052295SB;2;164.183598;328.367196
57768052295GX;4;164.183598;656.734392
490-875-8048;8;147.861252;1182.890016
490-880-8045;4;150.848348;603.393392
490-775-8045;4;128.445128;513.780512
490-880-4435;4;150.848348;603.393392
490-880-6545;4;150.848348;603.393392
540-880-6545;4;150.848348;603.393392
540-875-4448;4;147.861252;591.445008
540-880-4435;4;150.848348;603.393392
540-770-4938;4;125.458032;501.832128
EVE-E36M3-CF-INT;2;447.72;895.44
VWR652000-BLU;1;1050.00212226;1050.00212226
STYC011;2;152.8316;305.6632
R-AUD-009-I;1;246.41;246.41
ATMSYGR04-GEN2;1;237.68906302;237.68906302
EVE-GR4-CFM-ENG;1;280.44;280.44
ATMSFO174;1;267.9275298;267.9275298
ATMSFO155;2;243.3418962;486.6837924
ITGYARISGRCM;1;837.53195916;837.53195916
DBA42287S-2;1;184.2048;184.2048
ATINTYGR4;2;583.7691069;1167.5382138
ATMSHON7;2;273.50586106;547.01172212
ATRADHON02;2;251.1645978;502.3291956
ATMSHON19;2;243.3418962;486.6837924
U5369;7;14.5796;102.0572
SVXC064;1;107.5512;107.5512
P3LC2WB;1;178.391;178.391
338447R;1;51.9552;51.9552
338100R;1;47.4288;47.4288
338254R;3;51.9552;155.8656
338433R;2;51.9552;103.9104
330191R;2;78.9742;157.9484
330064R;2;78.9742;157.9484
338376R;2;51.9552;103.9104
338245R;2;51.9552;103.9104
R-BMW-004-I;1;330.05;330.05
R-HON-001-I;1;220.58;220.58
R-HON-003-I;1;220.58;220.58
R-HYU-EN24T-002-I;2;246.41;492.82
R-OPE-001-I;1;220.58;220.58
31006-KH001;1;1141.0434685;1141.0434685
3103-RT006;1;93.8258555;93.8258555
11001-AT011;1;3386.112264;3386.112264
C-FIA-003L;1;741.28;741.28
C-VW-EN40B-002;1;1229.59;1229.59
SVXC067;1;102.4344;102.4344
MTP-RECL3RSH;1;778.59;778.59
R-TOY-006-I;1;366.95;366.95
FMEDV103A;10;121.05630726;1210.5630726
FMEDV103R;10;121.05630726;1210.5630726
FMEDV108A;2;121.05630726;242.11261452
FMEDV108R;2;121.05630726;242.11261452
FMEDV101R;3;121.05630726;363.16892178
FMEDV101A;3;121.05630726;363.16892178
FMEDV102A;3;121.05630726;363.16892178
FMEDV102R;3;121.05630726;363.16892178
FMEDV104A;3;121.05630726;363.16892178
FMEDV104R;3;121.05630726;363.16892178
FMEDV106A;8;121.05630726;968.45045808
FMEDV106R;8;121.05630726;968.45045808
FMEDV105A;3;121.05630726;363.16892178
FMEDV105R;3;121.05630726;363.16892178
FMEDV107A;1;121.05630726;121.05630726
FMDV001GTI-POL;2;62.75855486;125.51710972
ECA1578P;2;127.9528;255.9056
ECA1578WR;2;127.9528;255.9056
SP6062BLK;2;138.2848;276.5696
SP6080P;2;189.3298;378.6596
SP6080WB;2;189.3298;378.6596
SP1899P;4;266.8526;1067.4104
SP1899BLK;4;266.8526;1067.4104
SP1995BLK;3;299.5214;898.5642
SP1995P;1;299.5214;299.5214
SP1987BLK;1;282.8344;282.8344
ESR374WB;1;116.604;116.604
ESR374WR;5;116.604;583.02
SP3078P;2;123.4838;246.9676
SP3078BLK;13;123.4838;1605.2894
SP1202WR;1;149.1908;149.1908
SP1204BLK;1;131.5198;131.5198
SP1204WR;1;131.5198;131.5198
SP1230WB;4;159.2358;636.9432
SP1230WR;2;159.2358;318.4716
ESR920BK;4;78.7364;314.9456
SP1986BLK;5;162.0484;810.242
SP1986P;3;162.0484;486.1452
SP1206BLK;5;147.641;738.205
SP1206WR;4;147.641;590.564
FMMK5CTC;4;271.07523592;1084.30094368
FMMK5CT;4;205.97918332;823.91673328
FMKT010-BLU;2;118.33698718;236.67397436
FMKT010-BLA;2;118.33698718;236.67397436
MMHOSE-S2K-00BK;1;69.905;69.905
MMHOSE-S2K-00BL;2;69.905;139.81
MMHOSE-S2K-00RD;1;69.905;69.905
MMHOSE-SUB-IHRD;3;105.534;316.602
MMHOSE-SUB-IHBL;3;105.534;316.602
FMFK054-BLA;2;69.60341876;139.20683752
FMFK054-BLU;1;69.60341876;69.60341876
MMOCC-LAWBK;2;48.708;97.416
MMOCC-LAWRD;3;48.708;146.124
MMOCC-LA;1;48.708;48.708
MMAI-STI-08WBK;2;152.438;304.876
MMAI-STI-08WRD;1;152.438;152.438
MMAI-STI-15WBK;2;123.82;247.64
MMAI-STI-15WRD;1;123.82;123.82
MMRT-WRX-01EBK;5;74.415;372.075
MMAI-MUS4-15P;4;139.4328;557.7312
MMOCC-SA;1;48.708;48.708
MMOCC-SAWRD;1;48.708;48.708
MMOCC-SAWBK;2;48.708;97.416
MMRT-PSA;1;41.041;41.041
MMRT-PSAWRD;2;41.041;82.082
MMRT-PSAWBK;3;41.041;123.123
MMRT-CAWRD;2;38.335;76.67
MMRT-CAWBK;5;38.335;191.675
MMOC-STI-08T;3;211.314;633.942
FMIND5R32-RED;2;173.48703346;346.97406692
FMIND5R32-BLU;3;173.48703346;520.46110038
FMIND15-BLU;2;203.66031106;407.32062212
FMINDK4-RED;1;240.3152557;240.3152557
FMIND5R32-BLA;2;173.48703346;346.97406692
FMIND15-RED;2;203.66031106;407.32062212
MMOC-MUS4-15T;1;262.5722;262.5722
MMRS-STI-08-BL;1;11.275;11.275
MMHOSE-SUB-ANCBK;1;82.984;82.984
MMHOSE-SUB-ANCRD;4;82.984;331.936
MMHOSE-SUB-ANCBL;1;82.984;82.984
MMBCC-MIA-16PBE;1;114.103;114.103
MMBCC-MIA-16PBE-BL;1;114.103;114.103
MMHOSE-TT-99BL;1;29.0444;29.0444
MMHOSE-TT-99RD;2;29.0444;58.0888
MMHOSE-AUD-TBBL;2;26.158;52.316
MMHOSE-AUD-TBRD;3;26.158;78.474
MMHOSE-AUD-TBBK;3;26.158;78.474
MMHOSE-S4-97TBL;3;167.0094;501.0282
MMHOSE-S4-97TBK;1;167.0094;167.0094
MMHOSE-E36-92BL;1;42.6892;42.6892
MMHOSE-E36-92RD;2;42.6892;85.3784
MMHOSE-E36-92BK;4;42.6892;170.7568
MMHOSE-E46-99BL;2;45.1;90.2
MMHOSE-E46-99RD;1;45.1;45.1
MMHOSE-E46-99BK;5;45.1;225.5
MMHOSE-E46-01IRD;1;38.84914;38.84914
MMHOSE-E46-01IBK;1;38.84914;38.84914
MMHOSE-FIST-14IHBL;2;38.8434;77.6868
MMHOSE-MUS4-15BL;1;55.596;55.596
MMHOSE-MUS4-15RD;1;55.596;55.596
MMHOSE-MUS4-15BK;2;55.596;111.192
MMHOSE-CIV-92B16BL;1;44.3948;44.3948
MMHOSE-CIV-92B16RD;2;44.3948;88.7896
MMHOSE-CIV-92B16BK;2;44.3948;88.7896
MMHOSE-CIV-02SIBK;3;41.041;123.123
MMHOSE-CIV-06BK;1;41.041;41.041
MMHOSE-HON-K20BK;3;41.041;123.123
MMHOSE-INT-97RD;1;13.776;13.776
MMHOSE-MS3-07BL;1;96.9158;96.9158
MMHOSE-MS3-07BK;2;96.9158;193.8316
MMHOSE-MS3-10BL;1;71.463;71.463
MMHOSE-MS3-10RD;1;71.463;71.463
MMHOSE-MS3-10BK;3;71.463;214.389
MMHOSE-MIA-90BL;1;41.4264;41.4264
MMHOSE-MIA-90RD;2;41.4264;82.8528
MMHOSE-MIA-90BK;2;41.4264;82.8528
MMHOSE-MIA-94BL;2;38.6958;77.3916
MMHOSE-MIA-94RD;3;38.6958;116.0874
MMHOSE-MIA-94BK;3;38.6958;116.0874
MMHOSE-MIA-99BL;2;56.375;112.75
MMHOSE-MIA-99BK;4;56.375;225.5
MMHOSE-RX8-03BL;3;53.218;159.654
MMHOSE-RX8-03RD;1;53.218;53.218
MMHOSE-RX8-03BK;1;53.218;53.218
MMHOSE-TINY-07RD;1;101.024;101.024
MMHOSE-TINY-07BK;1;101.024;101.024
MMHOSE-EVO-8BL;1;35.0058;35.0058
MMHOSE-EVO-8RD;1;35.0058;35.0058
MMHOSE-EVO-8BK;2;35.0058;70.0116
MMHOSE-EVO-XBOVBL;1;54.12;54.12
MMHOSE-EVO-XBOVRD;2;54.12;108.24
MMHOSE-EVO-XBOVBK;1;54.12;54.12
MMHOSE-EVO-9BL;1;42.3858;42.3858
MMHOSE-EVO-9RD;2;42.3858;84.7716
TFSI4xx-BK;72;0.82;59.04
TFSI4xx-RD;94;0.82;77.08
TFSI4xx-W;85;0.82;69.7
MMHOSE-240SX-SRBL;1;29.028;29.028
MMHOSE-240SX-SRRD;2;29.028;58.056
MMHOSE-240SX-SRBK;2;29.028;58.056
FMACVAG01;4;81.92417378;327.69669512
MMHOSE-350Z-03IHBL;1;48.257;48.257
MMHOSE-350Z-03IHRD;1;48.257;48.257
MMHOSE-350Z-03IHBK;2;48.257;96.514
MMHOSE-350Z-03BL;1;56.375;56.375
MMHOSE-350Z-03RD;2;56.375;112.75
MMHOSE-350Z-03BK;5;56.375;281.875
MMHOSE-Z33-HRBL;1;47.3796;47.3796
MMHOSE-Z33-HRRD;1;47.3796;47.3796
MMHOSE-Z33-HRBK;1;47.3796;47.3796
MMHOSE-370Z-09BL;1;29.2166;29.2166
MMHOSE-370Z-09RD;2;29.2166;58.4332
MMHOSE-370Z-09BK;1;29.2166;29.2166
MMHOSE-370Z-09AIBL;1;58.179;58.179
MMHOSE-370Z-09AIRD;1;58.179;58.179
MMHOSE-370Z-09AIBK;1;58.179;58.179
MMHOSE-SUB-INT6BL;2;53.5706;107.1412
MMHOSE-SUB-INT6RD;1;53.5706;53.5706
MMHOSE-SUB-INT6BK;2;53.5706;107.1412
MMHOSE-WRX-01RD;1;59.532;59.532
MMHOSE-STI-08BL;2;54.571;109.142
MMHOSE-STI-08RD;1;54.571;54.571
MMHOSE-STI-08BK;2;54.571;109.142
MMHOSE-SUB-INTBL;1;61.787;61.787
MMHOSE-SUB-INTRD;1;61.787;61.787
MMHOSE-SUB-INTBK;5;61.787;308.935
MMHOSE-BRZ-13BL;3;62.238;186.714
MMHOSE-BRZ-13BK;2;62.238;124.476
MMHOSE-BRZ-13IRD;2;69.905;139.81
MMHOSE-BRZ-13IBL;1;69.905;69.905
MMHOSE-BRZ-13IBK;2;69.905;139.81
MMHOSE-GLF-99BL;2;119.064;238.128
MMHOSE-GLF-99RD;1;119.064;119.064
MMHOSE-GLF-95BL;1;117.6864;117.6864
MMHOSE-GLF-95RD;4;117.6864;470.7456
MMHOSE-GLF-95BK;3;117.6864;353.0592
FMFOCSTDV-BLA;2;94.46843456;188.93686912
FMFOCSTDV-BLU;1;94.46843456;94.46843456
FMFOCSTDV-RED;2;94.46843456;188.93686912
MMRT-MUS-15E;3;92.455;277.365
MMRT-MUS-15EBK;3;92.455;277.365
MMRT-FIST-14EBK;4;96.514;386.056
MMRT-FIST-14E;2;96.514;193.028
MMRT-STI-08BK;2;92.906;185.812
MMHOSE-E36-92IBBL;3;27.7898;83.3694
MMHOSE-E36-92IBRD;3;27.7898;83.3694
MMHOSE-E36-92IBBK;2;27.7898;55.5796
FMKTRC-BLU;1;126.1410633;126.1410633
FMKTRC-BLA;1;126.1410633;126.1410633
ME-MIN/SS/2H+TP-MINR56/57-CA;1;1054.3478;1054.3478
ESR1581WB;2;136.3496;272.6992
ESR916WB;1;129.5928;129.5928
ESR916WR;2;129.5928;259.1856
SP1989BLK;1;294.9048;294.9048
SP1898P;2;229.7066;459.4132
SP1898BLK;3;229.7066;689.1198
MMSK-BK;4;17.6546;70.6184
MMSK-SL;2;17.6546;35.3092
MMAI-MIA-16WBK;2;181.753;363.506
MMAI-MIA-16WRD;3;181.753;545.259
MMAI-MIA-16P;1;181.753;181.753
MMAI-MK7-15P;1;141.3106;141.3106
MMAI-MK7-15WRD;1;141.3106;141.3106
FMINDP14-RED;3;171.45685614;514.37056842
FMINDP14-BLA;2;171.45685614;342.91371228
FMINDP14-BLU;2;171.45685614;342.91371228
FMINTRCT-BLA;1;399.516546;399.516546
FMINTRCT-BLU;1;399.516546;399.516546
MMHOSE-SUB-ANC4BK;2;56.3504;112.7008
MMHOSE-SUB-ANC4BL;2;56.3504;112.7008
MMHOSE-SUB-ANC4RD;2;56.3504;112.7008
"TTE420 TFSI";1;1205.4;1205.4
TTE500+;1;1748.24;1748.24
TTE475;2;1229.2702;2458.5404
"TTE340 1.8T";1;880.0568;880.0568
"TTE360 1.8T";2;1012.4622;2024.9244
ECA913BK;5;114.8328;574.164
ECA913P;2;114.8328;229.6656
SP6010BLK;5;131.6674;658.337
SP6010P;1;131.6674;131.6674
FMWS3;3;21.5589931;64.6769793
FMWS5;4;27.09076066;108.36304264
FMWS8;4;26.20605036;104.82420144
FMWS11;4;31.8495708;127.3982832
FMWS16;4;20.00376552;80.01506208
FMWS20;4;25.13508526;100.54034104
MMRAD-WRX-01;9;145.673;1311.057
MMRAD-WRX-01X;7;186.263;1303.841
FMDV008-MAT;6;99.39487402;596.36924412
FMSS114-GRE;8;4.4701152;35.7609216
FMSS114-YEL;2;4.4701152;8.9402304
FMSS114-BLU;8;4.4701152;35.7609216
FMSS114-RED;3;4.4701152;13.4103456
FMIND32A3-RED;2;144.22640438;288.45280876
FMIND32A3-BLA;2;144.22640438;288.45280876
FMIND32A3-BLU;1;144.22640438;144.22640438
VWR12G7R600ITBLA;14;51.46220124;720.47081736
VWR12G7R600ITBLU;12;51.46220124;617.54641488
VWR12G7R600ITRED;8;51.46220124;411.69760992
FMDVMK7A-BLA;3;125.29360396;375.88081188
MMRAD-CIV-92;3;101.024;303.072
MMRAD-CIV-92X;8;144.32;1154.56
FMFSITAT-POL;3;125.29360396;375.88081188
FMFSITAT-BLK;1;125.29360396;125.29360396
FMFSITVR-POL;5;125.29360396;626.4680198
FMFSITVR-BLK;4;125.29360396;501.17441584
MMTD-SUB-BK;1;27.552;27.552
MMTD-SUB-BL;2;27.552;55.104
MMTD-SUB-RD;2;27.552;55.104
MMTD-SUB-PK;1;27.552;27.552
MMLG-15-20LBL;1;40.59;40.59
MMLG-15-20LRD;1;40.59;40.59
MMLG-15-20LSL;4;40.59;162.36
MMLG-125-20LBK;1;40.59;40.59
MMLG-125-20LBL;2;40.59;81.18
MMAI-MIN-14P;1;169.576;169.576
MMAI-MIN-14WBK;1;169.576;169.576
MMAI-MIN-14WRD;1;169.576;169.576
MMOFC-HN-HOONRD;2;22.7878;45.5756
MMOFC-HN-HOONSL;1;22.7878;22.7878
MMAI-BRZ-13BBK;1;161.909;161.909
MMAI-BRZ-13BBL;2;161.909;323.818
MMOFC-SUB-HOONRD;1;21.7956;21.7956
MMOFC-MITS-HOONSL;1;23.165;23.165
MMOFC-HN-BK;1;22.099;22.099
MMOFC-SUB-BK;2;19.721;39.442
MMOFC-SUB-PK;2;19.721;39.442
MMOFC-MAZ-RD;1;18.04;18.04
MMOFC-MAZ-BK;1;18.04;18.04
TTE480;1;1277.7568;1277.7568
"TTE420 TSI";1;1422.4622;1422.4622
MMICP-FIST-14CWBK;5;110.946;554.73
MMICP-FIST-14CP;5;110.946;554.73
MMICP-FIST-14HWBK;3;80.729;242.187
MMICP-FIST-14HP;5;80.729;403.645
FMACMUST23;1;72.49036816;72.49036816
FMACVAG03G;4;87.31625024;349.26500096
FMACST250;1;106.42599272;106.42599272
FMAC2SUB;2;91.23691378;182.47382756
FMAC7SUB;2;86.27322336;172.54644672
FMAC4SUB;4;101.35986216;405.43944864
FMACAVXR;5;108.55861018;542.7930509
FMACCVXR;2;101.35986216;202.71972432
FMACFRS2;4;87.3069375;349.22775
FMACFRS3;1;65.9341992;65.9341992
TTE740+;1;2149.3676;2149.3676
FMACMEG;2;108.56792292;217.13584584
FMACST;3;108.56792292;325.70376876
FMACTTRS;1;81.52372596;81.52372596
FMACVAG07;1;94.58018744;94.58018744
FMACVAG05;3;87.3069375;261.9208125
MMOC-EVO-01BK;3;243.54;730.62
MMOC-EVO-01;4;243.54;974.16
FMACVAG06;9;85.60270608;770.42435472
FMACVAG08;8;87.3069375;698.4555
FMACVXRJ;1;106.42599272;106.42599272
FMEVACT;1;118.25317252;118.25317252
FMIND3RCTY-BLU;1;113.36398402;113.36398402
FMINT4-ACC;2;828.52653958;1657.05307916
FMINT4;2;812.14542992;1624.29085984
FMDVC200A-BLA;1;108.89386882;108.89386882
FMDVC200A-BLU;3;108.89386882;326.68160646
FMDVC200A-RED;1;108.89386882;108.89386882
"TTE300 MINI";1;964.2216;964.2216
TTE650;1;1463.7;1463.7
FMDVRMA-BLU;2;109.50850966;219.01701932
FMDVRMA-RED;1;109.50850966;109.50850966
FMDVMK7R-ALL;3;123.1609865;369.4829595
FMDVMK7R-BLA;3;123.1609865;369.4829595
FMINLST180-BLU;3;50.36329792;151.08989376
FMINLST180-RED;3;50.36329792;151.08989376
FMINLST180-BLA;2;50.36329792;100.72659584
FMKTR56-RED;2;63.49426132;126.98852264
FMKTR56-BLA;4;63.49426132;253.97704528
FMKTR56-BLU;2;63.49426132;126.98852264
FMR56RDH-RED;1;83.5818415;83.5818415
FMR56RDH-BLA;1;83.5818415;83.5818415
FMR56RDH-BLU;2;83.5818415;167.163683
FMAC5SUB;1;86.27322336;86.27322336
FMACEV10;1;124.16676242;124.16676242
FMTT225-BLA;1;256.18416466;256.18416466
SES1116ICPWB;1;241.2686;241.2686
FMHPRM-RED;1;112.89834702;112.89834702
FMHPRM-BLU;2;112.89834702;225.79669404
FMFK054-RED;2;69.60341876;139.20683752
FMAM-B2;3;27.77990342;83.33971026
FMAM-B3;5;27.77990342;138.8995171
FMINDS5-RED;2;59.76916532;119.53833064
FMINDS5-BLU;2;59.76916532;119.53833064
FMINDS5-BLA;3;59.76916532;179.30749596
FMKTICTB-RD;3;52.56110456;157.68331368
FMKTICTB-BL;3;52.56110456;157.68331368
FMKTICTB-BK;3;52.56110456;157.68331368
FMDVHR35-RD;2;17.29375818;34.58751636
FMMKV1-BLU;1;24.79982662;24.79982662
SP9003WB;2;170.232;340.464
SP9003P;1;170.232;170.232
FMDV8PS3-BLA;3;139.21615026;417.64845078
FMDV8PS3-RED;1;139.21615026;139.21615026
FMDV8PS3-BLU;2;139.21615026;278.43230052
FMDVC200R-BLA;1;103.71598538;103.71598538
FMDVC200R-BLU;2;103.71598538;207.43197076
FMDV008PA-ALL;5;91.75842722;458.7921361
FMDV008PA-BLA;2;91.75842722;183.51685444
FMDVHFTFSI-BL;1;191.99144784;191.99144784
FMDVHFTFSI-BK;1;191.99144784;191.99144784
FMRS250IND-BLA;1;64.47209902;64.47209902
FMRS250IND-BLU;1;64.47209902;64.47209902
FMRS250IND-RED;1;64.47209902;64.47209902
FMCCHMK5-BLA;1;26.34574146;26.34574146
FMCCHMK5-BLU;2;26.34574146;52.69148292
FMCCHMK5-RED;4;26.34574146;105.38296584
FMKT008-BLA;1;112.0788259;112.0788259
FMKT008-BLU;1;112.0788259;112.0788259
FM225AH-BLA;3;28.16172576;84.48517728
FM225AH-BLU;3;28.16172576;84.48517728
FM225AH-RED;1;28.16172576;28.16172576
FMKTMK7-BLA;1;137.8751157;137.8751157
FMKTMK7-BLU;2;137.8751157;275.7502314
FMKTMK7-RED;3;137.8751157;413.6253471
FMKT024-BLA;3;129.6333408;388.9000224
FMKT024-BLU;2;129.6333408;259.2666816
FMKT024-RED;3;129.6333408;388.9000224
FMKCR56-BLA;1;183.79623664;183.79623664
FMKCR56-BLU;1;183.79623664;183.79623664
FMKCR56-RED;2;183.79623664;367.59247328
SP9003SE;3;170.232;510.696
FMKCMK7-RED;1;62.395358;62.395358
FMKC005-BLU;1;128.2829935;128.2829935
FMKT022-BK;1;18.62548;18.62548
FMKCTT225-BLA;2;185.98473054;371.96946108
FMRMIND-BLU;2;30.20121582;60.40243164
FMRMIND-RED;1;30.20121582;30.20121582
FMANC1-BLA;1;28.14310028;28.14310028
FMANC1-BLU;4;28.14310028;112.57240112
FMANC1-RED;4;28.14310028;112.57240112
FM225CC-BLA;4;19.4636266;77.8545064
FM225CC-BLU;1;19.4636266;19.4636266
FM225CC-RED;3;19.4636266;58.3908798
FMBH18T-BLA;2;54.33052516;108.66105032
FMBH18T-BLU;4;54.33052516;217.32210064
FMBH18T-RED;2;54.33052516;108.66105032
FMTTBH-;2;27.16526258;54.33052516
FMBAVXR-RED;5;16.7163683;83.5818415
FMKT007-RD;1;61.464084;61.464084
FMINLCVXR-BLU;1;68.66283202;68.66283202
FMINLCVXR-RED;1;68.66283202;68.66283202
FM225IND-BLA;4;123.38449226;493.53796904
FM225IND-RED;2;123.38449226;246.76898452
FMMK7INDH-BLA;1;43.49980854;43.49980854
FMMK7INDH-RED;3;43.49980854;130.49942562
FMBH2-RED;1;13.71766602;13.71766602
FMR56IND-BLA;2;74.8744296;149.7488592
FMR56IND-BLU;1;74.8744296;74.8744296
FMR56IND-RED;1;74.8744296;74.8744296
FMINDIBFR4-BLA;1;95.62321432;95.62321432
FMINDIBFR4-BLU;3;95.62321432;286.86964296
FMINDIBFR4-RED;1;95.62321432;95.62321432
FMGOLFIND-BLA;1;113.8948102;113.8948102
FMGOLFIND-BLU;2;113.8948102;227.7896204
FMGOLFIND-RED;1;113.8948102;113.8948102
FMRMBHT-BLA;2;28.45973344;56.91946688
FMRMBHT-RED;2;28.45973344;56.91946688
FMRMBHS-BLU;2;24.14793482;48.29586964
FMRMBHS-RED;1;24.14793482;24.14793482
FM225CCH-BLA;6;29.53069854;177.18419124
FM225CCH-RED;2;29.53069854;59.06139708
FMPOLOTB-BLU;2;38.07048112;76.14096224
FM225TBH-BLU;1;17.7873334;17.7873334
FM225TBH-RED;1;17.7873334;17.7873334
FM225SH-BLU;2;16.297295;32.59459
FMTTUHOSE-;1;16.9491868;16.9491868
FMINLS1-BLA;1;44.55214816;44.55214816
FMINLS1-BLU;2;44.55214816;89.10429632
FMDVSU110-GRE;14;4.38630054;61.40820756
FMDVSU110-YEL;8;4.38630054;35.09040432
FMDVSU110-BLU;4;4.38630054;17.54520216
FMDVSU110-RED;5;4.38630054;21.9315027
MMOC-RS-16TBK;2;373.1164;746.2328
MMOC-RS-16TSL;3;373.1164;1119.3492
MMHOSE-RS-16RD;1;82.861;82.861
MMHOSE-RS-16NB;2;82.861;165.722
MMHOSE-RS-16BK;2;82.861;165.722
MMHOSE-FOST-13RD;1;71.258;71.258
MMHOSE-FOST-13BK;2;71.258;142.516
UAP3A8VX;2;127.9856;255.9712
U3P3A8VX;8;170.7896;1366.3168
LAP3VGT4;3;110.864;332.592
LAP3VGT5;4;110.864;443.456
L3P3VGT5;3;166.5092;499.5276
L3P3VGT7;7;166.5092;1165.5644
LAP3VGT6;2;110.864;221.728
L3P3VSE3;2;166.5092;333.0184
LAP3VSE3;2;108.9124;217.8248
U3P3A8JX;6;166.5092;999.0552
UAP3A8JX;7;110.864;776.048
vP3AB5X;4;126.4358;505.7432
bP3AB5X;2;127.9364;255.8728
L3P3AB7X;2;166.5092;333.0184
LAP3AB7X;2;110.864;221.728
L3P3AB8X;2;166.5092;333.0184
LAP3AB8X;3;110.864;332.592
UAP3A1TX;3;110.864;332.592
L3P3BE8X;2;166.5092;333.0184
AP3BE8X;2;110.864;221.728
L3P3BE9X;4;166.5092;666.0368
LAP3BE9X;2;123.7052;247.4104
L3P3BE6X;3;166.5092;499.5276
LAP3BE6X;2;110.864;221.728
U3P3FFI7;2;166.5092;333.0184
UAP3FFI7;4;110.864;443.456
U3P3FMS6;2;123.1804;246.3608
UAP3FMS6;2;123.1804;246.3608
UvP3SLE1;2;170.7896;341.5792
UAP3SLE1;2;115.1444;230.2888
U3P3SLE2;3;127.92;383.76
UAP3SLE2;3;123.1804;369.5412
L3P3SFRX;4;166.5092;666.0368
LAP3SFRX;2;110.864;221.728
JSK-126-BL;1;204.34014108;204.34014108
MMHOSE-MIA-16BL;2;67.65;135.3
MMHOSE-MIA-16RD;1;67.65;67.65
MMHOSE-MIA-16BK;2;67.65;135.3
SP9001BLK;4;179.0798;716.3192
SP9001P;5;179.0798;895.399
VWRM026-XL;25;4.65637;116.40925
VWRM025-XL;36;8.9402304;321.8482944
VWRM012-XL;18;18.62548;335.25864
RIP-180-RD;2;41.32062738;82.64125476
RIP-180-BK;2;41.32062738;82.64125476
RIP-180-BL;2;41.32062738;82.64125476
VWR49G700;1;107.47833234;107.47833234
VWR49G701;2;107.47833234;214.95666468
TTE350+;1;944.6892;944.6892
SH-4-BL;5;1.5416;7.708
SH-6-BL;3;1.5416;4.6248
SH-6-RD;48;1.5416;73.9968
SH-8-BL;26;1.5416;40.0816
SH-10-BL;2;1.5416;3.0832
SH-10-RD;14;1.5416;21.5824
MZ11YTP16;2;430.64903582;861.29807164
FMKC010-RED;2;146.01445046;292.02890092
FMKC010-BLA;1;146.01445046;146.01445046
MMOC-WRX-06TBK;2;241.285;482.57
MMOC-WRX-06T;2;241.285;482.57
MMOC-WRX-06BK;2;216.9228;433.8456
JSK-123-BL;3;129.912723;389.738169
JSK-123-RD;3;129.912723;389.738169
MMINT-STI-08SL;2;523.9144;1047.8288
MMOC-S2K-00T;3;264.737;794.211
MMINT-WRX-01SL;1;483.3244;483.3244
MMRAD-STI-08;4;164.164;656.656
MMRAD-STI-08X;5;186.263;931.315
MMINT-E90-07;1;321.563;321.563
MMINT-E90-07B;3;321.563;964.689
MMAI-BRZ-13BRD;2;161.909;323.818
MMRAD-MIA-90;4;132.143;528.572
MMRAD-MIA-90X;1;165.517;165.517
MMRAD-S14-95SR;4;120.417;481.668
MMRAD-S14-95SRX;1;176.341;176.341
MMAI-BRZ-13WBK;2;181.302;362.604
MMAI-BRZ-13P;3;181.302;543.906
LAP3M58X;2;115.1444;230.2888
L3P3M58X;3;170.7896;512.3688
MMRT-RS-16EBK;3;112.75;338.25
MMRT-RS-16EWBL;2;112.75;225.5
MMRT-RS-16EWRD;2;112.75;225.5
MMHOSE-S2K-00IHBL;2;68.101;136.202
MMHOSE-S2K-00IHBK;1;68.101;68.101
MMAI-RS-16WBK;5;207.9028;1039.514
MMAI-RS-16WBL;4;207.9028;831.6112
MMOC-WRX-01TBK;2;190.7074;381.4148
MMOC-WRX-01T;2;190.7074;381.4148
MMOC-STI-15TBK;2;243.54;487.08
FMACST180;2;73.17951092;146.35902184
MMHOSE-MS3-07TIHRD;2;75.3334;150.6668
"TTE350 1.8T";2;944.23;1888.46
SP1583P;4;194.3892;777.5568
SP1583BLK;5;194.3892;971.946
SP1583WR;6;194.3892;1166.3352
MMBCC-CTR-17PBERD2;3;103.73;311.19
MMBCC-CTR-17PBEBK2;4;103.73;414.92
FMBKS38V-BLA;1;1586.6580775;1586.6580775
CTS-HW-266-180;5;154.2338;771.169
CTS-HW-266-187;9;154.2338;1388.1042
MMOC-BRZ-13T;2;328.328;656.656
MMOC-BRZ-13;1;305.3188;305.3188
FMRLH-BLA;2;40.044782;80.089564
ATINTVAUX10;1;322.19286578;322.19286578
ATINTVAUX10-BL;2;322.19286578;644.38573156
MMRAD-S2K-00;5;158.301;791.505
SP9002BLK;4;151.536;606.144
ATINTVAG10;4;306.854783;1227.419132
ATINTVAG10-BL;2;306.854783;613.709566
ATINTVAG10-RD;2;306.854783;613.709566
ATINTVAUX5;1;466.40064468;466.40064468
ATINTVAUX5-BL;1;466.40064468;466.40064468
MMSK-TDP-BK;2;36.1456;72.2912
MMSK-TDP-WH;2;36.1456;72.2912
ATINTVAG14-BL;2;355.21584182;710.43168364
ATINTVAG14-RD;2;355.21584182;710.43168364
20FO33001-RD;1;646.7586;646.7586
20VW33006X-BL;2;705.4296;1410.8592
20VW33006X-RD;2;643.2162;1286.4324
20AU33006X-RD;2;643.2162;1286.4324
20SB33005X-RD;1;679.0707;679.0707
20SE33020X-RD;1;689.1608;689.1608
20RE33001X-RD;1;689.1608;689.1608
20OP33003X-BL;1;755.8104;755.8104
20MA33002-RD;1;602.126;602.126
20AU33002X-RD;2;643.2162;1286.4324
20SE33002X-RD;1;643.2162;643.2162
20MN33002X-RD;2;643.21866;1286.43732
MMINT-RS-16BK;4;383.35;1533.4
MMINT-RS-16SL;1;383.35;383.35
FMKT005-RED;2;112.0788259;224.1576518
AC-KC-FO-01-RD;10;4.1;41
AC-KC-FO-01-BL;8;4.1;32.8
AC-KC-FO-02-RD;9;4.1;36.9
AC-KC-FO-02-BK;17;4.1;69.7
AC-KC-FO-03-RD;17;4.1;69.7
AC-KC-FO-03-BL;7;4.1;28.7
AC-KC-FO-03-BK;23;4.1;94.3
FMINTF500-BLA-MAN;2;386.53458644;773.06917288
FMINTF500-RED-MAN;1;386.53458644;386.53458644
FMCCSCI-BK;7;2.793822;19.556754
FMCCSCI-RD;3;2.793822;8.381466
FM225CCHA-BLA;3;29.53069854;88.59209562
"TTE550+ AMG";1;1463.7;1463.7
MMHOSE-MUS4-15ANCBK;2;82.3116;164.6232
MMHOSE-MUS4-15ANCRD;2;82.3116;164.6232
MMHOSE-SPY-00BL;1;59.8026;59.8026
MMHOSE-SPY-00RD;2;59.8026;119.6052
MMHOSE-SPY-00BK;2;59.8026;119.6052
VWRM026-S;15;4.65637;69.84555
VWRM026-XXL;7;4.65637;32.59459
VWRM011-XL;83;15.6454032;1298.5684656
VWRM007-XS;8;8.9402304;71.5218432
VWRM025-L;10;8.9402304;89.402304
VWRM025-XS;14;8.9402304;125.1632256
FMINDK26;1;205.74636482;205.74636482
FMINDF56;3;205.74636482;617.23909446
MMOC-350Z-03TBK;7;256.619;1796.333
MMOC-350Z-03T;1;256.619;256.619
RIP-007-BL;10;36.70150834;367.0150834
RIP-007-RD;3;36.70150834;110.10452502
FMKT025;1;54.95447874;54.95447874
FMINLH8-BLA;2;123.17961198;246.35922396
FMINLH8-RED;3;123.17961198;369.53883594
VWR800001-BLK;5;23.39360288;116.9680144
VWR800001-SVR;4;23.39360288;93.57441152
MMFS-E46-01;1;141.614;141.614
VWR652000-RED;1;1207.49918114;1207.49918114
SP1116WR;1;314.7816;314.7816
FD107;1;359.86289908;359.86289908
SST011;2;460.43;920.86
SSTS011;3;429.6923;1289.0769
SSTS011C;3;480.9218;1442.7654
SFD074;1;281.1698;281.1698
SFDS074;4;263.7571;1055.0284
SVWS041;1;347.27;347.27
SVWS041C;1;384.1208;384.1208
SSTS012C;1;480.8644;480.8644
SST012;1;460.43;460.43
SST012C;1;354.3138;354.3138
SSTS012;2;429.7046;859.4092
SFDS087;2;453.1238;906.2476
EVE-F56-LCI-CF-INT;5;758.664;3793.32
EVE-F56-CF-INT;4;758.664;3034.656
MMRT-MIA-16TBK;2;86.141;172.282
MMRT-MIA-16TP;1;86.141;86.141
AC-KC-FO-01-BK;16;4.1;65.6
SVW039;2;317.5286;635.0572
SVWS039;1;266.3114;266.3114
034-108-9003SP;9;46.5268;418.7412
034-108-9003LP;9;46.5268;418.7412
034-108-9003TP;18;55.6452;1001.6136
SAUS045D;1;711.2065;711.2065
SFDS089;2;343.703;687.406
SFDS090;1;267.5578;267.5578
CTS-CC-MK7TSI;2;239.8418;479.6836
CTS-CC-MK7GRS3;7;239.8418;1678.8926
SVWS051;2;281.1616;562.3232
SVWS051C;1;306.7702;306.7702
SVW052;1;243.3924;243.3924
SVWS052C;1;208.5752;208.5752
SVWS052;2;219.0056;438.0112
SRN020;1;264.327;264.327
SRNS020;1;226.894;226.894
FMINLH9-STO;4;140.42680646;561.70722584
FMINLH9-TTE625-LHD;1;140.42680646;140.42680646
FMINLH9-TTE700-LHD;2;140.42680646;280.85361292
SFD084D;1;483.9804;483.9804
SFD085D;1;378.9876;378.9876
SRN022;1;323.9328;323.9328
SRNS022;1;281.1206;281.1206
ATINTVAUX7;1;355.21584182;355.21584182
ATINTVAUX7-BL;1;355.21584182;355.21584182
SMNS010;2;327.262;654.524
SMN010;1;378.4792;378.4792
SAU040;3;339.3488;1018.0464
SFD066;1;317.6188;317.6188
SHDS016D;1;509.0724;509.0724
FMINLH12-RD;3;36.09618024;108.28854072
FMKC021-BK;4;93.23915288;372.95661152
FMKC021-RD;2;93.23915288;186.47830576
FMKC020-BLA;2;68.75595942;137.51191884
FMKC020-RED;1;68.75595942;68.75595942
FMIHF500-RED;5;78.09663764;390.4831882
FMIHF500-BLA;2;78.09663764;156.19327528
FMIHF500-BLU;2;78.09663764;156.19327528
SBM075;1;783.3788;783.3788
SVW040;1;292.1742;292.1742
SVWS040;3;243.3924;730.1772
SVWS056;4;378.4792;1513.9168
SVW056;4;409.2128;1636.8512
SVWS056C;2;398.9546;797.9092
SVW036;3;389.7132;1169.1396
SVWS036;1;363.1042;363.1042
AC-KC-MB3B-RD;5;4.1;20.5
AC-KC-MB3B-BK;2;4.1;8.2
SFT005C;1;366.1874;366.1874
SFT005;1;345.6997;345.6997
FMKTR56N18-RED;1;81.86829734;81.86829734
FMKTR56N18-BLA;2;81.86829734;163.73659468
FMKTR56N18-BLU;3;81.86829734;245.60489202
MMICP-MK7-15KWBK;10;160.5478;1605.478
MMICP-MK7-15KP;3;160.5478;481.6434
SVWS042;4;255.5653;1022.2612
SVW042;2;287.2952;574.5904
SVW043;3;389.7214;1169.1642
SVWS043C;1;398.9546;398.9546
SVWS043;4;378.4792;1513.9168
SRNS023;2;251.945;503.89
SRN023;1;274.9952;274.9952
SVWS033;1;252.8798;252.8798
SAU081;1;721.149;721.149
VWR630000;1;84.19648234;84.19648234
VWR630001;7;84.19648234;589.37537638
MMINT-CTR-17KSLWBK;1;525.9562;525.9562
MMINT-CTR-17KBKWBK;2;525.9562;1051.9124
MMEXH-MUS8-15APBK;1;244.6224;244.6224
MMEXH-MUS8-15APP;1;244.6224;244.6224
MMHOSE-MUS8-15IHRD;1;72.611;72.611
MMHOSE-MUS8-15IHBK;3;72.611;217.833
SAU083C;1;811.349;811.349
SAU083;1;766.249;766.249
SMN011;3;347.557;1042.671
SMNS011;1;308.2831;308.2831
SBMS105;1;497.207;497.207
FMINDK28-BLA-FOA;1;214.64003152;214.64003152
"FMINDK28-BLU-FOA ";2;214.64003152;429.28006304
MMRT-CTR-17EMWBK;4;128.084;512.336
MMRT-CTR-17EMWRD;4;128.084;512.336
MMAI-MUS8-15BK;1;154.119;154.119
MMAI-MUS8-15RD;2;154.119;308.238
MMAI-MUS8-15BL;1;154.119;154.119
FM225BHP-BLA;1;74.8744296;74.8744296
FM225BHP-POL;4;74.8744296;299.4977184
LAP3MF56;4;123.7052;494.8208
L3P3MF56;2;166.5092;333.0184
FMINLRCS-RED;1;71.63359608;71.63359608
034-106-7042-S4;4;249.444;997.776
SHYS101;1;520.8968;520.8968
KDT968;2;12.70257736;25.40515472
KDT914;9;12.70257736;114.32319624
SSKS003;2;343.2848;686.5696
FM225TH;4;51.21075726;204.84302904
MMEXH-MUS8-15ASBK;1;326.8766;326.8766
ESR307WB;1;128.8712;128.8712
ESR307P;3;128.8712;386.6136
ESR307WR;3;128.8712;386.6136
RD1560BLK;2;154.9554;309.9108
LAP3AC5X;2;110.864;221.728
vP3AC5X;2;166.5092;333.0184
LAP3AC6X;2;110.864;221.728
L3P3AC6X;3;166.5092;499.5276
FMINLH14-BLK;2;47.73710524;95.47421048
FMINLH14-BLU;1;47.73710524;47.73710524
FMINLH14-RED;1;47.73710524;47.73710524
FMINLH14-YEL;3;47.73710524;143.21131572
FMCAP5-BLA-BLA;1;26.09429748;26.09429748
CTS-CC-B8-TFSI;3;239.8418;719.5254
CTS-CC-B8.5-TFSI;3;239.8418;719.5254
CTS-B8S4-AWIC-DCC;3;294.4456;883.3368
MMINT-F30-12SL;2;342.309;684.618
FMINDK30-BLA;2;153.13869656;306.27739312
FMINDK30-BLU;2;153.13869656;306.27739312
"TTE550 N55 E";1;2195.55;2195.55
MMICP-MUS4-15WBK;1;159.9;159.9
SRNS031;1;344.687;344.687
VWR493000;3;107.47833234;322.43499702
VWR493001;2;107.47833234;214.95666468
AC-KC-AU-RSK-BL;7;4.1;28.7
AC-KC-AU-RSK-BK;4;4.1;16.4
SP1350WB;1;276.2006;276.2006
CTS-EA113-BOSS500;2;1343.1518;2686.3036
CTS-EA113-BOSS600;4;1498.1318;5992.5272
MMEXH-MUS8-15ARBK;3;209.715;629.145
ESR140WB;7;123.0082;861.0574
ESR140WR;2;123.0082;246.0164
FMDV23A-BLA;3;121.3915659;364.1746977
FMDV23A-ALL;1;121.3915659;121.3915659
FMTIA2-BLA;3;89.57924606;268.73773818
FMTIA2-BLU;3;89.57924606;268.73773818
FMTIA2-RED;3;89.57924606;268.73773818
MMINT-EVO-10XB;1;299.464;299.464
MMINT-EVO-10X;2;299.464;598.928
EVE-F56-PL-INT;3;468.384;1405.152
EVE-F56-LCI-PL-INT;2;468.384;936.768
SES1582ICPBK;3;142.4586;427.3758
SES1582ICPWR;5;142.4586;712.293
1033BLK;4;11.4964;45.9856
1033RED;15;11.4964;172.446
SES1899UICPWB;1;101.0486;101.0486
SES1899UICP;3;101.0486;303.1458
SP3082WR;3;154.2666;462.7998
SP3082WB;4;154.2666;617.0664
SP3087BLK;2;139.4656;278.9312
SP3087WR;2;139.4656;278.9312
SES1581ICP-RD;1;157.1612;157.1612
SRN032;1;375.6338;375.6338
SRNS032;1;331.0135;331.0135
MMINT-FOST-13BK;1;275.78199;275.78199
FMKT027-BLA;1;150.10274332;150.10274332
FMKT027-BLU;2;150.10274332;300.20548664
FMKT027-RED;2;150.10274332;300.20548664
FMKT027-YEL;2;150.10274332;300.20548664
FMINDK27-RD;3;138.62944764;415.88834292
SAUS109;1;563.5778;563.5778
SAUS085;1;217.3;217.3
SAUS086;1;350.9682;350.9682
TTE555;2;1880.6864;3761.3728
"TTE450 L";1;1463.6918;1463.6918
ATMSFO5;4;280.58354346;1122.33417384
ATMSFO5-RD;3;280.58354346;841.75063038
ATMSFO5-W;2;280.58354346;561.16708692
ATMSFO6-BL;2;318.87753034;637.75506068
ATMSFO6-G;2;318.87753034;637.75506068
VWR652001-RED;2;1207.49918114;2414.99836228
RIP-002-BL;2;49.73934434;99.47868868
RIP-002-RD;3;49.73934434;149.21803302
VWR19G708;3;52.62629374;157.87888122
VWR19G709;5;52.62629374;263.1314687
FMCB-BLU;3;8.9402304;26.8206912
FMCB-RED;4;8.9402304;35.7609216
FMCB-BLA;3;8.9402304;26.8206912
FMIND2RCT-BLA;2;97.69995534;195.39991068
FMIND2RCT-BLU;3;97.69995534;293.09986602
FMIND2RCT-RED;1;97.69995534;97.69995534
CTS-IT-810;11;105.5258;1160.7838
SFDP090;5;130.1832;650.916
SFDP089;4;106.231;424.924
SCNS014;1;267.7792;267.7792
FMBIVXR-BLA;2;3.51090298;7.02180596
FMBIVXR-BLU;2;3.51090298;7.02180596
SVWS045;2;281.1616;562.3232
SVWS045C;1;306.7702;306.7702
SES3082ICPWB;2;177.0134;354.0268
SES3082ICPWR;2;177.0134;354.0268
SES9200ICPWB;4;182.8518;731.4072
SES9200ICPWR;3;182.8518;548.5554
CTS-HW-0223;1;30.9878;30.9878
CTS-HW-0377;4;28.4048;113.6192
FMSTC1-BLA;2;39.03900608;78.07801216
FMSTC1-RED;1;39.03900608;39.03900608
FMSTC1-POL;2;39.03900608;78.07801216
FMBH1-RED;2;12.8981449;25.7962898
AC-250-CH-RD;6;41.328;247.968
AC-250-CH-BK;4;41.328;165.312
TTE685-B58;1;2877.5358;2877.5358
SBW0260-6P-RD;2;50.28568;100.57136
SBW0260-6P-EB;1;50.28568;50.28568
SBW0260-6P-YE;2;50.28568;100.57136
SBW0260-6P-BK;1;50.28568;50.28568
SFD0253-4P-EB;1;33.62;33.62
SFD0253-4P-RD;2;33.62;67.24
SFD0253-4P-YE;1;33.62;33.62
SFD0253-4P-BK;2;33.62;67.24
SMA0101-4P-EB;2;50.28568;100.57136
SMA0101-4P-RD;3;50.28568;150.85704
SMA0101-4P-YE;1;50.28568;50.28568
SMA0101-4P-BK;7;50.28568;351.99976
SMA0600-4P-RD;2;41.4838;82.9676
SMA0600-4P-EB;1;41.4838;41.4838
SMA0600-4P-YE;1;41.4838;41.4838
SMA0600-4P-BK;3;41.4838;124.4514
SME0455-4P-EB;1;33.62;33.62
SME0455-4P-YE;1;33.62;33.62
SME0455-4P-BK;6;33.62;201.72
SMT0707-4P-RD;1;50.2824;50.2824
SMT0707-4P-BK;2;50.2824;100.5648
SNN0200-4P-RD;2;28.1998;56.3996
SNN0200-4P-BK;1;28.1998;28.1998
SNN0910-6P-EB;1;86.7478;86.7478
SNN0910-6P-RD;1;86.7478;86.7478
SNN0910-6P-BK;2;86.7478;173.4956
SVW0630-4P-EB;7;41.4838;290.3866
SVW0630-4P-RD;7;41.4838;290.3866
SVW0630-4P-YE;2;41.4838;82.9676
SVW0630-4P-BK;21;41.4838;871.1598
SP1125WB;2;260.35;520.7
SP1125P;2;260.35;520.7
SBMS073;1;828.7002;828.7002
SFDS091D;4;344.8674;1379.4696
SAUS074;1;306.7702;306.7702
SAUS074C;1;301.022;301.022
SAUS055;1;726.7373;726.7373
SFDS071;1;352.8624;352.8624
SFDS086C;1;472.6234;472.6234
SFDS086;1;452.8778;452.8778
SMA0110-4P-RD;1;50.2824;50.2824
SMA0110-4P-YE;1;50.2824;50.2824
SMA0110-4P-EB;2;50.2824;100.5648
SMA0110-4P-BK;4;50.2824;201.1296
SMA0380-4P-YE;1;41.4838;41.4838
SMA0380-4P-RD;2;41.4838;82.9676
SMA0380-4P-BK;2;41.4838;82.9676
SFD1216-4P-BK;2;41.48544;82.97088
SFD1216-4P-RD;1;41.48544;41.48544
SFD1216-4P-YE;1;41.48544;41.48544
SFD1216-4P-EB;2;41.48544;82.97088
SME0863-4P-RD;1;33.62;33.62
SME0863-4P-YE;1;33.62;33.62
SME0863-4P-BK;2;33.62;67.24
SSK1100-4P-YE;1;33.62656;33.62656
SSK1100-4P-RD;1;33.62656;33.62656
SSK1100-4P-BK;2;33.62656;67.25312
SMA0112-4P-YE;1;50.2824;50.2824
SMA0112-4P-RD;2;50.2824;100.5648
SMA0112-4P-BK;4;50.2824;201.1296
SMA0112-4P-EB;1;50.2824;50.2824
SFD0121-4P-EB;1;41.4838;41.4838
SFD0121-4P-YE;1;41.4838;41.4838
SFD0121-4P-BK;4;41.4838;165.9352
SFD0121-4P-RD;2;41.4838;82.9676
SVA0714-4P-EB;1;33.62;33.62
SVA0714-4P-BK;4;33.62;134.48
SVA0715-6P-RD;2;42.3038;84.6076
SVA0715-6P-EB;2;42.3038;84.6076
SVA0715-6P-BK;1;40.344;40.344
SCN0350-4P-RD;2;33.62;67.24
SCN0350-4P-BK;2;33.62;67.24
SVW0615-4P-YE;1;33.62;33.62
SVW0615-4P-EB;2;33.62;67.24
SVW0615-4P-RD;3;33.62;100.86
SVW0615-4P-BK;5;33.62;168.1
SVW0610-4P-YE;1;41.4838;41.4838
SVW0610-4P-EB;4;41.4838;165.9352
SVW0610-4P-RD;3;41.4838;124.4514
SVW0610-4P-BK;10;41.4838;414.838
SVW0607-4P-EB;1;33.62;33.62
SVW0607-4P-BK;5;33.62;168.1
STY0015-4P-RD;1;33.6282;33.6282
STY0015-4P-EB;1;33.6282;33.6282
STY0015-4P-YE;1;33.6282;33.6282
STY0015-4P-BK;4;33.6282;134.5128
SSU0500-4P-RD;1;41.48544;41.48544
SSU0500-4P-EB;1;41.48544;41.48544
SSU0500-4P-YE;1;41.48544;41.48544
SSU0500-4P-BK;3;41.48544;124.45632
SFD1012-4P-EB;2;41.4838;82.9676
SFD1012-4P-RD;1;41.4838;41.4838
SFD1012-4P-BK;2;41.4838;82.9676
SVA1300-6P-RD;1;65.68856;65.68856
SVA1300-6P-EB;2;65.68856;131.37712
SVA1300-6P-BK;1;65.68856;65.68856
SVA1350-4P-YE;1;50.2824;50.2824
SVA1350-4P-EB;1;50.2824;50.2824
SVA1350-4P-BK;4;50.2824;201.1296
SFD1300-4P-RD;1;33.62656;33.62656
SFD1300-4P-EB;2;33.62656;67.25312
SFD1300-4P-BK;2;33.62656;67.25312
SFT0658-6P-RD;2;50.28568;100.57136
SFT0658-6P-YE;2;50.28568;100.57136
SFT0658-6P-BK;2;50.28568;100.57136
SRN0616-4P-YE;1;33.62;33.62
SRN0616-4P-RD;2;33.62;67.24
SRN0616-4P-EB;1;33.62;33.62
SRN0616-4P-BK;2;33.62;67.24
SRN0405-4P-BK;2;33.62656;67.25312
SBW0261-4P-YE;2;41.48544;82.97088
SBW0261-4P-EB;2;41.48544;82.97088
SBW0261-4P-RD;2;41.48544;82.97088
SBW0261-4P-BK;17;41.48544;705.25248
SNN0801-6P-RD;2;75.4318;150.8636
SNN0801-6P-BK;3;75.4318;226.2954
SNN0920-6P-RD;2;83.3612;166.7224
SNN0920-6P-EB;3;83.3612;250.0836
SNN0920-6P-BK;2;83.3612;166.7224
SHD0380-4P-BK;1;41.4838;41.4838
AC-MK5-FU-BL;17;21.402;363.834
AC-MK5-FU-RD;1;21.402;21.402
SHD0397-4C-RD;1;60.9752;60.9752
SHD0390-6C-BK;2;104.9846;209.9692
SHD0390-6C-YE;2;104.9846;209.9692
SHD0390-6C-RD;1;104.9846;104.9846
SHD0394-6C-RD;1;104.96;104.96
SHD0394-6C-EB;1;104.96;104.96
SBW1171-4P-YE;3;41.4838;124.4514
SBW1171-4P-EB;2;41.4838;82.9676
SBW1171-4P-RD;3;41.4838;124.4514
SBW1171-4P-BK;13;41.4838;539.2894
SPGS022;1;311.8952;311.8952
SNN0203-4P-RD;2;28.1998;56.3996
SNN0203-4P-BK;3;28.1998;84.5994
SHD1010-4P-RD;1;41.4838;41.4838
SHD1010-4P-BK;2;41.4838;82.9676
SHD0012-4P-RD;1;41.4838;41.4838
SHD0012-4P-YE;1;41.4838;41.4838
SHD0012-4P-BK;4;41.4838;165.9352
SMT0710-4P-RD;1;41.4838;41.4838
SMT0710-4P-BK;2;41.4838;82.9676
SSK1140-4P-YE;1;28.1998;28.1998
SSK1140-4P-BK;2;28.1998;56.3996
SSK1140-4P-EB;2;28.1998;56.3996
SSK1140-4P-RD;2;28.1998;56.3996
SFD067;1;317.6188;317.6188
SSK0502-4P-RD;1;41.4838;41.4838
SSK0502-4P-BK;2;41.4838;82.9676
SAU0431-4P-RD;3;33.62;100.86
SAU0431-4P-EB;1;33.62;33.62
SAU0431-4P-YE;1;33.62;33.62
SAU0431-4P-BK;2;33.62;67.24
SRN025S;1;253.6342;253.6342
SRN025;1;241.5474;241.5474
SRNS025S;1;231.6828;231.6828
SRNS025;2;220.6538;441.3076
SVW0620-4P-RD;3;33.62;100.86
SVW0620-4P-EB;1;33.62;33.62
SVW0620-4P-YE;2;33.62;67.24
SVW0620-4P-BK;5;33.62;168.1
SVW1090-4P-YE;2;33.62;67.24
SVW1090-4P-EB;1;33.62;33.62
SVW1090-4P-RD;2;33.62;67.24
SVW1090-4P-BK;3;33.62;100.86
SVW0608-4P-YE;2;41.4838;82.9676
SVW0608-4P-EB;1;41.4838;41.4838
SVW0608-4P-RD;1;41.4838;41.4838
SVW0608-4P-BK;3;41.4838;124.4514
SSE0428-4P-YE;1;33.62656;33.62656
SSE0428-4P-RD;1;33.62656;33.62656
SSE0428-4P-EB;2;33.62656;67.25312
SSE0428-4P-BK;6;33.62656;201.75936
SNN0940-6P-RD;1;75.4318;75.4318
SNN0940-6P-BK;3;75.4318;226.2954
SVWS038;3;357.9874;1073.9622
PRK-138-RECT;1;137.81923926;137.81923926
VWR12G7R601;6;220.07867168;1320.47203008
VWR12G7R600;1;166.8843008;166.8843008
JSK-140-RD;3;139.19752478;417.59257434
JSK-140-BK;1;139.19752478;139.19752478
JSK-140-BL;2;139.19752478;278.39504956
SVW0705-4P-RD;2;41.4838;82.9676
SVW0705-4P-EB;1;41.4838;41.4838
SVW0705-4P-BK;1;41.4838;41.4838
SSE0250-4P-BK;6;41.47888;248.87328
SSE0250-4P-RD;3;41.47888;124.43664
SAU0630-4P-YE;1;41.4838;41.4838
SAU0630-4P-RD;2;41.4838;82.9676
SAU0630-4P-BK;7;41.4838;290.3866
FMINDDS3-RED;3;87.00892982;261.02678946
FMINDDS3-BLA;4;87.00892982;348.03571928
SBW1175-4P-BK;5;33.62656;168.1328
SBW1175-4P-RD;1;33.62656;33.62656
SBW1110-4P-RD;2;41.4838;82.9676
SBW1110-4P-BK;4;41.4838;165.9352
SBW0901-4P-BK;3;33.62656;100.87968
SBW0901-4P-EB;1;33.62656;33.62656
SBW1162-4P-RD;1;41.48544;41.48544
SBW1162-4P-EB;2;41.48544;82.97088
SBW1162-4P-BK;9;41.48544;373.36896
STY1005-4P-EB;1;41.48544;41.48544
STY1005-4P-BK;4;41.48544;165.94176
SAU0496-4P-RD;2;41.48544;82.97088
SAU0496-4P-EB;1;41.48544;41.48544
SAU0496-4P-BK;2;41.48544;82.97088
SAU0631-4C-RD;3;51.8568;155.5704
SAU0631-4C-EB;2;51.8568;103.7136
SAU0631-4C-BK;6;51.8568;311.1408
SAU0651-4P-RD;2;33.62656;67.25312
SAU0651-4P-YE;2;33.62656;67.25312
SAU0651-4P-BK;2;33.62656;67.25312
SAU0703-4P-EB;1;41.4838;41.4838
SAU0703-4P-RD;1;41.4838;41.4838
SAU0703-4P-BK;2;41.4838;82.9676
SAU0755-4P-EB;1;41.4838;41.4838
SAU0755-4P-BK;1;41.4838;41.4838
SAU0785-4P-RD;1;41.4838;41.4838
SAU0785-4P-YE;1;41.4838;41.4838
SAU0785-4P-BK;2;41.4838;82.9676
SAU0780-4P-YE;1;41.4838;41.4838
SAU0780-4P-RD;1;41.4838;41.4838
SAU0780-4P-EB;1;41.4838;41.4838
SAU0780-4P-BK;2;41.4838;82.9676
STAB99FST3;1;281.13299512;281.13299512
STAB99FST3.5;2;281.13299512;562.26599024
SAU0900-4C-YE;1;51.8568;51.8568
SAU0900-4C-EB;1;51.8568;51.8568
SAU0900-4C-RD;2;51.8568;103.7136
SAU0900-4C-BK;1;51.8568;51.8568
SBW0900-6P-EB;1;50.2824;50.2824
SBW0900-6P-YE;1;50.2824;50.2824
SBW0900-6P-RD;1;50.2824;50.2824
SBW0900-6P-BK;1;50.2824;50.2824
SBW0500-4P-RD;1;33.62656;33.62656
SBW0500-4P-BK;1;33.62656;33.62656
SBW1010-6P-EB;1;50.28568;50.28568
SBW1010-6P-YE;3;50.28568;150.85704
SBW1010-6P-RD;2;50.28568;100.57136
SBW1010-6P-BK;2;50.28568;100.57136
SVW0706-4P-BK;2;41.4838;82.9676
SVW0706-4P-RD;1;41.4838;41.4838
SSU8003-4P-EB;2;41.48544;82.97088
SSU8003-4P-RD;1;41.48544;41.48544
SSU8003-4P-BK;6;41.48544;248.91264
SRN0610-4P-EB;1;33.1198;33.1198
SRN0610-4P-RD;2;33.1198;66.2396
SRN0610-4P-BK;2;33.1198;66.2396
SAU0495-4P-BK;5;33.62;168.1
SAU0495-4P-YE;1;33.62;33.62
SAU0490-4P-RD;1;33.62;33.62
SAU0490-4P-BK;3;33.62;100.86
SAU0601-4P-YE;1;41.4838;41.4838
SAU0601-4P-RD;2;41.4838;82.9676
SAU0601-4P-BK;5;41.4838;207.419
SAU0432-4P-YE;1;41.4838;41.4838
SAU0432-4P-BK;4;41.4838;165.9352
SAU0432-4P-RD;2;41.4838;82.9676
SAU0432-4P-EB;1;41.4838;41.4838
SAU0433-4P-EB;2;33.6282;67.2564
SAU0433-4P-BK;4;33.6282;134.5128
SAU0433-4P-RD;2;33.6282;67.2564
SAU0433-4P-YE;1;33.6282;33.6282
FMINDMK7F-PLE;7;57.5061695;402.5431865
FMINDMK7F-FOA;1;56.09063302;56.09063302
SAU0485-4P-BK;1;33.1198;33.1198
SAU0485-4P-RD;1;33.1198;33.1198
SAU1558-4P-BK;3;26.896;80.688
SAU1558-4P-RD;2;26.896;53.792
VWR420001;3;111.9391348;335.8174044
VWR420000;5;111.9391348;559.695674
SVW1070-4P-BK;3;33.62656;100.87968
SVW1070-4P-RD;1;33.62656;33.62656
SBW1176-4P-YE;1;41.4838;41.4838
SBW1176-4P-RD;3;41.4838;124.4514
SBW1176-4P-BK;6;41.4838;248.9028
SBW0502-4C-YE;1;51.8568;51.8568
SBW0502-4C-RD;1;51.8568;51.8568
SBW0502-4C-EB;1;51.8568;51.8568
SBW0502-4C-BK;1;51.8568;51.8568
SHD1001-4P-RD;1;28.1998;28.1998
SHD1001-4P-BK;3;28.1998;84.5994
SVW0770-4P-YE;3;33.62656;100.87968
SVW0770-4P-BK;2;33.62656;67.25312
SVW0770-4P-EB;2;33.62656;67.25312
SVW0770-4P-RD;2;33.62656;67.25312
SVW0603-6P-BK;2;50.38408;100.76816
SVW0603-6P-RD;1;50.38408;50.38408
SRN0481-4C-BK;2;44.3128;88.6256
SRN0481-4C-RD;1;44.3128;44.3128
SRN0615-4P-EB;1;33.1198;33.1198
SRN0615-4P-RD;2;33.1198;66.2396
SRN0615-4P-BK;1;33.1198;33.1198
CTS-FPK-005-980;3;439.1018;1317.3054
CTS-FPK-005-1300;2;439.1018;878.2036
17U-00-0550-5;3;215.3894;646.1682
17U-00-0650-5;3;217.4804;652.4412
17U-00-0750-5;7;38.54;269.78
17U-00-1000-5;6;234.5774;1407.4644
22S-00-0350-4;2;167.4112;334.8224
22S-00-0450-4;1;167.4112;167.4112
42M-01-0550-4;1;153.0284;153.0284
42M-01-1000-4;2;172.2082;344.4164
01J-00-0550-4;2;210.5924;421.1848
01J-00-0740-4;2;222.1134;444.2268
17U-06-1000-6;6;296.9384;1781.6304
16MX-06-1200-6;1;383.2844;383.2844
18U-08-1000-4;2;210.5924;421.1848
42M-02-1200-4;2;16.4;32.8
16MX-09-1200-4;1;172.2;172.2
16S-03-2200-4;1;402.4724;402.4724
17U-01-1000-4;3;223.327;669.981
17U-01-0440-4;5;153.0284;765.142
17U-01-0550-4;2;153.0284;306.0568
17U-01-0650-4;4;207.337;829.348
17U-01-0750-4;4;212.667;850.668
17U-07-0650-4;1;186.5992;186.5992
17U-07-0750-4;3;41;123
17U-07-1000-4;3;215.3894;646.1682
16MX-07-1200-4;1;147.6;147.6
16M-07-1500-4;1;401.8;401.8
6-102-1000;3;279.169;837.507
6-102-1200;1;139.4;139.4
6-102-0750;2;319.267;638.534
SVW1070-4P-EB;1;33.62656;33.62656
SVW1070-4P-YE;2;33.62656;67.25312
FMKC023-BLA;3;95.97709844;287.93129532
FMKC023-RED;2;95.97709844;191.95419688
FMKCMEG-BLU;2;212.11627898;424.23255796
SAU0485-4P-EB;1;33.1198;33.1198
SHYS102;2;540.749;1081.498
SHYP102;3;141.5894;424.7682
SHYSP102;10;79.0562;790.562
SVWS061;2;265.7825;531.565
SMBS006;1;300.6038;300.6038
SMBS007;3;182.3475;547.0425
FMACF500;5;87.3069375;436.5346875
FMACF14;1;94.58018744;94.58018744
MMHOSE-CTR-17RD;1;16.4;16.4
MMHOSE-CTR-17BL;2;51.865;103.73
SRN0630-6P-BK;2;50.28568;100.57136
SRN0630-6P-RD;1;50.28568;50.28568
SRN0630-6P-YE;1;50.28568;50.28568
SRN0635-6P-BK;4;50.28568;201.14272
SRN0635-6P-RD;1;50.28568;50.28568
SRN0635-6P-YE;1;50.28568;50.28568
FMINLH9-TTE777/TTE855-LHD;2;140.42680646;280.85361292
F2177P+F2179P;6;297.0614;1782.3684
F2178P+F2180P;3;297.0614;891.1842
F1555P+F1557P-30;1;533.8364;533.8364
F1555P+F1557P-20;2;355.8964;711.7928
F1554P+F1556P-20;2;355.8964;711.7928
F6292+F6294;1;164.3116;164.3116
F2365P+F2367P-24;1;444.8418;444.8418
F2366P+F2368P-24;1;444.8418;444.8418
F6017+F6019-24;1;254.3476;254.3476
F6018+F6020;2;254.3476;508.6952
F1514P+F1520P;1;285.811;285.811
F1519P+F1524P;1;285.811;285.811
F2358P+2359P;1;287.9348;287.9348
SH-4-BK;2;1.5416;3.0832
ALP.07.05.0003-2;1;614.9672;614.9672
ATINTFT1;2;355.21584182;710.43168364
ATINTFT1-RD;1;355.21584182;355.21584182
F1920P+F1919P;1;165.8696;165.8696
F1932P+F1931P;2;165.8696;331.7392
F5509-F5511;3;115.7758;347.3274
F5508-F5510;1;115.7758;115.7758
F2234P+F2236P;2;431.9104;863.8208
F2235P+F2237P;1;431.9104;431.9104
SBMS081;2;889.4786;1778.9572
SBMS081CF;1;1023.9094;1023.9094
"TTE485 IS20";1;1458.8784;1458.8784
MMOC-CTR-17TBK;1;306.68;306.68
MMOC-CTR-17TSL;3;306.68;920.04
AC-WS-NI-15;54;10.5124;567.6696
AC-WS-NI-20;64;4.1;262.4
AC-WS-HN-20;81;4.1;332.1
AC-WS-HN-15;63;10.5124;662.2812
AC-WS-SB-15;94;4.92;462.48
AC-WS-SU-15;93;9.594;892.242
F2419P+F2417P;3;371.3206;1113.9618
F2420P+F2418P;2;371.3206;742.6412
F5502+F5500;1;119.925;119.925
MMRAD-E90-07;4;213.774;855.096
MMRAD-E90-07A;6;275.1018;1650.6108
FMINLH11-RED;1;69.60341876;69.60341876
FMINLH11-BLU;2;69.60341876;139.20683752
AC-WS-5;143;5.6088;802.0584
AC-WS-12;43;10.0204;430.8772
AC-WS-15;1;11.0536;11.0536
AC-WS-AU-15;11;9.6678;106.3458
AC-WS-AU-12;21;9.6678;203.0238
AC-WS-AU-10;10;9.6678;96.678
SVW055D;1;646.0206;646.0206
SVWS055D;2;603.7332;1207.4664
ESR521-BK;1;127.1164;127.1164
SES2300ICPWB;2;164.1968;328.3936
SES2300ICPWR;2;164.1968;328.3936
SP2300WB;2;117.3174;234.6348
SP2300WR;3;117.3174;351.9522
20FI33001X-Y;2;705.4214;1410.8428
MS100204;196;25.8054;5057.8584
MS100192;2;25.8054;51.6108
"THE-B5 022 05";2;16.4;32.8
SSE0426-4P-BK;6;33.62;201.72
SSE0426-4P-RD;2;33.62;67.24
SSE0426-4P-EB;4;33.62;134.48
SSE0426-4P-YE;1;33.62;33.62
SSE0427-4P-BK;6;41.4838;248.9028
SSE0427-4P-RD;2;41.4838;82.9676
SSE0427-4P-EB;2;41.4838;82.9676
SSE0427-4P-YE;4;41.4838;165.9352
SSE0420-4P-YE;1;41.4838;41.4838
SSE0420-4P-EB;2;41.4838;82.9676
SSE0420-4P-BK;1;41.4838;41.4838
SR-225-BK-ECU;3;148.47301382;445.41904146
ARAB65CRS200;4;132.20365704;528.81462816
RAB65CRS200;1;261.5017392;261.5017392
FMKT029-BLA;1;79.97781112;79.97781112
FMKT029-RED;3;79.97781112;239.93343336
L3P3S7SX;3;166.5092;499.5276
LAP3S7SX;2;110.864;221.728
L3P3S8SX;2;166.5092;333.0184
LAP3S8SX;2;110.864;221.728
LAP3BF3W;3;123.7052;371.1156
LAP3BF3X;4;123.7052;494.8208
L3P3BF3W;4;166.5092;666.0368
L3P3BF3X;2;166.5092;333.0184
LAP3BF2W;3;123.7052;371.1156
LAP3BF2X;3;123.7052;371.1156
L3P3BF2W;9;166.5092;1498.5828
L3P3BF2X;2;166.5092;333.0184
SFD0122-4P-RD;2;50.28568;100.57136
SFD0122-4P-EB;1;50.28568;50.28568
SFD0122-4P-BK;3;50.28568;150.85704
SFD0122-4P-YE;1;50.28568;50.28568
SR-232-RD;2;68.10406762;136.20813524
SR-232-BL;2;68.10406762;136.20813524
SR-232-BK;3;68.10406762;204.31220286
SSE0404-4P-BK;1;33.62;33.62
SSE0404-4P-YE;1;33.62;33.62
SSE0404-4P-EB;1;33.62;33.62
SSE0404-4P-RD;1;33.62;33.62
R10-10-1;4;36.9;147.6
R10-10-2;7;41;287
MMSK-XT-3;5;17.589;87.945
MMSK-XT-6;2;28.413;56.826
JE-353849;9;313.773;2823.957
JE-353850;4;313.773;1255.092
JE-353851;1;313.773;313.773
315366;6;317.7992;1906.7952
315367;2;368.1882;736.3764
353840;3;376.0192;1128.0576
353841;1;376.0192;376.0192
353839;2;376.0192;752.0384
337966;1;470.0322;470.0322
337967;4;470.0322;1880.1288
314326;1;525.389088;525.389088
JE-314323;1;525.389088;525.389088
314324;1;525.389088;525.389088
314325;1;525.389088;525.389088
SVWS064D;2;391.3983;782.7966
SVW064D;1;422.136;422.136
302299;1;355.1338;355.1338
302300;1;355.1338;355.1338
302301;1;355.1338;355.1338
315114;1;384.2192;384.2192
363325;2;380.8408;761.6816
363326;1;380.8408;380.8408
363327;1;380.8408;380.8408
LAP3BF1X;2;137.4484;274.8968
AP3BF1XW;1;137.4484;137.4484
L3P3BF1X;2;185.0494;370.0988
3P3BF1XW;1;185.0494;185.0494
ATINTP&C4;1;99.90707472;99.90707472
ATINTP&C4-RD;2;99.90707472;199.81414944
SBMS082;1;363.8381;363.8381
"TTE350+ IS12";1;1036.5784;1036.5784
F2370P+F2374P;2;296.5612;593.1224
F2371P+F2375P;1;296.5612;296.5612
284779;7;313.773;2196.411
JE-284780;2;352.518;705.036
284781;2;352.518;705.036
STY0014-4P-BK;17;41.4838;705.2246
STY0014-4P-YE;1;41.4838;41.4838
STY0014-4P-RD;2;41.4838;82.9676
MMRT-E36-92E;5;75.317;376.585
FMGK1-BLA;2;53.67863336;107.35726672
FMGK1-ALI;1;53.67863336;53.67863336
FMINDF500-BLA-PLE;1;163.84834756;163.84834756
FMINDF500-BLU-PLE;1;163.84834756;163.84834756
FMINDF500-RED-PLE;2;163.84834756;327.69669512
337924;2;372.7228;745.4456
337925;1;372.7228;372.7228
279946;1;553.5902;553.5902
279947;1;553.5902;553.5902
279948;3;553.5902;1660.7706
ATIKVAG19;1;133.27462214;133.27462214
ATIKVAG19-BL;3;133.27462214;399.82386642
ATIKVAG19-RD;1;133.27462214;133.27462214
TY17;1;549.55410014;549.55410014
TY18;2;537.49410184;1074.98820368
L3P3FFO3;1;166.5092;166.5092
LAP3FFO3;3;115.1444;345.4332
F2290P+F2291P+F2294P+F2295P;1;452.9844;452.9844
F2288P+F2289P+F2292P+F2293P;2;452.9844;905.9688
MMOC-MIA-16TBK;1;316.8234;316.8234
MMOC-MIA-16T;1;316.8234;316.8234
242880;4;368.1882;1472.7528
242881;1;368.1882;368.1882
242882;3;368.1882;1104.5646
314437;1;350.2548;350.2548
314438;1;350.2548;350.2548
FMDV32A-BLK;1;136.08706962;136.08706962
FMDV32A-POL;2;136.08706962;272.17413924
FMDV32R-BLK;1;125.61954986;125.61954986
FMDV32R-POL;2;125.61954986;251.23909972
F1550P+F1552P;1;387.5402;387.5402
F1551P+F1553P;1;387.5402;387.5402
300490;2;384.2192;768.4384
SVW1400-4P-BK;1;33.62656;33.62656
SVW1400-4P-RD;2;33.62656;67.25312
SBMS076;3;445.6208;1336.8624
VWR12G60RFO;2;54.68440928;109.36881856
VWR12G60RFOC;3;65.44062398;196.32187194
369549C;1;571.2612;571.2612
186235;1;571.2612;571.2612
186236;1;571.2612;571.2612
ARMAMINF56-A;1;402.21;402.21
338094;2;525.389088;1050.778176
338095;2;525.389088;1050.778176
FMDV33A-BLA;2;144.813107;289.626214
FMDV33A-ALL;2;144.813107;289.626214
SMZ009;2;292.699;585.398
SMZS009;1;283.6544;283.6544
MBL.321R35G;1;1.119414226;1.119414226
MBL.321B35G11;1;1.205026531;1.205026531
L3P3VGR6;2;166.5092;333.0184
LAP3VGR6;2;110.864;221.728
F2395P+F2397P;1;297.0614;297.0614
F2394P+F2396P;2;297.0614;594.1228
F1452P+F1454P;1;245.549;245.549
F1825P+F1826P;1;245.549;245.549
SP3089WB;1;137.3664;137.3664
WKE259M77;4;277.3814;1109.5256
WKE259M775;4;277.3814;1109.5256
AC-MK45-RU-RD;31;16.974;526.194
SBM083CF;1;440.9878;440.9878
SBM083;1;429.1798;429.1798
SAUS088;1;826.15;826.15
TS-0601-3102;2;81.7786;163.5572
TS-0601-3142;2;81.7786;163.5572
VWR8130S3-SEDAN;6;224.98648566;1349.91891396
VWR8130S3;2;224.98648566;449.97297132
338096;3;552.2864;1656.8592
338097;2;552.2864;1104.5728
STYS009CF;2;460.2004;920.4008
STYS009;3;428.9748;1286.9244
STY009;1;474.1814;474.1814
ATINTFT3/AUTO;2;355.21584182;710.43168364
ATINTFT3-RD/AUTO;1;355.21584182;355.21584182
ATINTFT3;1;355.21584182;355.21584182
ATINTFT3-BL;1;355.21584182;355.21584182
ATINTFT3-RD;2;355.21584182;710.43168364
SBW1170-4P-YE;1;41.4838;41.4838
SBW1170-4P-EB;2;41.4838;82.9676
SBW1170-4P-RD;2;41.4838;82.9676
SBW1170-4P-BK;4;41.4838;165.9352
SVWS066;1;615.9594;615.9594
TS-0615-2242;1;174.2336;174.2336
TS-0615-2192;2;174.2336;348.4672
SAUS093;1;812.046;812.046
MMICP-SUP-20BK;1;137.555;137.555
MMICP-SUP-20RD;1;137.555;137.555
SMNC010;6;153.135;918.81
SMNC018;4;163.9836;655.9344
WKE146M875;2;398.0772;796.1544
TFSI3xx-bk;87;0.82;71.34
TFSI3xx-rd;89;0.82;72.98
TFSI3xx-wh;86;0.82;70.52
SVW0707-4P-RD;2;41.4838;82.9676
SVW0707-4P-BK;5;41.4838;207.419
SME0460-4P-RD;1;41.4838;41.4838
SME0460-4P-BK;3;41.4838;124.4514
SFD0256-4P-BK;1;65.68856;65.68856
SFD0256-4P-RD;1;65.68856;65.68856
SFD0255-4P-BK;2;65.68856;131.37712
SFD0255-4P-RD;1;65.68856;65.68856
VWR650000-BLK;1;2040.48652318;2040.48652318
VWR650000-RED;3;2040.48652318;6121.45956954
VWR650000-YEL;1;2040.48652318;2040.48652318
VWR494101;2;103.34347578;206.68695156
VWR494100;3;103.34347578;310.03042734
MMFW-SM-6BK;5;6.478;32.39
MMFW-SM-6BL;3;6.478;19.434
MMFW-SM-6GM;2;6.478;12.956
MMFW-SM-6RD;12;6.478;77.736
MMFW-LG-6GM;8;6.478;51.824
MMFW-LG-6RD;2;6.478;12.956
MMHXF-04-4-BK;5;7.8228;39.114
MMHXF-04-4-BL;5;7.8228;39.114
MMHXF-04-4-RD;6;7.8228;46.9368
MMHXF-06-4-BK;7;7.8228;54.7596
MMHXF-06-4-BL;9;7.8228;70.4052
MMHXF-06-4-RD;9;7.8228;70.4052
MMHXF-08-4-BK;6;7.8228;46.9368
MMHXF-08-4-BL;3;7.8228;23.4684
MMHXF-08-4-RD;5;7.8228;39.114
MMHXF-10-4-BK;8;7.8228;62.5824
MMHXF-10-4-BL;5;7.8228;39.114
MMHXF-10-4-RD;4;7.8228;31.2912
MMHXF-12-4-BK;4;10.578;42.312
MMHXF-12-4-BL;4;10.578;42.312
MMHXF-12-4-RD;1;10.578;10.578
FMTIA4-BLU;3;95.97709844;287.93129532
FMTIA4-RED;3;95.97709844;287.93129532
FMTIA4-BLA;5;95.97709844;479.8854922
SPE1050-4P-RD;2;33.6282;67.2564
SPE1050-4P-BK;2;33.6282;67.2564
SME0865-4P-YE;2;41.4838;82.9676
SME0865-4P-RD;2;41.4838;82.9676
SME0865-4P-BK;3;41.4838;124.4514
SBW0510-4P-EB;2;41.4838;82.9676
SBW0510-4P-RD;2;41.4838;82.9676
SBW0510-4P-BK;2;41.4838;82.9676
SAU0531-4P-EB;1;50.2824;50.2824
SAU0531-4P-RD;2;50.2824;100.5648
SAU0531-4P-BK;3;50.2824;150.8472
SAU0528-4P-RD;1;28.1998;28.1998
SAU0528-4P-BK;1;28.1998;28.1998
TS-0601-2142;1;77.8836;77.8836
TS-0601-2182;2;77.8836;155.7672
WKE150M79AP;3;320.2674;960.8022
WKE150M795AP;1;320.2674;320.2674
AC-500-VRH-BK;15;3.69;55.35
AC-500-VRH-BL;20;3.69;73.8
AC-500-VRH-RD;44;3.69;162.36
AC-200-TBH-BL;6;3.1734;19.0404
AC-200-TBH-RD;72;3.1734;228.4848
AC-200-TBH-BK;49;3.1734;155.4966
L3P3VGR7;2;166.5092;333.0184
LAP3VGR7;2;110.864;221.728
MS100208;2;18.0564;36.1128
MS100210;97;18.0564;1751.4708
SSE0432-4P-BK;4;50.2824;201.1296
SSE0432-4P-RD;2;50.2824;100.5648
SSE0432-4P-YE;1;50.2824;50.2824
SSE0433-4P-BK;11;41.4838;456.3218
SSE0433-4P-EB;2;41.4838;82.9676
SSE0433-4P-RD;2;41.4838;82.9676
SSE0433-4P-YE;1;41.4838;41.4838
SBW1178-4P-EB;2;41.48544;82.97088
SBW1178-4P-BK;3;41.48544;124.45632
VWR800001;22;5.01025412;110.22559064
VWR800000;3;5.01025412;15.03076236
SP-201;41;11.152;457.232
SP-204;24;11.152;267.648
1050.48.14.R35.6;1;385.728;385.728
1300.48.14.R35.6;1;774.9;774.9
L3P3HC10;2;166.5092;333.0184
LAP3HC10;3;115.1444;345.4332
VW127;1;535.48255;535.48255
MagnyStick-BK;99;0.82;81.18
MagnyStick-RD;100;0.82;82
MagnyStick-W;98;0.82;80.36
MonaStick-BK;98;0.82;80.36
MonaStick-RD;100;0.82;82
MonaStick-W;99;0.82;81.18
SpaStick-BK;96;0.82;78.72
SpaStick-RD;98;0.82;80.36
SpaStick-W;97;0.82;79.54
MonzStick-BK;100;0.82;82
MonzStick-RD;99;0.82;81.18
MonzStick-W;100;0.82;82
CatalStick-BK;97;0.82;79.54
CatalStick-RD;98;0.82;80.36
CatalStick-W;100;0.82;82
LeMansStick-BK;99;0.82;81.18
LeMansStick-RD;98;0.82;80.36
LeMansStick-W;96;0.82;78.72
SilvStick-BK;100;0.82;82
SilvStick-RD;100;0.82;82
SilvStick-W;100;0.82;82
EstoStick-BK;98;0.82;80.36
EstoStick-RD;97;0.82;79.54
EstoStick-W;96;0.82;78.72
NurbStick-W-BK;72;0.82;59.04
NurbStick-RD;83;0.82;68.06
NurbStick-W;83;0.82;68.06
VWR652002-BLK;3;1075.93810316;3227.81430948
VWR652002-RED;2;1075.93810316;2151.87620632
VWR1200R601E;73;227.696493;16621.843989
VWR1200R600E;76;208.40049572;15838.43767472
TTE855;3;2616.5216;7849.5648
TTE710;1;1928.927;1928.927
ACCLAMPHX32-50;457;0.6232;284.8024
ACCLAMPHX12-22;358;0.3772;135.0376
ACCLAMPHX10-16;301;0.246;74.046
ACCLAMPHX16-25;169;0.4756;80.3764
ACCLAMPHX23-35;157;0.5658;88.8306
ACCLAMPHX30-45;113;0.5658;63.9354
ACCLAMPHX40-60;122;0.6642;81.0324
ACCLAMPHX45-65;114;0.7052;80.3928
ACCLAMPHX50-70;140;0.7052;98.728
ACCLAMPHX60-80;98;0.738;72.324
ACCLAMPHX80-100;75;0.8446;63.345
ACCLAMPHX90-110;48;0.9922;47.6256
FMINDK28RC;3;48.82669582;146.48008746
FMINDK28RF;1;52.40278798;52.40278798
AC-S1-CH-BK;11;50.184;552.024
AC-S1-CH-RD;7;50.184;351.288
AC-VR6-CH-BK;6;52.07;312.42
AC-VR6-CH-RD;7;52.07;364.49
AC-N14-IND-BK;16;18.1876;291.0016
AC-N14-IND-RD;23;18.1876;418.3148
AC-N14-IND-BL;23;18.1876;418.3148
AC-MK7-THK-BK;51;18.45;940.95
AC-MK7-THK-BL;44;18.45;811.8
AC-MK7-THK-RD;36;18.45;664.2
SVW0621-4P-BK;2;33.62;67.24
SVW0621-4P-EB;2;33.62;67.24
SVW0621-4P-RD;2;33.62;67.24
SVW0621-4P-YE;1;33.62;33.62
SVW0622-4P-BK;2;33.62;67.24
SVW0622-4P-RD;1;33.62;33.62
SVW0622-4P-YE;2;33.62;67.24
PH/INDFO22;1;39.32770102;39.32770102
PH/INDFO22-BL;3;39.32770102;117.98310306
PH/INDFO22-RD;2;39.32770102;78.65540204
SSE0630-4P-RD;1;41.48544;41.48544
SSE0630-4P-BK;2;41.48544;82.97088
AC-500-CH-BL;11;14.391;158.301
AC-500-CH-BK;19;14.391;273.429
AC-500-CH-RD;38;14.391;546.858
AC-500-AH-BL;12;16.441;197.292
AC-500-AH-BK;22;16.441;361.702
AC-500-AH-RD;42;16.441;690.522
AC-500-THK-BL;13;10.2008;132.6104
AC-500-THK-BK;24;10.2008;244.8192
AC-500-THK-RD;43;10.2008;438.6344
371720;1;553.5902;553.5902
RIP-010-BL;7;35.12765528;245.89358696
RIP-010-RD;5;35.12765528;175.6382764
ECA1305WB;3;126.5014;379.5042
ECA1305WR;2;126.5014;253.0028
SP-888;10;9.7252;97.252
SP-999;11;9.7252;106.9772
SP-820;21;6.8224;143.2704
SP-821;68;6.8224;463.9232
SP-823;17;6.8224;115.9808
SP-822;42;6.8224;286.5408
SP-824;16;6.8224;109.1584
SP-733;8;8.774;70.192
SP-734;7;8.774;61.418
SP-732;3;8.774;26.322
SP-731;24;8.774;210.576
SP-736;5;8.774;43.87
SP-738;8;8.774;70.192
SP-124;29;8.979;260.391
SP-760;2;8.979;17.958
SP-756;4;8.979;35.916
SP-121;90;8.979;808.11
SP-128;2;8.979;17.958
SP-130;6;8.979;53.874
SP-102;9;10.6682;96.0138
SP-998;11;10.6682;117.3502
SP-670;20;8.774;175.48
SP-671;6;8.774;52.644
SBM084;2;844.4524;1688.9048
SBM084CF;1;952.9466;952.9466
SAUX089;2;519.8308;1039.6616
VWR121000;1;173.75710292;173.75710292
VWR121001;1;173.75710292;173.75710292
SAU0436-4P-BK;3;33.62656;100.87968
SAU0436-4P-EB;2;33.6282;67.2564
SAU0436-4P-RD;2;33.62656;67.25312
SAU0436-4P-YE;1;33.62656;33.62656
MMRAD-350Z-03;14;141.8846;1986.3844
MMRAD-350Z-03X;3;159.654;478.962
MMAI-CTR-17UBK;2;161.007;322.014
MMAI-CTR-17URD;2;161.007;322.014
ARMGOLF8G-B;4;306.0486;1224.1944
ARMGOLF8G-A;2;199.26;398.52
SAUS091;1;501.4054;501.4054
SAUS090;1;756.901;756.901
AC-MK7-DI.A;2;6.642;13.284
AC-MK7-DI.B;31;6.642;205.902
8E0971824S-BL;321;4.1;1316.1
8E0971824S-RD;819;4.1;3357.9
EUPD4004901R;2;415.5104;831.0208
EUPD4004902R;1;415.5104;415.5104
AC-WS-BM-10-BT;9;10.2664;92.3976
AC-WS-BM-12-BT;69;11.1356;768.3564
AC-WS-BM-15-BT;67;12.2836;823.0012
AC-WS-BM-10;6;5.1332;30.7992
AC-WS-BM-12;14;5.5678;77.9492
AC-WS-BM-15;19;6.1418;116.6942
RBF600;123;6.1254;753.4242
RBF660;99;7.2898;721.6902
RBF700;114;8.692;990.888
15w50-2;22;17.5644;386.4168
CTS-HW-0420R-SL;3;359.7668;1079.3004
F2433P+F2434P;1;445.588;445.588
F2430P+F2431P;1;445.588;445.588
SVW059;1;219.186;219.186
107920;9;9.6596;86.9364
111049;9;2.2058;19.8522
D650-0010;88;17.1708;1511.0304
034-108-6007;3;68.1174;204.3522
TFSI3xx-bl;100;0.82;82
VWR12G6GTFO;4;54.68440928;218.73763712
VWR12G6GTFOC;3;68.41138804;205.23416412
10w60-2;6;15.498;92.988
10w60-5;21;42.6728;896.1288
ATIKFO31;1;298.20324754;298.20324754
BF30500;4;6.56;26.24
BF20500;74;2.911;215.414
E10-20-030-02-22;4;97.744;390.976
E10-20-030-03-22;2;97.744;195.488
VWR12P2GTG;5;311.86503712;1559.3251856
VWR12P2GTM;6;311.86503712;1871.19022272
FMTIA6-BLUE;2;94.6174384;189.2348768
FMTIA6-RED;2;94.6174384;189.2348768
FMTIA6-BLACK;3;94.6174384;283.8523152
VWR121003;2;173.75710292;347.51420584
BF410LV;41;0.028910822;1.185343702
RF328;19;0.057128211;1.085436009
SSTS016;1;603.7332;603.7332
SSTS015;2;852.3326;1704.6652
L3P3TA90;3;170.7896;512.3688
LAP3TA90;3;142.2044;426.6132
L3P3SFR2;2;170.7896;341.5792
AC-MK3ST-SC-BK;1;51.66;51.66
AC-MK3ST-SC-BL;4;51.66;206.64
AC-MK3ST-SC-RD;4;51.66;206.64
FMINLH21-BLUE;4;37.83766262;151.35065048
FMINLH21-RED;1;37.83766262;37.83766262
FMINLH21-BLACK;2;37.83766262;75.67532524
S90-4-15-009;5;61.008;305.04
S90-4-20-013;4;65.6;262.4
S90-4-25-029;3;68.552;205.656
S90-4-30-016;2;74.784;149.568
S90-4-20-010;6;65.6;393.6
S90-4-25-008;3;63.632;190.896
S90-4-30-003;2;69.208;138.416
S90-4-15-007;3;59.04;177.12
SVWS071CF;1;312.051;312.051
SVWS071;2;273.2076;546.4152
SVWS072;2;292.0184;584.0368
S90-2-10-004-B-BT;7;55.76;390.32
S90-2-12-002-B-BT;7;58.712;410.984
S90-2-15-001-B-BT;3;61.992;185.976
S90-2-10-004-B;2;43.952;87.904
S90-2-12-002-B;3;46.904;140.712
S90-2-15-001-B;4;50.184;200.736
S90-2-12-019-BT;2;47.1008;94.2016
S90-2-12-019;2;46.904;93.808
S90-2-15-004;2;41.328;82.656
S90-2-15-020-BT;4;46.576;186.304
S90-7-20-012-BT;4;62.976;251.904
S90-2-10-021-BT;4;43.952;175.808
S90-2-15-020;1;48.544;48.544
S90-2-12-023-B-BT;6;58.712;352.272
S90-2-15-055-B-BT;4;61.992;247.968
S90-2-10-038-B;7;43.952;307.664
S90-2-12-023-B;5;46.904;234.52
S90-2-15-055-B;7;50.184;351.288
CTS-TR-1010-71;1;1295.1818;1295.1818
CTS-TR-1010-76;3;1391.1218;4173.3654
SHYP106;2;124.312;248.624
SHYP107;2;72.324;144.648
SHY105;1;435.6332;435.6332
SHY106;3;320.5872;961.7616
SFDS105;1;330.2386;330.2386
SFDS106;1;228.9891;228.9891
SBM088;1;491.7622;491.7622
SME0950-4P-BK;1;28.1998;28.1998
EVE-AMGGT-CF-INT;1;1170.96;1170.96
EVE-AMGGT-CFM-INT;3;1170.96;3512.88
FMINLH20-BLACK;2;45.12953804;90.25907608
FMINLH20-RED;2;45.12953804;90.25907608
FMINLH20-BLUE;3;45.12953804;135.38861412
SAU0437-4P-RD;1;41.48544;41.48544
SAU0437-4P-BK;4;41.48544;165.94176
TTE560-NW;1;1740.573;1740.573
VWR650000-BLU;5;2040.48652318;10202.4326159
S90-7-20-044-B;6;72.488;434.928
S90-7-25-052-B;4;67.24;268.96
FMTIA9-BLACK;2;131.0768155;262.153631
FMTIA9-RED;1;131.0768155;131.0768155
FMTIA9-BLUE;3;131.0768155;393.2304465
SDN125B-C;5;0.392216373;1.961081865
SDN125R-C;3;0.392216373;1.176649119
SDN125Y-C;3;0.392216373;1.176649119
SDN150B-C;5;0.392216373;1.961081865
SDN150R-C;2;0.392216373;0.784432746
SDN150Y-C;2;0.392216373;0.784432746
ECA1576WB;3;116.2104;348.6312
ECA1578WB;4;127.9528;511.8112
SES1128ICPWB;3;148.0674;444.2022
SES1128ICPWR;4;148.0674;592.2696
SP3078WR;5;123.4838;617.419
4B1630H-.25;1;19.9916;19.9916
4B1630H-STD;1;19.9916;19.9916
5M8174H-STD;8;42.886;343.088
5M5563H-STD;7;51.81539;362.70773
4B1609H-.25;4;24.50283;98.01132
4B1609H-STD;31;24.50283;759.58773
6B1584H-STD;12;74.27068;891.24816
5M7788H-.25;1;53.669;53.669
4B7267H-STD;3;34.28953;102.86859
4B2960H-STD;1;28.7164;28.7164
5B5562H-.25;1;40.5244;40.5244
5B5562H-STD;3;40.5244;121.5732
4B5562H-STD;10;35.3912;353.912
5B7880H-.25;1;29.8808;29.8808
5B7880H-STD;6;29.8808;179.2848
"1750.34.14.14.5	";1;781.0992;781.0992
1300.34.14.14.5;1;637.3532;637.3532
"1050.34.14.14.5	";1;379.701;379.701
CTS-HW-0484;2;313.6418;627.2836
FMGK2-RED-RED6;1;43.10867346;43.10867346
FMGK2-POLISHED-POLISHED6;1;43.10867346;43.10867346
FMGK2-BLACK-BLACK6;1;43.10867346;43.10867346
PH/AUXYGR1;2;70.55331824;141.10663648
PH/AUXYGR1-RD;2;70.55331824;141.10663648
PH/COLGR1-RD;2;52.25378414;104.50756828
PH/COLGR1;3;52.25378414;156.76135242
5M1959H-.25;1;32.2342;32.2342
5M1959H-STD;2;32.2342;64.4684
SSU0700-4P-EB;1;33.1198;33.1198
SSU0700-4P-RD;2;33.1198;66.2396
SSU0700-4P-BK;2;33.1198;66.2396
7M1397H-.25;1;88.7732;88.7732
7M1397H-STD;8;88.7732;710.1856
6B1510H-STD;2;70.0444;140.0888
5M5585H-STD;7;50.27297;351.91079
4M2633H-STD;2;30.4712;60.9424
L3P3VGT8;2;170.7896;341.5792
LAP3VGT8;3;127.9856;383.9568
L3P3VGR8;5;170.7896;853.948
LAP3VGR8;4;127.9856;511.9424
L3P3BG42;3;166.5092;499.5276
LAP3BG42;3;123.7052;371.1156
CTS-EA888.1-BOSS600;2;1498.1318;2996.2636
SPR1000-4P-RD;1;33.62;33.62
SPR1000-4P-BK;1;33.62;33.62
SAU0705-4P-RD;1;41.48544;41.48544
SAU0705-4P-BK;1;41.48544;41.48544
SAU0650-6P-RD;1;50.28568;50.28568
SAU0650-6P-BK;1;50.28568;50.28568
WKE365M79;3;307.008;921.024
WKE365M795;1;307.008;307.008
SK-D13;1;11.89;11.89
4B1972H-STD;2;17.466;34.932
4B8171H-STD;4;29.4298;117.7192
8B1578H-.25;1;89.9458;89.9458
8B1578H-STD;6;89.9458;539.6748
8B1580H-STD;2;90.95317;181.90634
5M1633H-.25;1;51.3156;51.3156
5M1633H-STD;2;51.3156;102.6312
6B2640H-.25;1;35.7192;35.7192
6B2640H-STD;2;35.7192;71.4384
4B1355H-STD;5;26.8714;134.357
VWR1210R600EG;8;323.06826334;2584.54610672
VWR1210R600EM;6;336.68348922;2020.10093532
VWR1210R601EG;7;355.11340168;2485.79381176
VWR1210R601EM;1;371.07543804;371.07543804
VWR800003;5;5.01025412;25.0512706
VWR800002;1;5.01025412;5.01025412
SP3000WR;4;171.4046;685.6184
SP3000WB;6;171.4046;1028.4276
15009-AK004;7;14.0622374;98.4356618
15009-AK005;7;14.0622374;98.4356618
SME0465-4P-BK;2;41.48544;82.97088
SME0465-4P-RD;2;41.48544;82.97088
5M1985H-STD;1;44.0176;44.0176
16U-02-0450-4;1;158.9652;158.9652
16U-02-0700-4;1;172.2082;172.2082
2203-RN010;1;140.56649756;140.56649756
2203-RN009;1;140.56649756;140.56649756
41003-RM006;2;6.8448639;13.6897278
41003-RF002;1;8.99610684;8.99610684
4103-RN001;7;6.8448639;47.9140473
41003-AF006;1;8.99610684;8.99610684
41003-RN002;5;6.8448639;34.2243195
41003-AF007;1;23.2352863;23.2352863
17mx-12-0850-3;2;167.4112;334.8224
17mx-12-1100-3;1;177.0134;177.0134
AC-CEL-FIX-S;47;11.439;537.633
AC-B9S-DPHS;13;136.53;1774.89
4B1946H-.25;1;18.77513;18.77513
4B8351H-STD;4;21.2421;84.9684
4B8172H-STD;2;31.75942;63.51884
4B1146H-STD;1;23.165;23.165
4B8310H-STD;1;24.22772;24.22772
10B1580H-STD;1;108.6746;108.6746
6B1515H-STD;2;68.54749;137.09498
4B1236HX-STD;1;22.2958;22.2958
5M1913H-STD;1;35.5634;35.5634
5M8353H-STD;2;30.504;61.008
5M1237H-STD;2;46.4448;92.8896
5M1144H-STD;1;55.022;55.022
5M2964H-STD;2;38.92581;77.85162
VWR150004;11;51.4063248;565.4695728
VWR150003;8;51.4063248;411.2505984
52008-AK002;10;34.69926924;346.9926924
52008-AK003;11;30.84379488;339.28174368
22002-AM012;1;138.36869092;138.36869092
22002-AM011;1;138.36869092;138.36869092
FMTIA11-BLACK;3;139.21615026;417.64845078
FMTIA11-RED;3;139.21615026;417.64845078
FMTIA11-PERFBLUE;5;139.21615026;696.0807513
FMKT033-BLACK;1;124.24126434;124.24126434
FMKT033-RED;2;124.24126434;248.48252868
W93452;4;62.33016882;249.32067528
W93453;3;62.33016882;186.99050646
MS100201;2;439.0854;878.1708
MS100205;1;450.467;450.467
MMHOSE-500T-12BK;2;143.6968;287.3936
AC-N55-DPHS;20;77.49;1549.8
4M8533H-.25;1;48.544;48.544
4M8533H-STD;4;48.544;194.176
3B8532H-.25;1;32.4146;32.4146
3B8532H-STD;2;32.4146;64.8292
TTE600-N54-1x;1;1892.9946;1892.9946
TTE600-N54-3x;1;1892.9946;1892.9946
SBW0271-4P-RD;2;41.4838;82.9676
SBW0271-4P-EB;2;41.4838;82.9676
SBW0271-4P-Y;1;41.4838;41.4838
SBW0271-4P-BK;2;41.4838;82.9676
SBW0351-4P-RD;2;33.1198;66.2396
SBW0351-4P-BK;2;33.1198;66.2396
SBW0270-4P-EB;2;41.4838;82.9676
SBW0270-4P-BK;2;41.4838;82.9676
VWR640015;15;48.18411676;722.7617514
VWR640020;7;54.60990736;382.26935152
VWR640012;13;44.97122146;584.62587898
VWR640017;10;51.78814714;517.8814714
VWR640115;5;48.3796843;241.8984215
VWR640120;6;55.00104244;330.00625464
VWR640112;8;45.54861134;364.38889072
VWR640117;13;51.78814714;673.24591282
52003-AK002;6;21.9315027;131.5890162
52003-AK003;13;17.40551106;226.27164378
52001-AK124;10;17.75939518;177.5939518
52001-AK125;5;60.56074822;302.8037411
52001-AK133;6;60.56074822;363.36448932
52001-AK132;10;17.75939518;177.5939518
52001-AK126;12;17.75939518;213.11274216
52001-AK127;6;60.56074822;363.36448932
SP-187;11;8.979;98.769
SP-183;18;8.979;161.622
SP-181;10;8.979;89.79
SP-193;5;8.979;44.895
SP-189;20;8.979;179.58
S90-4-15-018;3;65.928;197.784
S90-4-20-024;4;62.648;250.592
AC-W205-DPHS;3;162.36;487.08
AC-W205-DP;16;132.84;2125.44
AC-G8X-DPHS;3;158.67;476.01
VWR90000;52;22.48095436;1169.00962672
VWR900001;177;22.48095436;3979.12892172
VWR900002;63;22.48095436;1416.30012468
FMBH7-PERFORMANCEBLUE;2;31.53293764;63.06587528
FMBH7-RED;2;31.53293764;63.06587528
SBMS094;2;495.7884;991.5768
4B1293H-.25;1;34.65484;34.65484
4B1293H-STD;2;34.65484;69.30968
5M1295H-STD;1;53.79528;53.79528
AC-MK7R-DPHS;18;118.08;2125.44
AC-MK7R-DP;37;88.56;3276.72
825943;3;160.0968;480.2904
825945;2;160.0968;320.1936
82594;6;160.0968;960.5808
SMBS003;1;551.9543;551.9543
SMB003;1;614.0734;614.0734
AC-B9RS-DPHS;4;173.43;693.72
AC-C7RS-DPHS;19;136.53;2594.07
AC-C7RS-DP;7;107.01;749.07
AC-A90-DPHS;10;88.56;885.6
AC-B58.2-DP;2;62.73;125.46
AC-B58.2-DPHS;8;88.56;708.48
AC-MK7-DPHS;2;88.56;177.12
AC-MK7-DP;26;59.04;1535.04
AC-8V5RS-DPHS;9;184.5;1660.5
MS100197;10;5.1414;51.414
MS100179;10;5.1414;51.414
MS100178;5;5.1414;25.707
D757-0009;5;3.69;18.45
D757-0008;5;3.69;18.45
D757-0007;4;3.69;14.76
FMINLH25-RED;1;38.54543086;38.54543086
1050.60.11.D.4;1;281.916;281.916
1050.34.14.14.4;2;284.2366;568.4732
1300.48.14.14B.4;1;488.187;488.187
1050.48.14.14B.4;1;281.916;281.916
D660-0098-BLK;2;1033.1754;2066.3508
D660-0098;1;1033.1754;1033.1754
D660-0100-BLK;2;1180.7918;2361.5836
CI100052-A;4;51.6354;206.5416
CI100052-B;3;185.4348;556.3044
HX-N-00;4;743.535;2974.14
HK-FR-00;5;59.9666;299.833
HF-FR-00;1;59.9666;59.9666
HB-FR-00;2;59.9666;119.9332
WK651M86;1;293.9536;293.9536
WK651M865;1;293.9536;293.9536
L3P3F15B;2;166.5092;333.0184
LAP3F15B;1;123.7052;123.7052
SAUS112;1;642.593;642.593
SAUS097;1;584.2418;584.2418
SVWS053;1;378.3644;378.3644
SBW1180-4C-RD;1;51.8568;51.8568
SBW1180-4C-BK;2;51.8568;103.7136
SBW1180-4C-EB;1;51.8568;51.8568
CTS-FPK-004-450;14;191.1338;2675.8732
CTS-FPK-004-525;8;229.518;1836.144
9-201-1019;5;44.2472;221.236
9-201s-1005;1;44.2472;44.2472
9-301s-1005;1;68.6012;68.6012
9-421s-1005;2;80.7782;161.5564
9-201-0848;3;44.2472;132.7416
9-201-0846;5;44.2472;221.236
9-201-0791;4;44.2472;176.9888
9-301-0791;5;68.6012;343.006
9-421-0791;3;80.7782;242.3346
9-201-0847;5;44.2472;221.236
9-301-0847;5;68.6012;343.006
9-421-0847;5;76.7192;383.596
9-201-0836;5;44.2472;221.236
52001-AK061;10;9.74112604;97.4112604
9-301-0766;2;68.6012;137.2024
9-421-0766;1;76.7192;76.7192
9-201-0766;4;44.2472;176.9888
9-201-1031;8;44.2472;353.9776
9-301-1031;3;68.6012;205.8036
9-201-1020;2;44.2472;88.4944
9-301-1020;2;68.6012;137.2024
9-421-1020;1;76.7192;76.7192
9-201-1000;26;44.2472;1150.4272
9-301-1000;8;68.6012;548.8096
9-421-1000;5;76.7192;383.596
9-201-1024;4;44.2472;176.9888
9-301-1024;1;68.6012;68.6012
9-421-1024;1;76.7192;76.7192
9-652-1008;8;64.534;516.272
9-309-1008;14;76.7192;1074.0688
9-651-1026;3;64.534;193.602
9-307-1026;5;76.7192;383.596
9-651-1017;9;64.534;580.806
9-307-1017;5;76.7192;383.596
9-652-1000;9;64.534;580.806
9-309-1000;6;76.7192;460.3152
9-652-1006;6;64.534;387.204
S90-2-10-013-BT;4;54.5792;218.3168
S90-2-15-008-BT;4;60.4832;241.9328
S90-2-20-021-BT;4;64.0912;256.3648
S90-2-10-013;2;40.672;81.344
S90-2-15-008;2;46.576;93.152
S90-2-20-021;2;50.184;100.368
9-651-1009;2;64.534;129.068
9-355-1025;13;101.065;1313.845
9-655-1025;28;80.7782;2261.7896
9-354-1025;11;101.065;1111.715
9-654-1025;60;80.7782;4846.692
9-651-1010;4;64.534;258.136
9-307-1010;7;76.7192;537.0344
20FO33019X-RD;1;643.2162;643.2162
"70 OP 11";1;273.8882;273.8882
"60 OP 11";2;205.0902;410.1804
"70 VS 13";1;273.8882;273.8882
"70 ME 01";1;293.4534;293.4534
"70 AV 13";3;273.8882;821.6646
"60 AV 13";2;182.45;364.9
"70 VS 12";2;250.8052;501.6104
"60 VS 12";1;195.4798;195.4798
"60 VS 18";1;244.4584;244.4584
PARTS240BL-E;28;0.097667371;2.734686388
PARTS240SI-E;12;0.097667371;1.172008452
D650-0002;94;16.5066;1551.6204
MMHE-G80-21AT;2;270.6;541.2
MMHE-G80-21MT;3;289.706;869.118
GSMD0-8USS2;1;303.646;303.646
GSMD0-9USS2;2;343.252;686.504
VSH64-A1DS2;1;241.08;241.08
VSS28-A1DS2;2;324.72;649.44
VSM56-A1DS2;1;241.08;241.08
VSM56-B1DS2;2;300.12;600.24
VSK04-A1DS2;1;186.714;186.714
GSM74-91SS2;2;390.32;780.64
GSM74-81SS2;1;350.14;350.14
SHYP103;5;94.5624;472.812
SHYP104;5;94.5624;472.812
GSM64-9USS2;4;378.84;1515.36
GSM64-8USS2;2;338.66;677.32
GSA22-9USS2;2;363.055;726.11
GSA22-8USS2;1;316.848;316.848
GSH98-9USS2;2;390.32;780.64
GSH98-8USS2;1;350.14;350.14
GSS54-91SS2;1;424.35;424.35
GSS54-81SS2;1;381.915;381.915
GSR52-91SS2;1;369.656;369.656
GSR52-8USS2;1;323.449;323.449
PM100332;3;8.5034;25.5102
PM100333;6;8.5034;51.0204
GSP26-8UAS2;2;378.84;757.68
VSP24-C1AA3;2;481.873;963.746
VSS78-C1SA4;2;556.78;1113.56
GSS84-8USS2;1;373.1;373.1
VSP92-C1AA3;2;481.873;963.746
GSP92-8UAS2;3;330.05;990.15
VSGC0-C1AA1;1;654.36;654.36
GSGC0-8UAS2;1;476.42;476.42
VSN20-C1SA4;2;556.78;1113.56
GSP04-8USS2;3;373.1;1119.3
VSK82-C1SA4;1;468.671;468.671
GSP06-8USS2;2;323.449;646.898
VSAEA-C1SA4;1;596.96;596.96
VSAEA-K1LS4;2;1205.4;2410.8
VSTN0-C1AA3;1;580.888;580.888
VSTN0-K1NS4;2;1320.2;2640.4
VSR84-C1SA4;2;556.78;1113.56
VSR52-K1LS4;1;1056.16;1056.16
VSMC6-K1LS3;1;998.76;998.76
VSMD0-CUSA3;3;528.08;1584.24
VSTD8-C1SA4;3;562.52;1687.56
VSTD8-K1LS1;2;1205.4;2410.8
SSUS010;1;306.803;306.803
SBM097D;1;542.184;542.184
5M8312H-STD;2;49.1918;98.3836
4B7787H-STD;4;45.6904;182.7616
MMAI-CTR-17RRD;1;297.2541;297.2541
L3P3A8YX;2;170.7896;341.5792
LAP3A8YX;2;127.9856;255.9712
FMKCREN197-BLU;1;159.95562224;159.95562224
FMKCREN197-BLA;2;159.95562224;319.91124448
FMKCREN197-RED;1;159.95562224;159.95562224
22002-AN-023;1;131.19788112;131.19788112
22002-AN-024;1;131.19788112;131.19788112
23001-AT002;1;119.9480912;119.9480912
23001-AT003;2;131.19788112;262.39576224
23002-AT001;1;191.16261398;191.16261398
2301-RN039;1;108.69830128;108.69830128
23001-AN001;1;119.9480912;119.9480912
23001-AM007;2;119.9480912;239.8961824
51007-AK501;2;35.75160886;71.50321772
51007-AK512;2;35.75160886;71.50321772
23001-AM005;1;131.19788112;131.19788112
SSZ0205-6P-RD;2;50.28568;100.57136
SSZ0205-6P-EB;2;50.28568;100.57136
SSZ0205-6P-YE;2;50.28568;100.57136
SSZ0205-6P-BK;4;50.28568;201.14272
FMKT035-RED;1;114.69570584;114.69570584
FMINDK32-BLU-BLA;2;192.76440526;385.52881052
FMINDK32-BLA-BLA;1;192.76440526;192.76440526
FMINDK32-RED-BLA;2;192.76440526;385.52881052
FMBH4-BLU;1;11.30566636;11.30566636
FMKC022-BLU;2;47.09452618;94.18905236
FMKC022-BLA;1;47.09452618;47.09452618
FMKT026-RED;1;107.17101192;107.17101192
FMKT026-BLA;2;107.17101192;214.34202384
FMKT026-BLU;2;107.17101192;214.34202384
FMKT035-BLU;1;114.69570584;114.69570584
FMKC022-RED;2;47.09452618;94.18905236
SHD0398-4C-RD;2;60.9752;121.9504
SHD0398-4C-BK;2;60.9752;121.9504
20SU33002-RD;1;602.126;602.126
SHY0800-4P-EB;2;41.48544;82.97088
SHY0800-4P-RD;2;41.48544;82.97088
SHY0800-4P-BK;5;41.48544;207.4272
SHY0900-4P-EB;2;41.4838;82.9676
SHY0900-4P-BK;6;41.4838;248.9028
SME0461-4C-RD;2;60.9752;121.9504
SME0461-4C-BK;2;60.9752;121.9504
S90-4-20-021-B;4;65.6;262.4
S90-4-15-014-B;3;59.04;177.12
S90-2-15-017-B-BT;3;61.992;185.976
S90-2-12-004-B-BT;3;58.712;176.136
S90-2-10-002-B-BT;2;55.76;111.52
VSH64-K1LS3;1;858.13;858.13
VSH64-C1SA3;1;528.08;528.08
GSUB8-61AS2;1;929.88;929.88
VSUB8-C1AA2;2;585.48;1170.96
VSY24-C1SA4;1;608.44;608.44
VSSB0-K1LS1;1;1056.16;1056.16
VSSB2-C1SA4;2;468.671;937.342
51007-AK553;28;1.60179128;44.85015584
51007-AK551;4;1.60179128;6.40716512
51007-AK552;4;1.60179128;6.40716512
KCF-4;31;1.60179128;49.65552968
500-A025;7;0.277106495;1.939745465
500-A027;6;0.277106495;1.66263897
500-A021;2;0.181199377;0.362398754
500-A022;5;0.181199377;0.905996885
500-A023;5;0.181199377;0.905996885
L3P3HC11;3;170.7896;512.3688
LAP3HC11;2;127.9856;255.9712
VSE18-K1LS4;1;1205.4;1205.4
VSE18-C1SA4;1;556.78;556.78
U3P3DIY1;1;170.7896;170.7896
UAP3DIY1;1;127.9856;127.9856
SAUS087;1;753.5062;753.5062
SAU087;1;840.0244;840.0244
SBM098CF;1;907.5596;907.5596
52001-AK154;9;56.3886407;507.4977663
6-02-0362-B;3;2.4354;7.3062
6-02-0361-B;4;3.157;12.628
6-02-0864-3;9;14.063;126.567
6-02-0865-3;10;16.5394;165.394
6-02-0866-3;9;19.2782;173.5038
FMAS049-YEL;1;8.39077874;8.39077874
FMAS049-BLU;15;8.39077874;125.8616811
FMAS049-RED;7;8.39077874;58.73545118
FMAS049-GRE;1;8.39077874;8.39077874
SMB005;1;584.8322;584.8322
74040210001OR;4;0.044753099;0.179012396
74040210001BL;8;0.044753099;0.358024792
74040210001RD;15;0.044753099;0.671296485
74040210001WH;8;0.044753099;0.358024792
74040210001YL;14;0.044753099;0.626543386
FMINDK45-PLEATED;2;140.24055166;280.48110332
AU8XS-QS11C;2;47.97;95.94
5M1581H-STD;2;84.67074;169.34148
ASMSHIRTS-Z;4;4.1;16.4
ASMSHIRTM-Z;3;4.1;12.3
ASMSHIRTL-Z;5;4.1;20.5
ASMSHIRTXL-Z;7;4.1;28.7
ASMSHIRTXXL-Z;2;4.1;8.2
AU8XS-DD;1;324.72;324.72
MS100141;1;41.3034;41.3034
5M1573H-.25;1;82.697;82.697
5M1573H-STD;3;82.697;248.091
7M1512H-.25;1;85.0504;85.0504
7M1512H-STD;1;85.0504;85.0504
SP1140WB;1;144.9186;144.9186
SP1140WR;1;144.9186;144.9186
SLM0300-4P-RD;1;33.62;33.62
F6044-F6045;1;176.2918;176.2918
" FDF3R-DD";1;159.08;159.08
HCRF8-DD1;4;254.61;1018.44
NI35S-DD;1;324.72;324.72
TOGRZ-6DD;1;217.71;217.71
B58B30-DD;1;254.2;254.2
BMF8M-DD;2;435.42;870.84
BMG87-DD;1;546.12;546.12
BN55B30-ADD;2;228.78;457.56
MMICP-MK8-22P;2;160.5478;321.0956
MMICP-MK8-22WBK;5;160.5478;802.739
AWVSR-DD;2;291.51;583.02
AWVSR-CD;1;476.01;476.01
AWVSR-6DD;2;365.31;730.62
AU8VR-BDD;1;328.41;328.41
AU94S-DD;1;391.14;391.14
TOS3E6-DC33;1;1099.62;1099.62
OFW-BK;1;0.119377158;0.119377158
OFW-RD;3;0.119377158;0.358131474
OFW-MS;3;0.119377158;0.358131474
WKE359M775;1;360.5294;360.5294
WKE359M77;2;360.5294;721.0588
" TOGRZ-DS38C";1;952.02;952.02
NI35S-QS12C;1;1284.12;1284.12
HCRL5-3C3833;1;1228.77;1228.77
HCRL5-3S3833C;1;1062.72;1062.72
VWG8R-QS38C;1;988.92;988.92
FDF3R-DS29C;1;583.02;583.02
7414000012005;1;0.733598773;0.733598773
7414000012006;3;0.733598773;2.200796319
7414000012008;3;0.733598773;2.200796319
7414000012000;2;0.733598773;1.467197546
7414000012001;3;0.733598773;2.200796319
7414000012003;1;0.733598773;0.733598773
7414000012010;2;0.733598773;1.467197546
7414000012011;2;0.733598773;1.467197546
7414000012013;5;0.733598773;3.667993865
74150000401BK;2;0.01493548;0.02987096
74150000401BL;5;0.01493548;0.0746774
74150000401GM;4;0.01493548;0.05974192
74150000401RD;4;0.01493548;0.05974192
74020001011BL;2;0.571975543;1.143951086
74020001012RD;3;0.571975543;1.715926629
74020001001BK;5;0.571975543;2.859877715
74020001002BL;3;0.571975543;1.715926629
74020001003RD;11;0.571975543;6.291730973
74020001016BL;2;0.571975543;1.143951086
74020001017RD;5;0.571975543;2.859877715
74020001010BK;1;0.571975543;0.571975543
BMF87C-QC38;1;1579.32;1579.32
BMF87-QS38C;1;1247.22;1247.22
BMF8M-QS11C;1;1616.22;1616.22
BMF2B-DS11C;1;1062.72;1062.72
BMF43-DS38C;1;1099.62;1099.62
AU94S-QS14C;1;1468.62;1468.62
AU8VR-4S39M;1;1210.32;1210.32
AU8VR-DF+AU8VR-DS39C;1;1321.02;1321.02
TNW-02-5H;2;1.148858458;2.297716916
RNW-02-5H;6;0.273532648;1.641195888
VWR650001-BLK;1;1960.29451904;1960.29451904
VWR650001-RED;1;1960.29451904;1960.29451904
6-02-0006-V3;4;12.1688;48.6752
6-02-0008-V3;5;14.2024;71.012
6-02-0010-V3;4;16.2278;64.9112
9-422-7080;1;425.7932;425.7932
9-423-7080;1;486.6782;486.6782
SAUS124CF;1;865.4854;865.4854
VWR630300;3;21.40998926;64.22996778
VWR630301;7;21.40998926;149.86992482
AC-R53-IND-RD;1;11.07;11.07
AC-180S-DVH-BL;29;4.5756;132.6924
AC-180S-DVH-RD;32;4.5756;146.4192
MMWS-009-200BK;5;59.245;296.225
MMWS-009-150BK;10;50.963;509.63
MMRT-BRZ-13P;2;90.2;180.4
MMRT-BRZ-13BK;3;90.2;270.6
MMTH-F80-15BL;5;66.9284;334.642
MMTH-F80-15RD;6;66.9284;401.5704
MMWS-013-100BK;4;42.6236;170.4944
23002-AT003;6;138.36869092;830.21214552
52002-AK003;4;195.9866133;783.9464532
52002-AK004;4;142.96918448;571.87673792
SBMS107;1;498.4042;498.4042
SAUS114C;1;483.3654;483.3654
asmjacles-M;10;13.12;131.2
asmjacles-L;7;13.12;91.84
asmjacles-XL;10;13.12;131.2
asmjacles-XXL;10;13.12;131.2
asmjacles-S;10;13.12;131.2
EVE-S58-CF-STR;2;959.4;1918.8
EVE-S58-CFM-STR;2;959.4;1918.8
MB774-DD;1;424.35;424.35
6M5587H-.25;1;61.295;61.295
6M5587H-STD;3;61.295;183.885
4B1510H-.25;1;50.9794;50.9794
4B1510H-STD;2;50.9794;101.9588
384914;7;322.4896;2257.4272
27002-AN104;2;1263.738818;2527.477636
27002-AN105;1;1445.802885;1445.802885
SMNX010;3;357.9956;1073.9868
FMBH9-BLA;2;19.26805906;38.53611812
FMBH9-BLU;2;19.26805906;38.53611812
FMBH9-RED;3;19.26805906;57.80417718
FMBH9-YEL;2;19.26805906;38.53611812
GSM56-81SS2;2;471.992;943.984
GSM56-91SA2;1;390.32;390.32
EVE-G8XM-CF-ENG;7;442.8;3099.6
AC-45-DPHS;2;118.08;236.16
AC-45-DP;28;88.56;2479.68
AC-B58-DPHS;12;77.49;929.88
AC-B58-DP;8;55.35;442.8
AC-S55-DPHS;13;125.46;1630.98
AC-F97-DP;14;129.15;1808.1
"60 MA 01";1;205.0902;205.0902
70MA02;1;275.52;275.52
60MA02;2;205.0902;410.1804
"60 AV 04";1;182.4459;182.4459
EVE-G9X-CF-INT;8;1121.76;8974.08
"EVE-G9X-CFM-INT ";5;1121.76;5608.8
MMHOSE-EVO-10BL;1;72.611;72.611
AC-MK8R-DPHS;20;125.46;2509.2
AC-MK8R-DP;32;99.63;3188.16
AC-MK8-DPHS;11;95.94;1055.34
AC-MK8-DP;22;59.04;1298.88
VOUCHER50;96;41;3936
VOUCHER100;91;82;7462
SLM0250-4P-BK;2;41.48544;82.97088
FMINLR60-BLA;1;81.1139654;81.1139654
AC-G9x-DP;1;173.43;173.43
092100171110;3;132.84;398.52
092100171140;2;132.84;265.68
092100171100;2;132.84;265.68
000965202BLK;1;98.4;98.4
000965202CHR;3;98.4;295.2
092.100.700.002;2;212.38;424.76
092.100.700.001;2;212.38;424.76
092.310.510.009M;1;688.39;688.39
330037R;2;109.798;219.596
330077R;1;109.798;109.798
EVE-G9X-CF-CHG;2;341.94;683.88
EVE-G9X-CFM-CHG;2;341.94;683.88
330087R;1;65.8788;65.8788
330067R;1;65.8788;65.8788
330088R;1;65.8788;65.8788
330068R;1;65.8788;65.8788
330190R;1;109.798;109.798
330155R;1;109.798;109.798
EVE-G87M2-CF-SC;3;305.04;915.12
EVE-G87M2-CFM-SC;3;305.04;915.12
FMBH10-PERFBLUE;2;19.26805906;38.53611812
FMBH10-RED;2;19.26805906;38.53611812
FMBH10-BLK;4;19.26805906;77.07223624
R-AUD-009-I-5;1;302.17;302.17
R-AUD-010-I-5;5;302.17;1510.85
814-N101;4;0.51154019;2.04616076
814-N401;2;0.831266144;1.662532288
814-N403;2;0.809983085;1.61996617
61000591000BK;4;0.16162323;0.64649292
61025000013BK;68;0.062142265;4.22567402
61025000008BK;12;0.062142265;0.74570718
61000591000BR;4;0.16162323;0.64649292
61000502000MB;4;0.16162323;0.64649292
61000591001MM;4;0.16162323;0.64649292
61000531037BA;24;0.16162323;3.87895752
SBMB111;1;708.2914;708.2914
ATIKVAUX2-BK;1;292.57835258;292.57835258
ATIKVAUX2-BL;1;292.57835258;292.57835258
4B1606H-.25;1;20.2868;20.2868
SVXS054;1;216.6358;216.6358
FMOC11-BLA;3;329.55924312;988.67772936
;;;3194760.8153068
