REFERENCE;QUANTITY;"WHOLESALE PRICE";TOTAL
SE10;1;202.8926246;202.8926246
FD43;1;135.4424053;135.4424053
ACSP1;45;4.1;184.5
AC-204-FU;1;39.36;39.36
AC-E46-FU;12;77.9;934.8
AC-FU-E36;13;36.9;479.7
AC-S2K-FU;8;24.6;196.8
FMBGFK2;3;22.8118711;68.4356133
RD3025;5;180.4902;902.451
SP1128WB;8;186.1236;1488.9888
FMDV14T;5;37.73073626;188.6536813
FMDVK04D;5;79.65925096;398.2962548
FMDVSUB01;4;89.66100006;358.64400024
FMDVATSI-POL;2;120.58266378;241.16532756
FMDV004-POL;3;61.30136074;183.90408222
FMINTLFS;1;349.06597056;349.06597056
216BFWAEBOSM;17;23.575;400.775
AC-NC-FU;7;24.6;172.2
216BFWAOTSM;34;17.712;602.208
216BFWAOPSM;45;20.582;926.19
VIB-1458;71;0.287;20.377
RN10;1;37.32672472;37.32672472
RN09;2;150.64703472;301.29406944
ECA3015;2;116.4564;232.9128
ESR371WB;2;138.5226;277.0452
SP2070P;3;149.2236;447.6708
EVO1206;6;202.663;1215.978
FMWRX301-ALL;4;72.41660506;289.66642024
216EVOWGAFRWB4.9-WO;7;91.84;642.88
216EVOAFRWB4.9-WO;6;91.84;551.04
MMAI-CLA45-14BK;25;177.1692;4429.23
RN12;1;220.12716566;220.12716566
JSK-101-DD;33;162.22541422;5353.43866926
MMRAD-350Z-07;2;144.7136;289.4272
MMTS-S2K-00L;4;24.641;98.564
MMFAN-SWITCH;2;15.1946;30.3892
200001032;1;369.9594;369.9594
CTS-IT-105R;27;123;3321
200001076;1;414.8216;414.8216
FMDVK04SA-SIL;12;79.65925096;955.91101152
FMDV2A;2;108.01889028;216.03778056
FMDVA45A;2;92.06536142;184.13072284
FMDVST180A;2;120.58266378;241.16532756
FMDV14TSI;2;36.99169076;73.98338152
FMBGFK6;2;25.33447974;50.66895948
FMPCVD1;3;48.66860966;146.00582898
SES1989TT;5;778.098;3890.49
CTS-HW-031;14;61.5;861
CTS-IT-250;11;171.3718;1885.0898
CTS-IT-220R;29;135.3;3923.7
CTS-HW-030;11;45.0918;496.0098
CTS-HW-0090;3;81.1718;243.5154
CTS-HW-0151;20;90.1918;1803.836
CTS-HW-0099;5;90.1918;450.959
FMINTMRS;1;421.70921624;421.70921624
MMRAD-E46-01;6;274.5606;1647.3636
MMRAD-RSF-09;3;228.78;686.34
MMRAD-MUS4-15;1;236.5044;236.5044
CTS-IT-500;14;76.6618;1073.2652
MMRAD-GLF-94;5;144.7136;723.568
MMRAD-MK5-08;1;144.7136;144.7136
MMRAD-GLF-99;9;144.7218;1302.4962
MMRAD-BRZ-13;4;131.487;525.948
CTS-IT-280;19;69.7;1324.3
MMRAD-R35-09;2;225.4098;450.8196
MMRAD-MIA-99;6;103.3118;619.8708
MMRAD-RX8-04;6;126.7966;760.7796
MMRAD-240-89KA;3;111.4216;334.2648
MMRAD-CIV-02SI;1;114.4064;114.4064
MMRAD-INT-94;3;118.6868;356.0604
MMRAD-EVO-01;1;145.4352;145.4352
MMRAD-EVO-10;1;148.1576;148.1576
MMAI-350Z-03H;9;95.366;858.294
CTS-CC-MK6TSI;9;266.4918;2398.4262
MMTS-S4-00L;2;24.6492;49.2984
MMTS-E90-07;10;29.0772;290.772
MMTS-350Z-03L;5;24.64674;123.2337
MMTS-350Z-07;3;24.6492;73.9476
MMTS-WRX-01;4;28.7574;115.0296
MMTS-GTR-09;1;41.8364;41.8364
MMTS-BRZ-13;2;22.55;45.1
MMTS-RX8-04L;7;25.1412;175.9884
MMTS-RSX-02;1;24.6;24.6
MMTS-VR6-93L;3;24.641;73.923
MMTS-EVO-01;3;23.6898;71.0694
MMTS-FIST-14;4;24.6492;98.5968
CTS-CC-GOLFR;7;196.7918;1377.5426
CTS-CC-MK5FSI;4;213.1918;852.7672
MMDP-MUS4-15CAT;2;238.0952;476.1904
216EVOEOP-RB;12;37.597;451.164
216EVOOT-RB;5;22.55;112.75
216EVOWT-C;4;22.55;90.2
CTS-HS-150;8;12.3;98.4
CTS-IT-285;4;39.3518;157.4072
CTS-HW-003;4;29.5118;118.0472
CTS-SIL-NOISE;2;13.5218;27.0436
CTS-IT-600;8;69.7;557.6
CTS-IT-275;17;90.1918;1533.2606
CTS-IT-210;15;90.1918;1352.877
"CTS-HW-036 ARP";2;77.0718;154.1436
CTS-HW-0199;7;36.0718;252.5026
MMOC-E46-01;5;364.777;1823.885
FMMK5FMIC-BLA;6;393.30030722;2359.80184332
FMINT32;4;420.3198107;1681.2792428
FMINDST180;5;92.75513722;463.7756861
FMIND05;3;135.53109076;406.59327228
216EVOEGT;14;42.927;600.978
MMOC-MIA-99T;1;192.9624;192.9624
MMOC-EVO-08;2;268.7796;537.5592
MMBCC-N54-06CBE2;4;97.5144;390.0576
EVO9200;7;167.2718;1170.9026
EVO300E;8;174.6272;1397.0176
MMBCC-FIST-14PBE;4;87.8712;351.4848
MMBCC-FOST-13PBE2;2;91.6596;183.3192
MMBCC-MUS4-15PBE;4;74.9234;299.6936
MMBCC-BRZ-13PBE;5;89.6506;448.253
MMBCC-STI-08SBE;1;201.146;201.146
MMHOSE-MIA-90HHBK;2;28.5606;57.1212
MMHOSE-MIA-94HHBK;2;31.21822;62.43644
216BFWAWTSM;32;17.712;566.784
216BFWAVOSM;20;16.236;324.72
216BFWGEBOSM;4;24.887;99.548
216BFWGOPSM;6;21.894;131.364
216BFWGOTSM;6;19.065;114.39
MMHOSE-R35-09BK;1;43.0336;43.0336
FMBGFK3;4;24.9797379;99.9189516
FMDVRMR;2;83.10812996;166.21625992
MMRAD-K20-EK;1;145.2384;145.2384
MMRAD-K20-EG;2;130.4128;260.8256
FMDVCS14A;3;79.65925096;238.97775288
CTS-HW-028;7;45.0918;315.6426
CTS-HW-049;1;14.7518;14.7518
JSK-118;1;213.45604828;213.45604828
S-RE/T/1;1;1424.4712;1424.4712
E-BM/T/3;1;1266.0554;1266.0554
TP-CT/26;1;903.4432;903.4432
M-BM/T/8H;1;2014.0758;2014.0758
FMINTRM-BLA;1;268.45088742;268.45088742
CTS-EXH-DP-0007;3;360.7918;1082.3754
FMINTRS3-BLA;1;695.9837822;695.9837822
FMINT2TTRS;1;695.9837822;695.9837822
FMINTTTS;1;338.88685054;338.88685054
FMINT135F20;1;386.45181892;386.45181892
FMINTBM;1;362.89104838;362.89104838
FMINTR56;1;327.77160622;327.77160622
MMFS-S2K-00;2;85.3128;170.6256
MMFS-MIA-90;4;104.9026;419.6104
MMFS-MIA-99;3;96.9076;290.7228
MMFS-RX8-04;2;96.9076;193.8152
PF04;77;109.06;8397.62
CTS-EXH-DP-0008;1;135.3;135.3
SES1987TT;7;779.4756;5456.3292
Evo1102;9;354.7976;3193.1784
SES9001TT;2;550.589;1101.178
10.127.100K;9;153.3154;1379.8386
MMEXH-WRX-15;2;499.872;999.744
MMRAD-FIST-14K;1;257.4226;257.4226
MMRAD-FOST-13;1;221.9904;221.9904
CTS-HW-0133;1;72.1518;72.1518
MMBCC-RS-16PBE2;3;99.4414;298.3242
AC-200-OSA;27;13.817;373.059
MMTS-GTI-99;4;24.6492;98.5968
CTS-HW-118;2;22.1318;44.2636
TTE80;1;54.571;54.571
CTS-HW-046;8;59.0318;472.2544
FMMD1;2;67.992186;135.984372
CTS-CPA-001;7;28.7;200.9
EVO1801;2;164.9758;329.9516
SES1230TT;3;614.016;1842.048
EVO2001;4;167.2718;669.0872
FMMD2;1;57.8918975;57.8918975
MMFS-CIV-92;3;71.2908;213.8724
MMFS-WRX-01P;3;130.2078;390.6234
MMFS-S14-95SR;2;94.9724;189.9448
MMFS-EVO-01;4;96.9076;387.6304
MMFS-B4-90;3;96.9076;290.7228
MMFS-BRZ-13P;2;135.3328;270.6656
MMFS-240-89KA;5;96.9076;484.538
MMEXH-MUS4-15;2;444.4154;888.8308
FMCCRADS53T;2;482.84306;965.68612
MMFS-STI-08P;2;105.8784;211.7568
MMFS-350Z-03;2;95.6284;191.2568
MMFS-EVO-10;1;96.9076;96.9076
FMBGFK4;2;22.42756744;44.85513488
FMMD3;1;74.68301126;74.68301126
VWR12G6GT;5;160.75717716;803.7858858
VWR12G7R600ITINLET;80;67.7951072;5423.608576
MMOP-TPS;16;29.1674;466.6784
005001005;3;398.6266;1195.8798
VWR12L0CR;2;244.69303808;489.38607616
VWR12G60R;8;238.23870738;1905.90965904
FMSCPS53T;4;103.42695424;413.70781696
FMDVV4010-POL;2;63.51849724;127.03699448
VWR160001;78;58.10868418;4532.47736604
VWR31G5GT;3;117.6560436;352.9681308
VWR31G60R;2;117.6560436;235.3120872
VWR31G7GT;21;105.929855;2224.526955
VWR31G70R;9;105.929855;953.368695
VWR31S000;5;117.6560436;588.280218
VWR19G701;11;32.28150744;355.09658184
VWR19G702;15;32.28150744;484.2226116
VWR12P0GT;2;173.02533246;346.05066492
VWR1230S3;7;251.14736878;1758.03158146
11002BK;409;1.9762;808.2658
MMGP-RS-16BK;3;39.7044;119.1132
VWR11G502;4;32.28150744;129.12602976
VWR11G503;2;32.28150744;64.56301488
VWR11P1GT;3;48.96422786;146.89268358
VWR11P0GT;3;55.74373858;167.23121574
VWR11G501;3;32.28150744;96.84452232
VWR11G701;3;38.73583814;116.20751442
VWR1140S4;2;59.50794366;119.01588732
VWR12PRWRC;2;411.58921986;823.17843972
VWR12G6K03;1;225.32019204;225.32019204
FMBGFK7;2;20.47648732;40.95297464
VWR69G7KIT;10;71.01734558;710.1734558
VWR15G503;5;111.21156684;556.0578342
VWR15G502;1;172.71000638;172.71000638
VWR15G501;2;172.71000638;345.42001276
MMTS-240-89KA;4;24.6492;98.5968
MMSTB-FIST-14TB;1;72.8242;72.8242
748354027150;2;89.6506;179.3012
MMSK-TUE-16;2;27.388;54.776
MMSK-RKST;1;34.2022;34.2022
MMSK-PGR-BK;3;39.3354;118.0062
MMSK-FSB;2;27.06;54.12
MMSK-CF;2;21.771;43.542
216EVOBO;8;29.602;236.816
216BFWABOSM;42;13.366;561.372
216BFWAFPSM;5;22.55;112.75
VWR13G700;47;316.3607437;14868.9549539
VWR13G700RFK;50;32.28150744;1614.075372
MMGRT-215;7;14.8994;104.2958
MMGRT-235;2;28.1916;56.3832
FMINTMK7-BLA;1;354.9881885;354.9881885
TTE780;2;2555.981;5111.962
CTS-EXH-CB-0007.0;2;393.5918;787.1836
CTS-EXH-CB-0002;2;368.9918;737.9836
CTS-EXH-CB-0008;1;442.7918;442.7918
AC-200-HS;52;7.79;405.08
CTS-EXH-CB-0001;1;344.3918;344.3918
CTS-EXH-CB-0003;2;479.6918;959.3836
CTS-EXH-CB-0015;1;688.7918;688.7918
CTS-EXH-CB-0017;1;270.5918;270.5918
FMDV7;1;197.19704728;197.19704728
AC-200-FD;19;11.89;225.91
FMCCRAD7;1;652.78410924;652.78410924
FMTUBL1;3;37.96723082;113.90169246
FMRMCLMP;1;18.45642962;18.45642962
FMSBCVXR;4;23.36369174;93.45476696
FMBGFK11;4;25.33447974;101.33791896
VWR15G703;1;161.4075372;161.4075372
FMWBSCI-BLA;2;58.83787574;117.67575148
FMVAG5QS;3;63.66630634;190.99891902
FMBP135F20;3;177.75522366;533.26567098
CTS-IT-300R;5;135.2918;676.459
FMSS2;1;57.33022292;57.33022292
FMBGKS53T;1;27.86694232;27.86694232
FMBGMCS;2;18.25935082;36.51870164
FMBPVXA;1;20.8410831;20.8410831
FMBPVRM;2;20.85093704;41.70187408
FMBSMP18T;2;146.36057082;292.72114164
FMWS11BB;4;30.9413716;123.7654864
JSK-111-70;5;76.84102412;384.2051206
JSK-110;2;125.3421168;250.6842336
FMOCRS4;1;577.3423446;577.3423446
JSK-115-BOLT;1;132.77198756;132.77198756
JSK-115-TWIST;1;156.677646;156.677646
JSK-103;4;72.5742681;290.2970724
JSK-103-80;10;72.5742681;725.742681
CK-003;13;10.9378734;142.1923542
MMAF-REOIL-RD;11;8.7904;96.6944
CTS-IT-310;2;82;164
FMKT135F20;5;56.59117742;282.9558871
VWR31G70RW;6;105.929855;635.57913
VWR610360GUN;8;195.12771988;1561.02175904
VWR610360SVR;4;195.12771988;780.51087952
ACCLAMP3;31;0.9266;28.7246
ACCLAMP275;32;0.9266;29.6512
VWR12G7R600FO;32;48.42226116;1549.51235712
FMAUTB2;4;178.63222432;714.52889728
FMRCAM;1;176.385526;176.385526
FMDV6A;1;172.50307364;172.50307364
FMDVST180R;2;120.58266378;241.16532756
FMDVCS14R;1;81.2457353;81.2457353
VWR19G706;16;34.97163306;559.54612896
VWR19G704;6;32.28150744;193.68904464
FMDVF20R;3;93.84892456;281.54677368
FMDVR56A;5;114.83781676;574.1890838
FMDVR60R;2;100.35252496;200.70504992
FMDVF20A;4;78.83152;315.32608
FMDVMCS;1;36.99169076;36.99169076
VWR12P0GT-FO;3;65.036004;195.108012
FMDVR60A;2;120.58266378;241.16532756
10.127.101K;21;153.3154;3219.6234
10.127.203K;20;153.3154;3066.308
CTS-MM-TAI-3;3;18.0318;54.0954
FMINDK40;1;403.99183212;403.99183212
VIB-1559;105;0.287;30.135
FMCTMK6;5;204.5185247;1022.5926235
CTS-HW-0091;11;76.6618;843.2798
CTS-HW-0092;2;90.1918;180.3836
VWR30G500;2;201.43424148;402.86848296
DI-BM/CA/1;1;626.1028;626.1028
L3P3AC7X;2;185.0084;370.0168
U3P3ZC25;4;232.5684;930.2736
EVE-E46-INT;2;456.576;913.152
EVE-RS5-INT;3;1193.1;3579.3
EVE-N55V2-CF-INT;5;646.488;3232.44
EVE-E60V2-CF-INT;1;713.4;713.4
EVE-F10M5-INT;1;1038.12;1038.12
EVE-FLC;15;13.776;206.64
EVE-151-G2-FTR;13;41.82;543.66
EVE-661-G2-FTR;9;41.82;376.38
AC-200-BT;1;8.2;8.2
RPF-1806;1;18.12139566;18.12139566
RPF-1813;1;18.12139566;18.12139566
RPF-1866;1;19.5108012;19.5108012
RPF-3115;3;17.25424894;51.76274682
RPF-3129;9;21.26480252;191.38322268
RPF-1929;3;37.96723082;113.90169246
RPF-1721;1;19.5108012;19.5108012
RPF-1566;4;17.25424894;69.01699576
RPF-1512;5;21.26480252;106.3240126
RPF-1747;3;19.5108012;58.5324036
RPF-1869;5;37.96723082;189.8361541
RPF-1846;1;17.25424894;17.25424894
RPF-1557;3;17.25424894;51.76274682
RPF-1992;3;17.25424894;51.76274682
RPF-1251;1;17.244395;17.244395
VWR13G500;2;227.32054186;454.64108372
VWR19G703;8;37.66175868;301.29406944
DP-BM/SS/3;2;826.765;1653.53
FMVWQS;7;53.36893904;373.58257328
238SMBO270-PK;5;33.538;167.69
238SMOT270-C;3;23.288;69.864
238SMOP270-PK;5;40.631;203.155
216BFWGBOSM;8;14.719;117.752
CTS-DP-IK1;15;6.15;92.25
VWR180000;59;5.912364;348.829476
ATINTVAG28;2;448.56120274;897.12240548
ATINTVAG18;2;541.26707026;1082.53414052
ATINTVAG15;4;311.26625672;1245.06502688
ATINTVAG12;7;356.32832434;2494.29827038
ATINTVAG11;5;268.89431472;1344.4715736
ATINTVAG6;3;311.26625672;933.79877016
ATINTVAG8;2;311.32538036;622.65076072
ATINTMINI01;4;199.049588;796.198352
ATINTMINI05;2;282.32523494;564.65046988
ATINTMAZ02;1;427.19786082;427.19786082
ATINTMAZ01;3;256.09404666;768.28213998
ATINTFO25;4;142.55694998;570.22779992
ATINTFO26;2;313.12865138;626.25730276
ATINTFO12;3;238.958045;716.874135
ATINTFO44;3;306.32943278;918.98829834
ATINTFO22;2;236.55368364;473.10736728
ATINTREN5-BK;3;310.56662698;931.69988094
ATINTREN3;2;313.77901142;627.55802284
ATINTREN1;1;239.51971958;239.51971958
ATINTVAG7;1;339.3696936;339.3696936
EVE-C7RS6-CF-INT;8;1101.096;8808.768
VWR12G7CUP;2;196.27077692;392.54155384
JSK-104;2;70.49508676;140.99017352
001422.999502;7;353.3544;2473.4808
613182.654150;20;37.1952;743.904
002352.999505;3;376.6014;1129.8042
FMBGFK12;2;23.78741116;47.57482232
001394.999502;8;353.3544;2826.8352
FMDVK04S;4;79.65925096;318.63700384
CTS-EXH-DP-0001-FSI;4;164;656
CTS-TM-MK56-60D;11;49.2;541.2
CTS-EXH-TP-0007;8;67.6418;541.1344
CTS-IT-180;2;135.2918;270.5836
CTS-EM-MK456-4-60D;9;49.2;442.8
GTHSB-5;349;1.107;386.343
EVE-E9X-CF-INT;3;407.3678;1222.1034
EVE-B58-CF-INT;3;609.096;1827.288
AC-180-CPA;64;12.3;787.2
420103485B;236;5.74;1354.64
ASAF;5420;0.2542;1377.764
CTS-AF-275;8;19.6718;157.3744
CTS-EXH-DP-0019;3;293.1418;879.4254
MMICP-RS-16HWBK;2;85.8048;171.6096
FMINDK20;3;123.26293546;369.78880638
VWR12P1GT;2;193.0386846;386.0773692
AC-200-TP;28;24.6;688.8
001939.001707;1;323.3916;323.3916
MMBCC-N55-11CBE;9;102.1228;919.1052
MMTS-MIA-99;3;24.641;73.923
MMTS-MIA-90L;1;14.2106;14.2106
MMTS-MB62-08L;2;24.641;49.282
001394.999505;1;376.6014;376.6014
002352.999502;6;353.3544;2120.1264
001394.999998;2;345.6054;691.2108
001394.001735;3;365.2362;1095.7086
999760.999985;1;328.041;328.041
001394.999529;1;317.34;317.34
001243.999978;2;367.8192;735.6384
001243.999533;1;374.535;374.535
000827.999980;1;381.7674;381.7674
001422.999505;2;368.8524;737.7048
EVE-S1-CF-INT;8;299.628;2397.024
AC-FI7-RU;2;18.86;37.72
FMMK7DP-BLA;2;133.01833606;266.03667212
AC-200-PCVCC;51;9.84;501.84
JS-090-BK;5;37.96723082;189.8361541
AC-MK7-RU;2;19.68;39.36
210001074;1;177.0216;177.0216
FMSCPS53TIK;1;86.14314348;86.14314348
EVE-8VRS3-CF-LHD-INT;3;810.3158;2430.9474
AC-RX8-RU;7;23.78;166.46
AC-GR-FU;10;24.6;246
ATMSFO71;3;67.34182596;202.02547788
883089.000034;3;726.3396;2179.0188
ATINTMB02;1;248.37841164;248.37841164
PF05;28;118.9;3329.2
883089.000035;2;755.7858;1511.5716
CTS-EM-MK45-6-60D;5;49.2;246
CTS-TM-MK4-60D;9;49.2;442.8
CTS-HW-0150;2;27.0518;54.1036
AC-RX8-FU;5;23.78;118.9
ATINTVAG19;2;424.89203886;849.78407772
EVE-FK8-CF-INT;1;678.96;678.96
FMDV13A-POL;2;107.92035088;215.84070176
FMTUBL2;2;46.71752954;93.43505908
FMCT4;2;164.62977558;329.25955116
FMTIA1;3;88.0449539;264.1348617
FMDV13R-POL;1;87.42415568;87.42415568
216BFWGFPSM;8;23.903;191.224
PSHUDOBDII-2;3;41;123
999789.999508;1;363.1698;363.1698
001267.001683;1;318.7422;318.7422
CTS-EXH-DP-0017;3;270.5918;811.7754
CTS-EXH-DP-0015;1;245.9918;245.9918
CTS-EXH-DP-0003;1;270.5918;270.5918
CTS-SIL-0070;2;32.8;65.6
FMDVF500A-SILVER;1;112.32506206;112.32506206
EVE-E9X-CF-ARB;1;280.932;280.932
VWR1130RS;8;35.51359976;284.10879808
VWR1141S4;3;64.56301488;193.68904464
VWR30G700;3;255.0199672;765.0599016
EVE-F8xM-PF;7;56.088;392.616
MMTS-TC-05L;3;24.6492;73.9476
MMBCC-MS3-07PBE2;2;91.4136;182.8272
MMBCC-370Z-09PBE;2;186.4106;372.8212
MMBCC-350Z-03PBE;6;140.3266;841.9596
MMICP-FOST-13CBK;2;52.2504;104.5008
MMICP-FOST-13HP;2;67.4532;134.9064
MMAI-CTR-17;1;214.7334;214.7334
FMCC1;1;916.41642;916.41642
CTS-TM-MQB-60D;7;49.2;344.4
VWR814100;1;209.82979836;209.82979836
FMCTMK7;6;197.2758788;1183.6552728
001423.000685;2;338.373;676.746
CTS-IT-255R;13;155.7918;2025.2934
CTS-EXH-TP-0008;1;67.6418;67.6418
CTS-HW-0243;4;39.3518;157.4072
CTS-HW-0242;9;31.5618;284.0562
CTS-HW-0248;6;39.3518;236.1108
CTS-EXH-DP-0010;2;248.0418;496.0836
AC-27-DP;1;118.9;118.9
AC-18-DP;1;63.96;63.96
AC-N54-DP;1;102.5;102.5
AC-200R-DP;11;61.5;676.5
P3ABS;3;38.048;114.144
VWR18G700;20;284.07923626;5681.5847252
FMCCRAD8;1;399.89259308;399.89259308
FMCCRAD9;1;533.76822192;533.76822192
FMHFIP1;2;150.5682032;301.1364064
1K0253144BD;60;4.018;241.08
VWR3130RS;10;105.929855;1059.29855
VWR3141S4;2;127.10597206;254.21194412
06J103600AFKIT;13;11.234;146.042
SVAGX005;2;301.4402;602.8804
SHDX014;2;292.1742;584.3484
SAUX045;2;370.3612;740.7224
SAUX074;1;301.432;301.432
SVWX036;3;287.082;861.246
KTA253;7;188.34820916;1318.43746412
SFDX066;2;233.2162;466.4324
SFDX071;3;243.3924;730.1772
SFDX087;2;340.9478;681.8956
SMNX010;2;340.9478;681.8956
SVWX020;1;282.408;282.408
SVWX039;1;570.679;570.679
SRNX023;2;163.4014;326.8028
SRNPX027;2;301.4812;602.9624
EVE-B9S5-CF-INT;3;678.96;2036.88
ILFR7H;85;8.4706;720.001
IZKR7B;70;6.1746;432.222
FMTUBL4;3;75.32351736;225.97055208
SVWX051;1;310.7718;310.7718
SFTC006;8;117.916;943.328
SAUC045;5;224.0404;1120.202
SVWC052;2;136.0954;272.1908
U5014;209;15.8178;3305.9202
SVAGC005;2;158.5224;317.0448
SAUC040;1;166.7716;166.7716
SAUC075;3;175.111;525.333
SAUC074;2;166.8208;333.6416
SAUC077;2;382.899;765.798
SBMC066;3;109.7488;329.2464
SBMC067;4;109.7488;438.9952
SBMC074;2;211.9782;423.9564
SBMC068;4;145.837;583.348
SBMC075;1;199.096;199.096
SFDC073;6;87.3136;523.8816
SFDP066;6;126.1816;757.0896
SFDC071;1;145.837;145.837
SFDC082;2;97.0634;194.1268
SHDC014;2;162.1222;324.2444
883089.000047;1;770.2506;770.2506
883089.000046;1;726.3396;726.3396
SRNPC027;1;165.353;165.353
SRNC022;2;85.3538;170.7076
SVWC042;3;158.5224;475.5672
SVXC062;2;134.1356;268.2712
SVWX043;2;316.5528;633.1056
034-108-3008;2;51.66;103.32
BKR8EIX;209;6.5764;1374.4676
034-509-4000;2;45.838;91.676
034-1ZZ-0001;6;134.316;805.896
SVWC039;1;287.7708;287.7708
FMTUBL5;3;57.2021217;171.6063651
FMINT12;2;424.212117;848.424234
FMOC10;1;323.78076052;323.78076052
CTS-HW-308;8;73.7918;590.3344
CTS-TM-AUDI2-50D;1;34.85;34.85
CTS-EM-B567-50D;3;38.95;116.85
CTS-HW-0225;5;18.0318;90.159
FMCT3;5;202.26197244;1011.3098622
883089.000135A;1;739.2546;739.2546
883089.000126;4;724.2732;2897.0928
SSTS009;2;365.3346;730.6692
SRNC026;4;77.5556;310.2224
034-108-1005;5;351.78;1758.9
034-108-1011;5;198.03;990.15
SVWC043;5;170.2238;851.119
R7437-8;132;25.338;3344.616
R7437-9;157;26.3138;4131.2666
CTS-AF-270;2;20.4918;40.9836
KDT952;7;16.98819256;118.91734792
JSK-122-BK-TI;4;219.3487044;877.3948176
SBMB050;2;259.2758;518.5516
WSK-NIS002;3;94.597824;283.793472
BBF38Z;1;85.37453616;85.37453616
BBF15Z;2;85.37453616;170.74907232
BHF78Z;4;87.700066;350.800264
BHF97Z;4;89.68070794;358.72283176
BMF49Z;2;77.60963144;155.21926288
BMF54Z;5;73.71732514;368.5866257
BMF67Z;2;86.3205144;172.6410288
BMF65Z;5;96.53905018;482.6952509
BMF63Z;1;66.9575223;66.9575223
BNF33Z;3;89.68070794;269.04212382
BNF41Z;1;89.68070794;89.68070794
BSF45XZ;3;93.96717184;281.90151552
BWF22Z;1;93.96717184;93.96717184
BMF58X;2;105.12183192;210.24366384
BMF48;2;76.80160836;153.60321672
BBR38Z;3;81.08807226;243.26421678
883089.000127;2;754.7526;1509.5052
BHR97Z;3;74.88009006;224.64027018
BHR87Z;3;105.12183192;315.36549576
BMR65XXZ;2;105.12183192;210.24366384
PLFR5A;24;5.4284;130.2816
SBMC050;2;145.8452;291.6904
BMR81Z;4;68.21882662;272.87530648
BMR77Z;1;72.50529052;72.50529052
BMR94Z;5;111.12288138;555.6144069
BMR92Z;3;85.37453616;256.12360848
BMR96Z;3;85.37453616;256.12360848
BNR30Z;2;81.08807226;162.17614452
SAUC030;7;85.362;597.534
BNR37Z;2;85.37453616;170.74907232
BNR36XZ;1;85.37453616;85.37453616
BSR53Z;3;76.80160836;230.40482508
BWR25XZ;2;93.96717184;187.93434368
SFD073;2;243.3924;486.7848
BKR7EIX;114;6.3468;723.5352
SAUS030C;1;436.4368;436.4368
ATINTMAZ05;2;225.29063022;450.58126044
ATINTFO20;8;188.61426554;1508.91412432
ATMSFO25;1;322.64755742;322.64755742
KBR39;1;55.34958098;55.34958098
034-101-3066;7;17.589;123.123
KTA255;4;160.89513232;643.58052928
KLC167A;19;53.63499542;1019.06491298
KLC173;2;53.62514148;107.25028296
KLC142;7;53.63499542;375.44496794
KLC204;5;55.60578342;278.0289171
KLC217;3;53.63499542;160.90498626
KLC205;7;53.34923116;373.44461812
KLC102;5;53.63499542;268.1749771
KLC110;3;53.62514148;160.87542444
KLC140-335;2;53.63499542;107.26999084
KLC106;5;53.63499542;268.1749771
KLC172;2;53.63499542;107.26999084
KLC202;12;53.63499542;643.61994504
KLC182;1;53.63499542;53.63499542
KLC139;1;55.34958098;55.34958098
KLC144;30;48.74744118;1462.4232354
KLC141;17;51.31931952;872.42843184
KLC163;10;53.63499542;536.3499542
KLC150;6;49.2697;295.6182
SBMB062;2;371.1566;742.3132
KDT926;6;19.39255392;116.35532352
KTA107;2;102.54995358;205.09990716
KCA395;2;81.08807226;162.17614452
SRNS026;1;243.3883;243.3883
BNR20XZ;6;81.08807226;486.52843356
BWF19XZ;7;85.37453616;597.62175312
SAU044;1;534.2054;534.2054
BWR20XZ;5;85.37453616;426.8726808
W13204;2;8.49409628;16.98819256
W13203;5;7.08498286;35.4249143
KDT925;4;22.18121894;88.72487576
KDT924;2;38.61759086;77.23518172
KBR38;3;29.34503332;88.03509996
FMCCRAD6;2;391.09302466;782.18604932
SFDC066;8;72.3404;578.7232
SAUC054;3;111.7004;335.1012
SAUP044;1;194.627;194.627
KLC198;7;53.63499542;375.44496794
KLC140-295;2;53.63499542;107.26999084
SVXC060;4;97.5472;390.1888
SVXC059;2;102.4344;204.8688
BHR67Z;3;81.08807226;243.26421678
BHF50Z;3;81.08807226;243.26421678
BFF96Z;1;85.37453616;85.37453616
BFR78Z;1;85.37453616;85.37453616
CTS-HW-216-AWD;6;39.3518;236.1108
CTS-HW-216-FWD;3;39.3518;118.0554
MMTS-EVO-10L;3;24.1654;72.4962
IKR9J8;100;7.093;709.3
WHT005184;28;1.148;32.144
AC-200-DVBO;53;2.05;108.65
SRNC023;1;36.5884;36.5884
WSK-VWN002;2;68.21882662;136.43765324
BHF96Z;1;83.66980454;83.66980454
BHR96;3;115.41919922;346.25759766
BNF42Z;5;85.37453616;426.8726808
BNF19Z;2;87.14824536;174.29649072
BNR11XXZ;2;85.37453616;170.74907232
BBF43;6;68.21882662;409.31295972
BBR44;4;81.08807226;324.35228904
BFR80;2;92.25258628;184.50517256
BHR75Z;3;93.96717184;281.90151552
BHR84Z;2;81.08807226;162.17614452
BSR37Z;3;76.80160836;230.40482508
BSR20XZ;7;85.37453616;597.62175312
BAF13;5;76.80160836;384.0080418
BWR22XZ;8;85.37453616;682.99628928
CTS-IT-260;2;121.7618;243.5236
KLC154;8;55.34958098;442.79664784
KLC26;5;45.328124;226.64062
KLC30;1;49.33867758;49.33867758
EVE-M2C-CF-INT;3;974.16;2922.48
SAUC036;2;104.5254;209.0508
SAUX036;1;231.7976;231.7976
MMEXH-MUS8-15XP;2;98.195;196.39
MMFS-E36-92P;4;108.0924;432.3696
L3P3AB9X;2;185.0084;370.0168
L3P3VPO5;3;185.0084;555.0252
U3P3ZC63;4;185.0084;740.0336
KCA472;12;85.37453616;1024.49443392
FMDV20-BLA;8;98.77589456;790.20715648
HP-180;4;91.53324866;366.13299464
EVE-F9XM5M8-CF-INT;4;1030.74;4122.96
AC-MQB-IC;96;150.88;14484.48
BWF20XZ;3;75.7767986;227.3303958
BWR21XZ;6;85.37453616;512.24721696
VWR150000;8;53.79265846;430.34126768
VWR120000;52;17.75679988;923.35359376
SMBC004;2;188.9526;377.9052
WSK-VWN005;1;68.21882662;68.21882662
BFF95Z;1;111.04404986;111.04404986
BFR68Z;1;103.68315668;103.68315668
BMF55Z;2;87.14824536;174.29649072
KLC174;2;53.63499542;107.26999084
BMR84Z;1;82.25083718;82.25083718
KLC179;1;55.34958098;55.34958098
WSK-VWN006;3;68.21882662;204.65647986
WSK-FRD010;2;64.35608214;128.71216428
WSK-SUB006;2;56.55176166;113.10352332
EVE-N55-PF;11;39.852;438.372
EVE-E46-PF;4;26.568;106.272
216EVOEFP-RB;6;38.458;230.748
216EVOVO-RB;6;21.853;131.118
CTS-SIL-0019;2;29.5118;59.0236
CTS-EXH-TP-0004-B8;1;106.5918;106.5918
MMEXH-MUS8-15HP;5;98.1868;490.934
VWR12P1GTIS38;4;136.5756084;546.3024336
034-108-1015;5;477.035;2385.175
034-108-1014;2;501.02;1002.04
034-108-1020;2;369.369;738.738
AC-MK7-MD;7;13.94;97.58
FMINT15;2;373.62198904;747.24397808
EVE-E9X-CF-PLM;1;1101.096;1101.096
BWF18Z;2;76.80160836;153.60321672
FMOC7;1;328.4810899;328.4810899
BHF52;1;85.37453616;85.37453616
WSK-FRD004;2;68.34692784;136.69385568
BSR33Z;2;76.80160836;153.60321672
BSF48Z;2;87.2566387;174.5132774
BHR83XZ;1;85.37453616;85.37453616
BHR98Z;4;68.21882662;272.87530648
WSK-HYU001;2;94.43030702;188.86061404
WSK-HON017;2;113.69475972;227.38951944
KLC221;2;53.63499542;107.26999084
BMF73;1;85.37453616;85.37453616
KLC218;2;49.2697;98.5394
KCA471;2;53.63499542;107.26999084
WSK-FRD006;5;99.7218728;498.609364
WSK-MB001;1;70.5542104;70.5542104
WSK-SUB007;3;97.12043264;291.36129792
WSK-OPL003;2;62.45427172;124.90854344
BWR19Z;1;76.80160836;76.80160836
BWR23Z;5;85.37453616;426.8726808
KCA470;3;54.28535546;162.85606638
KDT911;2;34.92236336;69.84472672
KDT928;2;12.9579311;25.9158622
KSB652;2;66.50424106;133.00848212
KTA228;1;129.83551344;129.83551344
KTA147B;2;128.32786062;256.65572124
KTA260;7;88.27159452;617.90116164
WSK-REN002;1;68.34692784;68.34692784
BMF23Z;1;85.37453616;85.37453616
BRF13Z;2;83.66980454;167.33960908
BRR13Z;4;72.15054868;288.60219472
034-145-A028-BLK;3;45.838;137.514
FMPK383;2;79.28480124;158.56960248
BHF48;2;85.37453616;170.74907232
KSB551;1;63.04550812;63.04550812
KSB520;2;53.64484936;107.28969872
BMF57Z;2;85.37453616;170.74907232
BMR88Z;3;85.37453616;256.12360848
MMBCC-MUS8-15PBE;5;91.66124;458.3062
EVE-F8XM-CF-ENG;1;351.288;351.288
BWF21XZ;3;95.06095918;285.18287754
BWR24Z;1;85.37453616;85.37453616
KCA362;3;93.96717184;281.90151552
VWR17G7R600;28;25.82717674;723.16094872
FMSS3;2;58.75904422;117.51808844
SHDC015;3;117.916;353.748
SHDX015;1;225.049;225.049
ILZKAR8H8S;40;11.2258;449.032
KLC185;3;53.62514148;160.87542444
KLC151;14;53.62514148;750.75198072
MMINT-MK7-15;3;373.551;1120.653
KLC32;1;51.06311708;51.06311708
SRNC031;6;113.652;681.912
W93189;3;17.46118168;52.38354504
VWR81G700;1;215.64362296;215.64362296
VWR12A1S1;4;209.18929226;836.75716904
VWR180001;24;25.82717674;619.85224176
MMICP-EVO-10UBK;2;99.4742;198.9484
ATINTFO42;3;176.67129026;530.01387078
KSR202;2;15.09623608;30.19247216
FMCTMK5;1;219.58519896;219.58519896
BMR72Z;2;81.08807226;162.17614452
BTF81Z;3;76.80160836;230.40482508
BTR84Z;2;76.79175442;153.58350884
KLC180-335;2;53.63499542;107.26999084
WSK-MAZ002;1;62.20792322;62.20792322
KTA229;2;115.06445738;230.12891476
WA402;5;26.9012562;134.506281
W52988;2;23.6001863;47.2003726
W52991;6;25.95527796;155.73166776
SES9200;2;677.9022;1355.8044
W83389;3;36.35118466;109.05355398
W52992;3;16.98819256;50.96457768
KCA434;2;27.84723444;55.69446888
KSR210;5;15.01740456;75.0870228
W0509;5;20.2991164;101.495582
KCA416;2;14.16011178;28.32022356
S-BM/T/3H;1;2855.896;2855.896
CTS-IT-258;7;76.6618;536.6326
CTS-IT-259;6;83.6318;501.7908
BMR78XZ;3;82.25083718;246.75251154
BMF51X;5;66.9575223;334.7876115
EVE-ST38V8S-CF-INT;11;843.288;9276.168
EVE-TRB8V8S-FLG-STK;6;23.124;138.744
EVE-TRB8V8S-LHD-NIL;11;280.932;3090.252
EVE-C63S-CF-INT;3;1335.288;4005.864
FMCCRAD11;1;475.41318924;475.41318924
SES3078ICPBLK;9;248.2796;2234.5164
FMINDK20-RF;1;27.38409926;27.38409926
FMTUBL6;2;107.94005876;215.88011752
BHF98Z;4;76.80160836;307.20643344
X-1056-BB;10;32.0128;320.128
EVO9204;6;172.3312;1033.9872
SES1898ICP;4;186.1154;744.4616
SP1129WB;5;174.4468;872.234
SP3080BLK;1;176.6116;176.6116
CTS-SIL-B8-ITKIT;3;98.3918;295.1754
999698.999954;1;315.6426;315.6426
999792.999954;1;330.1074;330.1074
400001004;2;1112.7892;2225.5784
KLC180-295;3;53.63499542;160.90498626
500001031;1;1028.444;1028.444
SRNC032;1;123.123;123.123
E-BM/T/5;3;1427.948;4283.844
ATINTVAG4;1;225.29063022;225.29063022
ATINTVAG13;1;296.44593096;296.44593096
FMBP3;1;220.01877232;220.01877232
043151.000388;2;32.5458;65.0916
SILZKFR8D7S;73;5.494;401.062
BKR6E-11;16;1.4514;23.2224
EVE-ST38V8S-CF-HDP;1;384.252;384.252
KSB731;3;53.53645602;160.60936806
SAU048SYS;2;853.087;1706.174
SVWP054;9;65.8214;592.3926
IFR7X8G;102;9.8236;1002.0072
MMODP-1415B;18;6.4944;116.8992
MMODP-2015B;5;6.4944;32.472
VWR12PRWRCFO;2;46.86533864;93.73067728
PFR8S8EG;80;7.1832;574.656
PFR7B;28;7.4866;209.6248
PFR7W-TG;20;7.585;151.7
LFR6AIX-11;12;6.3304;75.9648
JSK-116-BK;4;145.15839014;580.63356056
AC-27-TI;14;56.58;792.12
AC-N54-IC;12;113.98;1367.76
EVE-B9RS5-CF-INT;1;772.9238;772.9238
06F129717D;23;1.476;33.948
06F253039F;52;0.902;46.904
DILKAR7B11;46;10.0204;460.9384
VWR69000BF1;22;7.52841016;165.62502352
CTS-IT-288;3;135.3;405.9
EVE-A90-CF-ENG;3;280.44;841.32
EVE-A90-CF-INT;4;655.836;2623.344
MMTS-MUS8-11;3;24.6492;73.9476
ATINTP&C6;3;296.38680732;889.16042196
ATINTP&C7;2;311.20713308;622.41426616
ATINTVAG35;3;437.03209294;1311.09627882
ATIKMAZ01;5;125.12533012;625.6266506
CTS-IT-800;6;135.3;811.8
CTS-IT-910;10;77.8918;778.918
CTS-EXH-DP-0024-S;1;148.8218;148.8218
CTS-HW-0271;9;31.5618;284.0562
CTS-EXH-DP-0025;2;225.4918;450.9836
CTS-IT-340;1;135.2918;135.2918
SVWC058;1;188.9526;188.9526
SVWX058;3;331.0176;993.0528
U3P3MX5D;2;189.7644;379.5288
216EVOFL-RB;5;22.386;111.93
AC-B82-DP;1;41;41
AC-18FW-DP;2;45.92;91.84
EVE-C63-FTR;2;56.088;112.176
KDT967;2;9.44007452;18.88014904
KLC180-115;3;44.07667362;132.23002086
SVWCS045;9;160.474;1444.266
FMTUBL7;3;45.21973066;135.65919198
FMBP5;1;197.0788;197.0788
FMTUBL8;2;141.54199416;283.08398832
883089.000148;1;687.078;687.078
FMDV6R;1;139.37412736;139.37412736
PPF-2044;4;37.92781506;151.71126024
PPF-9787;3;25.28521004;75.85563012
RPF-2050;3;18.12139566;54.36418698
PPF-2102;4;25.28521004;101.14084016
PPF-1816;2;25.28521004;50.57042008
PPF-2047;5;25.28521004;126.4260502
PPF-1905;2;25.28521004;50.57042008
FMTUBL9;2;112.99512998;225.99025996
FMEC1;1;206.93274;206.93274
MMRAD-SPY-00;2;128.5022;257.0044
MMRAD-MUS8-15;1;258.8084;258.8084
MMRAD-CTR-17S;4;217.8986;871.5944
MMBCC-STNGR-18PBE;1;86.9364;86.9364
KCA361;3;75.07716886;225.23150658
KCA467;2;141.6503875;283.300775
W53619;2;11.332031;22.664062
X-1015-BB;3;31.1518;93.4554
AC-VAG-ODP;225;2.255;507.375
AC-MQB-FD;9;11.48;103.32
AC-500-QS;8;6.97;55.76
CTS-TB-B-4;1;49.2;49.2
CTS-FPK-002;3;245.9918;737.9754
CTS-IT-932;3;180.3918;541.1754
CTS-HW-310;2;40.5818;81.1636
SMZ008;1;309.2384;309.2384
SMNX011;6;194.6188;1167.7128
ATINTFO52;2;216.70784848;433.41569696
SRNS028;2;301.9158;603.8316
EVE-N55-ENG;2;354.24;708.48
SVXP062;3;106.8214;320.4642
SCNC014;12;62.9268;755.1216
PPF-2054;2;25.28521004;50.57042008
PPF-3129;3;25.28521004;75.85563012
VWR12G7R601FO;28;76.93956352;2154.30777856
CTS-HW-408;1;58.6218;58.6218
CTS-HW-040;2;63.9518;127.9036
CTS-EXH-DP-0039;1;405.8918;405.8918
KCA430;3;37.28730896;111.86192688
KCA334;2;53.63499542;107.26999084
ATINTBMW2;1;296.44593096;296.44593096
ATINTBMW4;4;282.33508888;1129.34035552
FMOC11-BLA;2;297.27366192;594.54732384
VWR1241S4;2;503.59545764;1007.19091528
VWR19G707;4;32.28150744;129.12602976
VWR12G7R602;5;228.55228436;1142.7614218
VWR12UPITINLET;15;52.93536568;794.0304852
VWR11UPGT;3;43.36718994;130.10156982
VWR19G711;1;43.04200992;43.04200992
VWR14G700;4;419.65959672;1678.63838688
PKR7A;12;7.6096;91.3152
RE8C-L;16;15.9408;255.0528
RE9B-T;18;17.3512;312.3216
RC-ZE81;1;38.4908;38.4908
MMRA-LC;15;8.6592;129.888
BH-198;3;29.56182;88.68546
CLK-2;16;15.3721464;245.9543424
BH-273;5;44.34273;221.71365
BH-279;4;36.6566568;146.6266272
BH-330;3;47.298912;141.896736
BH-326;1;47.298912;47.298912
BH-262ST;5;34.2917112;171.458556
JC60/S2000;2;34.37054272;68.74108544
COASRMR26;1;156.677646;156.677646
COASRM250;3;121.203462;363.610386
COASFST16T3;2;155.18970106;310.37940212
AB65HCTR;1;251.27547;251.27547
STAB76A50014T;2;241.42153;482.84306
AB80SFRS2;1;295.6182;295.6182
WB-407;1;21.7279377;21.7279377
HMP-914;3;68.74108544;206.22325632
HMP-936;3;68.74108544;206.22325632
HMP-457;3;68.74108544;206.22325632
WB-235;1;39.17926544;39.17926544
WB-446;2;21.7279377;43.4558754
WB-432;3;24.51660272;73.54980816
WB-280;1;39.17926544;39.17926544
BH-305;3;82.773096;248.319288
WB-427;12;24.51660272;294.19923264
WB-358;4;24.51660272;98.06641088
HMP-244;2;34.37054272;68.74108544
WB-301;4;21.7279377;86.9117508
WB-336;3;21.7279377;65.1838131
HMP-363;3;34.37054272;103.11162816
HMP-424;2;34.37054272;68.74108544
HMP-526;8;38.430366;307.442928
HMP-592;4;34.37054272;137.48217088
HMP-712;8;38.430366;307.442928
WB-243;3;54.3937488;163.1812464
WB-288;2;54.3937488;108.7874976
WB-567;5;24.51660272;122.5830136
WB-352;2;44.34273;88.68546
WB-429;4;49.0233515;196.093406
WB-750;4;26.97023378;107.88093512
WB-665;4;26.98008772;107.92035088
WB-586;3;26.98008772;80.94026316
WB-607;3;24.51660272;73.54980816
WB-576;4;26.98008772;107.92035088
WB-568;3;24.51660272;73.54980816
WB-547;3;24.51660272;73.54980816
WB-544;6;24.51660272;147.09961632
WB-257;2;24.51660272;49.03320544
WB-482;2;19.58963272;39.17926544
WB-447;4;21.7279377;86.9117508
WB-439;4;26.98008772;107.92035088
WB-412;3;21.7279377;65.1838131
WB-402;2;19.58963272;39.17926544
WB-394;4;34.2917112;137.1668448
WB-370;4;21.7279377;86.9117508
WB-350;4;19.58963272;78.35853088
WB-341;3;24.51660272;73.54980816
WB-293;2;21.7279377;43.4558754
WB-287;3;24.51660272;73.54980816
HMP-929;2;34.37054272;68.74108544
HMP-921;2;34.37054272;68.74108544
HMP-895;2;44.34273;88.68546
HMP-347-2;3;68.74108544;206.22325632
WB-384;5;21.7279377;108.6396885
WB-232;3;19.58963272;58.76889816
WB-520;2;24.51660272;49.03320544
WB-308;4;21.7279377;86.9117508
WB-298;2;19.58963272;39.17926544
WB-271;2;19.58963272;39.17926544
CTS-TR-1050;4;799.4918;3197.9672
CTS-HW-361;2;39.3518;78.7036
CTS-F8X-HX;2;204.9918;409.9836
CTS-IT-291;2;98.3918;196.7836
CTS-SIL-083;1;34.4318;34.4318
CTS-HW-250;3;171.3718;514.1154
W0508;4;17.9341708;71.7366832
EVE-A90-CF-HDP;1;378.348;378.348
KSB659;1;87.95626844;87.95626844
W63491;2;8.13935444;16.27870888
KCA477;3;54.47258032;163.41774096
VWR29G7250;5;338.95582812;1694.7791406
WB-206;2;24.50674878;49.01349756
HMP-369;3;34.37054272;103.11162816
WB-285;4;19.58963272;78.35853088
SFDP091;1;55.5386;55.5386
CTS-EXH-CB-0019;1;590.3918;590.3918
9-309-1009-2;2;170.478;340.956
U5093;16;34.6614;554.5824
ILZTR6A8G;44;5.1906;228.3864
ILFR6B;75;5.8794;440.955
KDT973;7;135.15664104;946.09648728
KCA403;2;72.50529052;145.01058104
KTA281;2;113.69475972;227.38951944
MMBCC-F80-15CBE;2;127.7724;255.5448
MMICP-F80-15;4;170.0844;680.3376
EVE-FK2V3-CF-CHG;3;327.18;981.54
AC-FIST7-BAD;57;13.94;794.58
AC-200-EVAP;69;3.69;254.61
SHYC103;3;127.387;382.161
SMBP006;1;128.7236;128.7236
WB-513;4;38.430366;153.721464
HMP-943;3;68.74108544;206.22325632
CTS-IT-290R;3;135.2918;405.8754
PPF-1744;5;25.28521004;126.4260502
MMHE-F80-15;2;258.956;517.912
EVE-FK8-CF-CHG;1;327.18;327.18
06F129101P;21;7.544;158.424
MMOC-F80-15;2;241.2932;482.5864
TTEIS38;1;1074.4132;1074.4132
BBF44Z;5;115.41919922;577.0959961
BBR44Z;3;98.25363574;294.76090722
EVE-FK8FK2-ENG;3;234.192;702.576
AC-AU-04BK;60;6.56;393.6
BTR99Z;2;78.42750846;156.85501692
BTF99Z;2;85.37453616;170.74907232
KCA476;5;220.17643536;1100.8821768
KCA478;4;220.17643536;880.70574144
MMOC-MUS8-15T-SL;4;283.4658;1133.8632
VWR120001;16;3.23209232;51.71347712
ATMSFO108;10;57.72438052;577.2438052
FMDV27A;2;172.50307364;345.00614728
R7438-9;214;24.9526;5339.8564
9-307-1059;14;85.239;1193.346
10.127.101TK;33;6.15;202.95
F2360P+F2361P;2;479.8968;959.7936
KT4006;4;419.2988;1677.1952
ALP.19.02.0001-1;1;439.4954;439.4954
ALP.07.04.0023-1;1;412.6076;412.6076
KT4042;3;490.4174;1471.2522
KT4021;2;343.662;687.324
KT4016;3;634.352;1903.056
KT4013;1;427.4824;427.4824
KT4041;1;619.7396;619.7396
KT4002;1;427.4824;427.4824
KT4008;3;369.1148;1107.3444
KT4014;1;427.4824;427.4824
KT4026;1;505.2594;505.2594
KT4025;4;397.659;1590.636
ATIKFO21;8;101.03244682;808.25957456
KT4019;2;499.3226;998.6452
KT4040;2;525.7922;1051.5844
KT4007;2;397.659;795.318
F2428P+F2429P;2;495.0996;990.1992
EVE-S55-CF-CHG;6;388.68;2332.08
CTS-TR-1000;5;426.3918;2131.959
CTS-IT-341;3;117.2518;351.7554
CTS-IT-349;1;132.8318;132.8318
CTS-IT-348;2;135.2918;270.5836
AC-200K03-MD;7;17.22;120.54
P3BTAP1;1;28.536;28.536
P3BTAP2;2;28.536;57.072
FMINDK33;1;202.72510762;202.72510762
FMCT6;1;242.43648582;242.43648582
058198025A;26;2.009;52.234
06K103213A;31;3.69;114.39
058253039L;55;0.697;38.335
06L115441;123;0.779;95.817
06F103483D;10;2.05;20.5
1J0121407E;9;4.1;36.9
AC-200-HPFP;6;206.6154;1239.6924
ATMSFO104;6;24.41806332;146.50837992
MMRAD-CTR-17;2;236.1682;472.3364
EVE-RS4-CF-SLM;2;398.028;796.056
EVE-RS5-CF-ENG;1;374.904;374.904
EVE-B58F-CF-ENG;2;304.548;609.096
EVE-N55-M2-ENG;2;398.52;797.04
03K906051;34;4.018;136.612
CTS-IT-312;6;58.6218;351.7308
CTS-IT-292;3;90.1918;270.5754
VWR12P1GTFO;3;48.42226116;145.26678348
FMCT5-BLA;3;256.31083334;768.93250002
034-605-0022;2;72.16;144.32
034-401-1006;5;266.5;1332.5
034-145-A059;2;92.742;185.484
20VW36502X;2;1027.747;2055.494
EVE-F4XB48-CF-INT;2;609.096;1218.192
EVE-JCWGP3-INT;3;758.664;2275.992
KT9902;1;615;615
1K0121407A;2;3.28;6.56
2Q0121321A;14;1.968;27.552
AC-211-CFA;88;3.28;288.64
FMBP4;2;103.24958332;206.49916664
U5020;59;17.1052;1009.2068
HMP-954;5;38.430366;192.15183
EVE-W210-FTR;5;46.74;233.7
EVE-15144-G2-FTR;4;29.028;116.112
ILTR6A-8G;28;8.5444;239.2432
MS100204;420;52.1028;21883.176
MMTC-F80-15;4;181.31102;725.24408
CTS-TR-1050-OG;4;737.9918;2951.9672
CTS-TR-1070;3;737.9918;2213.9754
CTS-EXH-TP-0012;2;295.1918;590.3836
FMDV26A;7;88.68546;620.79822
DILKAR7C9H;92;8.2902;762.6984
PFR7Z-TG;20;5.7318;114.636
VWR13G700-SERV;19;14.84988758;282.14786402
AC-OPC-DP;12;34.44;413.28
"THE-B5 005 00";2;127.92;255.84
"THE-B5 037RE";1;137.596;137.596
MMAF-4007;2;20.869;41.738
MMICP-STNGR-18F;1;79.0152;79.0152
MMODP-12125B;3;6.4944;19.4832
VWR670006;20;80.7037686;1614.075372
VWR670004;5;64.56301488;322.8150744
U5055;228;13.8826;3165.2328
VWR670007;12;40.3518843;484.2226116
AC-200-VRA;40;4.92;196.8
BM5G9448AE;22;4.92;108.24
078198025;20;2.706;54.12
022103483E;13;4.92;63.96
06L253039C;47;2.87;134.89
078253039G;29;1.476;42.804
1928404687;1;16.81;16.81
06D998907;36;0.861;30.996
JSK-108;4;117.51808844;470.07235376
SR-233;4;93.52374454;374.09497816
JSK-141;3;170.77863414;512.33590242
PPF-9795;3;25.28521004;75.85563012
1K0253144AE;15;3.28;49.2
MMBCC-MUS8-18PBE;3;85.4522;256.3566
034-101-3051;5;11.193;55.965
WB-514;3;26.98008772;80.94026316
SHD0395-1P-BK;3;9.84;29.52
SMA0001-1P-BK;2;9.84;19.68
SMA0002-1C-BK;1;18.2204;18.2204
26052-CLU-BK;3;9.348;28.044
SSU1000-1P-BK;2;9.84;19.68
L3P3A8SX;1;189.7644;189.7644
L-ME/SS/3;1;417.4046;417.4046
S-ME/T/1H;1;2665.8364;2665.8364
WHT005185;32;2.87;91.84
MMAF-3005S;3;18.04;54.12
ALP.19.05.0001-2;1;491.9672;491.9672
ALP.19.09.0001-2;3;797.8354;2393.5062
AMS.21.08.0001-1;1;439.4872;439.4872
BMR74Z;2;87.95626844;175.91253688
KCA428;4;93.96717184;375.86868736
KDT974;3;99.21932186;297.65796558
KDT976;3;122.71111482;368.13334446
KLC233;4;53.63499542;214.53998168
KLC140-395;3;53.63499542;160.90498626
KDT969;2;25.48228884;50.96457768
VWR12UPGTCOMP;3;238.23870738;714.71612214
"THE-B5 025 00";2;72.16;144.32
AC-WS-15-FK;13;11.6768;151.7984
"THE-B5 014 00";1;649.44;649.44
KTA282;3;118.3458194;355.0374582
WA302R+L;6;84.3497264;506.0983584
WSK-FRD011;2;132.57490876;265.14981752
D018-A001;2;37.937669;75.875338
D014-A001;2;28.44832478;56.89664956
R01-10-2;4;41;164
R02-10-2;3;41;123
R07-10-2;3;41;123
R12-10-1;4;36.9;147.6
R13-10-2;9;41;369
R09-10-2;5;36.9;184.5
R03-10-2;3;32.8;98.4
R04-10-2;8;32.8;262.4
R05-10-2;10;32.8;328
EVE-F8XM-CF-SBC;1;515.124;515.124
L3P3MIEX;2;185.0084;370.0168
L3P3BG2X;1;185.0084;185.0084
L3P3BG3X;2;185.0084;370.0168
033CV17144;1;399.0202;399.0202
039DD21131;1;266.0162;266.0162
043DQ14144;4;266.0162;1064.0648
343PE16144;2;332.5264;665.0528
R-VW-004-HR;2;264.696;529.392
R-FIA-003-I;3;256.332;768.996
R-AUD-010-I-5;4;362.604;1450.416
ILZKBR7B8G;142;5.8794;834.8748
VWR810000;37;11.30246918;418.19135966
AC-FA20-OSA;8;10.045;80.36
883089.000151;1;668.4804;668.4804
001243.999532;2;355.9374;711.8748
EVE-A35-CF-INT;4;609.096;2436.384
EVE-A35-CF-CHG;4;351.288;1405.152
034-106-3039;9;266.5;2398.5
034-1ZZ-1004;1;173.225;173.225
034-1ZZ-0009;1;186.55;186.55
034-108-1040;2;370.435;740.87
CTS-IT-277;4;103.7218;414.8872
VWR180002;16;14.19952754;227.19244064
058129717D;14;1.066;14.924
06K129717A;8;1.476;11.808
079133074B;13;3.28;42.64
1J0253115A;10;1.066;10.66
8K0253115K;2;1.64;3.28
11127565286;63;3.321;209.223
AC-200-CP;1;7.38;7.38
AC-MK7-CP;14;7.38;103.32
06J998907A;11;0.861;9.471
T50-10-1;5;26.7156;133.578
PPF-1198;1;25.28521004;25.28521004
PPF-9933;2;25.28521004;50.57042008
PPF-9822;4;50.58027402;202.32109608
SBMP082;4;94.6444;378.5776
MMTC-SUP-20;2;293.0434;586.0868
MMSBH-F80-15;3;194.668;584.004
"THE-8J 003 02";2;16.4;32.8
KT4033;1;401.308;401.308
KT4048;2;546.0626;1092.1252
VWR12G7R600OS;27;14.84988758;400.94696466
VWR620005MM;3;56.49263802;169.47791406
VWR180003;10;14.19952754;141.9952754
VWR31G8GT;11;105.929855;1165.228405
SFDX089;1;272.7648;272.7648
WB-512;2;24.51660272;49.03320544
KLC140-255;4;53.63499542;214.53998168
KDT975;1;132.10191964;132.10191964
MMAI-SUP-20;2;199.7028;399.4056
CI100033-B;2;117.6454;235.2908
MS100137;7;114.7754;803.4278
MS100110;13;22.9354;298.1602
044DW21143;6;265.1962;1591.1772
MMRAD-SUP-20;2;349.6152;699.2304
MMRAD-SUP-20A;2;256.9798;513.9596
9-307-1060;14;85.239;1193.346
9-441-0901;1;130.339;130.339
AC-45-BT;9;12.054;108.486
AC-B48-BT;3;11.111;33.333
AC-MK7-TI;23;28.7;660.1
AC-MK7-TO;1;31.16;31.16
7-502;2;78.228;156.456
7-400;2;65.19;130.38
7-404;2;83.148;166.296
7-402;1;78.228;78.228
7-500;1;88.068;88.068
6-01-G;6;14.268;85.608
AC-200-LMI;1;12.3;12.3
KLC242;3;55.45797432;166.37392296
BTF102Z;2;79.19611578;158.39223156
BTR102Z;3;71.99288564;215.97865692
FOFI8STCNC-SD1B;1;94.8986;94.8986
CTS-CRI-14422;3;319.7918;959.3754
CTS-BV-0009-3;6;112.7418;676.4508
VWR3131S3;1;105.929855;105.929855
011EM16134;3;212.1586;636.4758
ATINTHYU1;2;274.15631868;548.31263736
VWR190000;6;51.65435348;309.92612088
ARMABM87M2-A;3;586.3;1758.9
ARMAHDATYR-A;1;545.71;545.71
ARMATYPFK8-A;2;496.1;992.2
ARMAADS5B9-A;2;545.71;1091.42
ARMAAUDIS4-A;2;535.788;1071.576
EVE-GR4-CF-INT;6;639.6;3837.6
VWR680004;2;403.518843;807.037686
VWR680014;2;302.64405922;605.28811844
034-402-4005;1;103.935;103.935
MS100112;13;22.9354;298.1602
CI100038;4;573.9754;2295.9016
CI100038-B;9;195.1354;1756.2186
CI100039-B;10;88.9454;889.454
PPF-9856;4;25.28521004;101.14084016
PPF-9998;4;25.28521004;101.14084016
PPF-9774;2;25.28521004;50.57042008
ARMAAD0RS6-A;1;694.54;694.54
ARMAMZDMX5-A;1;287.738;287.738
ARMATYFT86-A;2;383.76;767.52
ARMABZA450G-A;6;543.66;3261.96
ARMABZA450S-A;2;322.26;644.52
ARMABZA250S;3;486.178;1458.534
ARMAGOLF6R-A;1;419.84;419.84
ARMABM8235-A;3;444.235;1332.705
ARMABMW335-A;2;443.784;887.568
ARMAFDMK40-A;2;253.011;506.022
ARMAMINR60-A;3;302.58;907.74
ARMABM82M4-A;1;989.74;989.74
ARMAAD0RS3-A;3;619.92;1859.76
ARMAAD08VA-A;2;619.92;1239.84
CTS-IT-820;2;90.1918;180.3836
CS57-AR60016;1;35.916;35.916
CS57-AR60046;1;33.62;33.62
CS57-AR60022;1;31.16;31.16
CS57-AR60037;2;37.392;74.784
CS57-AR60038;3;78.72;236.16
CS57-AR60019;3;33.456;100.368
CS57-AR60009;3;34.44;103.32
CS57-AR60010;3;34.44;103.32
ARMAFDFIST-A;3;171.38;514.14
ARMAFDMK30;2;171.38;342.76
ARMAGOLF7G-A;5;491.139;2455.695
CG85-02-0023;9;159.08;1431.72
1CCVW08F02;2;109.142;218.284
ARMAAD0RS4-1;2;72.16;144.32
ES-311366;11;27.212274;299.335014
SD-3312759S;3;74.077857;222.233571
ES-315086;8;21.165102;169.320816
ES-361074;7;27.212274;190.485918
ES-325248;4;21.165102;84.660408
MMRAD-MK7-15;5;296.8318;1484.159
MMRAD-MK7-15A;1;250.12009;250.12009
MMINT-MK6-06;2;338.1106;676.2212
MMBCC-S4-18PBE;2;155.67167;311.34334
MMRAD-MIA-06;4;163.4752;653.9008
ES-361077;4;27.212274;108.849096
ES-325499;5;21.165102;105.82551
ES-351122;4;27.212274;108.849096
ES-355042;3;21.165102;63.495306
ES-351186;8;27.212274;217.698192
ES-355194;7;21.165102;148.155714
ES-351268;5;27.212274;136.06137
ES-355270;4;21.165102;84.660408
ES-351301;12;27.212274;326.547288
ES-351255;5;27.212274;136.06137
ES-355257;4;21.165102;84.660408
ES-331140;4;27.212274;108.849096
ES-335036;5;21.165102;105.82551
ES-335112;3;18.141516;54.424548
ES-341225;3;27.212274;81.636822
ES-335233;2;27.212274;54.424548
ES-335161;6;27.212274;163.273644
ES-331120;4;27.212274;108.849096
ES-325198;5;21.165102;105.82551
ES-321310;4;27.212274;108.849096
ES-321262;4;27.212274;108.849096
ES-331167;2;24.188688;48.377376
ES-325469;3;21.165102;63.495306
ES-321467;2;27.212274;54.424548
SD-3352538;3;67.022823;201.068469
SD-3311001;9;105.82551;952.42959
SD-3355038;4;70.55034;282.20136
SD-3315007;3;88.187925;264.563775
SD-3355008;4;70.55034;282.20136
SD-3313061;2;77.605374;155.210748
SD-3355060;2;74.077857;148.155714
SD-3218172;4;81.132891;324.531564
SD-3252008;5;71.9613468;359.806734
SD-3218112;3;77.605374;232.816122
SD-3252010;4;71.9613468;287.8453872
SD-3252028;5;131.9291358;659.645679
SD-3212031;6;148.155714;888.934284
SD-3212037;2;95.242959;190.485918
SD-3252034;4;98.770476;395.081904
SD-3416003;3;116.0553093;348.1659279
AMS.21.09.0002-1;3;61.4672;184.4016
AMS.21.09.0003-1;1;106.5754;106.5754
ALP.07.07.0010-1;1;1377.5918;1377.5918
BSR20XXXZ;1;85.37453616;85.37453616
BBF46;5;91.94711414;459.7355707
SD-3456004;3;95.242959;285.728877
SD-3416053;2;158.738265;317.47653
SD-3456054;2;144.628197;289.256394
SD-3118264;2;80.0746359;160.1492718
SD-3158900;2;77.605374;155.210748
SD-3617001;3;74.077857;222.233571
SD-3657010;3;74.077857;222.233571
SD-3617003;4;119.935578;479.742312
SD-3657012;2;102.297993;204.595986
WSK-TOY002;6;84.251187;505.507122
SD-3617023;3;109.353027;328.059081
SD-3657014;1;102.297993;102.297993
SD-3512802;4;80.0716716;320.2866864
SD-3552803;4;80.0716716;320.2866864
SD-3513005;3;74.077857;222.233571
SD-3552805;2;59.967789;119.935578
SD-3513099;3;80.0716716;240.2150148
SD-3551535;3;74.077857;222.233571
369928C;1;1093.7078;1093.7078
SD-3513145;4;74.077857;296.311428
SD-3553070;4;88.187925;352.7517
SD-3513149;6;104.0617515;624.370509
SD-3553084;3;92.0652294;276.1956882
MMTS-F80-15;4;48.1504;192.6016
MMTS-CTR-17;3;26.6746;80.0238
SD-3519301;3;102.297993;306.893979
SD-3513007;3;98.770476;296.311428
SD-3559302;5;81.132891;405.664455
Z-9910017;11;119.935578;1319.291358
Z-3250001;10;77.605374;776.05374
ILZKAR7A10;56;5.8138;325.5728
Z-321467;3;77.605374;232.816122
Z-325469;3;70.55034;211.65102
ATINTYGR1;3;284.50295568;853.50886704
AC-IS-TB;101;20.91;2111.91
Z-335161;7;70.55034;493.85238
Z-335233;8;70.55034;564.40272
Z-325499;10;70.55034;705.5034
Z-345227;2;70.55034;141.10068
Z-361074;6;77.605374;465.632244
Z-325248;3;70.55034;211.65102
Z-361077;4;77.605374;310.421496
FS-38034B24R/25L;3;282.20136;846.60408
FMMD5;4;56.7586944;227.0347776
034-504-Z013;5;133.25;666.25
6-1002-FRB;22;63.468;1396.296
R-BMW-018-I;6;429.065;2574.39
R-AUD-001-I;6;295.692;1774.152
005EA14139;2;212.1586;424.3172
028CF19151;1;239.4154;239.4154
FS-39033B44R/45L;2;338.641632;677.283264
FSBS40034B26R/27L;1;698.448366;698.448366
FP3325137;6;194.013435;1164.08061
FP-3355132;4;109.353027;437.412108
EVE-ST38V8S-CF-ENG;5;280.932;1404.66
P3PSEN;2;30.914;61.828
KT9954;1;805.896;805.896
STAB122XLI30N;1;165.546192;165.546192
FMMD6;4;64.99658824;259.98635296
SES1230H;1;379.0204;379.0204
SES3078;2;454.0668;908.1336
SES3078TIP;10;63.1646;631.646
X-1030;15;10.168;152.52
TS-0203-1062;5;93.0536;465.268
CI100033-A;3;19.3766;58.1298
TS-0205-1016;1;129.1336;129.1336
MS100113;8;27.9128;223.3024
AC-S1-CF-IP;3;140.5152;421.5456
CI100033;5;176.7592;883.796
CI100037;9;286.9754;2582.7786
VWR140004;4;107.0630581;428.2522324
TS-0203-1025;1;151.6836;151.6836
TS-0215-1027;1;254.2;254.2
TS-0203-1009;3;81.9836;245.9508
TS-0203-1067;1;180.3754;180.3754
TS-0205-1010;2;127.1;254.2
TS-0203-1057;2;82.9266;165.8532
EVE-C8RS6-CF-INT;1;1303.8;1303.8
TS-0203-1257;4;75.85;303.4
TS-0203-1209;1;61.4836;61.4836
TS-0203-1262;4;84.0336;336.1344
TS-0203-1264;3;65.6;196.8
TS-0203-1081;3;88.15;264.45
TS-0203-1104;3;13.1036;39.3108
AU128;1;591.2364;591.2364
TS-0203-1263;1;86.0836;86.0836
TS-0203-1101;3;10.0696;30.2088
TS-0203-1266;1;79.95;79.95
TS-0203-2002;2;12.3;24.6
TS-0720-1004;4;15.0634;60.2536
A1000008;10;11.4554;114.554
TS-0622-9122;1;54.0708;54.0708
MS100086;2;48.4538;96.9076
CI100039;21;141.1712;2964.5952
TS-0720-1003;3;18.8436;56.5308
MS100198;2;500.5034;1001.0068
MS100016;2;647.4474;1294.8948
VWR17G8R600;43;25.82717674;1110.56859982
VWR190001;5;52.72843294;263.6421647
VWR160000;14;77.47167628;1084.60346792
SBMP083;2;107.1904;214.3808
SBMC083;2;150.2486;300.4972
SBMX083;1;298.89;298.89
TS-0720-1002;3;15.0634;45.1902
TS-0720-1007;1;16.4;16.4
TS-0402-1001;3;10.2336;30.7008
TS-0623-1073;1;77.8836;77.8836
VWR31G80R;3;105.929855;317.789565
VWR31P2GT;4;105.929855;423.71942
033CS17136;2;266.0162;532.0324
R-OPE-005-I;2;286.754;573.508
TS-0402-1004;2;8.4952;16.9904
TS-0402-1005;2;8.4952;16.9904
TS-0402-1014;2;8.4952;16.9904
TS-0402-1006;4;11.6686;46.6744
TS-0402-1013;2;12.2836;24.5672
VWR54G5COMP;3;262.88341132;788.65023396
TS-0645-4052;2;77.8836;155.7672
TS-0645-3052;3;77.8836;233.6508
TS-0302-1002;3;140.63;421.89
SAUC092;2;378.3726;756.7452
SAUP087;1;137.9732;137.9732
STYP009;6;127.0016;762.0096
ATINTBMW7;2;268.88446078;537.76892156
ATRADBMW1;1;307.80752378;307.80752378
KLC157;10;53.63499542;536.3499542
KCA417;4;14.16011178;56.64044712
KLC175;2;53.63499542;107.26999084
KTA138A;2;102.30360508;204.60721016
TS-0223-1066;2;94.2836;188.5672
TS-0223-1078;1;90.1836;90.1836
TS-0223-1266;1;84.0336;84.0336
TS-0622-5072;3;77.9;233.7
CTS-EXH-DP-0026;2;737.9918;1475.9836
CTS-HW-450;7;73.7918;516.5426
CTS-IGN-006;190;15.9818;3036.542
CTS-IGN-007;220;21.3118;4688.596
CTS-SUS-2002;2;67.6418;135.2836
MMTB-CTR-17;2;90.1918;180.3836
MMTB-SUP-20;7;99.9826;699.8782
MMTB-MUS4-15;2;92.6846;185.3692
MMTB-FOST-13;3;92.6846;278.0538
MMTB-N54-07;4;134.9884;539.9536
AC-MK7-FPT;33;2.624;86.592
AC-UNI-WD;180;2.87;516.6
A1000004;20;3.4194;68.388
MS100195;57;54.2184;3090.4488
CI100037-A;5;177.9154;889.577
MS100180;2;176.7592;353.5184
ARMABM90M5-A;1;798.68;798.68
ARMAMIM135-A;2;570.515;1141.03
ARMABM3034-A;3;546.12;1638.36
ARMABMWF30-A;1;546.12;546.12
ARMAMSTG50-A;2;287.738;575.476
ARMAFDMSTG-A;1;287.738;287.738
CG85-02-0002;6;158.752;952.512
300001009;1;518.7976;518.7976
ALP.07.13.0002-1;1;104.5172;104.5172
ALP.07.06.0001-1;1;45.8872;45.8872
ALP.07.03.0014-1;1;122.9754;122.9754
AMS.04.05.0001-1;2;304.1954;608.3908
VWR810002;22;38.09533204;838.09730488
VWR29DQ381;5;354.4462218;1772.231109
VWR130006;17;27.4432229;466.5347893
"THE-8J 002 00";1;479.536;479.536
R-BMW-019-I;5;429.065;2145.325
06D115562;22;1.23;27.06
AC-200-EM;8;13.284;106.272
03H971921;650;3.936;2558.4
R17-10-2;2;41;82
AC-180-EM;56;13.284;743.904
ATIKYGR01;2;174.01072646;348.02145292
ATMSYGR02;2;149.62222496;299.24444992
ATMSYGR04;6;228.10885706;1368.65314236
S-TY/T/2;3;1687.7322;5063.1966
E-TY/SS/3;3;268.5008;805.5024
SMA0600-1P-BK;3;9.84;29.52
STY0014-1C-BK;1;18.2204;18.2204
ATINTFO55;2;268.03702194;536.07404388
U5099;46;35.3338;1625.3548
TS-0223-1091;3;90.1836;270.5508
TS-0801-1002;3;47.15;141.45
TS-0645-2052;5;66.625;333.125
MMSBH-RX8-04K;3;211.7486;635.2458
FMINDK31;5;161.62432388;808.1216194
ATMSFK802;1;229.66577958;229.66577958
ATINTHON03;1;339.6160421;339.6160421
ATMSYGR05;8;36.59753316;292.78026528
MS100210;271;35.2436;9551.0156
GPST;84;0.82;68.88
AMS-00.06.0108-1;979;0.3444;337.1676
PPF-1826;3;25.28521004;75.85563012
RPF-1195;2;29.35488726;58.70977452
WSK-TOY001;2;97.28794962;194.57589924
BHF53Z;1;78.82166606;78.82166606
VWR12G7R600;5;209.17943832;1045.8971916
VWR12G7R600ITBLA;62;103.30870696;6405.13983152
PRK-148-BK;5;257.51301402;1287.5650701
PRK-144-BK;1;327.2000777;327.2000777
CTS-IGN-008;203;14.6534;2974.6402
VWR180004;29;18.0819799;524.3774171
VWR810003;4;129.12602976;516.50411904
WB-508;3;59.12364;177.37092
ITGYARISKITEVO;2;304.86119572;609.72239144
ATIKMINI04;1;213.86005982;213.86005982
VWR810004;3;96.84452232;290.53356696
VWR810009;12;27.11804288;325.41651456
CTS-F1x-M5M6-DF;3;491.9918;1475.9754
EVE-Vbadge;4;6.888;27.552
ATMSYGR06;5;159.60426618;798.0213309
ATMSYGR01;5;104.72767432;523.6383716
VWR120010;33;120.73047288;3984.10560504
VWR120003;20;120.73047288;2414.6094576
ILKR8E6;16;9.2168;147.4688
DILKAR8A8;48;15.2028;729.7344
AC-N54-TB;30;68.88;2066.4
BPR8EIX;12;6.1992;74.3904
R18-10-2;3;32.8;98.4
AC-MK7-GFH;15;13.12;196.8
MMOCF-BMW;7;27.9292;195.5044
CTS-HX-006;4;133.2418;532.9672
MMR17-0201;2;280.83729;561.67458
MMR17-0202;1;295.6182;295.6182
P3ESVA;3;40.426;121.278
PPF-1512;4;25.28521004;101.14084016
KCA510;11;93.14929482;1024.64224302
KTA285;7;160.3236038;1122.2652266
KTA286;4;100.89449166;403.57796664
AC-MK7-BT;60;9.84;590.4
AC-27-YH;13;26.2072;340.6936
EUPD6003411R;2;713.1868;1426.3736
MMAI-MK7-TI;2;64.7472;129.4944
AC-500-TB;75;17.8432;1338.24
AC-45-TB;63;33.4232;2105.6616
AC-200-TB;71;22.7632;1616.1872
EUPD3003713R;2;351.5504;703.1008
ATINTVAG41;2;594.80352628;1189.60705256
ATIKYGR02;2;332.54091318;665.08182636
ATIKNIS01;2;163.51628036;327.03256072
ILKAR7L11;8;10.4796;83.8368
MMHOSE-MK7-15RRBK;1;12.2918;12.2918
EUPD6003412R;1;772.6204;772.6204
CTS-HX-007;2;213.1918;426.3836
EUPD4004701R;2;393.3868;786.7736
EUPD4002102R;1;334.3468;334.3468
EUPD4002106R;2;339.2668;678.5336
EUPD4002112R;3;358.9468;1076.8404
EUPD4005001R;2;388.8604;777.7208
EUPD8002210R;1;688.5868;688.5868
EUPD6003401R;1;629.5468;629.5468
EUPD6002211R;1;516.3868;516.3868
EUPD6002210R;2;516.3868;1032.7736
EUPD5002115R;3;467.1868;1401.5604
EUPD4003601R;1;383.5468;383.5468
EUPD4003302R;1;559.4204;559.4204
EUPD4003211R;3;344.1868;1032.5604
EUPD2003301R;3;367.5404;1102.6212
EUPD4002711R;2;432.7468;865.4936
VWR190002;8;32.28150744;258.25205952
ALP.07.04.0028-2;3;119.8594;359.5782
CI100035-B;5;195.1354;975.677
AC-MK8-MD;81;21.73;1760.13
AC-S55-CHP;49;7.38;361.62
AC-BM-ODP;106;2.05;217.3
AC-27-DEL;24;5.33;127.92
PPF-9786;2;25.28521004;50.57042008
PPF-9772;1;50.58027402;50.58027402
RPF-2045;5;21.26480252;106.3240126
JSK-145-80C-BK;3;120.8585741;362.5757223
SP-27;30;8.774;263.22
CTS-A90-HX;2;270.5918;541.1836
ATMSYGR08;4;69.25349032;277.01396128
ATMSYGR07;2;74.96877552;149.93755104
ATMSREN8;6;70.92866012;425.57196072
ATMSREN7;6;70.91880618;425.51283708
DP-BM/SS/9;1;1168.1638;1168.1638
SFDX091;3;241.08;723.24
TS-0203-1022;1;77.8836;77.8836
ATIKHYU5;6;171.69505056;1030.17030336
ATMSHYU4;1;135.38328166;135.38328166
WB-323;5;24.51660272;122.5830136
VWR520000;2;90.38033768;180.76067536
VWRA10000;1;4.83828454;4.83828454
EUPD4002701R;1;427.8268;427.8268
EUPD4002704R;1;516.3868;516.3868
VWR150002;4;172.71000638;690.84002552
ALP.37.03.0004-2;1;127.92;127.92
ITGYARISSCOOP;1;197.0788;197.0788
RC-HE64;3;20.2704;60.8112
EVE-G8XMV2-CF-INT;4;1303.8;5215.2
ATIKBMW2;1;213.86005982;213.86005982
ATMSBMW5;2;155.16999318;310.33998636
ARMAGM82M4-A-3/4;1;712.58;712.58
ARMATYYAGR-A;2;319.8;639.6
1CCVW08F041-;4;94.3;377.2
1CCVW08F04;7;188.6;1320.2
ARMABG82M4-5;3;153.34;460.02
E-BM/T/12;1;1203.0302;1203.0302
TP-CT/69;2;1042.63;2085.26
S-BM/TI/33H;1;3270.857;3270.857
PFR7G-11S;24;7.4702;179.2848
EVE-E9X-CF-DCT;2;329.64;659.28
AC-200-PP;69;24.6;1697.4
SAUP090;1;62.689;62.689
WSK-SUB001;1;68.21882662;68.21882662
VWR680003;2;363.1669587;726.3339174
FMINLD1;4;211.06154086;844.24616344
FMDV34A;3;113.32031;339.96093
FMDV34R;3;97.14014052;291.42042156
E10-82-092-01-22;2;106.928;213.856
CI100035;4;286.9754;1147.9016
AMS.38.08.0002-1;1;2459.9918;2459.9918
AMS.38.08.0001-1;1;654.9422;654.9422
AMS.38.09.0001-1;1;215.2172;215.2172
AMS.38.02.0001-1;2;553.4672;1106.9344
AMS.38.14.0003-2;1;4243.4672;4243.4672
E10-42-052-03-22;3;106.928;320.784
E10-42-040-06-22;3;127.92;383.76
E10-35-047-07-22;2;81.344;162.688
E10-35-016-09-22;1;106.928;106.928
E10-35-016-05-22;2;84.296;168.592
E4043-140;1;114.8;114.8
CI100042;9;774.8754;6973.8786
E10-40-036-06-22;1;103.976;103.976
CI100043;3;717.4754;2152.4262
E10-40-011-01-22;1;82.656;82.656
E10-55-007-01-22;1;109.552;109.552
E10-35-023-08-22;2;93.808;187.616
E20-55-019-01-22;3;87.248;261.744
E5530-140;1;102.336;102.336
E10-25-036-05-22;2;150.224;300.448
E10-30-013-01-22;4;88.56;354.24
E10-70-009-01-22;1;75.768;75.768
E10-35-046-01-22;5;97.416;487.08
E10-55-013-03-22;2;85.936;171.872
E10-55-008-05-22;2;84.952;169.904
E10-82-043-01-22;2;94.136;188.272
E10-82-001-01-22;1;87.904;87.904
E10-15-004-03-22;1;90.528;90.528
E10-15-007-14-20;4;66.912;267.648
E10-15-022-02-22;2;124.312;248.624
E10-15-027-01-22;2;192.536;385.072
E1570-140;4;107.256;429.024
IFR7G-11KS;16;9.3726;149.9616
E10-15-009-01-22;2;99.384;198.768
E10-15-009-05-22;2;99.384;198.768
E20-15-021-06-22;9;119.72;1077.48
E10-20-031-09-22;1;121.032;121.032
E10-20-014-17-22;2;115.784;231.568
E10-20-001-02-22;2;108.896;217.792
E10-63-020-01-22;2;102.008;204.016
SBMP086;1;165.5498;165.5498
E10-75-020-05-22;1;114.472;114.472
E10-75-012-05-22;2;103.648;207.296
UR-TW2-3932;3;67.4286;202.2858
E10-75-003-15-22;3;102.336;307.008
E10-70-010-01-22;1;86.264;86.264
E20-65-013-02-22;3;80.36;241.08
E20-65-015-02-22;2;75.768;151.536
E20-81-003-02-22;1;79.376;79.376
E20-85-051-06-22;3;96.76;290.28
E20-85-051-05-22;3;113.16;339.48
E20-85-003-01-22;3;72.816;218.448
E20-15-021-02-22;12;106.928;1283.136
E20-15-021-05-22;1;110.536;110.536
UR-TW2-323;1;47.0926;47.0926
UR-TW2-340;2;47.1008;94.2016
UR-TW2-986;2;55.9076;111.8152
UR-TW4-786;2;67.4286;134.8572
UR-TW2-1345;3;55.9076;167.7228
E40-85-014-06-11;2;309.14;618.28
E40-15-021-04-11;4;378.43;1513.72
E40-20-031-03-11;2;215.168;430.336
UR-TW2-1715;4;49.979;199.916
UR-TW2-1796;5;47.1008;235.504
UR-TW2-3051;5;58.4496;292.248
UR-TW2-3109;4;49.979;199.916
UR-TW2-110;2;61.8362;123.6724
UR-TW2-729;1;49.979;49.979
UR-TW2-3212;2;55.9076;111.8152
UR-TW2-1289;2;49.979;99.958
UR-TW4-2741;2;66.0756;132.1512
UR-TW2-515;2;63.5336;127.0672
UR-TW4-2141P;2;67.4286;134.8572
UR-RE2-3933A;4;61.8362;247.3448
UR-TW2-1362;5;61.8362;309.181
UR-RE2-1157;1;43.706;43.706
UR-LA2-3677;2;33.5462;67.0924
UR-LA2-3052;4;33.5462;134.1848
UR-LA2-1347;2;39.811;79.622
UR-LA2-3208;5;33.5462;167.731
UR-LA2-1256;3;36.9328;110.7984
UR-LA2-2090;3;40.6556;121.9668
UR-LA2-1503;2;36.9328;73.8656
UR-LA2-1291;2;33.5462;67.0924
UR-LA2-853;3;52.521;157.563
UR-RL2-3935;2;50.4874;100.9748
UR-RL2-732;2;36.9328;73.8656
UR-RL2-1080;2;30.1514;60.3028
UR-RL2-422;2;33.5462;67.0924
UR-RL2-988;2;39.811;79.622
UR-RT2-3216;6;46.5924;279.5544
UR-RL2-1295;3;33.5462;100.6386
UR-RL2-301;3;33.5462;100.6386
UR-RL2-2146;2;32.1932;64.3864
UR-RL2-2614;3;39.811;119.433
UR-RL2-1370;2;37.269;74.538
UR-RL2-652;3;33.5462;100.6386
UR-RL2-791;1;33.5462;33.5462
UR-RL2-790;2;36.9328;73.8656
UR-RU4-2987;5;72.8488;364.244
UR-LA8-1257;7;84.3698;590.5886
UR-RL4-1259;9;72.8488;655.6392
UR-LA3-3524;4;50.4874;201.9496
UR-RE2-3934;3;39.811;119.433
UR-ROC4-1260A;4;86.4034;345.6136
UR-FD3-1456;1;67.4286;67.4286
UR-AR18-303;1;84.3698;84.3698
UR-AR19-378;1;89.0848;89.0848
UR-AF23-316;2;87.7564;175.5128
UR-AR23-361;1;101.5734;101.5734
ATMSYGR09;2;97.74123086;195.48246172
5w30;14;18.8846;264.3844
0W20;7;17.7202;124.0414
5W40;29;18.8846;547.6534
0W40;24;17.7202;425.2848
VWR030001-GAR;2;368.32056932;736.64113864
VWR030001-CONT;1;368.32056932;368.32056932
EVE-C8BMC-FTR;2;123.984;247.968
EUPD4003209R;1;344.1868;344.1868
EUPD4003001R;1;415.5104;415.5104
E10-85-043-02-22;2;113.488;226.976
E10-25-043-06-22;2;99.384;198.768
E10-35-020-02-22;3;84.952;254.856
E4023-140;1;100.368;100.368
E10-85-041-01-22;5;106.928;534.64
E10-85-040-01-22;2;68.552;137.104
E10-57-002-01-22;2;82.656;165.312
E20-81-016-04-22;4;90.2;360.8
E10-85-008-02-22;2;62.32;124.64
E10-85-024-02-22;1;81.344;81.344
E20-81-009-02-22;4;86.264;345.056
E10-81-010-05-22;3;79.704;239.112
EVE-ST38Y-CF-INT;13;843.288;10962.744
E10-15-007-04-22;1;73.8;73.8
E10-15-007-09-22;2;88.888;177.776
E10-15-007-08-22;1;88.888;88.888
E20-15-007-02-22;2;79.376;158.752
MS100219;271;29.3888;7964.3648
20W60;20;15.498;309.96
E40-15-021-01-11;6;310.739;1864.434
ZKER6A-10EG;6;3.0012;18.0072
216CLSDWAOT-R;16;25.256;404.096
216CLSDWAOP-R;20;40.59;811.8
216CLSDWABO-R;16;32.267;516.272
216CLSDWAWT-R;7;25.256;176.792
216CLSDWAFP-R;5;40.59;202.95
216CLSDWAEGT-R;6;47.642;285.852
216CLSDWAVO-R;18;22.714;408.852
UR-TW2-1534;5;55.9076;279.538
UR-TW2-3300;6;58.4496;350.6976
UR-TW2-2989;4;63.5336;254.1344
UR-FD3-947;1;72.8488;72.8488
UR-FD3-019;4;72.8488;291.3952
UR-FD3-1320;2;72.8488;145.6976
UR-RU2-679A;4;42.353;169.412
UR-RU2-946A;6;44.895;269.37
UR-RU2-858;3;39.811;119.433
EVE-RSQ3-CF-INT;7;843.288;5903.016
UR-RE2-065;4;47.1008;188.4032
ATMSHYU3;2;134.71321374;269.42642748
ATMSFO123;1;206.90317818;206.90317818
UR-RE2-2171;1;47.1008;47.1008
UR-RT2-3122;3;39.811;119.433
UR-LA4-299;1;52.521;52.521
UR-LA4-3053;3;55.9076;167.7228
UR-ML2-2261;1;47.0926;47.0926
LKR8AP;30;7.9212;237.636
DCPR8EKP;34;7.1504;243.1136
ML2-2884;3;80.9832;242.9496
UR-LA6-3012;2;82.1722;164.3444
UR-RE2-116A;2;52.521;105.042
UR-RL2-686;1;26.2564;26.2564
UR-RL8-3013;2;83.0168;166.0336
CTS-IT-825;2;171.3718;342.7436
CTS-IT-940;2;135.2918;270.5836
UR-ML2-1258;2;32.185;64.37
UR-RE2-2089;5;42.353;211.765
RE2-1891;3;47.1008;141.3024
UR-RE2-177;2;47.1008;94.2016
UR-RE2-2744;3;52.521;157.563
UR-RE2-1821;1;52.521;52.521
UR-RE2-1270;3;39.811;119.433
UR-TW2-2142;2;67.4286;134.8572
UR-RE4-1916;5;61.8362;309.181
UR-RE4-122;2;67.5024;135.0048
UR-RL2-945;1;26.2564;26.2564
UR-LA4-3718;3;55.9076;167.7228
URTW-RL4-3720;4;52.521;210.084
UR-RL2-3056;2;36.9328;73.8656
UR-ML2-3055;3;43.7142;131.1426
UR-ML2-1824;2;33.5462;67.0924
UR-RL2-3304;4;36.9328;147.7312
UR-RL3-3110;2;55.9076;111.8152
UR-LA5-1421;1;63.5336;63.5336
UR-RL4-1423;2;57.2606;114.5212
UR-ML4-3054;2;52.521;105.042
UR-RL4-1435;2;65.231;130.462
UR-LA4-2883;2;55.9076;111.8152
UR-LA4-1192;4;55.9076;223.6304
FMTIA8-STOCK;4;156.91414056;627.65656224
UR-LA4-147;3;55.9076;167.7228
UR-LA4-651;10;55.9076;559.076
UR-RL2-1273;2;38.1136;76.2272
UR-ML4-1193;3;52.521;157.563
UR-RE2-2758A;1;61.8362;61.8362
UR-ML2-2760;3;52.521;157.563
UR-RL2-3014;2;33.5462;67.0924
UR-RL2-3707;5;36.9328;184.664
UR-LA6-3705;4;78.7774;315.1096
UR-RL8-3706;5;86.4034;432.017
UR-RE2-2432A;5;57.2606;286.303
UR-TW2-1255;3;52.5128;157.5384
10W40-YT;4;7.3308;29.3232
420121321;135;8.036;1084.86
EVE-EA8884-GTI-INT;2;655.836;1311.672
R11-10-2;4;41;164
R15-10-2;3;51.66;154.98
ATINTKIA1;1;268.88446078;268.88446078
EVE-FX34M-PF;7;93.48;654.36
034-407-1006;1;146.575;146.575
TS-0740-1002;2;8.7986;17.5972
VWR610007;4;195.12771988;780.51087952
ATMSFO124;5;91.63178806;458.1589403
JSK-145-70-BK;1;102.42185236;102.42185236
MST-VW-MK888;2;297.43132496;594.86264992
ATINTHYU4;3;300.5944397;901.7833191
MST-BW-M3402;1;385.67335766;385.67335766
MST-FO-MK4017;2;196.57624906;393.15249812
E10-20-040-03-22;2;157.112;314.224
E10-20-043-07-22;2;182.368;364.736
E10-20-041-01-22;2;123;246
E10-20-011-06-22;2;129.888;259.776
E10-20-049-01-22;2;127.264;254.528
E10-20-049-06-22;2;120.376;240.752
E10-20-035-01-22;5;126.608;633.04
VWR140010;4;107.0630581;428.2522324
VWR150001;3;161.39768326;484.19304978
E10-46-035-03-22;1;123;123
E10-15-014-04-22;4;99.384;397.536
E5517-140;1;87.904;87.904
E10-15-011-02-22;2;102.336;204.672
PPF-1194;1;25.28521004;25.28521004
E10-20-047-03-22;3;103.32;309.96
E10-20-016-01-22;4;84.296;337.184
E10-15-011-04-22;1;93.48;93.48
AC-200-QS;2;21.32;42.64
FMBP6;3;67.2531405;201.7594215
KDT985;5;13.73639236;68.6819618
UR-TW2-1189;3;63.5336;190.6008
UR-TW2-3047;3;58.4496;175.3488
UR-TW2-071;3;43.706;131.118
UR-TW2-1106;3;47.068;141.204
UR-TW4-2757;2;67.4286;134.8572
UR-AR12-529;1;84.7962;84.7962
UR-LA2-1647;2;38.1136;76.2272
UR-LA2-2804;1;33.5462;33.5462
UR-LA2-829;3;33.0378;99.1134
UR-LA2-1232;2;39.811;79.622
UR-LA2-1027;3;33.5462;100.6386
UR-RL2-1048;2;33.5462;67.0924
EVE-8YS3-CF-INT;6;655.836;3935.016
UR-TW2-1820;3;58.4496;175.3488
UR-RE2-2481;3;50.4874;151.4622
UR-RL4-3215;3;57.2606;171.7818
UR-AR18-282;2;84.3698;168.7396
UR-AF27-486;2;111.4462;222.8924
UR-AR23-485;1;95.0462;95.0462
UR-RE4-3213A;3;67.4286;202.2858
UR-RT2-2148;3;32.185;96.555
UR-RE2-1645;4;47.1008;188.4032
UR-LA4-1822;3;67.4286;202.2858
UR-RE2-3886;3;47.1008;141.3024
UR-LA4-3887;3;55.9076;167.7228
UR-RL2-2434;3;33.5462;100.6386
UR-LA4-2433;2;55.9076;111.8152
UR-RL2-514;3;38.1218;114.3654
UR-ML2-2992;6;36.9328;221.5968
UR-ML2-2991;10;38.1218;381.218
UR-RE2-1290;3;47.1008;141.3024
UR-AF27-377;1;111.4462;111.4462
1-101s;29;11.9474;346.4746
VWR18G700-SERV;10;14.84988758;148.4988758
VWR700000;7;64.55316094;451.87212658
VWR1241S4FO;2;122.02133902;244.04267804
ATIKFO33;1;172.3454106;172.3454106
Z-2515225;4;84.660408;338.641632
Z-2011784;2;105.82551;211.65102
Z-2051793;2;98.41476;196.82952
Z-2113589;3;84.660408;253.981224
Z-1355110;3;88.187925;264.563775
Z-1313913;2;100.1814828;200.3629656
Z-1353914;6;80.0716716;480.4300296
ES-2513708;3;36.283032;108.849096
ES-1013912;3;41.1207696;123.3623088
ES-355264;9;21.165102;190.485918
ES-1311525;4;44.4467142;177.7868568
ES-1350565;5;27.212274;136.06137
034-145-Z049;4;55.1942;220.7768
034-301-2009;3;636.32;1908.96
W0599;5;9.86379394;49.3189697
UR-TW2-990;3;52.521;157.563
UR-TW2-1832;1;52.521;52.521
UR-FD3-903;2;72.8488;145.6976
UR-ML4-265;2;67.4286;134.8572
UR-TW2-359;2;49.979;99.958
UR-LA4-991;1;55.9076;55.9076
UR-RE4-1321;1;58.4496;58.4496
UR-TW2-1514;2;63.55;127.1
UR-RL4-1294;3;55.9076;167.7228
UR-RE2-1346;3;47.1008;141.3024
UR-FD3-1018;2;72.8488;145.6976
UR-RE2-1750;1;57.2606;57.2606
UR-LA4-854;3;67.4286;202.2858
UR-RU2-856A;2;52.521;105.042
UR-ML6-973;3;77.5966;232.7898
UR-RL4-974P;4;47.1008;188.4032
S-AU/TI/24H;1;3536.25;3536.25
S-AU/TI/23H;1;3425.55;3425.55
EVE-G20B58-V2-INT;1;655.836;655.836
UR-RL8-1019P;2;78.7774;157.5548
UR-LA4-2573;1;55.9076;55.9076
UR-RE3-2576;1;47.1008;47.1008
D650-0003;465;33.2428;15457.902
D650-0010;299;36.1128;10797.7272
SD-1613709;2;134.045646;268.091292
SD-1213445;4;95.242959;380.971836
SD-1214801;2;155.210748;310.421496
SD-1313035;8;98.41476;787.31808
SD-1318355;4;119.935578;479.742312
75W140;13;11.4062;148.2806
VWR140006;3;107.0630581;321.1891743
VWR190003;6;53.2605457;319.5632742
VWR190004;4;32.28150744;129.12602976
VWR501000;2;136.969766;273.939532
U3P3AS1X;2;189.7644;379.5288
9-250;6;62.689;376.134
9-350;8;98.769;790.152
ATMSHYU6;4;38.42051206;153.68204824
9-350-bracket;5;3.608;18.04
9-250-bracket;5;3.157;15.785
216VWBWWT270;5;20.787;103.935
216VWBWVO270;3;20.787;62.361
216VWBWOT270;6;20.787;124.722
216VWBWEGT270;2;47.847;95.694
216VWBWEBO270;4;28.7;114.8
216VWBWEOP270;8;35.342;282.736
216VWBWBO270-3;2;16.277;32.554
UR-FD3-1749;3;72.8488;218.5464
UR-LA4-1445;3;63.5336;190.6008
UR-LA2-1110;2;36.9328;73.8656
UR-LA4-343;3;55.9076;167.7228
UR-RE2-1833;2;39.811;79.622
UR-TW2-1269;5;47.1008;235.504
UR-RL2-2807;14;36.9328;517.0592
UR-LA2-2803;6;36.9328;221.5968
UR-RT2-1861;3;74.5462;223.6386
E10-20-016-03-22;2;124.968;249.936
E40-85-008-01-10;2;148.707;297.414
E8530-320;1;252.642;252.642
EVE-G8XM-CF-ENG;6;442.8;2656.8
ATMSBMW7;3;147.77953818;443.33861454
ATMSFO129;1;247.66892796;247.66892796
UR-LA2-972;2;37.269;74.538
UR-TW3-394;2;66.0756;132.1512
UR-LA4-2759;3;63.5336;190.6008
STYC009;2;291.2886;582.5772
STYX009;1;421.4554;421.4554
FMDV35;4;124.14979006;496.59916024
AC-180-CAN;15;4.1;61.5
FRI-0311;1;961.263204;961.263204
LA-3001;3;33.3572679;100.0718037
FRI-0194;4;494.978814;1979.915256
FRI-0218;3;304.878255;914.634765
LA-3002-2;4;34.4333088;137.7332352
FRI-0205;5;494.978814;2474.89407
FR-0084;2;222.381786;444.763572
FR-0142;1;602.582904;602.582904
FR-0143;3;699.426585;2098.279755
FR-0525;1;566.714874;566.714874
FR-S2000;2;710.186994;1420.373988
FRI-0405;2;889.527144;1779.054288
FRI-0190;2;301.291452;602.582904
FRI-0406;1;459.110784;459.110784
FR-0139;2;602.582904;1205.165808
FRI-0116;2;602.582904;1205.165808
FRI-0322;3;961.263204;2883.789612
FRI-0341;3;889.527144;2668.581432
FRI-0346;1;1140.603354;1140.603354
FRI-0339;2;1248.207444;2496.414888
FRI-0227;1;710.186994;710.186994
FRI-0220;3;602.582904;1807.748712
FRI-0226;2;602.582904;1205.165808
FR-0457;1;502.15242;502.15242
FRI-0334;2;530.846844;1061.693688
FRI-0200;2;308.465058;616.930116
FRI-0171;4;312.051861;1248.207444
FRI-0201;2;286.94424;573.88848
FRI-0186;3;279.770634;839.311902
FR-0406;1;329.985876;329.985876
FRI-0196;1;286.94424;286.94424
FRI-0315;3;824.96469;2474.89407
FRI-0323;1;781.923054;781.923054
FRI-0228;3;573.88848;1721.66544
LA-3003;3;41.2482345;123.7447035
LA-3004-2;5;68.149257;340.746285
SHYP105;3;86.1;258.3
SHYC105;4;94.71;378.84
SES2300CF;2;749.1438;1498.2876
ATMSYGR10;3;124.13008218;372.39024654
ATMSFO132;1;138.53654246;138.53654246
D155-A001;3;124.14979006;372.44937018
ITGHYUNDAIi20NF;6;221.71365;1330.2819
ITGHYUNDAIi20NSH;2;83.75849;167.51698
SILFER8C7ES;326;7.1258;2323.0108
WB-337;1;34.2917112;34.2917112
VWR610360BLK;24;195.12771988;4683.06527712
FMTIA3;1;84.06396214;84.06396214
P101061010;1;240.6946;240.6946
CTS-IGN-009;25;18.3844;459.61
CTS-EXH-DP-0029;5;266.4918;1332.459
CTS-EXH-TP-0016;3;495.6818;1487.0454
CTS-F9X-M5M8-DF;2;737.9918;1475.9836
P101112010;1;481.873;481.873
SVWC064;5;184.6886;923.443
UR-TW2-3277;1;47.1008;47.1008
UR-RL2-2525;4;36.9328;147.7312
UR-TW2-3744;4;58.4496;233.7984
UR-RL8-3068;1;83.8614;83.8614
UR-TW2-1170;5;61.8362;309.181
UR-TW2-1444;4;52.521;210.084
UR-TW-4261;13;72.8488;947.0344
SHD1010-1C-BK;1;18.2204;18.2204
FMDV37;2;98.77589456;197.55178912
FMINT25;1;448.34441606;448.34441606
FMINT17;2;378.2927566;756.5855132
ATINTVAG43;2;566.47344878;1132.94689756
ATMSHYU7;4;58.30576298;233.22305192
ATMSHYU8;1;94.19381246;94.19381246
FMINDK43;3;252.20174036;756.60522108
MMAI-MK7-15X;19;208.7802;3966.8238
MMHP-ASHB-2424;10;15.375;153.75
SD-2214985;4;136.1621562;544.6486248
SD-1357992;2;119.935578;239.871156
SD-1251126;4;59.967789;239.871156
SD-1258562;3;91.715442;275.146326
SD-1218267;3;119.935578;359.806734
SD-1213215;1;165.793299;165.793299
SD-3657044;3;126.990612;380.971836
VWR131000;3;419.64974278;1258.94922834
FP-3355126;2;109.353027;218.706054
FP-2057868;2;126.990612;253.981224
FSBS-38030B27L/26R;3;423.30204;1269.90612
FP-2218353;2;155.210748;310.421496
SD-1310113;1;134.045646;134.045646
SD-1250935;1;126.990612;126.990612
SD-1353381;1;98.41476;98.41476
SD-3617039;4;77.605374;310.421496
SD-3657024;3;84.660408;253.981224
SD-1651298;4;107.9420202;431.7680808
SD-3513161;2;102.297993;204.595986
ES-1311479;3;36.283032;108.849096
SD-2652458;5;74.077857;370.389285
SD-1313528;5;112.880544;564.40272
HS-1214801;2;208.123503;416.247006
EVE-F9XM5M8-CHG;6;309.96;1859.76
ATINTREN8;2;307.80752378;615.61504756
TBP-005;94;3.9852;374.6088
TBP-001;75;3.321;249.075
TBP-002;84;3.321;278.964
AC-211-OT;14;31.16;436.24
DB42FK;2;127.4649;254.9298
FRDZ33K;2;763.01082;1526.02164
FS-1314709;4;218.706054;874.824216
Z-1314738;4;100.1814828;400.7259312
SD-1313301;10;130.518129;1305.18129
FRDGXPA16K;2;763.01082;1526.02164
FRDZN6K;1;763.01082;763.01082
Z34FK;2;112.6434;225.2868
FK8FK;1;118.572;118.572
GXPA16FK;2;118.572;237.144
PST77;2;67.58604;135.17208
UBT44;3;131.61492;394.84476
UBT45;3;131.61492;394.84476
PT32;1;88.929;88.929
FMEC3;1;236.49456;236.49456
FMINDK38;2;103.89994336;207.79988672
CRZ34K;2;400.002642;800.005284
CRZ33K;1;400.002642;400.002642
CRSE3PK;1;322.930842;322.930842
PT34;1;120.94344;120.94344
PT34B;1;120.94344;120.94344
NSF8;2;56.91456;113.82912
PSH52;1;67.58604;67.58604
NSH21;1;56.91456;56.91456
UBT39;2;49.80024;99.60048
UBH23;2;64.02888;128.05776
UBT38B;2;160.0722;320.1444
CLPT-SET1;1;113.82912;113.82912
XF18950-4005GDG;12;176.07942;2112.95304
ES-1313587;1;36.283032;36.283032
SD-1254964;2;134.045646;268.091292
1118BLK;9;12.6034;113.4306
SD-1310016;8;91.715442;733.723536
SD-1350972;5;105.82551;529.12755
SD-1351354;7;77.605374;543.237618
HS-1254964;2;169.320816;338.641632
SES1583CF;1;730.7594;730.7594
SD-1353034;7;59.967789;419.774523
FS-1358331;5;119.935578;599.67789
Z-1355009;4;87.832209;351.328836
SD-2512407;5;102.297993;511.489965
SD-1358331;7;91.715442;642.008094
FS-1313301;4;158.738265;634.95306
FP-2018477;2;134.045646;268.091292
R-FOR-009-I;2;295.692;591.384
UR-LA4-4265;2;74.5462;149.0924
UR-RE2-3015A;2;61.8444;123.6888
UR-ML6-3719;1;77.5966;77.5966
UR-RL4-1449;2;47.1008;94.2016
UR-FD3-107;2;72.8488;145.6976
UR-RE2-1190;2;47.0926;94.1852
UR-FD3-897;2;78.7856;157.5712
UR-RE2-396;2;58.4496;116.8992
UR-RE4-801;2;77.5966;155.1932
UR-FT4-2846;4;78.7774;315.1096
UR-LA4-310;2;55.9076;111.8152
ES-1353914;3;37.4924664;112.4773992
D158-A001;2;17.23454106;34.46908212
D157-A001;1;33.09938446;33.09938446
D153-A001;2;137.40333936;274.80667872
SNN0910-1C-BK;2;18.2204;36.4408
AC-Z33-HHL;4;49.7822;199.1288
AC-MK7-CP-BL;6;7.38;44.28
14036-AG010;20;3.116;62.32
U5001;20;12.3328;246.656
AC-Z33-CP;180;7.216;1298.88
14035-8J101;45;2.296;103.32
14035-JP00A;50;2.624;131.2
13270-8j112;44;1.23;54.12
13270-8J102;46;1.23;56.58
06A115561B;11;1.968;21.648
1J0201511A;21;1.804;37.884
1J0819644A;37;2.46;91.02
1K1819653B;32;2.706;86.592
FMSS5;4;36.20337556;144.81350224
AMS.39.08.0001-1;1;1537.4672;1537.4672
R21-10-2;3;41;123
R22-10-2;6;42.64;255.84
U5096;36;17.1954;619.0344
U5333;16;26.6582;426.5312
AC-S55-RAD;8;188.6;1508.8
AC-451-RAD;13;164;2132
AC-452-RAD;2;73.8;147.6
AC-W205-RAD;1;319.8;319.8
ATEXHFO6;1;108.4426097;108.4426097
ATMSFO4;5;54.50214214;272.5107107
ASCDISC3;2;322.65741136;645.31482272
AC-R56-TB;28;22.14;619.92
MMBCC-350Z-07PBE;2;207.5912;415.1824
001002433;1;91.6432;91.6432
ARMAADR6C8-A;3;471.5;1414.5
ARMAAD0RS5-A;3;694.54;2083.62
DBA601S-2;2;76.342;152.684
DBA42698S-2;2;189.4692;378.9384
DBA42224S-2;1;182.1712;182.1712
DBA42225S-2;1;182.1712;182.1712
DBA42656S-10-2;2;175.2996;350.5992
DBA4654S-10-2;2;175.8572;351.7144
DBA42280S-2;2;167.28;334.56
DBA42676S-2;6;167.28;1003.68
DBA53002WSLVXD-2;4;565.513;2262.052
DBA600S-2;2;152.848;305.696
DBA2500S-2;1;101.1224;101.1224
DBA52844SLVS-2;5;504.3492;2521.746
DBA4838S-2;4;153.504;614.016
DBA42677S-2;3;155.5376;466.6128
DBA42809S-2;9;126.485;1138.365
ATMSYGR11;1;67.96262418;67.96262418
DBA418S-2;1;123.164;123.164
DBA419S-2;1;123.164;123.164
E90-75-012-05-22;2;481.217;962.434
KDT958;5;20.5947346;102.973673
L3P3P991;3;189.7644;569.2932
UR-TW4-4078;2;63.5336;127.0672
UR-ML4-4080;2;57.2606;114.5212
UR-TW2-3653;3;66.0756;198.2268
UR-TW2-3909;3;55.9076;167.7228
URTW-RE2-2919A;3;66.0756;198.2268
UR-RE2-4262;12;42.353;508.236
UR-RS4-4266P;4;52.521;210.084
KCA402;1;105.12183192;105.12183192
W53624;2;14.16011178;28.32022356
W33364;2;19.82612728;39.65225456
W63584;2;12.74114442;25.48228884
238CLSDWAOT-R;9;26.24;236.16
238CLSDWABO-R;9;33.251;299.259
238CLSDWAWT-R;3;25.297;75.891
238CLSDWAOP-R;4;41.615;166.46
CTS-EXH-DP-0029-CAT;3;319.7918;959.3754
CTS-HW-455;6;88.5518;531.3108
EVE-EA8884-CF-ENG;6;280.44;1682.64
HMP-892;2;79.97457704;159.94915408
EUPD4004903R;2;452.8204;905.6408
N91130801-5;39;0.5248;20.4672
E90-75-017-05-22;1;539.232;539.232
PSS65-85-001-04-22;1;647.062;647.062
PSS65-20-001-03-22;1;744.068;744.068
HMP-456;2;34.37054272;68.74108544
HMP-826;1;88.68546;88.68546
URKR-TW2-4201;1;67.4286;67.4286
UR-LA2-4264;9;40.6556;365.9004
UR-FD3-079;4;72.8488;291.3952
UR-LA4-148;4;52.521;210.084
UR-LA4-157x;2;55.9076;111.8152
UR-LA4-264;2;55.9076;111.8152
UR-LA4-511;2;63.5336;127.0672
UR-LA4-512;3;66.0756;198.2268
UR-LA4-731;2;55.9076;111.8152
UR-ML2-421;3;33.5462;100.6386
UR-RE2-072;1;47.0926;47.0926
UR-RE2-3217A;2;63.5336;127.0672
UR-RL2-124;3;31.3404;94.0212
UR-RE2-465A;4;67.4286;269.7144
UR-RE3-730;2;44.895;89.79
UR-RT2-408;2;32.185;64.37
UR-RL8-621P;3;78.7774;236.3322
UR-FD3-1161;2;72.8488;145.6976
UR-ML4-788;4;52.521;210.084
UR-ML4-1422;2;58.4496;116.8992
UR-ML4-1650;3;61.8362;185.5086
238EVOBO-PK-R;7;36.572;256.004
238EVOOT-PK-R;5;29.807;149.035
238EVOOP-PK-R;7;42.394;296.758
FMMD7;3;50.24524006;150.73572018
TS-0629-3051;1;77.9;77.9
AC-MK7-OC;180;12.3;2214
AC-VAG-CC;179;16.4;2935.6
AC-VAG-BC;174;9.02;1569.48
7-804;3;132.348;397.044
SILZKFR8F7S;28;6.5272;182.7616
KV082895;1;176.7756;176.7756
KV061816R;2;155.7754;311.5508
KH423660P;2;301.76;603.52
KL080300R;2;121.2288;242.4576
KL060650R;4;177.5136;710.0544
AC-B58-INLET;25;45.1;1127.5
005EP17148;1;422.956;422.956
URTW-ML2-3974;4;71.1596;284.6384
URTW-ML2-3973;4;67.4286;269.7144
URTW-RL2-3975;2;49.979;99.958
UR-ML2-1293;3;30.1596;90.4788
UR-LA6-1292;4;74.5462;298.1848
UR-RE2-081;3;49.979;149.937
AC-211-IT;19;57.4;1090.6
AC-MK7-IT;53;86.1;4563.3
DBA4649S-2;2;140.0068;280.0136
DBA4650S-2;2;151.6836;303.3672
DBA2367S-2;1;132.5284;132.5284
DBA42366S-2;2;189.4692;378.9384
DBA2951S-2;2;92.0204;184.0408
DBA2959S-2;1;138.744;138.744
DBA2965S-2;1;93.316;93.316
DBA2964S-2;1;153.504;153.504
DBA42550S-2;1;169.1004;169.1004
DBA42957S-2;2;126.4112;252.8224
DBA42962S-2;2;168.7232;337.4464
DBA43343S-2;2;180.8592;361.7184
DBA43342S-2;2;227.6484;455.2968
DBA4482S-2;2;151.6836;303.3672
DBA42500S-2;2;151.6836;303.3672
DBA42166S-2;1;212.0848;212.0848
DBA42165S-2;1;189.4692;189.4692
DBA2145S-2;1;91.8892;91.8892
DBA42968S-2;2;189.4692;378.9384
DBA2120S-2;4;111.889;447.556
DBA42163S-2;1;169.658;169.658
DBA2847S-2;2;91.266;182.532
DBA2832S-2;1;104.714;104.714
DBA52321BLKS;1;475.7968;475.7968
DBA42830S-2;6;141.4418;848.6508
DBA2808S-2;5;112.996;564.98
DBA2806S-2;1;87.0676;87.0676
URTW-LA2-4001;1;36.9328;36.9328
EVE-P991T-INT;2;1101.096;2202.192
EVE-GT3RS-INT;1;1101.096;1101.096
UR-RU2-1000;1;40.6638;40.6638
UR-RE2-066;3;47.0926;141.2778
UR-RL2-2887;1;39.811;39.811
URCN-RL2-2114;2;38.1136;76.2272
UR-RL4-2960;7;52.521;367.647
UR-LA4-1271;2;58.4496;116.8992
UR-LA4-420;2;55.9076;111.8152
UR-RE4-958;3;67.4286;202.2858
W53286;1;12.74114442;12.74114442
KCA465;2;111.12288138;222.24576276
KTA137;2;111.12288138;222.24576276
70017-AT130;6;19.215183;115.291098
70028-AT002;1;496.638576;496.638576
71008-AF013;2;131.057402;262.114804
24999-AM001;4;89.670854;358.683416
22004-AM001;2;118.24728;236.49456
70017-AN104;5;40.6475025;203.2375125
70017-AZ104;7;40.6475025;284.5325175
70017-AF101;4;26.24104222;104.96416888
70017-AN105;4;37.937669;151.750676
70028-AT001;1;598.626855;598.626855
71008-AN027;4;655.28701;2621.14804
71008-AZ008;5;131.057402;655.28701
71008-AM011;1;148.301797;148.301797
71008-AM015;1;168.995071;168.995071
71008-AN015;2;131.057402;262.114804
70017-AN101;6;22.9104105;137.462463
71008-AF006;2;131.057402;262.114804
71008-AF005;2;131.057402;262.114804
70017-AM107;4;18.6239466;74.4957864
70017-AT120;5;21.3830498;106.915249
70017-AT131;3;32.15340622;96.46021866
70017-AH111;3;21.3830498;64.1491494
70017-AM105;2;22.9104105;45.820821
24999-AM002;3;24.8319288;74.4957864
24999-AF001;5;144.1138725;720.5693625
70020-AN107;2;583.845945;1167.69189
70020-AM103;2;244.870409;489.740818
24003-AK002;8;33.7990142;270.3921136
24003-AN001;3;33.7990142;101.3970426
52009-AK005;27;9.6075915;259.4049705
52009-AK011;8;14.0418645;112.334916
13001-AT008;2;982.930515;1965.86103
31029-AT006;1;1293.329625;1293.329625
32018-AZ010;8;365.088477;2920.707816
ATMSFO134;3;88.65589818;265.96769454
ATINTVAG45;3;377.52414928;1132.57244784
ATINTVAG46;7;139.65003768;977.55026376
70999-AT002;4;75.875338;303.501352
32018-AT041;2;669.082526;1338.165052
33004-BT002;3;182.790587;548.371761
50003-M45-HL;47;10.6915249;502.5016703
41001-AK011;2;75.875338;151.750676
41001-AK012;9;50.3536334;453.1827006
AC-S55-OC;2;168.1;336.2
W53188;1;18.40715992;18.40715992
W52091;2;13.21413354;26.42826708
W53518;2;40.11538974;80.23077948
MMR03-1501;1;49.19086848;49.19086848
50003-M50-HL;48;10.6915249;513.1931952
50003-M45-XL;28;10.6915249;299.3626972
12001-AT012;3;3035.01352;9105.04056
11003-AN015;1;6429.69585;6429.69585
15004-AH004;1;614.885856;614.885856
27001-AN001;1;583.353248;583.353248
VWR31UPGT;3;92.49893478;277.49680434
15999-AM001;4;39.1694115;156.677646
24996-AK046;2;63.557913;127.115826
24996-AK031;2;56.9557732;113.9115464
24996-AK053;2;59.3207188;118.6414376
70017-AH004;4;16.2097313;64.8389252
MST-BW-F90M5;1;417.314359;417.314359
MST-VW-MK5R32;1;181.48986692;181.48986692
ATMSFO135;1;70.90895224;70.90895224
ATMSBMW8;3;83.1179839;249.3539517
566541A;1;157.66304;157.66304
FMEC4;2;139.66974556;279.33949112
3C4911PS;2;138.7434752;277.4869504
222462A;1;122.17900206;122.17900206
1C2492R;1;259.61190324;259.61190324
1C2017F;1;73.78630272;73.78630272
566270C20;1;225.4581472;225.4581472
564270C20;1;225.4581472;225.4581472
AC-W205-MP;1;143.5;143.5
FMTUBL15;4;78.44721634;313.78886536
6-FPD-8AN;2;36.777;73.554
7-900;3;107.748;323.244
7-902;3;107.748;323.244
SAUC106;1;342.637;342.637
70020-DH101;3;327.643505;982.930515
70020-AN101;1;303.008655;303.008655
71008-AT020;3;293.154715;879.464145
70020-AH110;1;347.351385;347.351385
14011-AT001;2;181.0661475;362.132295
70026-AT001;1;220.728256;220.728256
14007-AM003;2;188.4566025;376.913205
70018-AM001;1;129.3329625;129.3329625
70018-AN007;1;524.722305;524.722305
AC-MK7-CL;59;20.91;1233.69
AC-MK7-RL;31;11.89;368.59
ARMASBGR86;3;261.58;784.74
AC-VAG-WB;18;98.4;1771.2
AC-S55-OTC;77;14.186;1092.322
FMSS7;5;42.24384078;211.2192039
10.127.113K;8;180.3754;1443.0032
10.127.113T;4;16.3918;65.5672
MMOC-G80-21;3;312.092;936.276
DBA53700BLKS-2;2;501.3972;1002.7944
DBA43146S-2;1;106.6492;106.6492
TI-123-BK;11;57.4484702;631.9331722
FMSS8;3;45.25914642;135.77743926
FMINT24;2;420.3198107;840.6396214
VWR140011;3;155.18970106;465.56910318
E90-57-002-01-22;1;514.14;514.14
EVE-W192-FTR;2;46.74;93.48
E90-30-013-01-22;2;355.839;711.678
E90-85-008-02-22;1;384.703;384.703
CI100050;4;882.7874;3531.1496
FR-0419;2;699.426585;1398.85317
FR-0212EVO;1;889.527144;889.527144
FRI-0407;2;1248.207444;2496.414888
Z-2755347;3;84.660408;253.981224
ES-2755347;3;36.283032;108.849096
Z-1382491;8;172.1428296;1377.1426368
ES-1313913;4;48.377376;193.509504
Z-1313587;4;84.660408;338.641632
Z-1212425;2;134.045646;268.091292
FS-1257872S;1;190.485918;190.485918
Z-311555;8;77.605374;620.842992
Z-315561;5;70.55034;352.7517
SD-1308223;2;465.632244;931.264488
SD-1388526;2;472.687278;945.374556
FS-36534B42R/43L;2;345.696666;691.393332
SD-3355036;3;63.495306;190.485918
FS-3311001;2;134.045646;268.091292
FS-1214913;2;218.706054;437.412108
FRI-0350;2;530.846844;1061.693688
FRI-0336;3;868.006326;2604.018978
FRI-0353;3;1248.207444;3744.622332
FRI-0345;3;1248.207444;3744.622332
FRI-0352;2;645.62454;1291.24908
12001-AH010;1;3399.6093;3399.6093
CTS-ACC-008;2;39.3518;78.7036
CTS-TR-1550-82;3;1492.3918;4477.1754
CTS-TR-0300RS;5;975.7918;4878.959
MMICP-F10-12MWBK;1;91.553;91.553
MMINT-F10-12WBK;1;721.149;721.149
MMRAD-E46-323;8;148.1412;1185.1296
AC-R53-IC;6;41.328;247.968
ARMABZS63S-A;1;984.984;984.984
ARMAW2E63S-A;2;1289.86;2579.72
BH-225;2;33.2077778;66.4155556
BSF19XZ;2;98.13538846;196.27077692
CS57-AR60041;5;35.1288;175.644
CTS-TR-1050X;2;983.9918;1967.9836
EVE-E39-INT;1;609.096;609.096
EVE-E9X-CFM-DCT;1;391.14;391.14
EVE-E9X-CFM-PLM;1;1101.096;1101.096
EVE-FK8-CHG-SLC;2;34.932;69.864
EVE-G20B48-V2-INT;3;655.836;1967.508
EVE-G29Z4-B48-INT;2;655.836;1311.672
EVE-HCN-CF-INT;2;1087.32;2174.64
EVE-Z4M-INT;2;398.52;797.04
EVO1103;3;161.745;485.235
EVO1104;1;177.3824;177.3824
EVO7301;2;182.4418;364.8836
MMBCC-CIV-16PBE;1;64.0338;64.0338
MMOC-F;2;54.6448;109.2896
MMRAD-EVO-456;1;126.7966;126.7966
MMTB-CIV-16;2;75.153;150.306
R08-40-2;2;41;82
SFDC078;1;155.595;155.595
SFDS078ST;2;273.6094;547.2188
SP1355WB;1;124.64;124.64
SP1573BLK;2;141.1876;282.3752
SP1573WR;2;141.1876;282.3752
SRN0601-4P-BK;1;26.896;26.896
SSE0424-4P-BK;1;26.896;26.896
"TTE500 N54";1;1071.0184;1071.0184
"TTE500 N54-1";1;1071.0184;1071.0184
VWR11G714;2;41.96793046;83.93586092
VWR11G815;3;41.96793046;125.90379138
VWR1200BUNG;5;12.9086614;64.543307
VWR12G50D;1;160.75717716;160.75717716
VWR12G614;9;160.75717716;1446.81459444
VWR18G700-EUBRACKETS;7;24.47718696;171.34030872
VWR31G7ML;1;127.10597206;127.10597206
VWR670000;2;96.19416228;192.38832456
VWR670001;4;93.61243;374.44972
VWR670002;1;138.81245278;138.81245278
VWR670008;5;40.3518843;201.7594215
W63452G;8;25.00929972;200.07439776
EUPD4003107R;1;590.1868;590.1868
12001-AN008;1;3399.6093;3399.6093
71008-AH009;3;193.137224;579.411672
71008-AN029;1;224.177135;224.177135
EVE-4V8TT-CF-INT;1;1337.748;1337.748
70017-AZ101;6;21.3830498;128.2982988
71008-AF003;1;131.057402;131.057402
70020-AT115;1;313.847989;313.847989
70020-AZ108;2;206.93274;413.86548
70020-AN106;1;572.513914;572.513914
ATMSBMW10;3;86.88218898;260.64656694
PH/INDYGR1;2;62.98638448;125.97276896
13001-AM005;1;896.70854;896.70854
TS-0404-1024;2;77.8836;155.7672
33002-AH001;1;931.19733;931.19733
13001-AM004;1;896.70854;896.70854
31029-AM002;1;689.7758;689.7758
31029-AF001;2;689.7758;1379.5516
31029-AF008;1;862.21975;862.21975
EVE-FK8V3-CF-CHG;1;327.18;327.18
MMTS-E46-99V2;6;47.2074;283.2444
48004-AK001;1;72.426459;72.426459
42018-AH002;2;244.870409;489.740818
44004-AK003;5;82.773096;413.86548
31006-AN018;2;372.478932;744.957864
32003-DH001;2;448.35427;896.70854
32003-AH007;2;758.75338;1517.50676
31019-AN015;2;427.660996;855.321992
31019-AM008;3;634.593736;1903.781208
31019-AF022;3;620.79822;1862.39466
31019-AF015;3;593.207188;1779.621564
32016-AH004;1;1034.6637;1034.6637
21004-AT002;1;2207.28256;2207.28256
22002-AN038;1;1483.01797;1483.01797
15004-AM010;1;472.98912;472.98912
15004-AN024;1;532.11276;532.11276
1419-RF001;2;758.75338;1517.50676
14019-AF002;2;400.069964;800.139928
14019-AM002;1;593.207188;593.207188
14018-AN004;2;496.638576;993.277152
14030-AN001;2;303.501352;607.002704
1407-RA015;4;92.3806875;369.52275
U5237;12;15.6784;188.1408
CG85-02-0007;1;121.2288;121.2288
Z-1112203;2;116.052345;232.10469
Z-1152987;2;92.0652294;184.1304588
Z-1118302;1;119.935578;119.935578
FMTUBL16;1;55.86198586;55.86198586
MMFS-E46-99;1;109.2896;109.2896
MMRAD-TINY-01;1;144.7218;144.7218
ATIKVAG8;1;318.91291416;318.91291416
105777;7;9.2004;64.4028
MMAI-F30-12WBK;2;183.147;366.294
MMAI-E46-01BK;3;115.6938;347.0814
MMOC-25;2;102.0326;204.0652
EVE-S62-CF-PLM;1;585.48;585.48
EVO7202;2;192.5524;385.1048
EVO7203;3;192.5524;577.6572
EVO1108;4;176.9232;707.6928
SES9002ICP;2;181.5234;363.0468
EVO1107;1;180.1458;180.1458
AC-45-IC;4;188.6;754.4
KWM074;6;2.8083729;16.8502374
BTR105Z;2;145.4934241;290.9868482
KCA511;1;41.99749228;41.99749228
KCA524;3;67.87393872;203.62181616
KCA525;3;59.48823578;178.46470734
KCA529;4;112.334916;449.339664
KCA533;2;46.8554847;93.7109694
KTA293;4;93.14929482;372.59717928
KTA332;1;102.31345902;102.31345902
KTA333;2;104.93460706;209.86921412
WSK-AUD001;4;102.46126812;409.84507248
110859;8;17.7776;142.2208
32003-AT011;1;475.945302;475.945302
70017-AT111;1;22.9104105;22.9104105
FMINDR35;10;221.71365;2217.1365
URTW-ML4-4002;1;67.4286;67.4286
MS100123;19;176.7592;3358.4248
D760-0061;4;103.2954;413.1816
30-4110;14;117.6864;1647.6096
ARMAFER488-A;1;2029.5;2029.5
ARMABZA250G-A;2;401.8;803.6
MMRAD-RHD-R33;1;144.7218;144.7218
CTS-HW-532;6;42.6318;255.7908
CTS-ACC-SUPRAKIT;2;85.2718;170.5436
Z-331167;4;77.605374;310.421496
FS-3617039;3;109.353027;328.059081
FS-3657024;2;102.297993;204.595986
PD-1307905;2;353.1548448;706.3096896
PD-1308431;2;549.6879348;1099.3758696
PD-1387828;1;431.7680808;431.7680808
PD-1308435S;3;392.4614628;1177.3843884
PD-1307919;2;471.0746988;942.1493976
PD-1287850;1;325.6402122;325.6402122
PD-1208459;2;388.530801;777.061602
PD-1287902;2;263.051982;526.103964
PD-1208305;1;510.3813168;510.3813168
PD-1287934;1;313.8482268;313.8482268
PD-1207903;2;392.4614628;784.9229256
PD-1287904;2;309.917565;619.83513
PD-1387976;2;431.7680808;863.5361616
PD-1307907;2;471.0746988;942.1493976
PD-1387906;2;471.0746988;942.1493976
SD-2218243;1;116.052345;116.052345
SD-2298524;2;192.2467122;384.4934244
SD-2297960;1;140.0394606;140.0394606
TS-0552-1011;2;143.4836;286.9672
MMOC-F10-12SL;2;324.7036;649.4072
MMTS-MAZ-04;3;27.511;82.533
MMTS-FOC-05;2;27.511;55.022
MMTS-GLF-15;4;21.197;84.788
MMHE-SUP-20;2;361.62;723.24
CS57-AR60004;1;168.0754;168.0754
S-AU/TI/20H;1;4768.4066;4768.4066
9-201-7020;1;206.148;206.148
FPHWK-10-HD;6;31.119;186.714
FMINT33;2;741.71591774;1483.43183548
URTW-LA4-4319;4;71.1514;284.6056
URTW-LA4-4318;4;63.5336;254.1344
UR-RL2-3896;1;39.811;39.811
EVE-TRB8V8S-FLG-TTE;6;23.124;138.744
6-1001-FRB;3;83.148;249.444
TS-0629-1102;3;59.0236;177.0708
TS-0401-1109;1;75.317;75.317
MMTB-WRX-01;2;44.526;89.052
TS-0203-1259;3;70.9136;212.7408
TS-0204-1134;1;117.2436;117.2436
TS-0203-1018;1;77.8836;77.8836
TS-0203-1059;4;80.3436;321.3744
TS-0551-1012;2;141.4336;282.8672
VWR31F020;3;105.929855;317.789565
CTS-IT-272R;2;126.2718;252.5436
30-3300;30;274.3884;8231.652
30-2400;6;71.7254;430.3524
50-1200;7;73.595;515.165
MS100252;10;28.6754;286.754
MS100097;7;57.3754;401.6278
MS100227;6;100.4254;602.5524
MS100222;11;117.6454;1294.0994
MS100223;9;86.0754;774.6786
MS100255;2;470.6554;941.3108
VWR31SK01;5;105.929855;529.649275
CTS-LS-017;8;112.7418;901.9344
CTS-LS-009;8;112.7418;901.9344
CTS-LS-008;7;112.7418;789.1926
CTS-LS-007;8;112.7418;901.9344
AC-MK8-IC;24;172.2;4132.8
VWR12G70D;3;176.89793088;530.69379264
ALP.07.09.0006-2;1;668.71;668.71
VWR682000;7;128.09136606;896.63956242
ALP.07.08.0007-1;1;54.94;54.94
MMICP-G80-21;3;270.6;811.8
11001-KT001;1;2621.14804;2621.14804
11003-AN018;1;1655.46192;1655.46192
70026-AT009;2;75.875338;151.750676
51003-AK125;11;9.6075915;105.6835065
70026-AT007;2;75.875338;151.750676
70026-AT008;2;162.097313;324.194626
70026-AT006;1;255.217046;255.217046
70020-AN105;1;206.92288606;206.92288606
80280-AT001;2;517.33185;1034.6637
52006-AK004;18;6.08973492;109.61522856
CI100054;21;132.5612;2783.7852
D760-0038;5;264.0154;1320.077
D401-0033;6;16.6214;99.7284
D401-0035;7;17.7858;124.5006
D401-0039;7;20.6394;144.4758
D401-0041;4;18.2122;72.8488
ATMSKIA4;1;108.21596908;108.21596908
ATRADYGR1;2;180.54388868;361.08777736
ATRADYGR2;2;189.57995166;379.15990332
D401-0042;8;38.7204;309.7632
RF100018;4;80.3354;321.3416
RF100024;3;25.8054;77.4162
RF100025;4;25.8054;103.2216
RF100026;6;25.8054;154.8324
RF100027;3;25.8054;77.4162
RF100028;1;25.8054;25.8054
RF100029;30;26.445;793.35
Z1003100;150;17.6218;2643.27
Z1003101;300;11.7342;3520.26
FRI-0114;1;602.582904;602.582904
SHDC017;1;117.916;117.916
ARMASKSC15-A;3;248.46;745.38
ARMAPORS991-A;1;992.2;992.2
ARMABZC63S-A;1;899.745;899.745
CTS-TR-1070X;2;983.9918;1967.9836
DBA53912SLVS-2;2;590.2524;1180.5048
DBA52834SLVS-2;1;494.8372;494.8372
DBA53298SLVS-2;2;550.1216;1100.2432
DBA53922BLKS-2;2;595.7628;1191.5256
AC-14-BT;97;8.2;795.4
D760-0045;2;918.3754;1836.7508
D760-0063;3;918.3754;2755.1262
VWR90000;175;41.36684012;7239.197021
6-03-0702;2;68.388;136.776
KCA520;2;51.4868365;102.973673
BH-342;1;141.896736;141.896736
IC100019;1;553.4672;553.4672
MMRAD-G80-21A;4;207.911;831.644
MMTC-G80-21;3;249.403;748.209
WHL00017;4;157.8254;631.3016
"WHL00008 ";4;215.2254;860.9016
WHL00029;16;176.6034;2825.6544
CTS-LS-010;3;112.7418;338.2254
CTS-LS-012;2;112.7418;225.4836
CTS-CRI-13920T;3;270.5918;811.7754
ATIKKIA1;1;174.01072646;174.01072646
SBM096S;1;224.27;224.27
SBMP094;6;165.5498;993.2988
JSK-271-BK;3;66.0706677;198.2120031
UR-AR19-644;1;92.8076;92.8076
UR-LA6-3066;2;74.5462;149.0924
UR-RL7-3654;2;78.7774;157.5548
UR-ML4-1413;1;66.0756;66.0756
EXHSL76;194;6.97;1352.18
AMS.31.08.0001-2;1;724.8554;724.8554
AMS.50.06.0011-1;1;40.1554;40.1554
AMS.04.08.0002-1;2;200.8754;401.7508
AMS.38.05.0001-1;2;335.7654;671.5308
FR-0529;4;710.186994;2840.747976
016CA17146;1;266.0162;266.0162
R-BMW-014-I;1;555.919;555.919
SKK00-S3B00;1;94.3;94.3
SKM74-S3B00;1;92.414;92.414
SKM44-S3B00;1;61.295;61.295
ATMSP&C2;4;155.16999318;620.67997272
ATINTP308;2;243.89486894;487.78973788
ATMSP3081;2;31.01034918;62.02069836
SFD078ST;1;316.5528;316.5528
ILZKR8C8G;52;6.4124;333.4448
UR-TW2-2762;1;58.4496;58.4496
MMINT-G80-21BK;3;1666.445;4999.335
VSM64-B1DS2;1;275.52;275.52
MMHP-HSS-136SL;1;7.5112;7.5112
VSP24-B1DS2;1;217.833;217.833
EVE-C8VT-CF-INT;1;1121.76;1121.76
EVE-C8VT-CF-ENG;1;270.6;270.6
EVE-X56M-CF-INT;3;1217.7;3653.1
SKG08-S3B00;1;70.725;70.725
SKG68-S3B00;1;75.44;75.44
SKGL0-AUB00;1;70.725;70.725
SKGD2-AVB00;2;70.725;141.45
SKGB2-S3B00;1;56.58;56.58
PD-1387908;1;431.7680808;431.7680808
SKGC0-AUB00;1;84.87;84.87
SKH26-S3B00;1;85.813;85.813
SKA92-S3B00;2;80.155;160.31
SKHK8-S3B00;2;110.7;221.4
SKHA2-S1B00;1;66.01;66.01
SKA58-S3B00;1;61.295;61.295
SKM80-AUB00;1;75.44;75.44
SKM58-S3B00;1;61.295;61.295
SKV70-S3B00;1;87.2316;87.2316
SKR84-S3B00;1;66.01;66.01
SKE18-S3B00;1;75.44;75.44
SKN20-AVB00;1;61.295;61.295
SKP06-S3B00;1;84.87;84.87
SKK04-S3B00;1;89.585;89.585
SKTN0-S1B00;2;75.44;150.88
SKL22-S3B00;1;56.58;56.58
SKTJ4-S1B00;1;84.87;84.87
S-BM/T/34H;1;2613.75;2613.75
TP-CT/68;1;965.9108;965.9108
D760-0035;1;1090.5754;1090.5754
E10-20-052-03-22;7;132.512;927.584
E10-70-018-01-22;1;93.808;93.808
82494;26;124.5334;3237.8684
82544;4;143.4754;573.9016
EVE-S85-CF-PLM;2;1335.78;2671.56
PFR7S8EG;20;5.166;103.32
VWR143000;10;493.85976492;4938.5976492
VWR141001;11;295.0269636;3245.2965996
SAU112B;2;25.83;51.66
ATMSMINI7;2;141.86717418;283.73434836
ATMSMINI6;2;229.9909596;459.9819192
HF-N-00;2;719.55;1439.1
SAUP088;1;278.8;278.8
HK-N-20;4;639.6;2558.4
HB-N-20;2;639.6;1279.2
HK-V-01;3;106.6;319.8
L3P3BF97;2;185.0084;370.0168
LTR7IX-11;43;5.6416;242.5888
U5400;36;26.0514;937.8504
UR-TW2-4172;2;58.4496;116.8992
UR-RT2-3515;2;40.6556;81.3112
HK-N-CTR;1;772.85;772.85
URUS-TW2-2384;1;66.0756;66.0756
URUS-TW2-2409;1;47.1008;47.1008
URUS-RE2-2410;1;39.811;39.811
UR-RL2-4267;2;39.811;79.622
UR-RO2-4263A;2;58.4496;116.8992
VWR630003;3;77.47167628;232.41502884
PF9015WB;2;230.297;460.594
EVO9104;2;152.11;304.22
SES1500TT;1;585.521;585.521
SES9102;1;561.1588;561.1588
SP1122WB;3;212.544;637.632
RF100023;2;86.0754;172.1508
RF100021;5;30.9714;154.857
MS100247;80;26.445;2115.6
RF100031;2;51.6354;103.2708
MS100256;2;860.9754;1721.9508
T4100003;2;1008.8952;2017.7904
D590-0005;2;390.2954;780.5908
DBA42699S-2;2;161.3514;322.7028
DBA2472S-2;6;120.7532;724.5192
FMSS6;1;52.7678487;52.7678487
FMTUBL14;4;78.44721634;313.78886536
FMINT30-BLACK;1;269.00270806;269.00270806
PRK-286-BK;2;124.13008218;248.26016436
PRK-300-BK;2;158.07690548;316.15381096
JSK-309-BK;1;137.2653842;137.2653842
JSK-314-BK;1;130.3676262;130.3676262
JSK-332-BK;3;116.5721102;349.7163306
MS100144;5;606.3572;3031.786
DV100001;1;143.4672;143.4672
MS100224;2;28.6754;57.3508
MS100225;3;28.6754;86.0262
MS100128;1;491.9672;491.9672
CI100038-A;5;286.9754;1434.877
CI100052;2;177.9154;355.8308
CBK0001;2;746.1672;1492.3344
CBK0046;2;688.7754;1377.5508
D660-0009A;1;1147.9754;1147.9754
D660-0027;1;1147.9754;1147.9754
D660-0079-BLK;2;1492.3754;2984.7508
KLC203;3;53.63499542;160.90498626
TP-MINR56/57-CA;1;357.6348;357.6348
TP-CS/1;1;449.319;449.319
CBK0051;1;2008.9754;2008.9754
CBK0058;1;1721.9754;1721.9754
CBK0047;1;631.3754;631.3754
CBK0053;1;1176.6672;1176.6672
SUS00017;2;143.4754;286.9508
SUS00016;3;143.4754;430.4262
CI100059;1;1434.9754;1434.9754
D760-0067;10;80.3354;803.354
615160;2;213.1754;426.3508
615187;2;238.7594;477.5188
817754;1;857.843;857.843
URUS-TW2-2379;1;63.5336;63.5336
URUS-RE2-2380;1;39.811;39.811
UR-TW2-3021;1;55.9076;55.9076
UR-TW2-1212;2;47.0926;94.1852
UR-ML2-2091;1;38.1218;38.1218
ASKC;2539;0.2952;749.5128
ATMSBMW13;2;121.91294568;243.82589136
14079-6;3;405.2112;1215.6336
HMP-749;1;50.255094;50.255094
HMP-951;2;88.68546;177.37092
L3P3CV6X;1;185.0084;185.0084
U3P3CCM5;2;185.0084;370.0168
U3P3CCM6;2;189.7644;379.5288
L3P3CV7X;2;185.0084;370.0168
L3P3DCG7;2;185.0084;370.0168
L3P3DCL3;2;185.0084;370.0168
VWR610360BNZ;4;195.12771988;780.51087952
VWR436001;3;53.59557966;160.78673898
VWR436000;5;53.59557966;267.9778983
VWR190007;5;11.824728;59.12364
70999-AT003;2;124.159644;248.319288
50003-MR45HLZ;36;12.39625652;446.26523472
70017-AT132;7;16.2097313;113.4681191
70020-AF105;1;165.546192;165.546192
52004-AK003;15;19.215183;288.227745
ATMSMINI5;1;73.84542636;73.84542636
ATMSVAG10;5;93.09017118;465.4508559
E10-85-043-06-22;2;113.488;226.976
52004-AK009;10;19.215183;192.15183
51007-AK473;2;68.11043328;136.22086656
70027-AT001;2;20.693274;41.386548
70027-AH001;7;20.693274;144.852918
E-BM/T/9;1;1515.8192;1515.8192
70020-AF103;2;141.404039;282.808078
13001-AN012;1;489.740818;489.740818
14011-AF001;1;92.3806875;92.3806875
33004-KN002;1;427.660996;427.660996
IC100028;2;1176.6672;2353.3344
VWR31ID00;1;123.74577852;123.74577852
VWR31TR01;1;105.929855;105.929855
VWR670011;6;111.19185896;667.15115376
XF18950-4005CDG;4;176.07942;704.31768
PSH55;4;67.58604;270.34416
EX-STBNA6CE-F;15;61.538868;923.08302
EX-STBZ33-F;13;61.716726;802.317438
EX-STBBL3FW-F;15;61.716726;925.75089
CLPT3;3;156.51504;469.54512
20VW36507X;1;1027.747;1027.747
60MA07;1;244.4584;244.4584
60MN01;2;219.7354;439.4708
ATINTVAG48;2;566.47344878;1132.94689756
15004-AT010;2;436.036845;872.07369
XA18850+4405GMB;4;169.55796;678.23184
XA18950+4005GDK;4;176.07942;704.31768
PARTS013-C;8;5.3179542;42.5436336
PST79;3;71.1432;213.4296
NST80;1;71.1432;71.1432
PST81;3;71.1432;213.4296
ARMAHDAFL5-A;3;360.8;1082.4
SKG76-S3B00;1;70.725;70.725
SKMD0-S3B00;1;102.5;102.5
SKSB0-S3B00;1;110.7;110.7
SKQ54-S3B00;1;70.725;70.725
SKAEA-S3B00;1;103.73;103.73
ATMSREN11;2;159.59441224;319.18882448
ATMSMINI10;3;159.60426618;478.81279854
ATMSREN10;4;88.65589818;354.62359272
ATMSFO147;2;88.65589818;177.31179636
GSTJ4-91AS3;1;547.883;547.883
GSG68-91AS2;1;369.656;369.656
GSHA2-91AS2;2;419.02;838.04
GSS12-91SS2;1;424.35;424.35
GSM98-91AS3;2;422.464;844.928
GSM80-91AS3;1;422.464;422.464
GSTD8-91SS2;2;369.656;739.312
VSGP4-B1DS2;1;248.952;248.952
ATIKFO14;4;314.76440542;1259.05762168
GSS68-91SS2;1;396.06;396.06
GSJ14-91AS2;2;419.02;838.04
GSGB0-91AA2;4;369.656;1478.624
82668;2;325.9172;651.8344
D660-0101;3;430.4754;1291.4262
GSJ78-91AS2;4;369.656;1478.624
12001-KZ001;1;3705.08144;3705.08144
GSN66-D1SS1;1;640.297;640.297
VSK00-K1LS3;1;1254.19;1254.19
VSM74-C1SA3;3;528.08;1584.24
VSHA2-C1AA1;2;541.282;1082.564
VSA22-CUSA1;2;694.54;1389.08
VSGB0-C1AA3;1;495.075;495.075
MMRAD-MUS-64;1;154.119;154.119
SSTP011;5;56.58;282.9
SBMP097;2;199.752;399.504
SFDC068;1;41.4592;41.4592
R28-10-2;7;41;287
S-PO/TI/23;1;2450.775;2450.775
P-CP034;1;907.125;907.125
MMAI-G80-21H;2;291.346;582.692
CTS-TR-0055;3;1705.5918;5116.7754
21004-AN001;1;2000.34982;2000.34982
24996-AK001;3;14.1404039;42.4212117
24996-AK051;2;41.386548;82.773096
24003-LB004;3;48.9740818;146.9222454
70020-AF108;1;186.239466;186.239466
31008-BN001;1;293.154715;293.154715
50003-M45REL;10;16.41666404;164.1666404
50003-M55RET;12;16.41666404;196.99996848
71008-AT021;1;517.33185;517.33185
MS100185;2;307.4672;614.9344
MMTC-F150-15SL;1;142.065;142.065
VWR190008;5;26.64505376;133.2252688
SMNSP022;1;89.298;89.298
AC-MK7-HPFP;7;202.5154;1417.6078
UR-PB4-2847P;3;55.9076;167.7228
UR-RE2-3326;1;47.1008;47.1008
URTH-TW2-3520;1;55.9076;55.9076
URTW-RL2-3445;2;33.5462;67.0924
URKR-TW2-2685;1;58.4496;58.4496
UR-TW2-857;3;55.9076;167.7228
UR-TW2-682;1;47.1008;47.1008
UR-RL2-849;1;36.9328;36.9328
URKR-TW2-2649;1;63.5336;63.5336
UR-LA4-847;1;55.9076;55.9076
UR-TW2-898;2;52.521;105.042
UR-TW2-2590;2;52.521;105.042
UR-ML4-848;1;52.521;52.521
URTW-RL5-4003;2;74.5462;149.0924
DILKAR8R9HS;52;9.7498;506.9896
UR-TW2-305;1;58.4496;58.4496
UR-AF27-264;1;156.0706;156.0706
VWR630100;4;10.6422552;42.5690208
UR-ML4-1371;2;58.4496;116.8992
13001-AN015;1;2000.34982;2000.34982
13008-AN002;1;1345.06281;1345.06281
11004-AM008;1;1327.818415;1327.818415
50003-MR45XLZ;42;12.39625652;520.64277384
URKR-TW2-2675;1;58.4496;58.4496
22002-AT006;1;982.930515;982.930515
33005-AF018;1;794.4739125;794.4739125
11999-AT001;1;191.5605936;191.5605936
33004-BT003;1;200.034982;200.034982
14007-AN003;1;295.6182;295.6182
32016-AF101;1;775.997775;775.997775
80310-AT005;2;1172.61886;2345.23772
27002-AN003;1;1237.9012125;1237.9012125
HMP-947;2;38.430366;76.860732
HMP-572;2;38.430366;76.860732
OFS-S1;10;33.20016;332.0016
TCC-S1;3;435.7521;1307.2563
FSBS36030M92R/93L;2;578.512788;1157.025576
SD-3311901S;4;112.1750406;448.7001624
SD-2111119;4;112.1750406;448.7001624
SD-2118455S;3;119.935578;359.806734
SD-2357962S;2;95.9484624;191.8969248
SD-2194988;5;160.1492718;800.746359
SD-2318257S;2;144.2754453;288.5508906
SD-2114823S;3;119.935578;359.806734
Z-335112;2;70.55034;141.10068
Z-331238;1;77.605374;77.605374
Z-365085;5;70.55034;352.7517
Z-361055;1;77.605374;77.605374
ES-9910849;4;51.400962;205.603848
VWR670003;2;167.8618679;335.7237358
ARMAFER458-A;1;2232.45;2232.45
ARMABZGT53-A;1;942.59;942.59
ARMABZ0643-A;1;401.39;401.39
Z-2155839;3;87.8351733;263.5055199
FRI-ORS-0128;2;961.263204;1922.526408
SAUC093;2;201.8758;403.7516
SVWX060;1;299.259;299.259
FMTUBL17;3;84.0541082;252.1623246
FMDV21;3;82.31981476;246.95944428
FMINT16-BLA;1;285.38981028;285.38981028
FMINDK44-FOAM;2;160.11667106;320.23334212
FMDV1-BLA;1;139.78799284;139.78799284
FMINLD2-D;2;80.0632625;160.126525
FMINLD2-P;1;80.0632625;80.0632625
EVE-FL5-CF-INT;4;713.4;2853.6
EVE-FL5-CF-CHG;4;327.18;1308.72
EVE-N20-CF-INT;1;664.2;664.2
EVE-Z06VT-CF-INT;1;1161.12;1161.12
238SMFPSWL270;5;40.631;203.155
URTW-TW4-4008;1;67.4286;67.4286
URTW-ML4-4011;2;55.9076;111.8152
URTW-LA4-4010;2;58.4496;116.8992
URTW-LA2-4009;2;39.811;79.622
UR-AR18-642;2;84.3698;168.7396
UR-LA4-3512;3;55.9076;167.7228
20BM36503;1;1027.747;1027.747
20BM36507;1;1041.3016;1041.3016
60AV06;1;205.0902;205.0902
60FO06;1;228.165;228.165
60MA03;1;228.165;228.165
60RE08;1;260.8256;260.8256
60PE10;1;228.165;228.165
35PE134;1;57.605;57.605
35SU35;1;55.9978;55.9978
ATMSREN3;3;230.55263418;691.65790254
FR-0137;1;1176.471384;1176.471384
FR-0028;2;251.07621;502.15242
FRI-0217;2;961.263204;1922.526408
FRI-0192;1;1248.207444;1248.207444
69-9001JP;2;164.992938;329.985876
DBA3724S-2;2;165.8204;331.6408
DBA3715S-2;1;100.6796;100.6796
AC-500-DP;2;49.2;98.4
AC-N54-CC;48;24.6;1180.8
AC-N55-INLET;15;45.1;676.5
CRND5RCK;1;322.930842;322.930842
ZC33SFK;1;100.7862;100.7862
CLPS-SET1;3;177.858;533.574
EUPD4004104R;1;420.8404;420.8404
ATMSHYU11;2;218.72790618;437.45581236
ATMSHYU14;3;196.06384418;588.19153254
005EP171484;2;216.0864;432.1728
032CK21144;2;216.0864;432.1728
EM100050;6;147.4934;884.9604
MS100199-A;10;51.6436;516.436
CBK0041;1;1147.9754;1147.9754
CBK0017;2;1291.4754;2582.9508
50-1000;2;54.858;109.716
30-0306;3;112.6024;337.8072
D760-0069;3;229.5754;688.7262
BHR100Z;2;123.33191304;246.66382608
BHF100Z;1;104.60942704;104.60942704
028CC14133;2;216.0864;432.1728
015BS16138;1;216.0864;216.0864
KTA109;2;162.3929312;324.7858624
KDT970M;2;10.85904188;21.71808376
KLC231;2;81.08807226;162.17614452
SBMC090;1;229.19;229.19
FMSS9;1;89.3259661;89.3259661
AC-F56-IC;9;136.12;1225.08
ATMSREN12;1;224.64027018;224.64027018
ATMSP&C4;2;165.51663018;331.03326036
SBMP075;2;92.25;184.5
E10-80-015-02-22;1;89.216;89.216
VWR141000;7;413.85562606;2896.98938242
VWR682001;1;551.81078606;551.81078606
AC-Z33-QS;10;22.14;221.4
AC-S58-RAD;4;163.18;652.72
AC-N55-IC;3;202.54;607.62
AC-S63-IC;6;262.4;1574.4
SILZKGR8C8S;2;10.4878;20.9756
DBA53004SLVS-2;2;560.7078;1121.4156
UR-SD6-258;1;72.8488;72.8488
UR-RT2-261;1;38.1136;38.1136
UR-LA2-312A;1;42.3612;42.3612
UR-TW2-274A;1;61.8444;61.8444
UR-FD3-041;1;72.8488;72.8488
UR-LA4-259;1;58.4496;58.4496
UR-AF25-085;1;107.7152;107.7152
UR-AR19-010;1;95.0462;95.0462
GSH48-91SS2;1;390.32;390.32
VSHK8-K1NS4;2;1320.2;2640.4
VSAPQ-C1AS2;1;580.888;580.888
GSGB6-9VAS3;1;422.464;422.464
GSV70-91SS2;1;419.02;419.02
GSGH2-91AS3;1;447.72;447.72
70017-AS107;3;16.2097313;48.6291939
24996-AK052;2;48.9740818;97.9481636
71008-AS013;2;131.3037505;262.607501
70020-AS105;2;237.972651;475.945302
31029-AT004;2;1103.64128;2207.28256
70026-AT011;2;255.217046;510.434092
31021-AS003;1;551.82064;551.82064
13002-AN003;1;496.638576;496.638576
80310-AH003;1;1258.840835;1258.840835
33002-BT001;1;462.149786;462.149786
31019-AS109;1;607.002704;607.002704
31008-KN001;1;1414.04039;1414.04039
31008-BM001;2;384.30366;768.60732
15004-AS002;1;443.4273;443.4273
13002-AH001;1;148.301797;148.301797
26010-AT001;1;812.95005;812.95005
26011-AM002;1;1163.9966625;1163.9966625
AC-MK7-525LPFP;45;16.81;756.45
FMINDK47;3;351.785658;1055.356974
R-MER-001-I;1;286.754;286.754
WSK-HYU002;2;140.418645;280.83729
503-T109;5;16.718652;83.59326
507-N003;4;81.81468;327.25872
503-M102;5;15.295788;76.47894
503-H101;4;14.22864;56.91456
503-N101;8;15.295788;122.366304
503-F101;12;15.295788;183.549456
507-N005;1;60.47172;60.47172
507-f004;2;71.1432;142.2864
507-M005;2;99.60048;199.20096
507-M009;2;81.81468;163.62936
508-H013;2;128.05776;256.11552
508-N020;1;60.47172;60.47172
508-T024;3;103.15764;309.47292
508-Z001;4;74.70036;298.80144
508-Z002;3;85.37184;256.11552
508-Z003;3;78.25752;234.77256
508-T003;1;92.48616;92.48616
538-N020;3;149.40072;448.20216
27PBDR33001;1;224.5488;224.5488
23PVM001;2;49.1672;98.3344
538-N021;1;138.72924;138.72924
539-T001;8;71.1432;569.1456
539-T003;4;67.58604;270.34416
313-A001;2;355.716;711.432
254-T001;1;391.2876;391.2876
254-T002;1;355.716;355.716
518-T001;4;53.3574;213.4296
519-T003;2;384.17328;768.34656
319-A008;8;28.45728;227.65824
319-A007;5;28.45728;142.2864
500-AA08;3;52.645968;157.937904
161AF001;2;498.0024;996.0048
161RF018J;1;690.08904;690.08904
161AN006;2;419.74488;839.48976
161AN003;2;409.0734;818.1468
161AM012;2;441.08784;882.17568
VWR1160RS;2;96.55875806;193.11751612
DBA2969S-2;2;127.2476;254.4952
162AN052;2;643.84596;1287.69192
162AT037;1;451.75932;451.75932
162AZ001;2;451.75932;903.51864
164-Z001J;2;337.9302;675.8604
167-T006J;1;636.73164;636.73164
164-T008J;1;633.17448;633.17448
164-T001J;1;633.17448;633.17448
116AZ009;1;597.60288;597.60288
145-N005;3;149.40072;448.20216
145-M006;3;135.17208;405.51624
145-H002;2;206.31528;412.63056
199-N006;2;117.38628;234.77256
238-T095;2;160.0722;320.1444
238-T093;2;170.74368;341.48736
264CT090;1;1362.39228;1362.39228
264CN056;1;1305.47772;1305.47772
264CM023;1;1365.94944;1365.94944
264CM020;1;1387.2924;1387.2924
264CF021;1;1380.17808;1380.17808
414BM007;2;533.574;1067.148
414BN030;2;533.574;1067.148
06248954505MM;4;327.55515;1310.2206
ATMSVAG15;2;206.3415036;412.6830072
ATMSMINI15;2;99.9189516;199.8379032
MMSTART-SR20;1;89.6506;89.6506
MMICP-N54-07;4;93.357;373.428
MMICP-N55-11;6;124.927;749.562
CTS-IT-167;1;162.3518;162.3518
CTS-TR-0058;2;1918.7918;3837.5836
CTS-EXH-DP-0045-CAT;2;491.9918;983.9836
CTS-EXH-TP-0019;4;186.9518;747.8072
CTS-EXH-TP-0011;1;73.7918;73.7918
CTS-BV-0021;3;112.7418;338.2254
CTS-DV-027;4;34.4318;137.7272
DBA3659S-2;2;114.3244;228.6488
57849854595SB;4;179.280864;717.123456
ATMSVAG18;1;234.10005258;234.10005258
EVE-EMV6-CF-INT;1;632.22;632.22
UR-RE4-2986;1;67.4286;67.4286
UR-RL4-2742;1;67.4286;67.4286
UR-LA4-787;1;55.9076;55.9076
UR-LA4-1171;1;55.9076;55.9076
UR-RLS6-1272P;1;71.1514;71.1514
UR-FD3-2480;2;72.8488;145.6976
UR-RL4-3925;1;58.4496;58.4496
UR-LA4-2144;1;55.9076;55.9076
UR-ML4-2145;1;55.9076;55.9076
UR-ML4-1172;2;58.4496;116.8992
UR-RL2-2977;1;32.1932;32.1932
UR-AR22-511;1;96.5386;96.5386
UR-AF21-466;1;96.5386;96.5386
AU-RS3-8VF-S-SD1G;1;94.8986;94.8986
AC-211-TP;9;24.6;221.4
AC-FIST8-IC;5;136.12;680.6
52006-AK003;16;8.01125322;128.18005152
15004-AT013;1;635.57913;635.57913
70026-AT012;2;655.28701;1310.57402
11004-AS001;1;1016.1875625;1016.1875625
53004-AT025;1;847.43884;847.43884
9-307-1069;2;85.239;170.478
6-45-M51;2;19.188;38.376
6-45-M52;1;19.188;19.188
6-45-M54;3;19.188;57.564
ARMAAD08YA;2;620.125;1240.25
RPF-1188;2;19.5108012;39.0216024
RPF-1391;2;19.5108012;39.0216024
SBM098B;2;34.85;69.7
EVE-A90B48-INT;1;655.836;655.836
AC-45-IT;1;45.1;45.1
P-HF876;1;457.8962;457.8962
SAUC044;1;246;246
ATMSHYU18;2;118.21771818;236.43543636
ATMSHYU17;2;70.91880618;141.83761236
167-H002J;1;1102.7196;1102.7196
414BF003;1;533.574;533.574
06L115466C;181;1.148;207.788
BL02010405;2;286.426;572.852
BL02011105;1;2008.9918;2008.9918
BL02011101;1;1352.385;1352.385
BL02011104;1;344.3918;344.3918
BL02010402;1;516.5918;516.5918
BL02011106;1;344.3672;344.3672
BL020108910;1;2582.9918;2582.9918
BL04030801;1;430.4918;430.4918
BL04021111RED;1;861;861
BL02010008;2;573.9918;1147.9836
BL02010401;1;803.5918;803.5918
MMIG-BMW-0206;18;57.277;1030.986
MMIG-350Z-0306;5;82.082;410.41
MMIG-30Z-09;3;104.632;313.896
MMIG-FOST-1204;3;74.866;224.598
MMIG-STI-1104;2;74.866;149.732
CTS-TR-1015-38;2;811.7918;1623.5836
ATINTHON04;2;359.54070878;719.08141756
ATMSHON04;2;295.0269636;590.0539272
FM9003i;2;405.8672;811.7344
JSK-258-BK;2;109.1816552;218.3633104
BRG61GSF;1;1212.03462;1212.03462
SILFR6A;16;7.38;118.08
7-308;4;61.09;244.36
71008-AK001;3;96.075915;288.227745
80310-AM001;1;1172.61886;1172.61886
24999-AH001;1;86.221975;86.221975
24999-AH002;1;89.670854;89.670854
13001-AM006;1;1103.64128;1103.64128
70018-AT006;2;134.506281;269.012562
70019-AZ101;4;82.773096;331.092384
70019-AZ104;5;82.773096;413.86548
PP2045;4;13.5464;54.1856
C9000;32;4.1082;131.4624
PP1951;4;13.5464;54.1856
PP87;1;13.5464;13.5464
PP1950;2;13.5464;27.0928
PP1949;6;13.5464;81.2784
PP1931;5;13.5464;67.732
PP72;3;13.5464;40.6392
PP2088;4;13.5464;54.1856
PP2069;4;13.5464;54.1856
PP2062;5;36.4408;182.204
PP2051;4;50.9548;203.8192
PP2048;3;33.538;100.614
PP2041;3;42.5744;127.7232
PP2028;3;13.5464;40.6392
PP2026;4;13.5464;54.1856
PP2020;4;13.5464;54.1856
PP2018;4;13.5382;54.1528
PP2016;3;36.408;109.224
PP2008;2;13.5464;27.0928
PP2006;3;36.4408;109.3224
PP2005;2;13.5464;27.0928
PP1927;4;13.5464;54.1856
PP2000;3;13.5464;40.6392
PP1998;4;13.5464;54.1856
PP1923;8;36.4408;291.5264
PP1995;9;13.5464;121.9176
CG85-02-0C28;1;356.29;356.29
PP1994;2;42.5744;85.1488
PP1924;5;13.5464;67.732
57587854092H8;4;172.877976;691.511904
PP1981;4;13.5464;54.1856
PP1979;4;13.5464;54.1856
PP1962;3;36.4408;109.3224
PP1956;3;36.4408;109.3224
57849954536SB;4;185.683752;742.735008
58347903896AG;4;140.863536;563.454144
PP1952;1;13.5464;13.5464
58349952535AG;2;190.485918;380.971836
58349053535AG;2;196.53664716;393.07329432
PP1922;5;13.5464;67.732
58349953595AG;4;185.683752;742.735008
PP1895;10;13.5464;135.464
PP1884;4;13.5464;54.1856
PP1881;3;13.5464;40.6392
PP1836;5;13.5464;67.732
PP1825;2;26.445;52.89
PP1773;3;13.5464;40.6392
PP1762;3;14.8338;44.5014
PP1760;5;13.5464;67.732
PP1735;3;18.0564;54.1692
PP1728;3;26.445;79.335
PP1727;3;29.6676;89.0028
PP1743;3;13.5464;40.6392
PP1723;3;13.5464;40.6392
PP1683;8;13.5464;108.3712
PP1667;2;26.445;52.89
Z-2214710;4;87.8351733;351.3406932
Z-1350571;4;80.0746359;320.2985436
Z-2214162;3;87.8351733;263.5055199
ES-351102;2;27.212274;54.424548
PP1652;3;26.445;79.335
ES-375131;3;21.165102;63.495306
SD-3714087;3;92.0681937;276.2045811
SD-3754024;4;80.0746359;320.2985436
PP1630;4;13.5464;54.1856
SD-2218651;3;236.343639;709.030917
SD-2218353;3;161.495064;484.485192
ES-1350571;2;27.212274;54.424548
ATMSHON5;3;94.56826218;283.70478654
PP1624;6;13.5464;81.2784
ATINTVAG50;2;281.95078522;563.90157044
PP1619;3;13.5464;40.6392
PP1605;4;13.5464;54.1856
PP1577;2;13.5464;27.0928
PP1495;1;13.5464;13.5464
PP1443;3;13.5464;40.6392
MS100244;108;20.0654;2167.0632
SMNP018;1;88.15;88.15
PP1389;4;13.5464;54.1856
PP1268;3;13.5464;40.6392
E10-82-097-02-22;2;129.56;259.12
PP1319;3;13.5464;40.6392
PP1290;2;13.5464;27.0928
PP1221;3;13.5464;40.6392
PP1219;2;13.5464;27.0928
PP1195;2;13.5464;27.0928
PP1128;5;13.5464;67.732
SFDS104;1;271.379;271.379
PP1895PLUS;7;26.8714;188.0998
PP2062PLUS;3;59.1302;177.3906
PX1738;4;13.5464;54.1856
PX1746;3;18.7042;56.1126
PK438;1;144.6562;144.6562
PX1806;2;26.445;52.89
PX1819;4;21.9268;87.7072
PX1875;3;13.5382;40.6146
PK424;8;146.7308;1173.8464
PX1828;2;21.9268;43.8536
PK108;3;42.8204;128.4612
PX1921;2;13.5464;27.0928
PK107;3;42.8204;128.4612
PK159;3;38.5318;115.5954
CI100065;10;157.8172;1578.172
PX1974;5;76.1124;380.562
CI100064;11;157.8172;1735.9892
PX1999;4;18.04;72.16
PX2011;4;29.1182;116.4728
PK439;3;193.52;580.56
VWR12G7R600ITGREY;19;51.65435348;981.43271612
51003-AK126;3;20.32867822;60.98603466
33006-KH001;3;386.274448;1158.823344
15004-AT014;1;1090.0921125;1090.0921125
13002-AM003;1;358.683416;358.683416
22001-AN002;1;100.017491;100.017491
22001-AM001;1;89.670854;89.670854
VWR502000;1;70.93851406;70.93851406
VWR140012;3;162.58015606;487.74046818
SFDC088;1;142.5488;142.5488
FMDP1;3;137.62997998;412.88993994
R25-10-2;3;41;123
ATMSREN9;2;88.65589818;177.31179636
ATMSYGR24;2;70.91880618;141.83761236
ATMSBMW15;2;218.72790618;437.45581236
1CCFD08F01;2;148.83;297.66
EVE-GXXB58-CF-INT;1;655.836;655.836
EVE-GR86-CF-INT;3;639.6;1918.8
STYP011;2;194.75;389.5
SBMX102;1;225.5;225.5
21004-AT007;1;1827.90587;1827.90587
26010-AM001;1;812.95005;812.95005
70020-AZ102;1;289.705836;289.705836
PK445;2;965.181;1930.362
R14-10-2;2;51.66;103.32
R06-10-2;1;42.23;42.23
ATIKBMW7;1;415.6884589;415.6884589
ATMSBMW20;2;218.94469286;437.88938572
CBK0010;2;1706.4774;3412.9548
CBK0016;1;765.1174;765.1174
IC100012;1;765.1174;765.1174
MS100078;2;444.2514;888.5028
MS100121;1;301.3254;301.3254
MS100181;2;206.6154;413.2308
MS100187;4;176.7592;707.0368
MS100194;10;98.728;987.28
MS100207;1;784.658;784.658
MS100226;12;114.7754;1377.3048
MS100229;2;717.4754;1434.9508
MS100232;2;268.9272;537.8544
MS100234;1;279.5134;279.5134
MS100251;1;117.6454;117.6454
RF100019;10;28.6754;286.754
RF100022;2;117.6454;235.2908
SA000439;6;17.8268;106.9608
SUS00008;2;209.0754;418.1508
WHL00032;4;176.7592;707.0368
WHL00041;4;235.3154;941.2616
D660-0092;3;648.5954;1945.7862
FS3Z-6640526-SA;10;37.4986;374.986
FS3Z-2760-BL;5;21.5004;107.502
FR3Z-6766-BL;11;7.5932;83.5252
FR3Z-6750-BL;5;25.7152;128.576
FR3Z-6640526-GA;3;34.0874;102.2622
FR3Z-6640526-5A;3;34.0874;102.2622
FR3Z-2162-BL;5;23.657;118.285
FR3Z-17632-BL;6;23.657;141.942
FR3Z-16A052-BLK;10;53.8084;538.084
CS3-295430-B;4;240.711;962.844
CS11-295530-B;4;240.711;962.844
CS11-211555-B;4;251.5514;1006.2056
ACC-5033270;5;12.587;62.935
5S3Z-2457-9735M;5;59.6714;298.357
3916036;4;125.9848;503.9392
2700;1;882.7874;882.7874
EVE-X56M-CHG;3;309.96;929.88
EVE-X56M-LCI-CHG;2;309.96;619.92
SAU114B;1;36.9;36.9
SFD091B;1;32.39;32.39
SAU044B;1;34.85;34.85
SVAG006B;2;34.85;69.7
DBA42472S-2;1;197.8414;197.8414
EVE-GR86-CF-ENG;2;162.36;324.72
SAUX087;1;797.04;797.04
SAUC087;1;484.866;484.866
ATMSBMW23;2;206.90317818;413.80635636
ATMSBMW27;2;70.91880618;141.83761236
EVE-X5M50-CF-INT;1;1217.7;1217.7
26010-AT002;1;812.95005;812.95005
80310-AT001;1;1138.13007;1138.13007
80300-AT025;1;1069.15249;1069.15249
PK398;4;150.9374;603.7496
HA1GSF;1;665.14095;665.14095
E54GSN;1;702.093225;702.093225
ATMSSUZ4;3;100.48062618;301.44187854
ATINTSUZ1;2;253.46304468;506.92608936
ATMSSUZ3;1;159.60426618;159.60426618
ATIKSUZ1;2;205.0604914;410.1209828
PH/INDSUZ1;3;40.2040752;120.6122256
ATMSSUZ2;2;115.291098;230.582196
D401-0047;10;38.7204;387.204
D401-0046;8;20.6394;165.1152
D190-0001;1;507.9654;507.9654
MS100262;3;172.1918;516.5754
D650-0011;60;18.0564;1083.384
3796704935SP;4;147.859284;591.437136
R-AUD-010-I;2;295.692;591.384
ATMSHYU9;5;135.95481018;679.7740509
9-421-7270;4;202.499;809.996
201-4701;2;227.0006;454.0012
204-4302;8;112.545;900.36
204-4708;2;186.55;373.1
201-4303;1;153.0612;153.0612
151-4301;1;122.59;122.59
201-4304;2;140.8514;281.7028
201-5401;2;155.6606;311.3212
151-5407;1;106.9936;106.9936
201-5002;1;105.8784;105.8784
202-5402;1;84.05;84.05
202-5802;1;193.0772;193.0772
204-5408;4;92.5534;370.2136
201-5402;2;144.5578;289.1156
ATIKHON03;3;206.57799816;619.73399448
ATMSHON6;2;266.01696424;532.03392848
M215800+1204GS0;2;238.32972;476.65944
3797704943SP;4;159.894342;639.577368
3797704935SP;4;159.894342;639.577368
3798956538SP;8;201.157398;1609.259184
3798956545SP;4;201.157398;804.629592
KT4058;2;319.5294;639.0588
F2458P-F2459P;2;247.5498;495.0996
204-5403;1;106.8214;106.8214
204-5801;3;154.8734;464.6202
208-5402;1;70.2166;70.2166
218-5402;1;86.182;86.182
218-5401;1;78.5314;78.5314
216-5401;1;95.5218;95.5218
216-4301;1;141.45;141.45
204-4705;1;184.582;184.582
204-4105;1;296.1922;296.1922
260-4701;3;159.0554;477.1662
204-3901;2;102.6804;205.3608
202-4302;3;84.6896;254.0688
208-4701;3;114.7344;344.2032
218-4701;1;104.837;104.837
208-4601;1;114.062;114.062
201-4307;1;232.6258;232.6258
VWR900003;163;20.68342006;3371.39746978
E20-85-014-01-22;4;81.672;326.688
VWR900004;16;20.68342006;330.93472096
VWG7T-DD;4;282.9;1131.6
ATMSBMW31;2;88.64604424;177.29208848
ATMSBMW29;2;27.75854898;55.51709796
M215750+0604GS0;2;234.357558;468.715116
3795704935SP;4;132.385638;529.542552
3797806535SP;2;166.771518;333.543036
3797808045SP;4;166.771518;667.086072
379-0000SP;70;14.94066486;1045.8465402
3798808045SP;4;190.841634;763.366536
3798804435SP;8;190.841634;1526.733072
37981056515SP;4;208.034574;832.138296
3798956515SP;2;201.157398;402.314796
3798754448SP;4;187.403046;749.612184
3797806545SP;2;166.771518;333.543036
37981056515B;2;208.034574;416.069148
3798956515B;2;201.157398;402.314796
3797756548SP;4;163.33293;653.33172
RPF1RS158;4;139.262814;557.051256
PK451;4;42.845;171.38
PP2101;6;13.5464;81.2784
FMINDK50-CARBON;1;266.87425702;266.87425702
PP1621;10;13.5464;135.464
05020122095BC;2;547.20978;1094.41956
05020103095BC;2;516.38106;1032.76212
PK419;2;125.788;251.576
PK431;2;141.1056;282.2112
PK409;3;146.4192;439.2576
PK370;5;150.9374;754.687
PK433;2;140.7038;281.4076
PP1926;3;13.5382;40.6146
PP2076;2;46.1168;92.2336
PP2040PLUS;2;59.1302;118.2604
PP1693;10;13.5464;135.464
PP1885;3;13.5382;40.6146
PP1711;3;13.5382;40.6146
06310101535BB;2;503.664213;1007.328426
06310111535BB;2;518.307855;1036.61571
06708102995PB;4;374.954307;1499.817228
06708953821PB;4;362.23746;1448.94984
06588854596PG;4;335.26233;1341.04932
EVE-G8XM-CF-SC;3;305.04;915.12
06858953995KR;4;369.94464;1479.77856
57769053535GX;2;190.485918;380.971836
57769952535GX;2;185.683752;371.367504
204-5404;3;92.578;277.734
228-4301;3;123.1312;369.3936
PK430;3;89.749;269.247
STW-S1;5;18.67509;93.37545
ITC-FN2;4;120.35058;481.40232
ITC-P3;4;87.15042;348.60168
CBK0052;3;860.9918;2582.9754
D401-0050;4;38.7204;154.8816
57849952535GX;2;190.485918;380.971836
57849053535GX;2;196.53664716;393.07329432
57768854596GX;4;153.669312;614.677248
57845803592WH;4;117.94119696;471.76478784
57768953895GX;12;166.29900858;1995.58810296
57768953836GX;4;166.29900858;665.19603432
57769953536GBP;4;190.485918;761.943672
WHL00027;4;176.7592;707.0368
WHL00037;4;235.3154;941.2616
WHL00022;4;235.3154;941.2616
WHL00026;4;235.3154;941.2616
WHL00031;4;235.3154;941.2616
WHL00036;4;235.3154;941.2616
WHL00021;4;215.2254;860.9016
WHL00009;4;215.2254;860.9016
WHL00024;8;157.8254;1262.6032
WHL00016;4;157.8254;631.3016
"WHL00015 ";4;157.8254;631.3016
WHL00001;4;186.5254;746.1016
WHL00014;8;186.5254;1492.2032
T4100010;3;1239.8154;3719.4462
STT-K8;5;49.80024;249.0012
SRH-K8;2;107.90052;215.80104
MB-K8-F;3;78.85038;236.55114
SRH-L5;2;116.20056;232.40112
SRH-S1;2;132.80064;265.60128
SRH-P3;3;95.45046;286.35138
SRH-H4;2;116.20056;232.40112
SRH-FN2;3;107.90052;323.70156
STT-S1;3;29.05014;87.15042
STT-P3;3;32.370156;97.110468
TB-K8-F;3;99.60048;298.80144
TB-K8-R;3;99.60048;298.80144
TB-P3-R;3;87.15042;261.45126
TB-H4-R;2;87.15042;174.30084
TB-S1-R;3;87.15042;261.45126
TB-L5-F;3;103.7505;311.2515
TB-H4-F;2;87.15042;174.30084
TB-P3-F;3;87.15042;261.45126
TB-S1-F;2;87.15042;174.30084
TB-FN2-F;3;87.15042;261.45126
MB774-C;1;1262.8;1262.8
PK444;1;131.0278;131.0278
MBA45-C;1;1098.8;1098.8
ATMSVAG17;4;106.38313624;425.53254496
MAF-S1-200;5;37.35018;186.7509
MAF-P3-3000;4;29.05014;116.20056
OCT-S1;3;213.4296;640.2888
KF-K8-F;3;116.20056;348.60168
RTC-01;4;4.980024;19.920096
RCP-01N;4;12.45006;49.80024
MB773-C;1;1180.8;1180.8
LBH64S-C;1;2451.8;2451.8
FMJ-S1L-501-RD;2;74.70036;149.40072
FMJ-K8L-RD;2;83.0004;166.0008
FMJ-H5L-505-RD;2;83.0004;166.0008
FMJ-H3L-504-RD;2;83.0004;166.0008
CZ6C7-X/CZ6C7-QS28C;1;1586.7;1586.7
AUC7R-C;1;2041.8;2041.8
AUF3R-C;1;1344.8;1344.8
HPCW-4L;10;29.05014;290.5014
TFO-540-04;10;33.20016;332.0016
AUC8R-DC18;1;2451.8;2451.8
AUR8Y-C;2;1344.8;2689.6
DC19;1;442.8;442.8
AMT;4;122.59;490.36
RRB-S1;3;66.40032;199.20096
ETD-S1-TL;2;186.7509;373.5018
KF-K8-R;2;62.2503;124.5006
VWR680002;1;302.64405922;302.64405922
CAJ-S1-S2;3;116.20056;348.60168
TSN-BL;2;103.7505;207.501
DSS-S1;5;82.170396;410.85198
CAM-K8;2;166.0008;332.0016
CAJ-K8;2;157.70076;315.40152
R304-P3-60RS;1;365.20176;365.20176
XA-S1;2;622.503;1245.006
FXA-FN2;1;800.361;800.361
ZH-P3;3;282.20136;846.60408
CI100021;2;352.9854;705.9708
EM100051;2;346.6714;693.3428
R304-FN2-60RS;2;373.5018;747.0036
R304-H4-60RS;1;365.20176;365.20176
AG-K8-C;2;435.7521;871.5042
AG-K8-EMC;2;117.8487108;235.6974216
AG-K8-TREM;2;41.5002;83.0004
AID-S1-N;3;166.0008;498.0024
CMG-S1;2;265.60128;531.20256
CCP-S1-C;4;116.20056;464.80224
AFT-01;2;33.20016;66.40032
SSG-K8-CAL;1;475.77015;475.77015
SSG-L5-CSG;1;666.9675;666.9675
SBR-K8-RD;4;14.52507;58.10028
TRBP-K8;2;332.0016;664.0032
ALB-S1;1;24.90012;24.90012
MDB-MT;10;6.22503;62.2503
DCL-FN2;4;37.35018;149.40072
KCT-P3;2;62.2503;124.5006
MP-WAZA;3;4.565022;13.695066
PRA-K8;2;215.80104;431.60208
EMS-K8-RS;2;145.2507;290.5014
EMS-K8-MT;2;207.501;415.002
EMS-K8-RR;2;112.05054;224.10108
DRF-S1-FS;2;157.70076;315.40152
KLD-S1-15;1;614.20296;614.20296
FGD-FN2-53;1;422.41275;422.41275
ETA-S1;3;49.80024;149.40072
SSG-02-C;1;215.80104;215.80104
DBS-S1-RS;1;614.20296;614.20296
DBS-FN2-RS;1;614.20296;614.20296
SD-1314709S;4;200.3629656;801.4518624
6-627;1;495.649;495.649
ATMSHON11;2;159.60426618;319.20853236
ATRADHON01;3;204.35100772;613.05302316
TP-T/S/33;1;735.0316;735.0316
S-PO/TI/19;1;2276.0002;2276.0002
ATMSYGR23;3;351.785658;1055.356974
P-X277;1;184.5328;184.5328
E90-15-004-05-22;1;478.511;478.511
E90-81-010-02-22;1;422.136;422.136
E90-55-019-03-22;1;494.7388;494.7388
E90-55-010-01-22;1;458.216;458.216
E90-55-007-01-22;1;442.8738;442.8738
E90-70-018-02-22;1;465.883;465.883
E95-81-009-04-22;1;456.863;456.863
E90-81-003-03-22;1;470.393;470.393
S-TY/T/3;1;1643.28;1643.28
E-TY/SS/4;1;313.035;313.035
80310-AH001;1;1056.835065;1056.835065
AC-S55-CC;1;24.6;24.6
ECA1578WR;2;127.9528;255.9056
SP6062BLK;3;138.2848;414.8544
SP6080P;2;189.3298;378.6596
SP6080WB;2;189.3298;378.6596
SP1899P;4;266.8526;1067.4104
SP1899BLK;4;266.8526;1067.4104
SP1995BLK;3;299.5214;898.5642
SP1995P;1;299.5214;299.5214
SP1987BLK;2;282.8344;565.6688
ESR374WB;3;116.604;349.812
ESR374WR;5;116.604;583.02
SP3078P;2;123.4838;246.9676
SP3078BLK;13;123.4838;1605.2894
SP1202BLK;2;149.1908;298.3816
SP1204BLK;2;131.5198;263.0396
SP1204WR;2;131.5198;263.0396
SP1230WB;6;159.2358;955.4148
SP1230WR;2;159.2358;318.4716
ESR920BK;4;78.7364;314.9456
SP1986BLK;6;162.0484;972.2904
SP1986P;3;162.0484;486.1452
SP1206BLK;5;147.641;738.205
SP1206WR;4;147.641;590.564
FMMK5CTC;7;281.20188578;1968.41320046
FMMK5CT;5;217.94944492;1089.7472246
MMAI-WRX-01BP;2;117.998;235.996
MMAI-WRX-01P;2;81.426;162.852
FMKT010-RED;2;133.08731364;266.17462728
FMKT010-BLU;2;133.08731364;266.17462728
FMKT010-BLA;5;133.08731364;665.4365682
MMHOSE-S2K-00BK;1;47.81051;47.81051
MMHOSE-S2K-00BL;2;47.81051;95.62102
MMHOSE-S2K-00RD;2;47.81051;95.62102
MMHOSE-SUB-IHBL;1;123.37556;123.37556
FMFK054-BLA;1;91.8387208;91.8387208
FMFK054-BLU;3;91.8387208;275.5161624
RN07;1;290.7897694;290.7897694
MMOCC-LAWRD;3;54.6448;163.9344
MMOCC-LA;3;54.6448;163.9344
MMAI-STI-08WBK;1;150.6668;150.6668
MMAI-STI-08WRD;3;150.6668;452.0004
MMAI-STI-15WBK;2;123.82;247.64
MMAI-STI-15WRD;1;123.82;123.82
MMRT-WRX-01E;2;70.8152;141.6304
MMRT-WRX-01EBK;4;70.8152;283.2608
MMAI-MUS4-15P;3;139.4328;418.2984
MMOCC-SA;2;54.6448;109.2896
MMOCC-SAWRD;2;54.6448;109.2896
MMOCC-SAWBK;2;54.6448;109.2896
MMRT-PSA;1;34.9402;34.9402
MMRT-PSAWRD;2;34.9402;69.8804
MMRT-PSAWBK;2;34.9402;69.8804
MMRT-CA;1;35.7028;35.7028
MMRT-CAWRD;2;35.7028;71.4056
MMRT-CAWBK;1;35.7028;35.7028
MMOC-STI-08T;4;211.314;845.256
FMIND5R32-RED;2;194.65473076;389.30946152
FMIND5R32-BLU;4;194.65473076;778.61892304
FMINDBOC-BL;1;129.85522132;129.85522132
FMIND15-BK;2;215.49581386;430.99162772
FMIND15-BL;2;215.49581386;430.99162772
FMINDK4-RED;1;162.67869546;162.67869546
FMIND5R32-BLA;3;194.65473076;583.96419228
FMIND15-RD;2;215.49581386;430.99162772
MMOC-MUS4-15T;1;262.5722;262.5722
MMOC-370Z-09T;4;242.9742;971.8968
MMRS-STI-08-BL;1;11.275;11.275
MMHOSE-WRX-AM8RD;1;31.6274;31.6274
MMHOSE-WRX-AM8BL;1;31.6274;31.6274
MMHOSE-SUB-ANCBK;2;106.3048;212.6096
MMHOSE-SUB-ANCRD;4;106.3048;425.2192
MMHOSE-SUB-ANCBL;2;106.3048;212.6096
MMBCC-MIA-16PBE-BK;3;91.66124;274.98372
MMBCC-MIA-16PBE-BL;1;91.66124;91.66124
MMINT-MUS4-15KWSL;1;399.545;399.545
MMINT-MUS4-15KWBK;1;399.545;399.545
MMHOSE-TT-99BL;1;29.0444;29.0444
MMHOSE-TT-99RD;2;29.0444;58.0888
MMHOSE-TT-99BK;1;29.0444;29.0444
MMHOSE-AUD-TBBL;2;18.8928;37.7856
MMHOSE-AUD-TBRD;2;18.8928;37.7856
MMHOSE-AUD-TBBK;4;18.8928;75.5712
MMHOSE-S4-97TBL;3;167.0094;501.0282
MMHOSE-S4-97TBK;1;167.0094;167.0094
MMHOSE-E36-92BL;1;42.6892;42.6892
MMHOSE-E36-92RD;2;42.6892;85.3784
MMHOSE-E36-92BK;2;42.6892;85.3784
MMHOSE-E46-99BL;2;31.21822;62.43644
MMHOSE-E46-99RD;2;31.21822;62.43644
MMHOSE-E46-99BK;2;31.21822;62.43644
MMHOSE-E46-01IRD;1;38.84914;38.84914
MMHOSE-E46-01IBK;2;38.84914;77.69828
MMHOSE-FIST-14IHBL;2;38.8434;77.6868
MMHOSE-FIST-14IHRD;1;38.8434;38.8434
MMHOSE-FIST-14IHBK;2;38.8434;77.6868
MMHOSE-MUS4-15BL;2;55.596;111.192
MMHOSE-MUS4-15RD;1;55.596;55.596
MMHOSE-MUS4-15BK;2;55.596;111.192
MMHOSE-CIV-92B16BL;1;44.3948;44.3948
MMHOSE-CIV-92B16RD;2;44.3948;88.7896
MMHOSE-CIV-92B16BK;2;44.3948;88.7896
MMHOSE-CIV-02SIRD;1;28.1916;28.1916
MMHOSE-CIV-06RD;1;36.7114;36.7114
MMHOSE-HON-K20RD;2;34.57817;69.15634
MMHOSE-INT-97RD;1;13.776;13.776
MMHOSE-MS3-07BL;1;96.9158;96.9158
MMHOSE-MS3-07BK;2;96.9158;193.8316
MMHOSE-MS3-10BL;1;71.463;71.463
MMHOSE-MS3-10RD;1;71.463;71.463
MMHOSE-MS3-10BK;3;71.463;214.389
MMHOSE-MIA-90BL;2;41.4264;82.8528
MMHOSE-MIA-90RD;2;41.4264;82.8528
MMHOSE-MIA-90BK;2;41.4264;82.8528
MMHOSE-MIA-94BL;2;38.6958;77.3916
MMHOSE-MIA-94RD;3;38.6958;116.0874
MMHOSE-MIA-94BK;3;38.6958;116.0874
MMHOSE-MIA-99BL;2;35.00662;70.01324
MMHOSE-MIA-99RD;1;35.00662;35.00662
MMHOSE-MIA-99BK;1;35.00662;35.00662
MMHOSE-RX8-03BL;3;48.5604;145.6812
MMHOSE-RX8-03RD;1;48.5604;48.5604
MMHOSE-RX8-03BK;3;48.5604;145.6812
MMHOSE-TINY-07RD;1;107.994;107.994
MMHOSE-EVO-8BL;1;35.0058;35.0058
MMHOSE-EVO-8RD;1;35.0058;35.0058
MMHOSE-EVO-8BK;3;35.0058;105.0174
MMHOSE-EVO-XBOVBL;1;54.12;54.12
MMHOSE-EVO-XBOVRD;2;54.12;108.24
MMHOSE-EVO-XBOVBK;2;54.12;108.24
MMHOSE-EVO-9RD;2;34.2022;68.4044
MMHOSE-EVO-9BK;2;34.2022;68.4044
MMHOSE-EVO-10RD;1;51.66;51.66
TFSI4xx-BK;74;0.82;60.68
TFSI4xx-RD;95;0.82;77.9
TFSI4xx-W;88;0.82;72.16
MMHOSE-240SX-SRBL;1;29.028;29.028
MMHOSE-240SX-SRRD;2;29.028;58.056
MMHOSE-240SX-SRBK;2;29.028;58.056
FMACVAG01;4;86.68511018;346.74044072
MMHOSE-350Z-03IHBL;3;41.0164;123.0492
MMHOSE-350Z-03IHRD;2;41.0164;82.0328
MMHOSE-350Z-03IHBK;1;41.0164;41.0164
MMHOSE-350Z-03BL;2;54.2184;108.4368
MMHOSE-350Z-03RD;2;54.2184;108.4368
MMHOSE-350Z-03BK;3;54.2184;162.6552
MMHOSE-Z33-HRBL;1;47.3796;47.3796
MMHOSE-Z33-HRRD;1;47.3796;47.3796
MMHOSE-Z33-HRBK;2;47.3796;94.7592
MMHOSE-370Z-09BL;1;29.2166;29.2166
MMHOSE-370Z-09RD;2;29.2166;58.4332
MMHOSE-370Z-09BK;2;29.2166;58.4332
MMHOSE-370Z-09AIBL;1;74.28421;74.28421
MMHOSE-370Z-09AIRD;1;74.28421;74.28421
MMHOSE-370Z-09AIBK;2;74.28421;148.56842
MMHOSE-SUB-INT6BL;2;53.5706;107.1412
MMHOSE-SUB-INT6RD;2;53.5706;107.1412
MMHOSE-SUB-INT6BK;2;53.5706;107.1412
MMHOSE-WRX-01BL;2;46.5268;93.0536
MMHOSE-WRX-01BK;3;46.5268;139.5804
MMHOSE-STI-08BL;2;32.4474;64.8948
MMHOSE-STI-08RD;2;32.4474;64.8948
MMHOSE-STI-08BK;1;32.4474;32.4474
MMHOSE-SUB-INTBL;1;46.1906;46.1906
MMHOSE-SUB-INTRD;2;46.1906;92.3812
MMHOSE-SUB-INTBK;3;46.1906;138.5718
MMHOSE-BRZ-13RD;1;67.9288;67.9288
MMHOSE-BRZ-13BL;2;67.9288;135.8576
MMHOSE-BRZ-13BK;1;67.9288;67.9288
MMHOSE-BRZ-13IBL;1;51.2254;51.2254
MMHOSE-BRZ-13IBK;2;51.2254;102.4508
MMHOSE-GLF-99BL;1;104.59592;104.59592
MMHOSE-GLF-99RD;2;104.59592;209.19184
MMHOSE-GLF-99BK;1;104.59592;104.59592
MMHOSE-GLF-95BL;1;117.6864;117.6864
MMHOSE-GLF-95RD;4;117.6864;470.7456
FMFOCSTDV-BLA;2;99.95836736;199.91673472
FMFOCSTDV-BLU;3;99.95836736;299.87510208
FMFOCSTDV-RD;2;99.95836736;199.91673472
MMRT-MUS-15E;2;85.8048;171.6096
MMRT-MUS-15EBK;6;85.8048;514.8288
MMRT-STI-08;1;82.3116;82.3116
MMRT-STI-08BK;2;82.3116;164.6232
MMHOSE-E36-92IBBL;3;27.7898;83.3694
MMHOSE-E36-92IBRD;3;27.7898;83.3694
MMHOSE-E36-92IBBK;4;27.7898;111.1592
FMKTRC-BL;1;130.8603232;130.8603232
FMKTRC-BLA;1;130.8603232;130.8603232
FMKTRC-RED;2;130.8603232;261.7206464
ME-MIN/SS/2H+TP-MINR56/57-CA;1;1054.3478;1054.3478
HN17;1;355.1852673;355.1852673
ESR310BLK;1;93.5128;93.5128
ESR916P;1;129.5928;129.5928
ESR916WB;1;129.5928;129.5928
ESR916WR;6;129.5928;777.5568
SP1989-P;1;294.9048;294.9048
SP1989BLK;2;294.9048;589.8096
SP1126-P;1;209.2148;209.2148
SP1126WB;2;209.2148;418.4296
SP1898P;2;229.7066;459.4132
SP1898BLK;3;229.7066;689.1198
ECA981BLK;1;143.992;143.992
MMSK-BK;6;17.6546;105.9276
MMSK-SL;2;17.6546;35.3092
MMAI-MIA-16WBK;2;219.8625;439.725
MMAI-MIA-16WRD;2;219.8625;439.725
MMAI-MIA-16P;1;219.8625;219.8625
MMAI-FOST-13P;2;167.772;335.544
MMAI-FOST-13WBK;1;167.772;167.772
MMAI-MK7-15WBK;2;141.3106;282.6212
MMAI-MK7-15P;2;141.3106;282.6212
MMAI-MK7-15WRD;5;141.3106;706.553
FMINDP14-RED;3;181.42088934;544.26266802
FMINDP14-BLA;1;181.42088934;181.42088934
FMINDP14-BL;2;181.42088934;362.84177868
FMINTRCT-BLA;1;422.734026;422.734026
FMINTRCT-BLU;1;422.734026;422.734026
MMHOSE-SUB-ANC4BK;2;56.3504;112.7008
MMHOSE-SUB-ANC4BL;2;56.3504;112.7008
MMHOSE-SUB-ANC4RD;2;56.3504;112.7008
"TTE420 TFSI";2;1205.4;2410.8
TTE500+;2;1748.24;3496.48
TTE475;2;1398.3378;2796.6756
"TTE340 1.8T";1;880.0568;880.0568
SP6010BLK;5;131.6674;658.337
SP6010P;1;131.6674;131.6674
FMWS3;4;22.8118711;91.2474844
FMWS5;4;28.66511146;114.66044584
FMWS8;7;27.72898716;194.10291012
FMWS11;6;35.5727234;213.4363404
FMWS16;5;21.16626312;105.8313156
FMWS20;4;26.59578406;106.38313624
MMRAD-WRX-01;7;133.1926;932.3482
MMRAD-WRX-01X;4;154.5454;618.1816
FMDV008-BLA;5;97.09087082;485.4543541
FMDV008-SIL;7;97.09087082;679.63609574
FMSS114-GRE;4;5.11419486;20.45677944
FMSS114-YEL;3;5.11419486;15.34258458
FMSS114-BLU;5;5.11419486;25.5709743
FMSS114-RED;5;5.11419486;25.5709743
FMTVTUN;3;17.82577746;53.47733238
FMIND32A3-RED;1;162.06775118;162.06775118
FMIND32A3-BLA;2;162.06775118;324.13550236
FMIND32A3-BLU;2;162.06775118;324.13550236
VWR12G7R600ITBLA;62;54.45287244;3376.07809128
VWR12G7R600ITBLU;7;54.45287244;381.17010708
VWR12G7R600ITRED;16;54.45287244;871.24595904
FMDVMK7A-ALL;5;132.91979666;664.5989833
FMDVMK7A-BLA;8;132.91979666;1063.35837328
MMRAD-CIV-92;6;96.0548;576.3288
MMRAD-CIV-92X;2;123.2296;246.4592
FMFSITAT-POL;4;139.20661038;556.82644152
FMFSITAT-BLK;9;139.20661038;1252.85949342
FMFSITVR-POL;6;138.67449762;832.04698572
FMFSITVR-BLK;1;138.67449762;138.67449762
MMTD-SUB-BK;1;27.552;27.552
MMTD-SUB-BL;3;27.552;82.656
MMTD-SUB-RD;2;27.552;55.104
MMTD-SUB-PK;1;27.552;27.552
MMLG-15-20LBK;2;37.4822;74.9644
MMLG-15-LOCK-BL;2;37.4822;74.9644
MMLG-15-LOCK-RD;3;37.4822;112.4466
MMLG-15-LOCK-SL;4;37.4822;149.9288
MMLG-125-20LBK;2;37.474;74.948
MMLG-125-20LBL;3;37.474;112.422
MMAI-MIN-14P;1;128.494;128.494
MMAI-MIN-14WBK;2;128.494;256.988
MMAI-MIN-14WRD;2;128.494;256.988
MMOFC-HN-HOONRD;2;22.7878;45.5756
MMOFC-HN-HOONSL;1;22.7878;22.7878
MMAI-BRZ-13BBK;6;141.8846;851.3076
MMAI-BRZ-13BBL;2;141.8846;283.7692
MMOFC-MAZ-HOONRD;1;22.714;22.714
MMOFC-SUB-HOONRD;1;21.7956;21.7956
MMOFC-MITS-HOONSL;1;23.165;23.165
MMOFC-HN-RD;2;20.1064;40.2128
MMOFC-HN-BK;2;20.1064;40.2128
MMOFC-SUB-BK;2;19.721;39.442
MMOFC-SUB-RD;1;19.721;19.721
MMOFC-SUB-PK;2;19.721;39.442
MMOFC-MAZ-RD;1;18.04;18.04
MMOFC-MAZ-BK;1;18.04;18.04
TTE480;3;1290.0568;3870.1704
MMICP-FIST-14HWBK;1;64.4602;64.4602
MMICP-FIST-14HP;4;64.4602;257.8408
FMACMUST23;1;56.2659974;56.2659974
FMACVAG03G;3;90.58727042;271.76181126
FMACST250;1;112.61082632;112.61082632
FMAC2SUB;2;96.53905018;193.07810036
FMAC7SUB;2;91.28690016;182.57380032
FMAC4SUB;4;107.25028296;429.00113184
FMACAVXR;2;114.86737858;229.73475716
FMACCVXR;3;107.25028296;321.75084888
FMACFRS2;2;92.3806875;184.761375
FMACFRS3;1;69.7658952;69.7658952
TTE740+;1;2149.3676;2149.3676
FMACMEG;2;112.61082632;225.22165264
FMACST;5;112.61082632;563.0541316
FMACTTRS;3;86.26139076;258.78417228
FMACVAG07;4;77.6490472;310.5961888
FMACVAG05;4;90.56756254;362.27025016
MMOC-EVO-01BK;4;211.314;845.256
MMOC-EVO-01;3;211.314;633.942
FMACVAG06;6;90.57741648;543.46449888
FMACVAG08;7;90.56756254;633.97293778
FMACVXRJ;1;112.61082632;112.61082632
FMEVACT;1;125.12533012;125.12533012
FMIND3RCTY-BLA;1;117.59691996;117.59691996
FMIND3RCTY-BLU;1;117.59691996;117.59691996
FMIND3RCTY-RED;1;117.59691996;117.59691996
FMINT4-ACC;3;816.23141202;2448.69423606
FMINT4;3;798.89833156;2396.69499468
FMDVC200A-BLA;2;115.22212042;230.44424084
FMDVC200A-BLU;4;115.22212042;460.88848168
FMDVC200A-RED;2;115.22212042;230.44424084
"TTE300 MINI";2;964.2216;1928.4432
TTE280T;1;783.5838;783.5838
TTE600RS4;1;1672.8;1672.8
TTE650;1;1463.7;1463.7
FMDVRMA-BLU;2;106.95466476;213.90932952
FMDVRMA-RED;1;106.95466476;106.95466476
FMDVMK7R-ALL;5;130.3183565;651.5917825
FMDVMK7R-BK;7;130.3183565;912.2284955
FMDVMK7R-BLA;7;124.1103743;868.7726201
FMINLST180-BLU;3;53.29010752;159.87032256
FMINLST180-RED;3;53.29010752;159.87032256
FMINLST180-BLA;2;53.29010752;106.58021504
FMKTR56-RED;2;67.18416292;134.36832584
FMKTR56-BLA;1;67.18416292;67.18416292
FMKTR56-BLU;2;67.18416292;134.36832584
FMR56RDH-RED;2;93.93761002;187.87522004
FMR56RDH-BLA;2;93.93761002;187.87522004
FMR56RDH-BLU;4;93.93761002;375.75044008
FMAC5SUB;1;91.28690016;91.28690016
FMACEV10;1;131.38258202;131.38258202
FMTT225-BLA;1;271.07203546;271.07203546
SES1116ICPWB;3;241.2686;723.8058
FMHPRM-BLA;1;117.10422296;117.10422296
FMHPRM-RED;1;117.10422296;117.10422296
FMHPRM-BLU;2;117.10422296;234.20844592
FMFK054-RED;2;91.8387208;183.6774416
FMAM-B2;4;33.61178934;134.44715736
FMAM-B3;3;33.61178934;100.83536802
FMINDS5-RED;3;63.24258692;189.72776076
FMINDS5-BL;2;63.24258692;126.48517384
FMINDS5-BLA;2;63.24258692;126.48517384
FMKTICTB-RD;3;55.61563736;166.84691208
FMKTICTB-BL;3;55.61563736;166.84691208
FMKTICTB-BK;3;55.61563736;166.84691208
FMDVHR35-RD;2;18.29876658;36.59753316
FMMKV1-BLU;2;25.73849128;51.47698256
FMMKV1-RD;1;25.73849128;25.73849128
FMMKV1-BLA;1;25.73849128;25.73849128
SP9003WB;2;170.232;340.464
SP9003P;1;170.232;170.232
FMDV8PS3-RED;2;149.89813528;299.79627056
FMDV8PS3-BLU;3;149.89813528;449.69440584
FMDVC200R-BLA;1;109.74332978;109.74332978
FMDVC200R-BLU;2;109.74332978;219.48665956
FMDVC200R-RED;2;109.74332978;219.48665956
FMDV008PA-ALL;6;99.93865948;599.63195688
FMDV008PA-BLA;6;99.93865948;599.63195688
FMDVHFTFSI-BL;1;203.14882704;203.14882704
FMDVHFTFSI-BK;1;203.14882704;203.14882704
FMRS250IND-BLA;3;61.1436977;183.4310931
FMRS250IND-BLU;1;61.1436977;61.1436977
FMRS250IND-RED;2;33.97638512;67.95277024
FMCCHMK5-BLA;3;27.32497562;81.97492686
FMCCHMK5-BL;2;27.32497562;54.64995124
FMCCHMK5-RED;3;27.32497562;81.97492686
FMCCHMK5-BLU;2;27.32497562;54.64995124
FMKT008-BLA;2;109.4772734;218.9545468
FMKT008-BLU;2;109.4772734;218.9545468
FM225AH-BK;5;27.51220048;137.5610024
FM225AH-RD;2;27.51220048;55.02440096
FM225AH-BLA;5;27.51220048;137.5610024
FMKTMK7-BK;2;143.0299391;286.0598782
FMKTMK7-BL;2;143.0299391;286.0598782
FMKTMK7-RD;3;143.0299391;429.0898173
FMKTMK7-BLA;2;143.02008516;286.04017032
FMKTMK7-BLU;2;143.02008516;286.04017032
FMKT024-BLA;4;134.47671918;537.90687672
FMKT024-BLU;2;134.47671918;268.95343836
FMKT024-RED;3;134.47671918;403.43015754
FMKCR56-BLA;3;181.58840632;544.76521896
FMKCR56-BL;2;181.58840632;363.17681264
FMKCR56-RD;2;181.58840632;363.17681264
FMKC018-RD;1;72.05200928;72.05200928
SP9003SE;3;170.232;510.696
FMKCMK7-BK;1;66.021398;66.021398
FMKCMK7-BLU;4;66.021398;264.085592
FMKCMK7-RD;1;66.021398;66.021398
FMKC005-BLA;2;133.08731364;266.17462728
FMKT022-BK;1;19.70788;19.70788
FMKT022-BL;1;19.70788;19.70788
FMKCTT225-BLA;4;196.79303574;787.17214296
FMRMIND-BLA;2;31.95632742;63.91265484
FMRMIND-BLU;3;31.95632742;95.86898226
FMRMIND-RED;1;31.95632742;31.95632742
FMANC1-BLA;2;29.77860668;59.55721336
FMANC1-BLU;4;29.77860668;119.11442672
FMANC1-RED;5;29.77860668;148.8930334
FM225CC-BLA;4;20.5947346;82.3789384
FM225CC-BLU;1;20.5947346;20.5947346
FM225CC-RED;3;20.5947346;61.7842038
FMBH18T-BLU;4;57.48788596;229.95154384
FMBH18T-RED;4;57.48788596;229.95154384
FMTTBH-;4;28.17241446;112.68965784
FMBAVXR-RED;5;17.6878223;88.4391115
FMKT007-RD;1;65.036004;65.036004
FMINLCVXR-BLA;2;77.1563502;154.3127004
FMINLCVXR-BLU;2;77.1563502;154.3127004
FMINLCVXR-RED;1;77.1563502;77.1563502
FM225IND-BLA;4;120.5136862;482.0547448
FM225IND-BLU;4;120.5136862;482.0547448
FM225IND-RED;2;120.5136862;241.0273724
FMMK7INDH-BLA;7;51.733185;362.132295
FMMK7INDH-BLU;3;51.733185;155.199555
FMMK7INDH-RED;3;51.733185;155.199555
FMBH2-RED;1;14.51485362;14.51485362
FMR56IND-BLA;2;84.1526476;168.3052952
FMR56IND-BLU;2;84.1526476;168.3052952
FMR56IND-RED;2;84.1526476;168.3052952
FMINLFRS3-RED;1;11.824728;11.824728
FMINDIBFR4-BLA;1;101.18025592;101.18025592
FMINDIBFR4-BLU;3;101.18025592;303.54076776
FMINDIBFR4-RED;2;101.18025592;202.36051184
FMINDIBFR4-BK;1;101.18025592;101.18025592
FMGOLFIND-BLU;2;120.5136862;241.0273724
FMGOLFIND-RED;1;120.5136862;120.5136862
FMRMBHT-BLA;3;27.2461441;81.7384323
FMRMBHT-BLU;2;27.2461441;54.4922882
FMRMBHT-RED;2;27.2461441;54.4922882
FMRMBHS-BLA;2;25.55126642;51.10253284
FMRMBHS-BLU;3;25.55126642;76.65379926
FMRMBHS-RED;1;25.55126642;25.55126642
FM225CCH-BLA;7;31.24684374;218.72790618
FM225CCH-BLU;2;31.24684374;62.49368748
FM225CCH-RED;3;31.24684374;93.74053122
FMPOLOTB-BLA;1;40.28290672;40.28290672
FMPOLOTB-BLU;3;40.28290672;120.84872016
FMPOLOTB-RD;1;40.28290672;40.28290672
FM225TBH-BLA;2;14.60353908;29.20707816
FM225TBH-BLU;3;14.60353908;43.81061724
FM225TBH-RED;2;14.60353908;29.20707816
FM225SH-BLA;4;17.244395;68.97758
FM225SH-BLU;2;17.244395;34.48879
FM225SH-RED;1;17.244395;17.244395
FMTTUHOSE-;3;17.9341708;53.8025124
FMINLS1-BLA;3;47.14124896;141.42374688
FMINLS1-BLU;2;47.14124896;94.28249792
FMDVSU110-GRE;15;4.64120574;69.6180861
FMDVSU110-YEL;10;4.64120574;46.4120574
FMDVSU110-BLU;5;4.64120574;23.2060287
FMDVSU110-RED;5;4.64120574;23.2060287
MMOC-RS-16TBK;2;373.1164;746.2328
MMHOSE-RS-16RD;1;82.861;82.861
MMHOSE-RS-16NB;2;82.861;165.722
MMHOSE-RS-16BK;2;82.861;165.722
MMHOSE-FOST-13RD;2;48.6752;97.3504
MMHOSE-FOST-13BK;1;48.6752;48.6752
UAP3A8VX;3;127.9856;383.9568
LAP3VGT4;3;110.864;332.592
LAP3VGT5;4;110.864;443.456
L3P3VGT5;3;166.5092;499.5276
L3P3VGT7;1;166.5092;166.5092
LAP3VGT6;1;110.864;110.864
LAP3VSE3;2;108.9124;217.8248
UAP3A8JX;7;110.864;776.048
vP3AB5X;4;126.4358;505.7432
bP3AB5X;2;127.9364;255.8728
L3P3AB7X;2;166.5092;333.0184
LAP3AB7X;2;110.864;221.728
LAP3AB8X;3;110.864;332.592
UAP3A1TX;3;110.864;332.592
3P3BE8X;1;166.5092;166.5092
AP3BE8X;2;110.864;221.728
L3P3BE9X;1;166.5092;166.5092
LAP3BE9X;1;123.7052;123.7052
L3P3BE6X;3;166.5092;499.5276
LAP3BE6X;2;110.864;221.728
U3P3FFI7;3;166.5092;499.5276
UAP3FFI7;4;110.864;443.456
U3P3FMS6;2;123.1804;246.3608
UAP3FMS6;2;123.1804;246.3608
UvP3SLE1;2;170.7896;341.5792
UAP3SLE1;2;115.1444;230.2888
U3P3SLE2;3;127.92;383.76
UAP3SLE2;3;123.1804;369.5412
L3P3SFRX;2;166.5092;333.0184
LAP3SFRX;3;110.864;332.592
EVE-2TFSI-CF-INT;8;435.42;3483.36
EVE-2TFSI-KV-INT-BL;1;435.42;435.42
EVE-2TFSI-KV-INT-RD;1;435.42;435.42
JSK-126-BK;1;216.21515148;216.21515148
JSK-126-BL;2;216.21515148;432.43030296
JSK-126-RD;2;216.21515148;432.43030296
JSK-121-BK;3;196.3890242;589.1670726
JSK-121-BL;2;196.3890242;392.7780484
JSK-121-RD;2;196.3890242;392.7780484
MMHOSE-MIA-16BL;2;67.65;135.3
MMHOSE-MIA-16RD;1;67.65;67.65
MMHOSE-MIA-16BK;2;67.65;135.3
SP9001BLK;4;179.0798;716.3192
SP9001P;6;179.0798;1074.4788
VWRM026-XL;38;4.92697;187.22486
VWRM025-XL;39;9.4597824;368.9315136
VWRM012-XL;21;19.70788;413.86548
RIP-180-RD;2;43.72193178;87.44386356
RIP-180-BK;2;43.72193178;87.44386356
RIP-180-BL;2;43.72193178;87.44386356
VWR49G700;2;113.72432154;227.44864308
VWR49G701;2;113.72432154;227.44864308
SH-4-BL;1;1.5416;1.5416
SH-6-BL;4;1.5416;6.1664
SH-6-RD;48;1.5416;73.9968
SH-8-BL;26;1.5416;40.0816
SH-10-BL;2;1.5416;3.0832
SH-10-RD;14;1.5416;21.5824
MZ11YTP03;1;455.67574742;455.67574742
MZ11YTP16;2;455.67574742;911.35149484
FMKC010-RED;4;151.48461962;605.93847848
FMKC010-BLA;2;151.48461962;302.96923924
MMOC-WRX-06T;3;173.2742;519.8226
JSK-123-BK;3;137.462463;412.387389
JSK-123-BL;3;137.462463;412.387389
JSK-123-RD;4;137.462463;549.849852
MMINT-STI-08SL;2;523.9144;1047.8288
MMOC-S2K-00T;1;225.4098;225.4098
MMINT-WRX-01SL;2;483.3244;966.6488
MMRAD-STI-08;2;147.2802;294.5604
MMRAD-STI-08X;3;183.1388;549.4164
MMINT-E90-07B;2;295.8478;591.6956
MMAI-BRZ-13BRD;2;141.8846;283.7692
MMRAD-MIA-90;3;123.3772;370.1316
MMRAD-MIA-90X;3;141.3024;423.9072
MMRAD-S14-95SR;3;112.1268;336.3804
MMRAD-S14-95SRX;3;136.0216;408.0648
MMAI-BRZ-13WBK;2;148.13997;296.27994
MMAI-BRZ-13P;3;148.13997;444.41991
LAP3M58X;3;115.1444;345.4332
L3P3M58X;1;170.7896;170.7896
MMRT-RS-16EBK;2;94.7756;189.5512
MMRT-RS-16EWRD;2;94.7756;189.5512
MMHOSE-S2K-00IHRD;1;51.2254;51.2254
MMHOSE-S2K-00IHBL;3;51.2254;153.6762
MMHOSE-S2K-00IHBK;1;51.2254;51.2254
MMAI-RS-16P;1;186.2466;186.2466
MMAI-RS-16WBL;7;186.2466;1303.7262
MMOC-WRX-01TBK;2;190.7074;381.4148
MMOC-WRX-01T;5;190.7074;953.537
FMACST180;2;75.91475376;151.82950752
MMHOSE-MS3-07TIHBL;1;75.3334;75.3334
MMHOSE-MS3-07TIHBK;2;75.3334;150.6668
MMHOSE-MS3-07TIHRD;2;75.3334;150.6668
"TTE350 1.8T";1;928.2892;928.2892
SP1583P;4;194.3892;777.5568
SP1583BLK;5;194.3892;971.946
SP1583WR;6;194.3892;1166.3352
MMBCC-CTR-17PBERD2;6;78.925;473.55
MMBCC-CTR-17PBEBK2;2;78.925;157.85
FMBKS38V-BLA;1;1678.8650275;1678.8650275
FMBKS38V-RED;1;1678.8650275;1678.8650275
CTS-HW-266-180;4;154.2338;616.9352
CTS-HW-266-187;1;154.2338;154.2338
MMOC-BRZ-13T;6;292.002;1752.012
MMOC-BRZ-13;1;259.5956;259.5956
FMRLH-RED;5;39.1201418;195.600709
FMRLH-BLA;3;39.1201418;117.3604254
ATINTVAUX10-BK;1;340.91676218;340.91676218
ATINTVAUX10-BL;2;340.91676218;681.83352436
MMRAD-S2K-00;1;119.8922;119.8922
MMRAD-S2K-00X;1;36.408;36.408
SP9002BLK;5;151.536;757.68
ATINTVAG10-BK;7;324.687323;2272.811261
ATINTVAG10-BL;3;324.687323;974.061969
ATINTVAG10-RD;2;324.687323;649.374646
ATINTVAUX5-BK;1;447.62507844;447.62507844
ATINTVAUX5-BL;1;447.62507844;447.62507844
MMSK-TDP-BK;2;36.1456;72.2912
MMSK-TDP-WH;2;36.1456;72.2912
ATINTVAG14-BK;2;324.67746906;649.35493812
ATINTVAG14-BL;2;324.67746906;649.35493812
ATINTVAG14-RD;2;324.67746906;649.35493812
ATINTHON02-BK;1;505.46770624;505.46770624
20FO33001-RD;1;646.7586;646.7586
20VW33006X-BL;2;705.4296;1410.8592
20AU33006X-RD;1;643.2162;643.2162
20SB33005X-RD;1;646.7586;646.7586
20SE33020X-RD;2;689.1608;1378.3216
20RE33001X-RD;1;689.1608;689.1608
20OP33003X-BL;1;755.8104;755.8104
20MA33002-RD;1;602.126;602.126
20AU33002X-RD;2;643.2162;1286.4324
20MN33002X-RD;2;643.21866;1286.43732
MMINT-RS-16BK;1;327.86798;327.86798
FMKT005-BLA;3;116.26663806;348.79991418
FMKT005-RED;3;116.26663806;348.79991418
AC-KC-FO-01-RD;10;4.1;41
AC-KC-FO-01-BL;8;4.1;32.8
AC-KC-FO-02-RD;9;4.1;36.9
AC-KC-FO-02-BK;18;4.1;73.8
AC-KC-FO-03-RD;17;4.1;69.7
AC-KC-FO-03-BL;7;4.1;28.7
AC-KC-FO-03-BK;23;4.1;94.3
FMINTF500-BLA-MAN;2;408.99763364;817.99526728
FMINTF500-RED-MAN;2;408.99763364;817.99526728
FMCCSCI-BK;7;2.956182;20.693274
FMCCSCI-BL;1;2.956182;2.956182
FMCCSCI-RD;3;2.956182;8.868546
FM225CCHA-BLA;5;31.24684374;156.2342187
"TTE550+ AMG";1;1463.7;1463.7
MMHOSE-MUS4-15ANCBK;2;82.3116;164.6232
MMHOSE-MUS4-15ANCRD;2;82.3116;164.6232
MMHOSE-MUS4-15ANCBL;1;82.3116;82.3116
MMHOSE-SPY-00BL;1;59.8026;59.8026
MMHOSE-SPY-00RD;2;59.8026;119.6052
MMHOSE-SPY-00BK;2;59.8026;119.6052
VWRM026-S;15;4.92697;73.90455
VWRM026-XXL;10;4.92697;49.2697
VWRM011-XL;92;16.5546192;1523.0249664
VWRM007-XS;9;9.4597824;85.1380416
VWRM025-L;13;9.4597824;122.9771712
VWRM025-XS;16;9.4597824;151.3565184
FMINDF56;1;213.42648646;213.42648646
AC-200-CFA;11;2.952;32.472
AC-200-CFA-KIT;63;3.9852;251.0676
MMOC-350Z-03TBK;5;213.0196;1065.098
MMOC-350Z-03T;5;213.0196;1065.098
RIP-007-BK;2;38.83437754;77.66875508
RIP-007-BL;11;38.83437754;427.17815294
RIP-007-RD;6;38.83437754;233.00626524
FMKT025-;2;57.01489684;114.02979368
FMINLH8-BLA;4;130.33806438;521.35225752
FMINLH8-RD;3;130.33806438;391.01419314
VWR800001-BLK;3;24.75309728;74.25929184
VWR800001-SVR;4;24.75309728;99.01238912
MMFS-E46-01K;1;126.7884;126.7884
MMFS-E46-01;4;93.1684;372.6736
VWR652000-BLK;2;1138.46510396;2276.93020792
VWR652000-RED;2;1138.46510396;2276.93020792
FD107;2;380.77594948;761.55189896
SST011;1;438.5032;438.5032
SST011C;1;487.2768;487.2768
SSTS011;3;409.2292;1227.6876
SSTS011C;2;458.011;916.022
034-112-6007-BL;2;39.2944;78.5888
SFD074;1;267.7792;267.7792
SVWS041;2;347.27;694.54
SVWS041C;1;384.1208;384.1208
SSTS012C;1;436.199;436.199
SST012;2;438.5032;877.0064
SST012C;1;354.3138;354.3138
SSTS012;2;354.3138;708.6276
SFDS087;2;453.1238;906.2476
EVE-F56-LCI-CF-INT;5;758.664;3793.32
EVE-F56-CF-INT;5;758.664;3793.32
TTE535;1;1687.7568;1687.7568
MMRT-MIA-16TBK;2;79.8516;159.7032
MMRT-MIA-16TP;1;79.8516;79.8516
AC-KC-FO-01-BK;18;4.1;73.8
SVW039;2;302.416;604.832
SVWS039;2;253.6342;507.2684
034-108-9003SP;11;46.5268;511.7948
034-108-9003LP;11;46.5268;511.7948
034-108-9003TP;19;55.6452;1057.2588
SAUS045D;1;645.0858;645.0858
SFDS089;1;327.3358;327.3358
SFDS090;2;231.65;463.3
CTS-CC-MK7TSI;4;239.8418;959.3672
CTS-CC-MK7GRS3;6;239.8418;1439.0508
SVWS051;2;267.7792;535.5584
SVW052;1;243.3924;243.3924
SVWS052C;1;208.5752;208.5752
SVWS052;2;219.0056;438.0112
SRNS020;2;205.8036;411.6072
FMINLH9-STO;2;145.66094108;291.32188216
FMINLH9-TTE700-LHD;2;145.66094108;291.32188216
SFD084D;2;460.9302;921.8604
SFD085D;1;360.9394;360.9394
SRN022;2;308.5086;617.0172
SRNS022;1;254.9872;254.9872
ATINTVAUX7-BK;1;324.67746906;324.67746906
ATINTVAUX7-BL;2;324.67746906;649.35493812
SMNS010;2;311.682;623.364
SMN010;1;98.4;98.4
SFD066;1;302.4857;302.4857
SHDS016D;1;509.0724;509.0724
FMINLH12-RD;3;38.19387144;114.58161432
FMKC021-BK;4;98.65764728;394.63058912
FMKC021-RD;2;98.65764728;197.31529456
FMKC020-BLA;2;72.75163902;145.50327804
FMKC020-RED;1;72.75163902;72.75163902
FMIHF500-RED;3;76.27934954;228.83804862
FMIHF500-BLA;1;76.27934954;76.27934954
FMIHF500-BLU;2;76.27934954;152.55869908
SBM075;1;788.5284;788.5284
SVW040;1;292.1742;292.1742
SVWS040;4;243.3924;973.5696
SVW056;1;389.7214;389.7214
SVW036;3;389.7132;1169.1396
SVWS036;2;345.8186;691.6372
AC-KC-MB3B-RD;6;4.1;24.6
AC-KC-MB3B-BK;2;4.1;8.2
FMKTR56N18-RED;2;87.62123448;175.24246896
FMKTR56N18-BLA;3;87.62123448;262.86370344
FMKTR56N18-BLU;3;87.62123448;262.86370344
MMICP-MK7-15KWBK;4;185.5004;742.0016
MMICP-MK7-15KP;4;185.5004;742.0016
SVWS042;3;243.3924;730.1772
SVW042;3;287.2952;861.8856
SVW043;3;389.7214;1169.1642
SVWS043C;1;379.9552;379.9552
SVWS043;3;360.4556;1081.3668
SRNS023;2;206.8081;413.6162
SRN023;2;228.7554;457.5108
SAU081;1;721.149;721.149
VWR630000;7;89.08947154;623.62630078
VWR630001;5;89.08947154;445.4473577
MMINT-CTR-17KSLWBK;2;525.9562;1051.9124
MMEXH-MUS8-15APBK;2;244.6224;489.2448
MMEXH-MUS8-15APP;4;244.6224;978.4896
MMHOSE-MUS8-15IHRD;1;58.548;58.548
MMHOSE-MUS8-15IHBK;1;58.548;58.548
SAU083C;1;811.349;811.349
SAU083;1;766.249;766.249
SMN011;1;279.6118;279.6118
SMNS011;2;293.5928;587.1856
SBM066;1;414.1164;414.1164
SBM066C;1;417.626;417.626
FMINDK28-BLA;3;221.75306576;665.25919728
FMINDK28-BLU;3;221.75306576;665.25919728
FMINDK28-RED;3;221.75306576;665.25919728
MMRT-CTR-17EMWBK;1;113.5618;113.5618
MMRT-CTR-17EMWRD;1;113.5618;113.5618
MMAI-MUS8-15BK;3;154.119;462.357
MMAI-MUS8-15RD;5;154.119;770.595
MMAI-MUS8-15BL;1;154.119;154.119
FM225BHP-BLA;3;79.2256776;237.6770328
FM225BHP-POL;1;79.2256776;79.2256776
LAP3MF56;4;141.1056;564.4224
L3P3MF56;1;157.44;157.44
SHD014;1;548.5718;548.5718
FMINLRCS-RD;2;75.79650648;151.59301296
034-106-7042-RS4;2;277.16;554.32
034-106-7042-S4;4;249.444;997.776
SHYS101;1;520.8968;520.8968
KDT968;10;11.94297528;119.4297528
KDT914;4;11.94297528;47.77190112
SSKS003;2;343.2848;686.5696
FM225TH;8;57.55686354;460.45490832
MMEXH-MUS8-15ASBK;2;326.8766;653.7532
MMEXH-MUS8-15ASP;1;326.8766;326.8766
ESR307WB;1;128.8712;128.8712
ESR307P;3;128.8712;386.6136
ESR307WR;3;128.8712;386.6136
LAP3AC5X;2;110.864;221.728
vP3AC5X;2;166.5092;333.0184
LAP3AC6X;2;110.864;221.728
L3P3AC6X;3;166.5092;499.5276
FMINLH14-BLK;2;53.64484936;107.28969872
FMINLH14-BLU;2;53.64484936;107.28969872
FMINLH14-RED;2;53.64484936;107.28969872
FMINLH14-YEL;3;53.64484936;160.93454808
FMCAP5-A;2;23.86624268;47.73248536
FMCAP5-BK;1;23.86624268;23.86624268
CTS-CC-B8-TFSI;1;239.8418;239.8418
CTS-CC-B8.5-TFSI;1;239.8418;239.8418
CTS-B8S4-AWIC-DCC;4;294.4456;1177.7824
CTS-B8S4-AWIC;2;247.9598;495.9196
MMINT-F30-12SL;2;349.2134;698.4268
MMINT-F30-12BK;1;349.2134;349.2134
FMINDK30-BLA;2;181.2139566;362.4279132
FMINDK30-BLU;2;181.2139566;362.4279132
FMINDK30-RED;2;181.2139566;362.4279132
FMDV18-BLA;2;131.13623352;262.27246704
FMDV18-RED;3;131.13623352;393.40870056
FMDV18-BLU;2;131.13623352;262.27246704
"TTE550 N55 E";1;2195.55;2195.55
MMICP-MUS4-15WBK;2;159.9;319.8
SRNS031;2;286.59;573.18
VWR493000;2;113.72432154;227.44864308
VWR493001;2;113.72432154;227.44864308
AC-KC-AU-RSK-BL;7;4.1;28.7
AC-KC-AU-RSK-BK;5;4.1;20.5
SP1350WB;1;276.2006;276.2006
SP1350WR;2;276.2006;552.4012
CTS-EA113-BOSS500;2;1343.1518;2686.3036
CTS-EA113-BOSS600;5;1498.1318;7490.659
MMEXH-MUS8-15ARBK;4;184.3934;737.5736
MMEXH-MUS8-15ARP;2;184.3934;368.7868
ESR140WB;7;123.0082;861.0574
FMDV23A-BLA;3;128.4461079;385.3383237
FMDV23A-ALL;3;128.4461079;385.3383237
FMWS72616;2;29.18737028;58.37474056
FMWS72620;1;21.16626312;21.16626312
FMWS72613-16M;1;24.1914227;24.1914227
FMTIA2-BLA;3;87.49313326;262.47939978
FMTIA2-BLU;3;87.49313326;262.47939978
FMTIA2-RED;3;87.49313326;262.47939978
MMINT-EVO-10XB;1;254.1426;254.1426
MMINT-EVO-10X;1;254.1426;254.1426
EVE-F56-PL-INT;7;468.384;3278.688
EVE-F56-LCI-PL-INT;7;468.384;3278.688
SES1582ICPBK;3;142.4586;427.3758
SES1582ICPWR;5;142.4586;712.293
SES1899UICPWB;2;101.0486;202.0972
SES1899UICP;3;101.0486;303.1458
SP3082WR;3;154.2666;462.7998
SP3082WB;4;154.2666;617.0664
SP3087BLK;2;139.4656;278.9312
SP3087WR;2;139.4656;278.9312
SES1581ICP-BK;1;157.1612;157.1612
SES1581ICP-RD;1;157.1612;157.1612
SRN032;1;375.6338;375.6338
SRNS032;1;331.0135;331.0135
MMINT-FOST-13SL;1;275.78199;275.78199
MMINT-FOST-13BK;1;275.78199;275.78199
FMKT027-BLA;1;168.68959886;168.68959886
FMKT027-BLU;2;168.68959886;337.37919772
FMKT027-RED;1;168.68959886;168.68959886
FMKT027-YEL;2;168.68959886;337.37919772
FMINDK27-RD;3;146.68575084;440.05725252
SAUS109;1;563.5778;563.5778
SAUS085;1;217.3;217.3
SAUS086;1;350.9682;350.9682
"TTE450 L";1;1463.6918;1463.6918
ATMSFO5-BK;8;256.45864244;2051.66913952
ATMSFO5-RD;4;256.45864244;1025.83456976
ATMSFO5-W;4;256.45864244;1025.83456976
ATMSFO6-BL;2;256.45864244;512.91728488
ATMSFO6-G;3;256.45864244;769.37592732
VWR652001-RED;2;1138.46510396;2276.93020792
VWR652001-BLK;2;1138.46510396;2276.93020792
RIP-002-BK;2;52.62989354;105.25978708
RIP-002-BL;2;52.62989354;105.25978708
RIP-002-RD;4;52.62989354;210.51957416
VWR19G708;6;41.24859284;247.49155704
VWR19G709;8;46.40220346;371.21762768
FMCB-BLU;3;9.4597824;28.3793472
FMCB-RED;4;9.4597824;37.8391296
FMCB-BLA;4;9.4597824;37.8391296
FMIND2RCT-BLA;2;103.37768454;206.75536908
FMIND2RCT-BLU;3;103.37768454;310.13305362
FMIND2RCT-RED;2;103.37768454;206.75536908
CTS-IT-810;18;105.5258;1899.4644
CTS-IT-805;27;105.5258;2849.1966
SCNS014;1;267.7792;267.7792
FMINDRS4V8-BL;2;52.45252262;104.90504524
FMKCBA4B8-BK;2;112.57141056;225.14282112
FMBIVXR-BLA;2;3.71493538;7.42987076
FMBIVXR-BLU;2;3.71493538;7.42987076
SVWS045;2;231.8468;463.6936
SVWS045C;1;231.8468;231.8468
SES3082ICPWB;2;177.0134;354.0268
SES3082ICPWR;2;177.0134;354.0268
SES9200ICPWB;4;182.8518;731.4072
CTS-HW-0223;4;30.9878;123.9512
CTS-HW-0377;5;28.4048;142.024
FMSTC1-BLA;2;39.75079396;79.50158792
FMSTC1-RED;2;39.75079396;79.50158792
FMSTC1-POL;2;39.75079396;79.50158792
FMBH1-RED;1;14.50499968;14.50499968
FMBH1-RD;1;14.50499968;14.50499968
AC-250-CH-RD;10;41.328;413.28
AC-250-CH-BK;10;41.328;413.28
TTE685-B58;1;2877.5358;2877.5358
SBW0260-6P-RD;2;50.28568;100.57136
SBW0260-6P-EB;1;50.28568;50.28568
SBW0260-6P-YE;2;50.28568;100.57136
SBW0260-6P-BK;3;50.28568;150.85704
SFD0253-4P-EB;2;33.62;67.24
SFD0253-4P-RD;2;33.62;67.24
SFD0253-4P-YE;1;33.62;33.62
SFD0253-4P-BK;4;33.62;134.48
SMA0101-4P-EB;2;50.28568;100.57136
SMA0101-4P-RD;4;50.28568;201.14272
SMA0101-4P-YE;2;50.28568;100.57136
SMA0101-4P-BK;4;50.28568;201.14272
SMA0600-4P-RD;1;33.1198;33.1198
SMA0600-4P-EB;1;33.1198;33.1198
SMA0600-4P-YE;1;33.1198;33.1198
SMA0600-4P-BK;3;33.1198;99.3594
SME0455-4P-EB;1;33.62;33.62
SME0455-4P-YE;2;33.62;67.24
SME0455-4P-RD;3;33.62;100.86
SME0455-4P-BK;4;33.62;134.48
SMT0707-4P-RD;2;33.1198;66.2396
SMT0707-4P-BK;3;33.1198;99.3594
SNN0200-4P-RD;2;28.1998;56.3996
SNN0200-4P-BK;1;28.1998;28.1998
SNN0910-6P-RD;2;86.7478;173.4956
SNN0910-6P-BK;3;86.7478;260.2434
SVW0630-4P-EB;2;41.4838;82.9676
SVW0630-4P-RD;7;41.4838;290.3866
SVW0630-4P-YE;2;41.4838;82.9676
SVW0630-4P-BK;6;41.4838;248.9028
SP1125WB;4;260.35;1041.4
SBMS073;1;828.7002;828.7002
SAUS074;1;292.166;292.166
SAUS074C;1;301.022;301.022
SAUS055;1;599.2396;599.2396
SFDS071;1;320.0624;320.0624
SFDS086C;1;472.6234;472.6234
SFDS086;1;452.8778;452.8778
SMA0110-4P-RD;1;61.4836;61.4836
SMA0110-4P-YE;1;61.4836;61.4836
SMA0110-4P-EB;2;61.4836;122.9672
SMA0110-4P-BK;3;61.4836;184.4508
SMA0380-4P-RD;2;33.1198;66.2396
SMA0380-4P-BK;5;33.1198;165.599
SFD1216-4P-BK;4;41.48544;165.94176
SFD1216-4P-RD;1;41.48544;41.48544
SFD1216-4P-YE;1;41.48544;41.48544
SFD1216-4P-EB;3;41.48544;124.45632
SME0863-4P-RD;2;33.62;67.24
SME0863-4P-YE;1;33.62;33.62
SME0863-4P-BK;2;33.62;67.24
SSK1100-4P-YE;1;28.1998;28.1998
SSK1100-4P-RD;1;28.1998;28.1998
SSK1100-4P-BK;2;28.1998;56.3996
SMA0112-4P-YE;1;50.2824;50.2824
SMA0112-4P-RD;1;50.2824;50.2824
SMA0112-4P-BK;5;50.2824;251.412
SMA0112-4P-EB;1;50.2824;50.2824
SFD0121-4P-EB;1;41.4838;41.4838
SFD0121-4P-YE;1;41.4838;41.4838
SFD0121-4P-BK;5;41.4838;207.419
SFD0121-4P-RD;3;41.4838;124.4514
SVA0714-4P-EB;2;33.62;67.24
SVA0714-4P-RD;1;33.62;33.62
SVA0714-4P-BK;2;33.62;67.24
SVA0715-6P-RD;2;42.3038;84.6076
SVA0715-6P-EB;2;42.3038;84.6076
SVA0715-6P-BK;2;40.344;80.688
SCN0350-4P-RD;2;33.62;67.24
SCN0350-4P-BK;2;33.62;67.24
SVW0615-4P-YE;1;33.62;33.62
SVW0615-4P-RD;3;33.62;100.86
SVW0615-4P-BK;3;33.62;100.86
SVW0610-4P-YE;1;41.4838;41.4838
SVW0610-4P-EB;4;41.4838;165.9352
SVW0610-4P-RD;2;41.4838;82.9676
SVW0610-4P-BK;7;41.4838;290.3866
SVW0607-4P-EB;1;33.62;33.62
SVW0607-4P-BK;4;33.62;134.48
STY0015-4P-RD;1;33.6282;33.6282
STY0015-4P-EB;1;33.6282;33.6282
STY0015-4P-YE;1;33.6282;33.6282
STY0015-4P-BK;2;33.6282;67.2564
SSU0500-4P-RD;2;41.48544;82.97088
SSU0500-4P-EB;1;41.48544;41.48544
SSU0500-4P-YE;1;41.48544;41.48544
SSU0500-4P-BK;1;41.48544;41.48544
SFD1012-4P-EB;2;41.4838;82.9676
SFD1012-4P-RD;1;41.4838;41.4838
SFD1012-4P-BK;2;41.4838;82.9676
SVA1300-6P-RD;1;74.7676;74.7676
SVA1300-6P-EB;2;74.7676;149.5352
SVA1300-6P-BK;2;74.7676;149.5352
SVA1350-4P-RD;1;50.2824;50.2824
SVA1350-4P-EB;1;50.2824;50.2824
SVA1350-4P-BK;3;50.2824;150.8472
SFD1300-4P-RD;2;33.62656;67.25312
SFD1300-4P-EB;2;33.62656;67.25312
SFD1300-4P-BK;3;33.62656;100.87968
SFT0658-6P-RD;4;50.28568;201.14272
SFT0658-6P-YE;3;50.28568;150.85704
SFT0658-6P-BK;5;50.28568;251.4284
SRN0616-4P-YE;1;33.62;33.62
SRN0616-4P-RD;1;33.62;33.62
SRN0616-4P-EB;1;33.62;33.62
SRN0616-4P-BK;8;33.62;268.96
SRN0405-4P-RD;1;33.1198;33.1198
SRN0405-4P-EB;1;33.1198;33.1198
SRN0405-4P-BK;2;33.1198;66.2396
SBW0261-4P-YE;1;41.48544;41.48544
SBW0261-4P-EB;5;41.48544;207.4272
SBW0261-4P-BK;8;41.48544;331.88352
SNN0801-6P-RD;2;75.4318;150.8636
SNN0801-6P-BK;1;75.4318;75.4318
SNN0920-6P-RD;2;83.3612;166.7224
SNN0920-6P-EB;3;83.3612;250.0836
SNN0920-6P-BK;2;83.3612;166.7224
SHD0380-4P-RD;2;41.4838;82.9676
SHD0380-4P-BK;2;41.4838;82.9676
AC-MK5-FU-BL;27;21.402;577.854
AC-MK5-FU-RD;44;21.402;941.688
SHD0397-4C-BK;1;60.9752;60.9752
SHD0397-4C-RD;1;60.9752;60.9752
SHD0390-6C-BK;1;104.9846;104.9846
SHD0390-6C-YE;2;104.9846;209.9692
SHD0390-6C-RD;2;104.9846;209.9692
SHD0394-6P-RD;2;104.96;209.92
SHD0394-6C-EB;1;104.96;104.96
SHD0394-6C-BK;2;104.96;209.92
SBW1171-4P-YE;3;41.4838;124.4514
SBW1171-4P-EB;1;41.4838;41.4838
SBW1171-4P-RD;4;41.4838;165.9352
SBW1171-4P-BK;8;41.4838;331.8704
SPGS022;2;297.045;594.09
SNN0203-4P-RD;2;28.1998;56.3996
SNN0203-4P-BK;3;28.1998;84.5994
SHD1010-4P-RD;1;41.4838;41.4838
SHD1010-4P-BK;2;41.4838;82.9676
SHD0012-4P-RD;1;41.4838;41.4838
SHD0012-4P-YE;1;41.4838;41.4838
SHD0012-4P-BK;3;41.4838;124.4514
SMT0710-4P-RD;1;41.4838;41.4838
SMT0710-4P-BK;2;41.4838;82.9676
SSK1140-4P-YE;1;28.1998;28.1998
SSK1140-4P-BK;4;28.1998;112.7992
SSK1140-4P-EB;2;28.1998;56.3996
SSK1140-4P-RD;3;28.1998;84.5994
SFD067;1;302.4816;302.4816
SSK0502-4P-RD;1;41.4838;41.4838
SSK0502-4P-BK;2;41.4838;82.9676
SAU0431-4P-RD;2;33.62;67.24
SAU0431-4P-EB;1;33.62;33.62
SAU0431-4P-YE;2;33.62;67.24
SAU0431-4P-BK;5;33.62;168.1
SRN025S;1;253.6342;253.6342
SRN025;2;241.5474;483.0948
SRNS025S;2;231.6828;463.3656
SRNS025;2;220.6538;441.3076
SVW0620-4P-RD;3;33.62;100.86
SVW0620-4P-EB;2;33.62;67.24
SVW0620-4P-YE;3;33.62;100.86
SVW0620-4P-BK;5;33.62;168.1
SVW1090-4P-YE;2;33.62;67.24
SVW1090-4P-EB;1;33.62;33.62
SVW1090-4P-RD;2;33.62;67.24
SVW0608-4P-YE;2;41.4838;82.9676
SVW0608-4P-EB;2;41.4838;82.9676
SVW0608-4P-RD;2;41.4838;82.9676
SVW0608-4P-BK;2;41.4838;82.9676
SSE0428-4P-YE;1;33.62656;33.62656
SSE0428-4P-RD;1;33.62656;33.62656
SSE0428-4P-EB;2;33.62656;67.25312
SSE0428-4P-BK;5;33.62656;168.1328
SNN0940-6P-RD;3;75.4318;226.2954
SNN0940-6P-BK;3;75.4318;226.2954
PRK-138-OVAL;2;145.82845806;291.65691612
PRK-138-RECT;2;145.82845806;291.65691612
VWR12G7R601;10;232.86831008;2328.6831008
VWR12G7R600;5;176.5826048;882.913024
JSK-140-RD;3;147.28684118;441.86052354
JSK-140-BK;2;147.28684118;294.57368236
JSK-140-BL;3;147.28684118;441.86052354
SVW0705-4P-RD;2;41.4838;82.9676
SVW0705-4P-EB;1;41.4838;41.4838
SVW0705-4P-BK;2;41.4838;82.9676
SSE0250-4P-BK;3;41.47888;124.43664
SAU0630-4P-YE;1;41.4838;41.4838
SAU0630-4P-RD;2;41.4838;82.9676
SAU0630-4P-BK;6;41.4838;248.9028
FMINDDS3-RED;5;86.68511018;433.4255509
FMINDDS3-BLA;2;86.68511018;173.37022036
FMINDDS3-BLU;4;86.68511018;346.74044072
SBW1175-4P-BK;3;33.62656;100.87968
SBW1175-4P-RD;2;33.62656;67.25312
SBW1110-4P-RD;2;41.4838;82.9676
SBW1110-4P-BK;6;41.4838;248.9028
SBW0901-4P-RD;1;33.62656;33.62656
SBW0901-4P-BK;2;33.62656;67.25312
SBW0901-4P-EB;1;33.62656;33.62656
SBW1162-4P-RD;1;41.48544;41.48544
SBW1162-4P-EB;1;41.48544;41.48544
SBW1162-4P-BK;11;41.48544;456.33984
STY1005-4P-EB;1;41.48544;41.48544
SAU0496-4P-RD;2;41.48544;82.97088
SAU0496-4P-EB;1;41.48544;41.48544
SAU0496-4P-BK;4;41.48544;165.94176
SAU0631-4C-RD;2;51.8568;103.7136
SAU0631-4C-EB;3;51.8568;155.5704
SAU0631-4C-BK;4;51.8568;207.4272
SAU0651-4P-RD;2;33.62656;67.25312
SAU0651-4P-YE;1;33.62656;33.62656
SAU0651-4P-BK;3;33.62656;100.87968
SAU0703-4P-EB;1;41.4838;41.4838
SAU0703-4P-RD;1;41.4838;41.4838
SAU0703-4P-BK;2;41.4838;82.9676
SAU0755-4P-EB;2;41.4838;82.9676
SAU0755-4P-BK;2;41.4838;82.9676
SAU0785-4P-RD;1;28.1998;28.1998
SAU0785-4P-YE;1;28.1998;28.1998
SAU0785-4P-BK;2;28.1998;56.3996
SAU0780-4P-YE;1;41.4838;41.4838
SAU0780-4P-RD;2;41.4838;82.9676
SAU0780-4P-EB;2;41.4838;82.9676
SAU0780-4P-BK;3;41.4838;124.4514
STAB99FST3;1;297.47074072;297.47074072
STAB99FST3.5;2;297.47074072;594.94148144
SAU0900-4C-YE;1;51.8568;51.8568
SAU0900-4C-EB;1;51.8568;51.8568
SAU0900-4C-RD;1;51.8568;51.8568
SAU0900-4C-BK;2;51.8568;103.7136
SBW0900-6P-EB;1;49.8478;49.8478
SBW0900-6P-YE;1;49.8478;49.8478
SBW0900-6P-RD;1;49.8478;49.8478
SBW0900-6P-BK;1;49.8478;49.8478
SBW0500-4P-RD;1;26.896;26.896
SBW1010-6P-EB;2;50.28568;100.57136
SBW1010-6P-YE;3;50.28568;150.85704
SBW1010-6P-BK;1;50.28568;50.28568
SVW0706-4P-BK;2;41.4838;82.9676
SVW0706-4P-RD;2;41.4838;82.9676
SSU8003-4P-EB;1;41.48544;41.48544
SSU8003-4P-RD;1;41.48544;41.48544
SSU8003-4P-BK;2;41.48544;82.97088
12366-BK;1;132.0118;132.0118
SRN0610-4P-EB;1;33.1198;33.1198
SRN0610-4P-RD;2;33.1198;66.2396
SRN0610-4P-BK;1;33.1198;33.1198
SAU0495-4P-BK;1;33.62;33.62
SAU0495-4P-YE;1;33.62;33.62
SAU0490-4P-RD;1;33.62;33.62
SAU0601-4P-YE;1;41.4838;41.4838
SAU0601-4P-RD;1;41.4838;41.4838
SAU0601-4P-BK;3;41.4838;124.4514
SAU0432-4P-YE;1;41.4838;41.4838
SAU0432-4P-BK;3;41.4838;124.4514
SAU0432-4P-RD;2;41.4838;82.9676
SAU0432-4P-EB;1;41.4838;41.4838
SAU0433-4P-EB;2;41.4838;82.9676
SAU0433-4P-BK;4;41.4838;165.9352
SAU0433-4P-RD;3;41.4838;124.4514
SAU0433-4P-YE;2;41.4838;82.9676
FMINDMK7RF;5;59.35028062;296.7514031
SAU0485-4P-BK;2;33.1198;66.2396
SAU0485-4P-RD;1;33.1198;33.1198
SAU1558-4P-BK;5;26.896;134.48
SAU1558-4P-RD;2;26.896;53.792
VWR420001;6;118.4443588;710.6661528
VWR420000;9;118.4443588;1065.9992292
SVW1070-4P-BK;1;33.1198;33.1198
SVW1070-4P-RD;1;33.1198;33.1198
SBW1176-4P-YE;2;41.4838;82.9676
SBW1176-4P-RD;2;41.4838;82.9676
SBW1176-4P-BK;1;41.4838;41.4838
SBW0502-4C-YE;1;51.8568;51.8568
SBW0502-4C-RD;1;51.8568;51.8568
SBW0502-4C-EB;1;51.8568;51.8568
SBW0502-4C-BK;2;51.8568;103.7136
SHD1001-4P-RD;1;28.1998;28.1998
SHD1001-4P-BK;3;28.1998;84.5994
SVW0770-4P-YE;3;28.1998;84.5994
SVW0770-4P-BK;1;28.1998;28.1998
SVW0770-4P-EB;2;28.1998;56.3996
SVW0770-4P-RD;1;28.1998;28.1998
SVW0603-6P-BK;1;50.38408;50.38408
SVW0603-6P-RD;1;50.38408;50.38408
SRN0481-4C-BK;3;44.3128;132.9384
SRN0481-4C-RD;1;44.3128;44.3128
SRN0615-4P-EB;1;33.1198;33.1198
SRN0615-4P-RD;2;33.1198;66.2396
SRN0615-4P-BK;2;33.1198;66.2396
CTS-FPK-005-980;2;439.1018;878.2036
CTS-FPK-005-1300;1;439.1018;439.1018
17U-00-0550-5;2;215.3894;430.7788
17U-00-0650-5;7;217.4804;1522.3628
17U-00-0750-5;8;38.54;308.32
17U-00-1000-5;6;234.5774;1407.4644
42M-02-1000-4;2;172.2082;344.4164
22S-00-0350-4;2;167.4112;334.8224
42M-01-0550-4;1;153.0284;153.0284
42M-01-1000-4;2;172.2082;344.4164
01J-00-0550-4;2;210.5924;421.1848
01J-00-0740-4;2;222.1134;444.2268
16MX-06-1200-6;1;383.2844;383.2844
18U-08-1000-4;2;210.5924;421.1848
16MX-09-1200-4;1;172.2;172.2
16S-03-2200-4;1;402.4724;402.4724
17U-01-1000-4;7;223.327;1563.289
17U-01-0440-4;6;153.0284;918.1704
17U-01-0550-4;8;153.0284;1224.2272
17U-01-0650-4;6;207.337;1244.022
17U-01-0750-4;2;212.667;425.334
17U-07-0650-4;1;186.5992;186.5992
17U-07-0750-4;3;41;123
17U-07-1000-4;3;215.3894;646.1682
16MX-07-1200-4;1;147.6;147.6
16M-07-1500-4;1;401.8;401.8
6-102-1000;3;279.169;837.507
6-102-1200;1;139.4;139.4
6-102-0750;2;319.267;638.534
SVW1070-4P-EB;1;33.1198;33.1198
SVW1070-4P-YE;2;33.1198;66.2396
FMKC023-BLA;3;99.56420976;298.69262928
FMKC023-RED;2;99.56420976;199.12841952
FMKCMEG-BLU;3;181.38147358;544.14442074
SAU0485-4P-EB;1;33.1198;33.1198
SHYS102;2;540.749;1081.498
SHYP102;5;141.5894;707.947
SHYSP102;3;75.2924;225.8772
SMBS006;2;286.2866;572.5732
FMACF500;3;90.57741648;271.73224944
FMACF14;2;77.6490472;155.2980944
MMHOSE-CTR-17RD;1;16.4;16.4
MMHOSE-CTR-17BL;2;51.865;103.73
MMHOSE-CTR-17BK;1;51.865;51.865
MMINT-EVO-01KBK;1;416.4452;416.4452
SRN0630-6P-RD;2;50.28568;100.57136
SRN0630-6P-YE;1;50.28568;50.28568
SRN0635-6P-BK;4;50.28568;201.14272
SRN0635-6P-RD;2;50.28568;100.57136
FMINLH9-TTE777/TTE855-LHD;2;145.66094108;291.32188216
F2177P+F2179P;8;296.5612;2372.4896
F2178P+F2180P;3;296.5612;889.6836
F1555P+F1557P-30;2;533.8364;1067.6728
F1554P+F1556P-30;1;533.8364;533.8364
F1555P+F1557P-20;2;355.8964;711.7928
F1554P+F1556P-20;2;355.8964;711.7928
F6292+F6294;1;164.3116;164.3116
F2366P+F2368P-24;1;445.588;445.588
F6017+F6019-24;2;254.3476;508.6952
F6018+F6020;2;254.3476;508.6952
F1514P+F1520P;2;285.811;571.622
F1519P+F1524P;1;285.811;285.811
F2358P+2359P;1;287.9348;287.9348
SH-4-BK;12;1.5416;18.4992
ALP.07.05.0003-2;1;614.9672;614.9672
ATINTFT1-BK;1;340.87734642;340.87734642
ATINTFT1-RD;2;340.87734642;681.75469284
F1932P+F1931P;2;165.8696;331.7392
F5509-F5511;3;115.7758;347.3274
F5508-F5510;2;115.7758;231.5516
F2234P+F2236P;2;431.9104;863.8208
F2235P+F2237P;1;431.9104;431.9104
SBMS081;1;806.7898;806.7898
SBMS081CF;1;975.144;975.144
MMOC-CTR-17TBK;2;286.88561;573.77122
MMOC-CTR-17TSL;3;286.88561;860.65683
AC-WS-NI-15;63;10.5124;662.2812
AC-WS-NI-20;72;4.1;295.2
AC-WS-HN-20;87;4.1;356.7
AC-WS-HN-15;69;10.5124;725.3556
AC-WS-SB-15;94;4.92;462.48
AC-WS-SU-15;93;9.594;892.242
F2419P+F2417P;4;359.9226;1439.6904
F2420P+F2418P;1;359.9226;359.9226
F5502+F5500;1;97.0634;97.0634
MMRAD-E90-07;2;231.55693;463.11386
MMRAD-E90-07A;3;275.1018;825.3054
FMINLH11-RED;4;73.64834756;294.59339024
FMINLH11-BLU;3;73.64834756;220.94504268
FMINLH11-BLA;3;73.64834756;220.94504268
AC-WS-5;152;5.6088;852.5376
AC-WS-12;46;10.0204;460.9384
AC-WS-15;6;11.0536;66.3216
AC-WS-12-BT;15;12.6034;189.051
AC-WS-AU-10-BT;8;9.6678;77.3424
AC-WS-AU-15;11;9.6678;106.3458
AC-WS-AU-12;21;9.6678;203.0238
AC-WS-AU-10;10;9.6678;96.678
AC-WS-AU-12-BT;4;9.6678;38.6712
AC-WS-AU-15-BT;3;9.6678;29.0034
SVW055D;1;646.0206;646.0206
SVWS055D;1;574.984;574.984
SES2300ICPWB;2;164.1968;328.3936
SES2300ICPWR;2;164.1968;328.3936
SP2300WB;2;117.3174;234.6348
SP2300WR;3;117.3174;351.9522
MMRC-13-SM;1;7.79;7.79
MMRC-13-SMCF;1;12.5706;12.5706
20FI33001X-Y;2;705.4214;1410.8428
20CI33002X-RD;2;602.126;1204.252
MS100204;420;23.7964;9994.488
MS100192;544;23.7964;12945.2416
"THE-B5 022 05";2;16.4;32.8
"THE-B5 007 01";4;20.992;83.968
"THE-B5 007 05";1;30.996;30.996
"THE-B5 006 02";1;46.576;46.576
SSE0426-4P-BK;4;33.62;134.48
SSE0426-4P-RD;2;33.62;67.24
SSE0426-4P-EB;4;33.62;134.48
SSE0426-4P-YE;1;33.62;33.62
SSE0427-4P-BK;5;41.4838;207.419
SSE0427-4P-RD;4;41.4838;165.9352
SSE0427-4P-EB;2;41.4838;82.9676
SSE0427-4P-YE;4;41.4838;165.9352
SSE0420-4P-YE;1;41.4838;41.4838
SSE0420-4P-EB;2;41.4838;82.9676
SSE0420-4P-BK;2;41.4838;82.9676
SR-225-BK-ECU;5;157.10136542;785.5068271
SR-225-BL-ECU;2;157.10136542;314.20273084
SR-225-RD-ECU;2;157.10136542;314.20273084
ARAB65CRS200;5;139.88653224;699.4326612
RAB65CRS200;2;276.6986352;553.3972704
FMKT029-RED;3;84.62563672;253.87691016
L3P3S7SX;2;166.5092;333.0184
LAP3S7SX;2;110.864;221.728
L3P3S8SX;2;166.5092;333.0184
LAP3S8SX;2;110.864;221.728
LAP3BF3W;3;123.7052;371.1156
LAP3BF3X;4;123.7052;494.8208
L3P3BF3W;2;166.5092;333.0184
L3P3BF3X;1;166.5092;166.5092
LAP3BF2W;3;123.7052;371.1156
LAP3BF2X;3;123.7052;371.1156
SFD0122-4P-EB;2;41.48544;82.97088
SFD0122-4P-BK;4;41.48544;165.94176
SR-232-RD;2;72.06186322;144.12372644
SR-232-BL;2;72.06186322;144.12372644
SR-232-BK;3;72.06186322;216.18558966
SSE0404-4P-BK;2;33.62;67.24
SSE0404-4P-YE;1;33.62;33.62
SSE0404-4P-EB;1;33.62;33.62
SSE0404-4P-RD;1;33.62;33.62
R10-10-1;3;36.9;110.7
R10-10-2;3;41;123
MMSK-XT-3;4;15.6046;62.4184
353849;6;352.518;2115.108
353850;3;352.518;1057.554
353851;1;352.518;352.518
"THE-B5 004 K04";1;459.2;459.2
JE-315366;2;368.1882;736.3764
JE-315367;4;368.1882;1472.7528
JE-353840;3;376.0192;1128.0576
JE-353841;1;376.0192;376.0192
JE-353839;2;376.0192;752.0384
JE-337966;3;470.0322;1410.0966
JE-337967;3;470.0322;1410.0966
JE-314326;1;630.7686;630.7686
JE-314323;1;630.7686;630.7686
JE-314324;1;630.7686;630.7686
JE-314325;1;630.7686;630.7686
SVWS064D;1;355.0108;355.0108
SVW064D;1;382.8826;382.8826
JE-302299;1;355.1338;355.1338
JE-302300;1;355.1338;355.1338
JE-302301;1;355.1338;355.1338
315114;1;384.2192;384.2192
363325;3;380.8408;1142.5224
363326;1;380.8408;380.8408
363327;1;380.8408;380.8408
LAP3BF1X;2;137.4484;274.8968
AP3BF1XW;1;137.4484;137.4484
L3P3BF1X;2;185.0494;370.0988
3P3BF1XW;1;185.0494;185.0494
ATINTP&C4-BK;4;95.8788362;383.5153448
ATINTP&C4-RD;3;95.8788362;287.6365086
SBMS082;1;336.0278;336.0278
"TTE350+ IS12";1;1036.5784;1036.5784
F2370P+F2374P;2;296.5612;593.1224
F2371P+F2375P;1;296.5612;296.5612
284779;9;352.518;3172.662
284780;5;352.518;1762.59
284781;2;352.518;705.036
STY0014-4P-BK;3;41.4838;124.4514
STY0014-4P-YE;1;41.4838;41.4838
STY0014-4P-RD;3;41.4838;124.4514
MMRT-E36-92EBK;4;58.4906;233.9624
MMRT-E36-92E;3;58.4906;175.4718
FMGK1-BLA;2;56.79811016;113.59622032
FMGK1-RED;1;56.79811016;56.79811016
FMGK1-ALI;2;56.79811016;113.59622032
FMINDF500-BLA;3;184.13072284;552.39216852
FMINDF500-BLU;1;184.13072284;184.13072284
FMINDF500-RED;3;184.13072284;552.39216852
337924;2;372.7228;745.4456
337925;1;372.7228;372.7228
279946;1;553.5902;553.5902
279947;1;553.5902;553.5902
279948;1;553.5902;553.5902
ATIKVAG19-BK;1;127.9041412;127.9041412
ATIKVAG19-BL;2;127.9041412;255.8082824
ATIKVAG19-RD;3;127.9041412;383.7124236
TY17;1;581.49085334;581.49085334
TY18;2;568.73000104;1137.46000208
L3P3FFO3;2;166.5092;333.0184
LAP3FFO3;3;115.1444;345.4332
F2290P+F2291P+F2294P+F2295P;1;411.0086;411.0086
MMOC-MIA-16TBK;1;316.8234;316.8234
MMOC-MIA-16T;1;316.8234;316.8234
242880;5;376.0192;1880.096
242881;3;376.0192;1128.0576
242882;2;376.0192;752.0384
314437;1;372.7228;372.7228
314438;1;372.7228;372.7228
FMDV32A-BLK;4;130.3183565;521.273426
FMDV32A-POL;2;130.3183565;260.636713
FMDV32R-POL;3;124.12022824;372.36068472
EVE-FK2V2-CF-LHD-INT;6;594.828;3568.968
EVE-FK2V2-KV-LHD-INT;2;594.828;1189.656
F1550P+F1552P;1;387.5402;387.5402
F1551P+F1553P;1;387.5402;387.5402
JE-300490;2;384.2192;768.4384
SVW1400-4P-BK;2;33.62656;67.25312
SVW1400-4P-RD;2;33.62656;67.25312
SBMS076;3;445.6208;1336.8624
VWR12G60RFO;10;57.86233568;578.6233568
VWR12G60RFOC;3;69.24363638;207.73090914
369549C;1;571.2612;571.2612
186235;1;571.2612;571.2612
186236;1;571.2612;571.2612
ARMAMINF56-A;2;402.21;804.42
ARMAMINF56-A-R;2;402.21;804.42
JE-338094;6;564.037;3384.222
JE-338095;2;564.037;1128.074
FMDV33A-ALL;1;141.44345476;141.44345476
SMZ009;2;292.699;585.398
MBL.321R35G;2;1.244175996;2.488351992
MBL.321B35G11;1;1.339330026;1.339330026
L3P3VGR6;1;166.5092;166.5092
LAP3VGR6;3;110.864;332.592
F2395P+F2397P;1;287.9348;287.9348
F2394P+F2396P;1;287.9348;287.9348
F1452P+F1454P;1;245.549;245.549
F1825P+F1826P;1;245.549;245.549
SP3089WB;1;137.3664;137.3664
WKE259M77;5;311.026;1555.13
WKE259M775;5;311.026;1555.13
AC-MK45-RU-RD;35;16.974;594.09
AC-MK45-RU-BK;5;16.974;84.87
SBM083CF;1;440.9878;440.9878
SBM083;1;429.1798;429.1798
SAUS088;1;826.15;826.15
TS-0601-3102;2;81.7786;163.5572
TS-0601-3142;2;81.7786;163.5572
VWR8130S3-SEDAN;2;238.06133646;476.12267292
VWR8130S3;3;238.06133646;714.18400938
JE-338096;2;775.966;1551.932
JE-338097;2;775.966;1551.932
TS-0101-1002;1;28.7;28.7
TS-0106-1002;1;41;41
STYS009;3;408.5404;1225.6212
STY009;1;451.5986;451.5986
ATINTFT3-BK-AUTO;2;324.67746906;649.35493812
ATINTFT3-RD-AUTO;1;324.67746906;324.67746906
ATINTFT3-BK;2;357.95422444;715.90844888
ATINTFT3-BL;1;357.95422444;357.95422444
ATINTFT3-RD;1;357.95422444;357.95422444
SBW1170-4P-YE;1;33.1198;33.1198
SBW1170-4P-EB;2;33.1198;66.2396
SBW1170-4P-RD;2;33.1198;66.2396
SVWS065CF;1;885.1572;885.1572
SVWS066;1;615.9594;615.9594
TS-0615-2242;1;174.2336;174.2336
TS-0615-2192;2;174.2336;348.4672
MMICP-SUP-20BK;2;162.0812;324.1624
MMICP-SUP-20RD;2;162.0812;324.1624
SMNC018;4;156.1772;624.7088
WKE146M875;2;398.0772;796.1544
FMCTDS3-BK;1;249.88606446;249.88606446
FMCTDS3-BL;2;249.88606446;499.77212892
TFSI3xx-bk;89;0.82;72.98
TFSI3xx-rd;90;0.82;73.8
TFSI3xx-wh;87;0.82;71.34
SVW0707-4P-RD;2;41.4838;82.9676
SVW0707-4P-BK;2;41.4838;82.9676
SME0460-4P-RD;2;41.4838;82.9676
SME0460-4P-BK;1;41.4838;41.4838
SFD0256-4P-BK;1;42.2956;42.2956
SFD0256-4P-RD;1;42.2956;42.2956
SFD0255-4P-BK;2;42.2956;84.5912
SFD0255-4P-RD;1;42.2956;42.2956
VWR650000-BLK;1;2159.06723158;2159.06723158
VWR650000-RED;3;2159.06723158;6477.20169474
VWR650000-YEL;1;2159.06723158;2159.06723158
VWR494101;2;109.34917218;218.69834436
VWR494100;3;109.34917218;328.04751654
MMFW-SM-6BK;6;6.478;38.868
MMFW-SM-6BL;5;6.478;32.39
MMFW-SM-6GM;3;6.478;19.434
MMFW-SM-6RD;17;6.478;110.126
MMFW-LG-6BK;6;6.478;38.868
MMFW-LG-6GM;8;6.478;51.824
MMFW-LG-6RD;8;6.478;51.824
MMHXF-04-4-BK;6;7.8228;46.9368
MMHXF-04-4-BL;5;7.8228;39.114
MMHXF-04-4-RD;6;7.8228;46.9368
MMHXF-06-4-BK;7;7.8228;54.7596
MMHXF-06-4-BL;9;7.8228;70.4052
MMHXF-06-4-RD;9;7.8228;70.4052
MMHXF-08-4-BK;6;7.8228;46.9368
MMHXF-08-4-BL;3;7.8228;23.4684
MMHXF-08-4-RD;6;7.8228;46.9368
MMHXF-10-4-BK;8;7.8228;62.5824
MMHXF-10-4-BL;6;7.8228;46.9368
MMHXF-10-4-RD;5;7.8228;39.114
MMHXF-12-4-BK;4;10.578;42.312
MMHXF-12-4-BL;4;10.578;42.312
MMHXF-12-4-RD;3;10.578;31.734
FMTIA4-BLU;3;93.75038516;281.25115548
FMTIA4-BLA;2;93.75038516;187.50077032
SPE1050-4P-RD;2;33.6282;67.2564
SPE1050-4P-BK;2;33.6282;67.2564
SME0865-4P-YE;2;41.4838;82.9676
SME0865-4P-RD;1;41.4838;41.4838
SME0865-4P-BK;3;41.4838;124.4514
SBW0510-4P-EB;2;33.6036;67.2072
SBW0510-4P-RD;2;33.6036;67.2072
SBW0510-4P-BK;1;33.6036;33.6036
SAU0531-4P-EB;1;50.2824;50.2824
SAU0531-4P-RD;1;50.2824;50.2824
SAU0531-4P-BK;1;50.2824;50.2824
SAU0528-4P-RD;2;28.1998;56.3996
SAU0528-4P-BK;2;28.1998;56.3996
TS-0601-2142;1;77.8836;77.8836
TS-0601-2182;2;77.8836;155.7672
TS-0601-2222;1;77.8836;77.8836
WKE150M795AP;1;401.2834;401.2834
AC-500-VRH-BK;18;3.69;66.42
AC-500-VRH-BL;22;3.69;81.18
AC-500-VRH-RD;46;3.69;169.74
AC-200-TBH-BL;13;3.1734;41.2542
AC-200-TBH-RD;77;3.1734;244.3518
AC-200-TBH-BK;7;3.1734;22.2138
L3P3VGR7;2;166.5092;333.0184
LAP3VGR7;2;110.864;221.728
AC-MK7-IND-BL;8;14.022;112.176
AC-MK7-IND-RD;6;14.022;84.132
MS100208;504;15.8588;7992.8352
MS100210;271;15.8588;4297.7348
SSE0432-4P-BK;2;41.4838;82.9676
SSE0432-4P-RD;2;41.4838;82.9676
SSE0432-4P-YE;1;41.4838;41.4838
SSE0433-4P-BK;5;41.4838;207.419
SSE0433-4P-EB;2;41.4838;82.9676
SSE0433-4P-RD;4;41.4838;165.9352
SBW1178-4P-EB;3;41.48544;124.45632
SBW1178-4P-BK;1;41.48544;41.48544
VWR800001;17;5.30141972;90.12413524
VWR800000;8;5.30141972;42.41135776
SP-201;79;11.152;881.008
SP-204;21;11.152;234.192
1050.48.14.R35.6;1;385.728;385.728
1300.48.14.R35.6;1;774.9;774.9
L3P3HC10;3;166.5092;499.5276
LAP3HC10;3;115.1444;345.4332
VW127;2;566.60155;1133.2031
MagnyStick-BK;99;0.82;81.18
MagnyStick-RD;100;0.82;82
MagnyStick-W;98;0.82;80.36
MonaStick-BK;98;0.82;80.36
MonaStick-RD;100;0.82;82
MonaStick-W;99;0.82;81.18
SpaStick-BK;96;0.82;78.72
SpaStick-RD;98;0.82;80.36
SpaStick-W;97;0.82;79.54
MonzStick-BK;100;0.82;82
MonzStick-RD;99;0.82;81.18
MonzStick-W;100;0.82;82
CatalStick-BK;97;0.82;79.54
CatalStick-RD;98;0.82;80.36
CatalStick-W;100;0.82;82
LeMansStick-BK;99;0.82;81.18
LeMansStick-RD;98;0.82;80.36
LeMansStick-W;96;0.82;78.72
SilvStick-BK;100;0.82;82
SilvStick-RD;100;0.82;82
SilvStick-W;100;0.82;82
EstoStick-BK;98;0.82;80.36
EstoStick-RD;98;0.82;80.36
EstoStick-W;97;0.82;79.54
NurbStick-W-BK;77;0.82;63.14
NurbStick-RD;86;0.82;70.52
NurbStick-W;83;0.82;68.06
VWR652002-BLK;3;1138.46510396;3415.39531188
VWR652002-RED;3;1138.46510396;3415.39531188
VWR1200R601E;102;262.83414162;26809.08244524
VWR1200R600E;130;188.56499584;24513.4494592
TTE710;1;1928.927;1928.927
ACCLAMPHX32-50;458;0.6232;285.4256
ACCLAMPHX12-22;358;0.3772;135.0376
ACCLAMPHX10-16;301;0.246;74.046
ACCLAMPHX16-25;169;0.4756;80.3764
ACCLAMPHX23-35;157;0.5658;88.8306
ACCLAMPHX30-45;113;0.5658;63.9354
ACCLAMPHX40-60;122;0.6642;81.0324
ACCLAMPHX45-65;114;0.7052;80.3928
ACCLAMPHX50-70;140;0.7052;98.728
ACCLAMPHX60-80;98;0.738;72.324
ACCLAMPHX80-100;75;0.8446;63.345
ACCLAMPHX90-110;48;0.9922;47.6256
FMINDK28RC;3;51.66420742;154.99262226
FMINDK28RF;2;58.54225754;117.08451508
AC-S1-CH-BK;13;50.184;652.392
AC-S1-CH-RD;14;50.184;702.576
AC-VR6-CH-BK;8;52.07;416.56
AC-VR6-CH-RD;9;52.07;468.63
AC-N14-IND-BK;21;18.1876;381.9396
AC-N14-IND-RD;23;18.1876;418.3148
AC-N14-IND-BL;25;18.1876;454.69
FMKTR56N18-BLK;3;87.62123448;262.86370344
AC-MK7-THK-BK;57;18.45;1051.65
AC-MK7-THK-BL;45;18.45;830.25
AC-MK7-THK-RD;37;18.45;682.65
SVW0621-4P-BK;3;33.62;100.86
SVW0621-4P-EB;1;33.62;33.62
SVW0621-4P-RD;1;33.62;33.62
SVW0621-4P-YE;1;33.62;33.62
SVW0622-4P-BK;5;33.62;168.1
SVW0622-4P-RD;2;33.62;67.24
SVW0622-4P-YE;2;33.62;67.24
PH/INDFO22-BK;5;41.61318862;208.0659431
PH/INDFO22-BL;4;41.61318862;166.45275448
PH/INDFO22-RD;3;41.61318862;124.83956586
SSE0630-4P-RD;1;33.62;33.62
SSE0630-4P-BK;1;33.62;33.62
AC-MK7-CH-BK;3;11.07;33.21
AC-MK7-CH-RD;6;11.07;66.42
AC-500-CH-BL;11;14.391;158.301
AC-500-CH-BK;20;14.391;287.82
AC-500-CH-RD;41;14.391;590.031
AC-500-AH-BL;12;16.441;197.292
AC-500-AH-BK;22;16.441;361.702
AC-500-AH-RD;44;16.441;723.404
AC-500-THK-BL;13;10.2008;132.6104
AC-500-THK-BK;24;10.2008;244.8192
AC-500-THK-RD;44;10.2008;448.8352
JE-371720;1;553.5902;553.5902
RIP-010-BL;7;37.16906168;260.18343176
RIP-010-RD;5;37.16906168;185.8453084
RIP-010-BK;2;37.16906168;74.33812336
ECA1305WB;3;126.5014;379.5042
ECA1305WR;2;126.5014;253.0028
SP-888;15;9.7252;145.878
SP-999;13;9.7252;126.4276
SP-820;24;6.8224;163.7376
SP-821;68;6.8224;463.9232
SP-823;17;6.8224;115.9808
SP-822;40;6.8224;272.896
SP-824;16;6.8224;109.1584
SP-733;9;8.774;78.966
SP-734;11;8.774;96.514
SP-732;10;8.774;87.74
SP-731;19;8.774;166.706
SP-736;9;8.774;78.966
SP-738;12;8.774;105.288
SP-124;40;8.979;359.16
SP-134;3;8.979;26.937
SP-760;3;8.979;26.937
SP-756;4;8.979;35.916
SP-121;95;8.979;853.005
SP-128;5;8.979;44.895
SP-130;14;8.979;125.706
SP-102;12;10.6682;128.0184
SP-998;17;10.6682;181.3594
SP-670;23;8.774;201.802
SP-671;14;8.774;122.836
SBM084CF;1;907.5596;907.5596
SAUX089;1;495.075;495.075
VWR121000;2;183.85481252;367.70962504
VWR121001;1;183.85481252;183.85481252
SAU0436-4P-BK;3;33.62656;100.87968
SAU0436-4P-EB;1;33.62656;33.62656
SAU0436-4P-RD;6;33.62656;201.75936
SAU0436-4P-YE;1;33.62656;33.62656
MMRAD-350Z-03;3;141.8846;425.6538
MMRAD-350Z-03X;2;183.3602;366.7204
MMAI-CTR-17URD;3;192.782;578.346
ARMGOLF8G-B;4;306.0486;1224.1944
ARMGOLF8G-A;2;199.26;398.52
SAUS091;1;501.4054;501.4054
SAUS090;1;756.901;756.901
AC-MK7-DI.A;26;6.642;172.692
AC-MK7-DI.B;38;6.642;252.396
8E0971824S-BL;344;4.1;1410.4
8E0971824S-RD;958;4.1;3927.8
EUPD4004901R;2;415.5104;831.0208
EUPD4004902R;2;415.5104;831.0208
AC-WS-BM-10-BT;16;10.2664;164.2624
AC-WS-BM-12-BT;69;11.1356;768.3564
AC-WS-BM-15-BT;68;12.2836;835.2848
AC-WS-BM-10;8;5.1332;41.0656
AC-WS-BM-12;16;5.5678;89.0848
AC-WS-BM-15;19;6.1418;116.6942
RBF600;150;5.6744;851.16
RBF660;49;7.3062;358.0038
RBF700;52;8.4378;438.7656
15w50-2;7;17.466;122.262
15w50-5;6;42.6728;256.0368
CTS-HW-0420R-BK;1;359.7668;359.7668
CTS-HW-0420R-SL;10;359.7668;3597.668
F2433P+F2434P;1;403.6532;403.6532
SVWS059;2;190.2728;380.5456
SVW059;1;219.186;219.186
107920;16;9.6596;154.5536
111049;10;2.2058;22.058
D650-0010;299;17.1708;5134.0692
D650-0009;140;17.1708;2403.912
034-108-6007;3;68.1174;204.3522
TFSI3xx-bl;100;0.82;82
VWR12G6GTFO;3;57.86233568;173.58700704
VWR12G6GTFOC;2;69.24363638;138.48727276
10w60-2;12;15.498;185.976
10w60-5;21;42.6728;896.1288
ATIKFO31-BL;2;315.53301274;631.06602548
BF30500;10;6.56;65.6
BF20500;77;2.911;224.147
E10-20-030-02-22;4;97.744;390.976
E10-20-030-03-22;3;97.744;293.232
VWR12P2GTG;3;329.98874272;989.96622816
VWR12P2GTM;2;329.98874272;659.97748544
FMTIA6-BLU;2;106.34372048;212.68744096
FMTIA6-RED;2;106.34372048;212.68744096
FMTIA6-BK;3;106.34372048;319.03116144
VWR121003;2;183.85481252;367.70962504
BF410LV;43;0.032133012;1.381719516
RF328;29;0.063495306;1.841363874
SSTS016;1;519.5192;519.5192
LAP3TA90;3;142.2044;426.6132
L3P3SFR2;2;170.7896;341.5792
AC-MK3ST-SC-BK;2;51.66;103.32
AC-MK3ST-SC-BL;6;51.66;309.96
AC-MK3ST-SC-RD;5;51.66;258.3
FMINLH21-BL;4;39.25809696;157.03238784
FMINLH21-RED;2;39.25809696;78.51619392
FMINLH21-BK;2;39.25809696;78.51619392
S90-4-15-009;2;56.744;113.488
S90-4-20-013;12;63.304;759.648
S90-4-25-029;2;60.68;121.36
S90-4-30-016;2;63.632;127.264
S90-4-20-010;3;63.304;189.912
S90-4-30-003;2;69.208;138.416
S90-4-15-007;4;59.04;236.16
SVWS071CF;1;312.051;312.051
SVWS071;3;273.2076;819.6228
SVWS072;2;292.0184;584.0368
S90-2-10-004-B-BT;9;54.612;491.508
S90-2-12-002-B-BT;6;57.728;346.368
S90-2-15-001-B-BT;8;60.68;485.44
S90-2-10-004-B;4;42.312;169.248
S90-2-12-002-B;4;43.624;174.496
S90-2-15-001-B;4;46.576;186.304
S90-2-12-019-BT;3;47.1008;141.3024
S90-2-15-004-BT;1;49.7248;49.7248
S90-2-12-019;2;45.264;90.528
S90-2-15-020-BT;4;46.576;186.304
S90-7-20-012-BT;4;62.976;251.904
S90-2-10-021-BT;4;43.952;175.808
S90-2-15-020;1;48.544;48.544
S90-2-10-038-B-BT;3;40.672;122.016
S90-2-15-055-B-BT;3;60.844;182.532
S90-2-10-038-B;2;48.544;97.088
S90-2-12-023-B;4;45.264;181.056
S90-2-15-055-B;7;48.544;339.808
CTS-TR-1010-71;1;1295.1818;1295.1818
CTS-TR-1010-76;3;1391.1218;4173.3654
SBM090CF;1;898.884;898.884
SHYP106;2;118.3916;236.7832
SHYP107;3;68.88;206.64
SHY105;2;435.6332;871.2664
SHY106;3;320.5872;961.7616
SFDS106;1;207.6978;207.6978
SME0950-4P-BK;2;28.1998;56.3996
FMINLH20-BLACK;3;47.75219324;143.25657972
FMINLH20-RED;3;47.75219324;143.25657972
FMINLH20-BLUE;3;47.75219324;143.25657972
SAU0437-4P-RD;1;41.48544;41.48544
SAU0437-4P-BK;1;41.48544;41.48544
"TTE490 G4KH-NW";1;1446.5702;1446.5702
VWR650000-BLU;2;2159.06723158;4318.13446316
S90-7-20-044-B;2;72.488;144.976
S90-7-25-052-B;4;67.24;268.96
FMTIA9-BLA;2;131.27418868;262.54837736
FMTIA9-RED;2;131.27418868;262.54837736
FMTIA9-BLU;3;131.27418868;393.82256604
SDN125B-C;5;0.435929958;2.17964979
SDN125R-C;4;0.435929958;1.743719832
SDN125Y-C;3;0.435929958;1.307789874
SDN150B-C;5;0.435929958;2.17964979
SDN150R-C;3;0.435929958;1.307789874
SDN150Y-C;3;0.435929958;1.307789874
SES1128ICPWB;4;148.0674;592.2696
SES1128ICPWR;4;148.0674;592.2696
SP3078WR;5;123.4838;617.419
4B1630H-25;1;19.9916;19.9916
4B1630H-STD;2;19.9916;39.9832
5M8174H-STD;5;40.2784;201.392
5M5563H-STD;9;48.6506;437.8554
4B1609H-STD;27;23.0092;621.2484
6B1584H-25;2;69.741;139.482
6B1584H-STD;40;69.741;2789.64
5M7788H-25;1;53.669;53.669
5M7788H-STD;4;53.669;214.676
4B7267H-STD;2;32.1932;64.3864
4B2960H-STD;1;28.7164;28.7164
5B5562H-STD;3;38.0562;114.1686
4B5562H-25;2;33.2756;66.5512
4B5562H-STD;8;33.2756;266.2048
5B7880H-25;1;28.0604;28.0604
5B7880H-STD;6;28.0604;168.3624
1300.34.14.14.5;2;637.3532;1274.7064
CTS-HW-0484-BK;3;313.6418;940.9254
CTS-HW-0484;10;313.6418;3136.418
FMGK2-RED;1;44.71717972;44.71717972
FMGK2-SIL;1;44.71717972;44.71717972
FMGK2-BLA;2;44.71717972;89.43435944
PH/AUXYGR1-BK;2;74.65344944;149.30689888
PH/AUXYGR1-RD;2;74.65344944;149.30689888
PH/COLGR1-RD;2;55.29045734;110.58091468
PH/COLGR1-BK;3;55.29045734;165.87137202
5M1959H-STD;3;28.1588;84.4764
SSU0700-4P-EB;1;33.1198;33.1198
SSU0700-4P-RD;2;33.1198;66.2396
SSU0700-4P-BK;2;33.1198;66.2396
7M1397H-25;2;83.3612;166.7224
7M1397H-STD;10;83.3612;833.612
6B1510H-STD;1;70.0444;70.0444
5M5585H-STD;4;47.2074;188.8296
4M2633H-STD;1;28.6098;28.6098
L3P3VGT8;3;170.7896;512.3688
LAP3VGT8;3;127.9856;383.9568
L3P3VGR8;1;170.7896;170.7896
LAP3VGR8;4;127.9856;511.9424
L3P3BG42;3;166.5092;499.5276
LAP3BG42;3;123.7052;371.1156
CTS-EA888.1-BOSS600;2;1498.1318;2996.2636
SPR1000-4P-RD;1;33.62;33.62
SPR1000-4P-BK;2;33.62;67.24
SAU0705-4P-RD;1;28.1998;28.1998
SAU0705-4P-BK;1;28.1998;28.1998
SAU0650-6P-RD;1;42.3038;42.3038
SAU0650-6P-BK;1;42.3038;42.3038
WKE365M79;4;368.139;1472.556
WKE365M795;1;368.139;368.139
SK-D13;5;11.89;59.45
4B1972H-STD;1;16.2442;16.2442
AC-MK7-FU-RD;4;21.402;85.608
4B8171H-STD;4;27.634;110.536
8B1578H-25;1;89.9458;89.9458
8B1578H-STD;2;89.9458;179.8916
8B1580H-STD;3;85.403;256.209
7M1532H-STD;2;70.069;140.138
5M1633H-25;1;51.3156;51.3156
5M1633H-STD;3;51.3156;153.9468
6B2640H-25;1;34.317;34.317
4B1355H-STD;6;25.2314;151.3884
VWR1210R600EG;8;341.84303254;2734.74426032
VWR1210R600EM;4;341.84303254;1367.37213016
VWR1210R601EG;5;375.75044008;1878.7522004
VWR1210R601EM;1;392.64009324;392.64009324
VWR800003;14;5.30141972;74.21987608
VWR800002;5;5.30141972;26.5070986
SP3000WR;4;171.4046;685.6184
SP3000WB;7;171.4046;1199.8322
15009-AK004;15;14.8794494;223.191741
15009-AK005;8;14.8794494;119.0355952
SME0465-4P-BK;2;41.48544;82.97088
FMDVHFS1-BLA;2;132.24972874;264.49945748
5M1985H-STD;1;38.4498;38.4498
16U-02-0450-4;1;158.9652;158.9652
16U-02-0700-4;1;158.9652;158.9652
2203-RN010;1;148.73537036;148.73537036
2203-RN009;1;148.73537036;148.73537036
41003-RM006;4;7.2426459;28.9705836
41003-RF002;2;9.51890604;19.03781208
4103-RN001;7;7.2426459;50.6985213
41003-AF006;1;9.51890604;9.51890604
41003-RN002;5;7.2426459;36.2132295
41003-AF007;2;24.5855803;49.1711606
17mx-12-0850-3;2;167.4112;334.8224
17mx-12-1100-3;1;177.0134;177.0134
AC-CEL-FIX-S;56;11.439;640.584
SAUS107CF;1;550.3758;550.3758
4B8351H-STD;2;19.9506;39.9012
4B8172H-STD;4;29.8234;119.2936
4B1146H-STD;2;20.2294;40.4588
4B8310H-STD;2;21.156;42.312
10B1580H-STD;2;102.0408;204.0816
6B1515H-STD;2;59.8764;119.7528
4B1236HX-STD;1;22.2958;22.2958
5M1913H-STD;1;28.1588;28.1588
5M8353H-STD;1;26.6418;26.6418
5M1237H-STD;2;40.5654;81.1308
5M1144H-STD;1;48.052;48.052
5M2964H-STD;2;33.9972;67.9944
VWR150004;4;54.3937488;217.5749952
VWR150003;3;54.3937488;163.1812464
27002-AN004;2;1742.29483928;3484.58967856
52008-AK002;7;43.4558754;304.1911278
52008-AK003;8;28.55671812;228.45374496
MST-BW-MIF5602;1;199.95615048;199.95615048
22002-AM012;1;146.40984052;146.40984052
22002-AM011;1;146.40984052;146.40984052
FMTIA11-BLACK;4;135.97451806;543.89807224
FMTIA11-RED;5;135.97451806;679.8725903
FMTIA11-PERFBLUE;3;135.97451806;407.92355418
FMKT033-BLA;2;131.46141354;262.92282708
FMKT033-RED;2;131.46141354;262.92282708
W93452;4;58.62108906;234.48435624
W93453;2;58.62108906;117.24217812
MS100201;2;439.0854;878.1708
MS100205;1;450.467;450.467
MMHOSE-500T-12BK;2;143.6968;287.3936
4M8533H-25;1;48.544;48.544
4M8533H-STD;4;48.544;194.176
3B8532H-25;1;32.4146;32.4146
3B8532H-STD;2;32.4146;64.8292
TTE600-N54-1x;1;1892.9946;1892.9946
TTE600-N54-3x;1;1892.9946;1892.9946
SBW0271-4P-RD;2;41.4838;82.9676
SBW0271-4P-EB;1;41.4838;41.4838
SBW0271-4P-Y;1;41.4838;41.4838
SBW0351-4P-RD;2;33.1198;66.2396
SBW0351-4P-BK;2;33.1198;66.2396
SBW0270-4P-RD;1;28.1998;28.1998
VWR640015;14;50.98428556;713.77999784
VWR640020;7;57.78350416;404.48452912
VWR640012;11;47.58467626;523.43143886
VWR640017;11;54.79776034;602.77536374
VWR640115;9;51.1912183;460.7209647
VWR640120;8;58.19736964;465.57895712
VWR640112;10;48.19562054;481.9562054
VWR640117;14;54.79776034;767.16864476
52003-AK002;6;23.2060287;139.2361722
52003-AK003;13;18.41701386;239.42118018
52001-AK124;12;18.79146358;225.49756296
52001-AK125;6;64.08017182;384.48103092
52001-AK133;6;64.08017182;384.48103092
52001-AK132;12;18.79146358;225.49756296
52001-AK126;12;18.79146358;225.49756296
52001-AK127;6;64.08017182;384.48103092
SP-187;11;8.979;98.769
SP-183;18;8.979;161.622
SP-181;11;8.979;98.769
SP-193;5;8.979;44.895
SP-189;20;8.979;179.58
S90-4-15-018;4;65.928;263.712
S90-4-20-024;4;62.648;250.592
VWR90000;175;23.78741116;4162.796953
VWR900001;311;23.78741116;7397.88487076
VWR900002;99;23.78741116;2354.95370484
FMBH7-BLA;1;35.43476824;35.43476824
FMBH7-PERFORMANCEBLU;1;35.43476824;35.43476824
FMBH7-RED;1;35.43476824;35.43476824
AC-200-CH-RD;1;18.45;18.45
AC-200-CH-BK;2;18.45;36.9
4B1293H-STD;1;32.5376;32.5376
5M1295H-STD;1;50.512;50.512
825943;3;160.0968;480.2904
82594;10;160.0968;1600.968
VWR030000-F3RSQ3OPF;1;423.5716109;423.5716109
SMBS003;1;525.6692;525.6692
SMB003;1;584.8322;584.8322
AC-8V5RS-DPHS;2;217.71;435.42
MS100197;5;5.1414;25.707
MS100179;10;5.1414;51.414
MS100178;6;5.1414;30.8484
D757-0009;5;3.69;18.45
D757-0008;5;3.69;18.45
D757-0007;4;3.69;14.76
FMINLH25-RD;2;41.60333468;83.20666936
1050.60.11.D.4;1;281.916;281.916
1050.34.14.14.4;2;284.2366;568.4732
D660-0098-BLK;2;1033.1754;2066.3508
D660-0098;1;1033.1754;1033.1754
D660-0100-BLK;2;1180.7918;2361.5836
CI100052-A;16;51.6354;826.1664
CI100052-B;4;185.4348;741.7392
HX-N-00-R;4;863.46;3453.84
HX-N-00;1;743.535;743.535
HK-FR-00;5;92.25;461.25
HB-FR-00;3;92.25;276.75
WK651M86;1;293.9536;293.9536
WK651M865;1;293.9536;293.9536
L3P3F15B;2;166.5092;333.0184
LAP3F15B;1;123.7052;123.7052
SAUS112;1;642.593;642.593
SAUS097;1;584.2418;584.2418
SVWS053;1;378.3644;378.3644
SBW1180-4C-RD;1;42.6974;42.6974
SBW1180-4C-EB;1;42.6974;42.6974
CTS-FPK-004-450;2;191.1338;382.2676
CTS-FPK-004-525;3;229.518;688.554
9-201-1019;6;44.2472;265.4832
9-201s-1005;4;44.2472;176.9888
9-301s-1005;2;68.6012;137.2024
9-421s-1005;1;76.7192;76.7192
9-201-0848;3;44.2472;132.7416
9-201-0846;3;44.2472;132.7416
9-201-0791;4;44.2472;176.9888
9-301-0791;4;68.6012;274.4048
9-421-0791;3;76.7192;230.1576
9-201-0847;8;44.2472;353.9776
9-301-0847;5;68.6012;343.006
9-421-0847;6;76.7192;460.3152
9-201-0836;5;44.2472;221.236
52001-AK061;10;10.30722124;103.0722124
9-301-0766;2;68.6012;137.2024
9-421-0766;2;76.7192;153.4384
9-201-0766;5;44.2472;221.236
9-201-1031;12;44.2472;530.9664
9-301-1031;1;68.6012;68.6012
9-421-1031;2;76.7192;153.4384
9-201-1020;3;44.2472;132.7416
9-301-1020;2;68.6012;137.2024
9-421-1020;1;76.7192;76.7192
9-201-1000;30;44.2472;1327.416
9-301-1000;13;68.6012;891.8156
9-421-1000;8;76.7192;613.7536
9-201-1024;5;44.2472;221.236
9-301-1024;2;68.6012;137.2024
9-421-1024;2;76.7192;153.4384
9-652-1008;12;64.534;774.408
9-309-1008;15;76.7192;1150.788
9-651-1026;4;64.534;258.136
9-307-1026;6;76.7192;460.3152
9-651-1017;12;64.534;774.408
9-307-1017;8;76.7192;613.7536
9-652-1000;9;64.534;580.806
9-309-1000;7;76.7192;537.0344
9-652-1006;9;64.534;580.806
S90-2-10-013-BT;4;54.5792;218.3168
S90-2-15-008-BT;4;60.4832;241.9328
S90-2-20-021-BT;4;64.0912;256.3648
S90-2-10-013;2;40.672;81.344
S90-2-15-008;2;46.576;93.152
S90-2-20-021;2;50.184;100.368
9-651-1009;5;64.534;322.67
9-355-1025;14;101.065;1414.91
9-655-1025;41;80.7782;3311.9062
9-354-1025;11;101.065;1111.715
9-654-1025;46;80.7782;3715.7972
9-651-1010;5;64.534;322.67
9-307-1010;7;76.7192;537.0344
"70 OP 11";1;273.8882;273.8882
"60 OP 11";1;205.0902;205.0902
"70 VS 13";1;273.8882;273.8882
"60 VS 13";2;205.0902;410.1804
"70 ME 01";2;293.4534;586.9068
"70 AV 13";1;273.8882;273.8882
"60 AV 13";4;182.45;729.8
"70 VS 12";2;250.8052;501.6104
"60 VS 12";1;195.4798;195.4798
"60 VS 18";1;244.4584;244.4584
PARTS240BL-E;12;0.153432168;1.841186016
PARTS240SI-E;8;0.153432168;1.227457344
D650-0004;199;14.9486;2974.7714
D650-0003;465;14.9486;6951.099
D650-0002;60;14.9486;896.916
MMHE-G80-21AT;2;270.6;541.2
MMHE-G80-21MT;3;289.706;869.118
GSMD0-8USS2;1;303.646;303.646
GSMD0-9USS2;2;343.252;686.504
VSH64-A1DS2;1;186.714;186.714
VSS28-A1DS2;2;324.72;649.44
VSM56-A1DS2;1;186.714;186.714
VSK04-A1DS2;1;186.714;186.714
GSM74-91SS2;1;343.252;343.252
GSM74-81SS2;1;303.646;303.646
SHYP103;6;90.0606;540.3636
SHYP104;1;90.0606;90.0606
GSM64-9USS2;1;330.05;330.05
GSM64-8USS2;2;290.444;580.888
GSA22-9USS2;3;363.055;1089.165
GSA22-8USS2;2;316.848;633.696
GSH98-9USS2;1;390.32;390.32
GSH98-8USS2;1;350.14;350.14
GSS54-91SS2;1;424.35;424.35
GSS54-81SS2;1;381.915;381.915
GSR52-91SS2;1;369.656;369.656
GSR52-8USS2;1;323.449;323.449
PM100332;6;11.603;69.618
PM100333;6;11.603;69.618
GSP26-8UAS2;1;330.05;330.05
VSP24-C1AA3;2;481.873;963.746
VSS78-C1SA4;2;556.78;1113.56
GSS84-8USS2;1;373.1;373.1
VSP92-C1AA3;2;481.873;963.746
GSP92-8UAS2;3;330.05;990.15
VSGC0-C1AS1;1;541.282;541.282
GSGC0-8UAS2;1;422.464;422.464
VSN20-C1SA4;2;556.78;1113.56
GSP04-8USS2;3;373.1;1119.3
VSK82-C1SA4;1;468.671;468.671
GSP06-8USS2;2;323.449;646.898
GSM56-81SS2;2;338.66;677.32
VSM58-C1SA3;1;539.56;539.56
VSAEA-C1SA4;2;596.96;1193.92
VSAEA-K1LS4;2;1205.4;2410.8
VSTN0-C1AA3;2;580.888;1161.776
VSTN0-K1NS4;2;1320.2;2640.4
VSR84-C1SA4;1;468.671;468.671
VSR52-K1LS4;1;1056.16;1056.16
VSMC6-K1LS3;1;998.76;998.76
VSMD0-CUSA3;2;528.08;1056.16
VSTD8-C1SA4;4;562.52;2250.08
VSTD8-K1LS1;2;1205.4;2410.8
SSUS010;1;306.803;306.803
SBM097D;1;542.184;542.184
5M8312H-STD;2;46.1906;92.3812
4B7787H-STD;3;42.9106;128.7318
MMAI-CTR-17RRD;2;297.2541;594.5082
MMAI-CTR-17RBK;1;297.2541;297.2541
L3P3A8YX;3;170.7896;512.3688
LAP3A8YX;2;127.9856;255.9712
FMKCREN197-BLU;1;169.25127344;169.25127344
FMKCREN197-BLA;2;169.25127344;338.50254688
FMKCREN197-RED;1;169.25127344;169.25127344
22002-AN-023;1;138.82230672;138.82230672
22002-AN-024;1;138.82230672;138.82230672
23001-AT002;1;126.9187472;126.9187472
23001-AT003;2;138.82230672;277.64461344
23002-AT001;1;202.27182638;202.27182638
2301-RN039;1;115.01518768;115.01518768
23001-AN001;1;126.9187472;126.9187472
23001-AM007;2;126.9187472;253.8374944
51007-AK501;2;37.82927566;75.65855132
51007-AK512;2;37.82927566;75.65855132
23001-AM005;2;138.82230672;277.64461344
TTE300THP-NW;1;975.8;975.8
SSZ0205-6P-RD;2;49.5198;99.0396
SSZ0205-6P-BK;1;49.5198;49.5198
FMKT035-RED;1;128.89938914;128.89938914
FMINDK32-BLU;2;243.94413864;487.88827728
FMINDK32-BLA;2;243.94413864;487.88827728
FMINDK32-RED;1;243.94413864;243.94413864
FMBH4-RED;1;11.96268316;11.96268316
FMBH4-BLU;1;11.96268316;11.96268316
FMKC022-BLU;2;49.83137458;99.66274916
FMKC022-BLA;1;49.83137458;49.83137458
FMKT026-RED;1;111.16229714;111.16229714
FMKT026-BLA;1;111.16229714;111.16229714
FMKT026-BLU;2;111.16229714;222.32459428
FMKT035-BLU;1;128.89938914;128.89938914
FMKC022-RED;2;49.83137458;99.66274916
SHD0398-4C-RD;1;60.9752;60.9752
SHD0398-4C-BK;1;60.9752;60.9752
20SU33002-RD;1;602.126;602.126
SHY0800-4P-EB;1;41.48544;41.48544
SHY0800-4P-RD;2;41.48544;82.97088
SHY0800-4P-BK;7;41.48544;290.39808
SHY0900-4P-EB;1;41.4838;41.4838
SHY0900-4P-RD;2;41.4838;82.9676
SME0461-4C-RD;2;60.9752;121.9504
SME0461-4C-BK;2;60.9752;121.9504
S90-4-15-014-B;4;59.04;236.16
S-90-2-15-017-B-BT;4;64.288;257.152
S-90-2-12-004-B-BT;4;61.008;244.032
S-90-2-10-002-B-BT;6;58.056;348.336
VSH64-K1LS3;1;858.13;858.13
VSH64-C1SA3;1;442.267;442.267
VSUB8-C1AA2;1;495.075;495.075
VSSB0-K1LS1;1;1056.16;1056.16
VSSB2-C1SA4;2;468.671;937.342
51007-AK553;30;1.69487768;50.8463304
51007-AK551;5;1.69487768;8.4743884
51007-AK552;5;1.69487768;8.4743884
KCF-4;31;1.69487768;52.54120808
500-A025;7;0.30799077;2.15593539
500-A027;8;0.30799077;2.46392616
500-A021;5;0.201394542;1.00697271
500-A022;5;0.201394542;1.00697271
500-A023;5;0.201394542;1.00697271
L3P3HC11;3;170.7896;512.3688
LAP3HC11;2;127.9856;255.9712
VSE18-K1LS4;1;1205.4;1205.4
VSE18-C1SA4;1;556.78;556.78
U3P3DIY1;1;170.7896;170.7896
UAP3DIY1;1;127.9856;127.9856
SAUS115;1;876.9818;876.9818
SAUS087CF;1;1104.6384;1104.6384
SAUS087;1;717.623;717.623
SBM098CF;1;907.5596;907.5596
52001-AK154;10;59.6656067;596.656067
6-02-0362-B;3;2.4354;7.3062
6-02-0361-B;4;3.157;12.628
6-02-0864-3;10;14.063;140.63
6-02-0865-3;10;16.5394;165.394
6-02-0866-3;10;19.2782;192.782
FMAS049-YEL;2;10.1495582;20.2991164
FMAS049-BLU;18;10.1495582;182.6920476
FMAS049-RED;15;10.1495582;152.243373
FMAS049-GRE;1;10.1495582;10.1495582
SMB005;1;584.8322;584.8322
74040210001OR;4;0.049740954;0.198963816
74040210001BL;8;0.049740954;0.397927632
74040210001RD;16;0.049740954;0.795855264
74040210001WH;8;0.049740954;0.397927632
74040210001YL;15;0.049740954;0.74611431
FMINDK45-FOAM;3;145.48357016;436.45071048
FMINDK45-PLEATED;2;145.48357016;290.96714032
AU8XS-QS11C;2;47.97;95.94
ASMSHIRTS-Z;4;4.1;16.4
ASMSHIRTM-Z;4;4.1;16.4
ASMSHIRTL-Z;4;4.1;16.4
ASMSHIRTXL-Z;9;4.1;36.9
ASMSHIRTXXL-Z;3;4.1;12.3
MMWS-001-150BK;3;50.963;152.889
MMWS-001-200BK;2;50.963;101.926
AU8XS-DD;1;324.72;324.72
MS100142;4;41.3034;165.2136
MS100141;4;41.3034;165.2136
5M1573H-25;1;82.697;82.697
7M1512H-25;1;85.0504;85.0504
7M1512H-STD;2;85.0504;170.1008
SLM0300-4P-RD;1;33.62;33.62
F6044-F6045;1;169.5596;169.5596
F6048-F6049;1;169.5596;169.5596
" FDF3R-DD";1;143.172;143.172
HCRF8-DD1;4;254.61;1018.44
MBA45-DD;1;324.72;324.72
MB772-DD;1;302.58;302.58
NI35S-DD;1;324.72;324.72
TOGRZ-6DD;1;217.71;217.71
B58B30-DD;2;228.78;457.56
BMF8M-DD;2;435.42;870.84
BMG87-DD;1;546.12;546.12
BN55B30-ADD;2;228.78;457.56
AUC8R-DD;1;435.42;435.42
MMICP-MK8-22P;2;185.50532;371.01064
MMICP-MK8-22WBK;2;185.50532;371.01064
AWVSR-DD;3;291.51;874.53
AWVSR-CD;1;476.01;476.01
AWVSR-6DD;2;365.31;730.62
AU8VR-BDD;2;328.41;656.82
AU94S-DD;1;391.14;391.14
NIZ37-DS13C;1;988.92;988.92
AU94R-DD;1;487.08;487.08
TOS3E6-DC33;1;1099.62;1099.62
OFW-BK;3;0.132682068;0.398046204
OFW-RD;3;0.132682068;0.398046204
OFW-MS;3;0.132682068;0.398046204
WKE359M775;1;360.5294;360.5294
WKE359M77;2;360.5294;721.0588
" TOGRZ-DS38C";1;952.02;952.02
NI35S-QS12C;1;1284.12;1284.12
HCRF8-3S22C;1;988.92;988.92
HCRL5-3C3833;1;1228.77;1228.77
HCRL5-3S3833C;1;1062.72;1062.72
VWG8R-QS38C;1;988.92;988.92
FDF3R-DS29C;1;583.02;583.02
BMF87C-QC38;1;1579.32;1579.32
BMF87-QS38C;1;1247.22;1247.22
BMF8M-QS11C;1;1616.22;1616.22
BMF2B-DS11C;1;1062.72;1062.72
BMF43-DS38C;1;1099.62;1099.62
BMG8M-QS38M;1;1800.72;1800.72
AU94R-DS45C;1;1690.02;1690.02
AU94S-QS14C;1;1468.62;1468.62
AU8VR-4S39M;1;1210.32;1210.32
AUVS4-QS11C;1;915.12;915.12
AUVS5-QS11C;1;915.12;915.12
AU8VR-DF+AU8VR-DS39C;1;1321.02;1321.02
TNW-01-5H;1;1.094538132;1.094538132
TNW-02-5H;2;1.276901868;2.553803736
RNW-02-5H;7;0.304018608;2.128130256
RNW-01-5H;3;0.304018608;0.912055824
VWR650001-BLK;1;2074.21495424;2074.21495424
VWR650001-RED;2;2074.21495424;4148.42990848
6-02-0006-V3;5;12.1688;60.844
6-02-0008-V3;5;14.2024;71.012
6-02-0010-V3;5;16.2278;81.139
9-422-7080;1;425.7932;425.7932
9-423-7080;1;486.6782;486.6782
;;;3070482.3761769
