REFERENCE;QUANTITY;"WHOLESALE PRICE";TOTAL
SE10;1;194.8728196;194.8728196
ACSP1;18;4.1;73.8
AC-E46-FU;11;77.9;856.9
AC-FU-E36;7;36.9;258.3
AC-S2K-FU;6;24.6;147.6
RD3025;5;180.4902;902.451
SP1105BLK;4;164.041;656.164
SP1128WB;7;186.1236;1302.8652
FMDV14T-POL;2;34.06251956;68.12503912
SP6063BLK;2;141.5484;283.0968
FMDVSUB01;2;86.11693956;172.23387912
FMDV004-POL;2;56.77717556;113.55435112
FMINTLFS-LS-BLA;1;335.26832256;335.26832256
216BFWAEBOSM;3;23.575;70.725
AC-NC-FU;2;24.6;49.2
216BFWAOTSM;23;17.712;407.376
216BFWAOPSM;27;20.582;555.714
VIB-1458;42;0.287;12.054
RN09;2;144.69235872;289.38471744
ECA3015;1;116.4564;116.4564
SP2070P;1;149.2236;149.2236
EVO1206;6;202.663;1215.978
FMWRX301-ALL;1;95.15547976;95.15547976
216EVOWGAFRWB4.9-WO;6;91.84;551.04
216EVOAFRWB4.9-WO;3;91.84;275.52
MMAI-CLA45-14BK;5;177.1692;885.846
RN12;1;211.42612516;211.42612516
MMRAD-370Z-09;3;280.071;840.213
MMTS-S2K-00L;4;24.641;98.564
MMFAN-SWITCH;6;20.746;124.476
CTS-IT-105R;20;123;2460
FMDVK04SA-SIL;4;76.51053296;306.04213184
FMDV2A;2;103.74919128;207.49838256
FMDVA45A;4;88.42626292;353.70505168
FMDVST180A;2;118.13514008;236.27028016
FMDV14TSI-POL;1;39.25849712;39.25849712
FMBGFK6;2;24.33307524;48.66615048
FMPCVD1;15;47.3222;709.833
SES1989TT;4;778.098;3112.392
CTS-HW-031;17;61.5;1045.5
CTS-IT-250;14;171.3718;2399.2052
CTS-IT-220R;27;135.3;3653.1
CTS-HW-030;9;45.0918;405.8262
CTS-IT-110;21;103.7218;2178.1578
CTS-HW-0090;9;81.1718;730.5462
CTS-HW-0151;13;90.1918;1172.4934
CTS-IT-270R;20;142.2618;2845.236
CTS-HW-0099;4;90.1918;360.7672
MMRAD-E46-01;4;274.5606;1098.2424
MMRAD-E36-92;4;138.908;555.632
CTS-IT-500;17;76.6618;1303.2506
MMRAD-GLF-94;11;128.084;1408.924
MMRAD-MK5-08;8;136.653;1093.224
MMRAD-GLF-99;8;136.653;1093.224
MMRAD-B4-90;2;136.653;273.306
MMRAD-BRZ-13;2;131.487;262.974
CTS-IT-280;10;69.7;697
MMRAD-R35-09;4;280.071;1120.284
MMRAD-MIA-99;13;124.476;1618.188
MMRAD-RX8-04;8;145.673;1165.384
MMRAD-CIV-02SI;5;136.653;683.265
MMRAD-INT-94;1;118.6868;118.6868
MMRAD-EVO-01;9;144.32;1298.88
MMRAD-EVO-10;1;148.1576;148.1576
MMAI-350Z-03H;3;95.366;286.098
CTS-CC-MK6TSI;2;266.4918;532.9836
MMTS-S4-00L;2;24.6492;49.2984
MMTS-E90-07;3;32.021;96.063
MMTS-CIV-92L;2;24.805;49.61
MMTS-350Z-03L;6;24.6492;147.8952
MMTS-WRX-01;2;24.805;49.61
MMTS-GTR-09;6;51.414;308.484
MMTS-RX8-04L;5;25.1412;125.706
MMTS-VR6-93L;4;26.158;104.632
MMTS-FIST-14;5;24.6492;123.246
CTS-CC-GOLFR;1;196.7918;196.7918
CTS-CC-MK5FSI;3;213.1918;639.5754
216EVOEOP-RB;10;37.597;375.97
216EVOOT-RB;1;22.55;22.55
216EVOWT-C;2;22.55;45.1
CTS-20T-MK5-DF;5;328;1640
CTS-IT-285;21;39.3518;826.3878
CTS-HW-003;2;29.5118;59.0236
CTS-SIL-NOISE;1;13.5218;13.5218
CTS-IT-600;3;69.7;209.1
CTS-IT-275;9;90.1918;811.7262
CTS-IT-210;10;90.1918;901.918
"CTS-HW-036 ARP";8;77.0718;616.5744
CTS-HW-0199;11;36.0718;396.7898
MMOC-E46-01;3;364.777;1094.331
FMMK5FMIC-BLA;1;385.30681684;385.30681684
FMINT32;3;411.77885552;1235.33656656
FMINDST180;3;89.08877372;267.26632116
FMIND05;3;130.17390776;390.52172328
216EVOEGT;14;42.927;600.978
MMOC-MIA-99T;1;192.9624;192.9624
MMOC-EVO-08;2;268.7796;537.5592
MMBCC-N54-06CBE2;4;96.514;386.056
EVO9200;3;167.2718;501.8154
EVO300E;6;174.6272;1047.7632
MMBCC-FIST-14PBE;1;87.8712;87.8712
MMBCC-FOST-13PBE2;1;91.6596;91.6596
MMBCC-MUS4-15PBE;5;93.357;466.785
CTS-IT-020;4;69.7;278.8
MMHOSE-MIA-90HHBK;2;28.5606;57.1212
MMHOSE-MIA-94HHBK;2;31.21822;62.43644
216BFWAWTSM;16;17.712;283.392
216BFWAVOSM;15;16.236;243.54
216BFWGEBOSM;4;24.887;99.548
216BFWGOPSM;4;21.894;87.576
216BFWGOTSM;6;19.065;114.39
MMHOSE-R35-09BK;3;63.591;190.773
FMBGFK3;4;23.9923554;95.9694216
FMDVRMR;1;76.88911056;76.88911056
MMRAD-K20-EG;2;130.4128;260.8256
FMDVCS14A;1;62.45583956;62.45583956
FMBM335DV1-BLA-BLA;4;246.06597556;984.26390224
CTS-HW-028;6;45.0918;270.5508
JSK-118;1;205.01869928;205.01869928
S-RE/T/1;1;1424.4712;1424.4712
E-BM/T/3;1;1266.0554;1266.0554
CTS-EXH-DP-0007;3;360.7918;1082.3754
FMINTTTS;1;325.49155604;325.49155604
FMINT135F20;1;371.17640792;371.17640792
FMINTR56-ALL;1;314.81566772;314.81566772
MMFS-S2K-00;2;85.3128;170.6256
MMFS-INT-94;2;97.416;194.832
MMFS-MIA-90;3;104.9026;314.7078
MMFS-MIA-99;8;97.416;779.328
MMFS-RX8-04;5;97.416;487.08
PF04;63;107.42;6767.46
SES1987TT;7;779.4756;5456.3292
Evo1102;9;354.7976;3193.1784
SES9001TT;2;550.589;1101.178
10.127.100K;17;153.3154;2606.3618
MMEXH-WRX-15;1;499.872;499.872
MMRAD-FIST-14K;2;280.071;560.142
MMRAD-FOST-13;3;263.384;790.152
CTS-IT-190;3;123;369
CTS-HW-0133;9;72.1518;649.3662
MMBCC-RS-16PBE2;1;99.4414;99.4414
AC-200-OSA;17;13.817;234.889
MMTS-GTI-99;14;26.158;366.212
CTS-HW-262;15;103.7218;1555.827
CTS-HW-118;2;22.1318;44.2636
TTE80;1;54.571;54.571
CTS-HW-046;3;59.0318;177.0954
EVO1801;2;164.9758;329.9516
SES1230TT;3;614.016;1842.048
EVO2001;2;167.2718;334.5436
FMMD2;3;60.2411606;180.7234818
MMFS-CIV-92;8;72.611;580.888
MMFS-S14-95SR;6;97.416;584.496
MMFS-EVO-01;4;96.9076;387.6304
MMFS-B4-90;7;96.9076;678.3532
MMFS-BRZ-13P;3;145.222;435.666
MMFS-240-89KA;8;97.416;779.328
FMCCRADS53T;1;463.75756;463.75756
MMFS-350Z-03;11;112.75;1240.25
MMFS-EVO-10;3;96.9076;290.7228
FMBGFK4;2;21.54106544;43.08213088
FMMD3;1;71.73099076;71.73099076
VWR12G6GT;5;154.40287416;772.0143708
VWR12G7R600ITINLET;92;65.1153472;5990.6119424
MMOP-TPS;16;28.413;454.608
VWR12G5GT;10;216.41388504;2164.1388504
005001005;1;398.6266;398.6266
VWR12L0CR;1;235.02097408;235.02097408
VWR12G60R;9;228.82176588;2059.39589292
FMSCPS53T;1;109.76857512;109.76857512
FMDVV4010-POL;2;61.00778024;122.01556048
VWR160001;89;55.81180268;4967.25043852
VWR31G60R;2;113.0054136;226.0108272
VWR31G7GT;12;122.08181156;1464.98173872
VWR31G70R;8;122.08181156;976.65449248
VWR31S000;3;113.0054136;339.0162408
VWR19G701;11;31.00550544;341.06055984
VWR19G702;15;37.20471364;558.0707046
VWR12P0GT;3;166.18610196;498.55830588
VWR1230S3;6;241.22018228;1447.32109368
11002BK;400;1.9762;790.48
MMGP-RS-16BK;3;39.7044;119.1132
VWR11G502;2;31.00550544;62.01101088
VWR11G503;2;31.00550544;62.01101088
VWR11P1GT;2;47.02880236;94.05760472
VWR11P0GT;2;53.54033708;107.08067416
VWR11G501;1;31.00550544;31.00550544
VWR11G701;10;37.20471364;372.0471364
VWR1140S4;2;57.15575316;114.31150632
VWR12PRWRC;2;395.32019436;790.64038872
VWR12G6K03;1;216.41388504;216.41388504
FMBGFK7;2;19.66710632;39.33421264
VWR69G7KIT;7;68.21021908;477.47153356
VWR15G503;4;123.24593768;492.98375072
748354027150;2;89.6506;179.3012
MMSK-TUE-16;2;27.388;54.776
MMSK-RKST;1;34.2022;34.2022
MMSK-PGR-BK;3;39.3354;118.0062
MMSK-FSB;2;27.06;54.12
MMSK-CF;2;28.413;56.826
216EVOBO;1;29.602;29.602
216BFWABOSM;22;13.366;294.052
216BFWAFPSM;5;22.55;112.75
VWR13G700;32;303.8558462;9723.3870784
VWR13G700RFK;38;31.00550544;1178.20920672
MMGRT-215;6;14.8994;89.3964
MMGRT-235;5;38.786;193.93
FMINTMK7-BLA;1;340.956451;340.956451
TTE600RS4;1;2102.3406;2102.3406
TTE780;1;2555.981;2555.981
CTS-EXH-CB-0007.0;3;393.5918;1180.7754
CTS-EXH-CB-0002;3;368.9918;1106.9754
CTS-EXH-CB-0020-2;4;491.9918;1967.9672
CTS-EXH-CB-0008;2;442.7918;885.5836
AC-200-HS;22;7.79;171.38
CTS-EXH-CB-0001;2;344.3918;688.7836
CTS-EXH-CB-0003;1;479.6918;479.6918
CTS-EXH-CB-0015;2;688.7918;1377.5836
CTS-EXH-CB-0017;1;270.5918;270.5918
CTS-EXH-CB-0016;1;338.2418;338.2418
AC-200-FD;3;11.89;35.67
FMCCRAD7;2;626.98129224;1253.96258448
FMTUBL1;1;39.50457256;39.50457256
FMRMCLMP;3;14.47112876;43.41338628
FMSBCVXR;2;22.89448036;45.78896072
FMBGFK11;4;24.33307524;97.33230096
FMWBSCI-BLA;1;56.51217124;56.51217124
FMBP135F20;1;168.78882296;168.78882296
FMBPVXA;1;18.96673776;18.96673776
FMBPVRM;3;17.49974956;52.49924868
FMBSMP18T;2;138.40797056;276.81594112
FMWS11BB;2;30.30513688;60.61027376
JSK-111-70;3;73.80370312;221.41110936
FMOCRS4;1;564.73367036;564.73367036
JSK-103-80;3;69.7056006;209.1168018
CK-003;6;10.5055284;63.0331704
MMAF-REOIL-RD;4;8.7904;35.1616
CTS-IT-310;6;82;492
FMKT135F20;5;51.25940704;256.2970352
VWR31G70RW;5;122.08181156;610.4090578
VWR610360SVR;4;187.41484088;749.65936352
ACCLAMP3;21;0.9266;19.4586
ACCLAMP275;32;0.9266;29.6512
VWR12G7R600FO;21;56.58788676;1188.34562196
FMAUTB2;2;171.57136832;343.14273664
FMRCAMF56;1;177.8368276;177.8368276
FMDV6A;4;168.99704064;675.98816256
FMDVST180R;2;115.81635228;231.63270456
FMDVCS14R;2;78.0343078;156.0686156
VWR19G706;14;40.30904996;564.32669944
VWR19G704;12;37.20471364;446.45656368
FMDVF20R;3;90.13932656;270.41797968
FMDVR56A;3;110.29858376;330.89575128
FMDVR60R;2;96.38585696;192.77171392
FMDVF20A;3;91.21827272;273.65481816
FMDVMCS;1;39.25849712;39.25849712
VWR12P0GT-FO;3;62.465304;187.395912
FMDVR60A;3;118.13514008;354.40542024
10.127.203K;22;153.3154;3372.9388
CTS-MM-TAI-3;3;18.0318;54.0954
FMINDK40-FOAM;1;376.48595876;376.48595876
VIB-1559;101;0.287;28.987
FMCTMK6;3;196.4344522;589.3033566
CTS-HW-0091;9;76.6618;689.9562
VWR30G500;1;193.47208248;193.47208248
MMICP-RS-16CBK;4;94.259;377.036
DI-BM/CA/1;1;626.1028;626.1028
L3P3AC7X;2;185.0084;370.0168
U3P3ZC25;3;232.5684;697.7052
EVE-E46-INT;5;456.576;2282.88
EVE-RS5-CF-INT;4;1193.1;4772.4
EVE-N55V2-CF-INT;3;646.488;1939.464
EVE-E60V2-CF-INT;4;713.4;2853.6
EVE-2TFSI-CF-INT;10;435.42;4354.2
EVE-F10M5-CF-INT;1;1038.12;1038.12
EVE-F8XMV2-CF-INT;3;1176.8558;3530.5674
EVE-FLC;28;13.776;385.728
EVE-151-G2-FTR;13;41.82;543.66
EVE-661-G2-FTR;20;41.82;836.4
RPF-1721;1;18.7395912;18.7395912
RPF-1566;3;16.57223444;49.71670332
RPF-1512;3;20.42426152;61.27278456
RPF-1747;1;18.7395912;18.7395912
RPF-1869;4;36.46648732;145.86594928
RPF-1992;1;16.57223444;16.57223444
RPF-1251;1;16.56277;16.56277
VWR13G500;6;218.33516636;1310.01099816
VWR19G703;9;43.41338628;390.72047652
DP-BM/SS/3;1;826.765;826.765
FMVWQS;15;51.25940704;768.8911056
238SMBO270-PK;4;33.538;134.152
238SMOP270-PK;2;40.631;81.262
216BFWGBOSM;7;14.719;103.033
CTS-DP-IK1;4;6.15;24.6
VWR180000;55;6.82386124;375.3123682
ATINTVAG28;1;474.98238584;474.98238584
ATINTVAG18-C;1;573.06237756;573.06237756
ATINTVAG15;3;298.96273072;896.88819216
ATINTVAG12;6;342.24361484;2053.46168904
ATINTVAG11;3;284.7376774;854.2130322
ATINTVAG8;2;313.91654592;627.83309184
ATINTMINI01;5;221.31646496;1106.5823248
ATINTMINI05;2;271.16567044;542.33134088
ATINTMAZ02;2;474.98238584;949.96477168
ATINTMAZ01;3;245.97133116;737.91399348
ATINTFO25;3;150.2953072;450.8859216
ATINTFO26;2;300.75150988;601.50301976
ATINTFO12;2;229.51267;459.02534
ATINTFO44;2;294.22104628;588.44209256
ATINTFO22;3;250.49533348;751.48600044
ATINTREN5;3;298.29075548;894.87226644
ATINTREN3;2;316.45301584;632.90603168
ATINTREN1;3;241.56090212;724.68270636
ATINTVAG7;3;377.32829392;1131.98488176
EVE-C7RS6-CF-INT;8;1101.096;8808.768
VWR12G7CUP;2;188.51271592;377.02543184
001422.999502;6;359.037;2154.222
613182.654150;33;37.1952;1227.4416
002352.999505;2;376.6014;753.2028
FMBGFK12;2;24.4655774;48.9311548
FMDVK04S-MAC;2;76.51053296;153.02106592
CTS-EXH-DP-0001-FSI;3;164;492
CTS-TM-MK56-60D;3;49.2;147.6
CTS-EXH-TP-0007;5;67.6418;338.209
CTS-IT-180;2;135.2918;270.5836
CTS-EM-MK456-4-60D;10;49.2;492
GTHSB-5;324;1.107;358.668
AC-200-PCVD;81;9.84;797.04
EVE-E9X-CF-INT;3;407.3678;1222.1034
EVE-B58-CF-INT;8;609.096;4872.768
AC-180-CPA;44;12.3;541.2
420103485B;216;5.74;1239.84
ASAF;8;0.2542;2.0336
CTS-AF-275;1;19.6718;19.6718
ESR912;3;107.5512;322.6536
MMICP-RS-16HWBK;6;143.418;860.508
883089.000038;1;882.8694;882.8694
FMINDK20;4;94.6444;378.5776
VWR12P1GT;6;185.4083796;1112.4502776
001939.001707;1;323.3916;323.3916
MMBCC-N55-11CBE;7;102.1228;714.8596
MMTS-MIA-90L;2;26.158;52.316
001394.999505;3;382.8006;1148.4018
002352.999502;3;353.3544;1060.0632
001394.999998;1;345.6054;345.6054
001394.001735;3;365.2362;1095.7086
999760.999985;1;328.041;328.041
001394.999529;1;351.8046;351.8046
001243.999978;1;351.288;351.288
000827.999980;1;381.7674;381.7674
001422.999505;2;382.8006;765.6012
EVE-S1-CF-INT;4;299.628;1198.512
FMMK7DP-BLA;2;127.76047556;255.52095112
AC-200-PCVCC;45;9.84;442.8
FMINT11;2;650.7275722;1301.4551444
JS-090-BK;3;36.46648732;109.39946196
10.127.203T;18;6.5272;117.4896
210001074;1;177.0216;177.0216
CTS-EXH-DP-0014;6;221.3918;1328.3508
FMSCPS53TIK;2;91.43595484;182.87190968
EVE-8VRS3-CF-LHD-INT;3;810.3158;2430.9474
AC-RX8-RU;5;23.78;118.9
AC-GR-FU;9;24.6;221.4
ATMSFO71;1;71.84456404;71.84456404
883089.000034;2;739.2546;1478.5092
883089.000071;1;726.3396;726.3396
PF05;29;117.26;3400.54
883089.000035;3;755.7858;2267.3574
043151.271937;4;30.996;123.984
CTS-TM-MK4-60D;6;49.2;295.2
CTS-HW-0150;1;27.0518;27.0518
AC-RX8-FU;4;23.78;95.12
EVE-FK8-CF-INT;10;678.96;6789.6
FMDV13A-POL;1;103.65454688;103.65454688
FMTUBL2;5;42.24926016;211.2463008
FMCT4;1;158.12239908;158.12239908
FMTIA1;6;81.08185748;486.49114488
FMDV13R-POL;1;83.96851168;83.96851168
216BFWGFPSM;6;23.903;143.418
PSHUDOBDII-2;3;41;123
999789.999508;1;363.1698;363.1698
001267.001683;1;359.037;359.037
CTS-EXH-DP-0017;2;270.5918;541.1836
CTS-EXH-DP-0003;2;270.5918;541.1836
FMDVF500A-SILVER;3;107.88515156;323.65545468
EVE-E9X-CF-ARB;2;280.932;561.864
VWR1130RS;4;34.10984176;136.43936704
VWR1141S4;2;62.01101088;124.02202176
EVE-F8xM-PF;7;56.088;392.616
MMTS-TC-05L;4;24.6492;98.5968
MMBCC-MS3-07PBE2;1;91.4136;91.4136
MMBCC-370Z-09PBE;2;186.4106;372.8212
MMBCC-350Z-03PBE;5;140.3266;701.633
MMICP-FOST-13CBK;2;52.2504;104.5008
MMAI-CTR-17;5;214.7334;1073.667
FMCC1;1;880.19292;880.19292
CTS-EM-MQB-60D;3;49.2;147.6
CTS-TM-MQB-60D;1;49.2;49.2
VWR814100;1;201.53578536;201.53578536
FMCTMK7;3;189.4780888;568.4342664
001423.000685;1;196.308;196.308
06F103483E;19;0.656;12.464
AC-200K04-OT;77;41;3157
CTS-IT-255R-2;24;155.7918;3739.0032
CTS-EXH-TP-0008;15;67.6418;1014.627
CTS-HW-0243;1;39.3518;39.3518
CTS-HW-0242;14;31.5618;441.8652
CTS-HW-0248;3;39.3518;118.0554
CTS-EXH-DP-0010;2;248.0418;496.0836
AC-180-DP;22;61.5;1353
AC-N54-DP;24;90.2;2164.8
P3ABS;2;38.048;76.096
AC-200-DP;42;61.5;2583
VWR18G700;18;272.85034076;4911.30613368
FMCCRAD8;1;384.08590408;384.08590408
FMCCRAD9;1;512.66978592;512.66978592
1K0253144BD;27;4.018;108.486
CTS-HW-257;10;49.1918;491.918
VWR3130RS;2;122.08181156;244.16362312
VWR3141S4;2;122.08181156;244.16362312
SVAGX005;2;335.6301;671.2602
SHDX014;1;292.1742;292.1742
SAUX045;1;370.3612;370.3612
SAUX074;2;301.432;602.864
SVWX036;2;316.5036;633.0072
SAUX075;1;282.4162;282.4162
KTA253;9;203.52331776;1831.70985984
SFDX073;3;243.2694;729.8082
SFDX066;2;233.2162;466.4324
SFDX071;3;243.3924;730.1772
SFDX082;4;263.7612;1055.0448
SVWX020;1;282.408;282.408
SVWX039;1;570.679;570.679
SRNX023;2;163.4014;326.8028
SRNPX027;1;301.4812;301.4812
EVE-B9S5-CF-INT;2;678.96;1357.92
ILFR7H;35;8.692;304.22
IZKR7B;7;6.3304;44.3128
FMTUBL4;2;76.88911056;153.77822112
SVWX051;1;342.6288;342.6288
SFTC006;7;117.916;825.412
SAUC079;4;332.6494;1330.5976
SAUC045;2;235.2416;470.4832
883089.000060;2;750.6198;1501.2396
SVWC052;2;136.0954;272.1908
U5014;132;16.0884;2123.6688
SVAGC005;7;166.4518;1165.1626
SAUC040;2;183.8604;367.7208
SAUC075;2;175.111;350.222
SAUC074;5;175.1602;875.801
SAUC077;1;422.1524;422.1524
SBMC066;2;115.2346;230.4692
SBMC067;6;115.2346;691.4076
SBMC074;1;211.9782;211.9782
SBMC068;3;145.837;437.511
SBMC075;2;199.096;398.192
SFDC073;4;87.3136;349.2544
SFDP066;4;126.1816;504.7264
SFDC071;2;145.837;291.674
SFDC082;7;101.9178;713.4246
SFDC087;3;192.0604;576.1812
SHDC014;2;162.1222;324.2444
SMBP003;1;97.5554;97.5554
SMBC003;1;292.166;292.166
SMNC011;7;87.0184;609.1288
883089.000047;1;782.1324;782.1324
883089.000046;1;750.6198;750.6198
SRNPC027;1;173.6186;173.6186
SRNC022;4;89.6219;358.4876
SVWC042;8;166.4518;1331.6144
SVXC062;2;140.8432;281.6864
SVWX043;2;332.3624;664.7248
034-108-3008;1;51.66;51.66
BKR8EIX;142;6.7568;959.4656
034-1ZZ-0001;1;134.316;134.316
SVWC039;2;287.7708;575.5416
FMTUBL5;5;53.08604396;265.4302198
FMINT12;2;407.444142;814.888284
CTS-HW-308;4;73.7918;295.1672
CTS-TM-AUDI2-50D;6;34.85;209.1
CTS-EM-B8-50D;6;82;492
CTS-EM-B567-50D;5;38.95;194.75
CTS-HW-0225;16;18.0318;288.5088
FMCT3;3;184.54711556;553.64134668
883089.000126;1;724.2732;724.2732
SSTS009;1;365.3346;365.3346
SRNC026;1;77.5556;77.5556
034-108-1005;4;351.78;1407.12
034-108-1011;4;198.03;792.12
SVWC043;7;178.7354;1251.1478
R7437-8;105;26.0268;2732.814
R7437-9;140;27.0272;3783.808
KTA252;6;254.52718492;1527.16310952
CTS-AF-270;6;20.4918;122.9508
KDT952;7;16.31669456;114.21686192
JSK-122-BK-TI;3;210.6784344;632.0353032
SBMB050;2;360.3162;720.6324
WSK-NIS002;3;90.858624;272.575872
BBF38Z;2;81.99990816;163.99981632
BBF15Z;2;92.25936112;184.51872224
BHF78Z;1;84.233516;84.233516
BHF97Z;3;86.13586844;258.40760532
BMF49Z;5;81.99990816;409.9995408
BMF54Z;5;87.62178552;438.1089276
BMF67Z;2;101.53451232;203.06902464
BMF65Z;2;92.72311868;185.44623736
BMF63Z;3;82.99367436;248.98102308
BNF33Z;3;96.89693672;290.69081016
BSF39Z;4;73.75638092;295.02552368
BNF40Z;2;171.07921744;342.15843488
BNF41Z;1;86.13586844;86.13586844
BSF45XZ;3;90.25289984;270.75869952
BWF22Z;10;90.25289984;902.5289984
SAU077;1;496.7314;496.7314
BMF58X;2;113.59220888;227.18441776
BMF48;2;82.99367436;165.98734872
SVWC051;3;214.5858;643.7574
BBR38Z;3;87.62178552;262.86535656
SBMR050;1;255.0282;255.0282
883089.000127;2;782.1324;1564.2648
BHR97Z;2;71.92027956;143.84055912
BMR65XXZ;1;100.96664592;100.96664592
BMR12Z;5;73.76584536;368.8292268
PLFR5A;12;6.4534;77.4408
SBMC050;2;153.135;306.27
BMR81Z;3;73.71852316;221.15556948
BMR77Z;4;69.63934952;278.55739808
BMR94Z;3;120.07535028;360.22605084
BMR92Z;2;81.99990816;163.99981632
BMR96Z;2;92.25936112;184.51872224
BNR30Z;6;87.62178552;525.73071312
SAUC030;6;89.6342;537.8052
BNR37Z;2;81.99990816;163.99981632
BNR36XZ;2;92.25936112;184.51872224
BSR53Z;3;73.76584536;221.29753608
BSR49XZ;4;81.99990816;327.99963264
BWR25XZ;10;90.25289984;902.5289984
SFD073;2;255.5612;511.1224
BKR7EIX;250;6.3796;1594.9
ATINTFO20;3;181.15884604;543.47653812
ATMSFO25;1;309.89415892;309.89415892
KBR39;2;59.80579636;119.61159272
034-101-3066;6;17.589;105.534
KTA255;7;173.85229836;1216.96608852
KLC167A;29;57.96023056;1680.84668624
KLC173;1;51.50548248;51.50548248
KLC142;4;51.51494692;206.05978768
KLC204;5;53.40783492;267.0391746
KLC217;6;51.51494692;309.08968152
KLC205;5;51.24047816;256.2023908
KLC102;4;51.51494692;206.05978768
KLC110;4;57.95076612;231.80306448
KLC140-335;4;57.96023056;231.84092224
KLC106;4;57.96023056;231.84092224
KLC172;2;51.51494692;103.02989384
KLC202;14;57.96023056;811.44322784
KLC182;4;51.51494692;206.05978768
KLC139;10;53.16175948;531.6175948
KLC144;26;46.82058468;1217.33520168
KLC141;21;57.96023056;1217.16484176
KLC163;8;57.96023056;463.68184448
KLC150;3;47.3222;141.9666
SBMB062;2;371.1566;742.3132
KTA107;1;98.49642708;98.49642708
KCA395;5;87.62178552;438.1089276
KCA313;8;87.62178552;700.97428416
SVW019;1;222.9334;222.9334
SRNS026;2;243.3842;486.7684
SBM011;2;231.2974;462.5948
BNR20XZ;6;77.88287676;467.29726056
BWF19XZ;11;92.25936112;1014.85297232
SAU044;1;588.965;588.965
BWR20XZ;9;92.25936112;830.33425008
W13204;7;8.15834728;57.10843096
W13203;3;6.80493236;20.41479708
KDT925;5;23.97342652;119.8671326
KDT924;3;40.80120084;122.40360252
KBR38;3;28.18510232;84.55530696
FMCCRAD6;2;375.63415916;751.26831832
SFDC066;7;72.3404;506.3828
SAUC054;4;117.2846;469.1384
SAUP044;4;194.627;778.508
KLC198;6;51.51494692;309.08968152
KLC140-295;4;57.96023056;231.84092224
KTA216A;4;138.62565268;554.50261072
SVXC060;3;97.5472;292.6416
SVXC059;3;107.5512;322.6536
BHR67Z;4;87.62178552;350.48714208
BHF50Z;1;87.62178552;87.62178552
BFF96Z;3;92.25936112;276.77808336
BFR78Z;3;92.25936112;276.77808336
CTS-HW-216-AWD;3;39.3518;118.0554
CTS-HW-216-FWD;2;39.3518;78.7036
MMRAD-MAC-06;3;136.653;409.959
MMTS-EVO-10L;3;24.1654;72.4962
TP-CS/1;1;449.319;449.319
M-FI/SS/1H/1;1;589.5226;589.5226
IKR9J8;76;7.1668;544.6768
WHT005184;12;1.148;13.776
AC-200-DVBO;47;2.05;96.35
SRNC023;3;38.417;115.251
BHF96Z;2;80.36256004;160.72512008
BHR96;3;110.85698572;332.57095716
BNF42Z;5;81.99990816;409.9995408
BNF19Z;2;83.70350736;167.40701472
BNR11XXZ;2;81.99990816;163.99981632
BBF43;4;65.52231812;262.08927248
BBR44;3;87.62178552;262.86535656
BFR80;4;99.67948208;398.71792832
BHR75Z;3;101.53451232;304.60353696
BHR84Z;3;87.62178552;262.86535656
BSF33Z;2;73.76584536;147.53169072
BSR37Z;2;73.76584536;147.53169072
BSR20XZ;6;81.99990816;491.99944896
BSF20Z;1;73.76584536;73.76584536
BAF13;7;73.76584536;516.36091752
BWR22XZ;7;81.99990816;573.99935712
CTS-IT-260;4;121.7618;487.0472
KLC154;6;53.16175948;318.97055688
KLC26;5;43.536424;217.68212
KLC30;2;47.38845108;94.77690216
EVE-M2C-CF-INT;3;974.16;2922.48
SAUC036;1;104.5254;104.5254
MMEXH-MUS8-15XP;19;134.398;2553.562
MMFS-E36-92P;9;127.182;1144.638
L3P3VPO5;3;185.0084;555.0252
U3P3ZC63;4;185.0084;740.0336
KCA472;21;92.25936112;1937.44658352
FMDV20-BLA;6;96.773899;580.643394
HP-180;4;87.91518316;351.66073264
EVE-F9XM5M8-CF-INT;7;1030.74;7215.18
AC-MQB-IC;76;150.88;11466.88
BWF20XZ;6;92.25936112;553.55616672
BWR21XZ;7;92.25936112;645.81552784
VWR150000;13;51.66637796;671.66291348
VWR120000;51;20.69873028;1055.63524428
SMBC004;2;198.399;396.798
WSK-VWN005;2;73.71852316;147.43704632
BFF95Z;1;106.65477436;106.65477436
BFR68Z;1;99.58483768;99.58483768
BMF55Z;1;83.70350736;83.70350736
KLC174;2;51.51494692;103.02989384
KLC179;4;59.80579636;239.22318544
WSK-VWN006;3;65.52231812;196.56695436
WSK-FRD010;2;61.81225764;123.62451528
WSK-SUB006;2;67.22591732;134.45183464
EVE-N55-PF;7;39.852;278.964
EVE-E46-PF;4;26.568;106.272
216EVOEFP-RB;5;38.458;192.29
216EVOVO-RB;6;21.853;131.118
BHR36XZ;3;92.25936112;276.77808336
MMEXH-MUS8-15HP;6;130.79;784.74
VWR12P1GTIS38;2;131.1771384;262.3542768
034-108-1015;4;477.035;1908.14
034-108-1014;1;501.02;501.02
034-108-1020;1;369.369;369.369
AC-MK7-MD;126;13.94;1756.44
FMINT15;3;337.880508;1013.641524
EVE-E9X-CF-PLM;1;1101.096;1101.096
BWF18Z;3;73.76584536;221.29753608
FMOC7-13;1;315.4971074;315.4971074
BHF52;2;81.99990816;163.99981632
WSK-FRD004;2;73.71852316;147.43704632
BSR33Z;2;73.76584536;147.53169072
BSF48Z;2;83.8076162;167.6152324
BHR98Z;1;65.52231812;65.52231812
WSK-HYU001;1;90.69772852;90.69772852
WSK-HON017;2;122.85789564;245.71579128
KLC221;1;51.51494692;51.51494692
BMF73;3;81.99990816;245.99972448
KLC218;5;57.96023056;289.8011528
KCA471;1;51.51494692;51.51494692
WSK-FRD008;2;101.53451232;203.06902464
WSK-FRD006;3;95.7801328;287.3403984
WSK-MB001;2;82.99367436;165.98734872
WSK-SUB007;3;93.28152064;279.84456192
WSK-OPL003;2;59.98562072;119.97124144
BWR19Z;6;82.99367436;497.96204616
BWR23Z;4;92.25936112;369.03744448
KCA470;3;52.13959996;156.41879988
KCA435;4;87.62178552;350.48714208
KDT911;7;37.73472228;264.14305596
KDT928;3;14.0073712;42.0221136
KSB652;2;63.87550556;127.75101112
KTA228;1;124.70346144;124.70346144
KTA147B;2;152.52891504;305.05783008
KTA260;7;84.78245352;593.47717464
EVO1502;8;172.3312;1378.6496
WSK-REN002;1;65.64535584;65.64535584
BMF23Z;4;81.99990816;327.99963264
BRF13Z;7;80.36256004;562.53792028
BRR13Z;4;85.77621972;343.10487888
FMPK383;1;67.98307252;67.98307252
BHF48;2;81.99990816;163.99981632
KSB551;1;60.55348712;60.55348712
KSB520;2;51.52441136;103.04882272
BMF57Z;1;81.99990816;81.99990816
BMR88Z;3;81.99990816;245.99972448
MMBCC-MUS8-15PBE;2;91.6596;183.3192
EVE-F8XM-CF-ENG;1;351.288;351.288
BWF21XZ;4;101.53451232;406.13804928
BWR24Z;9;92.25936112;830.33425008
KCA362;3;90.25289984;270.75869952
VWR17G7R600;52;24.80629724;1289.92745648
FMSS3;4;56.43645572;225.74582288
SHDC015;7;117.916;825.412
SHDX015;1;225.049;225.049
ILZKAR8H8S;48;11.5292;553.4016
KLC185;3;51.50548248;154.51644744
KLC151;12;51.50548248;618.06578976
MMINT-MK7-15;8;384.2438;3073.9504
KDT957;7;22.25089844;155.75628908
KCA335;2;81.12917968;162.25835936
KLC32;1;49.04472808;49.04472808
SRNC031;2;113.652;227.304
W93189;3;16.77098768;50.31296304
VWR81G700;13;207.11980496;2692.55746448
AC-MK7-INLET;85;22.14;1881.9
VWR12A1S1;2;200.92059676;401.84119352
VWR180001;20;24.80629724;496.1259448
MMICP-EVO-10LBK;2;117.711;235.422
MMICP-EVO-10UBK;1;99.4742;99.4742
ATINTFO42;4;178.168083;712.672332
KSR202;1;16.31669456;16.31669456
FMCTMK5;2;198.58288008;397.16576016
BMR72Z;3;77.88287676;233.64863028
BTF81Z;3;73.76584536;221.29753608
BTR84Z;1;73.75638092;73.75638092
KLC180-335;3;57.96023056;173.88069168
WSK-MAZ002;1;59.74900972;59.74900972
KTA229;1;110.51626588;110.51626588
WA402;3;25.8379212;77.5137636
W52988;2;22.6673338;45.3346676
W52991;5;24.92933496;124.6466748
SES9200;1;677.9022;677.9022
W83389;3;34.91431916;104.74295748
W52992;3;16.31669456;48.95008368
KCA434;3;26.74650744;80.23952232
KSR210;4;14.42380656;57.69522624
W0509;4;19.4967464;77.9869856
S-BM/T/3H;1;2855.896;2855.896
CTS-IT-258;6;76.6618;459.9708
CTS-IT-259;14;83.6318;1170.8452
BMR78XZ;4;87.62178552;350.48714208
BMF51X;2;64.3108698;128.6217396
EVO9202;5;177.3824;886.912
EVE-ST38V8S-CF-INT;11;843.288;9276.168
EVE-TRB8V8S-FLG-STK;13;23.124;300.612
EVE-TRB8V8S-LHD-NIL;9;280.932;2528.388
EVE-C63S-CF-INT;2;1335.288;2670.576
SES3078ICPBLK;8;248.2796;1986.2368
FMINDK20-RF;1;28.49742884;28.49742884
FMTUBL6;1;103.67347576;103.67347576
X-1056-BB;10;32.0128;320.128
EVO9204;1;172.3312;172.3312
SES1898ICP;4;186.1154;744.4616
SP1129WB;5;174.4468;872.234
SP3080BLK;1;176.6116;176.6116
999698.999954;1;315.6426;315.6426
999792.999954;1;351.288;351.288
053151.231031;2;33.579;67.158
400001004;2;1112.7892;2225.5784
KLC180-295;6;57.96023056;347.76138336
SRNC032;7;129.2812;904.9684
999778.999994;1;338.373;338.373
E-BM/T/5;3;1427.948;4283.844
ATINTVAG13;1;313.91654592;313.91654592
FMBP3;4;198.96145768;795.84583072
043151.000388;1;32.5458;32.5458
SILZKBR8D8S;230;7.1422;1642.706
SILZKFR8D7S;50;5.494;274.7
BKR6E-11;16;1.4514;23.2224
EVE-ST38V8S-CF-HDP;1;384.252;384.252
KSB731;3;51.42030252;154.26090756
SAU048SYS;2;853.087;1706.174
SVWP054;12;69.1096;829.3152
IFR7X8G;73;10.0942;736.8766
MMODP-1415B;10;8.118;81.18
MMODP-2015B;4;6.4944;25.9776
VWR12PRWRCFO;1;45.01287664;45.01287664
PFR8S8EG;51;7.1832;366.3432
PFR7B;36;7.4866;269.5176
PFR7W-TG;40;7.585;303.4
LFR6AIX-11;42;6.3304;265.8768
JSK-116-BK;2;139.42066564;278.84133128
AC-27-CB;8;127.1;1016.8
AC-27-TI;2;56.58;113.16
AC-200-IC;58;143.5;8323
AC-N54-TP;46;43.46;1999.16
AC-R56-IC;38;88.97;3380.86
AC-N54-IC;3;113.98;341.94
EVE-B9RS5-CF-INT;3;772.9238;2318.7714
06F253039F;47;0.902;42.394
DILKAR7B11;42;11.4554;481.1268
VWR69000BF1;20;7.23083216;144.6166432
CTS-IT-288;9;135.3;1217.7
EVE-A90-CF-ENG;3;280.44;841.32
EVE-A90-CF-INT;3;655.836;1967.508
MMTS-MUS8-11;3;24.6492;73.9476
ATINTP&C6;1;284.67142632;284.67142632
ATINTVAG35;1;440.74004192;440.74004192
ATMSVAG5;2;254.9720136;509.9440272
ATIKMAZ01;4;126.18937852;504.75751408
CTS-IT-800;15;135.3;2029.5
CTS-IT-910;11;77.8918;856.8098
CTS-HW-0271;7;34.4318;241.0226
CTS-EXH-DP-0025;5;225.4918;1127.459
CTS-IT-340R;7;147.5918;1033.1426
SVWC058;4;198.3949;793.5796
SVWX058;3;331.0176;993.0528
SBMC073;7;142.8932;1000.2524
SFDC089;4;135.1606;540.6424
U3P3MX5D;1;189.7644;189.7644
216EVOFL-RB;5;22.386;111.93
AC-Z33-DP;8;41;328
AC-Z33-YP;13;49.2;639.6
EVE-C63-FTR;2;56.088;112.176
KDT967;2;9.06693352;18.13386704
BKR001Z;4;76.50106852;306.00427408
BKF001Z;4;92.25936112;369.03744448
KLC180-115;8;42.33444012;338.67552096
SVWCS045;4;168.5018;674.0072
FMTUBL7;2;43.43231516;86.86463032
CTS-F8X-DF;3;319.7918;959.3754
FMBP5;1;189.2888;189.2888
FMTUBL8;2;135.94721616;271.89443232
883089.000148;1;739.2546;739.2546
FMDV6R;1;133.86503936;133.86503936
PPF-2044;4;36.42862956;145.71451824
RPF-2050;3;17.40510516;52.21531548
PPF-2102;4;24.28575304;97.14301216
PPF-2047;4;24.28575304;97.14301216
PPF-1905;1;24.28575304;24.28575304
FMTUBL9;3;108.52873348;325.58620044
FMEC1;1;202.7283048;202.7283048
MMRAD-SPY-00;5;136.653;683.265
MMRAD-MUS8-15;1;258.8084;258.8084
MMRAD-CTR-17S;2;217.8986;435.7972
MMBCC-STNGR-18PBE;2;97.416;194.832
KCA361;3;72.10956836;216.32870508
KCA467;2;136.051325;272.10265
W53619;2;10.884106;21.768212
X-1014-BB;1;31.1518;31.1518
X-1015-BB;2;31.1518;62.3036
AC-VAG-ODP;162;2.255;365.31
CTS-HW-360;20;122.9918;2459.836
CTS-TB-B-4;1;49.2;49.2
CTS-FPK-002;2;245.9918;491.9836
CTS-IT-932;4;180.3918;721.5672
CTS-HW-310;1;40.5818;40.5818
SCNX014;4;204.344;817.376
SMZ008;1;309.2384;309.2384
SMNX011;8;204.3522;1634.8176
ATINTFO52;2;240.94571352;481.89142704
SRNS028;2;317.0161;634.0322
EVE-N55-ENG;2;354.24;708.48
SVXP062;2;112.1596;224.3192
SCNC014;12;66.0674;792.8088
VWR12G7R601FO;26;73.89834752;1921.35703552
CTS-HW-408;17;58.6218;996.5706
AC-S63-DP;14;123;1722
CTS-HW-040;2;63.9518;127.9036
CTS-EXH-DP-0039;2;405.8918;811.7836
KCA430;3;35.81344096;107.44032288
KCA334;2;55.1776852;110.3553704
ATINTBMW2;1;284.72821296;284.72821296
ATINTBMW4;3;271.17513488;813.52540464
VWR1241S4;2;483.68967064;967.37934128
VWR19G707;8;37.20471364;297.63770912
VWR12G7R602;7;219.51822136;1536.62754952
VWR12UPITINLET;25;50.84297168;1271.074292
VWR11UPGT;4;41.65300044;166.61200176
VWR19G711;8;49.61259448;396.90075584
VWR14G700;1;403.07157072;403.07157072
PKR7A;42;7.6096;319.6032
RE8C-L;8;16.3754;131.0032
RE9B-T;8;17.8186;142.5488
RC-ZE81;3;41.3034;123.9102
MMRA-LC;13;8.6592;112.5696
BH-198;3;28.39332;85.17996
CLK-2;10;15.9002592;159.002592
BH-273;5;42.58998;212.9499
BH-279;4;35.2077168;140.8308672
BH-304;5;39.750648;198.75324
BH-262ST;4;32.9362512;131.7450048
JC60/S2000;2;33.01196672;66.02393344
COASRM250;2;116.412612;232.825224
COASFST16T3;5;157.346315;786.731575
STAB76A50014T;1;231.87878;231.87878
AB80SFRS2;1;283.9332;283.9332
WB-407;2;22.4307228;44.8614456
HMP-914;3;66.02393344;198.07180032
HMP-936;3;66.02393344;198.07180032
HMP-457;3;66.02393344;198.07180032
WB-446;1;20.8690902;20.8690902
WB-432;9;25.2700548;227.4304932
WB-280;1;37.63061344;37.63061344
HMP-385;2;53.947308;107.894616
BH-305;2;79.501296;159.002592
WB-427;8;23.54752672;188.38021376
WB-358;3;23.54752672;70.64258016
HMP-244;2;33.01196672;66.02393344
WB-301;4;20.8690902;83.4763608
WB-336;4;22.4307228;89.7228912
HMP-363;3;33.01196672;99.03590016
HMP-424;1;33.01196672;33.01196672
HMP-526;6;36.911316;221.467896
HMP-592;4;33.01196672;132.04786688
HMP-712;8;36.911316;295.290528
WB-243;3;52.2437088;156.7311264
WB-567;3;23.54752672;70.64258016
WB-352;2;42.58998;85.17996
WB-429;11;50.5401096;555.9412056
WB-750;3;25.90417228;77.71251684
WB-586;1;25.91363672;25.91363672
WB-607;3;23.54752672;70.64258016
WB-576;7;27.8254536;194.7781752
WB-568;8;25.2700548;202.1604384
WB-547;2;23.54752672;47.09505344
WB-544;3;23.54752672;70.64258016
WB-257;2;23.54752672;47.09505344
WB-482;1;18.81530672;18.81530672
WB-447;3;20.8690902;62.6072706
WB-439;8;27.8254536;222.6036288
WB-412;3;20.8690902;62.6072706
WB-402;2;18.81530672;37.63061344
WB-394;4;32.9362512;131.7450048
WB-370;2;20.8690902;41.7381804
WB-350;3;18.81530672;56.44592016
WB-341;1;23.54752672;23.54752672
WB-293;2;20.8690902;41.7381804
WB-287;1;23.54752672;23.54752672
HMP-929;2;39.750648;79.501296
HMP-921;1;33.01196672;33.01196672
HMP-895;2;42.58998;85.17996
HMP-347-2;3;66.02393344;198.07180032
WB-384;5;20.8690902;104.345451
WB-232;1;18.81530672;18.81530672
WB-520;2;23.54752672;47.09505344
WB-308;2;20.8690902;41.7381804
WB-298;2;22.4307228;44.8614456
CTS-TR-1050;8;799.4918;6395.9344
CTS-HW-361;2;39.3518;78.7036
CTS-B58-HX;3;225.4918;676.4754
CTS-IT-291;2;98.3918;196.7836
CTS-HW-250;1;171.3718;171.3718
W0508;4;17.2252808;68.9011232
EVE-A90-CF-HDP;1;378.348;378.348
KSB659;1;84.47959144;84.47959144
W63491;2;7.81762744;15.63525488
KCA477;2;52.31942432;104.63884864
VWR29G7250;4;325.55780712;1302.23122848
WB-206;2;23.53806228;47.07612456
HMP-369;2;33.01196672;66.02393344
WB-285;2;18.81530672;37.63061344
CTS-EXH-CB-0019;1;590.3918;590.3918
U5093;12;34.6614;415.9368
ILZTR6A8G;38;5.1906;197.2428
ILFR6B;80;5.8794;470.352
KDT973;7;129.81425904;908.69981328
KCA403;2;69.63934952;139.27869904
KTA281;1;109.20070872;109.20070872
MMBCC-F80-15CBE;14;118.162;1654.268
EVE-FK2V3-CF-CHG;6;327.18;1963.08
AC-FIST7-BAD;51;13.94;710.94
AC-200-EVAP;52;3.69;191.88
SHYC103;7;133.7584;936.3088
SMBP006;3;128.7236;386.1708
WB-513;3;36.911316;110.733948
HMP-943;2;66.02393344;132.04786688
PPF-1744;5;24.28575304;121.4287652
MMHE-F80-15;1;258.956;258.956
MMOC-F80-15;5;234.9628;1174.814
MMINT-F80-15;2;683.265;1366.53
TTEIS38;1;1074.4132;1074.4132
BBF44Z;4;110.85698572;443.42794288
BBR44Z;4;94.36993124;377.47972496
EVE-FK8FK2-ENG;3;234.192;702.576
KSB633;1;61.40528672;61.40528672
BTR99Z;2;75.32747796;150.65495592
BTF99Z;2;92.25936112;184.51872224
KCA476;2;237.90762828;475.81525656
KCA478;1;211.47344736;211.47344736
ALP.19.08.0004-1;7;351.5586;2460.9102
MMOC-MUS8-15T-SL;2;283.4658;566.9316
VWR120001;22;3.10433632;68.29539904
ATMSFO108;4;55.44268952;221.77075808
R7438-9;114;25.625;2921.25
9-307-1059;12;85.239;1022.868
10.127.101TK;22;6.15;135.3
F2360P;24;24.0424;577.0176
F2361P;24;17.22;413.28
KT4006;1;434.477;434.477
ALP.19.08.0002-1;2;60.4094;120.8188
ALP.19.02.0001-1;1;439.4954;439.4954
ALP.07.04.0023-1;1;412.6076;412.6076
ALP.07.08.0008-1;1;535.2714;535.2714
KT4042;2;490.4174;980.8348
KT4021;2;343.662;687.324
KT4016;3;634.352;1903.056
KT4013;1;427.4824;427.4824
KT4041;1;619.7396;619.7396
KT4002;1;427.4824;427.4824
KT4008;3;369.1148;1107.3444
KT4014;1;427.4824;427.4824
KT4026;2;560.4946;1120.9892
KT4025;4;434.477;1737.908
ATIKFO21;5;97.03890332;485.1945166
KT4019;2;499.3226;998.6452
KT4040;2;525.7922;1051.5844
KT4007;2;397.659;795.318
F2428P;24;24.0424;577.0176
F2429P;24;17.22;413.28
EVE-S55-CF-CHG;4;388.68;1554.72
CTS-TR-1000;8;426.3918;3411.1344
CTS-IT-341;1;117.2518;117.2518
CTS-IT-349;1;132.8318;132.8318
CTS-IT-348;1;135.2918;135.2918
SBMP081;10;171.3226;1713.226
P3BTAP1;2;28.536;57.072
AC-200K03-OT;91;41;3731
FMINDK33;1;194.71192412;194.71192412
058198025A;19;2.009;38.171
06K103213A;10;3.28;32.8
058253039L;52;0.697;36.244
06L115441;121;0.779;94.259
06F103483D;18;2.05;36.9
EVE-RS5-CF-SLM;1;398.028;398.028
1J0121407E;14;4.1;57.4
ATMSFO104;5;27.34276716;136.7138358
MMRAD-CTR-17;3;256.168;768.504
EVE-RS4-CF-SLM;2;398.028;796.056
EVE-RS5-CF-ENG;1;374.904;374.904
EVE-B58F-CF-ENG;1;304.548;304.548
EVE-N55-M2-ENG;2;398.52;797.04
03K906051;45;4.018;180.81
CTS-IT-292;4;90.1918;360.7672
CTS-IT-166;4;106.5918;426.3672
VWR12P1GTFO;1;50.37921412;50.37921412
FMCT5-BLA;1;236.611;236.611
034-605-0022;2;72.16;144.32
034-401-1006;3;266.5;799.5
EVO1106;4;162.8274;651.3096
EVO2300;4;170.0352;680.1408
20VW36502X;2;1027.747;2055.494
EVE-F4XB48-CF-INT;3;609.096;1827.288
EVE-JCWGP3-INT;3;758.664;2275.992
AC-211-CFA;57;3.28;186.96
FMBP4;2;99.16840232;198.33680464
U5020;40;17.1052;684.208
HMP-954;4;36.911316;147.645264
EVE-W210-FTR;12;46.74;560.88
EVE-15144-G2-FTR;3;29.028;87.084
ILTR6A-8G;20;8.7658;175.316
MS100204;4;57.3508;229.4032
MMTC-F80-15;2;181.31102;362.62204
CTS-TR-1050-OG;6;737.9918;4427.9508
CTS-TR-1070;1;737.9918;737.9918
FMDV26A;3;85.17996;255.53988
DILKAR7C9H;60;8.2902;497.412
PFR7Z-TG;52;5.7318;298.0536
KDT919;4;37.23310696;148.93242784
VWR12G7R602ITBLA;14;49.61259448;694.57632272
VWR13G700-SERV;16;14.26291108;228.20657728
AC-F56-DP;6;53.3;319.8
AC-OPC-DP;6;34.44;206.64
AC-S55-MP;20;180.4;3608
"THE-B5 005 00";1;127.92;127.92
"THE-B5 037RE";1;137.596;137.596
MMAF-4007;1;24.805;24.805
MMBCC-SUP-20CBE;2;131.241;262.482
MMICP-STNGR-18F;1;79.0152;79.0152
MMTC-MUS-15SL;2;183.557;367.114
MMODP-12125B;12;8.118;97.416
VWR670006;13;77.5137636;1007.6789268
VWR670004;6;62.01101088;372.06606528
U5055;38;13.8826;527.5388
VWR670007;8;38.7568818;310.0550544
AC-200-VRA;26;4.92;127.92
BM5G9448AE;21;4.92;103.32
078198025;8;2.706;21.648
022103483E;12;4.92;59.04
06L253039C;36;2.87;103.32
078253039G;29;1.476;42.804
JSK-108;4;112.87291144;451.49164576
JSK-141;3;164.02820964;492.08462892
PPF-9795;3;24.28575304;72.85725912
06K103495AC;31;9.84;305.04
1K0253144AE;5;3.28;16.4
MMBCC-MUS8-18PBE;3;96.514;289.542
034-101-3051;5;11.193;55.965
WB-514;2;25.91363672;51.82727344
SHD0395-1P-BK;2;9.84;19.68
SMA0001-1C-BK;1;18.2204;18.2204
SMA0002-1C-BK;3;18.2204;54.6612
SMT6052-1C;1;18.2204;18.2204
SSU1000-1P-BK;2;9.84;19.68
L3P3A8SX;2;189.7644;379.5288
L-ME/SS/3;1;417.4046;417.4046
S-ME/T/1H;1;2399.2503;2399.2503
WHT005185;79;2.87;226.73
MMAF-3005S;3;18.04;54.12
ALP.19.09.0001-2;3;797.8354;2393.5062
AMS.21.08.0001-1;1;439.4872;439.4872
BMR74Z;3;84.47959144;253.43877432
KCA428;4;101.53451232;406.13804928
KDT974;4;107.21317632;428.85270528
KDT976;3;117.86067132;353.58201396
KLC233;4;57.96023056;231.84092224
KLC140-395;3;51.51494692;154.54484076
KCA485;6;69.14719864;414.88319184
KDT969;2;27.5415204;55.0830408
VWR12UPGTCOMP;1;228.82176588;228.82176588
AC-WS-15-FK;4;11.6768;46.7072
KTA282;2;113.6679244;227.3358488
KTA291;3;261.93784144;785.81352432
WA302R+L;4;91.15202164;364.60808656
WSK-FRD011;2;127.33457576;254.66915152
R01-10-2;9;41;369
R02-10-2;7;41;287
R07-10-2;1;41;41
R12-10-1;4;36.9;147.6
R13-10-2;8;41;328
R09-10-2;5;36.9;184.5
R03-10-2;2;32.8;65.6
R04-10-2;8;32.8;262.4
R05-10-2;9;32.8;295.2
EVE-F8XM-CF-SBC;1;515.124;515.124
SILZKGR8B8S;182;6.3058;1147.6556
L3P3MIEX;2;185.0084;370.0168
L3P3BG2X;3;185.0084;555.0252
L3P3BG3X;2;185.0084;370.0168
033CV17144;1;399.0202;399.0202
039DD21131;1;266.0162;266.0162
343PE16144;2;332.5264;665.0528
R-VW-004-HR;2;264.696;529.392
R-FIA-003-I;3;213.61;640.83
ILZKBR7B8G;45;6.027;271.215
VWR810000;23;13.02306944;299.53059712
AC-FA20-OSA;2;10.045;20.09
883089.000151;1;749.07;749.07
001243.999532;2;355.9374;711.8748
EVE-A35-CF-INT;8;609.096;4872.768
EVE-A35-CF-CHG;8;351.288;2810.304
034-106-3039;7;266.5;1865.5
CTS-HW-306;10;44.2718;442.718
CTS-IT-277;11;103.7218;1140.9398
VWR180002;6;13.63825804;81.82954824
058129717D;12;1.066;12.792
06K129717A;1;1.476;1.476
079133074B;9;3.28;29.52
1J0253115A;4;1.066;4.264
11127565286;47;3.321;156.087
T50-10-1;4;26.7156;106.8624
PPF-1198;1;24.28575304;24.28575304
PPF-9933;2;24.28575304;48.57150608
PPF-9822;4;48.58097052;194.32388208
SBMP082;9;99.3758;894.3822
MMTC-SUP-20;2;293.0434;586.0868
MMSBH-F80-15;2;194.668;389.336
"THE-8J 003 02";2;16.4;32.8
KT4033;1;401.308;401.308
KT4048;2;546.9482;1093.8964
VWR12G7R600OS;14;14.26291108;199.68075512
VWR62005MM;3;54.25963452;162.77890356
VWR180003;19;13.63825804;259.12690276
VWR31G8GT;9;122.08181156;1098.73630404
SFDX089;1;286.4014;286.4014
KLC140-255;3;51.51494692;154.54484076
KDT975;2;126.88028264;253.76056528
MMAI-SUP-20;2;199.7028;399.4056
CI100033-B;14;131.9872;1847.8208
MS100137;12;114.7754;1377.3048
MS100110;9;22.9354;206.4186
MMRAD-SUP-20;2;349.6152;699.2304
MMRAD-SUP-20A;1;256.9798;256.9798
9-307-1060;19;85.239;1619.541
9-441-0901;1;130.339;130.339
AC-45-BT;8;12.054;96.432
AC-B48-BT;2;11.111;22.222
AC-MK7-TI;14;28.7;401.8
AC-MK7-TO;36;31.16;1121.76
7-502;2;78.228;156.456
7-400;2;65.19;130.38
7-404;2;83.148;166.296
7-402;3;78.228;234.684
7-500;1;88.068;88.068
6-01-G;10;14.268;142.68
06K103484F;4;1.517;6.068
KLC242;3;53.26586832;159.79760496
BTR102Z;2;69.14719864;138.29439728
CTS-CRI-14422;3;319.7918;959.3754
CTS-BV-0009-3;5;112.7418;563.709
VWR3131S3;3;122.08181156;366.24543468
011EM16134;2;212.1586;424.3172
ATINTHYU1;4;304.83068352;1219.32273408
ARMABM92M3-A;7;555.96;3891.72
VWR190000;5;49.61259448;248.0629724
ARMABM87M2-A;3;586.3;1758.9
ARMAHDATYR-A;2;545.71;1091.42
ARMATYPFK8-A;2;496.1;992.2
ARMAADS5B9-A;2;545.71;1091.42
ARMAAUDIS4-A;1;535.788;535.788
EVE-GR4-CF-INT;14;639.6;8954.4
VWR680004;3;425.189967;1275.569901
VWR680014;2;290.68134572;581.36269144
MS100112;10;22.9354;229.354
CI100038;1;573.9754;573.9754
CI100038-B;5;195.1354;975.677
CI100039-B;15;97.5554;1463.331
ATEXHHYU1;4;148.19420152;592.77680608
PPF-9856;2;24.28575304;48.57150608
PPF-9998;4;24.28575304;97.14301216
PPF-9774;2;24.28575304;48.57150608
ARMAAD0RS6-A;2;694.54;1389.08
ARMAMZDMX5-A;1;287.738;287.738
ARMATYFT86-A;2;383.76;767.52
ARMABZA450G-A;5;543.66;2718.3
ARMABZA450S-A;2;322.26;644.52
ARMABZA250S;4;486.178;1944.712
ARMAGOLF6R-A;2;419.84;839.68
ARMABM8235-A;2;444.235;888.47
ARMABMW335-A;3;443.784;1331.352
ARMAFDMK40-A;2;253.011;506.022
ARMAMINR60-A;3;302.58;907.74
ARMABM82M4-A;2;989.74;1979.48
ARMAAD08VA-A;2;619.92;1239.84
CTS-IT-820;7;98.3918;688.7426
CS57-AR60016;1;35.916;35.916
CS57-AR60046;1;33.62;33.62
CS57-AR60022;1;31.16;31.16
CS57-AR60037;2;37.392;74.784
CS57-AR60038;2;78.72;157.44
CS57-AR60019;3;33.456;100.368
CS57-AR60009;2;34.44;68.88
CS57-AR60010;3;34.44;103.32
ARMAFDFIST-A;2;171.38;342.76
ARMAFDMK30;2;171.38;342.76
ARMAGOLF7G-A;5;491.139;2455.695
CG85-02-0023;15;159.08;2386.2
1CCVW08F02;1;99.22;99.22
ARMAAD0RS4-1;9;72.16;649.44
ES-311366;7;25.0932546;175.6527822
SD-3312759S;1;68.3094153;68.3094153
ES-315086;3;19.5169758;58.5509274
ES-361074;6;25.0932546;150.5595276
ES-325248;4;19.5169758;78.0679032
MMRAD-MK7-15;1;296.8318;296.8318
MMRAD-MK7-15A;10;128.084;1280.84
MMINT-MK6-06;5;372.9688;1864.844
MMBCC-S4-18PBE;1;155.67167;155.67167
MMRAD-MIA-06;4;163.4752;653.9008
ES-361077;2;25.0932546;50.1865092
ES-325499;4;19.5169758;78.0679032
ES-351122;4;25.0932546;100.3730184
ES-355042;3;19.5169758;58.5509274
ES-351186;8;25.0932546;200.7460368
ES-355194;7;19.5169758;136.6188306
ES-355270;1;19.5169758;19.5169758
ES-351301;6;25.0932546;150.5595276
ES-351255;3;25.0932546;75.2797638
ES-355257;4;19.5169758;78.0679032
ES-331140;3;25.0932546;75.2797638
ES-335036;3;19.5169758;58.5509274
ES-331238;3;25.0932546;75.2797638
ES-335300;5;19.5169758;97.584879
ES-341225;7;25.0932546;175.6527822
ES-335233;3;25.0932546;75.2797638
ES-335161;6;25.0932546;150.5595276
ES-331120;3;25.0932546;75.2797638
ES-325198;5;19.5169758;97.584879
ES-321310;4;25.0932546;100.3730184
ES-321262;3;25.0932546;75.2797638
ES-331167;6;25.0932546;150.5595276
ES-325469;1;19.5169758;19.5169758
ES-321467;1;25.0932546;25.0932546
SD-3352538;3;61.8037567;185.4112701
SD-3311001;9;97.584879;878.263911
SD-3355038;4;65.056586;260.226344
SD-3315007;1;81.3207325;81.3207325
SD-3355008;4;65.056586;260.226344
SD-3313061;2;71.5622446;143.1244892
SD-3355060;2;68.3094153;136.6188306
SD-3218172;4;74.8150739;299.2602956
SD-3252008;5;66.35771772;331.7885886
SD-3218112;2;71.5622446;143.1244892
SD-3252010;4;66.35771772;265.43087088
SD-3252028;5;121.65581582;608.2790791
SD-3212031;4;136.6188306;546.4753224
SD-3212037;3;95.95846435;287.87539305
SD-3252034;2;91.0792204;182.1584408
SD-3416003;2;107.01808397;214.03616794
AMS.21.09.0002-1;3;61.4672;184.4016
AMS.21.09.0003-1;1;106.5754;106.5754
ALP.07.07.0010-1;1;1377.5918;1377.5918
CTS-IT-256;8;82;656
BSR20XXXZ;1;81.99990816;81.99990816
BBF46;4;88.31268964;353.25075856
SD-3456004;1;87.8263911;87.8263911
SD-3416053;2;146.3773185;292.754637
SD-3456054;2;133.3660013;266.7320026
SD-3118264;1;73.83922511;73.83922511
SD-3158900;1;71.5622446;71.5622446
SD-3617001;3;68.3094153;204.9282459
SD-3657010;3;68.3094153;204.9282459
SD-3617003;4;110.5961962;442.3847848
SD-3657012;2;94.3320497;188.6640994
WSK-TOY002;6;80.920962;485.525772
SD-3617023;1;100.8377083;100.8377083
SD-3657014;3;107.01808397;321.05425191
SD-3512802;4;73.83649164;295.34596656
SD-3552803;4;73.83649164;295.34596656
SD-3513005;3;68.3094153;204.9282459
SD-3552805;2;55.2980981;110.5961962
SD-3513099;3;73.83649164;221.50947492
SD-3551535;3;68.3094153;204.9282459
369928C;1;1093.7078;1093.7078
SD-3513145;4;68.3094153;273.2376612
SD-3553070;3;81.3207325;243.9621975
SD-3513149;5;95.95846435;479.79232175
SD-3553084;3;84.89611126;254.68833378
MMTS-F80-15;12;51.4058;616.8696
MMTS-CTR-17;2;23.4438;46.8876
SD-3519301;2;94.3320497;188.6640994
SD-3513007;3;91.0792204;273.2376612
SD-3559302;5;74.8150739;374.0753695
Z-9910017;5;110.5961962;552.980981
Z-3250001;7;71.5622446;500.9357122
ILZKAR7A10;56;5.8138;325.5728
Z-325469;2;65.056586;130.113172
ATINTYGR1;5;316.32997812;1581.6498906
AC-IS-TB;81;20.91;1693.71
Z-341225;17;71.5622446;1216.5581582
Z-335161;4;65.056586;260.226344
Z-335233;7;65.056586;455.396102
Z-325499;9;65.056586;585.509274
Z-345227;2;65.056586;130.113172
Z-361074;6;71.5622446;429.3734676
Z-325248;3;65.056586;195.169758
FS-38034B24R/25L;3;260.226344;780.679032
034-504-Z013;4;133.25;533
6-1002-FRB;18;63.468;1142.424
R-BMW-018-I;5;330.05;1650.25
C-AUD-004L;2;741.28;1482.56
005EA14139;2;212.1586;424.3172
FSBS40034B26R/27L;3;644.0602014;1932.1806042
FP3325137;6;178.9056115;1073.433669
FP-3355132;3;100.8377083;302.5131249
EVE-ST38V8S-CF-ENG;5;280.932;1404.66
KT9954;1;805.896;805.896
FMMD6;3;62.42744624;187.28233872
SES1230H;1;379.0204;379.0204
SES3078;2;454.0668;908.1336
SES3078TIP;10;63.1646;631.646
X-1030;14;10.168;142.352
CI100033-A;2;25.8054;51.6108
MS100113;2;27.9128;55.8256
CI100033;2;315.6754;631.3508
CI100037;10;286.9754;2869.754
VWR140004;1;102.8311406;102.8311406
TS-0203-1009;2;81.9836;163.9672
TS-0205-1010;1;127.1;127.1
TS-0203-1057;2;82.9266;165.8532
EVE-C8RS6-CF-INT;4;1303.8;5215.2
TS-0203-1257;4;75.85;303.4
TS-0203-1262;3;84.0336;252.1008
TS-0203-1264;2;65.6;131.2
TS-0203-1081;2;88.15;176.3
TS-0203-1104;1;13.1036;13.1036
AU128;1;567.8664;567.8664
TS-0203-1101;3;10.0696;30.2088
TS-0203-1266;1;79.95;79.95
TS-0203-2002;2;12.3;24.6
TS-0720-1004;4;15.0634;60.2536
A1000008;14;11.4554;160.3756
MS100086;2;48.4538;96.9076
CI100039;15;157.8172;2367.258
TS-0720-1003;2;18.8436;37.6872
MS100198;5;517.4036;2587.018
MS100016;2;647.4474;1294.8948
VWR17G8R600;15;24.80629724;372.0944586
VWR190001;3;50.64421844;151.93265532
VWR160000;12;74.40942728;892.91312736
SBMP083;2;112.5532;225.1064
SBMX083;1;329.5252;329.5252
TS-0720-1007;1;16.4;16.4
TS-0402-1001;1;10.2336;10.2336
VWR31G80R;1;122.08181156;122.08181156
VWR31P2GT;2;101.74273;203.48546
033CS17136;2;266.0162;532.0324
R-OPE-005-I;1;286.754;286.754
TS-0402-1004;2;8.4952;16.9904
TS-0402-1005;2;8.4952;16.9904
TS-0402-1006;4;11.6686;46.6744
TS-0402-1013;1;12.2836;12.2836
VWR54G5COMP;2;252.49233032;504.98466064
TS-0645-4052;2;77.8836;155.7672
TS-0645-3052;2;77.8836;155.7672
TS-0302-1002;1;140.63;140.63
SAUC092;2;378.3726;756.7452
SAUP087;11;144.8694;1593.5634
STYP009;8;127.0016;1016.0128
ATINTBMW7;2;258.25617428;516.51234856
KLC157;9;51.51494692;463.63452228
KCA417;5;15.30399948;76.5199974
KLC175;1;51.51494692;51.51494692
KTA138A;2;98.25981608;196.51963216
TS-0622-5072;1;77.9;77.9
EVE-A45S-CF-INT;12;655.836;7870.032
CTS-EXH-DP-0026;2;737.9918;1475.9836
CTS-IT-938;2;180.3918;360.7836
CTS-HW-450;3;73.7918;221.3754
CTS-IGN-006;258;15.9818;4123.3044
CTS-SUS-2002;1;67.6418;67.6418
MMTB-SUP-20;7;99.9826;699.8782
MMTB-MUS4-15;2;92.6846;185.3692
MMTB-FOST-13;3;92.6846;278.0538
MMTB-N54-07;4;134.9884;539.9536
AC-MK7-FPT;22;2.624;57.728
AC-UNI-WD;140;2.87;401.8
A1000004;1;5.7072;5.7072
CI100040;8;286.9918;2295.9344
CI100037-A;3;177.9154;533.7462
MS100180;2;176.7592;353.5184
ARMABM90M5-A;1;798.68;798.68
ARMAMIM135-A;1;570.515;570.515
ARMABM3034-A;3;546.12;1638.36
ARMABMWF30-A;1;546.12;546.12
CG85-02-0002;5;158.752;793.76
300001009;1;518.7976;518.7976
ALP.07.13.0002-1;1;104.5172;104.5172
ALP.07.03.0016-1;1;551.0154;551.0154
ALP.07.03.0014-1;1;122.9754;122.9754
AMS.04.05.0001-1;2;304.1954;608.3908
VWR810002;10;36.58952504;365.8952504
VWR29DQ381;8;340.4359068;2723.4872544
VWR130006;8;26.3584654;210.8677232
R-BMW-019-I;4;429.065;1716.26
06D115562;25;1.23;30.75
03H971921;641;3.936;2522.976
R17-10-2;7;41;287
AC-180-EM;50;13.284;664.2
ATIKYGR01;4;184.2726468;737.0905872
ATMSYGR02;5;166.36592632;831.8296316
ATMSYGR04;1;241.56090212;241.56090212
E-TY/SS/3;1;268.5008;268.5008
SMA0600-1P-BK;2;9.84;19.68
STY0014-1C-BK;3;18.2204;54.6612
ATINTFO55;2;283.8385556;567.6771112
U5099;42;35.3338;1484.0196
TS-0223-1091;2;90.1836;180.3672
TS-0801-1002;3;47.15;141.45
TS-0645-2052;4;66.625;266.5
MMSBH-RX8-04K;3;211.7486;635.2458
FMINDK31;2;153.78768556;307.57537112
ATMSFK802;1;255.36005564;255.36005564
ATINTHON03;2;342.50861916;685.01723832
ATMSYGR05;4;35.15093016;140.60372064
GPST;79;0.82;64.78
AMS-00.06.0108-1;942;0.3444;324.4248
PPF-1826;2;24.28575304;48.57150608
WSK-TOY001;2;93.44241612;186.88483224
BHF53Z;1;85.16103112;85.16103112
VWR12G7R600;7;200.91113232;1406.37792624
VWR12G7R600ITBLA;46;99.22518896;4564.35869216
ITGFST8;3;125.2145412;375.6436236
PRK-148-BK;3;247.33421052;742.00263156
CTS-IGN-008;67;14.6534;981.7778
VWR180004;34;17.3672474;590.4864116
VWR810003;3;124.02202176;372.06606528
MS100210;150;40.1308;6019.62
AC-MK7-IM;14;188.6;2640.4
WB-508;2;56.78664;113.57328
ITGYARISKITEVO;2;292.81084472;585.62168944
ATIKMINI04;6;205.40674132;1232.44044792
VWR810005;8;80.61809992;644.94479936
VWR810004;11;93.01651632;1023.18167952
VWR810009;7;26.04613888;182.32297216
CTS-F1x-M5M6-DF;2;491.9918;983.9836
EVE-Vbadge;10;6.888;68.88
ATMSYGR06;4;153.29553468;613.18213872
ATMSYGR01;4;100.58806832;402.35227328
VWR120010;43;115.95831888;4986.20771184
VWR120003;27;115.95831888;3130.87460976
ILKR8E6;16;10.0696;161.1136
DILKAR8A8;30;15.621;468.63
AC-N54-TB;29;68.88;1997.52
BPR8EIX;8;6.1992;49.5936
R18-10-2;6;32.8;196.8
AC-MK7-GFH;14;13.12;183.68
MMOCF-BMW;6;27.9292;167.5752
CTS-HX-006;2;133.2418;266.4836
P3ESVA;3;40.426;121.278
PPF-1512;3;24.28575304;72.85725912
KCA510;10;89.46735132;894.6735132
KTA285;5;153.9864388;769.932194
KTA286;2;96.90640116;193.81280232
AC-MK7-BT;56;9.84;551.04
AC-27-YH;13;26.2072;340.6936
KTA259;1;129.426217;129.426217
EUPD6003411R;2;713.1868;1426.3736
AC-500-TB;74;17.8432;1320.3968
AC-45-TB;58;33.4232;1938.5456
AC-200-TB;67;22.7632;1525.1344
EUPD3003713R;4;351.5504;1406.2016
ATINTVAG41;2;629.84901756;1259.69803512
ATIKYGR02;3;352.13395464;1056.40186392
ATIKNIS01;2;173.1519298;346.3038596
ILKAR7L11;8;10.7666;86.1328
MMHOSE-MK7-15RRBK;3;13.981;41.943
EUPD4003106R;3;555.7468;1667.2404
EUPD6003412R;1;772.6204;772.6204
CTS-HX-007;3;213.1918;639.5754
EUPD4004701R;5;393.3868;1966.934
EUPD4002102R;1;334.3468;334.3468
EUPD4002106R;1;339.2668;339.2668
EUPD4002112R;1;358.9468;358.9468
EUPD4005001R;2;388.8604;777.7208
EUPD6002209R;1;516.3868;516.3868
EUPD8002210R;1;688.5868;688.5868
EUPD6003401R;1;629.5468;629.5468
EUPD6002211R;1;516.3868;516.3868
EUPD6002210R;2;516.3868;1032.7736
EUPD5002115R;3;467.1868;1401.5604
EUPD4003601R;1;383.5468;383.5468
EUPD4003302R;1;559.4204;559.4204
EUPD4003211R;3;344.1868;1032.5604
EUPD2003301R;3;367.5404;1102.6212
VWR190002;5;37.20471364;186.0235682
ALP.07.04.0028-2;3;119.8594;359.5782
CI100035-B;3;195.1354;585.4062
AC-MK8-MD;77;21.73;1673.21
AC-S55-CHP;12;7.38;88.56
AC-BM-ODP;79;2.05;161.95
AC-27-DEL;14;5.33;74.62
PPF-9786;2;24.28575304;48.57150608
RPF-2045;5;20.42426152;102.1213076
VWR810006;11;130.22122996;1432.43352956
SP-27;25;8.774;219.35
CTS-A90-HX;2;270.5918;541.1836
ATMSYGR08;2;66.51608432;133.03216864
ATMSYGR07;6;79.37825828;476.26954968
ATMSREN8;6;78.85771408;473.14628448
ATMSREN7;5;68.11557468;340.5778734
DP-BM/SS/9;1;1168.1638;1168.1638
SFDC091;3;151.8804;455.6412
SFDX091;2;241.08;482.16
ATIKHYU5;2;164.90840256;329.81680512
ATMSHYU4;1;130.03194116;130.03194116
WB-323;5;23.54752672;117.7376336
VWR520000;10;86.80784368;868.0784368
VWRA10000;7;4.64704004;32.52928028
EUPD4002701R;1;427.8268;427.8268
VWR150002;4;165.88323988;663.53295952
ALP.37.03.0004-2;1;127.92;127.92
RC-HE64;3;21.7464;65.2392
EVE-G8XMV2-CF-INT;15;1303.8;19557
11427953129;27;1.435;38.745
AC-300-CP;143;5.33;762.19
ATIKBMW2;1;205.40674132;205.40674132
ATMSBMW5;3;172.52727676;517.58183028
ARMABG82M4-A-3/4;1;712.58;712.58
ARMATYYAGR-A;2;319.8;639.6
1CCVW08F041-;1;94.3;94.3
1CCVW08F04;7;188.6;1320.2
ARMABG82M4-5;2;153.34;306.68
E-BM/T/12;1;1203.0302;1203.0302
TP-CT/69;2;1042.63;2085.26
PFR7G-11S;8;8.1016;64.8128
EVE-E9X-CF-DCT;1;329.64;329.64
AC-200-PP;45;24.6;1107
SAUP090;2;69.1096;138.2192
WSK-SUB001;1;65.52231812;65.52231812
VWR680003;2;348.8119362;697.6238724
SFD098;1;268.5008;268.5008
FMINLD1;3;202.71884036;608.15652108
FMDV34A;3;108.84106;326.52318
FMDV34R;3;93.30044952;279.90134856
E10-82-092-01-22;4;110.536;442.144
MMAI-G80-21;1;367.565;367.565
AMS.38.08.0002-1;1;2459.9918;2459.9918
AMS.38.08.0001-1;1;654.9422;654.9422
AMS.38.09.0001-1;1;215.2172;215.2172
AMS.38.02.0001-1;2;553.4672;1106.9344
AMS.38.14.0003-2;1;4243.4672;4243.4672
E10-42-052-03-22;6;110.536;663.216
E10-42-040-06-22;3;127.92;383.76
E10-20-046-02-22;3;127.92;383.76
E10-35-023-14-22;2;120.048;240.096
E10-35-047-07-22;2;98.072;196.144
E10-35-016-09-22;2;110.536;221.072
E10-35-016-05-22;2;84.296;168.592
CI100042;6;860.9754;5165.8524
CI100043;1;803.5754;803.5754
E10-40-011-01-22;1;93.808;93.808
E10-55-007-01-22;1;109.552;109.552
E10-35-023-08-22;2;93.808;187.616
E20-55-019-01-22;2;87.248;174.496
E5530-140;1;102.336;102.336
E10-25-036-05-22;2;162.032;324.064
E10-30-013-01-22;4;91.512;366.048
E10-70-009-01-22;1;75.768;75.768
E10-35-046-01-22;4;97.416;389.664
E10-55-013-03-22;2;88.888;177.776
E10-55-008-05-22;2;84.952;169.904
E10-82-043-01-22;2;94.136;188.272
E10-82-001-01-22;1;87.904;87.904
E10-15-004-03-22;3;93.808;281.424
E10-15-007-14-20;2;71.832;143.664
E10-15-027-01-22;1;192.536;192.536
E1570-140;4;107.256;429.024
IFR7G-11KS;8;10.2336;81.8688
E10-15-009-01-22;2;99.384;198.768
E20-15-021-06-22;7;119.72;838.04
E10-20-022-09-22;2;156.128;312.256
E10-20-031-09-22;5;121.032;605.16
E10-20-014-17-22;2;115.784;231.568
E10-20-001-02-22;1;108.896;108.896
E10-63-020-01-22;1;109.88;109.88
SBMP086;11;173.8318;1912.1498
E10-75-017-05-22;2;104.304;208.608
E10-75-020-05-22;2;118.408;236.816
E10-75-012-05-22;2;107.256;214.512
UR-TW2-3932;2;67.4286;134.8572
E10-75-003-15-22;3;105.944;317.832
E10-70-010-01-22;3;86.264;258.792
E20-65-013-02-22;3;80.36;241.08
E20-65-015-02-22;2;75.768;151.536
E20-81-003-02-22;1;79.376;79.376
E20-85-051-06-22;3;96.76;290.28
E20-85-051-05-22;1;117.096;117.096
E20-85-003-01-22;1;75.44;75.44
E20-15-021-02-22;9;106.928;962.352
E20-15-021-05-22;3;110.536;331.608
UR-TW2-323;13;47.1008;612.3104
UR-TW2-340;4;47.1008;188.4032
UR-TW3-020;5;52.521;262.605
UR-TW2-986;2;55.9076;111.8152
UR-TW4-786;2;74.5462;149.0924
UR-TW2-1345;3;55.9076;167.7228
E40-82-089-02-11;1;384.293;384.293
E40-85-014-06-11;3;307.5;922.5
E40-15-021-04-11;3;361.62;1084.86
E40-20-031-03-11;2;215.168;430.336
UR-TW2-1715;3;49.979;149.937
UR-TW2-1796;2;47.1008;94.2016
UR-TW2-3051;4;58.4496;233.7984
UR-TW2-3109;2;49.979;99.958
UR-TW2-110;1;61.8362;61.8362
UR-TW2-729;2;49.979;99.958
UR-TW2-3212;3;55.9076;167.7228
UR-TW2-1289;1;49.979;49.979
UR-TW4-2741;2;66.0756;132.1512
UR-TW2-515;2;63.5336;127.0672
UR-TW4-2141P;2;67.4286;134.8572
UR-RE2-3933A;3;61.8362;185.5086
UR-TW2-1362;5;61.8362;309.181
UR-RE2-1107;3;39.811;119.433
UR-LA2-3677;2;38.1177;76.2354
UR-LA2-3052;2;33.5462;67.0924
UR-LA2-1347;1;39.811;39.811
UR-LA2-3208;5;33.5462;167.731
UR-LA2-1256;2;36.9328;73.8656
UR-LA2-2090;1;40.6556;40.6556
UR-LA2-1503;2;36.9328;73.8656
UR-LA2-1291;2;33.5462;67.0924
UR-LA2-853;3;52.521;157.563
UR-RL2-3935;2;50.4874;100.9748
UR-RL2-732;2;36.9328;73.8656
UR-RL2-1080;2;30.1514;60.3028
UR-RL2-422;1;33.5462;33.5462
UR-RL2-988;4;39.811;159.244
UR-RT2-3216;3;46.5924;139.7772
UR-RL2-1295;3;33.5462;100.6386
UR-RL2-301;3;33.5462;100.6386
UR-RL2-2146;2;32.1932;64.3864
UR-RL2-2614;3;39.811;119.433
EVE-GR4-CF-ENG;4;280.44;1121.76
UR-RL2-652;1;33.5462;33.5462
UR-RL2-791;1;33.5462;33.5462
UR-RL2-790;2;36.9328;73.8656
UR-RU4-2987;6;72.8488;437.0928
UR-LA8-1257;2;84.3698;168.7396
UR-RL4-1259;4;72.8488;291.3952
UR-LA3-3524;4;50.4874;201.9496
UR-RE2-3934;2;39.811;79.622
UR-RT2-329;2;38.1177;76.2354
UR-ROC4-1260A;2;86.4034;172.8068
UR-RU2-1109;4;40.6597;162.6388
UR-FD3-1456;1;67.4286;67.4286
UR-AR18-303;2;92.8076;185.6152
UR-AR19-378;1;89.0848;89.0848
UR-AF23-316;2;87.7564;175.5128
UR-AR23-361;3;101.5734;304.7202
ATMSYGR09;3;103.50311584;310.50934752
ATMSFT1;1;241.56090212;241.56090212
0W40;18;17.7202;318.9636
VWR030001-GAR;2;353.76183832;707.52367664
VWR030001-CONT;1;353.76183832;353.76183832
EVE-C8BMC-FTR;4;123.984;495.936
EUPD4003209R;2;344.1868;688.3736
EUPD4003001R;1;415.5104;415.5104
E10-85-043-02-22;2;117.424;234.848
E10-25-043-06-22;2;106.928;213.856
E10-35-020-02-22;5;84.952;424.76
E4023-140;1;100.368;100.368
E10-85-041-01-22;3;106.928;320.784
E10-85-040-01-22;2;68.552;137.104
E10-57-002-01-22;2;85.608;171.216
E20-81-016-04-22;3;90.2;270.6
E10-85-008-02-22;2;62.32;124.64
E10-85-024-02-22;3;81.344;244.032
E20-81-009-02-22;2;86.264;172.528
E10-81-010-05-22;1;82.656;82.656
EVE-ST38Y-CF-INT;6;843.288;5059.728
E10-15-007-04-22;3;88.888;266.664
E10-15-007-09-22;1;88.888;88.888
E10-15-007-08-22;1;88.888;88.888
E20-15-007-02-22;2;79.376;158.752
MS100219;101;29.3888;2968.2688
20W60;20;15.498;309.96
E40-15-021-01-11;4;310.739;1242.956
ZKER6A-10EG;6;3.0012;18.0072
216CLSDWAOT-R;4;25.256;101.024
216CLSDWAOP-R;11;40.59;446.49
216CLSDWAFP-R;4;40.59;162.36
216CLSDWAEGT-R;4;47.642;190.568
216CLSDWAVO-R;17;22.714;386.138
UR-TW2-1534;3;55.9076;167.7228
UR-TW2-3300;3;58.4496;175.3488
UR-TW4-3717;3;72.8488;218.5464
UR-TW2-2989;4;63.5336;254.1344
UR-FD3-019;3;72.8488;218.5464
UR-FD3-1320;2;72.8488;145.6976
UR-RU2-679A;1;42.353;42.353
UR-RU2-946A;6;44.895;269.37
UR-RU2-858;1;39.811;39.811
EVE-RSQ3-CF-INT;3;843.288;2529.864
UR-RE2-065;2;47.1008;94.2016
ATMSHYU3;3;129.38835924;388.16507772
ATMSHYU5;3;124.86435692;374.59307076
UR-RE2-2171;3;47.1008;141.3024
UR-RT2-3122;3;39.811;119.433
UR-LA4-299;3;52.521;157.563
UR-LA4-3053;2;55.9076;111.8152
UR-ML2-2261;2;47.0926;94.1852
LKR8AP;22;7.9212;174.2664
DCPR8EKP;28;7.1504;200.2112
ML2-2884;2;80.9832;161.9664
UR-LA6-3012;1;82.1722;82.1722
UR-RE2-116A;2;52.521;105.042
UR-RL2-686;3;26.2564;78.7692
UR-RL8-3013;2;83.0168;166.0336
CTS-IT-825;2;171.3718;342.7436
UR-ML2-1258;2;32.185;64.37
UR-RE2-2089;5;42.353;211.765
RE2-1891;3;47.1008;141.3024
UR-RE2-177;2;47.1008;94.2016
UR-RE2-2744;3;52.521;157.563
UR-RE2-1821;2;52.521;105.042
UR-RE2-1270;3;39.811;119.433
UR-TW2-2142;2;67.4286;134.8572
UR-RE4-1916;5;61.8362;309.181
UR-RE4-122;2;67.5024;135.0048
UR-RE2-3111;5;47.0926;235.463
UR-RL2-945;3;26.2605;78.7815
UR-LA4-3718;3;55.9076;167.7228
URTW-RL4-3720;4;52.521;210.084
UR-RL2-3056;1;36.9328;36.9328
UR-ML2-3055;1;43.7142;43.7142
UR-ML2-1824;2;33.5462;67.0924
UR-RL2-3304;4;36.9328;147.7312
UR-RL3-3110;2;55.9076;111.8152
UR-ML4-3067;1;67.4286;67.4286
UR-LA5-1421;1;63.5336;63.5336
UR-RL4-1423;2;57.2606;114.5212
UR-ML4-3054;1;52.521;52.521
UR-RL4-1435;1;65.231;65.231
UR-RL4-1653;2;52.521;105.042
UR-LA4-2883;2;55.9076;111.8152
UR-LA4-1192;6;55.9076;335.4456
FMTIA8-STOCK;3;141.90981336;425.72944008
UR-LA4-147;2;55.9076;111.8152
UR-LA4-651;10;55.9076;559.076
UR-RL2-1273;1;38.1136;38.1136
UR-ML4-1193;6;52.521;315.126
UR-RE2-2758A;3;61.8362;185.5086
UR-ML2-2760;3;52.521;157.563
UR-RL2-3014;2;33.5462;67.0924
UR-RL2-3707;4;36.9328;147.7312
UR-LA6-3705;4;78.7774;315.1096
UR-RL8-3706;4;86.4034;345.6136
URUS-RE2-2432A;5;61.8362;309.181
UR-TW2-1255;3;52.5128;157.5384
420121321;124;8.036;996.464
EVE-EA8884-R-INT;5;655.836;3279.18
EVE-EA8884-GTI-INT;4;655.836;2623.344
R11-10-2;3;41;123
R15-10-2;3;51.66;154.98
EVE-FX34M-V2-INT;4;655.836;2623.344
EVE-FX34M-PF;6;93.48;560.88
TS-0740-1002;2;8.7986;17.5972
VWR610007;4;187.41484088;749.65936352
ATMSFO124;8;97.03890332;776.31122656
MST-VW-MK888;2;285.67465696;571.34931392
ATINTHYU4;1;316.32997812;316.32997812
MST-FO-MK4017;1;188.80611356;188.80611356
E10-20-040-03-22;2;162.688;325.376
E10-20-043-07-22;2;182.368;364.736
E10-20-041-01-22;1;139.4;139.4
E10-20-011-06-22;2;129.888;259.776
E10-20-049-01-22;2;127.264;254.528
E10-20-049-06-22;1;129.56;129.56
VWR140010;3;102.8311406;308.4934218
VWR150001;2;155.01806276;310.03612552
E10-46-035-03-22;1;123;123
E10-15-014-04-22;1;102.992;102.992
E5517-140;1;87.904;87.904
E10-15-011-02-22;1;105.944;105.944
PPF-1194;1;24.28575304;24.28575304
E10-20-047-03-22;3;103.32;309.96
E10-20-016-01-22;4;84.296;337.184
E10-15-011-04-22;1;105.944;105.944
FMBP6;2;56.77717556;113.55435112
KDT985;2;13.19342936;26.38685872
UR-TW2-1189;3;63.5336;190.6008
UR-TW2-071;2;43.706;87.412
UR-TW2-1106;3;47.1008;141.3024
UR-AR12-529;2;85.3538;170.7076
UR-LA2-1647;1;38.1136;38.1136
UR-LA2-2804;2;33.5462;67.0924
UR-LA2-829;2;33.0378;66.0756
UR-LA2-1232;2;39.811;79.622
UR-LA2-1027;3;33.5462;100.6386
UR-RL2-1048;1;33.5462;33.5462
EVE-8YS3-CF-INT;6;655.836;3935.016
UR-TW2-1820;2;58.4496;116.8992
UR-RE2-2481;3;50.4874;151.4622
UR-LA4-3214;2;55.9076;111.8152
UR-RL4-3215;2;57.2606;114.5212
UR-AR18-282;2;84.3698;168.7396
UR-AF27-486;2;111.4462;222.8924
UR-AR23-485;1;95.0462;95.0462
UR-RE4-3213A;2;67.4286;134.8572
UR-RT2-2148;2;32.185;64.37
UR-TW2-3081;3;55.9076;167.7228
UR-LA4-1822;3;67.4286;202.2858
UR-RE2-3886;2;47.1008;94.2016
UR-LA4-3887;2;55.9076;111.8152
UR-LA4-2433;2;55.9076;111.8152
UR-RL2-514;3;38.1218;114.3654
UR-ML2-2992;6;36.9328;221.5968
UR-ML2-2991;10;38.1218;381.218
UR-RE2-1290;3;47.1008;141.3024
UR-AF27-377;1;111.4462;111.4462
1-101s;28;11.9474;334.5272
VWR18G700-SERV;9;14.26291108;128.36619972
VWR700000;6;62.00154644;372.00927864
VWR1241S4FO;2;117.19816052;234.39632104
Z-2515225;4;78.0679032;312.2716128
Z-1012569;5;95.95846435;479.79232175
Z-2011784;2;97.584879;195.169758
Z-2051793;2;90.751204;181.502408
Z-2113589;3;78.0679032;234.2037096
Z-1355110;3;81.3207325;243.9621975
Z-1313913;5;92.38035212;461.9017606
Z-1353914;5;73.83649164;369.1824582
ES-2513708;1;33.4576728;33.4576728
ES-1013912;2;37.91869584;75.83739168
ES-355264;8;19.5169758;156.1358064
ES-1311525;3;40.98564918;122.95694754
ES-1350565;4;25.0932546;100.3730184
034-145-Z049;4;55.1942;220.7768
034-301-2009;1;636.32;636.32
W0599;5;9.47390444;47.3695222
UR-TW2-990;2;52.521;105.042
UR-TW2-1832;2;52.521;105.042
UR-FD3-903;2;72.8488;145.6976
UR-ML4-265;2;67.4286;134.8572
UR-TW2-359;2;49.979;99.958
UR-LA4-991;2;55.9076;111.8152
UR-RE4-1321;2;58.4496;116.8992
UR-RL4-1294;3;55.9076;167.7228
UR-RE2-1346;2;47.1008;94.2016
UR-FD3-1018;2;72.8488;145.6976
UR-RE2-1750;1;57.2606;57.2606
UR-LA4-854;3;67.4286;202.2858
UR-RU2-856A;2;52.521;105.042
UR-ML6-973;3;77.5966;232.7898
UR-RL4-974P;4;47.1008;188.4032
S-AU/TI/24H;1;3536.25;3536.25
S-AU/TI/23H;1;3425.55;3425.55
EVE-G20B58-V2-INT;2;655.836;1311.672
UR-RL8-1019P;2;78.7774;157.5548
UR-LA4-2573;1;55.9076;55.9076
UR-RE3-2576;1;47.1008;47.1008
EVE-C8RS6-CF-ENG;6;309.96;1859.76
D650-0010;155;36.1128;5597.484
SD-1613709;2;123.6075134;247.2150268
SD-1213445;4;87.8263911;351.3055644
SD-1214801;2;143.1244892;286.2489784
SD-1313035;8;90.751204;726.009632
SD-1318355;4;110.5961962;442.3847848
75W140;7;11.4062;79.8434
VWR140006;2;102.8311406;205.6622812
VWR190003;1;51.1552982;51.1552982
VWR190004;4;37.20471364;148.81885456
VWR501000;1;131.555716;131.555716
VWR501001;2;178.28165628;356.56331256
U3P3AS1X;3;189.7644;569.2932
9-250;5;62.689;313.445
9-350;12;98.769;1185.228
ATMSHYU6;4;36.90185156;147.60740624
9-350-bracket;3;3.608;10.824
9-250-bracket;4;3.157;12.628
216VWBWWT270;5;20.787;103.935
216VWBWVO270;3;20.787;62.361
216VWBWOT270;6;20.787;124.722
216VWBWEGT270;1;47.847;47.847
216VWBWEBO270;3;28.7;86.1
216VWBWEOP270;7;35.342;247.394
UR-FD3-1749;3;72.8488;218.5464
UR-LA4-1445;3;63.5336;190.6008
UR-LA2-1110;3;36.9328;110.7984
UR-LA4-343;3;55.9076;167.7228
UR-RU2-407;1;39.811;39.811
UR-ML4-300;6;55.9076;335.4456
UR-TW2-2431;2;47.1008;94.2016
UR-RE2-1833;3;39.811;119.433
UR-RL2-2807;14;36.9328;517.0592
UR-LA2-2803;6;36.9328;221.5968
UR-RT2-1861;3;74.5462;223.6386
E10-20-016-03-22;2;124.968;249.936
E8530-320;1;241.572;241.572
ATMSFO129;2;262.26909684;524.53819368
UR-LA2-972;2;37.269;74.538
UR-TW3-394;2;66.0756;132.1512
UR-LA4-2759;3;63.5336;190.6008
STYC009;4;305.8518;1223.4072
STYX009;1;442.5294;442.5294
AC-N55-TP;23;65.6;1508.8
FMDV35;5;121.62751844;608.1375922
AC-B58-TP;18;69.7;1254.6
AC-180-CAN;13;4.1;53.3
FRI-0311;1;886.4096516;886.4096516
LA-3001;2;30.75973791;61.51947582
FRI-0194;4;456.4348206;1825.7392824
FRI-0218;3;281.1373895;843.4121685
LA-3002-2;1;31.75198752;31.75198752
FRI-0205;4;456.4348206;1825.7392824
FR-0084;2;205.0649194;410.1298388
FR-0142;2;555.6597816;1111.3195632
FR-0143;3;644.9622465;1934.8867395
FR-0525;2;542.4297868;1084.8595736
FR-0522;2;429.974831;859.949662
FR-S2000;2;654.8847426;1309.7694852
FRI-0405;2;820.2596776;1640.5193552
FRI-0190;2;277.8298908;555.6597816
FRI-0406;2;423.3598336;846.7196672
FR-0513;4;347.2873635;1389.149454
FR-0139;2;555.6597816;1111.3195632
FRI-0116;2;555.6597816;1111.3195632
FRI-0104;3;291.0598856;873.1796568
FRI-0322;3;886.4096516;2659.2289548
FRI-0341;3;820.2596776;2460.7790328
FRI-0346;2;1051.7845866;2103.5691732
FRI-0339;1;1151.0095476;1151.0095476
FRI-0227;2;654.8847426;1309.7694852
FRI-0220;2;555.6597816;1111.3195632
FRI-0226;2;555.6597816;1111.3195632
FR-0457;1;463.049818;463.049818
FR-0059;1;327.4423713;327.4423713
FRI-0334;2;489.5098076;979.0196152
FRI-0200;2;284.4448882;568.8897764
FRI-0171;4;287.7523869;1151.0095476
FRI-0201;2;264.599896;529.199792
FRI-0186;3;257.9848986;773.9546958
FR-0039;2;221.6024129;443.2048258
FRI-0315;3;760.724701;2282.174103
FRI-0323;2;721.0347166;1442.0694332
FRI-0228;2;529.199792;1058.399584
LA-3003;3;38.03623505;114.10870515
LA-3004-2;5;62.8424753;314.2123765
LA-2001;5;31.2708968;156.354484
SAUC090;3;188.9526;566.8578
SBMP091;4;312.4405;1249.762
SHYP105;3;90.405;271.215
SHYC105;8;99.4496;795.5968
SES2300CF;2;749.1438;1498.2876
ATMSYGR10;2;138.01046408;276.02092816
ATMSFO132;3;154.04322544;462.12967632
D155-A001;3;119.24247956;357.72743868
ITGHYUNDAIi20NF;5;212.9499;1064.7495
ITGHYUNDAIi20NSH;2;60.335805;120.67161
SILFER8C7ES;118;7.7654;916.3172
VWR610360BLK;4;187.41484088;749.65936352
FMTIA3;3;82.35009244;247.05027732
SBMP087;9;329.9844;2969.8596
P101061010;1;240.6946;240.6946
CTS-EXH-DP-0029;1;266.4918;266.4918
CTS-EXH-TP-0016;3;495.6818;1487.0454
P101112010;1;481.873;481.873
SVWC064;9;193.9218;1745.2962
SVWX064;5;315.9706;1579.853
UR-TW2-3277;2;47.1008;94.2016
UR-RL2-2525;2;36.9328;73.8656
UR-TW2-3744;3;58.4496;175.3488
UR-RL8-3068;1;83.8614;83.8614
UR-TW2-1170;5;61.8362;309.181
UR-TW2-1444;4;52.521;210.084
UR-TW-4261;12;72.8488;874.1856
SHD1010-1C-BK;1;18.2204;18.2204
ATINTVAG43;1;544.08226228;544.08226228
ATMSHYU7;3;61.96368868;185.89106604
ATMSHYU8;1;90.47058196;90.47058196
FMINDK43;2;198.75324;397.50648
MMAI-MK7-15X;15;208.7802;3131.703
MMHP-ASHB-2424;3;15.375;46.125
SD-2214985;4;125.55921098;502.23684392
SD-1357992;2;110.5961962;221.1923924
SD-1251126;4;55.2980981;221.1923924
SD-1258562;3;84.5735618;253.7206854
SD-1218267;3;110.5961962;331.7885886
SD-1213215;1;152.8829771;152.8829771
SD-3657044;2;117.1018548;234.2037096
VWR131000;1;403.06210628;403.06210628
FP-3355126;1;100.8377083;100.8377083
FP-2057868;2;117.1018548;234.2037096
FSBS-38030B27L/26R;7;390.339516;2732.376612
FP-2218353;2;143.1244892;286.2489784
Z-355264;3;65.056586;195.169758
SD-1310113;1;123.6075134;123.6075134
SD-1250935;1;117.1018548;117.1018548
SD-1353381;1;90.751204;90.751204
SD-3617039;2;71.5622446;143.1244892
SD-3657024;1;78.0679032;78.0679032
SD-1651298;4;99.53657658;398.14630632
SD-3513161;2;94.3320497;188.6640994
ES-1311479;3;33.4576728;100.3730184
SD-2652458;5;68.3094153;341.5470765
SD-1313528;5;104.0905376;520.452688
HS-1214801;1;191.9169287;191.9169287
EVE-F9XM5M8-CHG;5;309.96;1549.8
ATINTREN8;2;352.70182104;705.40364208
AC-S55-IC;36;159.9;5756.4
TBP-005;93;3.9852;370.6236
TBP-001;75;3.321;249.075
TBP-002;83;3.321;275.643
AC-211-OT;8;31.16;249.28
DB42FK;2;117.53921;235.07842
FRDZ33K;2;703.595178;1407.190356
FS-1314709;2;201.6754166;403.3508332
Z-1314738;2;92.38035212;184.76070424
SD-1313301;10;120.3546841;1203.546841
FRDGXPA16K;2;703.595178;1407.190356
FRDZN6K;1;703.595178;703.595178
Z34FK;2;103.87186;207.74372
GXPA16FK;1;109.3388;109.3388
ZN8FK;1;109.3388;109.3388
PST77;8;65.60328;524.82624
UBT44;3;121.366068;364.098204
UBT45;3;121.366068;364.098204
PT32;1;82.0041;82.0041
FMINDK38;4;118.3055;473.222
CRZ34K;2;368.8544418;737.7088836
CRZ33K;2;368.8544418;737.7088836
CRSE3PK;1;297.7842218;297.7842218
PT34;2;118.085904;236.171808
PT34B;2;118.085904;236.171808
NSF8;1;52.482624;52.482624
PSH52;2;62.323116;124.646232
NST36B;1;52.482624;52.482624
NST37;3;52.482624;157.447872
PST78;8;65.60328;524.82624
UBH23;2;59.042952;118.085904
UBT38B;2;147.60738;295.21476
XF18950-4005GDG;8;162.368118;1298.944944
PT0009B;5;105.6898;528.449
ES-1313587;2;44.33141646;88.66283292
SD-1254964;2;123.6075134;247.2150268
1118BLK;5;12.6034;63.017
SD-1310016;8;84.5735618;676.5884944
SD-1350972;5;97.584879;487.924395
SD-1351354;7;71.5622446;500.9357122
HS-1254964;2;156.1358064;312.2716128
SES1583CF;1;730.7594;730.7594
SD-1353034;7;55.2980981;387.0866867
FS-1358331;5;110.5961962;552.980981
Z-1355009;4;80.9927161;323.9708644
SD-2512407;4;94.3320497;377.3281988
SD-1358331;6;104.3092152;625.8552912
FS-1313301;4;146.3773185;585.509274
FP-2018477;2;123.6075134;247.2150268
R-FOR-009-I;2;246.41;492.82
UR-LA4-4265;2;74.5462;149.0924
UR-RE2-3015A;1;61.8444;61.8444
UR-ML6-3719;1;77.5966;77.5966
UR-RL4-1449;3;47.1008;141.3024
UR-FD3-107;2;72.8488;145.6976
UR-RE2-1190;2;47.0926;94.1852
UR-FD3-897;2;78.7856;157.5712
UR-RE2-396;2;58.4496;116.8992
UR-RE4-801;2;77.5966;155.1932
UR-FT4-2846;4;78.7774;315.1096
UR-LA4-310;2;55.9076;111.8152
ES-1353914;3;34.57292856;103.71878568
D158-A001;2;16.55330556;33.10661112
D153-A001;1;131.97215136;131.97215136
AC-200-IT;24;57.4;1377.6
SNN0910-1C-BK;4;18.2204;72.8816
AC-Z33-HHL;4;49.7822;199.1288
AC-MK7-CP-BL;1;7.38;7.38
14036-AG010;20;3.116;62.32
U5001;32;12.3328;394.6496
AC-Z33-CP;138;7.216;995.808
14035-8J101;45;2.296;103.32
14035-JP00A;50;2.624;131.2
13270-8j112;44;1.23;54.12
13270-8J102;46;1.23;56.58
1J0201511A;17;1.804;30.668
1J0819644A;33;2.46;81.18
1K1819653B;20;2.706;54.12
FMSS5;3;30.74996556;92.24989668
AC-35-DP;13;98.4;1279.2
AMS.39.08.0001-1;1;1537.4672;1537.4672
R21-10-2;2;41;82
R22-10-2;6;42.64;255.84
U5096;27;18.1548;490.1796
U5333;12;13.8252;165.9024
AC-S55-RAD;8;188.6;1508.8
AC-451-RAD;11;164;1804
ATEXHFO6;2;120.56750116;241.13500232
ATMSFO4;3;54.96946752;164.90840256
ASCDISC3;1;309.90362336;309.90362336
AC-R56-TB;9;22.14;199.26
MMBCC-350Z-07PBE;2;207.5912;415.1824
MMWP-M50-92;5;27.511;137.555
001002433;1;91.6432;91.6432
ARMAADR6C8-A;2;471.5;943
ARMAAD0RS5-A;1;694.54;694.54
DBA601S-2;2;76.342;152.684
DBA42698S-2;1;197.0378;197.0378
DBA42224S-2;1;182.1712;182.1712
DBA42225S-2;1;182.1712;182.1712
DBA42656S-10-2;1;182.3106;182.3106
DBA4654S-10-2;1;182.89608;182.89608
DBA42280S-2;2;167.28;334.56
DBA42676S-2;8;167.28;1338.24
DBA53002WSLVXD-2;4;565.513;2262.052
DBA600S-2;2;165.312;330.624
DBA52844SLVS-2;5;524.5212;2622.606
DBA4838S-2;4;153.504;614.016
DBA42677S-2;1;150.0928;150.0928
DBA42809S-2;9;131.54112;1183.87008
ATMSYGR11;2;75.56408896;151.12817792
DBA52379BLKLS+RS;2;514.62544;1029.25088
DBA418S-2;1;123.164;123.164
DBA419S-2;1;123.164;123.164
E90-75-012-05-22;2;481.217;962.434
KDT958;10;22.25089844;222.5089844
L3P3P991;3;189.7644;569.2932
UR-TW4-4078;2;63.5336;127.0672
UR-ML4-4080;2;57.2606;114.5212
UR-TW2-3653;3;66.0756;198.2268
UR-TW2-3909;3;55.9076;167.7228
URTW-RE2-2919A;2;66.0756;132.1512
UR-RE2-4262;9;42.353;381.177
UR-RS4-4266P;4;52.521;210.084
KCA402;1;100.96664592;100.96664592
W53624;2;13.60040028;27.20080056
W33364;2;19.04245328;38.08490656
W63584;2;12.23752092;24.47504184
238CLSDWAOT-R;9;26.24;236.16
238CLSDWABO-R;8;33.251;266.008
238CLSDWAWT-R;1;25.297;25.297
238CLSDWAOP-R;2;41.615;83.23
CTS-EXH-DP-0029-CAT;3;319.7918;959.3754
CTS-HW-455;1;88.5518;88.5518
EVE-EA8884-CF-ENG;2;280.44;560.88
HMP-892;2;76.81339504;153.62679008
EUPD4004903R;2;452.8204;905.6408
N91130801-5;32;0.5248;16.7936
E90-75-017-05-22;1;539.232;539.232
PSS65-85-001-04-22;1;647.062;647.062
PSS65-20-001-03-22;1;744.068;744.068
HMP-456;2;33.01196672;66.02393344
HMP-843;1;39.750648;39.750648
HMP-826;1;85.17996;85.17996
URKR-TW2-4201;3;67.4286;202.2858
UR-LA2-4264;9;40.6556;365.9004
UR-FD3-079;2;72.8488;145.6976
UR-LA4-148;4;52.521;210.084
UR-LA4-264;2;55.9076;111.8152
UR-LA4-511;2;63.5336;127.0672
UR-LA4-512;3;66.0756;198.2268
UR-LA4-731;2;55.9076;111.8152
UR-ML2-421;2;33.5462;67.0924
UR-RE2-072;1;47.0926;47.0926
UR-RE2-3217A;2;63.5336;127.0672
UR-RL2-124;2;31.3404;62.6808
UR-RE2-465A;3;67.4286;202.2858
UR-RE3-730;2;44.895;89.79
UR-RT2-408;2;32.185;64.37
UR-RL8-621P;3;78.7774;236.3322
UR-FD3-1161;2;72.8488;145.6976
UR-ML4-788;4;52.521;210.084
UR-ML4-1422;2;58.4496;116.8992
UR-ML4-1650;1;61.8362;61.8362
UR-LA4-1233;3;52.521;157.563
238EVOBO-PK-R;4;36.572;146.288
238EVOOT-PK-R;4;29.807;119.228
238EVOOP-PK-R;6;42.394;254.364
FMMD7;9;49.22455244;443.02097196
AC-Z33-EM;11;102.5;1127.5
AC-MK7-OC;176;12.3;2164.8
AC-VAG-CC;169;16.4;2771.6
AC-VAG-BC;167;9.02;1506.34
7-804;2;132.348;264.696
AC-190-DPHS;7;184.5;1291.5
AC-45S-DPHS;13;98.4;1279.2
SILZKFR8F7S;28;6.5272;182.7616
KH423660P;2;301.76;603.52
AC-8V5RS-IM;3;910.2;2730.6
AC-S58-FP;34;69.7;2369.8
KL060650R;4;177.5136;710.0544
AC-250-IP;8;47.56;380.48
005EP17148;1;422.956;422.956
URTW-ML2-3974;4;71.1596;284.6384
URTW-ML2-3973;4;67.4286;269.7144
URTW-RL2-3975;2;49.979;99.958
UR-ML2-1293;3;30.1596;90.4788
UR-LA6-1292;4;74.5462;298.1848
AC-180-EXM;4;110.7;442.8
UR-RE2-081;2;49.979;99.958
AC-MK7-IT;33;86.1;2841.3
AC-S55-JP;8;26.24;209.92
AC-S55-INLET;9;110.7;996.3
DBA4649S-2;1;140.0068;140.0068
DBA4650S-2;1;151.6836;151.6836
DBA2367S-2;1;137.83872;137.83872
DBA42366S-2;2;197.046;394.092
DBA2951S-2;2;92.0204;184.0408
DBA2959S-2;1;138.744;138.744
DBA42550S-2;2;182.89608;365.79216
DBA42957S-2;2;126.4112;252.8224
DBA42962S-2;1;168.7232;168.7232
DBA43343S-2;2;180.8592;361.7184
DBA43342S-2;2;227.6484;455.2968
DBA4482S-2;2;151.6836;303.3672
DBA42500S-2;2;151.6836;303.3672
DBA42166S-2;1;212.0848;212.0848
DBA42165S-2;1;189.4692;189.4692
DBA2145S-2;1;91.8892;91.8892
DBA42968S-2;2;189.4692;378.9384
DBA2120S-2;4;111.889;447.556
DBA42163S-2;3;176.44104;529.32312
DBA2847S-2;1;91.266;91.266
DBA52321BLKS;1;514.6238;514.6238
DBA42830S-2;5;147.09816;735.4908
DBA2808S-2;3;112.996;338.988
DBA2806S-2;6;81.4916;488.9496
URTW-LA2-4001;1;36.9328;36.9328
EVE-P991T-INT;1;1101.096;1101.096
EVE-GT3RS-INT;2;1101.096;2202.192
UR-RU2-1000;1;40.6638;40.6638
UR-TW2-339;3;47.0926;141.2778
UR-RE2-066;1;47.0926;47.0926
UR-RL2-2887;3;39.811;119.433
URCN-RL2-2114;2;38.1136;76.2272
UR-RL4-2960;5;52.521;262.605
UR-LA4-1271;1;58.4496;58.4496
UR-LA4-420;1;55.9076;55.9076
UR-RE4-958;2;67.4286;134.8572
W53286;4;13.7707602;55.0830408
KCA465;2;120.07535028;240.15070056
KTA137;1;106.73048988;106.73048988
70017-AT130;6;18.455658;110.733948
70028-AT002;1;477.007776;477.007776
71008-AF013;6;116.885834;701.315004
24999-AM001;3;86.126404;258.379212
22004-AM001;2;113.57328;227.14656
70017-AN104;5;39.040815;195.204075
70017-AZ104;7;39.040815;273.285705
70017-AF101;4;25.20380372;100.81521488
70017-AN105;3;36.438094;109.314282
70028-AT001;1;574.96473;574.96473
71008-AN027;4;629.38526;2517.54104
71008-AZ008;4;125.877052;503.508208
71008-AM011;2;132.265549;264.531098
71008-AM015;2;150.721207;301.442414
71008-AN015;2;125.877052;251.754104
70017-AN101;4;22.004823;88.019292
71008-AF006;1;125.877052;125.877052
71008-AF005;2;125.877052;251.754104
70017-AM107;3;17.8877916;53.6633748
70017-AT120;4;20.5378348;82.1513392
70017-AT131;3;30.88246772;92.64740316
70017-AH111;3;20.5378348;61.6135044
70017-AM105;2;22.004823;44.009646
24999-AM002;3;23.8503888;71.5511664
24999-AF001;5;138.417435;692.087175
70020-AN107;2;560.76807;1121.53614
70020-AM103;2;235.191334;470.382668
24003-AK002;8;32.4630292;259.7042336
24003-AN001;3;31.53551408;94.60654224
52009-AK005;20;8.517996;170.35992
52009-AK011;7;13.486827;94.407789
13001-AT008;2;944.07789;1888.15578
13001-AH004;1;444.0715248;444.0715248
32018-AZ010;3;350.657502;1051.972506
ATINTVAG45;3;380.72602788;1142.17808364
ATINTVAG46;7;147.881875;1035.173125
70999-AT002;2;72.876188;145.752376
32018-AT041;3;596.732942;1790.198826
33004-BT002;2;163.024979;326.049958
50003-M45-HL;29;10.2689174;297.7986046
41001-AK011;1;72.876188;72.876188
41001-AK012;8;48.3632884;386.9063072
W52091;1;12.69181404;12.69181404
W53518;2;38.52973524;77.05947048
50003-M50-HL;26;10.2689174;266.9918524
50003-M45-XL;15;9.97551976;149.6327964
12001-AT012;3;2915.04752;8745.14256
11003-AN015;1;6175.5471;6175.5471
15004-AH004;1;590.581056;590.581056
27001-AN001;1;560.294848;560.294848
VWR31UPGT;1;88.84269828;88.84269828
15999-AM001;4;37.621149;150.484596
24996-AK031;6;53.49301488;320.95808928
24996-AK053;2;56.9759288;113.9518576
70017-AH004;4;15.5690038;62.2760152
MST-BW-F90M5;1;400.819034;400.819034
ATMSBMW8;2;83.82654508;167.65309016
566541A;1;151.43104;151.43104
3C4911PS;2;133.2593152;266.5186304
222462A;1;117.34959156;117.34959156
1C2492R;1;249.35013624;249.35013624
566270C20;1;216.5463872;216.5463872
564270C20;1;216.5463872;216.5463872
AC-W204-DP;5;147.6;738
FMINT28;4;318.56358596;1274.25434384
6-FPD-8AN;2;36.777;73.554
7-900;3;107.748;323.244
7-902;2;107.748;215.496
70020-DH101;3;314.69263;944.07789
70020-AN101;1;291.03153;291.03153
71008-AT020;3;281.56709;844.70127
70020-AH110;1;333.62151;333.62151
14011-AT001;1;162.315146;162.315146
14007-AM003;2;181.007415;362.01483
70018-AM001;1;124.220775;124.220775
70018-AN007;1;503.98143;503.98143
AC-MK7-CL;52;20.91;1087.32
AC-MK7-RL;13;11.89;154.57
ARMASBGR86;3;261.58;784.74
AC-VAG-WB;15;98.4;1476
AC-S55-OTC;68;14.186;964.648
AC-B8S-EXM;10;188.6;1886
FMSS7;5;33.12554;165.6277
10.127.113K;8;153.3154;1226.5232
10.127.113T;8;16.3918;131.1344
MMOC-G80-21;4;299.464;1197.856
MMSD-G80-21WBK;6;202.499;1214.994
DBA53700BLKS-2;2;501.3972;1002.7944
OPSB1478HP;2;120.581;241.162
TI-123-BK;1;55.1776852;55.1776852
SAUP106;4;175.8367;703.3468
VWR140011;4;149.05546556;596.22186224
E90-57-002-01-22;2;514.14;1028.28
EVE-192-FTR;3;46.74;140.22
E90-85-008-02-22;1;384.703;384.703
FR-0419;2;644.9622465;1289.924493
FRI-0407;2;1151.0095476;2302.0190952
Z-2755347;3;78.0679032;234.2037096
ES-2755347;3;33.4576728;100.3730184
Z-1382491;7;158.73806984;1111.16648888
ES-1313913;4;44.6102304;178.4409216
Z-1313587;3;78.0679032;234.2037096
Z-1212425;5;129.13732321;645.68661605
Z-1258835;5;80.99544957;404.97724785
FS-1218451S;3;247.2150268;741.6450804
FS-1257872S;2;178.9056115;357.811223
Z-315561;3;65.056586;195.169758
SD-1308223;2;429.3734676;858.7469352
SD-1388526;2;435.8791262;871.7582524
FS-36534B42R/43L;2;318.7772714;637.5545428
SD-3355036;2;58.5509274;117.1018548
FS-3311001;2;123.6075134;247.2150268
FS-1214913;2;201.6754166;403.3508332
FRI-0350;1;489.5098076;489.5098076
FR-0083-98;2;231.524909;463.049818
FRI-0336;3;800.4146854;2401.2440562
FRI-0353;3;1151.0095476;3453.0286428
FRI-0345;3;1151.0095476;3453.0286428
FRI-0352;2;595.349766;1190.699532
12001-AH010;1;3265.2318;3265.2318
CTS-ACC-008;1;39.3518;39.3518
CTS-TR-1550-82;3;1492.3918;4477.1754
MMICP-F10-12MWBK;10;99.22;992.2
MMINT-F10-12WBK;1;721.149;721.149
MMRAD-E46-323A;5;194.3728;971.864
MMRAD-E46-323;3;194.381;583.143
AC-R53-IC;4;41.328;165.312
ARMABZS63S-A;1;984.984;984.984
ARMAW2E63S-A;2;1289.86;2579.72
BH-225;1;31.8951628;31.8951628
BSF19XZ;2;94.25635796;188.51271592
CS57-AR60041;5;35.1288;175.644
CTS-TR-1050X;2;983.9918;1967.9836
EVE-E39-INT;2;609.096;1218.192
EVE-E9X-CFM-DCT;1;391.14;391.14
EVE-E9X-CFM-INT;2;407.376;814.752
EVE-E9X-CFM-PLM;1;1101.096;1101.096
EVE-FK8-CHG-SLC;2;34.932;69.864
EVE-G20B48-V2-INT;2;655.836;1311.672
EVE-G29Z4-B48-INT;2;655.836;1311.672
EVE-HCN-CF-INT;1;1087.32;1087.32
EVE-Z4M-INT;1;398.52;398.52
EVO1103;3;161.745;485.235
EVO1104;3;177.3824;532.1472
EVO7301;2;182.4418;364.8836
MMBCC-CIV-16PBE;1;64.0338;64.0338
MMRAD-EVO-456;1;152.438;152.438
MMTB-CIV-16;2;75.153;150.306
R08-40-2;2;41;82
SFDC078;1;155.595;155.595
SFDS078ST;2;273.6094;547.2188
SMN003;1;283.6626;283.6626
SMNC014;8;232.5028;1860.0224
SMNX014;3;340.0663;1020.1989
SP1123WB;2;210.5514;421.1028
SP1355WB;1;124.64;124.64
SP1573BLK;2;141.1876;282.3752
SP1573WR;2;141.1876;282.3752
SRN0601-4P-BK;1;26.896;26.896
SSE0424-4P-BK;1;26.896;26.896
"TTE500 N54";1;1071.0184;1071.0184
"TTE500 N54-1";1;1071.0184;1071.0184
VWR11G714;2;40.30904996;80.61809992
VWR1200BUNG;4;12.3984164;49.5936656
VWR12G50D;1;154.40287416;154.40287416
VWR12G60D;2;154.40287416;308.80574832
VWR12G614;5;154.40287416;772.0143708
VWR18G700-EUBRACKETS;6;23.50966896;141.05801376
VWR670000;2;92.39186328;184.78372656
VWR670001;4;89.91218;359.64872
VWR670002;2;133.32556628;266.65113256
VWR670008;3;38.7568818;116.2706454
W63452G;8;24.02074872;192.16598976
EUPD4003107R;1;590.1868;590.1868
12001-AN008;1;3265.2318;3265.2318
71008-AH009;2;185.503024;371.006048
71008-AN029;3;199.936295;599.808885
EVE-4V8TT-CF-INT;4;1337.748;5350.992
70017-AZ101;6;20.5378348;123.2270088
71008-AF003;1;125.877052;125.877052
70020-AT115;1;301.442414;301.442414
70020-AZ108;2;184.55658;369.11316
70020-AN106;1;549.883964;549.883964
ATMSBMW10;4;92.00382124;368.01528496
PH/INDYGR1;2;80.4950622;160.9901244
13001-AM005;1;861.26404;861.26404
TS-0404-1024;2;77.8836;155.7672
33002-AH001;1;894.38958;894.38958
13001-AM004;1;861.26404;861.26404
31029-AM002;1;662.5108;662.5108
31029-AF001;2;662.5108;1325.0216
31029-AF008;1;828.1385;828.1385
EVE-FK8V3-CF-CHG;3;327.18;981.54
48004-AK001;1;69.563634;69.563634
42018-AH002;2;235.191334;470.382668
44004-AK003;5;79.501296;397.50648
31006-AN018;1;357.755832;357.755832
32003-DH001;2;430.63202;861.26404
32003-AH007;2;728.76188;1457.52376
31019-AN015;2;410.756696;821.513392
31019-AM008;3;609.509936;1828.529808
31019-AF022;3;596.25972;1788.77916
31019-AF015;3;569.759288;1709.277864
32016-AH004;1;993.7662;993.7662
21004-AT002;1;2120.03456;2120.03456
22002-AN038;1;1424.39822;1424.39822
15004-AM010;1;454.29312;454.29312
15004-AN024;1;511.07976;511.07976
1419-RF001;2;728.76188;1457.52376
14019-AM002;1;569.759288;569.759288
14018-AN004;2;477.007776;954.015552
14030-AN001;1;291.504752;291.504752
1407-RA015;4;88.729125;354.9165
U5237;7;13.2184;92.5288
Z-1152987;2;84.89611126;169.79222252
Z-1118302;1;110.5961962;110.5961962
FMTUBL16;3;42.58051556;127.74154668
FMOC12-BLACK;1;258.4738564;258.4738564
MMAI-CIV-16RD;1;145.673;145.673
105777;5;9.266;46.33
110282;43;5.9942;257.7506
EVE-S62-CF-PLM;2;585.48;1170.96
EVO7202;2;192.5524;385.1048
EVO7203;3;192.5524;577.6572
EVO1108;3;176.9232;530.7696
SES9002ICP;2;181.5234;363.0468
KWM074;3;2.6973654;8.0920962
BTR105Z;2;139.7424566;279.4849132
KCA511;1;45.3819898;45.3819898
KCA524;2;65.19106272;130.38212544
KCA525;2;57.13682428;114.27364856
KCA529;4;107.894616;431.578464
KCA533;2;50.634754;101.269508
KTA293;4;89.46735132;357.86940528
KTA332;1;98.26928052;98.26928052
KTA333;2;100.78682156;201.57364312
WSK-AUD001;3;98.41124712;295.23374136
110859;22;19.0158;418.3476
32003-AT011;1;457.132452;457.132452
70017-AT111;1;22.004823;22.004823
FMINDR35;9;212.9499;1916.5491
VWR190006;6;44.70055012;268.20330072
URTW-ML4-4002;1;67.4286;67.4286
MS100123;11;176.7592;1944.3512
30-4110;6;127.8872;767.3232
ARMAFER488-A;1;2029.5;2029.5
ARMABZA250G-A;4;401.8;1607.2
CTS-HW-532;4;42.6318;170.5272
CTS-ACC-SUPRAKIT;1;85.2718;85.2718
Z-331167;4;71.5622446;286.2489784
FS-3617039;2;100.8377083;201.6754166
FS-3657024;2;94.3320497;188.6640994
PD-1307905;2;325.65468192;651.30936384
PD-1308431;2;506.88374292;1013.76748584
PD-1387828;2;398.14630632;796.29261264
PD-1308435S;3;361.90049412;1085.70148236
PD-1307919;2;434.39211852;868.78423704
PD-1287850;2;300.28261338;600.56522676
PD-1208459;2;358.2759129;716.5518258
PD-1287902;2;242.5681278;485.1362556
PD-1208305;1;470.63793072;470.63793072
PD-1287934;1;289.40886972;289.40886972
PD-1207903;2;361.90049412;723.80098824
PD-1287904;2;285.7842885;571.568577
PD-1387976;2;398.14630632;796.29261264
PD-1307907;2;434.39211852;868.78423704
PD-1387906;2;434.39211852;868.78423704
SD-2218243;1;107.0153505;107.0153505
SD-2298524;2;177.27646338;354.55292676
SD-2297960;3;129.13458974;387.40376922
MMOC-F10-12SL;3;342.309;1026.927
MMOC-E60-06;3;275.561;826.683
MMTS-GLF-15;7;26.158;183.106
MMHE-SUP-20;2;361.62;723.24
CS57-AR60004;1;168.0754;168.0754
S-AU/TI/20H;1;4768.4066;4768.4066
9-201-7020;1;206.148;206.148
FPHWK-10-HD;5;31.119;155.595
FMINT33;1;712.39786324;712.39786324
URTW-LA4-4319;3;71.1514;213.4542
URTW-LA4-4318;4;63.5336;254.1344
UR-FD3-3740P;1;72.8488;72.8488
UR-RL2-3896;1;39.811;39.811
EVE-TRB8V8S-FLG-TTE;6;23.124;138.744
6-1001-FRB;2;83.148;166.296
TS-0629-1102;3;59.0236;177.0708
TS-0401-1109;1;75.317;75.317
TS-0203-1259;3;70.9136;212.7408
TS-0203-1018;1;77.8836;77.8836
TS-0203-1059;4;80.3436;321.3744
TS-0551-1012;1;141.4336;141.4336
VWR31F020;3;122.08181156;366.24543468
CTS-IT-272R;6;126.2718;757.6308
30-3300;7;310.7718;2175.4026
30-2400;6;71.7254;430.3524
50-1200;9;80.1878;721.6902
MS100252;6;21.5004;129.0024
MS100097;6;57.3754;344.2524
MS100227;2;120.5154;241.0308
MS100222;9;117.6454;1058.8086
MS100223;7;86.0754;602.5278
MS100255;2;470.6554;941.3108
VWR31SK01;3;101.74273;305.22819
CTS-LS-017;7;112.7418;789.1926
CTS-LS-009;8;112.7418;901.9344
CTS-LS-008;7;112.7418;789.1926
CTS-LS-007;8;112.7418;901.9344
AC-MK8-IC;13;172.2;2238.6
VWR12G70D;2;169.91509132;339.83018264
ALP.07.09.0006-2;1;668.71;668.71
VWR682000;5;123.02825556;615.1412778
ALP.07.08.0007-1;1;54.94;54.94
MMICP-G80-21;1;270.6;270.6
11001-KT001;1;2517.54104;2517.54104
11003-AN018;1;1590.02592;1590.02592
70026-AT009;3;72.876188;218.628564
51003-AK125;9;9.227829;83.050461
70026-AT007;1;72.876188;72.876188
70026-AT008;3;155.690038;467.070114
70026-AT006;1;233.771668;233.771668
70020-AN105;2;184.54711556;369.09423112
80280-AT001;2;496.8831;993.7662
52006-AK004;16;5.84902392;93.58438272
D760-0038;4;264.0154;1056.0616
D401-0033;5;16.6214;83.107
D401-0035;7;17.7858;124.5006
D401-0039;6;20.6394;123.8364
D401-0041;2;18.2122;36.4244
ATMSKIA4;2;103.93848008;207.87696016
ATRADYGR1;2;173.40746968;346.81493936
ATRADYGR2;2;182.08636116;364.17272232
D401-0042;3;51.6354;154.9062
RF100024;4;25.8054;103.2216
RF100025;10;25.8054;258.054
RF100026;5;25.8054;129.027
RF100027;10;25.8054;258.054
RF100028;3;25.8054;77.4162
RF100029;14;26.445;370.23
Z1003100;222;17.1872;3815.5584
Z1003101;68;11.4472;778.4096
FRI-0114;1;555.6597816;555.6597816
SHDC017;1;123.8118;123.8118
ARMASKSC15-A;3;248.46;745.38
ARMAPORS991-A;1;992.2;992.2
ARMABZC63S-A;1;899.745;899.745
CTS-TR-1070X;2;983.9918;1967.9836
DBA53912SLVS-2;3;613.8684;1841.6052
DBA52834SLVS-2;2;514.62544;1029.25088
DBA53298SLVS-2;3;572.1304;1716.3912
DBA53922BLKS-2;2;619.592;1239.184
AC-14-BT;95;8.2;779
D760-0045;2;918.3754;1836.7508
D760-0063;3;918.3754;2755.1262
VWR90000;80;39.73171912;3178.5375296
6-03-0702;2;68.388;136.776
KCA520;4;49.451699;197.806796
MMRAD-G80-21A;4;224.598;898.392
MMTC-G80-21;3;249.403;748.209
WHL00002;8;186.5254;1492.2032
"WHL00008 ";4;215.2254;860.9016
WHL00029;16;176.6034;2825.6544
AC-B9S-INLET;25;23.78;594.5
CTS-LS-010;3;112.7418;338.2254
CTS-LS-012;2;112.7418;225.4836
SBM096S;1;235.4876;235.4876
SBMP094;4;165.5498;662.1992
JSK-271-BK;1;63.4590702;63.4590702
SAUC089;6;357.1018;2142.6108
UR-AR19-644;1;92.8076;92.8076
UR-LA6-3066;2;74.5462;149.0924
UR-RL7-3654;2;78.7774;157.5548
UR-RL2-1414;4;33.0378;132.1512
UR-LA2-4079;2;33.5462;67.0924
UR-ML4-1413;2;66.0756;132.1512
EXHSL76;189;6.97;1317.33
AMS.31.08.0001-2;1;724.8554;724.8554
AMS.50.06.0011-1;1;40.1554;40.1554
AMS.04.09.0001-1;1;416.1254;416.1254
AMS.04.08.0002-1;1;200.8754;200.8754
AMS.38.05.0001-1;2;335.7654;671.5308
UR-TW2-1412;3;52.521;157.563
FR-0529;2;654.8847426;1309.7694852
016CA17146;1;266.0162;266.0162
R-BMW-014-I;1;555.919;555.919
SKK00-S3B00;1;131.2;131.2
SKM74-S3B00;1;92.414;92.414
SKM44-S3B00;1;94.3;94.3
VSGB6-B1DS3;1;300.12;300.12
AC-40T-DPHS;9;196.8;1771.2
ATMSP&C2;4;149.03653668;596.14614672
ATINTP308;2;245.97133116;491.94266232
ATMSP3081;2;32.83214236;65.66428472
SFD078ST;1;316.5528;316.5528
ILZKR8C8G;8;6.4124;51.2992
UR-TW2-2762;2;58.4496;116.8992
MMINT-G80-21BK;2;1666.445;3332.89
VSM64-B1DS2;1;275.52;275.52
VSGH2-B1DS3;1;344.4;344.4
MMHP-HSS-136SL;1;7.5112;7.5112
VSP24-B1DS2;1;217.833;217.833
VSGB0-B1DS2;2;295.2;590.4
EVE-C8VT-CF-INT;1;1121.76;1121.76
EVE-C8VT-CF-ENG;1;270.6;270.6
EVE-X56M-CF-INT;3;1217.7;3653.1
SKG08-S3B00;1;70.725;70.725
SKG68-S3B00;1;75.44;75.44
SKGL0-S3B00;1;106.6;106.6
SKGD2-S3B00;2;106.6;213.2
PD-1387908;1;398.14630632;398.14630632
SKGC0-AUB00;1;84.87;84.87
SKH26-S3B00;1;85.813;85.813
SKA92-S3B00;1;80.155;80.155
SKHK8-S3B00;3;110.7;332.1
SKA58-S3B00;1;61.295;61.295
SKM80-AUB00;1;75.44;75.44
SKM58-S3B00;1;61.295;61.295
SKV70-S3B00;1;87.2316;87.2316
SKE18-S3B00;1;75.44;75.44
SKN20-AVB00;1;61.295;61.295
SKP06-S3B00;1;84.87;84.87
SKP26-S3B00;1;106.6;106.6
SKK04-S3B00;1;89.585;89.585
SKL22-S3B00;1;90.2;90.2
SKTJ4-S1B00;1;84.87;84.87
S-BM/T/34H;1;2613.75;2613.75
D760-0035;1;1090.5754;1090.5754
E10-20-052-03-22;4;137.104;548.416
82494;16;124.5334;1992.5344
82544;4;143.4754;573.9016
EVE-S85-CF-PLM;2;1335.78;2671.56
PFR7S8EG;10;5.3956;53.956
VWR143000;7;474.33880392;3320.37162744
VWR141001;8;283.3653336;2266.9226688
SAU112B;2;25.83;51.66
ATMSMINI7;6;136.25954268;817.55725608
ATMSMINI6;1;220.9000296;220.9000296
HF-N-00;2;719.55;1439.1
SAUP088;2;278.8;557.6
HK-N-20;6;639.6;3837.6
HB-N-20;2;639.6;1279.2
HK-V-01;2;106.6;213.2
L3P3BF97;2;185.0084;370.0168
LTR7IX-11;31;5.7892;179.4652
U5400;16;26.9042;430.4672
AC-45-DPCAT;13;147.6;1918.8
UR-TW2-4172;1;58.4496;58.4496
UR-RT2-3515;2;40.6556;81.3112
HK-L-20;1;639.6;639.6
HK-N-CTR;1;772.85;772.85
URUS-TW2-2384;1;66.0756;66.0756
URUS-TW2-2409;1;47.1008;47.1008
URUS-RE2-2410;1;39.811;39.811
UR-RL2-4267;2;39.811;79.622
UR-RO2-4263A;1;58.4496;58.4496
VWR630003;4;74.40942728;297.63770912
PF9015WB;2;230.297;460.594
EVO9104;2;152.11;304.22
SES1500TT;1;585.521;585.521
SES9102;1;561.1588;561.1588
FM1573I;1;276.2006;276.2006
SP1122WB;3;212.544;637.632
RF100023;2;86.0754;172.1508
RF100021;6;30.9714;185.8284
RF100031;1;47.6092;47.6092
MS100256;2;860.9754;1721.9508
T4100003;2;1008.8952;2017.7904
D590-0005;2;390.2954;780.5908
DBA42699S-2;2;161.3514;322.7028
DBA2472S-2;5;125.58792;627.9396
FMSS6;3;50.6820762;152.0462286
FMTUBL14;3;75.34640684;226.03922052
PRK-300-BK;2;151.82854648;303.65709296
JSK-332-BK;2;111.9643252;223.9286504
MS100144;2;606.3572;1212.7144
DV100001;3;143.4672;430.4016
MS100224;8;28.6754;229.4032
MS100225;1;23.657;23.657
CI100038-A;4;315.6754;1262.7016
CBK0001;2;746.1672;1492.3344
CBK0046;2;688.7754;1377.5508
D660-0009A;1;1147.9754;1147.9754
D660-0027;1;1147.9754;1147.9754
D660-0079-BLK;2;1492.3754;2984.7508
25-302BK;4;79.6384;318.5536
KLC203;5;51.51494692;257.5747346
TP-MINR56/57-CA;1;357.6348;357.6348
CBK0051;1;2008.9754;2008.9754
CBK0058;1;1721.9754;1721.9754
CBK0053;2;1176.6672;2353.3344
SUS00017;2;143.4754;286.9508
SUS00016;2;143.4754;286.9508
D760-0067;6;91.8154;550.8924
615160;2;213.1754;426.3508
615187;2;238.7594;477.5188
817754;1;857.843;857.843
SCEXVDM;14;10.7666;150.7324
URUS-TW2-2379;1;63.5336;63.5336
URUS-RE2-2380;1;39.811;39.811
UR-TW2-3021;1;55.9076;55.9076
UR-TW2-1212;4;47.0926;188.3704
UR-ML2-2091;1;38.1218;38.1218
ASKC;2536;0.2952;748.6272
ATMSBMW13;2;117.09405168;234.18810336
14079-6;2;405.2112;810.4224
HMP-749;1;48.268644;48.268644
HMP-951;1;85.17996;85.17996
L3P3CV6X;1;185.0084;185.0084
U3P3CCM5;2;185.0084;370.0168
U3P3CCM6;2;189.7644;379.5288
L3P3CV7X;2;185.0084;370.0168
L3P3DCG7;2;185.0084;370.0168
L3P3DCL3;2;185.0084;370.0168
VWR610360BNZ;4;187.41484088;749.65936352
VWR436001;5;51.47708916;257.3854458
VWR436000;3;51.47708916;154.43126748
70999-AT003;2;119.251944;238.503888
50003-MR45HLZ;56;18.02029376;1009.13645056
70017-AT132;6;15.07685292;90.46111752
70020-AF105;1;159.002592;159.002592
52004-AK003;15;18.455658;276.83487
ATMSMINI5;2;70.92651336;141.85302672
ATMSVAG10;7;98.58160704;690.07124928
E10-85-043-06-22;2;117.424;234.848
52004-AK009;10;18.455658;184.55658
51007-AK473;2;65.41820928;130.83641856
70027-AT001;3;19.0708466;57.2125398
70027-AH001;4;19.875324;79.501296
E-BM/T/9;1;1515.8192;1515.8192
70020-AF103;3;129.189606;387.568818
14011-AF001;2;100.17163296;200.34326592
33004-KN002;1;410.756696;410.756696
VWR31ID00;1;118.85443752;118.85443752
VWR31T120;2;122.08181156;244.16362312
VWR31TR01;2;122.08181156;244.16362312
VWR670011;6;106.29512564;637.77075384
PSH55;4;62.323116;249.292464
XA19850+3805HDK;12;186.422654;2237.071848
EX-STBNA6CE-F;15;56.7468372;851.202558
EX-STBZ33-F;12;56.9108454;682.9301448
EX-STBBL3FW-F;11;56.9108454;626.0192994
CLPT3;3;144.327216;432.981648
20VW36507X;1;1027.747;1027.747
60MA07;1;244.4584;244.4584
60MN01;2;219.7354;439.4708
ATINTVAG48;2;571.29252728;1142.58505456
15004-AT010;2;418.80147;837.60294
XA18850+4405GMB;4;156.354484;625.417936
XA18950+4005GDK;8;162.368118;1298.944944
XF18950-4005CDG;4;162.368118;649.472472
PST79;3;65.60328;196.80984
NST80;2;65.60328;131.20656
PST81;1;65.60328;65.60328
ARMAHDAFL5-A;3;360.8;1082.4
SKG76-S3B00;1;106.6;106.6
SKMD0-S3B00;1;102.5;102.5
SKSB0-S3B00;1;110.7;110.7
SKQ54-S3B00;1;70.725;70.725
SKAEA-S3B00;1;103.73;103.73
ATMSREN11;2;177.45825;354.9165
ATMSMINI10;1;153.29553468;153.29553468
ATMSREN10;3;85.15156668;255.45470004
ATMSFO147;4;106.78727652;427.14910608
GSTJ4-91AS3;1;547.883;547.883
GSG68-91AS2;1;369.656;369.656
GSHA2-91AS2;2;419.02;838.04
GSS12-91SS2;1;424.35;424.35
GSM98-91AS3;2;422.464;844.928
GSTD8-91SS2;1;369.656;369.656
VSGP4-B1DS2;1;248.952;248.952
ATIKFO14;4;380.92478112;1523.69912448
GSS68-91SS2;1;396.06;396.06
GSJ14-91AS2;2;419.02;838.04
GSGB0-91AA2;4;369.656;1478.624
82668;2;325.9172;651.8344
D660-0101;2;430.4754;860.9508
GSJ78-91AS2;2;369.656;739.312
12001-KZ001;1;3558.62944;3558.62944
GSN66-D1SS1;1;640.297;640.297
VSK00-K1LS3;1;1254.19;1254.19
VSM74-C1SA3;4;528.08;2112.32
VSHA2-C1AA1;3;631.4;1894.2
VSA22-CUSA1;2;694.54;1389.08
VSGB0-C1AA3;3;585.48;1756.44
MMRAD-MUS-64;1;154.119;154.119
SSTP011;10;59.409;594.09
SFDM068;2;166.4436;332.8872
SFDP068;2;76.3174;152.6348
SBMP097;1;226.1396;226.1396
SFDX068;2;179.498;358.996
SFDC068;1;41.4592;41.4592
SFD068;1;205;205
R28-10-2;4;41;164
S-PO/TI/23;1;2450.775;2450.775
P-CP034;1;907.125;907.125
CTS-TR-0055;2;1705.5918;3411.1836
21004-AN001;1;1921.28132;1921.28132
24996-AK001;3;13.5814714;40.7444142
24996-AK051;2;39.750648;79.501296
24003-LB004;3;47.0382668;141.1148004
70020-AF108;1;178.877916;178.877916
31008-BN001;2;261.455155;522.91031
50003-M45REL;4;15.76775704;63.07102816
50003-M55RET;6;15.76775704;94.60654224
71008-AT021;1;496.8831;496.8831
MMTC-F150-15SL;1;142.065;142.065
VWR190008;3;25.59184576;76.77553728
SMNSP022;1;89.298;89.298
UR-PB4-2847P;2;55.9076;111.8152
UR-RE2-3326;1;47.1008;47.1008
URTH-TW2-3520;1;55.9076;55.9076
URTW-RL2-3445;2;33.5462;67.0924
URKR-TW2-2685;1;58.4496;58.4496
UR-TW2-857;3;55.9076;167.7228
UR-TW2-682;1;47.1008;47.1008
UR-RL2-849;1;36.9328;36.9328
URKR-TW2-2649;1;63.5336;63.5336
UR-LA4-847;1;55.9076;55.9076
UR-TW2-898;1;52.521;52.521
UR-TW2-2590;2;52.521;105.042
UR-ML4-848;1;52.521;52.521
URTW-RL5-4003;2;74.5462;149.0924
DILKAR8R9HS;32;10.1434;324.5888
UR-AF27-264;1;156.0706;156.0706
VWR630100;4;10.2215952;40.8863808
UR-ML4-1371;2;58.4496;116.8992
13001-AN015;1;1921.28132;1921.28132
13008-AN002;1;1291.89606;1291.89606
11004-AM008;1;1275.33329;1275.33329
50003-MR45XLZ;76;18.02029376;1369.54232576
URKR-TW2-2675;1;58.4496;58.4496
22002-AT006;1;944.07789;944.07789
33005-AF018;2;763.2124416;1526.4248832
33004-BT003;4;203.012238;812.048952
32016-AF101;1;745.32465;745.32465
80310-AT005;2;1126.26836;2252.53672
27002-AN003;1;1188.970275;1188.970275
HMP-947;1;36.911316;36.911316
OFS-S1;9;30.614864;275.533776
TCC-S1;3;401.82009;1205.46027
FSBS36030M92R/93L;2;533.4640052;1066.9280104
SD-3311901S;3;103.43997174;310.31991522
SD-2111119;4;103.43997174;413.75988696
SD-2118455S;3;110.5961962;331.7885886
SD-2357962S;2;88.47695696;176.95391392
SD-2194988;5;147.67845022;738.3922511
SD-2318257S;2;133.04071837;266.08143674
SD-2114823S;3;110.5961962;331.7885886
Z-331238;5;71.5622446;357.811223
Z-365085;4;65.056586;260.226344
Z-361055;3;71.5622446;214.6867338
ES-9910849;4;47.3983698;189.5934792
VWR680000;2;310.0550544;620.1101088
VWR670003;2;161.2267354;322.4534708
ARMAFER458-A;1;2232.45;2232.45
ARMABZGT53-A;1;942.59;942.59
ARMABZ0643-A;1;401.39;401.39
Z-2155839;3;80.99544957;242.98634871
SAUC093;6;211.97;1271.82
SVWX060;3;314.2158;942.6474
FMTUBL17;1;80.7316732;80.7316732
FMDV21;4;75.71552;302.86208
FMINDK44-FOAM;1;156.86362856;156.86362856
FMINLD2-D;1;77.2298304;77.2298304
FMINLD2-P;1;77.2298304;77.2298304
EVE-FL5-CF-INT;2;713.4;1426.8
EVE-FL5-CF-CHG;2;327.18;654.36
EVE-N20-CF-INT;1;664.2;664.2
EVE-Z06VT-CF-INT;1;1161.12;1161.12
238SMFPSWL270;5;40.631;203.155
URTW-TW4-4008;1;67.4286;67.4286
URTW-ML4-4011;2;55.9076;111.8152
URTW-LA4-4010;2;58.4496;116.8992
URTW-LA2-4009;2;39.811;79.622
UR-AR18-642;1;84.3698;84.3698
UR-LA4-3512;3;55.9076;167.7228
20BM36503;1;1027.747;1027.747
20BM36507;1;1041.3016;1041.3016
60FO19;2;228.165;456.33
60FO06;2;228.165;456.33
60MA03;1;228.165;228.165
60RE08;1;260.8256;260.8256
60PE10;1;228.165;228.165
35PE134;1;57.605;57.605
35SU35;1;55.9978;55.9978
ATMSREN3;1;232.51289748;232.51289748
FR-0137;1;1084.8595736;1084.8595736
FRI-0217;2;886.4096516;1772.8193032
69-9001JP;2;152.1449402;304.2898804
DBA3724S-2;1;172.4542;172.4542
DBA3715S-2;1;104.70744;104.70744
AC-S63-TP;18;49.2;885.6
AC-500-DP;6;45.1;270.6
AC-N54-CC;46;24.6;1131.6
CRND5RCK;1;297.7842218;297.7842218
ZC33SFK;1;92.93798;92.93798
CLPS-SET1;3;164.0082;492.0246
EUPD4004104R;1;420.8404;420.8404
ATMSHYU11;2;210.08217468;420.16434936
ATMSHYU14;2;188.31396268;376.62792536
005EP171484;1;212.1586;212.1586
032CK21144;2;216.0864;432.1728
EM100050;3;147.4934;442.4802
MS100199-A;10;51.6436;516.436
CBK0041;1;1147.9754;1147.9754
CBK0017;1;1291.4754;1291.4754
50-1000;19;56.5636;1074.7084
D760-0069;10;229.5754;2295.754
BHR100Z;5;133.26877964;666.3438982
BHF100Z;2;113.04327136;226.08654272
015BS16138;1;216.0864;216.0864
KTA109;1;155.9739712;155.9739712
KDT970M;3;11.72644116;35.17932348
KLC231;2;77.88287676;155.76575352
SBMC090;1;240.629;240.629
FMSS9;1;81.26168184;81.26168184
AC-F56-IC;2;136.12;272.24
ATMSREN12;4;237.87923496;951.51693984
ATMSP&C4;1;175.26249992;175.26249992
FRI-0354;2;1151.0095476;2302.0190952
SBMP075;3;96.8625;290.5875
E10-80-015-02-22;1;92.496;92.496
VWR682001;1;529.99917556;529.99917556
AC-Z33-QS;8;22.14;177.12
X11127570292ALBK;22;72.16;1587.52
X11127565284ALBK;21;77.9;1635.9
AC-S58-RAD;4;163.18;652.72
AC-S63-IC;4;262.4;1049.6
SILZKGR8C8S;191;11.4308;2183.2828
DBA53004SLVS-2;2;560.7078;1121.4156
UR-SD6-258;1;72.8488;72.8488
UR-RT2-261;1;38.1136;38.1136
UR-LA2-312A;1;42.3612;42.3612
UR-TW2-274A;1;61.8444;61.8444
UR-FD3-041;1;72.8488;72.8488
UR-LA4-259;1;58.4496;58.4496
UR-AF25-085;1;107.7152;107.7152
UR-AR19-010;1;95.0462;95.0462
UR-TW2-1245;2;67.4286;134.8572
GSH48-91SS2;1;390.32;390.32
VSHK8-K1NS4;2;1320.2;2640.4
VSAPQ-C1AS2;1;580.888;580.888
GSGB6-9VAS3;1;422.464;422.464
GSV70-91SS2;2;419.02;838.04
GSGH2-91AS3;2;447.72;895.44
70017-AS107;1;15.5690038;15.5690038
24996-AK052;2;47.0382668;94.0765336
71008-AS013;5;147.645264;738.22632
70020-AS105;2;228.566226;457.132452
31029-AT004;2;1060.01728;2120.03456
70026-AT011;2;245.128996;490.257992
13001-AS003;2;347.5342368;695.0684736
31021-AS003;1;553.66974;553.66974
13002-AN003;1;477.007776;477.007776
80310-AH003;1;1209.08221;1209.08221
31008-BM001;2;369.11316;738.22632
15004-AS002;1;425.8998;425.8998
13002-AH001;1;142.439822;142.439822
26010-AT001;1;780.8163;780.8163
26011-AM002;1;1117.986975;1117.986975
AC-MK7-525LPFP;42;16.81;706.02
FMINDK47;3;337.880508;1013.641524
R-MER-001-I;1;220.58;220.58
WSK-HYU002;2;134.86827;269.73654
503-T109;3;15.4167708;46.2503124
507-N003;1;75.443772;75.443772
503-M102;2;14.1047052;28.2094104
503-H101;4;13.120656;52.482624
503-N101;10;14.1047052;141.047052
503-F101;11;14.1047052;155.1517572
507-N005;1;55.762788;55.762788
507-f004;2;65.60328;131.20656
507-M005;2;91.844592;183.689184
507-M009;2;75.443772;150.887544
508-H013;2;118.085904;236.171808
508-N020;1;55.762788;55.762788
508-Z001;4;68.883444;275.533776
508-Z002;3;78.723936;236.171808
508-Z003;3;72.163608;216.490824
508-T003;1;85.284264;85.284264
538-N020;3;137.766888;413.300664
27PBDR33001;2;224.5488;449.0976
23PVM001;1;49.1672;49.1672
538-N021;1;127.926396;127.926396
539-T001;7;65.60328;459.22296
539-T003;4;62.323116;249.292464
574-A002;15;22.7971398;341.957097
313-A001;2;328.0164;656.0328
254-T001;1;360.81804;360.81804
254-T002;1;328.0164;328.0164
518-T001;3;49.20246;147.60738
519-T003;2;354.257712;708.515424
319-A008;8;26.241312;209.930496
319-A007;4;26.241312;104.965248
500-AA08;3;48.5464272;145.6392816
161AF001;2;459.22296;918.44592
161RF018J;1;636.351816;636.351816
161AN006;2;387.059352;774.118704
161AN003;2;377.21886;754.43772
161AM012;2;406.740336;813.480672
VWR1160RS;2;92.74204756;185.48409512
TTE575;1;1880.6946;1880.6946
DBA2969S-2;2;127.2476;254.4952
162AN052;2;593.709684;1187.419368
162AT037;1;416.580828;416.580828
162AZ001;2;416.580828;833.161656
164-Z001J;2;311.61558;623.23116
167-T006J;1;587.149356;587.149356
164-T008J;1;583.869192;583.869192
164-T001J;1;583.869192;583.869192
145-N005;3;137.766888;413.300664
145-M006;3;124.646232;373.938696
145-H002;2;190.249512;380.499024
199-N006;2;108.245412;216.490824
238-T095;2;147.60738;295.21476
238-T093;2;157.447872;314.895744
264CT090;1;1256.302812;1256.302812
264CN056;1;1203.820188;1203.820188
264CM023;1;1259.582976;1259.582976
264CM020;1;1279.26396;1279.26396
414BM007;1;492.0246;492.0246
414BN030;1;492.0246;492.0246
RA5w-45;48;57.3426;2752.4448
RA75w-140;60;21.321066;1279.26396
06248954505MM;4;302.048435;1208.19374
ATMSVAG15;2;218.49606184;436.99212368
ATMSMINI15;5;105.80297476;529.0148738
MMSTART-SR20;2;106.436;212.872
MMICP-N54-07;3;101.475;304.425
MMICP-N55-11;10;134.849;1348.49
CTS-TR-0058;2;1918.7918;3837.5836
CTS-EXH-DP-0045-CAT;2;491.9918;983.9836
CTS-EXH-TP-0019;3;186.9518;560.8554
CTS-EXH-TP-0011;2;73.7918;147.5836
CTS-BV-0021;3;112.7418;338.2254
CTS-DV-027;4;34.4318;137.7272
DBA3659S-2;2;114.3244;228.6488
57849854595SB;4;165.3202656;661.2810624
ATMSVAG18;1;224.84670108;224.84670108
EVE-F56-MAF;1;34.932;34.932
EVE-EMV6-CF-INT;1;632.22;632.22
UR-RE4-2986;1;67.4286;67.4286
UR-RL4-2742;1;67.4286;67.4286
UR-LA4-787;1;55.9076;55.9076
UR-LA4-1171;1;55.9076;55.9076
UR-RLS6-1272P;1;71.1514;71.1514
UR-FD3-2480;2;72.8488;145.6976
UR-RL4-3925;1;58.4496;58.4496
UR-LA4-2144;1;55.9076;55.9076
UR-ML4-2145;1;55.9076;55.9076
UR-ML4-1172;2;58.4496;116.8992
UR-RL2-2977;1;32.1932;32.1932
UR-AR22-511;1;96.5386;96.5386
UR-AF21-466;1;96.5386;96.5386
AC-211-TP;3;24.6;73.8
ATINTFO50;1;500.98120252;500.98120252
AC-FIST8-IC;3;136.12;408.36
52006-AK003;34;7.09833;241.34322
70026-AT012;2;629.38526;1258.77052
53004-AT025;1;813.94184;813.94184
9-307-1069;2;85.239;170.478
6-45-M51;2;19.188;38.376
6-45-M52;4;19.188;76.752
6-45-M54;6;19.188;115.128
ARMAAD008YA;1;620.125;620.125
RPF-1188;2;18.7395912;37.4791824
SBM098B;2;34.85;69.7
SBMC098;3;258.3;774.9
SBMX098;3;473.55;1420.65
SBMP098;1;329.9844;329.9844
SBMXP098;2;128.7236;257.4472
EVE-A90B48-INT;1;655.836;655.836
AC-45-IT;1;45.1;45.1
P-HF876;1;457.8962;457.8962
SAUC044;1;246;246
ATMSHYU18;2;113.54488668;227.08977336
ATMSHYU17;2;75.09086696;150.18173392
167-H002J;1;1016.85084;1016.85084
414BF003;1;492.0246;492.0246
06L115466C;151;1.148;173.348
BL02011105;1;2008.9918;2008.9918
BL02011101;1;1352.385;1352.385
BL02011104;1;344.3918;344.3918
BL02010402;1;516.5918;516.5918
BL020108910;1;2582.9918;2582.9918
BL04030801;1;430.4918;430.4918
BL04021111RED;1;861;861
BL02010008;2;573.9918;1147.9836
BL02010401;1;803.5918;803.5918
MMIG-BMW-0206;27;78.474;2118.798
MMIG-30Z-09;3;104.632;313.896
MMIG-STI-1104;5;89.093;445.465
CTS-TR-1015-38;1;811.7918;811.7918
ATINTHON04;2;345.32902228;690.65804456
ATMSHON04;2;283.3653336;566.7306672
FM9003i;2;405.8672;811.7344
JSK-258-BK;1;104.8659952;104.8659952
BRG61GSF;1;1164.12612;1164.12612
SILFR6A;12;7.38;88.56
7-308;2;61.09;122.18
71008-AK001;12;92.27829;1107.33948
80310-AM001;1;1126.26836;1126.26836
24999-AH001;1;82.81385;82.81385
24999-AH002;1;86.126404;86.126404
13001-AM006;1;1060.01728;1060.01728
70018-AT006;1;129.189606;129.189606
70019-AZ101;4;79.501296;318.005184
70019-AZ104;5;73.822632;369.11316
PP2045;9;13.5464;121.9176
C9000;11;4.1082;45.1902
PP1951;2;13.5464;27.0928
PP87;2;13.5464;27.0928
PP1950;2;13.5464;27.0928
PP1949;10;13.5464;135.464
PP1931;6;13.5464;81.2784
PP72;3;13.5464;40.6392
PP2088;4;13.5464;54.1856
PP2069;3;13.5464;40.6392
PP2062;4;36.4408;145.7632
PP2051;3;50.9548;152.8644
PP2048;2;33.538;67.076
PP2041;2;42.5744;85.1488
PP2028;3;13.5464;40.6392
PP2026;4;13.5464;54.1856
PP2020;4;13.5464;54.1856
PP2018;3;13.5382;40.6146
PP2016;3;36.408;109.224
PP2008;6;13.5464;81.2784
PP2006;2;36.4408;72.8816
PP2005;6;13.5464;81.2784
PP1927;4;13.5464;54.1856
PP2000;3;13.5464;40.6392
PP1998;4;13.5464;54.1856
PP1923;13;36.4408;473.7304
PP1995;7;13.5464;94.8248
CG85-02-0C28;1;356.29;356.29
PP1994;2;42.5744;85.1488
PP1924;5;13.5464;67.732
VWR180006;9;7.74191192;69.67720728
PP1981;3;13.5464;40.6392
PP1979;3;13.5464;40.6392
PP1962;2;36.4408;72.8816
PP1956;2;36.4408;72.8816
57849954536SB;4;171.2245608;684.8982432
58347903896AG;4;129.8944944;519.5779776
PP1952;3;13.5464;40.6392
58349952535AG;2;175.6527822;351.3055644
58349053535AG;2;181.232341164;362.464682328
PP1922;5;13.5464;67.732
58349953595AG;4;171.2245608;684.8982432
PP1895;17;13.5464;230.2888
PP1884;3;13.5464;40.6392
PP1881;5;13.5464;67.732
PP1836;4;13.5464;54.1856
PP1825;2;26.445;52.89
PP1773;3;13.5464;40.6392
PP1762;4;14.8338;59.3352
PP1760;5;13.5464;67.732
PP1735;3;18.0564;54.1692
PP1728;3;26.445;79.335
PP1727;3;29.6676;89.0028
PP1743;3;13.5464;40.6392
PP1723;3;13.5464;40.6392
PP1683;8;13.5464;108.3712
PP1667;1;26.445;26.445
Z-2214710;4;80.99544957;323.98179828
Z-1350571;2;73.83922511;147.67845022
PP1652;3;26.445;79.335
SD-3754024;4;73.83922511;295.35690044
PP1630;4;13.5464;54.1856
SD-2218651;2;217.9395631;435.8791262
SD-2218353;3;148.9194456;446.7583368
ATMSHON5;3;90.83023068;272.49069204
PP1624;10;13.5464;135.464
PP1619;3;13.5464;40.6392
PP1605;4;13.5464;54.1856
PP1599;6;13.5464;81.2784
PP1577;3;13.5464;40.6392
PP1495;3;13.5464;40.6392
PP1443;4;13.5464;54.1856
MS100244;68;20.0654;1364.4472
PP1389;9;13.5464;121.9176
PP1268;3;13.5464;40.6392
PP1319;3;13.5464;40.6392
PP1290;2;13.5464;27.0928
PP1221;4;13.5464;54.1856
PP1219;2;13.5464;27.0928
PP1195;2;13.5464;27.0928
PP1128;4;13.5464;54.1856
SFDS104;1;271.379;271.379
PP1895PLUS;5;26.8714;134.357
PP2062PLUS;2;59.1302;118.2604
PP1980;1;67.732;67.732
PX1738;1;13.5464;13.5464
PX1746;6;18.7042;112.2252
PK438;1;144.6562;144.6562
PX1806;1;26.445;26.445
PX1819;3;21.9268;65.7804
PX1875;3;13.5382;40.6146
PK424;12;146.7308;1760.7696
PX1828;2;21.9268;43.8536
PK108;3;42.8204;128.4612
PX1921;2;13.5464;27.0928
PK107;3;42.8204;128.4612
PK159;3;38.5318;115.5954
CI100065;6;157.8172;946.9032
PX1974;4;76.1124;304.4496
CI100064;11;157.8172;1735.9892
PX1999;10;18.04;180.4
PX2011;4;29.1182;116.4728
PK439;2;193.52;387.04
ATMSFO149;3;231.84092224;695.52276672
VWR12G7R600ITGREY;12;49.61259448;595.35113376
51003-AK126;3;19.52513972;58.57541916
33006-KH001;3;371.006048;1113.018144
15004-AT014;1;1047.003675;1047.003675
13002-AM003;1;344.505616;344.505616
22001-AN002;1;96.064066;96.064066
22001-AM001;1;86.126404;86.126404
VWR502000;3;68.13450356;204.40351068
VWR140012;4;156.15379556;624.61518224
SFDC088;1;142.5488;142.5488
FMDP1;2;132.18983348;264.37966696
R25-10-2;3;41;123
ATMSREN9;2;85.15156668;170.30313336
ATMSYGR24;1;75.09086696;75.09086696
ATMSBMW15;2;231.61377568;463.22755136
EVE-GXXB58-CF-INT;1;655.836;655.836
EVE-GR86-CF-INT;1;639.6;639.6
STYP011;2;194.75;389.5
SBMX102;5;236.775;1183.875
21004-AT007;1;1755.65362;1755.65362
26010-AM001;1;780.8163;780.8163
70020-AZ102;1;278.254536;278.254536
PK445;2;965.181;1930.362
R14-10-2;2;51.66;103.32
R06-10-2;1;42.23;42.23
ATIKBMW7;1;440.18163996;440.18163996
ATMSBMW20;2;231.84092224;463.68184448
ATMSBMW24;3;87.61232108;262.83696324
EM100040;18;63.919;1150.542
CBK0010;2;1706.4774;3412.9548
CBK0016;1;765.1174;765.1174
IC100012;1;765.1174;765.1174
MS100078;2;444.2514;888.5028
MS100121;1;301.3254;301.3254
MS100187;1;200.8672;200.8672
MS100194;7;98.728;691.096
MS100226;9;114.7754;1032.9786
MS100229;2;717.4754;1434.9508
MS100234;1;279.5134;279.5134
MS100251;2;129.0926;258.1852
SA000439;10;18.0564;180.564
SUS00008;2;209.0754;418.1508
WHL00032;4;176.7592;707.0368
WHL00041;4;235.3154;941.2616
D660-0092;1;688.7754;688.7754
FS3Z-6640526-SA;10;37.4986;374.986
FS3Z-2760-BL;5;21.5004;107.502
FR3Z-6766-BL;11;7.5932;83.5252
FR3Z-6750-BL;5;25.7152;128.576
FR3Z-6640526-GA;3;34.0874;102.2622
FR3Z-6640526-5A;3;34.0874;102.2622
FR3Z-2162-BL;5;23.657;118.285
FR3Z-17632-BL;6;23.657;141.942
FR3Z-16A052-BLK;10;53.8084;538.084
CS3-295430-B;4;240.711;962.844
CS11-295530-B;2;240.711;481.422
CS11-211555-B;2;251.5514;503.1028
ACC-5033270;5;12.587;62.935
5S3Z-2457-9735M;5;59.6714;298.357
3916036;4;125.9848;503.9392
2700;1;882.7874;882.7874
EVE-X56M-CHG;2;309.96;619.92
EVE-X56M-LCI-CHG;2;309.96;619.92
SAU114B;4;36.9;147.6
SFD091B;1;34.0136;34.0136
SAU044B;2;36.5966;73.1932
SVAG006B;4;36.5966;146.3864
DBA42472S-2;2;205.7544;411.5088
EVE-GR86-CF-ENG;2;162.36;324.72
Z-1310626;4;92.38035212;369.52140848
Z-1356206;3;84.89884473;254.69653419
ATMSBMW22;4;140.8308672;563.3234688
ATMSBMW23;2;198.72484668;397.44969336
ATMSBMW27;2;68.11557468;136.23114936
EVE-X5M50-CF-INT;1;1217.7;1217.7
26010-AT002;1;780.8163;780.8163
80310-AT001;1;1093.14282;1093.14282
80300-AT025;1;1026.89174;1026.89174
"C5 720 01";1;846.24;846.24
PK398;2;150.9374;301.8748
HA1GSF;1;638.8497;638.8497
E54GSN;1;674.34135;674.34135
ATMSSUZ4;3;106.39923448;319.19770344
ATMSSUZ3;1;169.00650508;169.00650508
PH/INDSUZ1;2;38.6149152;77.2298304
ATMSSUZ2;2;110.733948;221.467896
D401-0047;7;38.7204;271.0428
D401-0046;4;20.6394;82.5576
MS100262;3;172.1918;516.5754
AC-211-HPFP;7;194.3154;1360.2078
AC-BMB-CP;46;6.478;297.988
AC-30N-CP;1;7.134;7.134
D650-0011;104;18.0564;1877.8656
3796704935SP;4;136.3454836;545.3819344
R-AUD-010-I;6;246.41;1478.46
ATMSHYU9;4;130.58087868;522.32351472
9-421-7270;1;202.499;202.499
P-HF1384;1;277.7094;277.7094
201-4701;1;227.0006;227.0006
204-4302;16;104.8288;1677.2608
204-4708;4;186.55;746.2
201-4303;1;153.0612;153.0612
151-4301;1;122.59;122.59
201-4304;1;140.8514;140.8514
201-5401;2;155.6606;311.3212
151-5407;1;106.9936;106.9936
201-5002;1;105.8784;105.8784
202-5402;1;84.05;84.05
202-5802;1;193.0772;193.0772
204-5408;10;86.2148;862.148
201-5402;2;144.5578;289.1156
ATIKHON03;2;198.41252016;396.82504032
ATMSHON6;1;255.50202224;255.50202224
M215800+1204GS0;2;219.770988;439.541976
CTS-HW-524;2;836.3918;1672.7836
3797704935SP;4;147.4433718;589.7734872
3798956538SP;12;185.4932742;2225.9192904
3798956545SP;6;185.4932742;1112.9596452
KT4058;2;350.2958;700.5916
F2458P;12;24.0424;288.5088
F2459P;12;17.22;206.64
204-5801;3;154.8734;464.6202
208-5402;1;70.2166;70.2166
218-5402;2;83.312;166.624
202-5801;2;140.0724;280.1448
218-5401;3;70.7086;212.1258
216-5401;1;95.5218;95.5218
216-4301;3;136.735;410.205
204-4705;1;184.582;184.582
204-4105;3;266.6968;800.0904
260-4701;2;159.0554;318.1108
204-3901;2;102.6804;205.3608
202-4302;3;84.6896;254.0688
208-4701;3;114.7344;344.2032
218-4702;3;118.7606;356.2818
218-4701;2;94.3984;188.7968
208-4601;1;114.062;114.062
201-4307;1;232.6258;232.6258
IKER7A8EGS;3;9.5366;28.6098
VWR900003;108;19.86585956;2145.51283248
E20-85-014-01-22;3;84.624;253.872
VWR900004;1;19.86585956;19.86585956
VWG7T-DD;3;282.9;848.7
ATMSBMW31;2;85.14210224;170.28420448
ATMSBMW29;2;26.66132748;53.32265496
M215750+0604GS0;2;216.1081382;432.2162764
3797806535SP;8;158.54126;1268.33008
3797808045SP;4;153.7850222;615.1400888
379-0000SP;70;13.777235494;964.40648458
3798808045SP;4;175.9807986;703.9231944
3798804435SP;8;175.9807986;1407.8463888
37981056515SP;6;191.8349246;1151.0095476
3798956515SP;8;191.8349246;1534.6793968
3798754448SP;4;172.8099734;691.2398936
3797806545SP;4;153.07432;612.29728
3797906545SP;7;160.1266726;1120.8867082
37981056515B;4;198.176575;792.7063
3798956515B;8;185.4932742;1483.9461936
3797756548SP;2;150.614197;301.228394
DBA43148S-2;1;205.1476;205.1476
PK447;2;110.0194;220.0388
PK451;3;42.845;128.535
PP2101;5;13.5464;67.732
FMINDK50;2;233.28898156;466.57796312
PP1621;2;13.5464;27.0928
PK419;4;125.7798;503.1192
PK431;7;141.1056;987.7392
PK409;7;146.4192;1024.9344
PK370;5;150.9374;754.687
PK433;4;140.7038;562.8152
PP1926;3;13.5382;40.6146
PP2076;2;46.1168;92.2336
PP2040PLUS;2;59.1302;118.2604
PP1693;7;13.5464;94.8248
PX1782;2;13.5382;27.0764
PP1885;1;13.5382;13.5382
PP1711;2;13.5382;27.0764
06310101535BB;2;464.4438877;928.8877754
06310111535BB;2;477.9472295;955.894459
06708102995PB;4;345.7566203;1383.0264812
06588854596PG;4;309.155457;1236.621828
EVE-G8XM-CF-SC;1;305.04;305.04
06858953995KR;4;341.137056;1364.548224
57769053535GX;2;175.6527822;351.3055644
57769952535GX;2;171.2245608;342.4491216
204-5404;3;92.578;277.734
228-4301;3;123.1312;369.3936
3798851240SP;8;179.1516238;1433.2129904
3798904435SP;15;182.322449;2734.836735
3797808035SP;4;153.7850222;615.1400888
STW-S1;5;17.220861;86.104305
ITC-FN2;4;110.978882;443.915528
ITC-P3;4;80.364018;321.456072
CBK0052;1;860.9918;860.9918
D401-0050;4;38.7204;154.8816
3798808035SP;4;175.9807986;703.9231944
RPF1RS158FGM;4;128.4184206;513.6736824
57768854596GX;4;141.7030848;566.8123392
57768953895GX;12;153.349307082;1840.191684984
57768953836GX;4;153.349307082;613.397228328
57769953536GBP;4;175.6527822;702.6111288
WHL00027;4;176.7592;707.0368
WHL00037;4;235.3154;941.2616
WHL00022;4;235.3154;941.2616
WHL00026;4;235.3154;941.2616
WHL00031;4;235.3154;941.2616
WHL00036;4;235.3154;941.2616
WHL00009;4;215.2254;860.9016
WHL00034;4;176.6034;706.4136
WHL00039;4;176.6034;706.4136
WHL00024;8;157.8254;1262.6032
WHL00016;4;157.8254;631.3016
"WHL00015 ";4;157.8254;631.3016
WHL00001;4;186.5254;746.1016
WHL00014;4;186.5254;746.1016
3797754448SP;8;150.614197;1204.913576
CTS-HW-550;2;393.5918;787.1836
STT-K8;1;45.922296;45.922296
SRH-K8;2;99.498308;198.996616
MB-K8-F;2;72.710302;145.420604
57768853795GX;4;156.4638228;625.8552912
06676803692KR;4;245.192259;980.769036
SRH-L5;2;107.152024;214.304048
SRH-S1;2;122.459456;244.918912
SRH-P3;3;88.017734;264.053202
SRH-H4;2;107.152024;214.304048
SRH-FN2;3;99.498308;298.494924
STT-S1;3;26.788006;80.364018
STT-P3;3;29.8494924;89.5484772
TB-K8-F;2;91.844592;183.689184
TB-K8-R;1;91.844592;91.844592
TB-P3-R;3;80.364018;241.092054
TB-H4-R;2;80.364018;160.728036
TB-S1-R;3;80.364018;241.092054
TB-L5-F;3;95.67145;287.01435
TB-H4-F;2;80.364018;160.728036
TB-P3-F;3;80.364018;241.092054
TB-S1-F;2;80.364018;160.728036
TB-FN2-F;3;80.364018;241.092054
MB774-C;1;1262.8;1262.8
06676803692WR;4;245.192259;980.769036
PK444;1;131.0278;131.0278
06708854220PB;4;351.797589;1407.190356
06708952020PB;2;358.904611;717.809222
06708053420PB;2;366.011633;732.023266
MBA45-C;1;1098.8;1098.8
ATMSVAG17;1;102.17809424;102.17809424
ATMSVAG19;4;209.5427016;838.1708064
ATINTVAG47;1;643.45888228;643.45888228
XC16650+5304CS0;4;78.9426136;315.7704544
XC17700+4805CS0;4;93.484674;373.938696
XC18105+1205GS0;4;122.6781336;490.7125344
XC18950+1205GS0;4;118.092737675;472.3709507
XC18105+2205GGM;4;126.833008;507.332032
MAF-S1-200;5;34.441722;172.20861
MAF-P3-3000;4;26.788006;107.152024
OCT-S1;3;196.80984;590.42952
KF-K8-F;3;107.152024;321.456072
RTC-01;2;4.5922296;9.1844592
RCP-01N;3;11.480574;34.441722
LBH64S-C;1;2451.8;2451.8
XC18750+3805CS0;4;109.3388;437.3552
FMJ-S1L-501-RD;2;68.883444;137.766888
FMJ-K8L-RD;2;76.53716;153.07432
FMJ-H5L-505-RD;2;76.53716;153.07432
FMJ-H3L-504-RD;2;76.53716;153.07432
CZ6C7-X/CZ6C7-QS28C;1;1586.7;1586.7
AUC7R-C;1;2041.8;2041.8
AUF3R-C;1;1344.8;1344.8
IMS-8V8S-HFI;11;553.4918;6088.4098
HPCW-4L;9;26.788006;241.092054
TFO-540-04;10;30.614864;306.14864
AUC8R-DC18;1;2451.8;2451.8
AUR8Y-C;2;1344.8;2689.6
DC19;1;442.8;442.8
AMT;4;122.59;490.36
RRB-S1;3;61.229728;183.689184
ETD-S1-TL;1;172.20861;172.20861
KF-K8-R;2;57.40287;114.80574
VWR680002;1;290.68134572;290.68134572
CAJ-S1-S2;2;107.152024;214.304048
TSN-BL;1;95.67145;95.67145
DSS-S1;5;75.7717884;378.858942
CAM-K8;1;153.07432;153.07432
CAJ-K8;1;145.420604;145.420604
R304-P3-60RS;1;336.763504;336.763504
XA-S1;2;574.0287;1148.0574
FXA-FN2;1;738.0369;738.0369
ZH-P3;3;260.226344;780.679032
228-5401;3;71.0202;213.0606
CI100021;1;401.7754;401.7754
EM100051;2;346.6714;693.3428
SBM105B;2;34.0136;68.0272
SBMP105;5;30.75;153.75
R304-FN2-60RS;2;344.41722;688.83444
AG-K8-C;2;401.82009;803.64018
AG-K8-EMC;2;108.67183332;217.34366664
AG-K8-TREM;1;38.26858;38.26858
AID-S1-N;3;153.07432;459.22296
CMG-S1;1;244.918912;244.918912
CCP-S1-C;4;107.152024;428.608096
AFT-01;1;30.614864;30.614864
SSG-K8-CAL;1;438.721935;438.721935
SSG-L5-CSG;1;615.03075;615.03075
SBR-K8-RD;4;13.394003;53.576012
TRBP-K8;1;306.14864;306.14864
ALB-S1;1;22.961148;22.961148
MDB-MT;4;5.740287;22.961148
DCL-FN2;4;34.441722;137.766888
KCT-P3;2;57.40287;114.80574
MP-WAZA;3;4.2095438;12.6286314
PRA-K8;1;198.996616;198.996616
EMS-K8-RS;2;133.94003;267.88006
EMS-K8-MT;2;191.3429;382.6858
EMS-K8-RR;1;103.325166;103.325166
DRF-S1-FS;2;145.420604;290.841208
KLD-S1-15;1;566.374984;566.374984
FGD-FN2-53;1;389.519475;389.519475
ETA-S1;3;45.922296;137.766888
SSG-02-C;1;198.996616;198.996616
DBS-S1-RS;1;566.374984;566.374984
DBS-FN2-RS;1;566.374984;566.374984
SD-1314709;4;186.3133152;745.2532608
6-627;1;495.649;495.649
FRI-0181;1;1316.3844826;1316.3844826
SBM073B;2;32.2916;64.5832
SVAG007B;3;30.75;92.25
R7438-8;4;23.8784;95.5136
IMS-8V-DCCB;7;250.2968;1752.0776
IMS-8Y-DCCB;5;250.2968;1251.484
IMS-8S-DCCB;4;250.2968;1001.1872
IMS-8V8S-HFIS;2;110.6918;221.3836
IMS-8V8S-OPS;2;229.5918;459.1836
IMS-8V8S-GRK;13;40.5818;527.5634
IMS-8VSY-BFR-AB;1;180.3918;180.3918
IMS-8VSY-PCV1-B;3;124.6318;373.8954
IMS-8V8S-UFW-N;1;1190.6318;1190.6318
IMS-8V-ICO;1;1167.6718;1167.6718
IMS-8Y-IC1150;2;1082.3918;2164.7836
IMS-8V8S-ECCB-2;5;467.3918;2336.959
ATMSHON11;2;148.39295476;296.78590952
ATMSFO159;1;164.1133896;164.1133896
ATRADHON01;2;196.27355672;392.54711344
ATMSHON3;2;162.86408352;325.72816704
TP-T/S/33;1;735.0316;735.0316
S-PO/TI/19;1;2276.0002;2276.0002
ATMSYGR23;1;337.880508;337.880508
P-X277;1;184.5328;184.5328
E90-15-004-05-22;1;478.511;478.511
E90-81-010-02-22;1;422.136;422.136
E90-55-019-03-22;1;558.42;558.42
E90-55-010-01-22;2;517.584;1035.168
E90-55-007-01-22;1;442.8738;442.8738
E90-70-018-02-22;1;465.883;465.883
E95-81-009-04-22;1;515.616;515.616
E90-81-003-03-22;1;470.393;470.393
SVWP061;3;28.7;86.1
SVWC061;2;171.954;343.908
SVWX061;1;311.6328;311.6328
VWR140007;2;17.8877916;35.7755832
FMINLD3;2;16.56277;33.12554
S-TY/T/3;2;1643.28;3286.56
E-TY/SS/4;2;313.035;626.07
EVE-GR4CR-CFM-INT;2;708.48;1416.96
EVE-GR4CR-CF-INT;1;708.48;708.48
80310-AH001;1;1015.06119;1015.06119
SAU123B;2;26.65;53.3
PK455;3;241.9;725.7
E90-57-004-02-22;1;510.204;510.204
AC-S55-CC;46;24.6;1131.6
ATMSFO151;1;340.68198224;340.68198224
CI100072;7;315.6754;2209.7278
PK165;1;18.7042;18.7042
ATIKVAG13;3;154.98966944;464.96900832
ATIKYGR05;2;28.2040312;56.4080624
ATMSFO112;2;136.9504468;273.9008936
PP1844;2;13.5382;27.0764
MMRAD-DBP-26;2;179.949;359.898
MMFS-SUP-93T;2;97.416;194.832
MMFS-SUP-86;2;97.416;194.832
MMRAD-CIV-16;2;183.557;367.114
MMRAD-SRT-15;1;318.406;318.406
MMRAD-SUP-86;1;158.2928;158.2928
MMRAD-RHD-R32;1;139.4984;139.4984
MMRAD-AE86-83;1;132.1594;132.1594
MMFAN-8;1;30.2088;30.2088
IMS-8V8S-RACE3;7;54.1118;378.7826
MMIG-MAZ-1204;13;51.1434;664.8642
MMIG-VLSTR-19T04;6;51.1434;306.8604
MMIG-CIV-92;40;9.0118;360.472
MMIG-VW-0604;15;43.4682;652.023
MMIG-A3-0904;10;61.336;613.36
MMTH-E36-92RD;10;66.9284;669.284
MMTH-WRX-01RD;1;66.9284;66.9284
MMAF-350Z-07;3;55.3828;166.1484
MMAF-MIA-90;6;27.6832;166.0992
MMTL-FT-RLR;9;28.5442;256.8978
MMRA-LC-EG-OR;10;11.726;117.26
MMRA-LC-EG-PK;45;11.726;527.67
MMRA-LC-EG-BL;22;11.726;257.972
MMRA-LC-EG-YW;20;11.726;234.52
22004-AZ001;4;87.90571872;351.62287488
3797856540SP;4;156.9558474;627.8233896
3797906522B;4;160.1266726;640.5066904
3798856540SP;4;179.1516238;716.6064952
3798856530SP;4;179.1516238;716.6064952
3798856530B;4;179.1516238;716.6064952
3797956538SP;4;163.2974978;653.1899912
3797856530SP;4;156.9558474;627.8233896
3798856540SBC;4;217.2015262;868.8061048
3796704935SBC;4;174.395386;697.581544
TM02-1895-514-22HS;4;187.0786868;748.3147472
TM02-1895-514-38DGM;4;180.7370364;722.9481456
GTV-1895-510-45W;2;161.7120852;323.4241704
GTV-1885-510-45W;2;155.3704348;310.7408696
13002-AT001;1;411.8924288;411.8924288
23009-AN010;1;141.5880224;141.5880224
AC-570-DPHS;1;252.56;252.56
AC-SVJ-DPHS;1;373.92;373.92
AC-LP7-DP;1;303.4;303.4
AC-250-MP;8;81.18;649.44
CI100067;11;459.1754;5050.9294
T4100004;2;2008.9754;4017.9508
ALP.07.07.0002-5;2;430.4754;860.9508
EVE-F60-306-INT;1;642.06;642.06
XA18950+4005GMB;8;162.368118;1298.944944
XA18850+4405GDK;4;156.354484;625.417936
EVE-1046-FTR;2;40.795;81.59
CTS-IT-962;5;90.6018;453.009
CTS-SUS-0012R;1;122.9918;122.9918
CTS-SUS-0010R;2;122.9918;245.9836
CTS-SUS-0011R;2;122.9918;245.9836
CTS-IT-963;6;245.9918;1475.9508
CTS-HW-547;2;239.8418;479.6836
CTS-HS-360;4;79.9418;319.7672
CTS-IT-945;8;221.3918;1771.1344
CTS-TR-1057;2;1033.1918;2066.3836
EVE-G63AMG-CF-INT;1;1569.48;1569.48
KT4059;2;682.2646;1364.5292
VWR610011;4;187.41484088;749.65936352
VWR610010;4;187.41484088;749.65936352
VWR610008;4;187.41484088;749.65936352
VWR610009;4;187.41484088;749.65936352
06588854220PG;4;334.030034;1336.120136
06588953821PG;4;341.137056;1364.548224
57848953895SB;4;162.368118;649.472472
58368953836OXZ;4;186.969348;747.877392
58368854596OXZ;2;180.40902;360.81804
58368953896OXZ;2;186.969348;373.938696
06248953836MM;4;326.923012;1307.692048
05399952205PG;2;358.904611;717.809222
05399051205PG;2;366.011633;732.023266
06439952321PR;2;376.672166;753.344332
06439053421PR;2;383.779188;767.558376
EVE-F12-CF-INT;1;1328.4;1328.4
IMS-8Y-ECCB-3;2;584.2418;1168.4836
MS100185;1;307.4672;307.4672
ATMSVAG20;1;254.9720136;254.9720136
VWR120005;2;115.95831888;231.91663776
SFD090B;4;30.75;123
114BT092J;1;754.43772;754.43772
199-N007;2;88.564428;177.128856
145-H003;2;190.249512;380.499024
330117R;1;92.0614;92.0614
280-T001;3;147.60738;442.82214
280-T002;3;147.60738;442.82214
SBMMP073;1;340.095;340.095
VWR140013;6;181.70778356;1090.24670136
201-5404;1;97.744;97.744
201-4704;1;168.5428;168.5428
R-BMW-024-I;1;396.06;396.06
SUS00027;3;172.1918;516.5754
PK457;3;430.5;1291.5
FMTIA13-BLA;1;86.87409476;86.87409476
80310-AN001;1;1291.89606;1291.89606
24999-AZ001;6;81.09132192;486.54793152
24999-AT004;1;67.12180848;67.12180848
1301-RT066;1;839.8744056;839.8744056
53001-AT027;1;238.503888;238.503888
E25-20-057-01-22;2;333.125;666.25
CTS-EXH-DP-0023;2;132.8318;265.6636
IMS-8V8S-UPB;14;44.2718;619.8052
IMS-8V8S-BFMS-B;1;172.1918;172.1918
TP-CT/79;1;977.85;977.85
S-BM/T/37H;1;2644.5;2644.5
9-437-7290;9;270.149;2431.341
IMS-8V8S-ECCB-3;1;584.2418;584.2418
ATINTHYU3;3;304.83068352;914.49205056
IMS-8Y-ECCB-2;2;467.3918;934.7836
ATMSHON13;2;26.66132748;53.32265496
XA19850+3805HMB;8;177.402203;1419.217624
XA17700+5005CDK;4;93.484674;373.938696
9-437-7220;2;193.479;386.958
SVWX054;2;335.6342;671.2684
PP2114;3;13.5464;40.6392
VWR190009;3;44.70055012;134.10165036
EVE-B48A20-CF-INT;1;654.36;654.36
SBM012;1;328.7872;328.7872
AC-XM-DPHS;6;200.9;1205.4
25-103BK;2;88.806;177.612
25-300BK;2;87.1086;174.2172
MS100100;2;344.3918;688.7836
"F5 458 03";1;713.4;713.4
22004-AH001;4;109.71178848;438.84715392
60FO11;1;228.165;228.165
SBMC102;2;152.8316;305.6632
AC-F97-UDT;6;90.2;541.2
MMTS-SPT-71;2;5.7728;11.5456
MMTS-CIV-06;2;27.06;54.12
MMWHS-38-BK;1;12.177;12.177
MMRC-13L;2;10.373;20.746
MMFAN-12HD;1;70.807;70.807
AC-B58-IT;19;53.3;1012.7
AC-B58-IND;6;13.12;78.72
ATMSYGR32;2;277.9706028;555.9412056
ATINTYGR3;2;332.88328368;665.76656736
ATMSYGR30;3;62.1813708;186.5441124
SILKGR9A7ES;42;10.9552;460.1184
EVE-G8XMV2-CFM-INT;1;1303.8;1303.8
SSTC009;1;175.1602;175.1602
FMINT25-WSRB;1;480.76515868;480.76515868
AC-S55-UDT;16;90.2;1443.2
AC-B9RS-IC;1;373.92;373.92
AC-C6RS-IC;1;316.52;316.52
AC-G8x-UDT;13;90.2;1172.6
AC-F9x-UDT;1;90.2;90.2
VWR140014;3;14.18719556;42.56158668
ATMSP2082;2;158.7186588;317.4373176
ATIKP2081;1;112.7214804;112.7214804
ATMSP2083;3;79.2173628;237.6520884
AC-20D-EDV;5;16.4;82
AC-N54-CHA;8;2.46;19.68
L-PO/SS/4;1;2863.2186;2863.2186
FMDV50;2;113.56381556;227.12763112
092.100.600.009G;1;814.506;814.506
092.121.320.009G;1;599.83;599.83
092300300009;3;166.46;499.38
092350007009;1;118.08;118.08
092.200.180.009;1;909.872;909.872
AC-S58-TP;1;143.5;143.5
E25-85-051-20-22;5;317.135;1585.675
E25-85-051-17-22;1;317.135;317.135
E25-85-051-19-22;3;317.135;951.405
AC-6LD-IC;9;200.9;1808.1
ATMSHON14;2;229.10569908;458.21139816
ATMSHON10;3;147.03953984;441.11861952
ATMSHON12;3;168.07898996;504.23696988
S1-1-14-25-43-17-B;61;1.23;75.03
E10-82-092-02-22;1;110.536;110.536
E10-57-007-01-22;2;113.816;227.632
43005-AT001;1;691.850564;691.850564
31029-AT017;1;1015.06119;1015.06119
Z1004081;48;14.3172;687.2256
D640-0001;48;11.4472;549.4656
D640-0002;48;11.4472;549.4656
PK454FULL;1;348.336;348.336
PK454BP;1;87.084;87.084
MMRAD-GRC-23;3;232.265;696.795
R-VW-008-I;1;220.58;220.58
R-AUD-012-I;1;451;451
R-AUD-013-I;1;346.45;346.45
R-BMW-012-I;1;330.05;330.05
R-FOR-010-I;2;273.47;546.94
C-HON-003UL;1;676.5;676.5
C-MIN-002;1;741.28;741.28
R-MIT-EN24-006;1;246.41;246.41
R-MIT-002-I;1;246.41;246.41
C-MIT-004L;1;697;697
C-MIT-003L;1;697;697
C-NIS-001L;1;741.28;741.28
R-NIS-002-I;1;246.41;246.41
R-NIS-006-I;1;418.2;418.2
C-SUB-002UL;1;697;697
C-TOY-005L;1;1250.5;1250.5
R-HON-006HL;1;213.61;213.61
C-AUD-EN40B-007;1;1229.59;1229.59
R-HON-010HL;1;213.61;213.61
814-N501;1;170.568528;170.568528
814-T401;2;111.525576;223.051152
410-A001;5;59.042952;295.21476
417-A014;2;19.680984;39.361968
417-A018;1;19.680984;19.680984
417-A022;1;19.680984;19.680984
417-A010;1;19.680984;19.680984
ECA1578P;2;127.9528;255.9056
ECA1578WR;2;127.9528;255.9056
ECA1576-RD;3;116.2104;348.6312
SP6062BLK;2;138.2848;276.5696
SP6080P;2;189.3298;378.6596
SP6080WB;2;189.3298;378.6596
SP1899P;4;266.8526;1067.4104
SP1899BLK;4;266.8526;1067.4104
SP1995BLK;3;299.5214;898.5642
SP1995P;1;299.5214;299.5214
SP1987BLK;1;282.8344;282.8344
ESR374WB;1;116.604;116.604
ESR374WR;5;116.604;583.02
SP3078P;2;123.4838;246.9676
SP3078BLK;13;123.4838;1605.2894
SP1202WR;1;149.1908;149.1908
SP1204BLK;1;131.5198;131.5198
SP1204WR;1;131.5198;131.5198
SP1230WB;4;159.2358;636.9432
SP1230WR;2;159.2358;318.4716
ESR920BK;4;78.7364;314.9456
SP1986BLK;6;162.0484;972.2904
SP1986P;3;162.0484;486.1452
SP1206BLK;5;147.641;738.205
SP1206WR;4;147.641;590.564
FMMK5CTC;3;254.30003836;762.90011508
FMMK5CT;4;209.33448392;837.33793568
FMKT010-RED;2;120.26463908;240.52927816
FMKT010-BLU;1;120.26463908;120.26463908
MMHOSE-S2K-00BK;2;59.41925;118.8385
MMHOSE-S2K-00BL;2;59.41925;118.8385
MMHOSE-S2K-00RD;2;59.41925;118.8385
MMHOSE-SUB-IHBK;3;105.534;316.602
MMHOSE-SUB-IHRD;2;105.534;211.068
MMHOSE-SUB-IHBL;2;105.534;211.068
FMFK054-BLU;2;70.73722456;141.47444912
MMOCC-LAWBK;1;48.708;48.708
MMOCC-LAWRD;3;48.708;146.124
MMOCC-LA;1;48.708;48.708
MMAI-STI-08WBK;1;150.6668;150.6668
MMAI-STI-15WBK;2;123.82;247.64
MMAI-STI-15WRD;1;123.82;123.82
MMRT-WRX-01E;1;70.8152;70.8152
MMOCC-SA;1;48.708;48.708
MMOCC-SAWRD;1;48.708;48.708
MMOCC-SAWBK;2;48.708;97.416
MMRT-PSA;1;41.041;41.041
MMRT-PSAWRD;2;41.041;82.082
MMRT-PSAWBK;3;41.041;123.123
MMRT-CAWRD;2;38.335;76.67
MMOC-STI-08T;3;211.314;633.942
FMIND5R32-RED;2;176.31305276;352.62610552
FMIND5R32-BLU;3;176.31305276;528.93915828
FMIND15-BLU;2;206.97783836;413.95567672
FMINDK4-RED;1;244.2298742;244.2298742
FMIND5R32-BLA;2;176.31305276;352.62610552
FMIND15-RED;2;206.97783836;413.95567672
MMOC-MUS4-15T;1;262.5722;262.5722
MMRS-STI-08-BL;1;11.275;11.275
MMHOSE-SUB-ANCBK;2;82.984;165.968
MMHOSE-SUB-ANCRD;4;82.984;331.936
MMBCC-MIA-16PBE;3;114.103;342.309
MMBCC-MIA-16PBE-BL;1;114.103;114.103
MMHOSE-TT-99BL;1;29.0444;29.0444
MMHOSE-TT-99RD;2;29.0444;58.0888
MMHOSE-AUD-TBBL;2;26.158;52.316
MMHOSE-AUD-TBRD;3;26.158;78.474
MMHOSE-AUD-TBBK;3;26.158;78.474
MMHOSE-S4-97TBL;3;167.0094;501.0282
MMHOSE-S4-97TBK;1;167.0094;167.0094
MMHOSE-E36-92RD;2;42.6892;85.3784
MMHOSE-E36-92BK;5;42.6892;213.446
MMHOSE-E46-99BL;2;45.1;90.2
MMHOSE-E46-99RD;1;45.1;45.1
MMHOSE-E46-99BK;5;45.1;225.5
MMHOSE-E46-01IRD;1;38.84914;38.84914
MMHOSE-E46-01IBK;2;38.84914;77.69828
MMHOSE-FIST-14IHBL;2;38.8434;77.6868
MMHOSE-MUS4-15BL;1;55.596;55.596
MMHOSE-MUS4-15RD;1;55.596;55.596
MMHOSE-MUS4-15BK;2;55.596;111.192
MMHOSE-CIV-92B16BL;1;44.3948;44.3948
MMHOSE-CIV-92B16RD;2;44.3948;88.7896
MMHOSE-CIV-92B16BK;2;44.3948;88.7896
MMHOSE-CIV-02SIBK;2;41.041;82.082
MMHOSE-CIV-06BK;1;41.041;41.041
MMHOSE-INT-97RD;1;13.776;13.776
MMHOSE-MS3-07BL;1;96.9158;96.9158
MMHOSE-MS3-07BK;2;96.9158;193.8316
MMHOSE-MS3-10BL;1;71.463;71.463
MMHOSE-MS3-10RD;1;71.463;71.463
MMHOSE-MS3-10BK;3;71.463;214.389
MMHOSE-MIA-90BL;2;41.4264;82.8528
MMHOSE-MIA-90RD;2;41.4264;82.8528
MMHOSE-MIA-90BK;2;41.4264;82.8528
MMHOSE-MIA-94BL;2;38.6958;77.3916
MMHOSE-MIA-94RD;3;38.6958;116.0874
MMHOSE-MIA-94BK;3;38.6958;116.0874
MMHOSE-MIA-99BL;2;56.375;112.75
MMHOSE-MIA-99BK;2;56.375;112.75
MMHOSE-RX8-03BL;3;48.5604;145.6812
MMHOSE-RX8-03RD;1;48.5604;48.5604
MMHOSE-RX8-03BK;1;48.5604;48.5604
MMHOSE-TINY-07BL;1;101.024;101.024
MMHOSE-TINY-07RD;1;101.024;101.024
MMHOSE-TINY-07BK;1;101.024;101.024
MMHOSE-EVO-8BL;1;35.0058;35.0058
MMHOSE-EVO-8RD;1;35.0058;35.0058
MMHOSE-EVO-8BK;3;35.0058;105.0174
MMHOSE-EVO-XBOVBL;1;54.12;54.12
MMHOSE-EVO-XBOVRD;2;54.12;108.24
MMHOSE-EVO-9BL;1;42.3858;42.3858
MMHOSE-EVO-9RD;2;42.3858;84.7716
MMHOSE-EVO-9BK;2;42.3858;84.7716
TFSI4xx-BK;72;0.82;59.04
TFSI4xx-RD;95;0.82;77.9
TFSI4xx-W;86;0.82;70.52
MMHOSE-240SX-SRBL;1;29.028;29.028
MMHOSE-240SX-SRRD;2;29.028;58.056
MMHOSE-240SX-SRBK;2;29.028;58.056
FMACVAG01;6;83.25867868;499.55207208
MMHOSE-350Z-03IHBL;2;48.257;96.514
MMHOSE-350Z-03IHBK;3;48.257;144.771
MMHOSE-350Z-03BL;1;54.2184;54.2184
MMHOSE-350Z-03RD;1;54.2184;54.2184
MMHOSE-350Z-03BK;3;54.2184;162.6552
MMHOSE-Z33-HRBL;1;47.3796;47.3796
MMHOSE-Z33-HRRD;1;47.3796;47.3796
MMHOSE-Z33-HRBK;1;47.3796;47.3796
MMHOSE-370Z-09BL;1;29.2166;29.2166
MMHOSE-370Z-09RD;2;29.2166;58.4332
MMHOSE-370Z-09BK;2;29.2166;58.4332
MMHOSE-370Z-09AIBL;1;74.28421;74.28421
MMHOSE-370Z-09AIBK;1;74.28421;74.28421
MMHOSE-SUB-INT6BL;2;53.5706;107.1412
MMHOSE-SUB-INT6RD;1;53.5706;53.5706
MMHOSE-SUB-INT6BK;2;53.5706;107.1412
MMHOSE-WRX-01BL;2;59.532;119.064
MMHOSE-WRX-01RD;2;59.532;119.064
MMHOSE-WRX-01BK;1;59.532;59.532
MMHOSE-STI-08BL;2;54.571;109.142
MMHOSE-STI-08RD;1;54.571;54.571
MMHOSE-STI-08BK;3;54.571;163.713
MMHOSE-SUB-INTBL;1;46.1906;46.1906
MMHOSE-SUB-INTRD;2;46.1906;92.3812
MMHOSE-SUB-INTBK;5;46.1906;230.953
MMHOSE-BRZ-13BK;2;67.9288;135.8576
MMHOSE-BRZ-13IRD;1;69.905;69.905
MMHOSE-BRZ-13IBL;1;69.905;69.905
MMHOSE-BRZ-13IBK;1;69.905;69.905
MMHOSE-GLF-99BL;2;119.064;238.128
MMHOSE-GLF-99BK;1;119.064;119.064
MMHOSE-GLF-95BL;1;117.6864;117.6864
MMHOSE-GLF-95RD;4;117.6864;470.7456
MMHOSE-GLF-95BK;3;117.6864;353.0592
FMFOCSTDV-BLA;2;96.00727936;192.01455872
FMFOCSTDV-BLU;3;96.00727936;288.02183808
FMFOCSTDV-RED;2;96.00727936;192.01455872
MMRT-MUS-15E;1;92.455;92.455
MMRT-MUS-15EBK;4;92.455;369.82
MMRT-FIST-14EBK;4;96.514;386.056
MMRT-FIST-14E;2;96.514;193.028
MMRT-STI-08;1;82.3116;82.3116
MMHOSE-E36-92IBBL;3;27.7898;83.3694
MMHOSE-E36-92IBRD;3;27.7898;83.3694
MMHOSE-E36-92IBBK;3;27.7898;83.3694
FMKTRC-BLU;1;128.1958398;128.1958398
FMKTRC-RED;1;128.1958398;128.1958398
ME-MIN/SS/2H+TP-MINR56/57-CA;1;1054.3478;1054.3478
ESR1581WB;3;136.3496;409.0488
ESR916WB;1;129.5928;129.5928
ESR916WR;3;129.5928;388.7784
SP1989BLK;1;294.9048;294.9048
SP1898P;2;229.7066;459.4132
SP1898BLK;3;229.7066;689.1198
MMSK-BK;4;17.6546;70.6184
MMSK-SL;2;17.6546;35.3092
MMAI-MIA-16WBK;1;181.753;181.753
MMAI-MIA-16WRD;3;181.753;545.259
MMAI-MIA-16P;1;181.753;181.753
MMAI-MK7-15P;1;141.3106;141.3106
MMAI-MK7-15WRD;1;141.3106;141.3106
FMINDP14-RED;3;174.24980484;522.74941452
FMINDP14-BLA;2;174.24980484;348.49960968
FMINDP14-BLU;2;174.24980484;348.49960968
FMINTRCT-BLA;1;406.024476;406.024476
FMINTRCT-BLU;1;406.024476;406.024476
MMHOSE-SUB-ANC4BK;2;56.3504;112.7008
MMHOSE-SUB-ANC4BL;2;56.3504;112.7008
MMHOSE-SUB-ANC4RD;2;56.3504;112.7008
TTE500+;2;1748.24;3496.48
TTE475;2;1229.2702;2458.5404
"TTE340 1.8T";2;880.0568;1760.1136
"TTE360 1.8T";2;1012.4622;2024.9244
ECA913BK;6;114.8328;688.9968
ECA913P;2;114.8328;229.6656
SP6010BLK;5;131.6674;658.337
SP6010P;1;131.6674;131.6674
FMWS3;3;21.9101786;65.7305358
FMWS5;4;27.53205596;110.12822384
FMWS8;5;26.63293416;133.1646708
FMWS11;1;32.3683848;32.3683848
FMWS16;5;20.32961712;101.6480856
FMWS20;4;25.54452356;102.17809424
MMRAD-WRX-01;6;145.673;874.038
FMDV008-BLA;5;93.25312732;466.2656366
FMDV008-MAT;6;93.25312732;559.51876392
FMSS114-GRE;10;4.5429312;45.429312
FMSS114-YEL;2;4.5429312;9.0858624
FMSS114-BLU;7;4.5429312;31.8005184
FMSS114-RED;3;4.5429312;13.6287936
FMTVTUN;3;4.5429312;13.6287936
FMIND32A3-RED;2;146.57578228;293.15156456
FMIND32A3-BLA;1;146.57578228;146.57578228
FMIND32A3-BLU;2;146.57578228;293.15156456
VWR12G7R600ITBLA;46;52.30049544;2405.82279024
VWR12G7R600ITBLU;13;52.30049544;679.90644072
VWR12G7R600ITRED;10;52.30049544;523.0049544
FMDVMK7A-ALL;2;127.33457576;254.66915152
FMDVMK7A-BLA;2;127.33457576;254.66915152
FMFSITVR-POL;5;127.33457576;636.6728788
FMFSITVR-BLK;1;127.33457576;127.33457576
MMTD-SUB-BK;1;27.552;27.552
MMTD-SUB-BL;2;27.552;55.104
MMTD-SUB-RD;2;27.552;55.104
MMTD-SUB-PK;1;27.552;27.552
MMLG-15-20LBL;2;37.4822;74.9644
MMLG-15-20LRD;3;37.4822;112.4466
MMLG-15-20LSL;5;37.4822;187.411
MMLG-125-20LBK;2;32.472;64.944
MMLG-125-20LBL;3;32.472;97.416
MMAI-MIN-14P;1;128.494;128.494
MMAI-MIN-14WBK;1;128.494;128.494
MMAI-MIN-14WRD;2;128.494;256.988
MMOFC-HN-HOONRD;2;22.7878;45.5756
MMOFC-HN-HOONSL;1;22.7878;22.7878
MMAI-BRZ-13BBK;1;161.909;161.909
MMAI-BRZ-13BBL;1;161.909;161.909
MMOFC-SUB-HOONRD;1;21.7956;21.7956
MMOFC-MITS-HOONSL;1;23.165;23.165
MMOFC-HN-RD;1;20.1064;20.1064
MMOFC-HN-BK;1;20.1064;20.1064
MMOFC-SUB-BK;2;19.721;39.442
MMOFC-SUB-PK;2;19.721;39.442
MMOFC-MAZ-RD;1;18.04;18.04
MMOFC-MAZ-BK;1;18.04;18.04
"TTE420 TSI";1;1422.4622;1422.4622
MMICP-FIST-14CWBK;5;110.946;554.73
MMICP-FIST-14CP;5;110.946;554.73
MMICP-FIST-14HWBK;3;80.729;242.187
MMICP-FIST-14HP;5;80.729;403.645
FMACMUST23;1;68.0020014;68.0020014
FMACVAG03G;4;88.73858944;354.95435776
FMACST250;1;108.15962032;108.15962032
FMAC2SUB;2;92.72311868;185.44623736
FMAC7SUB;2;87.67857216;175.35714432
FMAC4SUB;4;103.01096496;412.04385984
FMACAVXR;5;110.32697708;551.6348854
FMACCVXR;3;103.01096496;309.03289488
FMACFRS2;4;88.729125;354.9165
FMACFRS3;1;67.0082352;67.0082352
TTE740+;1;2149.3676;2149.3676
FMACMEG;2;110.33644152;220.67288304
FMACST;3;110.33644152;331.00932456
FMACTTRS;1;82.85170776;82.85170776
FMACVAG05;3;88.729125;266.187375
MMOC-EVO-01BK;3;243.54;730.62
MMOC-EVO-01;4;243.54;974.16
FMACVAG06;15;86.99713248;1304.9569872
FMACVAG08;8;88.729125;709.833
FMACVXRJ;1;108.15962032;108.15962032
FMEVACT;1;120.17945912;120.17945912
FMIND3RCTY-BLA;1;106.34244784;106.34244784
FMIND3RCTY-BLU;1;106.34244784;106.34244784
FMIND3RCTY-RED;1;106.34244784;106.34244784
FMINT4-ACC;3;825.37488352;2476.12465056
FMINT4;1;825.37488352;825.37488352
FMDVC200A-BLA;1;110.66769692;110.66769692
FMDVC200A-BLU;4;110.66769692;442.67078768
FMDVC200A-RED;2;110.66769692;221.33539384
"TTE300 MINI";2;964.2216;1928.4432
TTE650;1;1463.7;1463.7
FMDVRMA-BLA;1;111.29234996;111.29234996
FMDVRMA-BLU;2;111.29234996;222.58469992
FMDVRMA-RED;2;111.29234996;222.58469992
FMDVMK7R-ALL;4;125.167219;500.668876
FMDVMK7R-BLA;5;125.167219;625.836095
FMINLST180-BLU;3;51.18369152;153.55107456
FMINLST180-RED;3;51.18369152;153.55107456
FMINLST180-BLA;2;51.18369152;102.36738304
FMKTR56-RED;2;64.52855192;129.05710384
FMKTR56-BLA;3;64.52855192;193.58565576
FMKTR56-BLU;2;64.52855192;129.05710384
FMR56RDH-BLA;1;84.943349;84.943349
FMR56RDH-BLU;2;84.943349;169.886698
FMAC5SUB;1;87.67857216;87.67857216
FMACEV10;1;126.18937852;126.18937852
FMTT225-BLA;1;260.35727996;260.35727996
SES1116ICPWB;1;241.2686;241.2686
FMHPRM-BLA;1;114.73740612;114.73740612
FMFK054-RED;2;70.73722456;141.47444912
FMAM-B2;3;28.23242452;84.69727356
FMAM-B3;5;28.23242452;141.1621226
FMINDS5-RED;2;60.74277592;121.48555184
FMINDS5-BLU;2;60.74277592;121.48555184
FMINDS5-BLA;3;60.74277592;182.22832776
FMKTICTB-RD;3;53.41729936;160.25189808
FMKTICTB-BL;3;53.41729936;160.25189808
FMKTICTB-BK;3;53.41729936;160.25189808
FMDVHR35-RD;2;17.57546508;35.15093016
FMMKV1-BLU;1;24.72111728;24.72111728
SP9003WB;2;170.232;340.464
SP9003P;1;170.232;170.232
FMDV8PS3-BLA;1;130.59980756;130.59980756
FMDVC200R-BLA;1;105.40546828;105.40546828
FMDVC200R-BLU;2;105.40546828;210.81093656
FMDV008PA-ALL;5;93.25312732;466.2656366
FMDV008PA-BLA;2;93.25312732;186.50625464
FMDVHFTFSI-BL;1;195.11889504;195.11889504
FMDVHFTFSI-BK;1;195.11889504;195.11889504
FMRS250IND-BLA;1;65.52231812;65.52231812
FMRS250IND-BLU;1;65.52231812;65.52231812
FMRS250IND-RED;1;65.52231812;65.52231812
FMCCHMK5-BLA;2;26.77490076;53.54980152
FMCCHMK5-BLU;2;26.77490076;53.54980152
FMCCHMK5-RED;1;26.77490076;26.77490076
FMKT008-BLA;2;105.1499284;210.2998568
FMKT008-BLU;1;105.1499284;105.1499284
FM225AH-BLA;1;28.62046656;28.62046656
FM225AH-BLU;3;28.62046656;85.86139968
FM225AH-RED;3;28.62046656;85.86139968
FMKTMK7-BLA;2;137.3763466;274.7526932
FMKTMK7-BLU;2;137.3763466;274.7526932
FMKTMK7-RED;3;137.3763466;412.1290398
FMKT024-BLU;2;131.7450048;263.4900096
FMKT024-RED;3;131.7450048;395.2350144
FMKCR56-BLA;1;174.41070032;174.41070032
FMKCR56-BLU;1;174.41070032;174.41070032
FMKCR56-RED;2;174.41070032;348.82140064
SP9003SE;3;170.232;510.696
FMKCMK7-BLU;1;63.411748;63.411748
FMKCMK7-RED;1;63.411748;63.411748
FMKC005-BLA;1;130.372661;130.372661
FMKC005-BLU;2;130.372661;260.745322
FMKT022-BK;1;18.92888;18.92888
FMKCTT225-BLA;1;189.01433124;189.01433124
FMRMIND-BLU;3;30.69317892;92.07953676
FMRMIND-RED;1;30.69317892;30.69317892
FMANC1-BLA;2;28.60153768;57.20307536
FMANC1-BLU;4;28.60153768;114.40615072
FMANC1-RED;4;28.60153768;114.40615072
FM225CC-BLA;4;19.7806796;79.1227184
FM225CC-BLU;1;19.7806796;19.7806796
FM225CC-RED;3;19.7806796;59.3420388
FMBH18T-BLA;2;55.21554296;110.43108592
FMBH18T-BLU;4;55.21554296;220.86217184
FMBH18T-RED;2;55.21554296;110.43108592
FMTTBH-;1;27.60777148;27.60777148
FMBAVXR-RED;5;16.9886698;84.943349
FMKT007-RD;1;62.465304;62.465304
FMINLCVXR-BLU;2;69.78131612;139.56263224
FMINLCVXR-RED;1;69.78131612;69.78131612
FM225IND-BLU;2;125.39436556;250.78873112
FM225IND-RED;2;125.39436556;250.78873112
FMMK7INDH-BLA;5;44.20839924;221.0419962
FMMK7INDH-BLU;2;44.20839924;88.41679848
FMMK7INDH-RED;4;44.20839924;176.83359696
FMBH2-RED;1;13.94112012;13.94112012
FMR56IND-BLA;1;76.0940976;76.0940976
FMR56IND-BLU;1;76.0940976;76.0940976
FMR56IND-RED;1;76.0940976;76.0940976
FMINDIBFR4-BLA;1;97.18086992;97.18086992
FMINDIBFR4-BLU;3;97.18086992;291.54260976
FMINDIBFR4-RED;2;97.18086992;194.36173984
FMGOLFIND-BLA;1;115.7501012;115.7501012
FMGOLFIND-BLU;1;115.7501012;115.7501012
FMGOLFIND-RED;1;115.7501012;115.7501012
FMRMBHT-BLA;2;26.69918524;53.39837048
FMRMBHT-BLU;1;26.69918524;26.69918524
FMRMBHT-RED;2;26.69918524;53.39837048
FMRMBHS-BLU;3;24.54129292;73.62387876
FMRMBHS-RED;1;24.54129292;24.54129292
FM225CCH-BLA;6;30.01173924;180.07043544
FM225CCH-BLU;1;30.01173924;30.01173924
FM225CCH-RED;2;30.01173924;60.02347848
FMPOLOTB-BLU;2;38.69063072;77.38126144
FM225TBH-BLA;1;16.68580772;16.68580772
FM225TBH-BLU;3;16.68580772;50.05742316
FM225TBH-RED;3;16.68580772;50.05742316
FM225SH-BLA;3;16.56277;49.68831
FM225SH-BLU;2;16.56277;33.12554
FMTTUHOSE-;3;17.2252808;51.6758424
FMINLS1-BLA;2;45.27788096;90.55576192
FMINLS1-BLU;2;45.27788096;90.55576192
FMDVSU110-GRE;14;4.45775124;62.40851736
FMDVSU110-YEL;9;4.45775124;40.11976116
FMDVSU110-BLU;5;4.45775124;22.2887562
MMOC-RS-16TBK;2;373.1164;746.2328
MMOC-RS-16TSL;3;373.1164;1119.3492
MMHOSE-RS-16RD;1;82.861;82.861
MMHOSE-RS-16NB;2;82.861;165.722
MMHOSE-RS-16BK;2;82.861;165.722
MMHOSE-FOST-13RD;1;48.6752;48.6752
UAP3A8VX;2;127.9856;255.9712
U3P3A8VX;5;170.7896;853.948
LAP3VGT4;3;110.864;332.592
LAP3VGT5;4;110.864;443.456
L3P3VGT5;3;166.5092;499.5276
L3P3VGT7;3;166.5092;499.5276
LAP3VGT6;1;110.864;110.864
L3P3VSE3;2;166.5092;333.0184
LAP3VSE3;2;108.9124;217.8248
UAP3A8JX;7;110.864;776.048
vP3AB5X;4;126.4358;505.7432
bP3AB5X;2;127.9364;255.8728
L3P3AB7X;2;166.5092;333.0184
LAP3AB7X;2;110.864;221.728
L3P3AB8X;1;166.5092;166.5092
LAP3AB8X;3;110.864;332.592
UAP3A1TX;3;110.864;332.592
L3P3BE8X;3;166.5092;499.5276
AP3BE8X;2;110.864;221.728
LAP3BE9X;1;123.7052;123.7052
L3P3BE6X;3;166.5092;499.5276
LAP3BE6X;2;110.864;221.728
U3P3FFI7;2;166.5092;333.0184
UAP3FFI7;4;110.864;443.456
U3P3FMS6;2;123.1804;246.3608
UAP3FMS6;2;123.1804;246.3608
UvP3SLE1;2;170.7896;341.5792
UAP3SLE1;2;115.1444;230.2888
U3P3SLE2;3;127.92;383.76
UAP3SLE2;3;123.1804;369.5412
LAP3SFRX;2;110.864;221.728
JSK-126-BL;2;207.66874248;415.33748496
MMHOSE-MIA-16BL;2;67.65;135.3
MMHOSE-MIA-16RD;1;67.65;67.65
MMHOSE-MIA-16BK;2;67.65;135.3
SP9001BLK;4;179.0798;716.3192
SP9001P;5;179.0798;895.399
VWRM026-XL;31;4.73222;146.69882
VWRM025-XL;37;9.0858624;336.1769088
VWRM012-XL;20;18.92888;378.5776
RIP-180-RD;2;41.99372028;83.98744056
RIP-180-BK;2;41.99372028;83.98744056
RIP-180-BL;2;41.99372028;83.98744056
VWR49G700;3;109.22910204;327.68730612
VWR49G701;2;109.22910204;218.45820408
TTE350+;1;944.6892;944.6892
SH-6-BL;3;1.5416;4.6248
SH-6-RD;48;1.5416;73.9968
SH-8-BL;26;1.5416;40.0816
SH-10-BL;2;1.5416;3.0832
SH-10-RD;14;1.5416;21.5824
MZ11YTP16;2;437.66409892;875.32819784
FMKC010-BLA;1;148.39295476;148.39295476
MMOC-WRX-06TBK;2;241.285;482.57
MMOC-WRX-06T;2;241.285;482.57
MMOC-WRX-06BK;2;216.9228;433.8456
JSK-123-BL;3;132.028938;396.086814
JSK-123-RD;4;132.028938;528.115752
MMINT-STI-08SL;1;523.9144;523.9144
MMOC-S2K-00T;3;264.737;794.211
MMINT-WRX-01SL;1;483.3244;483.3244
MMRAD-STI-08;1;164.164;164.164
MMINT-E90-07;1;321.563;321.563
MMINT-E90-07B;3;321.563;964.689
MMAI-BRZ-13BRD;1;161.909;161.909
MMRAD-MIA-90;4;132.143;528.572
MMRAD-MIA-90X;1;141.3024;141.3024
MMRAD-S14-95SR;4;120.417;481.668
MMRAD-S14-95SRX;2;136.0216;272.0432
MMAI-BRZ-13WBK;1;148.13997;148.13997
MMAI-BRZ-13P;3;148.13997;444.41991
LAP3M58X;3;115.1444;345.4332
MMRT-RS-16EBK;3;112.75;338.25
MMRT-RS-16EWBL;2;112.75;225.5
MMRT-RS-16EWRD;2;112.75;225.5
MMHOSE-S2K-00IHRD;1;51.2254;51.2254
MMHOSE-S2K-00IHBL;2;51.2254;102.4508
MMHOSE-S2K-00IHBK;1;51.2254;51.2254
MMAI-RS-16WBK;5;207.9028;1039.514
MMAI-RS-16WBL;5;207.9028;1039.514
MMOC-WRX-01TBK;2;190.7074;381.4148
MMOC-WRX-01T;3;190.7074;572.1222
MMOC-STI-15TBK;2;243.54;487.08
FMACST180;1;74.37156952;74.37156952
MMHOSE-MS3-07TIHBL;1;75.3334;75.3334
MMHOSE-MS3-07TIHRD;2;75.3334;150.6668
"TTE350 1.8T";1;944.23;944.23
SP1583P;4;194.3892;777.5568
SP1583BLK;5;194.3892;971.946
SP1583WR;6;194.3892;1166.3352
MMBCC-CTR-17PBEBK2;3;103.73;311.19
FMBKS38V-BLA;1;1612.503965;1612.503965
CTS-HW-266-180;5;154.2338;771.169
CTS-HW-266-187;10;154.2338;1542.338
MMOC-BRZ-13;1;305.3188;305.3188
FMRLH-BLA;2;40.697092;81.394184
ATINTVAUX10;1;327.44123068;327.44123068
ATINTVAUX10-BL;2;327.44123068;654.88246136
SP9002BLK;4;151.536;606.144
ATINTVAG10;6;311.853298;1871.119788
ATINTVAG10-BL;2;311.853298;623.706596
ATINTVAG10-RD;2;311.853298;623.706596
ATINTVAUX5-BL;1;473.99808408;473.99808408
MMSK-TDP-BK;2;36.1456;72.2912
MMSK-TDP-WH;2;36.1456;72.2912
ATINTVAG14;2;361.00213492;722.00426984
ATINTVAG14-BL;2;361.00213492;722.00426984
ATINTVAG14-RD;2;361.00213492;722.00426984
20FO33001-RD;2;646.7586;1293.5172
20VW33006X-BL;3;705.4296;2116.2888
20VW33006X-RD;2;643.2162;1286.4324
20AU33006X-RD;2;643.2162;1286.4324
20SB33005X-RD;1;679.0707;679.0707
20SE33020X-RD;1;689.1608;689.1608
20RE33001X-RD;1;689.1608;689.1608
20OP33003X-BL;1;755.8104;755.8104
20MA33002-RD;1;602.126;602.126
20AU33002X-RD;2;643.2162;1286.4324
20SE33002X-RD;1;643.2162;643.2162
20MN33002X-RD;2;643.21866;1286.43732
MMINT-RS-16BK;4;383.35;1533.4
MMINT-RS-16SL;1;383.35;383.35
FMKT005-BLA;1;113.9045354;113.9045354
FMKT005-RED;2;113.9045354;227.8090708
AC-KC-FO-01-RD;10;4.1;41
AC-KC-FO-01-BL;8;4.1;32.8
AC-KC-FO-02-RD;9;4.1;36.9
AC-KC-FO-02-BK;18;4.1;73.8
AC-KC-FO-03-RD;17;4.1;69.7
AC-KC-FO-03-BL;7;4.1;28.7
AC-KC-FO-03-BK;23;4.1;94.3
FMINTF500-BLA-MAN;2;392.83104664;785.66209328
FMINTF500-RED-MAN;1;392.83104664;392.83104664
FMCCSCI-BK;7;2.839332;19.875324
FMCCSCI-RD;3;2.839332;8.517996
FM225CCHA-BLA;3;30.01173924;90.03521772
"TTE550+ AMG";1;1463.7;1463.7
MMHOSE-MUS4-15ANCBK;2;82.3116;164.6232
MMHOSE-MUS4-15ANCRD;2;82.3116;164.6232
MMHOSE-SPY-00BL;1;59.8026;59.8026
MMHOSE-SPY-00RD;2;59.8026;119.6052
MMHOSE-SPY-00BK;2;59.8026;119.6052
VWRM026-S;15;4.73222;70.9833
VWRM026-XXL;9;4.73222;42.58998
VWRM011-XL;90;15.9002592;1431.023328
VWRM007-XS;8;9.0858624;72.6868992
VWRM025-L;11;9.0858624;99.9444864
VWRM025-XS;16;9.0858624;145.3737984
FMINDK26;2;209.09787292;418.19574584
AC-200-CFA-KIT;15;3.9852;59.778
MMOC-350Z-03TBK;8;255.84;2046.72
MMOC-350Z-03T;2;255.84;511.68
RIP-007-BL;10;37.29935804;372.9935804
RIP-007-RD;5;37.29935804;186.4967902
FMKT025;1;51.55280468;51.55280468
FMINLH8-RED;3;125.18614788;375.55844364
VWR800001-SVR;4;23.77467328;95.09869312
VWR652000-RED;2;1227.16875484;2454.33750968
SP1116WR;1;314.7816;314.7816
FD107;2;365.72489048;731.44978096
SST011;2;460.43;920.86
SST011C;1;429.6923;429.6923
SSTS011;3;429.6923;1289.0769
SSTS011C;1;429.6923;429.6923
SFD074;2;281.1698;562.3396
SFDS074;4;263.7571;1055.0284
SVWS041;1;347.27;347.27
SVWS041C;1;384.1208;384.1208
SSTS012C;1;480.8644;480.8644
SST012C;1;354.3138;354.3138
SSTS012;2;429.7046;859.4092
SFDS087;2;453.1238;906.2476
EVE-F56-LCI-CF-INT;5;758.664;3793.32
EVE-F56-CF-INT;4;758.664;3034.656
TTE535;1;1687.7568;1687.7568
MMRT-MIA-16TBK;2;79.8516;159.7032
AC-KC-FO-01-BK;16;4.1;65.6
SVW039;2;317.5286;635.0572
SVWS039;2;266.3114;532.6228
034-108-9003SP;9;46.5268;418.7412
034-108-9003LP;9;46.5268;418.7412
034-108-9003TP;19;55.6452;1057.2588
SAUS045D;1;711.2065;711.2065
SFDS089;2;343.703;687.406
SFDS090;1;267.5578;267.5578
CTS-CC-MK7TSI;5;239.8418;1199.209
CTS-CC-MK7GRS3;11;239.8418;2638.2598
SVWS051;1;281.1616;281.1616
SVWS051C;1;306.7702;306.7702
SVW052;1;243.3924;243.3924
SVWS052C;1;208.5752;208.5752
SVWS052;2;219.0056;438.0112
SRN020;1;264.327;264.327
SRNS020;2;226.894;453.788
FMINLH9-TTE625-LHD;1;142.71429076;142.71429076
FMINLH9-TTE700-LHD;2;142.71429076;285.42858152
SFD084D;1;483.9804;483.9804
SFD085D;1;378.9876;378.9876
SRN022;1;323.9328;323.9328
SRNS022;2;281.1206;562.2412
ATINTVAUX7;1;361.00213492;361.00213492
ATINTVAUX7-BL;1;361.00213492;361.00213492
SMNS010;2;311.682;623.364
SAU040;3;339.3488;1018.0464
SFD066;1;317.6188;317.6188
SHDS016D;1;509.0724;509.0724
FMINLH12-RD;3;36.68416944;110.05250832
FMKC021-BK;4;94.75797328;379.03189312
FMKC021-RD;2;94.75797328;189.51594656
FMKC020-BLA;2;69.87596052;139.75192104
FMKC020-RED;1;69.87596052;69.87596052
FMIHF500-RED;2;79.36879384;158.73758768
FMIHF500-BLA;2;79.36879384;158.73758768
FMIHF500-BLU;2;79.36879384;158.73758768
SBM075;1;783.3788;783.3788
SVW040;1;292.1742;292.1742
SVWS040;4;243.3924;973.5696
SVWS056;4;378.4792;1513.9168
SVW056;4;409.2128;1636.8512
SVW036;3;389.7132;1169.1396
AC-KC-MB3B-RD;5;4.1;20.5
AC-KC-MB3B-BK;2;4.1;8.2
SFT005;2;329.2382;658.4764
FMKTR56N18-RED;2;83.20189204;166.40378408
FMKTR56N18-BLA;2;83.20189204;166.40378408
FMKTR56N18-BLU;3;83.20189204;249.60567612
MMICP-MK7-15KWBK;2;160.5478;321.0956
MMICP-MK7-15KP;3;160.5478;481.6434
SVWS042;5;255.5653;1277.8265
SVW042;2;287.2952;574.5904
SVW043;3;389.7214;1169.1642
SVWS043;4;378.4792;1513.9168
SRNS023;2;251.945;503.89
SRN023;1;274.9952;274.9952
SVWS033;1;252.8798;252.8798
SAU081;1;721.149;721.149
VWR630000;5;85.56800204;427.8400102
VWR630001;7;85.56800204;598.97601428
MMINT-CTR-17KSLWBK;1;525.9562;525.9562
MMINT-CTR-17KBKWBK;3;525.9562;1577.8686
MMEXH-MUS8-15APBK;1;244.6224;244.6224
MMEXH-MUS8-15APP;1;244.6224;244.6224
MMHOSE-MUS8-15IHRD;1;72.611;72.611
SAU083C;1;811.349;811.349
SAU083;1;766.249;766.249
SMN011;3;347.557;1042.671
SMNS011;2;308.2831;616.5662
SBM066;1;414.1164;414.1164
SBM066C;1;417.626;417.626
FMINDK28-BLA-FOA;3;218.13641312;654.40923936
"FMINDK28-BLU-FOA ";2;218.13641312;436.27282624
"FMINDK28-RED-FOA ";1;218.13641312;218.13641312
MMRT-CTR-17EMWBK;1;128.084;128.084
MMRT-CTR-17EMWRD;2;128.084;256.168
MMAI-MUS8-15BK;2;154.119;308.238
MMAI-MUS8-15RD;3;154.119;462.357
MMAI-MUS8-15BL;1;154.119;154.119
FM225BHP-BLA;1;76.0940976;76.0940976
FM225BHP-POL;4;76.0940976;304.3763904
LAP3MF56;4;123.7052;494.8208
L3P3MF56;2;166.5092;333.0184
FMINLRCS-RED;1;72.80047248;72.80047248
034-106-7042-RS4;1;277.16;277.16
034-106-7042-S4;4;249.444;997.776
SHYS101;1;520.8968;520.8968
KDT968;4;12.90949616;51.63798464
KDT914;9;12.90949616;116.18546544
SSKS003;2;343.2848;686.5696
FM225TH;4;52.04495556;208.17982224
MMEXH-MUS8-15ASBK;1;326.8766;326.8766
ESR307WB;1;128.8712;128.8712
ESR307P;3;128.8712;386.6136
ESR307WR;3;128.8712;386.6136
RD1560BLK;2;154.9554;309.9108
LAP3AC5X;2;110.864;221.728
vP3AC5X;2;166.5092;333.0184
LAP3AC6X;2;110.864;221.728
L3P3AC6X;3;166.5092;499.5276
FMINLH14-BLK;2;48.51471944;97.02943888
FMINLH14-BLU;1;48.51471944;48.51471944
FMINLH14-RED;1;48.51471944;48.51471944
FMINLH14-YEL;3;48.51471944;145.54415832
FMCAP5-ALL-BLA;2;24.48450628;48.96901256
CTS-CC-B8-TFSI;1;239.8418;239.8418
CTS-CC-B8.5-TFSI;3;239.8418;719.5254
CTS-B8S4-AWIC-DCC;4;294.4456;1177.7824
MMINT-F30-12SL;2;349.2134;698.4268
MMINT-F30-12BK;1;349.2134;349.2134
FMINDK30-BLA;2;155.63325136;311.26650272
FMINDK30-BLU;2;155.63325136;311.26650272
FMDV18-BLA;2;136.051325;272.10265
FMDV18-RED;2;136.051325;272.10265
FMDV18-BLU;1;136.051325;136.051325
"TTE550 N55 E";1;2195.55;2195.55
MMICP-MUS4-15WBK;1;159.9;159.9
VWR493000;3;109.22910204;327.68730612
VWR493001;2;109.22910204;218.45820408
AC-KC-AU-RSK-BL;7;4.1;28.7
AC-KC-AU-RSK-BK;5;4.1;20.5
SP1350WB;1;276.2006;276.2006
CTS-EA113-BOSS500;2;1343.1518;2686.3036
CTS-EA113-BOSS600;5;1498.1318;7490.659
MMEXH-MUS8-15ARBK;3;184.3934;553.1802
ESR140WB;7;123.0082;861.0574
ESR140WR;2;123.0082;246.0164
FMDV23A-BLA;3;123.3689754;370.1069262
FMDV23A-ALL;3;123.3689754;370.1069262
FMWS72616;1;28.03367128;28.03367128
FMTIA2-BLU;1;91.03844836;91.03844836
MMINT-EVO-10XB;1;254.1426;254.1426
EVE-F56-PL-INT;6;468.384;2810.304
SES1582ICPBK;3;142.4586;427.3758
SES1582ICPWR;5;142.4586;712.293
1033BLK;5;11.4964;57.482
1033RED;15;11.4964;172.446
SES1899UICPWB;1;101.0486;101.0486
SES1899UICP;3;101.0486;303.1458
SP3082WR;3;154.2666;462.7998
SP3082WB;4;154.2666;617.0664
SP3087BLK;2;139.4656;278.9312
SP3087WR;2;139.4656;278.9312
SES1581ICP-BK;1;157.1612;157.1612
SES1581ICP-RD;1;157.1612;157.1612
SRN032;1;375.6338;375.6338
SRNS032;1;331.0135;331.0135
MMINT-FOST-13SL;1;275.78199;275.78199
MMINT-FOST-13BK;1;275.78199;275.78199
FMKT027-BLA;1;152.54784392;152.54784392
FMKT027-BLU;2;152.54784392;305.09568784
FMKT027-RED;1;152.54784392;152.54784392
FMKT027-YEL;2;152.54784392;305.09568784
FMINDK27-RD;3;140.88765384;422.66296152
SAUS109;1;563.5778;563.5778
SAUS085;1;217.3;217.3
SAUS086;1;350.9682;350.9682
TTE555;2;1880.6864;3761.3728
"TTE450 L";1;1463.6918;1463.6918
ATMSFO5;3;285.15411276;855.46233828
ATMSFO5-RD;3;285.15411276;855.46233828
ATMSFO5-W;3;285.15411276;855.46233828
ATMSFO6-BL;2;324.07189004;648.14378008
ATMSFO6-G;3;324.07189004;972.21567012
VWR652001-RED;2;1227.16875484;2454.33750968
VWR652001-BLK;1;1227.16875484;1227.16875484
RIP-002-BL;2;50.54957404;101.09914808
RIP-002-RD;3;50.54957404;151.64872212
VWR19G708;5;53.48355044;267.4177522
VWR19G709;6;53.48355044;320.90130264
FMCB-BLU;3;9.0858624;27.2575872
FMCB-RED;4;9.0858624;36.3434496
FMCB-BLA;3;9.0858624;27.2575872
FMIND2RCT-BLA;2;99.29144004;198.58288008
FMIND2RCT-BLU;3;99.29144004;297.87432012
FMIND2RCT-RED;1;99.29144004;99.29144004
CTS-IT-810;4;105.5258;422.1032
SFDP090;7;130.1832;911.2824
SFDP089;8;106.231;849.848
SCNS014;1;267.7792;267.7792
FMBIVXR-BLA;2;3.56809388;7.13618776
FMBIVXR-BLU;2;3.56809388;7.13618776
SVWS045;2;281.1616;562.3232
SVWS045C;1;306.7702;306.7702
SES3082ICPWB;2;177.0134;354.0268
SES3082ICPWR;2;177.0134;354.0268
SES9200ICPWB;4;182.8518;731.4072
SES9200ICPWR;3;182.8518;548.5554
CTS-HW-0223;2;30.9878;61.9756
CTS-HW-0377;4;28.4048;113.6192
FMSTC1-BLA;2;39.67493248;79.34986496
FMSTC1-POL;2;39.67493248;79.34986496
FMBH1-RED;3;13.1082494;39.3247482
AC-250-CH-RD;7;41.328;289.296
AC-250-CH-BK;7;41.328;289.296
TTE685-B58;1;2877.5358;2877.5358
SBW0260-6P-RD;2;50.28568;100.57136
SBW0260-6P-EB;1;50.28568;50.28568
SBW0260-6P-YE;2;50.28568;100.57136
SBW0260-6P-BK;2;50.28568;100.57136
SFD0253-4P-EB;1;33.62;33.62
SFD0253-4P-RD;2;33.62;67.24
SFD0253-4P-YE;1;33.62;33.62
SFD0253-4P-BK;2;33.62;67.24
SMA0101-4P-EB;2;50.28568;100.57136
SMA0101-4P-RD;3;50.28568;150.85704
SMA0101-4P-YE;1;50.28568;50.28568
SMA0101-4P-BK;7;50.28568;351.99976
SMA0600-4P-RD;2;41.4838;82.9676
SMA0600-4P-EB;1;41.4838;41.4838
SMA0600-4P-YE;1;41.4838;41.4838
SME0455-4P-EB;1;33.62;33.62
SME0455-4P-YE;2;33.62;67.24
SME0455-4P-RD;2;33.62;67.24
SME0455-4P-BK;6;33.62;201.72
SMT0707-4P-RD;1;50.2824;50.2824
SMT0707-4P-BK;1;50.2824;50.2824
SNN0200-4P-RD;2;28.1998;56.3996
SNN0200-4P-BK;1;28.1998;28.1998
SNN0910-6P-EB;1;86.7478;86.7478
SNN0910-6P-RD;1;86.7478;86.7478
SNN0910-6P-BK;1;86.7478;86.7478
SVW0630-4P-EB;5;41.4838;207.419
SVW0630-4P-RD;7;41.4838;290.3866
SVW0630-4P-YE;2;41.4838;82.9676
SVW0630-4P-BK;24;41.4838;995.6112
SP1125WB;2;260.35;520.7
SP1125P;2;260.35;520.7
SBMS073;1;828.7002;828.7002
SAUS074;2;306.7702;613.5404
SAUS074C;1;301.022;301.022
SAUS055;1;726.7373;726.7373
SFDS071;1;352.8624;352.8624
SFDS086C;1;472.6234;472.6234
SFDS086;1;452.8778;452.8778
SMA0110-4P-RD;1;50.2824;50.2824
SMA0110-4P-YE;1;50.2824;50.2824
SMA0110-4P-EB;2;50.2824;100.5648
SMA0110-4P-BK;4;50.2824;201.1296
SMA0380-4P-YE;1;41.4838;41.4838
SMA0380-4P-RD;2;41.4838;82.9676
SMA0380-4P-BK;3;41.4838;124.4514
SFD1216-4P-BK;3;41.48544;124.45632
SFD1216-4P-RD;1;41.48544;41.48544
SFD1216-4P-YE;1;41.48544;41.48544
SFD1216-4P-EB;2;41.48544;82.97088
SME0863-4P-RD;2;33.62;67.24
SME0863-4P-YE;1;33.62;33.62
SME0863-4P-BK;3;33.62;100.86
SSK1100-4P-YE;1;33.62656;33.62656
SSK1100-4P-RD;1;33.62656;33.62656
SSK1100-4P-BK;2;33.62656;67.25312
SMA0112-4P-YE;1;50.2824;50.2824
SMA0112-4P-RD;1;50.2824;50.2824
SMA0112-4P-BK;6;50.2824;301.6944
SMA0112-4P-EB;1;50.2824;50.2824
SFD0121-4P-YE;1;41.4838;41.4838
SFD0121-4P-BK;8;41.4838;331.8704
SFD0121-4P-RD;3;41.4838;124.4514
SVA0714-4P-EB;2;33.62;67.24
SVA0714-4P-BK;5;33.62;168.1
SVA0715-6P-RD;2;42.3038;84.6076
SVA0715-6P-EB;2;42.3038;84.6076
SCN0350-4P-RD;2;33.62;67.24
SCN0350-4P-BK;2;33.62;67.24
SVW0615-4P-YE;1;33.62;33.62
SVW0615-4P-EB;2;33.62;67.24
SVW0615-4P-RD;3;33.62;100.86
SVW0615-4P-BK;5;33.62;168.1
SVW0610-4P-YE;1;41.4838;41.4838
SVW0610-4P-EB;4;41.4838;165.9352
SVW0610-4P-RD;2;41.4838;82.9676
SVW0610-4P-BK;6;41.4838;248.9028
SVW0607-4P-EB;1;33.62;33.62
SVW0607-4P-BK;5;33.62;168.1
STY0015-4P-RD;2;33.6282;67.2564
STY0015-4P-EB;1;33.6282;33.6282
STY0015-4P-YE;1;33.6282;33.6282
STY0015-4P-BK;4;33.6282;134.5128
SSU0500-4P-RD;1;41.48544;41.48544
SSU0500-4P-EB;1;41.48544;41.48544
SSU0500-4P-YE;1;41.48544;41.48544
SSU0500-4P-BK;4;41.48544;165.94176
SFD1012-4P-EB;2;41.4838;82.9676
SFD1012-4P-RD;1;41.4838;41.4838
SFD1012-4P-BK;2;41.4838;82.9676
SVA1300-6P-RD;1;65.68856;65.68856
SVA1300-6P-EB;2;65.68856;131.37712
SVA1300-6P-BK;1;65.68856;65.68856
SVA1350-4P-YE;1;50.2824;50.2824
SVA1350-4P-EB;1;50.2824;50.2824
SVA1350-4P-BK;3;50.2824;150.8472
SFD1300-4P-RD;2;33.62656;67.25312
SFD1300-4P-EB;2;33.62656;67.25312
SFD1300-4P-BK;2;33.62656;67.25312
SFT0658-6P-RD;2;50.28568;100.57136
SFT0658-6P-YE;2;50.28568;100.57136
SFT0658-6P-BK;4;50.28568;201.14272
SRN0616-4P-YE;1;33.62;33.62
SRN0616-4P-RD;2;33.62;67.24
SRN0616-4P-EB;1;33.62;33.62
SRN0616-4P-BK;4;33.62;134.48
SRN0405-4P-EB;1;33.62656;33.62656
SRN0405-4P-BK;3;33.62656;100.87968
SBW0261-4P-YE;2;41.48544;82.97088
SBW0261-4P-EB;4;41.48544;165.94176
SBW0261-4P-RD;2;41.48544;82.97088
SBW0261-4P-BK;17;41.48544;705.25248
SNN0801-6P-RD;2;75.4318;150.8636
SNN0801-6P-BK;3;75.4318;226.2954
SNN0920-6P-RD;2;83.3612;166.7224
SNN0920-6P-EB;3;83.3612;250.0836
SNN0920-6P-BK;2;83.3612;166.7224
SHD0380-4P-RD;1;41.4838;41.4838
SHD0380-4P-BK;1;41.4838;41.4838
AC-MK5-FU-BL;19;21.402;406.638
AC-MK5-FU-RD;5;21.402;107.01
SHD0397-4C-BK;1;60.9752;60.9752
SHD0397-4C-RD;1;60.9752;60.9752
SHD0390-6C-BK;2;104.9846;209.9692
SHD0390-6C-YE;2;104.9846;209.9692
SHD0390-6C-RD;1;104.9846;104.9846
SHD0394-6C-RD;2;104.96;209.92
SHD0394-6C-EB;1;104.96;104.96
SHD0394-6C-BK;1;104.96;104.96
SBW1171-4P-YE;3;41.4838;124.4514
SBW1171-4P-EB;2;41.4838;82.9676
SBW1171-4P-RD;3;41.4838;124.4514
SBW1171-4P-BK;10;41.4838;414.838
SPGS022;2;311.8952;623.7904
SNN0203-4P-RD;2;28.1998;56.3996
SNN0203-4P-BK;3;28.1998;84.5994
SHD1010-4P-RD;1;41.4838;41.4838
SHD1010-4P-BK;3;41.4838;124.4514
SHD0012-4P-RD;1;41.4838;41.4838
SHD0012-4P-YE;1;41.4838;41.4838
SHD0012-4P-BK;4;41.4838;165.9352
SMT0710-4P-RD;1;41.4838;41.4838
SMT0710-4P-BK;2;41.4838;82.9676
SSK1140-4P-YE;1;28.1998;28.1998
SSK1140-4P-BK;3;28.1998;84.5994
SSK1140-4P-EB;2;28.1998;56.3996
SSK1140-4P-RD;2;28.1998;56.3996
SFD067;2;317.6188;635.2376
SSK0502-4P-RD;1;41.4838;41.4838
SSK0502-4P-BK;2;41.4838;82.9676
SAU0431-4P-RD;4;33.62;134.48
SAU0431-4P-EB;1;33.62;33.62
SAU0431-4P-YE;1;33.62;33.62
SAU0431-4P-BK;2;33.62;67.24
SRN025S;1;253.6342;253.6342
SRN025;1;241.5474;241.5474
SRNS025S;1;231.6828;231.6828
SRNS025;2;220.6538;441.3076
SVW0620-4P-RD;2;33.62;67.24
SVW0620-4P-EB;1;33.62;33.62
SVW0620-4P-YE;2;33.62;67.24
SVW0620-4P-BK;3;33.62;100.86
SVW1090-4P-YE;2;33.62;67.24
SVW1090-4P-EB;1;33.62;33.62
SVW1090-4P-RD;2;33.62;67.24
SVW1090-4P-BK;3;33.62;100.86
SVW0608-4P-YE;2;41.4838;82.9676
SVW0608-4P-EB;1;41.4838;41.4838
SVW0608-4P-RD;1;41.4838;41.4838
SVW0608-4P-BK;4;41.4838;165.9352
SSE0428-4P-YE;1;33.62656;33.62656
SSE0428-4P-RD;1;33.62656;33.62656
SSE0428-4P-EB;2;33.62656;67.25312
SSE0428-4P-BK;6;33.62656;201.75936
SNN0940-6P-RD;1;75.4318;75.4318
SNN0940-6P-BK;3;75.4318;226.2954
SVWS038;2;357.9874;715.9748
PRK-138-RECT;1;140.06424756;140.06424756
VWR12G7R601;8;223.66364608;1789.30916864
VWR12G7R600;7;169.6027648;1187.2193536
JSK-140-RD;3;141.46498468;424.39495404
JSK-140-BK;1;141.46498468;141.46498468
JSK-140-BL;2;141.46498468;282.92996936
SVW0705-4P-RD;2;41.4838;82.9676
SVW0705-4P-EB;1;41.4838;41.4838
SVW0705-4P-BK;1;41.4838;41.4838
SSE0250-4P-BK;6;41.47888;248.87328
SSE0250-4P-RD;3;41.47888;124.43664
SAU0630-4P-YE;1;41.4838;41.4838
SAU0630-4P-RD;3;41.4838;124.4514
SAU0630-4P-BK;11;41.4838;456.3218
FMINDDS3-BLU;1;88.42626292;88.42626292
SBW1175-4P-BK;3;33.62656;100.87968
SBW1175-4P-RD;1;33.62656;33.62656
SBW1110-4P-RD;2;41.4838;82.9676
SBW1110-4P-BK;6;41.4838;248.9028
SBW0901-4P-RD;1;33.62656;33.62656
SBW0901-4P-BK;1;33.62656;33.62656
SBW0901-4P-EB;1;33.62656;33.62656
SBW1162-4P-RD;1;41.48544;41.48544
SBW1162-4P-EB;2;41.48544;82.97088
SBW1162-4P-BK;11;41.48544;456.33984
STY1005-4P-EB;1;41.48544;41.48544
STY1005-4P-BK;3;41.48544;124.45632
SAU0496-4P-RD;2;41.48544;82.97088
SAU0496-4P-EB;1;41.48544;41.48544
SAU0496-4P-BK;2;41.48544;82.97088
SAU0631-4C-RD;2;51.8568;103.7136
SAU0631-4C-EB;3;51.8568;155.5704
SAU0631-4C-BK;9;51.8568;466.7112
SAU0651-4P-RD;2;33.62656;67.25312
SAU0651-4P-YE;2;33.62656;67.25312
SAU0651-4P-BK;2;33.62656;67.25312
SAU0703-4P-EB;1;41.4838;41.4838
SAU0703-4P-RD;1;41.4838;41.4838
SAU0703-4P-BK;2;41.4838;82.9676
SAU0755-4P-EB;2;41.4838;82.9676
SAU0755-4P-BK;2;41.4838;82.9676
SAU0785-4P-RD;1;41.4838;41.4838
SAU0785-4P-YE;1;41.4838;41.4838
SAU0785-4P-BK;2;41.4838;82.9676
SAU0780-4P-YE;1;41.4838;41.4838
SAU0780-4P-RD;1;41.4838;41.4838
SAU0780-4P-EB;1;41.4838;41.4838
SAU0780-4P-BK;2;41.4838;82.9676
STAB99FST3;1;285.71251472;285.71251472
STAB99FST3.5;2;285.71251472;571.42502944
SAU0900-4C-YE;1;51.8568;51.8568
SAU0900-4C-EB;1;51.8568;51.8568
SAU0900-4C-RD;2;51.8568;103.7136
SAU0900-4C-BK;1;51.8568;51.8568
SBW0900-6P-EB;1;49.8478;49.8478
SBW0900-6P-YE;1;49.8478;49.8478
SBW0900-6P-RD;1;49.8478;49.8478
SBW0900-6P-BK;1;49.8478;49.8478
SBW0500-4P-RD;1;33.62656;33.62656
SBW0500-4P-BK;1;33.62656;33.62656
SBW1010-6P-EB;1;50.28568;50.28568
SBW1010-6P-YE;3;50.28568;150.85704
SBW1010-6P-RD;2;50.28568;100.57136
SBW1010-6P-BK;1;50.28568;50.28568
SVW0706-4P-BK;2;41.4838;82.9676
SVW0706-4P-RD;2;41.4838;82.9676
SSU8003-4P-EB;2;41.48544;82.97088
SSU8003-4P-RD;1;41.48544;41.48544
SSU8003-4P-BK;5;41.48544;207.4272
SRN0610-4P-EB;1;33.1198;33.1198
SRN0610-4P-RD;2;33.1198;66.2396
SRN0610-4P-BK;1;33.1198;33.1198
SAU0495-4P-BK;4;33.62;134.48
SAU0495-4P-YE;1;33.62;33.62
SAU0490-4P-RD;1;33.62;33.62
SAU0490-4P-BK;3;33.62;100.86
SAU0601-4P-YE;1;41.4838;41.4838
SAU0601-4P-RD;1;41.4838;41.4838
SAU0601-4P-BK;8;41.4838;331.8704
SAU0432-4P-YE;1;41.4838;41.4838
SAU0432-4P-BK;5;41.4838;207.419
SAU0432-4P-RD;2;41.4838;82.9676
SAU0432-4P-EB;1;41.4838;41.4838
SAU0433-4P-EB;2;33.6282;67.2564
SAU0433-4P-BK;3;33.6282;100.8846
SAU0433-4P-RD;2;33.6282;67.2564
SAU0433-4P-YE;1;33.6282;33.6282
FMINDMK7F-PLE;7;58.442917;409.100419
FMINDMK7F-FOA;1;57.00432212;57.00432212
SAU0485-4P-BK;1;33.1198;33.1198
SAU0485-4P-RD;1;33.1198;33.1198
SAU1558-4P-BK;4;26.896;107.584
SAU1558-4P-RD;2;26.896;53.792
VWR420001;4;113.7625688;455.0502752
VWR420000;6;113.7625688;682.5754128
SVW1070-4P-BK;3;33.62656;100.87968
SVW1070-4P-RD;1;33.62656;33.62656
SBW1176-4P-YE;1;41.4838;41.4838
SBW1176-4P-RD;3;41.4838;124.4514
SBW1176-4P-BK;7;41.4838;290.3866
SBW0502-4C-YE;1;51.8568;51.8568
SBW0502-4C-RD;1;51.8568;51.8568
SBW0502-4C-EB;1;51.8568;51.8568
SBW0502-4C-BK;1;51.8568;51.8568
SHD1001-4P-RD;1;28.1998;28.1998
SHD1001-4P-BK;3;28.1998;84.5994
SVW0770-4P-YE;3;33.62656;100.87968
SVW0770-4P-BK;2;33.62656;67.25312
SVW0770-4P-EB;2;33.62656;67.25312
SVW0770-4P-RD;2;33.62656;67.25312
SVW0603-6P-BK;2;50.38408;100.76816
SVW0603-6P-RD;1;50.38408;50.38408
SRN0481-4C-BK;2;44.3128;88.6256
SRN0481-4C-RD;1;44.3128;44.3128
SRN0615-4P-EB;1;33.1198;33.1198
SRN0615-4P-RD;2;33.1198;66.2396
SRN0615-4P-BK;2;33.1198;66.2396
CTS-FPK-005-980;4;439.1018;1756.4072
CTS-FPK-005-1300;2;439.1018;878.2036
17U-00-0550-5;3;215.3894;646.1682
17U-00-0650-5;5;217.4804;1087.402
17U-00-0750-5;7;38.54;269.78
17U-00-1000-5;6;234.5774;1407.4644
42M-02-1000-4;1;172.2082;172.2082
22S-00-0350-4;2;167.4112;334.8224
22S-00-0450-4;1;167.4112;167.4112
42M-01-0550-4;1;153.0284;153.0284
42M-01-1000-4;2;172.2082;344.4164
01J-00-0550-4;2;210.5924;421.1848
01J-00-0740-4;2;222.1134;444.2268
16MX-06-1200-6;1;383.2844;383.2844
18U-08-1000-4;2;210.5924;421.1848
42M-02-1200-4;1;16.4;16.4
16MX-09-1200-4;1;172.2;172.2
16S-03-2200-4;1;402.4724;402.4724
17U-01-1000-4;4;223.327;893.308
17U-01-0440-4;5;153.0284;765.142
17U-01-0550-4;4;153.0284;612.1136
17U-01-0650-4;3;207.337;622.011
17U-01-0750-4;4;212.667;850.668
17U-07-0650-4;1;186.5992;186.5992
17U-07-0750-4;3;41;123
17U-07-1000-4;3;215.3894;646.1682
16MX-07-1200-4;1;147.6;147.6
16M-07-1500-4;1;401.8;401.8
6-102-1000;3;279.169;837.507
6-102-1200;1;139.4;139.4
6-102-0750;2;319.267;638.534
SVW1070-4P-EB;1;33.62656;33.62656
SVW1070-4P-YE;2;33.62656;67.25312
FMKC023-BLA;3;97.54051864;292.62155592
FMKC023-PER;1;97.54051864;97.54051864
FMKC023-RED;1;97.54051864;97.54051864
FMKCMEG-BLU;2;215.57154988;431.14309976
SAU0485-4P-EB;1;33.1198;33.1198
SHYS102;2;540.749;1081.498
SHYP102;5;141.5894;707.947
SHYSP102;12;79.0562;948.6744
SMBS006;1;286.2866;286.2866
SMBS007;3;182.3475;547.0425
FMACF500;5;88.729125;443.645625
MMHOSE-CTR-17RD;1;16.4;16.4
MMHOSE-CTR-17BL;2;51.865;103.73
MMHOSE-CTR-17BK;1;51.865;51.865
SRN0630-6P-BK;2;50.28568;100.57136
SRN0630-6P-RD;1;50.28568;50.28568
SRN0630-6P-YE;1;50.28568;50.28568
SRN0635-6P-BK;4;50.28568;201.14272
SRN0635-6P-RD;1;50.28568;50.28568
SRN0635-6P-YE;1;50.28568;50.28568
FMINLH9-TTE777/TTE855-LHD;2;142.71429076;285.42858152
F2177P+F2179P;8;297.0614;2376.4912
F2178P+F2180P;3;297.0614;891.1842
F1555P+F1557P-30;1;533.8364;533.8364
F1554P+F1556P-30;1;533.8364;533.8364
F1555P+F1557P-20;2;355.8964;711.7928
F1554P+F1556P-20;2;355.8964;711.7928
F6292+F6294;1;164.3116;164.3116
F2365P+F2367P-24;1;444.8418;444.8418
F2366P+F2368P-24;1;444.8418;444.8418
F6017+F6019-24;1;254.3476;254.3476
F6018+F6020;2;254.3476;508.6952
F1514P+F1520P;1;285.811;285.811
F1519P+F1524P;1;285.811;285.811
F2358P+2359P;1;287.9348;287.9348
SH-4-BK;2;1.5416;3.0832
ALP.07.05.0003-2;1;614.9672;614.9672
ATINTFT1;2;361.00213492;722.00426984
ATINTFT1-RD;1;361.00213492;361.00213492
F1932P+F1931P;1;165.8696;165.8696
F5509-F5511;3;115.7758;347.3274
F5508-F5510;1;115.7758;115.7758
F2234P+F2236P;2;431.9104;863.8208
F2235P+F2237P;1;431.9104;431.9104
SBMS081;1;889.4786;889.4786
SBMS081CF;1;1023.9094;1023.9094
"TTE485 IS20";1;1458.8784;1458.8784
MMOC-CTR-17TBK;1;260.678;260.678
MMOC-CTR-17TSL;3;260.678;782.034
AC-WS-NI-15;56;10.5124;588.6944
AC-WS-NI-20;66;4.1;270.6
AC-WS-HN-20;83;4.1;340.3
AC-WS-HN-15;63;10.5124;662.2812
AC-WS-SB-15;94;4.92;462.48
AC-WS-SU-15;93;9.594;892.242
F2419P+F2417P;3;371.3206;1113.9618
F2420P+F2418P;2;371.3206;742.6412
F5502+F5500;1;119.925;119.925
MMRAD-E90-07;5;213.774;1068.87
MMRAD-E90-07A;9;275.1018;2475.9162
FMINLH11-RED;3;65.29517156;195.88551468
FMINLH11-BLU;2;65.29517156;130.59034312
FMINLH11-BLA;3;65.29517156;195.88551468
AC-WS-5;143;5.6088;802.0584
AC-WS-12;45;10.0204;450.918
AC-WS-15;1;11.0536;11.0536
AC-WS-AU-10-BT;4;9.6678;38.6712
AC-WS-AU-15;11;9.6678;106.3458
AC-WS-AU-12;21;9.6678;203.0238
AC-WS-AU-10;10;9.6678;96.678
SVW055D;1;646.0206;646.0206
SVWS055D;2;603.7332;1207.4664
ESR521-BK;1;127.1164;127.1164
SES2300ICPWB;2;164.1968;328.3936
SES2300ICPWR;2;164.1968;328.3936
SP2300WB;2;117.3174;234.6348
SP2300WR;3;117.3174;351.9522
MMRC-13-SM;1;10.373;10.373
20FI33001X-Y;2;705.4214;1410.8428
20CI33002X-RD;1;602.126;602.126
MS100204;4;25.8054;103.2216
MS100192;14;25.8054;361.2756
"THE-B5 022 05";2;16.4;32.8
"THE-B5 007 01";1;20.992;20.992
SSE0426-4P-BK;9;33.62;302.58
SSE0426-4P-RD;2;33.62;67.24
SSE0426-4P-EB;4;33.62;134.48
SSE0427-4P-BK;6;41.4838;248.9028
SSE0427-4P-RD;1;41.4838;41.4838
SSE0427-4P-EB;2;41.4838;82.9676
SSE0427-4P-YE;4;41.4838;165.9352
SSE0420-4P-YE;1;41.4838;41.4838
SSE0420-4P-EB;2;41.4838;82.9676
SSE0420-4P-BK;1;41.4838;41.4838
SR-225-BK-ECU;4;150.89156692;603.56626768
SR-225-RD-ECU;1;150.89156692;150.89156692
ARAB65CRS200;6;134.35719024;806.14314144
RAB65CRS200;2;265.7614752;531.5229504
FMKT029-BLA;2;81.28061072;162.56122144
FMKT029-RED;3;81.28061072;243.84183216
L3P3S7SX;3;166.5092;499.5276
LAP3S7SX;2;110.864;221.728
L3P3S8SX;2;166.5092;333.0184
LAP3S8SX;2;110.864;221.728
LAP3BF3W;3;123.7052;371.1156
LAP3BF3X;4;123.7052;494.8208
L3P3BF3W;4;166.5092;666.0368
L3P3BF3X;2;166.5092;333.0184
LAP3BF2W;3;123.7052;371.1156
LAP3BF2X;3;123.7052;371.1156
L3P3BF2W;2;166.5092;333.0184
L3P3BF2X;5;166.5092;832.546
SFD0122-4P-RD;2;50.28568;100.57136
SFD0122-4P-EB;1;50.28568;50.28568
SFD0122-4P-BK;2;50.28568;100.57136
SFD0122-4P-YE;1;50.28568;50.28568
SR-232-RD;2;69.21344972;138.42689944
SR-232-BL;2;69.21344972;138.42689944
SR-232-BK;3;69.21344972;207.64034916
SSE0404-4P-BK;2;33.62;67.24
SSE0404-4P-YE;1;33.62;33.62
SSE0404-4P-EB;1;33.62;33.62
SSE0404-4P-RD;1;33.62;33.62
R10-10-1;2;36.9;73.8
R10-10-2;6;41;246
MMSK-XT-3;3;17.589;52.767
MMSK-XT-6;2;28.413;56.826
353849;4;352.518;1410.072
353850;6;352.518;2115.108
353851;1;352.518;352.518
"THE-B5 004 K04";1;459.2;459.2
315367;2;368.1882;736.3764
353840;3;376.0192;1128.0576
353841;1;376.0192;376.0192
353839;2;376.0192;752.0384
337966;1;470.0322;470.0322
337967;4;470.0322;1880.1288
314326;1;630.7686;630.7686
314323;1;630.7686;630.7686
314324;1;630.7686;630.7686
314325;1;630.7686;630.7686
SVWS064D;2;391.3983;782.7966
SVW064D;1;422.136;422.136
302299;1;355.1338;355.1338
302300;1;355.1338;355.1338
302301;1;355.1338;355.1338
315114;1;384.2192;384.2192
363325;3;380.8408;1142.5224
363326;1;380.8408;380.8408
363327;1;380.8408;380.8408
LAP3BF1X;2;137.4484;274.8968
AP3BF1XW;1;137.4484;137.4484
L3P3BF1X;2;185.0494;370.0988
3P3BF1XW;1;185.0494;185.0494
ATINTP&C4;4;102.29166752;409.16667008
ATINTP&C4-RD;1;102.29166752;102.29166752
SBMS082;1;363.8381;363.8381
"TTE350+ IS12";1;1036.5784;1036.5784
F2370P+F2374P;2;296.5612;593.1224
F2371P+F2375P;1;296.5612;296.5612
284779;5;313.773;1568.865
JE-284780;5;352.518;1762.59
284781;2;352.518;705.036
STY0014-4P-BK;18;41.4838;746.7084
STY0014-4P-YE;1;41.4838;41.4838
STY0014-4P-RD;2;41.4838;82.9676
MMRT-E36-92E;5;75.317;376.585
FMGK1-BLA;2;54.55303216;109.10606432
FMGK1-RED;1;54.55303216;54.55303216
FMGK1-ALI;2;54.55303216;109.10606432
FMINDF500-BLA-PLE;1;166.51735736;166.51735736
FMINDF500-BLU-PLE;1;166.51735736;166.51735736
FMINDF500-RED-PLE;2;166.51735736;333.03471472
337924;2;372.7228;745.4456
337925;1;372.7228;372.7228
279946;1;553.5902;553.5902
279947;1;553.5902;553.5902
279948;3;553.5902;1660.7706
ATIKVAG19;1;145.11825852;145.11825852
ATIKVAG19-BL;3;145.11825852;435.35477556
ATIKVAG19-RD;6;145.11825852;870.70955112
TY17;1;558.50606884;558.50606884
TY18;2;546.24961904;1092.49923808
L3P3FFO3;1;166.5092;166.5092
LAP3FFO3;3;115.1444;345.4332
F2290P+F2291P+F2294P+F2295P;1;452.9844;452.9844
F2288P+F2289P+F2292P+F2293P;1;452.9844;452.9844
MMOC-MIA-16TBK;1;316.8234;316.8234
MMOC-MIA-16T;1;316.8234;316.8234
242880;4;368.1882;1472.7528
242881;1;368.1882;368.1882
242882;4;368.1882;1472.7528
314437;1;372.7228;372.7228
FMDV32A-BLK;4;127.66583116;510.66332464
FMDV32A-POL;2;127.66583116;255.33166232
FMDV32R-BLK;1;127.66583116;127.66583116
FMDV32R-POL;2;127.66583116;255.33166232
F1550P+F1552P;1;387.5402;387.5402
F1551P+F1553P;1;387.5402;387.5402
300490;2;384.2192;768.4384
SVW1400-4P-BK;1;33.62656;33.62656
SVW1400-4P-RD;2;33.62656;67.25312
SBMS076;3;445.6208;1336.8624
VWR12G60RFO;7;55.57519168;389.02634176
VWR12G60RFOC;1;66.50661988;66.50661988
369549C;1;571.2612;571.2612
186235;1;571.2612;571.2612
186236;1;571.2612;571.2612
ARMAMINF56-A;1;402.21;402.21
338094;3;564.037;1692.111
338095;2;564.037;1128.074
SMZ009;2;292.699;585.398
SMZS009;1;283.6544;283.6544
MBL.321R35G;2;1.1472920284;2.2945840568
MBL.321B35G11;1;1.2350364154;1.2350364154
L3P3VGR6;3;166.5092;499.5276
LAP3VGR6;3;110.864;332.592
F2395P+F2397P;1;297.0614;297.0614
F2394P+F2396P;3;297.0614;891.1842
F1452P+F1454P;1;245.549;245.549
F1825P+F1826P;1;245.549;245.549
SP3089WB;1;137.3664;137.3664
WKE259M77;2;311.026;622.052
WKE259M775;4;311.026;1244.104
AC-MK45-RU-RD;32;16.974;543.168
SBM083CF;1;440.9878;440.9878
SBM083;1;429.1798;429.1798
SAUS088;1;826.15;826.15
TS-0601-3102;2;81.7786;163.5572
TS-0601-3142;2;81.7786;163.5572
VWR8130S3-SEDAN;4;228.65140596;914.60562384
VWR8130S3;4;228.65140596;914.60562384
338096;3;552.2864;1656.8592
338097;2;552.2864;1104.5728
STYS009CF;2;460.2004;920.4008
STYS009;2;428.9748;857.9496
ATINTFT3/AUTO;2;361.00213492;722.00426984
ATINTFT3-RD/AUTO;1;361.00213492;361.00213492
ATINTFT3;2;361.00213492;722.00426984
ATINTFT3-BL;1;361.00213492;361.00213492
ATINTFT3-RD;2;361.00213492;722.00426984
SBW1170-4P-YE;1;41.4838;41.4838
SBW1170-4P-EB;2;41.4838;82.9676
SBW1170-4P-RD;2;41.4838;82.9676
SBW1170-4P-BK;2;41.4838;82.9676
SVWS065CF;1;975.8984;975.8984
SVWS066;1;615.9594;615.9594
TS-0615-2242;1;174.2336;174.2336
TS-0615-2192;2;174.2336;348.4672
SAUS093;1;812.046;812.046
MMICP-SUP-20BK;2;162.0812;324.1624
SMNC010;7;153.135;1071.945
SMNC018;3;163.9836;491.9508
WKE146M875;2;398.0772;796.1544
TFSI3xx-bk;88;0.82;72.16
TFSI3xx-rd;90;0.82;73.8
TFSI3xx-wh;87;0.82;71.34
SVW0707-4P-RD;2;41.4838;82.9676
SVW0707-4P-BK;6;41.4838;248.9028
SME0460-4P-RD;1;41.4838;41.4838
SME0460-4P-BK;3;41.4838;124.4514
SFD0256-4P-BK;1;65.68856;65.68856
SFD0256-4P-RD;1;65.68856;65.68856
SFD0255-4P-BK;2;65.68856;131.37712
SFD0255-4P-RD;1;65.68856;65.68856
VWR650000-BLK;1;2073.72505508;2073.72505508
VWR650000-RED;1;2073.72505508;2073.72505508
VWR494101;2;105.02689068;210.05378136
VWR494100;3;105.02689068;315.08067204
MMFW-SM-6BK;4;6.478;25.912
MMFW-SM-6BL;3;6.478;19.434
MMFW-SM-6GM;2;6.478;12.956
MMFW-SM-6RD;14;6.478;90.692
MMFW-LG-6BK;1;6.478;6.478
MMFW-LG-6GM;8;6.478;51.824
MMFW-LG-6RD;3;6.478;19.434
MMHXF-04-4-BK;5;7.8228;39.114
MMHXF-04-4-BL;5;7.8228;39.114
MMHXF-04-4-RD;6;7.8228;46.9368
MMHXF-06-4-BK;7;7.8228;54.7596
MMHXF-06-4-BL;9;7.8228;70.4052
MMHXF-06-4-RD;9;7.8228;70.4052
MMHXF-08-4-BK;6;7.8228;46.9368
MMHXF-08-4-BL;3;7.8228;23.4684
MMHXF-08-4-RD;6;7.8228;46.9368
MMHXF-10-4-BK;8;7.8228;62.5824
MMHXF-10-4-BL;5;7.8228;39.114
MMHXF-10-4-RD;5;7.8228;39.114
MMHXF-12-4-BK;4;10.578;42.312
MMHXF-12-4-BL;4;10.578;42.312
MMHXF-12-4-RD;2;10.578;21.156
FMTIA4-BLU;3;97.54051864;292.62155592
FMTIA4-RED;3;97.54051864;292.62155592
FMTIA4-BLA;2;97.54051864;195.08103728
SPE1050-4P-RD;2;33.6282;67.2564
SPE1050-4P-BK;1;33.6282;33.6282
SME0865-4P-YE;2;41.4838;82.9676
SME0865-4P-RD;2;41.4838;82.9676
SME0865-4P-BK;3;41.4838;124.4514
SBW0510-4P-EB;2;41.4838;82.9676
SBW0510-4P-RD;2;41.4838;82.9676
SBW0510-4P-BK;2;41.4838;82.9676
SAU0531-4P-EB;1;50.2824;50.2824
SAU0531-4P-RD;2;50.2824;100.5648
SAU0531-4P-BK;4;50.2824;201.1296
SAU0528-4P-RD;2;28.1998;56.3996
SAU0528-4P-BK;1;28.1998;28.1998
TS-0601-2142;1;77.8836;77.8836
TS-0601-2182;2;77.8836;155.7672
TS-0601-2222;1;77.8836;77.8836
WKE150M79AP;3;320.2674;960.8022
WKE150M795AP;1;320.2674;320.2674
AC-500-VRH-BK;15;3.69;55.35
AC-500-VRH-BL;20;3.69;73.8
AC-500-VRH-RD;45;3.69;166.05
AC-200-TBH-BL;7;3.1734;22.2138
AC-200-TBH-RD;75;3.1734;238.005
AC-200-TBH-BK;1;3.1734;3.1734
L3P3VGR7;2;166.5092;333.0184
LAP3VGR7;2;110.864;221.728
MS100210;150;18.0564;2708.46
SSE0432-4P-BK;5;50.2824;251.412
SSE0432-4P-RD;1;50.2824;50.2824
SSE0432-4P-YE;1;50.2824;50.2824
SSE0433-4P-BK;9;41.4838;373.3542
SSE0433-4P-EB;2;41.4838;82.9676
SSE0433-4P-RD;4;41.4838;165.9352
SSE0433-4P-YE;1;41.4838;41.4838
SBW1178-4P-EB;2;41.48544;82.97088
SBW1178-4P-BK;2;41.48544;82.97088
VWR800001;21;5.09186872;106.92924312
VWR800000;6;5.09186872;30.55121232
SP-201;81;11.152;903.312
SP-204;48;11.152;535.296
1050.48.14.R35.6;1;385.728;385.728
1300.48.14.R35.6;1;774.9;774.9
L3P3HC10;2;166.5092;333.0184
LAP3HC10;3;115.1444;345.4332
VW127;1;544.2053;544.2053
MagnyStick-BK;99;0.82;81.18
MagnyStick-RD;100;0.82;82
MagnyStick-W;98;0.82;80.36
MonaStick-BK;98;0.82;80.36
MonaStick-RD;100;0.82;82
MonaStick-W;99;0.82;81.18
SpaStick-BK;96;0.82;78.72
SpaStick-RD;98;0.82;80.36
SpaStick-W;97;0.82;79.54
MonzStick-BK;100;0.82;82
MonzStick-RD;99;0.82;81.18
MonzStick-W;100;0.82;82
CatalStick-BK;97;0.82;79.54
CatalStick-RD;98;0.82;80.36
CatalStick-W;100;0.82;82
LeMansStick-BK;99;0.82;81.18
LeMansStick-RD;98;0.82;80.36
LeMansStick-W;96;0.82;78.72
SilvStick-BK;100;0.82;82
SilvStick-RD;100;0.82;82
SilvStick-W;100;0.82;82
EstoStick-BK;98;0.82;80.36
EstoStick-RD;98;0.82;80.36
EstoStick-W;96;0.82;78.72
NurbStick-W-BK;72;0.82;59.04
NurbStick-RD;84;0.82;68.88
NurbStick-W;83;0.82;68.06
VWR652002-BLK;3;1093.46461096;3280.39383288
VWR652002-RED;2;1093.46461096;2186.92922192
VWR1200R601E;71;231.405558;16429.794618
VWR1200R600E;81;211.79523832;17155.41430392
TTE855;3;2616.5216;7849.5648
TTE710;1;1928.927;1928.927
ACCLAMPHX32-50;457;0.6232;284.8024
ACCLAMPHX12-22;358;0.3772;135.0376
ACCLAMPHX10-16;301;0.246;74.046
ACCLAMPHX16-25;169;0.4756;80.3764
ACCLAMPHX23-35;157;0.5658;88.8306
ACCLAMPHX30-45;113;0.5658;63.9354
ACCLAMPHX40-60;122;0.6642;81.0324
ACCLAMPHX45-65;114;0.7052;80.3928
ACCLAMPHX50-70;140;0.7052;98.728
ACCLAMPHX60-80;98;0.738;72.324
ACCLAMPHX80-100;75;0.8446;63.345
ACCLAMPHX90-110;48;0.9922;47.6256
FMINDK28RC;3;49.62205892;148.86617676
FMINDK28RF;2;49.1677658;98.3355316
AC-S1-CH-BK;12;50.184;602.208
AC-S1-CH-RD;9;50.184;451.656
AC-VR6-CH-BK;7;52.07;364.49
AC-VR6-CH-RD;8;52.07;416.56
AC-N14-IND-BK;17;18.1876;309.1892
AC-N14-IND-RD;23;18.1876;418.3148
AC-N14-IND-BL;23;18.1876;418.3148
AC-MK7-THK-BK;51;18.45;940.95
AC-MK7-THK-BL;45;18.45;830.25
AC-MK7-THK-RD;37;18.45;682.65
SVW0621-4P-BK;3;33.62;100.86
SVW0621-4P-EB;2;33.62;67.24
SVW0621-4P-RD;2;33.62;67.24
SVW0621-4P-YE;1;33.62;33.62
SVW0622-4P-BK;4;33.62;134.48
SVW0622-4P-RD;2;33.62;67.24
SVW0622-4P-YE;2;33.62;67.24
PH/INDFO22;3;39.96833012;119.90499036
PH/INDFO22-BL;3;39.96833012;119.90499036
PH/INDFO22-RD;2;39.96833012;79.93666024
SSE0630-4P-RD;1;41.48544;41.48544
SSE0630-4P-BK;2;41.48544;82.97088
AC-500-CH-BL;11;14.391;158.301
AC-500-CH-BK;19;14.391;273.429
AC-500-CH-RD;39;14.391;561.249
AC-500-AH-BL;12;16.441;197.292
AC-500-AH-BK;22;16.441;361.702
AC-500-AH-RD;43;16.441;706.963
AC-500-THK-BL;13;10.2008;132.6104
AC-500-THK-BK;24;10.2008;244.8192
AC-500-THK-RD;44;10.2008;448.8352
371720;1;553.5902;553.5902
RIP-010-BL;7;35.69986768;249.89907376
RIP-010-RD;5;35.69986768;178.4993384
ECA1305WB;3;126.5014;379.5042
ECA1305WR;2;126.5014;253.0028
SP-888;10;9.7252;97.252
SP-999;11;9.7252;106.9772
SP-820;22;6.8224;150.0928
SP-821;68;6.8224;463.9232
SP-823;17;6.8224;115.9808
SP-822;40;6.8224;272.896
SP-824;16;6.8224;109.1584
SP-733;8;8.774;70.192
SP-734;9;8.774;78.966
SP-732;3;8.774;26.322
SP-731;24;8.774;210.576
SP-736;6;8.774;52.644
SP-738;10;8.774;87.74
SP-124;36;8.979;323.244
SP-134;2;8.979;17.958
SP-760;2;8.979;17.958
SP-756;4;8.979;35.916
SP-121;95;8.979;853.005
SP-128;4;8.979;35.916
SP-130;7;8.979;62.853
SP-102;10;10.6682;106.682
SP-998;11;10.6682;117.3502
SP-670;22;8.774;193.028
SP-671;14;8.774;122.836
SBM084;2;844.4524;1688.9048
VWR121000;3;176.58752152;529.76256456
VWR121001;1;176.58752152;176.58752152
SAU0436-4P-BK;2;33.62656;67.25312
SAU0436-4P-EB;2;33.6282;67.2564
SAU0436-4P-RD;3;33.62656;100.87968
SAU0436-4P-YE;1;33.62656;33.62656
MMRAD-350Z-03;18;141.8846;2553.9228
MMRAD-350Z-03X;1;183.3602;183.3602
MMAI-CTR-17UBK;2;161.007;322.014
MMAI-CTR-17URD;2;161.007;322.014
ARMGOLF8G-B;4;306.0486;1224.1944
ARMGOLF8G-A;2;199.26;398.52
SAUS091;1;501.4054;501.4054
SAUS090;1;756.901;756.901
AC-MK7-DI.A;5;6.642;33.21
AC-MK7-DI.B;33;6.642;219.186
8E0971824S-BL;323;4.1;1324.3
8E0971824S-RD;850;4.1;3485
EUPD4004901R;2;415.5104;831.0208
EUPD4004902R;1;415.5104;415.5104
AC-WS-BM-10-BT;9;10.2664;92.3976
AC-WS-BM-12-BT;69;11.1356;768.3564
AC-WS-BM-15-BT;67;12.2836;823.0012
AC-WS-BM-10;7;5.1332;35.9324
AC-WS-BM-12;16;5.5678;89.0848
AC-WS-BM-15;19;6.1418;116.6942
RBF600;64;6.1254;392.0256
RBF660;14;7.2816;101.9424
RBF700;21;8.692;182.532
15w50-2;25;17.5644;439.11
F2433P+F2434P;1;445.588;445.588
F2430P+F2431P;1;445.588;445.588
SVW059;1;219.186;219.186
107920;9;9.6596;86.9364
111049;9;2.2058;19.8522
D650-0010;155;17.1708;2661.474
034-108-6007;3;68.1174;204.3522
TFSI3xx-bl;100;0.82;82
VWR12G6GTFO;4;55.57519168;222.30076672
10w60-2;6;15.498;92.988
10w60-5;21;42.6728;896.1288
ATIKFO31;1;303.06083324;303.06083324
BF30500;4;6.56;26.24
BF20500;75;2.911;218.325
E10-20-030-02-22;4;97.744;390.976
E10-20-030-03-22;2;97.744;195.488
VWR12P2GTG;3;316.94516672;950.83550016
VWR12P2GTM;8;316.94516672;2535.56133376
FMTIA6-BLUE;2;96.1587104;192.3174208
FMTIA6-RED;3;96.1587104;288.4761312
FMTIA6-BLACK;1;96.1587104;96.1587104
VWR121003;2;176.58752152;353.17504304
BF410LV;41;0.0296308148;1.2148634068
RF328;24;0.0585509274;1.4052222576
SSTS016;1;603.7332;603.7332
SSTS015;1;852.3326;852.3326
L3P3TA90;3;170.7896;512.3688
LAP3TA90;3;142.2044;426.6132
L3P3SFR2;1;170.7896;170.7896
AC-MK3ST-SC-BK;1;51.66;51.66
AC-MK3ST-SC-BL;4;51.66;206.64
AC-MK3ST-SC-RD;4;51.66;206.64
FMINLH21-BLUE;4;38.45401972;153.81607888
FMINLH21-RED;1;38.45401972;38.45401972
FMINLH21-BLACK;1;38.45401972;38.45401972
S90-4-15-009;6;61.008;366.048
S90-4-20-013;7;65.6;459.2
S90-4-25-029;3;68.552;205.656
S90-4-30-016;2;74.784;149.568
S90-4-20-010;4;65.6;262.4
S90-4-25-008;3;63.632;190.896
S90-4-30-003;2;69.208;138.416
S90-4-15-007;3;59.04;177.12
SVWS071CF;1;312.051;312.051
SVWS071;3;273.2076;819.6228
SVWS072;2;292.0184;584.0368
S90-2-10-004-B-BT;9;55.76;501.84
S90-2-12-002-B-BT;7;58.712;410.984
S90-2-15-001-B-BT;5;61.992;309.96
S90-2-10-004-B;2;43.952;87.904
S90-2-12-002-B;3;46.904;140.712
S90-2-15-001-B;4;50.184;200.736
S90-2-12-019-BT;2;47.1008;94.2016
S90-2-12-019;2;46.904;93.808
S90-2-15-004;2;41.328;82.656
S90-2-15-020-BT;4;46.576;186.304
S90-7-20-012-BT;4;62.976;251.904
S90-2-10-021-BT;4;43.952;175.808
S90-2-15-020;1;48.544;48.544
S90-2-10-038-B-BT;1;55.76;55.76
S90-2-12-023-B-BT;10;58.712;587.12
S90-2-15-055-B-BT;5;61.992;309.96
S90-2-10-038-B;2;43.952;87.904
S90-2-12-023-B;7;46.904;328.328
S90-2-15-055-B;7;50.184;351.288
CTS-TR-1010-71;1;1295.1818;1295.1818
CTS-TR-1010-76;3;1391.1218;4173.3654
SBM090CF;1;898.884;898.884
SHYP106;2;124.312;248.624
SHYP107;2;72.324;144.648
SHY105;2;435.6332;871.2664
SHY106;3;320.5872;961.7616
SFDS105;1;330.2386;330.2386
SFDS106;1;228.9891;228.9891
SBM088;1;491.7622;491.7622
SME0950-4P-BK;1;28.1998;28.1998
EVE-AMGGT-CF-INT;2;1170.96;2341.92
EVE-AMGGT-CFM-INT;1;1170.96;1170.96
FMINLH20-BLACK;2;45.86467624;91.72935248
FMINLH20-RED;2;45.86467624;91.72935248
FMINLH20-BLUE;3;45.86467624;137.59402872
SAU0437-4P-RD;1;41.48544;41.48544
SAU0437-4P-BK;2;41.48544;82.97088
TTE560-NW;1;1740.573;1740.573
VWR650000-BLU;5;2073.72505508;10368.6252754
S90-7-20-044-B;6;72.488;434.928
S90-7-25-052-B;4;67.24;268.96
FMTIA9-BLACK;1;133.211993;133.211993
FMTIA9-RED;2;133.211993;266.423986
FMTIA9-BLUE;3;133.211993;399.635979
SDN125B-C;5;0.4019840982;2.009920491
SDN125R-C;3;0.4019840982;1.2059522946
SDN125Y-C;3;0.4019840982;1.2059522946
SDN150B-C;5;0.4019840982;2.009920491
SDN150R-C;2;0.4019840982;0.8039681964
SDN150Y-C;2;0.4019840982;0.8039681964
ECA1576WB;3;116.2104;348.6312
ECA1578WB;4;127.9528;511.8112
SES1128ICPWB;3;148.0674;444.2022
SES1128ICPWR;4;148.0674;592.2696
SP3078WR;5;123.4838;617.419
4B1630H-25;1;19.9916;19.9916
4B1630H-STD;1;19.9916;19.9916
5M8174H-STD;8;40.2784;322.2272
5M5563H-STD;8;48.6506;389.2048
4B1609H-25;4;23.0092;92.0368
4B1609H-STD;23;23.0092;529.2116
6B1584H-STD;31;69.741;2161.971
5M7788H-25;1;53.669;53.669
5M7788H-STD;2;53.669;107.338
4B2960H-STD;1;28.7164;28.7164
5B5562H-STD;5;38.0562;190.281
4B5562H-25;1;33.2756;33.2756
4B5562H-STD;8;33.2756;266.2048
5B7880H-25;1;28.0604;28.0604
5B7880H-STD;8;28.0604;224.4832
1300.34.14.14.5;1;637.3532;637.3532
"1050.34.14.14.5	";1;379.701;379.701
CTS-HW-0484-BK;2;313.6418;627.2836
CTS-HW-0484;2;313.6418;627.2836
FMGK2-RED-RED6;1;43.81089276;43.81089276
FMGK2-POLISHED-POLISHED6;1;43.81089276;43.81089276
FMGK2-BLACK-BLACK6;1;43.81089276;43.81089276
PH/AUXYGR1;2;71.70259744;143.40519488
PH/AUXYGR1-RD;2;71.70259744;143.40519488
PH/COLGR1-RD;2;53.10497284;106.20994568
PH/COLGR1;3;53.10497284;159.31491852
5M1959H-STD;2;32.2342;64.4684
SSU0700-4P-EB;1;33.1198;33.1198
SSU0700-4P-RD;2;33.1198;66.2396
SSU0700-4P-BK;2;33.1198;66.2396
7M1397H-25;1;83.3612;83.3612
7M1397H-STD;6;83.3612;500.1672
6B1510H-STD;2;70.0444;140.0888
5M5585H-STD;10;47.2074;472.074
4M2633H-STD;2;28.6098;57.2196
L3P3VGT8;2;170.7896;341.5792
LAP3VGT8;3;127.9856;383.9568
L3P3VGR8;6;170.7896;1024.7376
LAP3VGR8;4;127.9856;511.9424
L3P3BG42;3;166.5092;499.5276
LAP3BG42;3;123.7052;371.1156
CTS-EA888.1-BOSS600;2;1498.1318;2996.2636
SPR1000-4P-RD;1;33.62;33.62
SPR1000-4P-BK;2;33.62;67.24
SAU0705-4P-RD;1;41.48544;41.48544
SAU0705-4P-BK;1;41.48544;41.48544
SAU0650-6P-RD;1;50.28568;50.28568
SAU0650-6P-BK;1;50.28568;50.28568
WKE365M79;3;307.008;921.024
WKE365M795;1;307.008;307.008
SK-D13;2;11.89;23.78
4B1972H-STD;2;17.466;34.932
4B8171H-STD;4;27.634;110.536
8B1578H-25;1;89.9458;89.9458
8B1578H-STD;5;89.9458;449.729
8B1580H-STD;3;85.403;256.209
7M1532H-STD;2;70.069;140.138
5M1633H-25;1;51.3156;51.3156
5M1633H-STD;2;51.3156;102.6312
6B2640H-25;1;33.5462;33.5462
6B2640H-STD;1;33.5462;33.5462
4B1355H-STD;2;25.2314;50.4628
VWR1210R600EG;12;328.33088804;3939.97065648
VWR1210R600EM;4;342.16789932;1368.67159728
VWR1210R601EG;4;360.89802608;1443.59210432
VWR1210R601EM;1;377.12007624;377.12007624
VWR800003;9;5.09186872;45.82681848
VWR800002;3;5.09186872;15.27560616
SP3000WR;4;171.4046;685.6184
SP3000WB;7;171.4046;1199.8322
15009-AK004;7;14.2913044;100.0391308
15009-AK005;7;14.2913044;100.0391308
SME0465-4P-BK;2;41.48544;82.97088
SME0465-4P-RD;2;41.48544;82.97088
16U-02-0450-4;1;158.9652;158.9652
16U-02-0700-4;1;172.2082;172.2082
2203-RN010;1;142.85625736;142.85625736
2203-RN009;1;142.85625736;142.85625736
41003-RM006;2;6.9563634;13.9127268
41003-RF002;1;9.14264904;9.14264904
4103-RN001;7;6.9563634;48.6945438
41003-AF006;1;9.14264904;9.14264904
41003-RN002;5;6.9563634;34.781817
41003-AF007;1;23.6137778;23.6137778
17mx-12-0850-3;2;167.4112;334.8224
17mx-12-1100-3;1;177.0134;177.0134
AC-CEL-FIX-S;48;11.439;549.072
AC-B9S-DPHS;16;136.53;2184.48
SAUS107CF;1;606.7918;606.7918
4B8351H-STD;1;19.9506;19.9506
4B8172H-STD;4;29.8234;119.2936
4B1146H-STD;1;20.2294;20.2294
4B8310H-STD;2;21.156;42.312
10B1580H-STD;2;102.0408;204.0816
6B1515H-STD;2;64.3618;128.7236
4B1236HX-STD;1;22.2958;22.2958
5M1913H-STD;1;28.1588;28.1588
5M1237H-STD;2;40.5654;81.1308
5M1144H-STD;1;51.66205;51.66205
5M2964H-STD;2;33.9972;67.9944
VWR150003;8;52.2437088;417.9496704
52008-AK002;10;35.26450344;352.6450344
52008-AK003;14;31.34622528;438.84715392
22002-AM012;1;140.62264952;140.62264952
22002-AM011;1;140.62264952;140.62264952
FMTIA11-BLACK;4;141.48391356;565.93565424
FMTIA11-RED;2;141.48391356;282.96782712
FMKT033-BLACK;1;126.26509404;126.26509404
FMKT033-RED;2;126.26509404;252.53018808
W93452;4;63.34549692;253.38198768
W93453;3;63.34549692;190.03649076
MS100201;2;439.0854;878.1708
MS100205;1;450.467;450.467
MMHOSE-500T-12BK;2;143.6968;287.3936
AC-N55-DPHS;23;77.49;1782.27
AC-N55-DP;4;55.35;221.4
4M8533H-25;1;48.544;48.544
4M8533H-STD;4;48.544;194.176
3B8532H-25;1;32.4146;32.4146
3B8532H-STD;2;32.4146;64.8292
TTE600-N54-1x;1;1892.9946;1892.9946
TTE600-N54-3x;1;1892.9946;1892.9946
SBW0271-4P-RD;2;41.4838;82.9676
SBW0271-4P-EB;2;41.4838;82.9676
SBW0271-4P-Y;1;41.4838;41.4838
SBW0271-4P-BK;10;41.4838;414.838
SBW0351-4P-RD;2;33.1198;66.2396
SBW0351-4P-BK;2;33.1198;66.2396
SBW0270-4P-EB;2;41.4838;82.9676
SBW0270-4P-BK;2;41.4838;82.9676
VWR640015;13;48.96901256;636.59716328
VWR640020;10;55.49947616;554.9947616
VWR640012;11;45.70378076;502.74158836
VWR640017;10;52.63175084;526.3175084
VWR640115;2;49.1677658;98.3355316
VWR640120;6;55.89698264;335.38189584
VWR640112;9;46.29057604;416.61518436
VWR640117;13;52.63175084;684.21276092
52003-AK002;6;22.2887562;133.7325372
52003-AK003;13;17.68903836;229.95749868
52001-AK124;12;18.04868708;216.58424496
52001-AK125;6;61.54725332;369.28351992
52001-AK133;4;61.54725332;246.18901328
52001-AK132;10;18.04868708;180.4868708
52001-AK126;12;18.04868708;216.58424496
52001-AK127;6;61.54725332;369.28351992
SP-187;11;8.979;98.769
SP-183;18;8.979;161.622
SP-181;11;8.979;98.769
SP-193;5;8.979;44.895
SP-189;20;8.979;179.58
S90-4-20-024;4;62.648;250.592
AC-W205-DPHS;8;162.36;1298.88
AC-W205-DP;17;132.84;2258.28
AC-G8X-DPHS;12;158.67;1904.04
VWR90000;80;22.84715816;1827.7726528
VWR900001;224;22.84715816;5117.76342784
VWR900002;80;22.84715816;1827.7726528
FMBH7-BLACK;2;32.04659384;64.09318768
FMBH7-PERFORMANCEBLUE;2;32.04659384;64.09318768
FMBH7-RED;2;32.04659384;64.09318768
SBMS094;2;495.7884;991.5768
4B1293H-STD;1;32.5376;32.5376
5M1295H-STD;1;50.512;50.512
AC-MK7R-DPHS;20;118.08;2361.6
AC-MK7R-DP;51;88.56;4516.56
825943;3;160.0968;480.2904
825945;2;160.0968;320.1936
82594;7;160.0968;1120.6776
SMBS003;1;551.9543;551.9543
SMB003;1;614.0734;614.0734
AC-B9RS-DPHS;6;173.43;1040.58
AC-C7RS-DPHS;22;136.53;3003.66
AC-C7RS-DP;8;107.01;856.08
AC-A90-DPHS;10;88.56;885.6
AC-B58.2-DP;8;62.73;501.84
AC-B58.2-DPHS;9;88.56;797.04
AC-MK7-DPHS;9;88.56;797.04
AC-MK7-DP;64;59.04;3778.56
AC-8V5RS-DPHS;15;184.5;2767.5
MS100197;11;5.1414;56.5554
MS100179;10;5.1414;51.414
MS100178;5;5.1414;25.707
D757-0009;5;3.69;18.45
D757-0008;5;3.69;18.45
D757-0007;4;3.69;14.76
FMINLH25-BLACK;1;39.17331716;39.17331716
FMINLH25-RED;1;39.17331716;39.17331716
1050.60.11.D.4;1;281.916;281.916
1050.34.14.14.4;2;284.2366;568.4732
1300.48.14.14B.4;1;488.187;488.187
1050.48.14.14B.4;1;281.916;281.916
D660-0098-BLK;2;1033.1754;2066.3508
D660-0098;1;1033.1754;1033.1754
D660-0100-BLK;2;1180.7918;2361.5836
CI100052-A;6;51.6354;309.8124
CI100052-B;3;185.4348;556.3044
HX-N-00;6;743.535;4461.21
HK-FR-00;5;59.9666;299.833
HF-FR-00;1;59.9666;59.9666
HB-FR-00;2;59.9666;119.9332
WK651M86;1;293.9536;293.9536
WK651M865;1;293.9536;293.9536
L3P3F15B;2;166.5092;333.0184
LAP3F15B;1;123.7052;123.7052
SAUS112;1;642.593;642.593
SAUS097;1;584.2418;584.2418
SVWS053;1;378.3644;378.3644
SBW1180-4C-RD;1;51.8568;51.8568
SBW1180-4C-BK;2;51.8568;103.7136
SBW1180-4C-EB;1;51.8568;51.8568
CTS-FPK-004-450;15;191.1338;2867.007
CTS-FPK-004-525;9;229.518;2065.662
9-201-1019;3;44.2472;132.7416
9-201s-1005;3;44.2472;132.7416
9-301s-1005;2;68.6012;137.2024
9-421s-1005;2;80.7782;161.5564
9-201-0848;3;44.2472;132.7416
9-201-0791;4;44.2472;176.9888
9-301-0791;5;68.6012;343.006
9-421-0791;1;76.7192;76.7192
9-201-0847;5;44.2472;221.236
9-421-0847;5;76.7192;383.596
9-201-0836;5;44.2472;221.236
52001-AK061;10;9.89980424;98.9980424
9-301-0766;2;68.6012;137.2024
9-421-0766;1;76.7192;76.7192
9-201-0766;4;44.2472;176.9888
9-201-1031;9;44.2472;398.2248
9-301-1031;3;68.6012;205.8036
9-421-1031;2;80.7782;161.5564
9-201-1020;2;44.2472;88.4944
9-301-1020;2;68.6012;137.2024
9-421-1020;1;76.7192;76.7192
9-201-1000;13;44.2472;575.2136
9-301-1000;8;68.6012;548.8096
9-421-1000;7;76.7192;537.0344
9-201-1024;4;44.2472;176.9888
9-301-1024;2;68.6012;137.2024
9-421-1024;2;76.7192;153.4384
9-652-1008;8;64.534;516.272
9-309-1008;15;76.7192;1150.788
9-651-1026;3;64.534;193.602
9-307-1026;3;76.7192;230.1576
9-651-1017;9;64.534;580.806
9-307-1017;7;76.7192;537.0344
9-652-1000;9;64.534;580.806
9-309-1000;6;76.7192;460.3152
9-652-1006;7;64.534;451.738
S90-2-10-013-BT;4;54.5792;218.3168
S90-2-15-008-BT;4;60.4832;241.9328
S90-2-20-021-BT;4;64.0912;256.3648
S90-2-10-013;2;40.672;81.344
S90-2-15-008;2;46.576;93.152
S90-2-20-021;2;50.184;100.368
9-651-1009;4;64.534;258.136
9-355-1025;7;101.065;707.455
9-655-1025;24;80.7782;1938.6768
9-354-1025;12;101.065;1212.78
9-654-1025;57;80.7782;4604.3574
9-651-1010;5;64.534;322.67
9-307-1010;7;76.7192;537.0344
20FO33019X-RD;1;643.2162;643.2162
"70 OP 11";1;273.8882;273.8882
"60 OP 11";2;205.0902;410.1804
"70 VS 13";1;273.8882;273.8882
"70 ME 01";1;293.4534;293.4534
"70 AV 13";3;273.8882;821.6646
"60 AV 13";3;182.45;547.35
"70 VS 12";2;250.8052;501.6104
"60 VS 12";1;195.4798;195.4798
"60 VS 18";1;244.4584;244.4584
PARTS240BL-E;28;0.1000996714;2.8027907992
PARTS240SI-E;12;0.1000996714;1.2011960568
D650-0002;6;16.5066;99.0396
MMHE-G80-21AT;2;270.6;541.2
MMHE-G80-21MT;3;289.706;869.118
GSMD0-8USS2;1;303.646;303.646
GSMD0-9USS2;2;343.252;686.504
VSH64-A1DS2;1;241.08;241.08
VSS28-A1DS2;2;324.72;649.44
VSM56-A1DS2;1;241.08;241.08
VSM56-B1DS2;2;300.12;600.24
VSK04-A1DS2;1;186.714;186.714
GSM74-91SS2;2;390.32;780.64
GSM74-81SS2;1;350.14;350.14
SHYP103;5;94.5624;472.812
SHYP104;4;94.5624;378.2496
GSM64-9USS2;3;378.84;1136.52
GSM64-8USS2;2;338.66;677.32
GSA22-9USS2;3;363.055;1089.165
GSA22-8USS2;1;316.848;316.848
GSH98-9USS2;2;390.32;780.64
GSH98-8USS2;1;350.14;350.14
GSS54-91SS2;1;424.35;424.35
GSS54-81SS2;1;381.915;381.915
GSR52-91SS2;1;369.656;369.656
GSR52-8USS2;1;323.449;323.449
PM100332;1;8.5034;8.5034
PM100333;6;8.5034;51.0204
GSP26-8UAS2;2;378.84;757.68
VSP24-C1AA3;2;481.873;963.746
VSS78-C1SA4;2;556.78;1113.56
GSS84-8USS2;1;373.1;373.1
VSP92-C1AA3;2;481.873;963.746
GSP92-8UAS2;3;330.05;990.15
GSGC0-8UAS2;1;476.42;476.42
VSN20-C1SA4;2;556.78;1113.56
GSP04-8USS2;3;373.1;1119.3
VSK82-C1SA4;1;468.671;468.671
GSP06-8USS2;2;323.449;646.898
VSAEA-C1SA4;2;596.96;1193.92
VSAEA-K1LS4;2;1205.4;2410.8
VSTN0-C1AA3;2;580.888;1161.776
VSTN0-K1NS4;2;1320.2;2640.4
VSR84-C1SA4;2;556.78;1113.56
VSR52-K1LS4;1;1056.16;1056.16
VSMC6-K1LS3;1;998.76;998.76
VSMD0-CUSA3;3;528.08;1584.24
VSTD8-C1SA4;4;562.52;2250.08
VSTD8-K1LS1;2;1205.4;2410.8
SSUS010;1;306.803;306.803
SBM097D;1;542.184;542.184
5M8312H-STD;2;46.1906;92.3812
4B7787H-STD;3;42.9106;128.7318
MMAI-CTR-17RRD;1;297.2541;297.2541
L3P3A8YX;2;170.7896;341.5792
LAP3A8YX;2;127.9856;255.9712
FMKCREN197-BLU;1;162.56122144;162.56122144
FMKCREN197-BLA;2;162.56122144;325.12244288
FMKCREN197-RED;1;162.56122144;162.56122144
SAUS079CF;1;778.1308;778.1308
22002-AN-023;1;133.33503072;133.33503072
22002-AN-024;1;133.33503072;133.33503072
23001-AT002;1;121.9019872;121.9019872
23001-AT003;2;133.33503072;266.67006144
23002-AT001;1;194.27655988;194.27655988
2301-RN039;1;110.46894368;110.46894368
23001-AN001;1;121.9019872;121.9019872
23001-AM007;2;121.9019872;243.8039744
51007-AK501;2;36.33398516;72.66797032
51007-AK512;2;36.33398516;72.66797032
23001-AM005;1;133.33503072;133.33503072
TTE300THP-NW;1;975.8;975.8
SSZ0205-6P-RD;2;50.28568;100.57136
SSZ0205-6P-EB;2;50.28568;100.57136
SSZ0205-6P-BK;4;50.28568;201.14272
FMKT035-RED;1;116.56404304;116.56404304
FMKT035-BLA;2;116.56404304;233.12808608
FMINDK32-BLU-BLA;2;195.90444356;391.80888712
FMINDK32-RED-BLA;2;195.90444356;391.80888712
FMBH4-RED;1;11.48983016;11.48983016
FMBH4-BLU;1;11.48983016;11.48983016
FMKC022-BLU;2;47.86167308;95.72334616
FMKC022-BLA;1;47.86167308;47.86167308
FMKT026-RED;1;108.91677552;108.91677552
FMKT026-BLU;2;108.91677552;217.83355104
FMKT035-BLU;1;116.56404304;116.56404304
FMKC022-RED;2;47.86167308;95.72334616
SHD0398-4C-RD;2;60.9752;121.9504
SHD0398-4C-BK;1;60.9752;60.9752
20SU33002-RD;1;602.126;602.126
SHY0800-4P-EB;1;41.48544;41.48544
SHY0800-4P-RD;3;41.48544;124.45632
SHY0800-4P-BK;8;41.48544;331.88352
SHY0900-4P-EB;2;41.4838;82.9676
SHY0900-4P-RD;1;41.4838;41.4838
SHY0900-4P-BK;9;41.4838;373.3542
SME0461-4C-RD;2;60.9752;121.9504
SME0461-4C-BK;2;60.9752;121.9504
S90-4-15-014-B;4;59.04;236.16
S90-2-15-017-B-BT;3;61.992;185.976
S90-2-12-004-B-BT;3;58.712;176.136
S90-2-10-002-B-BT;3;55.76;167.28
VSH64-K1LS3;1;858.13;858.13
VSH64-C1SA3;1;528.08;528.08
GSUB8-61AS2;1;929.88;929.88
VSUB8-C1AA2;2;585.48;1170.96
VSSB0-K1LS1;1;1056.16;1056.16
VSSB2-C1SA4;2;468.671;937.342
51007-AK553;28;1.62788368;45.58074304
51007-AK551;4;1.62788368;6.51153472
51007-AK552;4;1.62788368;6.51153472
KCF-4;31;1.62788368;50.46439408
500-A025;7;0.284007533;1.988052731
500-A027;6;0.284007533;1.704045198
500-A021;3;0.1857119518;0.5571358554
500-A022;5;0.1857119518;0.928559759
500-A023;5;0.1857119518;0.928559759
L3P3HC11;3;170.7896;512.3688
LAP3HC11;2;127.9856;255.9712
VSE18-K1LS4;1;1205.4;1205.4
VSE18-C1SA4;1;556.78;556.78
U3P3DIY1;1;170.7896;170.7896
UAP3DIY1;1;127.9856;127.9856
SAUS115;1;876.9818;876.9818
SAUS087CF;1;1104.6384;1104.6384
SAUS087;2;753.5062;1507.0124
SBM098CF;1;907.5596;907.5596
52001-AK154;9;57.3071842;515.7646578
6-02-0362-B;3;2.4354;7.3062
6-02-0361-B;4;3.157;12.628
6-02-0864-3;9;14.063;126.567
6-02-0865-3;10;16.5394;165.394
6-02-0866-3;10;19.2782;192.782
FMAS049-BLU;19;8.52746044;162.02174836
FMAS049-RED;6;8.52746044;51.16476264
SMB005;1;584.8322;584.8322
74040210001OR;4;0.0458676266;0.1834705064
74040210001BL;8;0.0458676266;0.3669410128
74040210001RD;15;0.0458676266;0.688014399
74040210001WH;8;0.0458676266;0.3669410128
74040210001YL;15;0.0458676266;0.688014399
AU8XS-QS11C;2;47.97;95.94
ASMSHIRTS-Z;4;4.1;16.4
ASMSHIRTM-Z;3;4.1;12.3
ASMSHIRTL-Z;1;4.1;4.1
ASMSHIRTXL-Z;7;4.1;28.7
ASMSHIRTXXL-Z;2;4.1;8.2
MMWS-001-250BK;1;64.042;64.042
AU8XS-DD;1;324.72;324.72
MS100142;1;41.3034;41.3034
MS100141;3;41.3034;123.9102
5M1573H-25;1;82.697;82.697
5M1573H-STD;3;82.697;248.091
7M1512H-25;1;85.0504;85.0504
7M1512H-STD;1;85.0504;85.0504
SP1140WB;2;144.9186;289.8372
SP1140WR;1;144.9186;144.9186
SLM0300-4P-RD;1;33.62;33.62
F6044-F6045;1;176.2918;176.2918
F6048-F6049;1;176.2918;176.2918
" FDF3R-DD";1;159.08;159.08
HCRF8-DD1;4;254.61;1018.44
NI35S-DD;1;324.72;324.72
TOGRZ-6DD;1;217.71;217.71
B58B30-DD;1;254.2;254.2
BMF8M-DD;2;435.42;870.84
BMG87-DD;1;546.12;546.12
BN55B30-ADD;2;228.78;457.56
AUC8R-DD;1;435.42;435.42
MMICP-MK8-22P;2;160.5478;321.0956
MMICP-MK8-22WBK;5;160.5478;802.739
AWVSR-DD;3;291.51;874.53
AWVSR-CD;1;476.01;476.01
AWVSR-6DD;2;365.31;730.62
AU8VR-BDD;1;328.41;328.41
AUF3R-DD;1;656.82;656.82
AU94S-DD;1;391.14;391.14
NIZ37-DS13C;1;988.92;988.92
TOS3E6-DC33;1;1099.62;1099.62
OFW-BK;2;0.1223501172;0.2447002344
OFW-RD;3;0.1223501172;0.3670503516
OFW-MS;3;0.1223501172;0.3670503516
WKE359M775;1;360.5294;360.5294
WKE359M77;2;360.5294;721.0588
" TOGRZ-DS38C";1;952.02;952.02
NI35S-QS12C;1;1284.12;1284.12
HCRL5-3C3833;1;1228.77;1228.77
HCRL5-3S3833C;1;1062.72;1062.72
VWG8R-QS38C;1;988.92;988.92
FDF3R-DS29C;1;583.02;583.02
7414000012005;1;0.6753857676;0.6753857676
7414000012006;3;0.6753857676;2.0261573028
7414000012008;3;0.6753857676;2.0261573028
7414000012000;2;0.6753857676;1.3507715352
7414000012001;3;0.6753857676;2.0261573028
7414000012003;1;0.6753857676;0.6753857676
74150000401BK;2;0.015307432;0.030614864
74150000401BL;5;0.015307432;0.07653716
74150000401GM;5;0.015307432;0.07653716
74150000401RD;5;0.015307432;0.07653716
74020001011BL;2;0.5862199762;1.1724399524
74020001012RD;3;0.5862199762;1.7586599286
74020001002BL;3;0.5862199762;1.7586599286
74020001003RD;3;0.5862199762;1.7586599286
74020001016BL;2;0.5862199762;1.1724399524
74020001017RD;5;0.5862199762;2.931099881
74020001010BK;2;0.5862199762;1.1724399524
BMF87C-QC38;1;1579.32;1579.32
BMF87-QS38C;1;1247.22;1247.22
BMF8M-QS11C;1;1616.22;1616.22
BMF2B-DS11C;1;1062.72;1062.72
BMF43-DS38C;1;1099.62;1099.62
AU94S-QS14C;1;1468.62;1468.62
AU8VR-4S39M;1;1210.32;1210.32
AUVS4-QS11C;1;915.12;915.12
AUVS5-QS11C;1;915.12;915.12
AU8VR-DF+AU8VR-DS39C;1;1321.02;1321.02
TNW-02-5H;2;1.1774695372;2.3549390744
RNW-02-5H;7;0.2803446832;1.9624127824
VWR650001-BLK;1;1992.22676224;1992.22676224
VWR650001-RED;1;1992.22676224;1992.22676224
6-02-0006-V3;4;12.1688;48.6752
6-02-0008-V3;5;14.2024;71.012
6-02-0010-V3;5;16.2278;81.139
9-422-7080;1;425.7932;425.7932
9-423-7080;1;486.6782;486.6782
SAUS124CF;1;865.4854;865.4854
VWR630300;3;21.75874756;65.27624268
VWR630301;7;21.75874756;152.31123292
AC-R53-IND-RD;1;11.07;11.07
AC-180S-DVH-BL;30;4.5756;137.268
AC-180S-DVH-RD;34;4.5756;155.5704
MMWS-009-200BK;5;59.245;296.225
MMWS-009-150BK;10;50.963;509.63
MMRT-BRZ-13P;2;90.2;180.4
MMRT-BRZ-13BK;3;90.2;270.6
MMTH-F80-15BL;5;66.9284;334.642
MMTH-F80-15RD;6;66.9284;401.5704
MMWS-013-100BK;4;42.6236;170.4944
23002-AT003;6;140.62264952;843.73589712
52002-AK003;4;199.1791398;796.7165592
52002-AK004;4;145.29808288;581.19233152
SBMS107;1;498.4042;498.4042
SAUS114C;1;483.3654;483.3654
asmjacles-M;10;13.12;131.2
asmjacles-L;9;13.12;118.08
asmjacles-XL;10;13.12;131.2
asmjacles-XXL;10;13.12;131.2
asmjacles-S;10;13.12;131.2
EVE-S58-CF-STR;2;959.4;1918.8
EVE-S58-CFM-STR;2;959.4;1918.8
6M5587H-25;1;61.295;61.295
6M5587H-STD;4;61.295;245.18
4B1510H-25;1;47.8634;47.8634
4B1510H-STD;1;47.8634;47.8634
384914;6;322.4896;1934.9376
27002-AN104;2;1284.324508;2568.649016
27002-AN105;1;1469.35431;1469.35431
SMNX010;1;357.9956;357.9956
FMBH9-BLA;1;19.58192636;19.58192636
FMBH9-BLU;2;19.58192636;39.16385272
FMBH9-RED;3;19.58192636;58.74577908
FMBH9-YEL;2;19.58192636;39.16385272
GSM56-81SS2;2;471.992;943.984
VSM58-C1SA3;1;451;451
GSM56-91SA2;1;390.32;390.32
EVE-G8XM-CF-ENG;8;442.8;3542.4
AC-45-DPHS;2;118.08;236.16
AC-45-DP;35;88.56;3099.6
AC-B58-DPHS;15;77.49;1162.35
AC-B58-DP;10;55.35;553.5
AC-S55-DPHS;20;125.46;2509.2
AC-S55-DP;7;88.56;619.92
AC-F97-DP;14;129.15;1808.1
"60 MA 01";1;205.0902;205.0902
70MA02;1;275.52;275.52
60MA02;2;205.0902;410.1804
"60 AV 04";1;182.4459;182.4459
"EVE-G9X-CFM-INT ";3;1121.76;3365.28
MMHOSE-EVO-10-BL;1;72.611;72.611
MMHOSE-EVO-10-RD;1;72.611;72.611
AC-MK8R-DPHS;20;125.46;2509.2
AC-MK8R-DP;41;99.63;4084.83
AC-MK8-DPHS;18;95.94;1726.92
AC-MK8-DP;34;59.04;2007.36
VOUCHER50;99;41;4059
VOUCHER100;91;82;7462
SLM0250-4P-BK;2;41.48544;82.97088
FMINLR60-RED;1;82.4352724;82.4352724
AC-G9x-DP;1;173.43;173.43
092100171110;3;132.84;398.52
092100171140;2;132.84;265.68
092100171100;2;132.84;265.68
000965202BLK;2;98.4;196.8
000965202CHR;3;98.4;295.2
092.100.700.002;2;212.38;424.76
092.100.700.001;2;212.38;424.76
092.310.510.009M;1;688.39;688.39
EVE-G9X-CF-CHG;2;341.94;683.88
EVE-G9X-CFM-CHG;2;341.94;683.88
EVE-G87M2-CF-SC;1;305.04;305.04
EVE-G87M2-CFM-SC;3;305.04;915.12
R-AUD-009-I-5;1;302.17;302.17
R-AUD-010-I-5;5;302.17;1510.85
814-N101;4;0.524279546;2.097118184
814-N401;2;0.8519679296;1.7039358592
814-N403;2;0.830154839;1.660309678
61000591000MM;4;0.165648282;0.662593128
61000591000BK;4;0.165648282;0.662593128
61025000013BK;44;0.063689851;2.802353444
61025000008BK;12;0.063689851;0.764278212
61000591000BR;4;0.165648282;0.662593128
61000502000MB;4;0.165648282;0.662593128
61000591001MM;4;0.165648282;0.662593128
61000531037BA;20;0.165648282;3.31296564
;;;3168358.8307981
